ts_open,o,h,l,c,v,ts_close
1695043800.0,176.479996,178.979996,176.169998,177.021896,22986329.000000,1695047400.0
1695047400.0,177.031906,177.839996,176.440002,177.809998,7649414.000000,1695051000.0
1695051000.0,177.800003,178.649994,177.744995,178.544998,5913851.000000,1695054600.0
1695054600.0,178.544998,179.210007,178.544998,179.115005,6522049.000000,1695058200.0
1695058200.0,179.119995,179.380005,178.869995,178.960007,4692584.000000,1695061800.0
1695061800.0,178.964996,179.070007,178.270004,178.419098,5151407.000000,1695065400.0
1695065400.0,178.414993,178.414993,177.774994,177.979996,6221950.000000,1695069000.0
1695130200.0,177.520004,178.669998,177.130005,177.759995,13717340.000000,1695133800.0
1695133800.0,177.770004,177.770004,177.149994,177.585007,4986178.000000,1695137400.0
1695137400.0,177.580002,178.199997,177.500000,178.134995,4831585.000000,1695141000.0
1695141000.0,178.139999,178.580002,177.779999,178.580002,4485361.000000,1695144600.0
1695144600.0,178.580002,179.389999,178.570007,179.134995,5953775.000000,1695148200.0
1695148200.0,179.130005,179.630005,178.740005,179.104996,5357277.000000,1695151800.0
1695151800.0,179.100006,179.440002,178.929993,179.089996,4759565.000000,1695155400.0
1695216600.0,179.259995,179.695007,177.259995,177.580002,11888750.000000,1695220200.0
1695220200.0,177.589996,178.020004,176.860001,176.985001,6443832.000000,1695223800.0
1695223800.0,176.985001,177.639999,176.945007,177.639999,3895126.000000,1695227400.0
1695227400.0,177.649994,177.759995,177.309998,177.500000,2860366.000000,1695231000.0
1695231000.0,177.500000,177.795105,176.580002,177.169998,7442547.000000,1695234600.0
1695234600.0,177.169998,177.779999,176.339996,176.759995,7722325.000000,1695238200.0
1695238200.0,176.770004,176.830002,175.399994,175.490005,8164723.000000,1695241800.0
1695303000.0,175.169998,176.059998,174.589996,175.395203,16014441.000000,1695306600.0
1695306600.0,175.394699,176.300003,174.820007,174.919998,6964271.000000,1695310200.0
1695310200.0,174.919998,175.699997,174.830002,175.115005,7618030.000000,1695313800.0
1695313800.0,175.110001,175.494995,174.860001,175.309998,5142611.000000,1695317400.0
1695317400.0,175.310104,175.539993,174.630005,174.660004,4546305.000000,1695321000.0
1695321000.0,174.660004,175.000000,174.220001,174.270004,5610628.000000,1695324600.0
1695324600.0,174.264999,174.544998,173.860001,173.929993,7023086.000000,1695328200.0
1695389400.0,174.669998,175.389999,174.050003,175.275803,10497072.000000,1695393000.0
1695393000.0,175.289993,176.619995,175.282394,176.380005,8923173.000000,1695396600.0
1695396600.0,176.380005,176.750000,175.940002,176.610001,5882339.000000,1695400200.0
1695400200.0,176.619995,177.078995,175.580002,175.699997,6590040.000000,1695403800.0
1695403800.0,175.679993,175.679993,174.960007,175.130005,5107772.000000,1695407400.0
1695407400.0,175.119995,175.990005,174.809998,175.690002,5389547.000000,1695411000.0
1695411000.0,175.684998,175.785004,174.619995,174.740005,6325268.000000,1695414600.0
1695648600.0,174.199997,175.550003,174.149994,174.470001,10347795.000000,1695652200.0
1695652200.0,174.460007,176.539993,174.369995,176.270004,6689826.000000,1695655800.0
1695655800.0,176.287994,176.970001,175.880005,176.880005,5521525.000000,1695659400.0
1695659400.0,176.884995,176.910004,176.039993,176.130005,4345407.000000,1695663000.0
1695663000.0,176.149994,176.367599,175.679993,175.774994,4024629.000000,1695666600.0
1695666600.0,175.770096,176.128998,174.970001,175.610504,5475304.000000,1695670200.0
1695670200.0,175.610001,176.149994,175.369995,176.089996,4708932.000000,1695673800.0
1695735000.0,174.820007,175.199997,172.479996,173.100006,15789905.000000,1695738600.0
1695738600.0,173.089996,173.649994,172.414993,172.570007,7904418.000000,1695742200.0
1695742200.0,172.580002,173.190002,172.520004,173.009995,5378958.000000,1695745800.0
1695745800.0,173.009995,173.529999,172.845001,172.845001,4194456.000000,1695749400.0
1695749400.0,172.854996,173.005005,172.220001,172.300201,5275716.000000,1695753000.0
1695753000.0,172.304993,172.440002,171.660004,171.740005,7371366.000000,1695756600.0
1695756600.0,171.740005,172.330002,171.720001,171.899994,8556952.000000,1695760200.0
1695821400.0,172.619995,173.039993,170.309998,171.270004,14619741.000000,1695825000.0
1695825000.0,171.250000,171.479996,170.270004,170.975006,6917499.000000,1695828600.0
1695828600.0,170.979996,171.080002,169.639999,169.839996,6897103.000000,1695832200.0
1695832200.0,169.850006,170.199997,169.289993,169.300003,6176660.000000,1695835800.0
1695835800.0,169.299896,170.100006,169.050003,170.070007,5755630.000000,1695839400.0
1695839400.0,170.065002,170.960007,170.029999,170.160004,8680644.000000,1695843000.0
1695843000.0,170.160004,170.479996,169.759995,170.429993,8671175.000000,1695846600.0
1695907800.0,169.339996,170.009995,167.619995,169.130005,15189658.000000,1695911400.0
1695911400.0,169.139999,170.679993,168.690002,170.500000,8618775.000000,1695915000.0
1695915000.0,170.500000,172.029999,170.470795,171.889999,7088514.000000,1695918600.0
1695918600.0,171.889999,171.914993,170.860001,170.889999,4825213.000000,1695922200.0
1695922200.0,170.882004,171.164993,170.429993,171.130005,4681956.000000,1695925800.0
1695925800.0,171.134995,171.679993,170.309998,171.580002,4835316.000000,1695929400.0
1695929400.0,171.580002,171.639999,170.440002,170.690002,5724842.000000,1695933000.0
1695994200.0,172.020004,173.070007,171.770004,172.250000,11049307.000000,1695997800.0
1695997800.0,172.270004,172.770004,172.020004,172.059998,5432567.000000,1696001400.0
1696001400.0,172.059998,172.089996,171.530106,171.835007,3810317.000000,1696005000.0
1696005000.0,171.839996,171.929993,170.729996,171.229996,3723090.000000,1696008600.0
1696008600.0,171.229996,171.300003,170.380005,170.539993,3930145.000000,1696012200.0
1696012200.0,170.544998,171.710007,170.341003,171.289902,5505006.000000,1696015800.0
1696015800.0,171.279999,171.919998,170.759995,171.220001,6445307.000000,1696019400.0
1696253400.0,171.220001,174.039993,170.929993,173.330002,12402556.000000,1696257000.0
1696257000.0,173.350006,174.300003,172.839996,174.104599,6937293.000000,1696260600.0
1696260600.0,174.119995,174.210007,172.820007,173.350006,5325939.000000,1696264200.0
1696264200.0,173.360001,173.470001,172.729996,173.309998,3752202.000000,1696267800.0
1696267800.0,173.309998,173.710007,172.770004,172.789902,4113658.000000,1696271400.0
1696271400.0,172.781998,173.210007,172.533005,173.000000,4726767.000000,1696275000.0
1696275000.0,173.000000,173.779999,172.750000,173.750000,6420476.000000,1696278600.0
1696339800.0,172.255005,173.630005,170.820007,171.171799,11761888.000000,1696343400.0
1696343400.0,171.179993,171.985001,171.070007,171.630005,6639286.000000,1696347000.0
1696347000.0,171.639999,172.365005,171.360001,172.264008,4492914.000000,1696350600.0
1696350600.0,172.279999,172.804993,171.964905,172.001801,4727540.000000,1696354200.0
1696354200.0,172.009995,172.130005,171.550995,171.850006,3774205.000000,1696357800.0
1696357800.0,171.850006,172.399994,171.789993,171.860001,4821504.000000,1696361400.0
1696361400.0,171.854996,172.520004,171.779999,172.460007,6252137.000000,1696365000.0
1696426200.0,171.089996,172.740005,170.970001,172.389999,13074765.000000,1696429800.0
1696429800.0,172.395004,173.490005,172.130005,172.860001,8356128.000000,1696433400.0
1696433400.0,172.860001,173.289993,172.500000,173.169998,4452327.000000,1696437000.0
1696437000.0,173.169998,173.259995,172.645004,172.679993,3158072.000000,1696440600.0
1696440600.0,172.679993,172.919998,172.350006,172.740005,3835275.000000,1696444200.0
1696444200.0,172.740005,173.815002,172.610001,173.769897,5119455.000000,1696447800.0
1696447800.0,173.770004,174.210007,173.369995,173.639999,7816168.000000,1696451400.0
1696512600.0,173.789993,174.408005,173.070007,173.690002,9578634.000000,1696516200.0
1696516200.0,173.690002,173.756195,172.679993,173.600006,6597067.000000,1696519800.0
1696519800.0,173.604996,174.029999,173.264999,173.970001,5261407.000000,1696523400.0
1696523400.0,173.960098,174.160004,173.619995,174.158203,4292030.000000,1696527000.0
1696527000.0,174.149994,175.199997,173.960007,174.959900,6318028.000000,1696530600.0
1696530600.0,174.949997,175.449997,174.869995,175.119995,4890794.000000,1696534200.0
1696534200.0,175.119995,175.220001,174.839996,174.979996,4853082.000000,1696537800.0
1696599000.0,173.800003,175.059998,173.179993,174.809998,11096512.000000,1696602600.0
1696602600.0,174.800003,175.669998,174.729996,175.449997,7955406.000000,1696606200.0
1696606200.0,175.449997,177.050003,175.429993,176.670105,7166594.000000,1696609800.0
1696609800.0,176.679993,177.360001,176.449997,177.160004,5056666.000000,1696613400.0
1696613400.0,177.169998,177.539993,177.100006,177.529099,4054867.000000,1696617000.0
1696617000.0,177.529999,177.955002,177.419998,177.940002,5634496.000000,1696620600.0
1696620600.0,177.934998,177.990005,177.399994,177.490005,7319309.000000,1696624200.0
1696858200.0,176.809998,177.360001,175.800003,176.869995,9359311.000000,1696861800.0
1696861800.0,176.869995,177.125000,176.190002,177.085007,4686689.000000,1696865400.0
1696865400.0,177.074997,178.070007,176.869995,177.610001,4765690.000000,1696869000.0
1696869000.0,177.600006,177.970001,177.434998,177.949997,2606059.000000,1696872600.0
1696872600.0,177.960007,178.970001,177.940002,178.839996,5257785.000000,1696876200.0
1696876200.0,178.845001,179.050003,178.419998,178.899994,5031854.000000,1696879800.0
1696879800.0,178.899994,179.050003,178.664993,178.990005,5217876.000000,1696883400.0
1696944600.0,178.100006,179.309998,178.100006,179.185104,9164127.000000,1696948200.0
1696948200.0,179.190994,179.679993,179.039993,179.479996,5374796.000000,1696951800.0
1696951800.0,179.485001,179.720001,179.339996,179.610107,3098344.000000,1696955400.0
1696955400.0,179.619995,179.690002,178.139999,178.449997,4901581.000000,1696959000.0
1696959000.0,178.460007,178.575897,177.949997,178.169998,4369971.000000,1696962600.0
1696962600.0,178.190002,178.909897,177.960007,178.789993,4901034.000000,1696966200.0
1696966200.0,178.789993,178.800003,178.119995,178.410004,5623523.000000,1696969800.0
1697031000.0,178.199997,178.957596,177.600006,178.279999,9911043.000000,1697034600.0
1697034600.0,178.279999,179.320007,178.130997,178.588303,6752681.000000,1697038200.0
1697038200.0,178.589996,178.949997,178.365005,178.570099,3901012.000000,1697041800.0
1697041800.0,178.580002,178.742004,178.270004,178.590698,3560007.000000,1697045400.0
1697045400.0,178.589996,179.380005,178.360001,178.949997,3720449.000000,1697049000.0
1697049000.0,178.949997,179.289993,178.899994,179.169998,5572352.000000,1697052600.0
1697052600.0,179.169998,179.850006,179.139999,179.750000,5787619.000000,1697056200.0
1697117400.0,180.070007,182.149902,179.839996,181.720001,13432759.000000,1697121000.0
1697121000.0,181.729996,182.339996,181.460007,181.770004,8055060.000000,1697124600.0
1697124600.0,181.764999,182.289993,181.509995,182.270004,5426017.000000,1697128200.0
1697128200.0,182.279999,182.279999,180.330002,180.354904,5641539.000000,1697131800.0
1697131800.0,180.339996,180.630005,179.039993,179.639999,6607337.000000,1697135400.0
1697135400.0,179.634995,180.479996,179.490005,180.399994,4772922.000000,1697139000.0
1697139000.0,180.399994,180.815002,180.389999,180.729996,5779607.000000,1697142600.0
1697203800.0,181.419998,181.929993,180.360001,180.529999,9761566.000000,1697207400.0
1697207400.0,180.520004,180.764999,178.949997,179.190002,6274151.000000,1697211000.0
1697211000.0,179.190002,179.362503,178.470001,179.255005,5900854.000000,1697214600.0
1697214600.0,179.259995,179.470001,178.220001,178.259995,4418100.000000,1697218200.0
1697218200.0,178.261002,179.309998,178.139999,179.240005,5205186.000000,1697221800.0
1697221800.0,179.244995,179.740005,178.850006,178.934998,5632908.000000,1697225400.0
1697225400.0,178.940002,179.089996,178.520004,178.869995,5735444.000000,1697229000.0
1697463000.0,176.750000,178.547501,176.509995,178.445007,13685450.000000,1697466600.0
1697466600.0,178.444000,178.990005,178.294998,178.509003,6155862.000000,1697470200.0
1697470200.0,178.520004,178.690002,177.625000,177.820007,4772017.000000,1697473800.0
1697473800.0,177.830002,177.940002,176.850006,177.464996,5480319.000000,1697477400.0
1697477400.0,177.470001,178.354599,177.430099,178.130005,4678814.000000,1697481000.0
1697481000.0,178.125000,178.820007,177.899994,178.789993,4680497.000000,1697484600.0
1697484600.0,178.789993,179.000000,178.399994,178.675003,6982113.000000,1697488200.0
1697549400.0,176.645004,176.990005,174.800003,176.449997,15753761.000000,1697553000.0
1697553000.0,176.449997,177.250000,176.320007,177.089996,7402615.000000,1697556600.0
1697556600.0,177.080002,178.309998,177.080002,178.225006,5269444.000000,1697560200.0
1697560200.0,178.229996,178.419998,177.660004,177.667801,4501217.000000,1697563800.0
1697563800.0,177.660995,177.830002,176.949997,177.098907,5642528.000000,1697567400.0
1697567400.0,177.089996,177.339996,176.365005,176.770004,6304509.000000,1697571000.0
1697571000.0,176.779999,177.300003,176.445007,177.139999,6288297.000000,1697574600.0
1697635800.0,175.580002,177.574997,175.419998,176.619995,11694290.000000,1697639400.0
1697639400.0,176.604996,177.119995,175.755005,176.729996,7097323.000000,1697643000.0
1697643000.0,176.729996,177.529999,176.630096,176.820007,5348489.000000,1697646600.0
1697646600.0,176.820007,177.369995,176.225006,177.119995,5355115.000000,1697650200.0
1697650200.0,177.119995,177.130005,176.220001,176.695007,4533374.000000,1697653800.0
1697653800.0,176.684998,176.914993,175.779999,175.879898,5250110.000000,1697657400.0
1697657400.0,175.880005,176.089996,175.110001,175.781006,6442293.000000,1697661000.0
1697722200.0,176.039993,177.330002,175.845001,176.210007,11060282.000000,1697725800.0
1697725800.0,176.210007,176.869995,175.634995,176.249893,5651756.000000,1697729400.0
1697729400.0,176.250000,177.539993,176.100006,176.679993,7386700.000000,1697733000.0
1697733000.0,176.690002,177.839996,175.460007,177.779999,6868129.000000,1697736600.0
1697736600.0,177.800003,177.830002,176.509995,176.589996,5131914.000000,1697740200.0
1697740200.0,176.589996,176.589996,175.520004,175.740005,7026256.000000,1697743800.0
1697743800.0,175.729996,176.059998,175.190002,175.449997,4705299.000000,1697747400.0
1697808600.0,175.309998,175.419998,174.070007,174.240005,13576409.000000,1697812200.0
1697812200.0,174.240005,174.259995,172.639999,172.869904,9848621.000000,1697815800.0
1697815800.0,172.880005,173.839996,172.669998,173.559998,6364462.000000,1697819400.0
1697819400.0,173.570007,174.720001,173.559998,174.179993,6019902.000000,1697823000.0
1697823000.0,174.184998,174.389999,173.460007,173.580002,4406928.000000,1697826600.0
1697826600.0,173.559998,173.860001,173.125000,173.380005,5284310.000000,1697830200.0
1697830200.0,173.369995,173.490005,172.800003,172.839996,6774830.000000,1697833800.0
1698067800.0,171.589996,171.910004,169.929993,171.589996,15939825.000000,1698071400.0
1698071400.0,171.589996,172.910294,171.169998,172.809998,6828633.000000,1698075000.0
1698075000.0,172.809998,172.985001,172.279999,172.839996,5567383.000000,1698078600.0
1698078600.0,172.860001,173.639999,172.639999,173.309998,4597769.000000,1698082200.0
1698082200.0,173.309998,174.009995,173.139008,173.380005,4849773.000000,1698085800.0
1698085800.0,173.389999,173.725006,173.085007,173.132996,5131178.000000,1698089400.0
1698089400.0,173.145004,173.259995,172.759995,172.960007,5236992.000000,1698093000.0
1698154200.0,173.050003,173.309998,171.809998,172.830002,10973848.000000,1698157800.0
1698157800.0,172.824905,172.889999,172.130005,172.304993,5390228.000000,1698161400.0
1698161400.0,172.309998,173.020004,171.982803,172.080002,4403856.000000,1698165000.0
1698165000.0,172.100006,172.199997,171.449997,172.190002,3752948.000000,1698168600.0
1698168600.0,172.199905,172.759995,171.919998,172.759995,3410631.000000,1698172200.0
1698172200.0,172.750000,173.669998,172.679993,173.585007,5963929.000000,1698175800.0
1698175800.0,173.585007,173.664993,173.229996,173.389999,4601374.000000,1698179400.0
1698240600.0,171.880005,172.240005,170.830002,172.130005,11042020.000000,1698244200.0
1698244200.0,172.130005,173.059998,171.880005,172.445007,7738217.000000,1698247800.0
1698247800.0,172.445007,172.600006,171.539993,171.764999,4440866.000000,1698251400.0
1698251400.0,171.759995,172.050003,171.059998,171.145004,5032990.000000,1698255000.0
1698255000.0,171.139999,171.619797,170.770004,171.419998,5060830.000000,1698258600.0
1698258600.0,171.429993,171.539993,170.649994,171.175003,4546917.000000,1698262200.0
1698262200.0,171.177795,171.429993,170.860001,171.089996,6991582.000000,1698265800.0
1698327000.0,170.369995,171.377502,168.130005,168.660004,13990133.000000,1698330600.0
1698330600.0,168.649994,168.949997,166.839996,166.949600,10641541.000000,1698334200.0
1698334200.0,166.945007,167.529999,165.970001,166.297394,8539868.000000,1698337800.0
1698337800.0,166.289993,166.699997,165.720001,165.949997,5923516.000000,1698341400.0
1698341400.0,165.949997,167.382904,165.669998,167.179993,6261731.000000,1698345000.0
1698345000.0,167.169998,167.940002,166.899994,167.314301,6614410.000000,1698348600.0
1698348600.0,167.309998,167.440002,166.375000,166.759995,8082422.000000,1698352200.0
1698413400.0,166.910004,168.770004,166.190002,168.160004,13125053.000000,1698417000.0
1698417000.0,168.160004,168.960007,167.389999,168.735001,6386633.000000,1698420600.0
1698420600.0,168.750000,168.818100,167.520004,167.759995,3987468.000000,1698424200.0
1698424200.0,167.770004,167.963104,166.830002,167.190002,4730969.000000,1698427800.0
1698427800.0,167.179993,167.979996,166.929993,167.695007,6106335.000000,1698431400.0
1698431400.0,167.699997,168.240005,167.449997,167.990005,6000178.000000,1698435000.0
1698435000.0,167.990005,168.339996,167.490005,168.285004,6380136.000000,1698438600.0
1698672600.0,169.020004,171.169998,168.869995,169.375000,12638771.000000,1698676200.0
1698676200.0,169.379898,170.199997,169.210007,169.669998,6708135.000000,1698679800.0
1698679800.0,169.669998,170.160004,169.410004,169.466095,3707282.000000,1698683400.0
1698683400.0,169.464996,170.050003,169.050003,169.919907,4478492.000000,1698687000.0
1698687000.0,169.919998,170.490005,169.880005,170.360001,4232265.000000,1698690600.0
1698690600.0,170.350006,170.820007,169.840195,169.854996,6108040.000000,1698694200.0
1698694200.0,169.850006,170.479996,169.845001,170.240005,5989283.000000,1698697800.0
1698759000.0,169.350006,169.550003,167.899994,169.130005,9517172.000000,1698762600.0
1698762600.0,169.149994,169.869995,168.750000,169.229996,5158750.000000,1698766200.0
1698766200.0,169.229996,169.789993,168.845001,169.550003,4428156.000000,1698769800.0
1698769800.0,169.550003,170.294998,169.270004,170.281998,3888208.000000,1698773400.0
1698773400.0,170.289993,170.750000,169.949997,169.960007,4143238.000000,1698777000.0
1698777000.0,169.940002,170.770004,169.931000,170.645004,3494370.000000,1698780600.0
1698780600.0,170.639999,170.899994,170.380005,170.789993,4547702.000000,1698784200.0
1698845400.0,171.000000,171.970001,170.119995,171.830002,10298739.000000,1698849000.0
1698849000.0,171.830002,172.080002,171.000000,171.429993,6770956.000000,1698852600.0
1698852600.0,171.429993,172.000000,171.195007,171.899994,3513567.000000,1698856200.0
1698856200.0,171.910004,172.380005,171.630005,172.162003,3736963.000000,1698859800.0
1698859800.0,172.160004,172.710007,171.940002,172.610001,4819939.000000,1698863400.0
1698863400.0,172.625000,174.119995,172.100006,173.910004,10052004.000000,1698867000.0
1698867000.0,173.910004,174.229996,173.610001,173.919998,7382594.000000,1698870600.0
1698931800.0,175.520004,177.089996,175.460007,176.869995,12660603.000000,1698935400.0
1698935400.0,176.880005,177.660004,176.619995,176.774002,9566990.000000,1698939000.0
1698939000.0,176.770004,177.100006,176.410004,176.979996,6002941.000000,1698942600.0
1698942600.0,176.979996,177.315002,176.779999,177.087997,5823586.000000,1698946200.0
1698946200.0,177.080002,177.610001,177.080002,177.309998,5561287.000000,1698949800.0
1698949800.0,177.302094,177.720001,177.190002,177.229996,7714957.000000,1698953400.0
1698953400.0,177.235001,177.779999,177.169998,177.779999,9466400.000000,1698957000.0
1699018200.0,174.240005,176.399994,173.350006,174.710007,28550758.000000,1699021800.0
1699021800.0,174.699997,175.940002,174.660004,174.800003,9711814.000000,1699025400.0
1699025400.0,174.800003,176.490005,174.600006,176.339996,7570993.000000,1699029000.0
1699029000.0,176.350006,176.449997,175.710007,175.767899,5533801.000000,1699032600.0
1699032600.0,175.761703,175.889999,175.070007,175.789902,6023082.000000,1699036200.0
1699036200.0,175.779999,176.467499,175.679993,176.040100,6461456.000000,1699039800.0
1699039800.0,176.039993,176.820007,175.949997,176.630005,7080006.000000,1699043400.0
1699281000.0,176.380005,178.860001,176.210007,178.259995,19458592.000000,1699284600.0
1699284600.0,178.259995,179.429993,178.210007,179.089996,8179075.000000,1699288200.0
1699288200.0,179.089996,179.389999,178.710007,178.889893,5026147.000000,1699291800.0
1699291800.0,178.884995,179.059998,178.009995,178.330002,4910582.000000,1699295400.0
1699295400.0,178.324997,178.764999,178.020004,178.759903,4555749.000000,1699299000.0
1699299000.0,178.750000,179.320007,178.679993,179.100006,5086313.000000,1699302600.0
1699302600.0,179.110001,179.330002,178.699997,179.289993,6666486.000000,1699306200.0
1699367400.0,179.179993,180.820007,179.009995,180.710007,16268674.000000,1699371000.0
1699371000.0,180.695007,181.595001,180.529999,181.455002,8190077.000000,1699374600.0
1699374600.0,181.455002,181.639999,180.520004,181.175003,7493420.000000,1699378200.0
1699378200.0,181.175003,182.160004,180.934998,182.014999,6208182.000000,1699381800.0
1699381800.0,182.018494,182.440002,181.929993,182.340897,5219872.000000,1699385400.0
1699385400.0,182.350006,182.429993,181.899994,182.198303,5513486.000000,1699389000.0
1699389000.0,182.195007,182.339996,181.550003,181.880005,8142789.000000,1699392600.0
1699453800.0,182.350006,183.449997,182.179993,182.498505,13792847.000000,1699457400.0
1699457400.0,182.490005,182.985001,182.000000,182.149994,6325309.000000,1699461000.0
1699461000.0,182.149994,182.500000,181.589996,181.889999,5030995.000000,1699464600.0
1699464600.0,181.899994,182.580002,181.740005,182.509995,4014911.000000,1699468200.0
1699468200.0,182.509995,182.889999,182.460007,182.774994,3100003.000000,1699471800.0
1699471800.0,182.779999,182.850006,182.369995,182.785004,4758437.000000,1699475400.0
1699475400.0,182.789993,183.009995,182.622498,182.889999,5331712.000000,1699479000.0
1699540200.0,182.960007,183.550003,182.600006,182.630005,9703743.000000,1699543800.0
1699543800.0,182.634995,183.979706,182.479996,183.535004,6858126.000000,1699547400.0
1699547400.0,183.539993,184.119995,183.479996,183.570007,5025374.000000,1699551000.0
1699551000.0,183.580002,184.014999,182.690002,183.699997,5877391.000000,1699554600.0
1699554600.0,183.699997,183.729996,182.339996,182.820007,7012436.000000,1699558200.0
1699558200.0,182.820007,182.830002,181.809998,181.860001,5497017.000000,1699561800.0
1699561800.0,181.850006,182.479996,181.830002,182.440002,5102309.000000,1699565400.0
1699626600.0,183.710999,184.789993,183.529999,183.779907,13042014.000000,1699630200.0
1699630200.0,183.779999,184.940002,183.615005,184.750000,6727223.000000,1699633800.0
1699633800.0,184.759995,185.000000,184.429993,184.940002,4269310.000000,1699637400.0
1699637400.0,184.940094,185.509995,184.880005,185.404999,6479424.000000,1699641000.0
1699641000.0,185.404999,185.975006,185.399994,185.850006,5159113.000000,1699644600.0
1699644600.0,185.850006,186.130005,185.554993,186.119995,6857111.000000,1699648200.0
1699648200.0,186.110001,186.565002,185.955002,186.339996,9456815.000000,1699651800.0
1699885800.0,185.820007,186.029999,184.210007,184.766098,11087334.000000,1699889400.0
1699889400.0,184.770004,185.139999,184.389999,184.960007,5748681.000000,1699893000.0
1699893000.0,184.960007,185.134995,184.500000,184.565002,5079289.000000,1699896600.0
1699896600.0,184.570007,184.929901,184.389999,184.559998,2665925.000000,1699900200.0
1699900200.0,184.570007,185.009995,184.460007,184.990097,2982413.000000,1699903800.0
1699903800.0,184.990005,185.080002,184.729904,184.949997,3878074.000000,1699907400.0
1699907400.0,184.960007,185.009995,184.610504,184.770004,4422642.000000,1699911000.0
1699972200.0,187.339996,187.520004,186.300003,187.449997,16941276.000000,1699975800.0
1699975800.0,187.440002,187.479996,186.679993,186.925903,5319775.000000,1699979400.0
1699979400.0,186.925003,187.220001,186.410004,187.054993,4868237.000000,1699983000.0
1699983000.0,187.059998,187.500000,187.009995,187.460007,3663476.000000,1699986600.0
1699986600.0,187.460007,187.490005,186.820007,187.413696,4558716.000000,1699990200.0
1699990200.0,187.414993,188.110001,187.414993,187.912003,7317327.000000,1699993800.0
1699993800.0,187.919998,188.029999,187.210007,187.440002,6872181.000000,1699997400.0
1700058600.0,187.845001,188.699997,187.800003,188.149994,11861855.000000,1700062200.0
1700062200.0,188.160004,189.500000,188.110001,189.414993,8051018.000000,1700065800.0
1700065800.0,189.414993,189.449905,188.529999,189.119995,5324873.000000,1700069400.0
1700069400.0,189.119995,189.169998,188.464996,189.035004,4164889.000000,1700073000.0
1700073000.0,189.031006,189.080002,188.399994,188.770004,4508244.000000,1700076600.0
1700076600.0,188.770004,188.779999,187.955002,188.195007,3069538.000000,1700080200.0
1700080200.0,188.199997,188.559998,187.779999,188.089996,5901858.000000,1700083800.0
1700145000.0,189.929993,190.960007,189.639999,190.085403,18705132.000000,1700148600.0
1700148600.0,190.100006,190.210007,188.809998,189.009995,6893426.000000,1700152200.0
1700152200.0,189.009995,189.660004,188.720001,189.645004,4821908.000000,1700155800.0
1700155800.0,189.639999,189.979996,188.649994,189.330002,3843638.000000,1700159400.0
1700159400.0,189.324997,189.570007,188.979996,189.354996,3451913.000000,1700163000.0
1700163000.0,189.350006,189.735001,189.220001,189.425003,4436262.000000,1700166600.0
1700166600.0,189.425003,189.869995,189.339996,189.768906,5829780.000000,1700170200.0
1700231400.0,190.250000,190.380005,188.570007,189.580002,14964688.000000,1700235000.0
1700235000.0,189.585007,189.759995,188.869995,189.051498,5463980.000000,1700238600.0
1700238600.0,189.059998,189.460007,188.820007,188.967606,3598292.000000,1700242200.0
1700242200.0,188.964996,189.610001,188.899994,189.485001,3093549.000000,1700245800.0
1700245800.0,189.490005,189.899994,189.350006,189.735001,3674072.000000,1700249400.0
1700249400.0,189.735001,190.179993,189.580002,189.888000,4775134.000000,1700253000.0
1700253000.0,189.884995,189.960007,189.520004,189.710007,5381674.000000,1700256600.0
1700490600.0,189.889999,191.669006,189.880005,190.714996,10886688.000000,1700494200.0
1700494200.0,190.720001,191.369995,190.529999,191.164993,5212746.000000,1700497800.0
1700497800.0,191.169998,191.550003,191.089996,191.229996,3453437.000000,1700501400.0
1700501400.0,191.250000,191.800003,191.080002,191.625000,4827400.000000,1700505000.0
1700505000.0,191.619995,191.770004,191.330002,191.519897,3173051.000000,1700508600.0
1700508600.0,191.509995,191.904999,191.500000,191.875000,3980122.000000,1700512200.0
1700512200.0,191.875000,191.875000,191.160004,191.490997,5319166.000000,1700515800.0
1700577000.0,191.410004,191.520004,190.270004,190.347504,8992766.000000,1700580600.0
1700580600.0,190.350006,190.470001,189.740005,189.942001,5681421.000000,1700584200.0
1700584200.0,189.940002,190.320007,189.830002,190.274994,3359800.000000,1700587800.0
1700587800.0,190.276993,190.600006,190.039993,190.119995,3112369.000000,1700591400.0
1700591400.0,190.119995,190.615005,190.085007,190.380005,2874142.000000,1700595000.0
1700595000.0,190.382797,190.710007,190.289993,190.649994,3442863.000000,1700598600.0
1700598600.0,190.645004,190.729996,190.289993,190.660004,5535871.000000,1700602200.0
1700663400.0,192.360001,192.929993,191.429993,191.931503,11546645.000000,1700667000.0
1700667000.0,191.949997,192.369995,191.389999,191.660004,4786188.000000,1700670600.0
1700670600.0,191.660004,191.960007,191.479996,191.914993,3340080.000000,1700674200.0
1700674200.0,191.914993,192.089996,191.639999,192.005005,3467320.000000,1700677800.0
1700677800.0,192.009995,192.030304,191.490005,191.634995,3409564.000000,1700681400.0
1700681400.0,191.639999,191.639999,190.824997,191.512497,3992146.000000,1700685000.0
1700685000.0,191.520004,191.699997,191.220001,191.300003,3537662.000000,1700688600.0
1700836200.0,190.869995,190.899994,189.300003,189.460007,7873135.000000,1700839800.0
1700839800.0,189.470001,189.669998,189.250000,189.610001,4853829.000000,1700843400.0
1700843400.0,189.600006,189.788895,189.350006,189.539993,3827135.000000,1700847000.0
1701095400.0,190.250702,190.299896,188.899994,189.059998,8344466.000000,1701099000.0
1701099000.0,189.070007,189.500000,189.009995,189.494995,3959357.000000,1701102600.0
1701102600.0,189.490005,190.509995,189.440002,190.369995,4866435.000000,1701106200.0
1701106200.0,190.378998,190.669998,190.255798,190.365005,2958636.000000,1701109800.0
1701109800.0,190.365005,190.365005,189.949997,190.070007,2711904.000000,1701113400.0
1701113400.0,190.074997,190.074997,189.520004,189.839996,3148374.000000,1701117000.0
1701117000.0,189.850006,190.059998,189.604996,189.770004,4637560.000000,1701120600.0
1701181800.0,189.779999,190.270004,189.399994,189.979996,7575785.000000,1701185400.0
1701185400.0,189.981293,190.610001,189.940002,190.585007,4971867.000000,1701189000.0
1701189000.0,190.580002,191.080002,190.490005,190.520004,3957042.000000,1701192600.0
1701192600.0,190.510101,190.520004,189.759995,189.970093,3610946.000000,1701196200.0
1701196200.0,189.975006,190.119995,189.660004,189.813995,3305993.000000,1701199800.0
1701199800.0,189.809998,190.110001,189.585007,189.830002,3364115.000000,1701203400.0
1701203400.0,189.820007,190.399994,189.779999,190.389999,4808968.000000,1701207000.0
1701268200.0,190.899994,192.089996,190.600006,190.880005,9347732.000000,1701271800.0
1701271800.0,190.889999,191.074997,190.050003,190.097397,4753727.000000,1701275400.0
1701275400.0,190.100006,190.274994,189.520004,189.899994,4186819.000000,1701279000.0
1701279000.0,189.889999,189.929993,189.279999,189.500305,2949200.000000,1701282600.0
1701282600.0,189.505005,189.509995,189.179993,189.263504,2911454.000000,1701286200.0
1701286200.0,189.264999,189.404999,189.009995,189.014999,3344970.000000,1701289800.0
1701289800.0,189.009995,189.445007,188.970001,189.354996,4438836.000000,1701293400.0
1701354600.0,189.839996,190.320007,188.660004,188.825897,8749839.000000,1701358200.0
1701358200.0,188.830002,188.990005,188.339996,188.479996,4576249.000000,1701361800.0
1701361800.0,188.479996,188.610001,188.190002,188.350006,3433969.000000,1701365400.0
1701365400.0,188.350006,188.759506,188.270004,188.330002,2774969.000000,1701369000.0
1701369000.0,188.335007,188.830002,188.289993,188.789993,2750590.000000,1701372600.0
1701372600.0,188.787994,189.210007,188.639999,188.779999,3353372.000000,1701376200.0
1701376200.0,188.764999,190.199997,188.759995,189.979996,7329917.000000,1701379800.0
1701441000.0,190.330002,190.500000,189.229996,190.059998,8588385.000000,1701444600.0
1701444600.0,190.059998,190.990005,189.919998,190.830093,5955415.000000,1701448200.0
1701448200.0,190.839996,191.450195,190.600006,191.445007,5188633.000000,1701451800.0
1701451800.0,191.440002,191.559998,191.039993,191.059998,3380700.000000,1701455400.0
1701455400.0,191.050003,191.289993,190.820099,191.278702,3259102.000000,1701459000.0
1701459000.0,191.279999,191.339996,190.919998,191.119995,3998274.000000,1701462600.0
1701462600.0,191.122406,191.380005,190.881607,191.259995,5182498.000000,1701466200.0
1701700200.0,189.824997,190.000000,188.089996,188.160004,10608539.000000,1701703800.0
1701703800.0,188.160004,188.279999,187.451096,187.970001,6707290.000000,1701707400.0
1701707400.0,187.960007,188.570007,187.835007,188.454193,3813425.000000,1701711000.0
1701711000.0,188.460007,188.809998,188.419998,188.549896,2820690.000000,1701714600.0
1701714600.0,188.544998,188.964996,188.490005,188.850006,2892130.000000,1701718200.0
1701718200.0,188.839996,189.130005,188.720001,189.059998,3402787.000000,1701721800.0
1701721800.0,189.065002,189.660004,188.979996,189.449997,5548831.000000,1701725400.0
1701786600.0,190.210007,194.309998,190.179993,193.589996,22073030.000000,1701790200.0
1701790200.0,193.584595,194.399994,193.470001,193.559998,8331133.000000,1701793800.0
1701793800.0,193.559998,193.800003,192.619995,193.759995,6074350.000000,1701797400.0
1701797400.0,193.770004,193.830002,192.949997,193.139999,4164417.000000,1701801000.0
1701801000.0,193.145004,193.309998,192.750000,192.990005,5223621.000000,1701804600.0
1701804600.0,193.000000,193.470001,192.770004,193.191696,4787623.000000,1701808200.0
1701808200.0,193.195007,193.539993,192.869995,193.500000,6418486.000000,1701811800.0
1701873000.0,194.449997,194.759995,192.205002,192.419998,11260893.000000,1701876600.0
1701876600.0,192.419998,193.339996,192.360107,193.095001,4374474.000000,1701880200.0
1701880200.0,193.100006,193.130005,192.470001,192.830002,3252326.000000,1701883800.0
1701883800.0,192.839996,192.979996,192.369995,192.905899,3389634.000000,1701887400.0
1701887400.0,192.910004,193.235001,192.740005,192.779999,2713794.000000,1701891000.0
1701891000.0,192.779999,193.050003,192.339996,192.425995,3147189.000000,1701894600.0
1701894600.0,192.429993,192.559998,192.110001,192.309998,5184527.000000,1701898200.0
1701959400.0,193.630005,194.919998,193.589996,194.725006,11958910.000000,1701963000.0
1701963000.0,194.725006,194.979996,194.020004,194.300003,5216520.000000,1701966600.0
1701966600.0,194.289993,195.000000,194.214996,194.940002,4611066.000000,1701970200.0
1701970200.0,194.940002,194.970001,194.313095,194.429993,4481336.000000,1701973800.0
1701973800.0,194.429993,194.529999,194.169998,194.470001,3233037.000000,1701977400.0
1701977400.0,194.470001,194.475006,194.119995,194.169998,3026122.000000,1701981000.0
1701981000.0,194.169998,194.350006,194.009995,194.240005,4479168.000000,1701984600.0
1702045800.0,194.199997,195.000000,193.669998,194.649902,11185810.000000,1702049400.0
1702049400.0,194.649994,195.000000,194.179993,194.759995,5158425.000000,1702053000.0
1702053000.0,194.759995,195.190002,194.270996,195.100006,5398492.000000,1702056600.0
1702056600.0,195.099304,195.360001,194.919998,195.240005,4520094.000000,1702060200.0
1702060200.0,195.240005,195.720001,195.154999,195.714996,3904469.000000,1702063800.0
1702063800.0,195.714996,195.979996,195.410004,195.740005,5640599.000000,1702067400.0
1702067400.0,195.735001,195.990005,195.619995,195.720001,5190666.000000,1702071000.0
1702305000.0,193.218994,193.410004,192.020004,192.110001,18453650.000000,1702308600.0
1702308600.0,192.119995,192.429993,191.419998,191.809998,9504078.000000,1702312200.0
1702312200.0,191.809998,192.389999,191.490005,192.100006,4471150.000000,1702315800.0
1702315800.0,192.109894,192.589996,192.059998,192.455002,3798928.000000,1702319400.0
1702319400.0,192.470001,192.970001,192.470001,192.791794,3897170.000000,1702323000.0
1702323000.0,192.794998,193.125000,192.750000,192.869995,4731090.000000,1702326600.0
1702326600.0,192.869995,193.309998,192.830002,193.179993,5215874.000000,1702330200.0
1702391400.0,193.080002,193.389999,191.720993,192.835007,11344243.000000,1702395000.0
1702395000.0,192.839996,193.619995,192.755005,193.240005,5934316.000000,1702398600.0
1702398600.0,193.250000,193.499893,193.070007,193.465805,3481895.000000,1702402200.0
1702402200.0,193.479996,193.809998,193.259995,193.660004,4224679.000000,1702405800.0
1702405800.0,193.669998,194.330002,193.630005,194.220001,4270270.000000,1702409400.0
1702409400.0,194.220001,194.559998,194.145004,194.384995,4304737.000000,1702413000.0
1702413000.0,194.380005,194.720001,194.210007,194.669998,5381974.000000,1702416600.0
1702477800.0,195.089996,196.630005,194.850006,196.520096,12404139.000000,1702481400.0
1702481400.0,196.524994,196.738098,195.649994,195.960007,6786044.000000,1702485000.0
1702485000.0,195.964996,196.279999,195.695007,195.770004,4074995.000000,1702488600.0
1702488600.0,195.766296,196.619995,195.479996,196.554993,4814751.000000,1702492200.0
1702492200.0,196.554993,197.449997,196.429993,197.297501,9131091.000000,1702495800.0
1702495800.0,197.294998,198.000000,196.570007,196.975006,10813120.000000,1702499400.0
1702499400.0,196.975006,197.889999,196.669998,197.869995,8132395.000000,1702503000.0
1702564200.0,198.679993,199.619995,198.589996,198.789993,18480165.000000,1702567800.0
1702567800.0,198.800003,199.384995,198.145004,198.360001,9432288.000000,1702571400.0
1702571400.0,198.354996,198.559998,197.589996,198.399994,5791822.000000,1702575000.0
1702575000.0,198.389999,198.559998,196.714996,196.854996,5584658.000000,1702578600.0
1702578600.0,196.850006,197.899994,196.160004,197.895004,4865005.000000,1702582200.0
1702582200.0,197.895004,198.079895,197.235001,197.910095,5349291.000000,1702585800.0
1702585800.0,197.910004,198.160004,197.559998,198.139999,7132229.000000,1702589400.0
1702650600.0,197.750000,198.399902,197.080002,198.029999,27708449.000000,1702654200.0
1702654200.0,198.039993,198.158997,197.350006,197.625000,6069219.000000,1702657800.0
1702657800.0,197.630005,198.020004,197.535004,197.729996,4016473.000000,1702661400.0
1702661400.0,197.740005,197.740005,197.100006,197.375000,4909415.000000,1702665000.0
1702665000.0,197.380005,197.664993,197.020004,197.270004,4612469.000000,1702668600.0
1702668600.0,197.290894,198.089996,197.279999,197.990005,3896083.000000,1702672200.0
1702672200.0,197.994003,198.199997,197.000000,197.119995,9086193.000000,1702675800.0
1702909800.0,196.089996,196.630005,194.410004,195.365005,16633548.000000,1702913400.0
1702913400.0,195.360001,195.524994,194.619995,194.929993,6011735.000000,1702917000.0
1702917000.0,194.929993,195.350006,194.695007,195.250107,4447711.000000,1702920600.0
1702920600.0,195.250000,196.163300,195.154999,196.145004,3772276.000000,1702924200.0
1702924200.0,196.149994,196.479996,195.994995,196.209900,3900936.000000,1702927800.0
1702927800.0,196.210007,196.449997,196.100006,196.199997,3915676.000000,1702931400.0
1702931400.0,196.210007,196.440002,195.779999,195.862305,5129751.000000,1702935000.0
1702996200.0,196.160004,196.654999,195.889999,196.539993,9236022.000000,1702999800.0
1702999800.0,196.550003,196.949997,196.277496,196.600006,4831194.000000,1703003400.0
1703003400.0,196.595001,196.740005,195.970001,196.229996,3463432.000000,1703007000.0
1703007000.0,196.229996,196.330002,195.970001,196.244995,2379955.000000,1703010600.0
1703010600.0,196.250000,196.289993,195.990005,196.070007,2263009.000000,1703014200.0
1703014200.0,196.080002,196.470001,195.979996,196.449997,2992125.000000,1703017800.0
1703017800.0,196.449997,196.949997,196.324997,196.929993,4003318.000000,1703021400.0
1703082600.0,196.929993,197.679993,196.690002,197.384995,9234134.000000,1703086200.0
1703086200.0,197.384995,197.595001,197.139999,197.229996,4183100.000000,1703089800.0
1703089800.0,197.229996,197.440002,197.009995,197.358307,3204045.000000,1703093400.0
1703093400.0,197.350006,197.452606,197.223099,197.399994,2564829.000000,1703097000.0
1703097000.0,197.410004,197.570007,197.115005,197.184998,3246347.000000,1703100600.0
1703100600.0,197.190002,197.235001,195.160004,195.199997,8708764.000000,1703104200.0
1703104200.0,195.210007,195.750000,194.839996,194.839996,7046047.000000,1703107800.0
1703169000.0,196.100006,197.080002,194.820007,195.129700,9854488.000000,1703172600.0
1703172600.0,195.130005,195.199997,194.289993,194.860001,5694052.000000,1703176200.0
1703176200.0,194.860001,194.970001,193.910004,194.039993,4574715.000000,1703179800.0
1703179800.0,194.050003,194.259995,193.500000,194.059998,4316193.000000,1703183400.0
1703183400.0,194.070007,194.240005,193.770004,194.000000,3625960.000000,1703187000.0
1703187000.0,193.994995,194.419998,193.759995,194.405106,4415883.000000,1703190600.0
1703190600.0,194.410004,194.979996,194.332108,194.679993,5015136.000000,1703194200.0
1703255400.0,195.179993,195.410004,194.425003,194.664993,7689027.000000,1703259000.0
1703259000.0,194.664993,194.741196,194.009995,194.175003,4730474.000000,1703262600.0
1703262600.0,194.169998,194.350006,193.839996,194.050003,3433322.000000,1703266200.0
1703266200.0,194.059998,194.460007,193.949997,194.130005,3020351.000000,1703269800.0
1703269800.0,194.125000,194.294998,193.080002,193.119507,3592914.000000,1703273400.0
1703273400.0,193.115005,193.979996,192.970001,193.979996,4274216.000000,1703277000.0
1703277000.0,193.975006,193.990005,193.485001,193.529999,4377805.000000,1703280600.0
1703601000.0,193.610001,193.889999,192.889999,193.070007,6773942.000000,1703604600.0
1703604600.0,193.074997,193.440002,192.889999,192.964996,3334201.000000,1703608200.0
1703608200.0,192.964996,193.300003,192.960007,193.095001,2510474.000000,1703611800.0
1703611800.0,193.095001,193.360001,193.029999,193.139999,2356084.000000,1703615400.0
1703615400.0,193.145004,193.160004,192.830002,193.080002,2499981.000000,1703619000.0
1703619000.0,193.089996,193.460007,192.960007,193.412094,2934413.000000,1703622600.0
1703622600.0,193.419998,193.490005,192.919998,193.039993,3715355.000000,1703626200.0
1703687400.0,192.490005,192.897202,191.445007,191.638504,8800358.000000,1703691000.0
1703691000.0,191.634995,191.774994,191.089996,191.680405,5823979.000000,1703694600.0
1703694600.0,191.679993,192.529999,191.550003,192.479996,5827388.000000,1703698200.0
1703698200.0,192.475006,193.149994,192.460007,192.975998,5731943.000000,1703701800.0
1703701800.0,192.979004,193.500000,192.779999,193.149994,4552245.000000,1703705400.0
1703705400.0,193.169998,193.240005,192.759995,192.929993,3255762.000000,1703709000.0
1703709000.0,192.929993,193.220001,192.729996,193.169998,5694099.000000,1703712600.0
1703773800.0,194.139999,194.660004,193.729996,194.249100,8051158.000000,1703777400.0
1703777400.0,194.250000,194.479996,193.889999,194.050003,4231835.000000,1703781000.0
1703781000.0,194.054993,194.429993,193.990005,194.160004,2553278.000000,1703784600.0
1703784600.0,194.164993,194.190002,193.580002,193.699997,3732168.000000,1703788200.0
1703788200.0,193.699997,194.070007,193.669998,194.014999,2478139.000000,1703791800.0
1703791800.0,194.014999,194.089996,193.550003,193.675003,3023980.000000,1703795400.0
1703795400.0,193.669998,193.859695,193.169998,193.580002,5075432.000000,1703799000.0
1703860200.0,193.899994,194.399994,193.220306,193.509995,5115085.000000,1703863800.0
1703863800.0,193.509995,193.550003,191.909897,191.960007,4269845.000000,1703867400.0
1703867400.0,191.964996,192.479996,191.725006,191.899994,4320986.000000,1703871000.0
1703871000.0,191.904999,192.229996,191.779999,191.899994,3916853.000000,1703874600.0
1703874600.0,191.904999,192.449997,191.899994,192.119995,2809737.000000,1703878200.0
1703878200.0,192.115005,192.729996,192.110001,192.679993,4109754.000000,1703881800.0
1703881800.0,192.675003,193.130005,192.020004,192.520004,7753795.000000,1703885400.0
1704205800.0,187.800995,188.440002,186.009995,186.189896,21173291.000000,1704209400.0
1704209400.0,186.179993,186.904999,185.184296,186.804993,9010595.000000,1704213000.0
1704213000.0,186.800003,187.350006,186.570007,186.615005,6143754.000000,1704216600.0
1704216600.0,186.615005,187.039993,185.259995,185.294998,5381701.000000,1704220200.0
1704220200.0,185.289993,185.539993,184.229996,184.494995,7228643.000000,1704223800.0
1704223800.0,184.490005,184.679993,183.884995,184.419998,8238940.000000,1704227400.0
1704227400.0,184.419998,185.639999,184.414993,185.524994,9447841.000000,1704231000.0
1704292200.0,184.667999,185.880005,183.630005,183.958694,15935130.000000,1704295800.0
1704295800.0,183.955002,184.270004,183.449997,184.199997,7040280.000000,1704299400.0
1704299400.0,184.190002,184.380005,183.429993,183.929993,5295920.000000,1704303000.0
1704303000.0,183.927094,184.550003,183.851700,184.473099,3968490.000000,1704306600.0
1704306600.0,184.475006,184.820007,183.804993,184.740005,4500805.000000,1704310200.0
1704310200.0,184.749496,184.940002,184.210098,184.389999,4256338.000000,1704313800.0
1704313800.0,184.389999,184.520004,183.750000,184.250000,5053608.000000,1704317400.0
1704378600.0,182.149994,183.087204,181.227600,181.679993,16075231.000000,1704382200.0
1704382200.0,181.669998,182.354996,180.880005,182.125000,10313237.000000,1704385800.0
1704385800.0,182.126999,182.440002,181.320007,182.139999,7509793.000000,1704389400.0
1704389400.0,182.130005,182.990005,181.960007,182.914993,4961844.000000,1704393000.0
1704393000.0,182.910004,183.070007,182.419998,182.500000,4172442.000000,1704396600.0
1704396600.0,182.500000,182.660004,181.872101,181.940094,6011068.000000,1704400200.0
1704400200.0,181.945007,182.414993,181.429993,181.919998,7594098.000000,1704403800.0
1704465000.0,181.990005,182.759995,181.520004,182.070007,13194900.000000,1704468600.0
1704468600.0,182.066299,182.740005,181.964996,182.087601,5524889.000000,1704472200.0
1704472200.0,182.080002,182.225006,181.320007,181.365005,4494198.000000,1704475800.0
1704475800.0,181.360001,181.860001,181.210007,181.740005,4262774.000000,1704479400.0
1704479400.0,181.744995,182.229996,180.419998,181.119995,9901415.000000,1704483000.0
1704483000.0,181.110001,181.389999,180.169998,180.279999,7993182.000000,1704486600.0
1704486600.0,180.279907,181.259995,180.238098,181.169998,6775472.000000,1704490200.0
1704724200.0,182.085007,183.884995,181.500000,183.809998,13311025.000000,1704727800.0
1704727800.0,183.820007,183.880005,183.210007,183.244995,5198974.000000,1704731400.0
1704731400.0,183.244995,184.570007,183.235001,183.990097,5720535.000000,1704735000.0
1704735000.0,184.000000,184.470001,183.960007,184.115005,4151910.000000,1704738600.0
1704738600.0,184.119995,184.875000,184.050003,184.832504,3724042.000000,1704742200.0
1704742200.0,184.839996,185.419998,184.699997,185.220001,5370765.000000,1704745800.0
1704745800.0,185.214996,185.600006,184.910004,185.550003,6759299.000000,1704749400.0
1704810600.0,183.919998,184.229996,182.729996,183.524994,10523629.000000,1704814200.0
1704814200.0,183.529999,184.259995,183.210007,184.229996,4602813.000000,1704817800.0
1704817800.0,184.229996,184.830002,184.149994,184.440002,3908469.000000,1704821400.0
1704821400.0,184.440002,184.919998,184.389999,184.399994,2818553.000000,1704825000.0
1704825000.0,184.399994,184.729996,184.039993,184.315002,3180445.000000,1704828600.0
1704828600.0,184.310104,184.899994,184.300201,184.770004,3646429.000000,1704832200.0
1704832200.0,184.779999,185.149994,184.410004,185.110001,6123108.000000,1704835800.0
1704897000.0,184.350006,184.960007,183.919998,184.550003,8558186.000000,1704900600.0
1704900600.0,184.544998,185.009995,184.222504,184.509995,5574178.000000,1704904200.0
1704904200.0,184.514999,184.550003,184.050003,184.270004,3427864.000000,1704907800.0
1704907800.0,184.270004,184.574997,184.080002,184.375000,3133102.000000,1704911400.0
1704911400.0,184.380005,185.679993,184.354996,185.625000,3976057.000000,1704915000.0
1704915000.0,185.630005,186.399994,185.619995,185.824997,7533201.000000,1704918600.0
1704918600.0,185.830002,186.270004,185.270004,186.139999,5937690.000000,1704922200.0
1704983400.0,186.539993,187.050003,183.619995,184.369995,13337967.000000,1704987000.0
1704987000.0,184.365005,184.880005,183.835007,184.190002,5619114.000000,1704990600.0
1704990600.0,184.184998,184.449997,183.835007,184.050003,3849444.000000,1704994200.0
1704994200.0,184.074997,184.777206,184.074997,184.654999,4000614.000000,1704997800.0
1704997800.0,184.669998,185.539993,184.559998,185.514999,3924789.000000,1705001400.0
1705001400.0,185.520004,185.699997,184.755005,185.369995,4502053.000000,1705005000.0
1705005000.0,185.369995,185.770004,185.320007,185.580002,5030776.000000,1705008600.0
1705069800.0,186.059998,186.740005,185.485001,185.789993,8367726.000000,1705073400.0
1705073400.0,185.800003,186.059998,185.190002,185.875000,4645419.000000,1705077000.0
1705077000.0,185.875000,185.925003,185.389999,185.619995,3521446.000000,1705080600.0
1705080600.0,185.615005,185.839996,185.429993,185.793793,2308362.000000,1705084200.0
1705084200.0,185.800003,186.066895,185.600006,185.610001,2732716.000000,1705087800.0
1705087800.0,185.603302,185.610001,185.220001,185.514999,3823230.000000,1705091400.0
1705091400.0,185.520004,185.979996,185.465897,185.919998,4865441.000000,1705095000.0
1705415400.0,182.500000,182.850006,180.934006,182.759995,16725135.000000,1705419000.0
1705419000.0,182.770004,184.259995,182.520004,183.949997,11408997.000000,1705422600.0
1705422600.0,183.960007,184.160004,182.380005,182.414993,5404103.000000,1705426200.0
1705426200.0,182.419998,182.929993,182.210007,182.735001,4292807.000000,1705429800.0
1705429800.0,182.750000,182.949905,182.139999,182.458603,6561011.000000,1705433400.0
1705433400.0,182.455002,183.259995,182.270004,183.169998,4502430.000000,1705437000.0
1705437000.0,183.179993,183.630005,183.134995,183.610001,4776796.000000,1705440600.0
1705501800.0,181.270004,181.839996,180.300003,181.699997,12537805.000000,1705505400.0
1705505400.0,181.684998,182.065002,181.300003,181.804993,5778219.000000,1705509000.0
1705509000.0,181.809998,182.330002,181.488007,182.119995,4248713.000000,1705512600.0
1705512600.0,182.119995,182.535004,181.830002,182.119995,3345645.000000,1705516200.0
1705516200.0,182.115005,182.550003,181.369995,182.535599,5569336.000000,1705519800.0
1705519800.0,182.537796,182.680099,182.050095,182.205505,4778525.000000,1705523400.0
1705523400.0,182.205002,182.929993,182.179993,182.660004,4353739.000000,1705527000.0
1705588200.0,186.089996,187.649994,185.830002,187.450104,19756876.000000,1705591800.0
1705591800.0,187.460007,188.960007,187.270004,188.770004,11697457.000000,1705595400.0
1705595400.0,188.764999,188.779999,187.679993,187.929993,8302899.000000,1705599000.0
1705599000.0,187.929993,187.929993,186.750107,186.925003,5973240.000000,1705602600.0
1705602600.0,186.929993,188.949997,186.919998,188.924500,6516026.000000,1705606200.0
1705606200.0,188.925003,189.139999,188.705002,188.959900,7066159.000000,1705609800.0
1705609800.0,188.960007,188.990005,188.509995,188.729996,6982801.000000,1705613400.0
1705674600.0,189.330002,189.964996,188.820007,189.940094,16382763.000000,1705678200.0
1705678200.0,189.940002,190.160004,189.580002,189.910004,7573154.000000,1705681800.0
1705681800.0,189.899994,190.429993,189.330093,190.315002,5987140.000000,1705685400.0
1705685400.0,190.320007,190.990005,190.279999,190.934998,7184895.000000,1705689000.0
1705689000.0,190.934494,191.949997,190.925003,191.470001,6850175.000000,1705692600.0
1705692600.0,191.479996,191.740005,191.169998,191.434998,6438261.000000,1705696200.0
1705696200.0,191.434296,191.820007,191.320007,191.580002,5716572.000000,1705699800.0
1705933800.0,192.429993,194.949997,192.429993,194.750000,14810964.000000,1705937400.0
1705937400.0,194.770004,195.330002,193.149994,193.779999,10776514.000000,1705941000.0
1705941000.0,193.789993,193.854996,193.029999,193.667496,5000034.000000,1705944600.0
1705944600.0,193.663193,194.139999,193.509995,193.757294,5093193.000000,1705948200.0
1705948200.0,193.759995,194.500000,193.744995,194.380005,4701837.000000,1705951800.0
1705951800.0,194.389999,194.570007,193.705002,193.900101,4425371.000000,1705955400.0
1705955400.0,193.899994,193.919998,193.460007,193.869995,4882197.000000,1705959000.0
1706020200.0,195.020004,195.750000,193.829895,194.195007,10604009.000000,1706023800.0
1706023800.0,194.199997,194.570007,194.000000,194.320007,5112775.000000,1706027400.0
1706027400.0,194.320007,194.779999,194.200104,194.664993,3643345.000000,1706031000.0
1706031000.0,194.669998,195.240005,194.494995,195.054993,3772811.000000,1706034600.0
1706034600.0,195.050003,195.149994,194.570007,194.733994,3816695.000000,1706038200.0
1706038200.0,194.645004,195.190002,194.570007,194.835007,4587060.000000,1706041800.0
1706041800.0,194.835007,195.250000,194.659897,195.160004,5178142.000000,1706045400.0
1706106600.0,195.419998,196.380005,194.660004,196.000000,11411670.000000,1706110200.0
1706110200.0,195.990097,196.339996,195.270004,195.399994,6599536.000000,1706113800.0
1706113800.0,195.410004,195.899994,195.345001,195.750000,6119557.000000,1706117400.0
1706117400.0,195.752701,196.080002,195.214996,195.654999,5360074.000000,1706121000.0
1706121000.0,195.660004,195.660095,194.690002,194.809998,4601531.000000,1706124600.0
1706124600.0,194.809998,195.218201,194.550003,194.656693,4745911.000000,1706128200.0
1706128200.0,194.659897,195.100006,194.339996,194.509995,4950346.000000,1706131800.0
1706193000.0,195.304993,195.589996,194.630005,195.354996,9104188.000000,1706196600.0
1706196600.0,195.360001,195.869995,195.139999,195.839996,6222253.000000,1706200200.0
1706200200.0,195.839996,196.267502,195.529999,195.740005,5865883.000000,1706203800.0
1706203800.0,195.750000,195.957397,194.100006,194.710007,7792813.000000,1706207400.0
1706207400.0,194.705002,194.934998,193.751694,193.911102,5786472.000000,1706211000.0
1706211000.0,193.914993,194.130005,193.112503,193.853500,5204479.000000,1706214600.0
1706214600.0,193.854996,194.309998,193.759995,194.190002,5031642.000000,1706218200.0
1706279400.0,194.270004,194.759995,193.750000,194.684998,8196843.000000,1706283000.0
1706283000.0,194.690002,194.744995,194.360001,194.389999,3865162.000000,1706286600.0
1706286600.0,194.399994,194.475006,193.600006,193.720001,3732100.000000,1706290200.0
1706290200.0,193.700104,193.710007,192.270004,192.660004,6154152.000000,1706293800.0
1706293800.0,192.660004,192.729996,192.270004,192.475098,3375089.000000,1706297400.0
1706297400.0,192.479996,192.975006,192.339996,192.425003,3467304.000000,1706301000.0
1706301000.0,192.425003,192.589996,191.940002,192.369995,6951830.000000,1706304600.0
1706538600.0,192.009995,192.177994,189.580002,190.869995,11790966.000000,1706542200.0
1706542200.0,190.869995,191.149994,190.404999,190.690002,4793101.000000,1706545800.0
1706545800.0,190.684998,191.138901,190.399994,191.029999,4112191.000000,1706549400.0
1706549400.0,191.035004,191.289993,190.779999,191.250000,2704473.000000,1706553000.0
1706553000.0,191.259995,191.619995,191.210007,191.535004,3065266.000000,1706556600.0
1706556600.0,191.535599,192.199997,191.279999,191.934998,5766967.000000,1706560200.0
1706560200.0,191.934998,192.104996,191.389999,191.779999,5062975.000000,1706563800.0
1706625000.0,190.940002,191.800003,189.460007,189.949997,10879513.000000,1706628600.0
1706628600.0,189.929993,190.250000,187.865005,188.653198,12493978.000000,1706632200.0
1706632200.0,188.654999,188.940002,188.229996,188.410004,4796471.000000,1706635800.0
1706635800.0,188.399994,188.570007,187.679993,188.563995,4738358.000000,1706639400.0
1706639400.0,188.559998,188.639893,187.470001,187.845001,4840030.000000,1706643000.0
1706643000.0,187.845001,188.279999,187.770004,188.070007,4500321.000000,1706646600.0
1706646600.0,188.065002,188.139999,187.800003,187.979996,5122448.000000,1706650200.0
1706711400.0,187.039993,187.095001,184.789993,185.014999,12426052.000000,1706715000.0
1706715000.0,185.020004,185.869995,184.899994,185.719894,5060007.000000,1706718600.0
1706718600.0,185.720001,186.110001,185.419998,186.089996,3731068.000000,1706722200.0
1706722200.0,186.080002,186.440002,185.833298,186.160004,3297036.000000,1706725800.0
1706725800.0,186.169998,186.529999,185.259995,185.669998,4331208.000000,1706729400.0
1706729400.0,185.669998,186.940002,185.035004,185.520004,6707892.000000,1706733000.0
1706733000.0,185.520004,185.588699,184.350006,184.360001,6428646.000000,1706736600.0
1706797800.0,184.250000,186.179993,183.960007,186.104996,12493823.000000,1706801400.0
1706801400.0,186.119995,186.309998,185.289993,185.395004,5815982.000000,1706805000.0
1706805000.0,185.389999,186.294998,185.360001,185.889999,4622455.000000,1706808600.0
1706808600.0,185.889999,186.440002,185.570007,185.729996,4421852.000000,1706812200.0
1706812200.0,185.740005,186.154999,185.259995,185.975006,4416220.000000,1706815800.0
1706815800.0,185.979904,186.800003,185.881104,186.660004,5947190.000000,1706819400.0
1706819400.0,186.649994,186.949997,186.360001,186.889999,6843756.000000,1706823000.0
1706884200.0,180.449997,184.169998,180.050003,183.315002,35096943.000000,1706887800.0
1706887800.0,183.330002,187.330002,183.160004,187.000000,15943080.000000,1706891400.0
1706891400.0,187.009995,187.100006,185.830002,187.020905,8987019.000000,1706895000.0
1706895000.0,187.029999,187.119995,184.854004,186.035004,8500269.000000,1706898600.0
1706898600.0,186.039993,186.240005,185.589996,186.080002,5735681.000000,1706902200.0
1706902200.0,186.089996,187.070007,186.080002,186.729996,7311261.000000,1706905800.0
1706905800.0,186.735001,186.889999,185.830002,185.839996,7701037.000000,1706909400.0
1707143400.0,187.125000,188.360001,185.839996,186.699997,21074171.000000,1707147000.0
1707147000.0,186.669998,187.759995,186.110001,187.250000,7579937.000000,1707150600.0
1707150600.0,187.250000,188.490005,187.230103,188.429993,6730072.000000,1707154200.0
1707154200.0,188.429993,189.250000,188.419998,188.540100,7252942.000000,1707157800.0
1707157800.0,188.540100,189.020004,188.384995,188.464996,4527382.000000,1707161400.0
1707161400.0,188.487000,188.839996,188.029999,188.350006,6093208.000000,1707165000.0
1707165000.0,188.339996,188.419998,187.639999,187.669998,5767234.000000,1707168600.0
1707229800.0,186.860001,188.630005,186.769501,187.929993,11081527.000000,1707233400.0
1707233400.0,187.910004,188.860001,187.270004,188.815002,6268747.000000,1707237000.0
1707237000.0,188.820007,189.139999,188.410004,188.839996,4757028.000000,1707240600.0
1707240600.0,188.839996,189.000000,188.429993,188.889999,3663298.000000,1707244200.0
1707244200.0,188.895004,188.940002,188.361099,188.448502,2989009.000000,1707247800.0
1707247800.0,188.449997,188.638306,188.229996,188.354996,3103015.000000,1707251400.0
1707251400.0,188.360001,189.309998,188.169998,189.289993,4836714.000000,1707255000.0
1707316200.0,190.639999,191.050003,188.610001,190.371002,13070939.000000,1707319800.0
1707319800.0,190.380005,190.399994,188.806000,189.074997,6941625.000000,1707323400.0
1707323400.0,189.074997,189.270004,188.809998,188.994995,4142050.000000,1707327000.0
1707327000.0,189.000000,189.175003,188.649994,189.119995,4225096.000000,1707330600.0
1707330600.0,189.130005,189.294998,188.860001,188.973404,3634993.000000,1707334200.0
1707334200.0,188.979996,189.410004,188.889999,189.175003,4428203.000000,1707337800.0
1707337800.0,189.175003,189.419998,188.934998,189.410004,5356489.000000,1707341400.0
1707402600.0,189.384995,189.535004,187.770004,187.796402,9404735.000000,1707406200.0
1707406200.0,187.800003,188.220001,187.350006,188.005005,5999088.000000,1707409800.0
1707409800.0,187.990707,188.719894,187.934998,188.699997,3704042.000000,1707413400.0
1707413400.0,188.709000,188.750000,188.000000,188.229996,3684608.000000,1707417000.0
1707417000.0,188.229996,188.350006,187.990005,188.020004,2950677.000000,1707420600.0
1707420600.0,188.014999,188.445007,187.990005,188.339996,3130920.000000,1707424200.0
1707424200.0,188.354996,188.419998,188.070007,188.339996,4392367.000000,1707427800.0
1707489000.0,188.649994,188.929993,188.000000,188.490005,7269191.000000,1707492600.0
1707492600.0,188.490005,189.860001,188.399994,189.585800,7262095.000000,1707496200.0
1707496200.0,189.588394,189.990005,189.100098,189.339996,5933174.000000,1707499800.0
1707499800.0,189.335007,189.679993,189.149994,189.470093,3946336.000000,1707503400.0
1707503400.0,189.479996,189.529999,188.699997,188.850006,3957939.000000,1707507000.0
1707507000.0,188.840698,189.029999,188.565002,188.809998,3908875.000000,1707510600.0
1707510600.0,188.809998,188.910004,188.570007,188.820007,4247081.000000,1707514200.0
1707748200.0,188.414993,188.669998,187.440002,187.468597,9188512.000000,1707751800.0
1707751800.0,187.470001,188.059998,187.380096,187.990005,5040878.000000,1707755400.0
1707755400.0,187.990005,188.179993,187.699997,187.865005,3034871.000000,1707759000.0
1707759000.0,187.860306,188.369995,187.860199,187.975006,3095209.000000,1707762600.0
1707762600.0,187.975006,188.109695,187.410004,187.449997,3735143.000000,1707766200.0
1707766200.0,187.445007,187.500000,186.789993,187.110001,3698293.000000,1707769800.0
1707769800.0,187.108902,187.449997,186.880005,187.179993,4927400.000000,1707773400.0
1707834600.0,185.770004,186.210007,184.179993,185.470795,13054284.000000,1707838200.0
1707838200.0,185.479904,186.119904,185.360001,185.610001,5752805.000000,1707841800.0
1707841800.0,185.595001,185.739395,185.251602,185.475006,3585593.000000,1707845400.0
1707845400.0,185.479996,185.770004,185.110001,185.294998,3022354.000000,1707849000.0
1707849000.0,185.289993,185.380005,184.190002,184.285004,4531260.000000,1707852600.0
1707852600.0,184.279999,184.595001,183.512802,183.729904,5652730.000000,1707856200.0
1707856200.0,183.725006,185.199997,183.690002,185.029999,7155981.000000,1707859800.0
1707921000.0,185.320007,185.529999,183.419998,183.800003,10773002.000000,1707924600.0
1707924600.0,183.804993,183.960007,182.803497,183.490005,7267868.000000,1707928200.0
1707928200.0,183.490005,183.600006,182.509995,182.800003,5070640.000000,1707931800.0
1707931800.0,182.800003,182.927399,182.440002,182.570007,4266603.000000,1707935400.0
1707935400.0,182.580002,183.190002,182.490005,183.149994,4242351.000000,1707939000.0
1707939000.0,183.160004,183.559998,182.809998,183.524994,4560865.000000,1707942600.0
1707942600.0,183.529999,184.270004,183.424500,184.020004,6170787.000000,1707946200.0
1708007400.0,183.550003,184.089401,181.350006,181.880005,15865879.000000,1708011000.0
1708011000.0,181.899994,182.119995,181.440002,181.990005,7072846.000000,1708014600.0
1708014600.0,182.000000,182.249893,181.559998,182.024994,4268275.000000,1708018200.0
1708018200.0,182.029999,182.195007,181.664993,182.050003,4337741.000000,1708021800.0
1708021800.0,182.045898,182.460007,181.860001,181.978897,5128374.000000,1708025400.0
1708025400.0,181.970001,182.649994,181.740005,182.380096,5376205.000000,1708029000.0
1708029000.0,182.386902,184.490005,182.210007,183.949997,11866107.000000,1708032600.0
1708093800.0,183.750000,184.850006,181.860001,182.544998,14074668.000000,1708097400.0
1708097400.0,182.550003,183.447296,182.419998,183.149994,5935048.000000,1708101000.0
1708101000.0,183.154999,183.289993,182.720001,182.940094,3563098.000000,1708104600.0
1708104600.0,182.949997,183.009995,182.479996,182.649994,3133873.000000,1708108200.0
1708108200.0,182.656998,183.179993,182.485001,183.143005,3501742.000000,1708111800.0
1708111800.0,183.148804,183.197495,182.029999,182.255997,4414931.000000,1708115400.0
1708115400.0,182.259995,182.309998,181.664993,182.289993,5087964.000000,1708119000.0
1708439400.0,182.000000,182.429993,180.244995,180.460007,11558221.000000,1708443000.0
1708443000.0,180.460007,181.164993,180.000000,181.125000,6406312.000000,1708446600.0
1708446600.0,181.130005,181.369995,180.600006,180.744995,5338226.000000,1708450200.0
1708450200.0,180.744995,180.949997,180.440002,180.509995,3708310.000000,1708453800.0
1708453800.0,180.505005,180.839996,180.399994,180.690002,3193463.000000,1708457400.0
1708457400.0,180.690002,181.460007,180.470001,181.382706,3858975.000000,1708461000.0
1708461000.0,181.389999,181.660004,180.860001,181.610001,6301252.000000,1708464600.0
1708525800.0,181.600006,182.888794,181.554993,182.559998,9104336.000000,1708529400.0
1708529400.0,182.559998,182.649994,182.070007,182.154999,4359759.000000,1708533000.0
1708533000.0,182.149994,182.330002,181.360001,181.389999,3729837.000000,1708536600.0
1708536600.0,181.389999,181.725006,181.059998,181.419998,3311637.000000,1708540200.0
1708540200.0,181.429993,181.520004,180.660004,180.949997,3555971.000000,1708543800.0
1708543800.0,180.949997,181.304993,180.764999,181.205002,3885929.000000,1708547400.0
1708547400.0,181.210007,182.389999,181.205002,182.330002,4689099.000000,1708551000.0
1708612200.0,183.839996,184.039993,182.524002,183.054993,11857133.000000,1708615800.0
1708615800.0,183.059998,183.296799,182.460007,183.035004,4961137.000000,1708619400.0
1708619400.0,183.039993,183.259995,182.740005,183.059998,3670959.000000,1708623000.0
1708623000.0,183.070007,184.110001,183.000000,184.039993,4935398.000000,1708626600.0
1708626600.0,184.050003,184.949997,183.940002,184.940002,4540628.000000,1708630200.0
1708630200.0,184.940002,184.955002,184.389999,184.559998,5171492.000000,1708633800.0
1708633800.0,184.567398,184.619995,184.179993,184.369995,7964831.000000,1708637400.0
1708698600.0,185.009995,185.039993,183.294998,183.300003,8567439.000000,1708702200.0
1708702200.0,183.294998,183.556000,182.639999,183.059006,5717230.000000,1708705800.0
1708705800.0,183.054993,183.115005,182.390106,182.559998,4001601.000000,1708709400.0
1708709400.0,182.554993,182.960007,182.309998,182.955002,6905673.000000,1708713000.0
1708713000.0,182.955002,182.970001,182.430298,182.470001,2955884.000000,1708716600.0
1708716600.0,182.479996,182.695007,182.440002,182.585007,4028588.000000,1708720200.0
1708720200.0,182.589996,182.820007,182.229996,182.509995,5352894.000000,1708723800.0
1708957800.0,182.399994,182.759995,181.148407,181.602203,8939120.000000,1708961400.0
1708961400.0,181.610001,181.850006,180.740005,180.940002,5659166.000000,1708965000.0
1708965000.0,180.940002,181.259995,180.835007,180.970001,3653300.000000,1708968600.0
1708968600.0,180.973099,181.330002,180.649994,180.985001,3721259.000000,1708972200.0
1708972200.0,180.990005,181.729996,180.850006,181.712006,3813825.000000,1708975800.0
1708975800.0,181.710007,181.779999,181.259995,181.380005,3361670.000000,1708979400.0
1708979400.0,181.380005,181.470001,181.074997,181.139999,4001708.000000,1708983000.0
1709044200.0,181.250000,181.669998,180.300003,181.169998,8245225.000000,1709047800.0
1709047800.0,181.160095,181.270004,180.759995,180.862793,3681857.000000,1709051400.0
1709051400.0,180.860001,181.010101,180.550003,180.690002,2764462.000000,1709055000.0
1709055000.0,180.684998,180.789993,180.040100,180.065399,3614103.000000,1709058600.0
1709058600.0,180.070007,182.600006,179.559998,182.600006,10154303.000000,1709062200.0
1709062200.0,182.597900,183.922501,182.179993,182.604996,12441282.000000,1709065800.0
1709065800.0,182.600006,182.750000,182.279999,182.630005,6563443.000000,1709069400.0
1709130600.0,182.509995,183.119995,181.110001,181.160004,11442944.000000,1709134200.0
1709134200.0,181.160004,181.764999,180.960007,181.601501,5720266.000000,1709137800.0
1709137800.0,181.619995,181.669998,180.600006,180.701004,6240997.000000,1709141400.0
1709141400.0,180.704697,180.704697,180.130005,180.602203,5735191.000000,1709145000.0
1709145000.0,180.610001,180.929993,180.530106,180.619904,3681788.000000,1709148600.0
1709148600.0,180.604996,180.860001,180.350006,180.835007,4490821.000000,1709152200.0
1709152200.0,180.835007,181.470001,180.835007,181.419998,5579634.000000,1709155800.0
1709217000.0,182.000000,182.360001,181.289993,181.619995,12685419.000000,1709220600.0
1709220600.0,181.625305,181.710007,180.419998,180.429993,7277897.000000,1709224200.0
1709224200.0,180.425003,180.429993,179.529999,179.820007,8149732.000000,1709227800.0
1709227800.0,179.820007,180.800003,179.649994,180.380005,7795890.000000,1709231400.0
1709231400.0,180.380005,180.490005,179.679993,180.110001,6547702.000000,1709235000.0
1709235000.0,180.119995,180.699997,179.860001,180.585007,6246756.000000,1709238600.0
1709238600.0,180.585007,181.110001,179.570007,180.770004,13220925.000000,1709242200.0
1709303400.0,180.100006,180.433105,178.296005,178.308502,11740393.000000,1709307000.0
1709307000.0,178.309998,178.470001,177.669998,178.229996,18570130.000000,1709310600.0
1709310600.0,178.250000,178.250000,177.380005,178.039993,8174326.000000,1709314200.0
1709314200.0,178.042206,178.800003,177.949997,178.700104,6896281.000000,1709317800.0
1709317800.0,178.705002,180.220001,178.559998,180.199997,7669052.000000,1709321400.0
1709321400.0,180.199997,180.205002,179.550003,179.679993,6521136.000000,1709325000.0
1709325000.0,179.679993,179.800003,179.414993,179.639999,5971790.000000,1709328600.0
1709562600.0,175.800003,176.830002,173.929993,174.169998,24053178.000000,1709566200.0
1709566200.0,174.190002,175.020004,173.899994,174.815002,0.000000,1709569800.0
1709569800.0,174.820007,175.005005,174.009995,174.626999,5211390.000000,1709573400.0
1709573400.0,174.630005,174.679993,173.790100,173.904999,4979309.000000,1709577000.0
1709577000.0,173.899994,174.505005,173.794998,174.350006,4710827.000000,1709580600.0
1709580600.0,174.356293,175.645004,174.354996,175.440002,5373792.000000,1709584200.0
1709584200.0,175.445007,175.500000,174.949997,175.089996,28556373.000000,1709587800.0
1709649000.0,171.000000,171.970001,169.899994,169.910004,28565817.000000,1709652600.0
1709652600.0,169.919998,170.820007,169.619995,170.610001,11409729.000000,1709656200.0
1709656200.0,170.070007,170.895004,169.860001,170.785004,0.000000,1709659800.0
1709659800.0,170.785004,170.828705,170.149994,170.470001,4315788.000000,1709663400.0
1709663400.0,170.460007,170.472000,169.940002,170.044006,5130323.000000,1709667000.0
1709667000.0,170.049896,170.248306,169.789993,169.979996,5324135.000000,1709670600.0
1709670600.0,169.990005,170.199997,169.830002,170.169998,32406499.000000,1709674200.0
1709735400.0,170.429993,171.070007,168.929993,169.580002,20056778.000000,1709739000.0
1709739000.0,169.589996,170.050003,169.270004,169.779999,0.000000,1709742600.0
1709742600.0,169.774994,170.300003,169.335007,170.179901,5004145.000000,1709746200.0
1709746200.0,170.175003,170.350006,169.910004,169.991501,3526171.000000,1709749800.0
1709749800.0,169.994995,170.044998,168.679993,169.100006,4963027.000000,1709753400.0
1709753400.0,169.110001,169.240005,168.699997,169.000000,4147280.000000,1709757000.0
1709757000.0,169.009995,169.395004,168.869995,169.119995,21763131.000000,1709760600.0
1709821800.0,169.149994,169.779999,168.490005,168.970001,15511305.000000,1709825400.0
1709825400.0,168.979996,169.529999,168.610001,169.279999,8462490.000000,1709829000.0
1709829000.0,169.289993,169.600006,168.919998,169.160004,6669342.000000,1709832600.0
1709832600.0,169.169998,169.649994,168.990005,169.625000,5894598.000000,1709836200.0
1709836200.0,169.630005,170.729996,169.550003,170.100006,9957544.000000,1709839800.0
1709839800.0,170.089996,170.440002,169.600494,169.610107,6424710.000000,1709843400.0
1709843400.0,169.615005,169.660004,168.899994,168.979996,7405147.000000,1709847000.0
1709908200.0,169.000000,171.848999,168.940002,171.779999,16160343.000000,1709911800.0
1709911800.0,171.779999,172.050003,171.020004,171.619995,9142498.000000,1709915400.0
1709915400.0,171.619995,172.770004,170.929993,172.714996,10400918.000000,1709919000.0
1709919000.0,172.720001,172.789993,171.710007,172.229996,6861688.000000,1709922600.0
1709922600.0,172.235001,173.500000,172.089996,173.470001,7762851.000000,1709926200.0
1709926200.0,173.470001,173.699997,171.345001,171.399994,8844545.000000,1709929800.0
1709929800.0,171.410004,171.732803,170.720001,170.740005,8836925.000000,1709933400.0
1710163800.0,173.250000,174.250000,172.830002,173.350006,17506196.000000,1710167400.0
1710167400.0,173.348907,173.639999,172.289993,172.673096,7509998.000000,1710171000.0
1710171000.0,172.677994,173.329605,172.539993,172.820007,5417242.000000,1710174600.0
1710174600.0,172.824997,172.979996,172.050003,172.389999,3959687.000000,1710178200.0
1710178200.0,172.384995,173.419998,172.220001,172.625000,5585359.000000,1710181800.0
1710181800.0,172.630005,172.940002,172.434998,172.699997,4048971.000000,1710185400.0
1710185400.0,172.710007,173.069901,172.449997,172.789993,5939837.000000,1710189000.0
1710250200.0,173.149994,173.470001,171.009995,172.634995,13927121.000000,1710253800.0
1710253800.0,172.639999,172.910004,172.320099,172.679901,6625420.000000,1710257400.0
1710257400.0,172.675003,173.100006,172.214996,172.520004,5867479.000000,1710261000.0
1710261000.0,172.529999,173.259995,171.940002,173.039993,6672048.000000,1710264600.0
1710264600.0,173.044998,173.839996,173.009995,173.799896,5308038.000000,1710268200.0
1710268200.0,173.794998,174.009995,173.350006,173.845001,5389586.000000,1710271800.0
1710271800.0,173.854996,174.029999,173.149994,173.220001,6368886.000000,1710275400.0
1710336600.0,172.770004,173.184998,170.759995,170.985001,11960722.000000,1710340200.0
1710340200.0,170.985001,171.350006,170.865005,170.994995,6130049.000000,1710343800.0
1710343800.0,171.000000,171.179993,170.852707,171.059998,4316300.000000,1710347400.0
1710347400.0,171.070007,171.460007,170.940002,171.434998,5621506.000000,1710351000.0
1710351000.0,171.429993,171.759995,171.160004,171.580002,3845695.000000,1710354600.0
1710354600.0,171.580002,171.800003,171.029999,171.279999,4228485.000000,1710358200.0
1710358200.0,171.279999,171.705002,171.039993,171.169998,5993931.000000,1710361800.0
1710423000.0,172.320007,173.824997,172.050003,173.664993,14937836.000000,1710426600.0
1710426600.0,173.669998,174.307800,173.300003,173.339996,8727021.000000,1710430200.0
1710430200.0,173.345001,173.490005,172.399994,172.669998,6752491.000000,1710433800.0
1710433800.0,172.679993,173.369202,172.240005,172.962997,9628933.000000,1710437400.0
1710437400.0,172.968903,174.000000,172.899994,173.824997,7128040.000000,1710441000.0
1710441000.0,173.830002,173.839996,172.220001,172.660004,6609776.000000,1710444600.0
1710444600.0,172.660004,173.282501,172.503296,173.080002,7750362.000000,1710448200.0
1710509400.0,171.000000,172.470001,170.563995,170.610107,21995996.000000,1710513000.0
1710513000.0,170.618103,171.169998,170.289993,170.955002,5599492.000000,1710516600.0
1710516600.0,170.955002,171.479996,170.731995,171.315002,3771263.000000,1710520200.0
1710520200.0,171.315002,171.514999,170.600006,170.695007,3721006.000000,1710523800.0
1710523800.0,170.699997,171.250000,170.524994,171.214996,3679425.000000,1710527400.0
1710527400.0,171.214996,171.990005,171.089905,171.865005,4328832.000000,1710531000.0
1710531000.0,171.856003,172.600006,171.477997,172.570007,6260589.000000,1710534600.0
1710768600.0,175.600006,177.580002,174.890594,177.350006,22893626.000000,1710772200.0
1710772200.0,177.369995,177.710007,176.559998,176.820007,8667055.000000,1710775800.0
1710775800.0,176.820007,176.904999,175.199997,175.258301,7068789.000000,1710779400.0
1710779400.0,175.255005,175.619995,174.750000,175.395004,5477904.000000,1710783000.0
1710783000.0,175.399994,175.539993,174.990005,175.530106,4053801.000000,1710786600.0
1710786600.0,175.535995,175.539993,174.820007,175.065002,5777258.000000,1710790200.0
1710790200.0,175.070007,175.175003,173.520004,173.699997,7286587.000000,1710793800.0
1710855000.0,174.089996,175.039993,173.029999,174.705002,11721089.000000,1710858600.0
1710858600.0,174.699997,175.369995,174.559998,174.839996,6172012.000000,1710862200.0
1710862200.0,174.839996,175.410004,174.839996,175.309998,4206842.000000,1710865800.0
1710865800.0,175.315002,175.850006,175.171295,175.645004,4140302.000000,1710869400.0
1710869400.0,175.649994,176.434998,175.639999,176.425003,5001221.000000,1710873000.0
1710873000.0,176.421707,176.604996,176.000000,176.330002,5274655.000000,1710876600.0
1710876600.0,176.335007,176.539993,175.789993,176.080002,6908180.000000,1710880200.0
1710941400.0,175.729996,176.169998,175.089996,176.160507,8587629.000000,1710945000.0
1710945000.0,176.164993,176.380005,175.720001,176.059906,4488283.000000,1710948600.0
1710948600.0,176.059296,176.509995,175.945007,176.380096,3092842.000000,1710952200.0
1710952200.0,176.380005,176.774994,176.309998,176.324997,3578644.000000,1710955800.0
1710955800.0,176.309998,177.389999,176.279999,177.007507,6092320.000000,1710959400.0
1710959400.0,177.009995,178.429993,176.720001,178.214996,9778064.000000,1710963000.0
1710963000.0,178.210007,178.669998,177.945007,178.660004,7696922.000000,1710966600.0
1711027800.0,177.000000,177.490005,175.009995,175.021805,15825386.000000,1711031400.0
1711031400.0,175.029999,175.059998,171.830002,172.821304,27939112.000000,1711035000.0
1711035000.0,172.820007,173.235001,171.860001,172.565002,13930077.000000,1711038600.0
1711038600.0,172.570007,172.600006,171.949997,172.108307,7139429.000000,1711042200.0
1711042200.0,172.100098,172.130005,170.910004,171.074997,10317094.000000,1711045800.0
1711045800.0,171.080002,171.330002,170.850006,171.250000,9119635.000000,1711049400.0
1711049400.0,171.240005,171.570007,170.839996,171.399994,9723209.000000,1711053000.0
1711114200.0,171.860001,172.320007,170.059998,171.785706,22009712.000000,1711117800.0
1711117800.0,171.794998,172.559998,171.589996,172.259995,9035728.000000,1711121400.0
1711121400.0,172.270004,172.889999,172.070007,172.365005,5763015.000000,1711125000.0
1711125000.0,172.369995,172.940002,172.089996,172.613998,5023927.000000,1711128600.0
1711128600.0,172.619995,172.679993,172.360001,172.625000,4107617.000000,1711132200.0
1711132200.0,172.627594,172.990005,172.619995,172.986893,5786041.000000,1711135800.0
1711135800.0,172.981598,173.050003,172.240005,172.250000,7983892.000000,1711139400.0
1711373400.0,170.529999,170.690002,169.449997,170.039993,13738571.000000,1711377000.0
1711377000.0,170.039993,170.729996,169.970001,170.119995,6645377.000000,1711380600.0
1711380600.0,170.119995,170.820007,170.095001,170.737900,4597520.000000,1711384200.0
1711384200.0,170.735001,171.470001,170.645004,171.365005,4742467.000000,1711387800.0
1711387800.0,171.360001,171.609695,171.154999,171.330002,3830333.000000,1711391400.0
1711391400.0,171.324997,171.630005,171.235001,171.557999,3617953.000000,1711395000.0
1711395000.0,171.559998,171.940002,170.789993,170.860001,6913173.000000,1711398600.0
1711459800.0,170.000000,171.068604,169.649994,170.720001,12465952.000000,1711463400.0
1711463400.0,170.720001,170.889999,170.360001,170.651001,5336353.000000,1711467000.0
1711467000.0,170.654999,171.250000,170.494995,171.234695,5311150.000000,1711470600.0
1711470600.0,171.231094,171.419998,170.675003,170.820007,4667926.000000,1711474200.0
1711474200.0,170.824005,170.889999,170.160004,170.520004,4370611.000000,1711477800.0
1711477800.0,170.512497,170.684998,170.330002,170.539993,4054402.000000,1711481400.0
1711481400.0,170.539993,170.550003,169.600006,169.815002,9108998.000000,1711485000.0
1711546200.0,170.419998,173.110001,170.110001,172.044998,16062624.000000,1711549800.0
1711549800.0,172.039993,172.759995,171.940094,172.455002,5913439.000000,1711553400.0
1711553400.0,172.460007,172.699997,171.860001,172.046799,4655107.000000,1711557000.0
1711557000.0,172.050003,172.389999,172.000000,172.259995,3604513.000000,1711560600.0
1711560600.0,172.270004,172.820007,172.139999,172.750000,3957014.000000,1711564200.0
1711564200.0,172.755005,173.100006,172.426300,172.990005,5418271.000000,1711567800.0
1711567800.0,173.000000,173.600006,172.880005,173.410004,8611965.000000,1711571400.0
1711632600.0,171.699997,171.934998,170.720001,171.195007,14682071.000000,1711636200.0
1711636200.0,171.199997,171.210007,170.509995,170.835007,7903177.000000,1711639800.0
1711639800.0,170.839996,171.199997,170.729996,171.169205,5070981.000000,1711643400.0
1711643400.0,171.169998,171.369995,170.949997,170.964996,4292029.000000,1711647000.0
1711647000.0,170.960007,171.810303,170.889999,171.780106,4247361.000000,1711650600.0
1711650600.0,171.789993,172.229996,171.610001,172.139893,4699109.000000,1711654200.0
1711654200.0,172.139999,172.229996,171.259995,171.520004,6848121.000000,1711657800.0
1711978200.0,171.187500,171.220001,169.835007,170.089905,12016910.000000,1711981800.0
1711981800.0,170.089005,170.160004,169.479996,169.845001,5566284.000000,1711985400.0
1711985400.0,169.839996,170.080002,169.585007,169.895004,4325649.000000,1711989000.0
1711989000.0,169.895004,170.020004,169.759995,169.915695,2857559.000000,1711992600.0
1711992600.0,169.919998,170.089996,169.880005,169.994995,2605346.000000,1711996200.0
1711996200.0,169.990005,170.240005,169.850006,169.934998,3725960.000000,1711999800.0
1711999800.0,169.934998,170.139999,169.869995,170.009995,5786677.000000,1712003400.0
1712064600.0,169.059998,169.339996,168.230194,169.039993,11163207.000000,1712068200.0
1712068200.0,169.035004,169.195007,168.529999,168.832199,4826587.000000,1712071800.0
1712071800.0,168.835007,169.147995,168.369995,168.664993,4166243.000000,1712075400.0
1712075400.0,168.679993,169.089996,168.639999,168.994995,3340894.000000,1712079000.0
1712079000.0,169.000000,169.104996,168.860001,168.919998,3451310.000000,1712082600.0
1712082600.0,168.919998,169.070007,168.729996,168.975006,3699021.000000,1712086200.0
1712086200.0,168.990005,169.220093,168.770004,168.940002,6380958.000000,1712089800.0
1712151000.0,168.750000,170.080002,168.589996,170.036697,8758184.000000,1712154600.0
1712154600.0,170.024994,170.679993,169.979996,170.520004,6176025.000000,1712158200.0
1712158200.0,170.520004,170.675003,170.199997,170.320007,3684320.000000,1712161800.0
1712161800.0,170.309998,170.440002,169.750000,170.205002,3812096.000000,1712165400.0
1712165400.0,170.210007,170.389999,170.120102,170.197006,3156608.000000,1712169000.0
1712169000.0,170.199997,170.600006,169.279999,169.524994,6323307.000000,1712172600.0
1712172600.0,169.529999,170.149994,169.380005,169.660004,6602092.000000,1712176200.0
1712237400.0,170.289993,171.190002,170.039993,171.009995,9047827.000000,1712241000.0
1712241000.0,171.014999,171.279999,170.710007,171.270004,4545243.000000,1712244600.0
1712244600.0,171.279999,171.919998,171.274994,171.720306,4325890.000000,1712248200.0
1712248200.0,171.729996,171.869904,171.335007,171.539993,3395662.000000,1712251800.0
1712251800.0,171.546799,171.610001,169.699997,169.750000,6544667.000000,1712255400.0
1712255400.0,169.740005,170.100006,169.020004,169.041000,8346418.000000,1712259000.0
1712259000.0,169.039993,169.740005,168.830002,168.889999,8099922.000000,1712262600.0
1712323800.0,169.500000,169.910004,168.949997,169.220001,9721473.000000,1712327400.0
1712327400.0,169.229996,169.820007,169.089996,169.464996,4890929.000000,1712331000.0
1712331000.0,169.464996,170.380005,169.389008,170.169998,4669016.000000,1712334600.0
1712334600.0,170.169998,170.375000,169.779999,170.074005,3488779.000000,1712338200.0
1712338200.0,170.089996,170.169998,169.350006,169.500305,3347777.000000,1712341800.0
1712341800.0,169.509995,169.919998,169.360001,169.889999,4067851.000000,1712345400.0
1712345400.0,169.889999,169.979996,169.500000,169.570007,4423994.000000,1712349000.0
1712583000.0,169.059998,169.190002,168.240005,168.820007,8279940.000000,1712586600.0
1712586600.0,168.824997,169.130005,168.649994,168.815002,4718366.000000,1712590200.0
1712590200.0,168.815002,168.815002,168.264999,168.412399,4134102.000000,1712593800.0
1712593800.0,168.414993,168.835007,168.404999,168.645004,2982857.000000,1712597400.0
1712597400.0,168.645004,168.899994,168.470001,168.790100,2336490.000000,1712601000.0
1712601000.0,168.794998,168.799896,168.544998,168.785004,2798561.000000,1712604600.0
1712604600.0,168.785004,168.960007,168.324997,168.460007,4991117.000000,1712608200.0
1712669400.0,168.692001,170.074997,168.500000,169.470001,9892473.000000,1712673000.0
1712673000.0,169.475006,169.490005,168.479996,168.695007,5975622.000000,1712676600.0
1712676600.0,168.699997,169.160004,168.690002,169.070007,3680884.000000,1712680200.0
1712680200.0,169.070007,169.559998,168.899994,169.259995,3462971.000000,1712683800.0
1712683800.0,169.270004,169.500000,168.500000,168.585007,4167688.000000,1712687400.0
1712687400.0,168.580002,169.259995,168.350006,169.252502,4206061.000000,1712691000.0
1712691000.0,169.259995,169.729996,168.940002,169.690002,5472554.000000,1712694600.0
1712755800.0,168.839996,169.089996,167.110001,168.029999,14120359.000000,1712759400.0
1712759400.0,168.044006,168.699997,167.610001,167.914993,5526659.000000,1712763000.0
1712763000.0,167.940002,168.110001,167.539993,168.014999,4681455.000000,1712766600.0
1712766600.0,168.037003,168.600006,167.679993,168.134995,4311563.000000,1712770200.0
1712770200.0,168.121002,168.580002,167.630005,167.759995,4513653.000000,1712773800.0
1712773800.0,167.764999,169.669998,167.690002,168.259995,4221664.000000,1712777400.0
1712777400.0,168.259995,168.684998,167.699997,167.750000,5084905.000000,1712781000.0
1712842200.0,168.250000,169.169998,168.160095,168.720001,9488061.000000,1712845800.0
1712845800.0,168.729996,169.419998,168.570007,169.000000,7020839.000000,1712849400.0
1712849400.0,169.001099,170.289993,169.000000,169.910004,5616006.000000,1712853000.0
1712853000.0,169.919998,172.190002,169.839996,172.104996,9777671.000000,1712856600.0
1712856600.0,172.110001,174.479996,171.960098,174.179993,15507718.000000,1712860200.0
1712860200.0,174.179993,174.860001,173.550003,174.739899,15407602.000000,1712863800.0
1712863800.0,174.740005,175.460007,174.619995,175.039993,15008834.000000,1712867400.0
1712928600.0,174.285004,178.360001,174.210007,176.750000,35055623.000000,1712932200.0
1712932200.0,176.742493,176.809998,175.320007,176.254303,12592011.000000,1712935800.0
1712935800.0,176.259995,176.990005,175.565002,175.589996,8240618.000000,1712939400.0
1712939400.0,175.595001,175.660004,174.800003,175.350006,8466020.000000,1712943000.0
1712943000.0,175.339996,176.000000,175.235001,175.970001,6848567.000000,1712946600.0
1712946600.0,175.970001,176.259995,175.630005,176.017502,8125126.000000,1712950200.0
1712950200.0,176.014999,176.740005,175.955002,176.565002,10614487.000000,1712953800.0
1713187800.0,175.380005,175.979904,173.850006,174.880005,16099072.000000,1713191400.0
1713191400.0,174.880005,176.630005,174.559998,175.410004,9497153.000000,1713195000.0
1713195000.0,175.399994,176.149994,174.960007,175.100006,5334563.000000,1713198600.0
1713198600.0,175.095001,175.570007,174.510101,174.520004,6093345.000000,1713202200.0
1713202200.0,174.509995,174.610001,172.500000,173.130005,9423818.000000,1713205800.0
1713205800.0,173.119995,173.759995,172.800003,172.929993,6849808.000000,1713209400.0
1713209400.0,172.929993,173.610001,172.660004,172.684998,6819556.000000,1713213000.0
1713274200.0,171.710007,173.755005,171.182007,171.220001,14947039.000000,1713277800.0
1713277800.0,171.199997,171.449997,169.020004,169.445007,13407042.000000,1713281400.0
1713281400.0,169.449997,169.850006,168.270004,169.414993,11289116.000000,1713285000.0
1713285000.0,169.410004,169.729996,168.929993,169.389999,5079739.000000,1713288600.0
1713288600.0,169.399994,170.399994,168.399994,168.925003,8396515.000000,1713292200.0
1713292200.0,168.925003,170.080002,168.880005,169.994995,5187348.000000,1713295800.0
1713295800.0,169.990005,170.014999,169.279999,169.337906,5938491.000000,1713299400.0
1713360600.0,169.580002,170.639999,169.310104,170.455002,10358959.000000,1713364200.0
1713364200.0,170.449997,170.475006,169.210007,169.210007,7818704.000000,1713367800.0
1713367800.0,169.220001,169.360001,168.600006,168.699997,5853359.000000,1713371400.0
1713371400.0,168.699997,168.970001,168.070007,168.820007,4690283.000000,1713375000.0
1713375000.0,168.830002,169.000000,168.509995,168.610001,4907946.000000,1713378600.0
1713378600.0,168.619995,169.179993,168.020004,168.089996,4554925.000000,1713382200.0
1713382200.0,168.089996,168.544998,168.000000,168.000000,5025607.000000,1713385800.0
1713447000.0,168.000000,168.639999,167.330002,168.039902,9532841.000000,1713450600.0
1713450600.0,168.039993,168.279999,167.860001,167.990005,4639772.000000,1713454200.0
1713454200.0,168.000000,168.014999,167.399994,167.565002,3556423.000000,1713457800.0
1713457800.0,167.565002,167.699997,166.630005,166.979904,5691557.000000,1713461400.0
1713461400.0,166.990005,167.110001,166.550003,166.859894,4043124.000000,1713465000.0
1713465000.0,166.880005,167.250000,166.639999,167.100006,3707430.000000,1713468600.0
1713468600.0,167.100006,167.374298,166.774994,167.039993,4286307.000000,1713472200.0
1713533400.0,166.119995,166.399994,164.820007,165.270004,16054092.000000,1713537000.0
1713537000.0,165.259995,165.660004,164.875000,164.985001,6502988.000000,1713540600.0
1713540600.0,164.979996,165.160004,164.080002,164.362396,6573825.000000,1713544200.0
1713544200.0,164.369995,165.300003,164.179993,164.919998,6201635.000000,1713547800.0
1713547800.0,164.899994,165.669998,164.899994,165.039993,5158159.000000,1713551400.0
1713551400.0,165.020004,165.240005,164.520004,165.164993,6320854.000000,1713555000.0
1713555000.0,165.160004,165.199997,164.794998,164.929993,7970297.000000,1713558600.0
1713792600.0,165.750000,166.229996,165.229996,165.369995,9753629.000000,1713796200.0
1713796200.0,165.369995,165.539993,164.770004,165.395004,4939703.000000,1713799800.0
1713799800.0,165.399994,165.869995,165.374802,165.619995,4178724.000000,1713803400.0
1713803400.0,165.614197,166.285004,165.434998,166.274994,3510757.000000,1713807000.0
1713807000.0,166.270004,167.259995,166.270004,166.854996,5021219.000000,1713810600.0
1713810600.0,166.860001,167.050003,166.255005,166.660004,6192002.000000,1713814200.0
1713814200.0,166.660004,166.739899,165.639999,165.839996,5290621.000000,1713817800.0
1713879000.0,165.259995,166.710007,164.929993,165.820007,10992740.000000,1713882600.0
1713882600.0,165.820007,166.979996,165.820007,166.625000,6119113.000000,1713886200.0
1713886200.0,166.619995,166.699997,166.057404,166.270004,3828132.000000,1713889800.0
1713889800.0,166.270004,166.639999,166.171707,166.391998,4067219.000000,1713893400.0
1713893400.0,166.399994,166.860001,166.324997,166.839996,2849527.000000,1713897000.0
1713897000.0,166.839996,166.869904,166.500000,166.850006,3658150.000000,1713900600.0
1713900600.0,166.839996,167.050003,166.755005,166.910004,5719471.000000,1713904200.0
1713965400.0,166.399994,168.300003,166.210007,167.994995,9855592.000000,1713969000.0
1713969000.0,167.994995,168.279999,167.520004,167.919998,5213388.000000,1713972600.0
1713972600.0,167.925003,169.274994,167.910004,168.725006,6588577.000000,1713976200.0
1713976200.0,168.725006,168.850006,168.110001,168.461700,3760303.000000,1713979800.0
1713979800.0,168.470001,169.289993,168.460007,168.750000,3891894.000000,1713983400.0
1713983400.0,168.750000,169.089905,168.279999,169.054993,3796420.000000,1713987000.0
1713987000.0,169.054092,169.300003,168.669998,168.949997,5580723.000000,1713990600.0
1714051800.0,169.600006,170.610001,168.470001,168.917496,13123892.000000,1714055400.0
1714055400.0,168.899994,169.085602,168.449997,168.567795,4953755.000000,1714059000.0
1714059000.0,168.565002,169.199997,168.151093,169.190002,4246795.000000,1714062600.0
1714062600.0,169.187607,169.538300,168.919998,169.059998,3597812.000000,1714066200.0
1714066200.0,169.054993,169.749893,168.860001,169.130005,4047077.000000,1714069800.0
1714069800.0,169.110001,170.035004,168.960098,169.934998,5505667.000000,1714073400.0
1714073400.0,169.929993,170.009995,169.410004,169.899994,6221758.000000,1714077000.0
1714138200.0,169.869995,171.059998,169.539993,170.660004,9247096.000000,1714141800.0
1714141800.0,170.660004,171.339996,170.410004,170.690002,5410597.000000,1714145400.0
1714145400.0,170.684998,170.919998,170.210007,170.244995,3910867.000000,1714149000.0
1714149000.0,170.250000,170.259995,169.760101,169.875000,4152260.000000,1714152600.0
1714152600.0,169.880005,169.889999,169.369995,169.699997,4417993.000000,1714156200.0
1714156200.0,169.699997,170.110001,169.520004,169.990005,4106101.000000,1714159800.0
1714159800.0,169.979996,170.089996,169.190002,169.289993,6146863.000000,1714163400.0
1714397400.0,173.389999,176.029999,173.130005,174.759995,22509930.000000,1714401000.0
1714401000.0,174.750000,175.130005,173.979996,174.509995,7830323.000000,1714404600.0
1714404600.0,174.519897,174.820007,174.009995,174.324997,5706873.000000,1714408200.0
1714408200.0,174.327698,174.888794,174.220001,174.869995,4546336.000000,1714411800.0
1714411800.0,174.869995,175.104996,174.089996,174.265793,4501161.000000,1714415400.0
1714415400.0,174.260101,174.660004,173.351501,173.824997,5832343.000000,1714419000.0
1714419000.0,173.824997,173.978897,173.119995,173.490005,5978948.000000,1714422600.0
1714483800.0,173.201996,174.990005,172.649994,174.429993,9649989.000000,1714487400.0
1714487400.0,174.425003,174.945007,173.724594,173.865005,6074161.000000,1714491000.0
1714491000.0,173.869904,174.199905,173.604996,173.836594,3446845.000000,1714494600.0
1714494600.0,173.839996,173.929993,173.220001,173.275299,4148810.000000,1714498200.0
1714498200.0,173.304993,173.879898,173.100006,173.179993,3964263.000000,1714501800.0
1714501800.0,173.199997,173.345001,172.559998,172.729996,4786101.000000,1714505400.0
1714505400.0,172.740005,172.940002,170.020004,170.089996,11784580.000000,1714509000.0
1714570200.0,170.000000,171.070007,169.110001,170.815002,8294097.000000,1714573800.0
1714573800.0,170.785004,171.360001,170.645004,171.169998,4272367.000000,1714577400.0
1714577400.0,171.169998,171.720001,171.100006,171.389999,4126555.000000,1714581000.0
1714581000.0,171.380005,171.449997,170.755005,171.119995,2863605.000000,1714584600.0
1714584600.0,171.125000,171.509995,170.610001,171.423004,4066520.000000,1714588200.0
1714588200.0,171.419998,172.690002,170.895004,172.369995,8561606.000000,1714591800.0
1714591800.0,172.384995,172.384995,169.250000,169.289993,9451344.000000,1714595400.0
1714656600.0,172.419998,172.660004,170.889999,171.589996,16705177.000000,1714660200.0
1714660200.0,171.594193,172.080002,171.419998,171.600006,6210532.000000,1714663800.0
1714663800.0,171.597198,172.505005,171.462494,172.349899,6639465.000000,1714667400.0
1714667400.0,172.345001,172.779999,171.940002,172.698898,5497209.000000,1714671000.0
1714671000.0,172.699997,172.940002,172.410004,172.899994,6288261.000000,1714674600.0
1714674600.0,172.899994,173.220001,172.550003,173.149994,8749459.000000,1714678200.0
1714678200.0,173.145004,173.414993,172.539993,173.089996,9688076.000000,1714681800.0
1714743000.0,186.669998,187.000000,182.660004,184.179993,55819788.000000,1714746600.0
1714746600.0,184.199005,184.990005,183.539993,184.649994,17983283.000000,1714750200.0
1714750200.0,184.660004,184.940002,184.130005,184.360001,10376113.000000,1714753800.0
1714753800.0,184.359894,185.494995,184.300003,185.360107,12652093.000000,1714757400.0
1714757400.0,185.360001,185.860001,184.809998,185.750000,12223485.000000,1714761000.0
1714761000.0,185.755005,185.990005,184.259995,184.994995,16502580.000000,1714764600.0
1714764600.0,185.000000,185.009995,183.050003,183.389999,14886978.000000,1714768200.0
1715002200.0,182.354004,184.169998,181.630005,182.619995,21498066.000000,1715005800.0
1715005800.0,182.889999,183.380005,181.729996,181.997101,8234392.000000,1715009400.0
1715009400.0,182.005005,182.399994,181.500000,181.600006,7543780.000000,1715013000.0
1715013000.0,181.600006,181.829895,180.581207,180.589996,7567313.000000,1715016600.0
1715016600.0,180.589996,181.339996,180.419998,180.804993,7890598.000000,1715020200.0
1715020200.0,180.809998,181.619995,180.699997,181.480606,6903326.000000,1715023800.0
1715023800.0,181.490005,182.020004,181.240005,181.699997,8524836.000000,1715027400.0
1715088600.0,183.449997,184.899994,182.710007,182.839905,23887519.000000,1715092200.0
1715092200.0,182.824997,183.110001,182.160004,182.179993,10527042.000000,1715095800.0
1715095800.0,182.160004,182.356201,181.410004,181.520004,7432182.000000,1715099400.0
1715099400.0,181.520004,182.720001,181.320007,182.559998,6083145.000000,1715103000.0
1715103000.0,182.559998,182.919998,182.089996,182.376007,5530053.000000,1715106600.0
1715106600.0,182.369995,182.779999,182.169998,182.634995,4785926.000000,1715110200.0
1715110200.0,182.630005,182.679993,182.220001,182.369995,5031993.000000,1715113800.0
1715175000.0,182.710007,182.960007,181.460007,181.910004,10261929.000000,1715178600.0
1715178600.0,181.889999,182.380005,181.755005,182.285004,4657669.000000,1715182200.0
1715182200.0,182.285004,182.610001,181.850998,182.339996,4579068.000000,1715185800.0
1715185800.0,182.339996,182.490005,182.029999,182.300003,3047249.000000,1715189400.0
1715189400.0,182.304993,182.720001,182.294998,182.684998,3954343.000000,1715193000.0
1715193000.0,182.690002,182.990005,182.610001,182.890106,4937356.000000,1715196600.0
1715196600.0,182.895004,183.050003,182.684998,182.740005,5220918.000000,1715200200.0
1715261400.0,182.559998,183.829895,182.119995,183.419998,9634755.000000,1715265000.0
1715265000.0,183.425003,183.860001,183.110001,183.639999,5753829.000000,1715268600.0
1715268600.0,183.649994,183.839996,183.434998,183.604996,4233577.000000,1715272200.0
1715272200.0,183.604996,184.500000,183.539902,184.380005,6031102.000000,1715275800.0
1715275800.0,184.389999,184.649994,184.059998,184.250000,4829910.000000,1715279400.0
1715279400.0,184.240005,184.615005,184.220001,184.315002,4012982.000000,1715283000.0
1715283000.0,184.309998,184.649994,184.300003,184.649994,5820164.000000,1715286600.0
1715347800.0,184.919998,185.089996,183.149994,183.205002,12508339.000000,1715351400.0
1715351400.0,183.210007,183.399704,182.259995,182.690002,7423228.000000,1715355000.0
1715355000.0,182.699997,182.735001,182.244995,182.488800,3801053.000000,1715358600.0
1715358600.0,182.485001,182.589996,182.210007,182.395004,2997546.000000,1715362200.0
1715362200.0,182.389999,182.850006,182.130005,182.740005,4477086.000000,1715365800.0
1715365800.0,182.729996,182.960007,182.570007,182.940002,4005294.000000,1715369400.0
1715369400.0,182.940002,183.199997,182.789993,183.000000,5183512.000000,1715373000.0
1715607000.0,185.434998,185.865005,184.619995,185.688995,13788872.000000,1715610600.0
1715610600.0,185.684998,186.429993,185.630005,185.919998,9423195.000000,1715614200.0
1715614200.0,185.914993,186.500000,185.779999,186.289993,7602808.000000,1715617800.0
1715617800.0,186.289993,186.929993,186.250000,186.658600,8098301.000000,1715621400.0
1715621400.0,186.660004,186.949997,186.369995,186.650101,5453676.000000,1715625000.0
1715625000.0,186.659897,187.100006,186.559998,186.989899,6516486.000000,1715628600.0
1715628600.0,186.985001,187.029999,186.070007,186.285004,9250536.000000,1715632200.0
1715693400.0,187.649994,188.300003,186.550003,187.009995,14754549.000000,1715697000.0
1715697000.0,187.009995,187.199997,186.289993,186.979996,4957021.000000,1715700600.0
1715700600.0,186.985001,187.000000,186.520004,186.800003,3617615.000000,1715704200.0
1715704200.0,186.800003,186.949997,186.451004,186.529999,3012019.000000,1715707800.0
1715707800.0,186.535004,187.369995,186.485001,187.329407,5421425.000000,1715711400.0
1715711400.0,187.324997,187.809998,187.199997,187.744995,4923069.000000,1715715000.0
1715715000.0,187.750000,187.910004,187.160004,187.389999,5635981.000000,1715718600.0
1715779800.0,187.979996,189.729996,187.380005,189.578995,15211599.000000,1715783400.0
1715783400.0,189.580002,190.070007,189.520004,189.919998,10479415.000000,1715787000.0
1715787000.0,189.925003,190.210007,189.539993,190.154999,5434851.000000,1715790600.0
1715790600.0,190.154999,190.649994,190.139999,190.369995,6113081.000000,1715794200.0
1715794200.0,190.380005,190.550003,189.860306,189.929993,5363162.000000,1715797800.0
1715797800.0,189.925003,190.259995,189.820007,189.875000,6702029.000000,1715801400.0
1715801400.0,189.880005,190.119995,189.500000,189.740005,8181060.000000,1715805000.0
1715866200.0,190.516006,191.095001,189.975006,190.580200,13478830.000000,1715869800.0
1715869800.0,190.585007,190.750000,189.725006,189.969894,6494017.000000,1715873400.0
1715873400.0,189.964996,190.380005,189.764999,190.321106,5165187.000000,1715877000.0
1715877000.0,190.329498,190.488098,189.970001,190.009995,3483587.000000,1715880600.0
1715880600.0,190.000504,190.259995,189.759995,189.927399,3578815.000000,1715884200.0
1715884200.0,189.919998,190.100006,189.839996,189.884995,3752308.000000,1715887800.0
1715887800.0,189.889999,190.220001,189.660095,189.899994,6377484.000000,1715891400.0
1715952600.0,189.380005,190.809998,189.220001,190.150101,10313420.000000,1715956200.0
1715956200.0,190.160004,190.300003,189.651993,189.697006,3636563.000000,1715959800.0
1715959800.0,189.690002,189.960007,189.420105,189.789993,3477507.000000,1715963400.0
1715963400.0,189.794998,189.990005,189.581100,189.684998,2227185.000000,1715967000.0
1715967000.0,189.690002,189.875000,189.380005,189.679993,3173599.000000,1715970600.0
1715970600.0,189.664993,190.130005,189.619995,190.108307,3544941.000000,1715974200.0
1715974200.0,190.104996,190.149994,189.750397,189.929993,5767398.000000,1715977800.0
1716211800.0,189.350006,191.770004,189.009995,191.604996,11170451.000000,1716215400.0
1716215400.0,191.600006,191.919907,191.169998,191.179993,6619615.000000,1716219000.0
1716219000.0,191.175003,191.509995,191.020004,191.164993,3353981.000000,1716222600.0
1716222600.0,191.160004,191.804993,191.160004,191.464996,3398871.000000,1716226200.0
1716226200.0,191.464005,191.619995,191.160095,191.410004,2512725.000000,1716229800.0
1716229800.0,191.410004,191.500000,191.080002,191.313995,3014420.000000,1716233400.0
1716233400.0,191.309998,191.348007,190.809998,191.080002,4813353.000000,1716237000.0
1716298200.0,191.089996,192.589996,190.920105,192.210007,9575653.000000,1716301800.0
1716301800.0,192.229996,192.649902,191.860001,192.282700,5835087.000000,1716305400.0
1716305400.0,192.289993,192.423004,191.830002,192.179092,3296315.000000,1716309000.0
1716309000.0,192.175003,192.384995,191.779999,192.360001,3030314.000000,1716312600.0
1716312600.0,192.369995,192.539993,192.294998,192.514999,3614416.000000,1716316200.0
1716316200.0,192.514999,192.679993,192.399994,192.529999,3655229.000000,1716319800.0
1716319800.0,192.529999,192.729996,192.279999,192.360001,5302236.000000,1716323400.0
1716384600.0,192.250000,192.823105,191.979996,192.714996,6192624.000000,1716388200.0
1716388200.0,192.714996,192.759995,192.033005,192.139999,3840572.000000,1716391800.0
1716391800.0,192.139999,192.199997,191.524994,191.619995,3221517.000000,1716395400.0
1716395400.0,191.615005,191.729996,191.080002,191.369995,2593453.000000,1716399000.0
1716399000.0,191.360001,191.429993,190.270004,190.600006,3969834.000000,1716402600.0
1716402600.0,190.595001,190.940002,190.520004,190.939896,2705299.000000,1716406200.0
1716406200.0,190.930099,191.304993,190.380005,190.979996,4670368.000000,1716409800.0
1716471000.0,191.000000,191.000000,188.505005,189.050003,10163386.000000,1716474600.0
1716474600.0,189.059998,189.690002,188.679993,189.449997,6137975.000000,1716478200.0
1716478200.0,189.455002,189.710007,189.070007,189.524994,3243022.000000,1716481800.0
1716481800.0,189.524994,189.599503,188.429993,188.640106,3640141.000000,1716485400.0
1716485400.0,188.649994,188.684998,187.309998,187.705002,5194146.000000,1716489000.0
1716489000.0,187.699997,187.800003,187.160004,187.619995,4566990.000000,1716492600.0
1716492600.0,187.619995,187.820007,186.625000,186.910004,5803901.000000,1716496200.0
1716557400.0,188.820007,189.520004,188.040405,189.520004,9165795.000000,1716561000.0
1716561000.0,189.514999,190.289993,189.259995,190.119995,4878308.000000,1716564600.0
1716564600.0,190.110001,190.580002,189.729996,190.379898,3569741.000000,1716568200.0
1716568200.0,190.380005,190.559998,190.229996,190.414993,2486685.000000,1716571800.0
1716571800.0,190.419998,190.464996,190.054993,190.149994,3081217.000000,1716575400.0
1716575400.0,190.149994,190.389999,189.934998,190.089996,2750429.000000,1716579000.0
1716579000.0,190.085007,190.240005,189.820007,190.000000,3538245.000000,1716582600.0
1716903000.0,191.531998,192.990005,190.339996,191.639999,15396828.000000,1716906600.0
1716906600.0,191.630005,191.770004,191.130096,191.619995,5008372.000000,1716910200.0
1716910200.0,191.610001,191.949997,191.059998,191.255005,4381780.000000,1716913800.0
1716913800.0,191.250198,191.459000,190.860001,190.875000,3205058.000000,1716917400.0
1716917400.0,190.875000,190.960007,189.649994,189.729797,4766217.000000,1716921000.0
1716921000.0,189.725006,189.869995,189.100006,189.532806,5144489.000000,1716924600.0
1716924600.0,189.537994,190.100006,189.330002,190.100006,4991097.000000,1716928200.0
1716989400.0,189.509995,192.246994,189.509995,191.850006,12968690.000000,1716993000.0
1716993000.0,191.848907,192.240005,191.125000,191.483704,6819860.000000,1716996600.0
1716996600.0,191.485001,191.779999,191.080002,191.759995,4646271.000000,1717000200.0
1717000200.0,191.762497,192.029999,191.503006,191.794998,3262501.000000,1717003800.0
1717003800.0,191.789993,191.970001,191.309998,191.560104,4166095.000000,1717007400.0
1717007400.0,191.559998,191.630005,190.720001,191.139999,4716309.000000,1717011000.0
1717011000.0,191.139999,191.210007,189.959900,190.369995,6936004.000000,1717014600.0
1717075800.0,190.785004,192.100006,190.630005,191.445007,11192477.000000,1717079400.0
1717079400.0,191.449997,191.824005,191.000000,191.695007,5533218.000000,1717083000.0
1717083000.0,191.669998,191.750000,191.100006,191.259995,2975839.000000,1717086600.0
1717086600.0,191.259995,192.139999,191.205002,192.078705,3757523.000000,1717090200.0
1717090200.0,192.080002,192.179993,191.360001,191.535004,3362017.000000,1717093800.0
1717093800.0,191.536697,191.800003,191.410004,191.565002,4143522.000000,1717097400.0
1717097400.0,191.580002,191.839996,190.850006,191.289993,6616325.000000,1717101000.0
1717162200.0,191.440002,192.570007,191.270004,191.690002,10359581.000000,1717165800.0
1717165800.0,191.690002,191.970001,190.100006,190.410004,6925875.000000,1717169400.0
1717169400.0,190.389999,190.707397,189.910004,190.197205,4332092.000000,1717173000.0
1717173000.0,190.199997,190.589996,189.910004,190.570007,3119084.000000,1717176600.0
1717176600.0,190.570007,190.820007,190.380005,190.554993,2877661.000000,1717180200.0
1717180200.0,190.550003,191.269806,190.330002,191.029999,6023627.000000,1717183800.0
1717183800.0,191.020004,192.490005,190.899994,192.470001,9872872.000000,1717187400.0
1717421400.0,192.979996,194.990005,192.529999,194.835007,14806084.000000,1717425000.0
1717425000.0,194.830002,194.919998,193.580002,194.130005,6469352.000000,1717428600.0
1717428600.0,194.119995,194.389999,193.240005,193.289398,4781872.000000,1717432200.0
1717432200.0,193.279999,193.826401,192.839996,193.789993,4233538.000000,1717435800.0
1717435800.0,193.759995,194.054993,193.089996,193.100006,3561086.000000,1717439400.0
1717439400.0,193.100006,193.520004,192.910095,193.354004,3785048.000000,1717443000.0
1717443000.0,193.360001,194.110001,193.279999,194.089996,5118764.000000,1717446600.0
1717507800.0,194.720001,195.000000,193.034195,194.029999,10693104.000000,1717511400.0
1717511400.0,194.024994,194.399994,193.660004,194.050003,5032304.000000,1717515000.0
1717515000.0,194.054993,194.490005,193.714996,194.470001,3593838.000000,1717518600.0
1717518600.0,194.470001,194.820007,194.339996,194.804993,3308960.000000,1717522200.0
1717522200.0,194.809998,195.320007,194.410004,195.235001,5053574.000000,1717525800.0
1717525800.0,195.229996,195.320007,193.929993,194.507202,5071285.000000,1717529400.0
1717529400.0,194.505005,194.869995,194.179993,194.365005,4327507.000000,1717533000.0
1717594200.0,195.419998,196.419998,194.880005,195.375000,11655383.000000,1717597800.0
1717597800.0,195.380005,196.169998,195.195007,196.139999,6044987.000000,1717601400.0
1717601400.0,196.139999,196.899994,195.820007,195.925003,6551624.000000,1717605000.0
1717605000.0,195.919998,196.259995,195.600098,195.885193,4380580.000000,1717608600.0
1717608600.0,195.880005,196.699997,195.880005,196.205002,5004091.000000,1717612200.0
1717612200.0,196.199997,196.440002,195.720001,196.139893,4731794.000000,1717615800.0
1717615800.0,196.130005,196.449997,195.619995,195.899994,6222302.000000,1717619400.0
1717680600.0,195.684998,196.500000,195.210007,195.919998,9631306.000000,1717684200.0
1717684200.0,195.910004,196.000000,195.440002,195.835007,4451666.000000,1717687800.0
1717687800.0,195.835007,195.839996,195.410004,195.669998,3210636.000000,1717691400.0
1717691400.0,195.676804,196.070007,195.464996,195.647995,3210252.000000,1717695000.0
1717695000.0,195.645004,195.735001,194.949997,195.544495,3816320.000000,1717698600.0
1717698600.0,195.539993,195.540802,195.020004,195.393005,3431671.000000,1717702200.0
1717702200.0,195.395004,195.500000,194.169998,194.479996,5961018.000000,1717705800.0
1717767000.0,194.660004,195.750000,194.139999,194.809998,10154074.000000,1717770600.0
1717770600.0,194.804993,195.970001,194.740097,195.619995,6480520.000000,1717774200.0
1717774200.0,195.625000,196.184998,195.600006,195.955002,7373793.000000,1717777800.0
1717777800.0,195.960007,196.490005,195.710007,196.360001,4552773.000000,1717781400.0
1717781400.0,196.360001,196.580002,195.720001,195.869995,5669748.000000,1717785000.0
1717785000.0,195.860001,196.440002,195.580002,196.439499,4413006.000000,1717788600.0
1717788600.0,196.434998,196.940002,196.240005,196.899994,7738011.000000,1717792200.0
1718026200.0,197.199997,197.281693,194.830002,195.619995,15640700.000000,1718029800.0
1718029800.0,195.621704,195.740005,195.250000,195.554199,5515526.000000,1718033400.0
1718033400.0,195.559998,196.210007,195.070007,195.888397,6844150.000000,1718037000.0
1718037000.0,195.889999,196.380005,195.110001,195.425003,7537803.000000,1718040600.0
1718040600.0,195.440002,196.449997,192.149994,193.160004,23696662.000000,1718044200.0
1718044200.0,193.149994,194.300003,192.330002,192.964996,17145821.000000,1718047800.0
1718047800.0,192.960007,193.190002,192.289993,193.130005,9924521.000000,1718051400.0
1718112600.0,193.660004,201.044998,193.639999,200.899994,41754118.000000,1718116200.0
1718116200.0,200.892502,204.509995,200.880005,204.409897,33923446.000000,1718119800.0
1718119800.0,204.395004,205.449997,203.449997,204.225006,23287350.000000,1718123400.0
1718123400.0,204.247604,206.029999,203.800003,205.039993,15916325.000000,1718127000.0
1718127000.0,205.029999,205.410004,204.440002,205.080002,11453848.000000,1718130600.0
1718130600.0,205.089996,205.929993,204.699997,205.729996,12935816.000000,1718134200.0
1718134200.0,205.729996,207.160004,205.490005,207.139999,16510894.000000,1718137800.0
1718199000.0,207.360001,215.990005,206.910004,215.235001,56496065.000000,1718202600.0
1718202600.0,215.220001,218.119995,214.679993,217.580093,28525914.000000,1718206200.0
1718206200.0,217.580002,217.600006,215.270004,215.350006,17483667.000000,1718209800.0
1718209800.0,215.330597,217.360001,214.860992,216.929993,12561436.000000,1718213400.0
1718213400.0,216.927505,219.324997,216.460007,218.960205,17876803.000000,1718217000.0
1718217000.0,218.950104,220.199997,217.369995,217.729996,23575609.000000,1718220600.0
1718220600.0,217.740005,217.759995,212.839996,213.111694,27633505.000000,1718224200.0
1718285400.0,214.779999,216.750000,213.139999,213.850204,30111186.000000,1718289000.0
1718289000.0,213.864304,214.559006,212.170105,213.445007,11890302.000000,1718292600.0
1718292600.0,213.435898,214.061798,211.600006,212.100006,8952250.000000,1718296200.0
1718296200.0,212.110001,213.740005,212.029999,213.600006,6757287.000000,1718299800.0
1718299800.0,213.604996,213.789993,212.400101,213.190002,6146495.000000,1718303400.0
1718303400.0,213.199997,214.399994,213.039993,214.339996,12111802.000000,1718307000.0
1718307000.0,214.330002,214.880005,213.832001,214.130005,9252524.000000,1718310600.0
1718371800.0,213.809998,215.169998,212.619995,213.389999,16970905.000000,1718375400.0
1718375400.0,213.389999,213.919907,212.660004,213.595001,9007098.000000,1718379000.0
1718379000.0,213.595001,213.820007,211.669998,211.750000,9057332.000000,1718382600.0
1718382600.0,211.750000,212.279007,211.300003,211.779999,6971182.000000,1718386200.0
1718386200.0,211.779999,212.449997,211.690002,212.225006,5419804.000000,1718389800.0
1718389800.0,212.229507,212.389999,211.679993,212.380005,5080813.000000,1718393400.0
1718393400.0,212.375000,212.587906,211.419998,212.520004,7731194.000000,1718397000.0
1718631000.0,213.300003,216.490005,212.720001,216.091400,23579228.000000,1718634600.0
1718634600.0,216.089996,217.330002,215.330002,216.331497,11752782.000000,1718638200.0
1718638200.0,216.330002,217.070007,215.820007,216.539993,7605894.000000,1718641800.0
1718641800.0,216.539993,218.100006,216.130005,217.820007,7465754.000000,1718645400.0
1718645400.0,217.830002,218.750000,217.750000,218.350006,8525981.000000,1718649000.0
1718649000.0,218.345200,218.945007,217.960007,218.154999,9383966.000000,1718652600.0
1718652600.0,218.160004,218.339996,215.479996,216.710007,11852085.000000,1718656200.0
1718717400.0,217.610001,218.630005,214.440002,215.309998,21562377.000000,1718721000.0
1718721000.0,215.309998,215.800003,213.440002,214.360001,11158176.000000,1718724600.0
1718724600.0,214.354996,214.440002,213.000000,213.220001,7665650.000000,1718728200.0
1718728200.0,213.220001,214.229996,213.216507,213.660004,7074821.000000,1718731800.0
1718731800.0,213.660004,214.055695,213.070007,213.723007,5483651.000000,1718735400.0
1718735400.0,213.725006,214.910004,213.400101,214.649994,7084903.000000,1718739000.0
1718739000.0,214.645004,215.100006,213.910004,214.380005,7980426.000000,1718742600.0
1718890200.0,213.929993,214.240005,211.479996,211.638596,18864147.000000,1718893800.0
1718893800.0,211.630005,211.970001,209.529999,209.535004,12783233.000000,1718897400.0
1718897400.0,209.539993,211.169998,209.419998,209.524994,9155236.000000,1718901000.0
1718901000.0,209.529999,210.289902,209.130005,209.380005,6958427.000000,1718904600.0
1718904600.0,209.369995,210.600006,209.210007,210.039993,6536332.000000,1718908200.0
1718908200.0,210.039993,210.169998,209.160004,209.673203,8591610.000000,1718911800.0
1718911800.0,209.675003,209.750000,208.850006,209.559998,9279123.000000,1718915400.0
1718976600.0,210.389999,211.889999,209.589996,210.820099,29890095.000000,1718980200.0
1718980200.0,210.830002,211.434799,210.419998,210.820007,9274770.000000,1718983800.0
1718983800.0,210.820007,211.630005,210.720001,211.100006,4060107.000000,1718987400.0
1718987400.0,211.089996,211.109894,209.850006,210.059998,8297469.000000,1718991000.0
1718991000.0,210.059998,210.979996,209.949997,210.845001,5231252.000000,1718994600.0
1718994600.0,210.839996,210.970001,209.970001,210.419998,9306373.000000,1718998200.0
1718998200.0,210.414993,210.850006,207.110001,207.110001,19612185.000000,1719001800.0
1719235800.0,207.720001,209.559998,206.589996,209.005005,15818722.000000,1719239400.0
1719239400.0,209.000000,212.699997,208.919998,212.365494,13997902.000000,1719243000.0
1719243000.0,212.380005,212.610001,210.630005,210.910004,8594567.000000,1719246600.0
1719246600.0,210.910004,211.000000,209.391998,210.005005,6365972.000000,1719250200.0
1719250200.0,210.000000,210.089996,208.880005,209.369995,5647376.000000,1719253800.0
1719253800.0,209.380005,209.509995,208.520004,208.858994,5602001.000000,1719257400.0
1719257400.0,208.850006,208.910004,207.844604,208.149994,8540682.000000,1719261000.0
1719322200.0,209.080002,211.380005,208.610001,209.799896,14332677.000000,1719325800.0
1719325800.0,209.800003,210.259995,209.200104,209.710007,6546201.000000,1719329400.0
1719329400.0,209.720001,210.485001,209.710007,210.031403,3540240.000000,1719333000.0
1719333000.0,210.029999,210.190002,209.380005,210.115005,3379196.000000,1719336600.0
1719336600.0,210.115005,210.670105,209.940002,210.660004,3356142.000000,1719340200.0
1719340200.0,210.658905,210.669006,209.889999,210.140106,3656016.000000,1719343800.0
1719343800.0,210.139999,210.139999,208.820007,209.076004,5902321.000000,1719347400.0
1719408600.0,211.440002,213.000000,210.639999,212.360001,15333791.000000,1719412200.0
1719412200.0,212.369995,213.740005,212.343994,213.210007,8758442.000000,1719415800.0
1719415800.0,213.210007,214.779999,213.029999,214.345001,6975792.000000,1719419400.0
1719419400.0,214.345001,214.369995,213.229996,213.559998,4272468.000000,1719423000.0
1719423000.0,213.551697,214.860001,213.490005,214.350006,5926758.000000,1719426600.0
1719426600.0,214.345001,214.570007,212.830002,213.261993,5748909.000000,1719430200.0
1719430200.0,213.289902,213.500000,212.720001,213.119995,5827438.000000,1719433800.0
1719495000.0,214.630005,215.739502,213.389999,213.809998,14261692.000000,1719498600.0
1719498600.0,213.809998,213.960007,212.350006,212.970505,6786057.000000,1719502200.0
1719502200.0,212.970001,213.860001,212.570007,213.854996,4414449.000000,1719505800.0
1719505800.0,213.851395,214.190002,213.559998,214.000000,3649798.000000,1719509400.0
1719509400.0,213.994003,214.070007,213.050003,213.419998,3166588.000000,1719513000.0
1719513000.0,213.419998,214.020004,213.270004,213.828903,3516414.000000,1719516600.0
1719516600.0,213.830002,214.119995,213.145004,214.110001,5152491.000000,1719520200.0
1719581400.0,215.804993,216.070007,213.570297,214.639999,13755548.000000,1719585000.0
1719585000.0,214.634995,215.300003,213.770004,214.339996,6226559.000000,1719588600.0
1719588600.0,214.330002,214.710007,213.520004,213.839996,5602697.000000,1719592200.0
1719592200.0,213.835007,214.529999,213.270004,213.830093,4952402.000000,1719595800.0
1719595800.0,213.850006,214.080002,213.130005,213.210007,3774396.000000,1719599400.0
1719599400.0,213.210007,213.485001,212.699997,213.054993,4936041.000000,1719603000.0
1719603000.0,213.050003,213.609894,210.300003,210.610001,13592315.000000,1719606600.0
1719840600.0,212.130005,215.589996,211.919998,215.229996,14827486.000000,1719844200.0
1719844200.0,215.220001,215.559998,214.089996,215.013306,7684917.000000,1719847800.0
1719847800.0,215.009995,216.580002,214.699997,216.505005,6860373.000000,1719851400.0
1719851400.0,216.509995,217.509995,216.470001,217.254303,8436608.000000,1719855000.0
1719855000.0,217.250000,217.250000,215.919998,215.934998,4141471.000000,1719858600.0
1719858600.0,215.919998,216.240005,215.139999,215.535004,5270483.000000,1719862200.0
1719862200.0,215.535004,217.000000,215.460007,216.729996,5500033.000000,1719865800.0
1719927000.0,216.149994,218.899994,215.100006,218.709900,14475116.000000,1719930600.0
1719930600.0,218.710007,220.330002,218.563797,219.510193,11555006.000000,1719934200.0
1719934200.0,219.529999,220.110001,218.759995,219.164993,5151809.000000,1719937800.0
1719937800.0,219.149994,219.500000,218.830795,219.399994,3236672.000000,1719941400.0
1719941400.0,219.400101,220.070007,219.270004,220.029999,3762941.000000,1719945000.0
1719945000.0,220.029999,220.330002,219.509995,219.619995,4789218.000000,1719948600.0
1719948600.0,219.610001,220.380005,219.500000,220.369995,5279602.000000,1719952200.0
1720013400.0,220.429993,221.399994,219.029999,219.380005,14372255.000000,1720017000.0
1720017000.0,219.379898,220.729996,219.100098,220.115005,6600486.000000,1720020600.0
1720020600.0,220.115005,221.300003,219.770004,221.300003,5274586.000000,1720024200.0
1720186200.0,221.649994,225.440002,221.649994,225.170807,17905237.000000,1720189800.0
1720189800.0,225.169998,225.190002,223.830002,224.720001,6883671.000000,1720193400.0
1720193400.0,224.720001,225.419098,224.679993,225.220001,5004157.000000,1720197000.0
1720197000.0,225.229996,225.369995,224.729996,225.350006,3808323.000000,1720200600.0
1720200600.0,225.354996,225.639999,224.979996,225.250000,4601702.000000,1720204200.0
1720204200.0,225.259995,225.524994,225.009995,225.419998,4332445.000000,1720207800.0
1720207800.0,225.419907,226.449997,225.360001,226.309998,7165954.000000,1720211400.0
1720445400.0,227.089996,227.350006,223.250000,225.199997,16387202.000000,1720449000.0
1720449000.0,225.199799,226.809998,224.783203,226.509995,8150247.000000,1720452600.0
1720452600.0,226.529999,227.000000,225.789993,226.520004,5305936.000000,1720456200.0
1720456200.0,226.509995,226.899994,226.050003,226.599899,4946609.000000,1720459800.0
1720459800.0,226.580002,227.440002,226.389999,227.330002,4890440.000000,1720463400.0
1720463400.0,227.330002,227.360001,226.460007,226.824997,4484923.000000,1720467000.0
1720467000.0,226.809998,227.839996,226.760101,227.800003,6040675.000000,1720470600.0
1720531800.0,228.184998,229.395004,226.372101,228.529999,13450286.000000,1720535400.0
1720535400.0,228.522903,228.654999,227.300003,227.914993,8133838.000000,1720539000.0
1720539000.0,227.910095,228.248001,227.600006,228.179993,4278456.000000,1720542600.0
1720542600.0,228.169998,228.725403,228.009995,228.009995,4244252.000000,1720546200.0
1720546200.0,228.000000,228.535004,227.850006,228.440002,3230951.000000,1720549800.0
1720549800.0,228.449997,228.519897,228.160004,228.360001,3274100.000000,1720553400.0
1720553400.0,228.350006,228.779999,228.184204,228.699997,4806474.000000,1720557000.0
1720618200.0,229.440002,231.722000,229.250000,231.100006,14711583.000000,1720621800.0
1720621800.0,231.110001,231.154999,230.104996,230.994995,6360484.000000,1720625400.0
1720625400.0,231.000000,232.740005,230.955002,232.195007,9467527.000000,1720629000.0
1720629000.0,232.199997,232.419998,230.710007,231.559998,7182941.000000,1720632600.0
1720632600.0,231.570007,232.149994,231.520004,232.100006,4334817.000000,1720636200.0
1720636200.0,232.100006,232.190002,231.630005,231.759995,4261881.000000,1720639800.0
1720639800.0,231.759995,233.080002,231.705002,232.910004,7115598.000000,1720643400.0
1720704600.0,231.311707,232.389999,228.529999,228.899994,16644797.000000,1720708200.0
1720708200.0,228.869995,229.639999,226.270004,226.619995,10923612.000000,1720711800.0
1720711800.0,226.619995,227.839996,225.770004,227.765793,7102718.000000,1720715400.0
1720715400.0,227.759995,228.720001,227.270004,227.979996,5833847.000000,1720719000.0
1720719000.0,227.970001,227.975006,226.589996,227.264999,3327985.000000,1720722600.0
1720722600.0,227.259995,228.550003,227.210007,227.710007,4129270.000000,1720726200.0
1720726200.0,227.720001,228.699997,227.550003,227.550003,6050973.000000,1720729800.0
1720791000.0,229.000000,231.500000,228.679993,230.880005,14080146.000000,1720794600.0
1720794600.0,230.880005,232.397995,230.619995,231.899902,7527748.000000,1720798200.0
1720798200.0,231.899994,231.990005,230.509995,230.710007,5014273.000000,1720801800.0
1720801800.0,230.710007,231.910004,230.570007,231.902496,4220317.000000,1720805400.0
1720805400.0,231.899994,232.639999,231.839996,232.270004,4525973.000000,1720809000.0
1720809000.0,232.264999,232.360001,231.559998,231.859894,3484723.000000,1720812600.0
1720812600.0,231.860001,231.869995,229.910004,230.570007,5822133.000000,1720816200.0
1721050200.0,236.531998,237.229996,233.339996,234.790100,20535733.000000,1721053800.0
1721053800.0,234.820007,236.310104,234.479996,235.679993,6741084.000000,1721057400.0
1721057400.0,235.570007,235.949799,234.500000,235.307999,6661308.000000,1721061000.0
1721061000.0,235.320007,235.880005,234.619995,234.690002,3851727.000000,1721064600.0
1721064600.0,234.659500,234.800003,233.904007,234.205002,3774759.000000,1721068200.0
1721068200.0,234.210007,235.070007,233.970001,234.580002,4097236.000000,1721071800.0
1721071800.0,234.580002,234.789993,233.089996,234.419998,5847732.000000,1721075400.0
1721136600.0,235.205002,236.270004,233.009995,233.830002,11433979.000000,1721140200.0
1721140200.0,233.830002,234.910004,233.675003,234.160004,5219269.000000,1721143800.0
1721143800.0,234.160004,234.350006,232.619995,232.947906,5683620.000000,1721147400.0
1721147400.0,232.925003,233.797195,232.330002,233.544998,4383942.000000,1721151000.0
1721151000.0,233.539993,234.550003,233.414993,234.389999,3187466.000000,1721154600.0
1721154600.0,234.399506,234.865005,234.300003,234.559906,3209757.000000,1721158200.0
1721158200.0,234.550003,234.979996,234.285004,234.809998,2857260.000000,1721161800.0
1721223000.0,230.130005,231.459900,226.639999,227.820007,17630432.000000,1721226600.0
1721226600.0,227.800003,228.830002,227.449997,228.619995,5951133.000000,1721230200.0
1721230200.0,228.630005,229.009995,228.095001,228.494995,4229799.000000,1721233800.0
1721233800.0,228.485001,229.009995,228.149994,228.699997,3870619.000000,1721237400.0
1721237400.0,228.679993,229.779999,228.259995,229.519104,4477036.000000,1721241000.0
1721241000.0,229.518005,229.800003,228.960007,229.139999,4776274.000000,1721244600.0
1721244600.0,229.139999,229.820007,228.570007,228.884995,6250577.000000,1721248200.0
1721309400.0,230.345001,230.440002,226.589996,227.889999,12105218.000000,1721313000.0
1721313000.0,227.869995,228.009995,222.789993,222.990005,12436258.000000,1721316600.0
1721316600.0,222.979996,224.029999,222.449997,223.350006,7965624.000000,1721320200.0
1721320200.0,223.350006,225.065002,222.470001,224.559998,6798222.000000,1721323800.0
1721323800.0,224.550003,225.199997,224.414993,224.600098,5011871.000000,1721327400.0
1721327400.0,224.580002,225.009995,223.450897,224.130005,4639961.000000,1721331000.0
1721331000.0,224.119995,225.149994,223.824997,224.190002,5051993.000000,1721334600.0
1721395800.0,224.852005,226.800003,224.419998,225.014206,14532936.000000,1721399400.0
1721399400.0,225.059998,225.860001,223.870804,223.960007,5048006.000000,1721403000.0
1721403000.0,223.960007,225.050003,223.559998,223.945007,5582598.000000,1721406600.0
1721406600.0,223.940002,224.579895,223.274994,224.460007,3519449.000000,1721410200.0
1721410200.0,224.429993,224.945007,223.860001,224.440002,3290229.000000,1721413800.0
1721413800.0,224.460007,225.119995,223.889999,225.009995,3663851.000000,1721417400.0
1721417400.0,225.000000,225.069901,224.009995,224.380005,5391560.000000,1721421000.0
1721655000.0,227.270004,227.779999,225.580002,226.800003,10034749.000000,1721658600.0
1721658600.0,226.804993,227.125107,223.720001,223.829895,6311242.000000,1721662200.0
1721662200.0,223.779999,224.139999,223.089996,223.835007,5069673.000000,1721665800.0
1721665800.0,223.830002,224.589996,223.699997,224.389999,3586983.000000,1721669400.0
1721669400.0,224.369995,225.420105,224.330002,225.050003,3036671.000000,1721673000.0
1721673000.0,225.059998,225.630005,224.630005,224.679993,4186965.000000,1721676600.0
1721676600.0,224.679993,225.039993,223.779999,223.929993,4547672.000000,1721680200.0
1721741400.0,224.399994,225.139999,222.679993,224.625000,7388967.000000,1721745000.0
1721745000.0,224.639999,226.729996,224.100601,226.608902,6042663.000000,1721748600.0
1721748600.0,226.615005,226.929993,225.199997,225.639893,4384033.000000,1721752200.0
1721752200.0,225.630005,225.699905,224.615005,224.720001,3440068.000000,1721755800.0
1721755800.0,224.710007,225.039993,224.380005,224.539993,2742571.000000,1721759400.0
1721759400.0,224.572403,225.100006,224.328003,225.074707,2717902.000000,1721763000.0
1721763000.0,225.059998,225.279999,224.320007,225.009995,3762733.000000,1721766600.0
1721827800.0,224.000000,224.800003,220.300003,220.889999,11171284.000000,1721831400.0
1721831400.0,220.899994,221.029999,218.289993,218.675003,9222223.000000,1721835000.0
1721835000.0,218.669998,218.839996,217.130005,217.904999,6271860.000000,1721838600.0
1721838600.0,217.909897,218.550003,217.720001,218.025803,4492564.000000,1721842200.0
1721842200.0,218.020004,218.860001,217.839996,218.160004,3875716.000000,1721845800.0
1721845800.0,218.160004,218.429993,217.756302,217.889999,4462246.000000,1721849400.0
1721849400.0,217.880005,218.779999,217.699997,218.570007,7678488.000000,1721853000.0
1721914200.0,219.489899,219.845001,214.619995,215.809998,14511135.000000,1721917800.0
1721917800.0,215.820007,219.399994,215.440094,218.679993,7290939.000000,1721921400.0
1721921400.0,218.684006,220.520004,218.110001,220.192001,5424720.000000,1721925000.0
1721925000.0,220.199997,220.850006,219.270004,219.419998,4035246.000000,1721928600.0
1721928600.0,219.429993,220.479996,219.357300,219.880005,3151089.000000,1721932200.0
1721932200.0,219.860001,220.419998,218.617004,220.125000,3922802.000000,1721935800.0
1721935800.0,220.100006,220.270004,217.330002,217.490005,5667186.000000,1721939400.0
1722000600.0,218.850006,219.149902,216.009995,217.399994,10822541.000000,1722004200.0
1722004200.0,217.395004,218.154007,216.455902,217.955399,4349192.000000,1722007800.0
1722007800.0,217.955002,219.020004,217.509995,218.691193,4508080.000000,1722011400.0
1722011400.0,218.710007,219.490005,218.710007,219.304504,3011413.000000,1722015000.0
1722015000.0,219.304993,219.326904,217.679993,218.149994,3519375.000000,1722018600.0
1722018600.0,218.160004,218.750000,217.561005,218.604996,3261740.000000,1722022200.0
1722022200.0,218.619995,218.619995,217.130005,218.119995,4479378.000000,1722025800.0
1722259800.0,216.679993,219.300003,215.759995,217.729996,9684510.000000,1722263400.0
1722263400.0,217.750000,218.690002,216.509995,217.139999,5007715.000000,1722267000.0
1722267000.0,217.110001,218.960007,216.600494,218.544998,3349338.000000,1722270600.0
1722270600.0,218.550003,219.279999,218.375000,218.699997,2769535.000000,1722274200.0
1722274200.0,218.699997,219.086899,218.050003,218.350006,2855524.000000,1722277800.0
1722277800.0,218.339996,218.750000,217.970001,218.589996,3092834.000000,1722281400.0
1722281400.0,218.589996,219.119995,218.000000,218.210007,3984140.000000,1722285000.0
1722346200.0,219.039993,220.324997,218.559998,219.070007,8172417.000000,1722349800.0
1722349800.0,219.070007,219.335800,217.169998,217.289993,5639492.000000,1722353400.0
1722353400.0,217.279999,217.539993,216.330002,216.979996,3537121.000000,1722357000.0
1722357000.0,216.960007,217.350006,216.119995,217.250000,3365740.000000,1722360600.0
1722360600.0,217.240005,218.740005,216.960007,218.285004,3146102.000000,1722364200.0
1722364200.0,218.279999,218.710007,217.970001,218.630005,3328246.000000,1722367800.0
1722367800.0,218.639999,219.919998,218.449997,218.789993,5666938.000000,1722371400.0
1722432600.0,221.529999,223.440002,220.639999,222.830002,10706115.000000,1722436200.0
1722436200.0,222.839996,223.820007,222.300003,223.154999,5147851.000000,1722439800.0
1722439800.0,223.154999,223.369995,222.169998,222.369995,3107571.000000,1722443400.0
1722443400.0,222.383606,223.009995,222.080093,222.600006,3484238.000000,1722447000.0
1722447000.0,222.595001,223.009995,221.309998,222.929993,3509520.000000,1722450600.0
1722450600.0,222.940002,223.369995,221.285004,221.610107,4951278.000000,1722454200.0
1722454200.0,221.639999,223.009293,221.369995,221.990005,5618520.000000,1722457800.0
1722519000.0,224.369995,224.450500,221.259995,221.279999,10512069.000000,1722522600.0
1722522600.0,221.279694,221.729996,220.119995,220.539993,6309661.000000,1722526200.0
1722526200.0,220.559998,220.850006,219.020004,219.320007,4477931.000000,1722529800.0
1722529800.0,219.339996,219.500000,217.630005,218.149994,4455108.000000,1722533400.0
1722533400.0,218.160004,218.800003,217.190796,217.789993,6390068.000000,1722537000.0
1722537000.0,217.794998,218.159897,217.020004,218.054993,6030523.000000,1722540600.0
1722540600.0,218.050003,219.000000,217.134995,218.279999,7438049.000000,1722544200.0
1722605400.0,220.289398,224.414993,217.710007,222.654999,29536982.000000,1722609000.0
1722609000.0,222.630005,224.379898,221.759995,222.830002,14319380.000000,1722612600.0
1722612600.0,222.860001,224.720001,221.419998,224.619995,9098444.000000,1722616200.0
1722616200.0,224.615005,225.600006,223.449997,224.639999,7487153.000000,1722619800.0
1722619800.0,224.630005,225.005005,221.910004,223.434998,7549443.000000,1722623400.0
1722623400.0,223.419998,224.100006,222.110001,222.619995,6527167.000000,1722627000.0
1722627000.0,222.630005,222.988297,219.059998,219.800003,11042774.000000,1722630600.0
1722864600.0,199.000000,211.110001,198.229996,207.978699,43357359.000000,1722868200.0
1722868200.0,207.940704,213.470001,207.820007,211.169998,13404154.000000,1722871800.0
1722871800.0,211.199997,213.000000,209.505005,212.615005,8715135.000000,1722875400.0
1722875400.0,212.619995,212.649994,209.720001,210.809998,6246693.000000,1722879000.0
1722879000.0,210.789993,211.889999,209.369995,210.610001,5113963.000000,1722882600.0
1722882600.0,210.563004,210.949997,203.919998,206.429993,16677734.000000,1722886200.0
1722886200.0,206.429993,209.350006,206.011703,209.190002,11251750.000000,1722889800.0
1722951000.0,205.389999,206.250000,201.070007,204.890106,23694537.000000,1722954600.0
1722954600.0,204.979996,207.739502,204.369995,206.110001,7809373.000000,1722958200.0
1722958200.0,206.120407,208.990005,206.059998,208.630997,5843682.000000,1722961800.0
1722961800.0,208.669998,209.979996,208.360001,208.990005,4607591.000000,1722965400.0
1722965400.0,209.009995,209.479904,207.850006,209.446396,4690988.000000,1722969000.0
1722969000.0,209.449997,209.949997,207.399994,208.505005,5270629.000000,1722972600.0
1722972600.0,208.505005,208.589996,206.399994,207.125000,6503258.000000,1722976200.0
1723037400.0,206.889999,212.899994,206.410004,211.699997,15714668.000000,1723041000.0
1723041000.0,211.690002,213.589996,211.470001,213.160004,6367518.000000,1723044600.0
1723044600.0,213.123993,213.639999,211.179993,212.585007,5060827.000000,1723048200.0
1723048200.0,212.599701,212.970001,210.350006,211.039993,5212227.000000,1723051800.0
1723051800.0,211.039993,211.490005,210.020004,211.059998,5095212.000000,1723055400.0
1723055400.0,211.020004,211.020004,208.479996,210.520096,6015049.000000,1723059000.0
1723059000.0,210.550003,210.990005,209.410004,209.860001,5358011.000000,1723062600.0
1723123800.0,213.095001,213.210007,208.830002,212.559998,10203691.000000,1723127400.0
1723127400.0,212.580002,212.990005,211.080002,212.210007,4980328.000000,1723131000.0
1723131000.0,212.210007,213.460007,211.710007,213.250000,4471605.000000,1723134600.0
1723134600.0,213.264999,213.990005,212.500000,213.897598,3897513.000000,1723138200.0
1723138200.0,213.899994,214.199997,212.707504,212.979996,3971724.000000,1723141800.0
1723141800.0,212.995895,213.429993,212.119995,212.130096,3833831.000000,1723145400.0
1723145400.0,212.139999,213.520004,211.880005,213.339996,4665159.000000,1723149000.0
1723210200.0,212.080002,214.789505,211.979996,214.699997,7767530.000000,1723213800.0
1723213800.0,214.710007,215.735001,213.669998,215.134995,4852988.000000,1723217400.0
1723217400.0,215.119995,215.710007,214.410004,214.530106,3993538.000000,1723221000.0
1723221000.0,214.529999,216.539993,214.510101,216.535004,3806159.000000,1723224600.0
1723224600.0,216.539993,216.779999,214.919998,215.279999,3531367.000000,1723228200.0
1723228200.0,215.274994,216.380005,214.899994,216.285004,4226291.000000,1723231800.0
1723231800.0,216.259995,216.615005,215.339996,216.300003,5238718.000000,1723235400.0
1723469400.0,216.000000,218.714996,215.600006,218.449997,8545889.000000,1723473000.0
1723473000.0,218.440002,219.509903,217.149994,217.809998,5732544.000000,1723476600.0
1723476600.0,217.794800,218.757401,217.350006,217.979996,4072901.000000,1723480200.0
1723480200.0,217.970001,218.339996,217.029999,217.247696,3376508.000000,1723483800.0
1723483800.0,217.250000,217.455002,216.479996,216.744995,2928826.000000,1723487400.0
1723487400.0,216.699997,217.429993,216.595001,217.029999,2657864.000000,1723491000.0
1723491000.0,217.039993,217.630005,216.589996,217.550003,3179687.000000,1723494600.0
1723555800.0,219.104996,221.710007,219.009995,221.000000,11857628.000000,1723559400.0
1723559400.0,220.994995,221.500000,220.260605,221.054993,4325256.000000,1723563000.0
1723563000.0,221.050003,221.598694,220.889999,221.110504,3691243.000000,1723566600.0
1723566600.0,221.089996,221.800003,220.960007,221.690002,2825480.000000,1723570200.0
1723570200.0,221.690002,221.889999,220.565002,221.218002,3040248.000000,1723573800.0
1723573800.0,221.246094,221.484894,220.539993,220.660004,2559260.000000,1723577400.0
1723577400.0,220.669998,221.279999,220.419998,221.270004,3842702.000000,1723581000.0
1723642200.0,220.565002,222.020004,219.699997,221.110397,10322006.000000,1723645800.0
1723645800.0,221.110001,222.559998,220.455002,222.558701,4517827.000000,1723649400.0
1723649400.0,222.550003,223.029999,221.014999,221.304993,4029799.000000,1723653000.0
1723653000.0,221.320007,221.460007,220.380005,221.175003,3645945.000000,1723656600.0
1723656600.0,221.160004,221.768997,220.910004,221.539993,3099853.000000,1723660200.0
1723660200.0,221.529999,221.610001,220.809998,221.160004,2990194.000000,1723663800.0
1723663800.0,221.160004,222.350006,221.153107,221.619995,4112373.000000,1723667400.0
1723728600.0,224.550003,224.990005,222.759995,224.789993,9897134.000000,1723732200.0
1723732200.0,224.779999,225.339996,223.899994,224.005005,5316678.000000,1723735800.0
1723735800.0,224.009995,225.014999,223.850006,224.994995,3233561.000000,1723739400.0
1723739400.0,225.000000,225.020004,224.244995,224.544998,3507566.000000,1723743000.0
1723743000.0,224.559998,225.149994,224.509995,225.070007,2520626.000000,1723746600.0
1723746600.0,225.059998,225.330002,224.913803,225.059998,3818557.000000,1723750200.0
1723750200.0,225.054993,225.089996,223.845001,224.710007,5065291.000000,1723753800.0
1723815000.0,223.919998,225.020004,223.650101,224.389999,11905855.000000,1723818600.0
1723818600.0,224.380005,225.020004,223.966095,224.910004,4388806.000000,1723822200.0
1723822200.0,224.910004,226.445602,224.910004,226.339996,5068731.000000,1723825800.0
1723825800.0,226.350006,226.827103,226.309998,226.550003,4500362.000000,1723829400.0
1723829400.0,226.550003,226.669998,225.630005,225.990005,3023962.000000,1723833000.0
1723833000.0,225.985001,226.210007,225.763596,225.960007,2364036.000000,1723836600.0
1723836600.0,225.960495,226.139999,225.539993,226.100006,3252354.000000,1723840200.0
1724074200.0,225.695007,225.695007,223.039993,224.160004,9670189.000000,1724077800.0
1724077800.0,224.160004,224.729996,223.490005,224.430206,4193053.000000,1724081400.0
1724081400.0,224.427597,224.649994,223.750000,224.425003,3379602.000000,1724085000.0
1724085000.0,224.410004,224.464996,223.750000,224.024994,2649753.000000,1724088600.0
1724088600.0,224.029999,224.660004,223.800003,224.639999,3556772.000000,1724092200.0
1724092200.0,224.645004,224.949997,224.580002,224.929993,2814556.000000,1724095800.0
1724095800.0,224.925003,225.970001,224.889999,225.899994,4867293.000000,1724099400.0
1724160600.0,225.770004,227.169998,225.449997,226.660004,7693400.000000,1724164200.0
1724164200.0,226.679993,226.690002,225.710007,226.210007,3611714.000000,1724167800.0
1724167800.0,226.205002,227.095001,226.089996,226.899994,2572227.000000,1724171400.0
1724171400.0,226.895004,227.089996,226.110001,226.710007,2086631.000000,1724175000.0
1724175000.0,226.699997,227.110001,226.350006,227.014999,1991274.000000,1724178600.0
1724178600.0,227.029999,227.059998,226.190002,226.485001,2299219.000000,1724182200.0
1724182200.0,226.479996,226.929993,226.389999,226.490005,2581538.000000,1724185800.0
1724247000.0,226.490005,227.669998,225.910004,227.225006,8159799.000000,1724250600.0
1724250600.0,227.229996,227.979996,225.880005,226.490005,4755603.000000,1724254200.0
1724254200.0,226.499893,226.589996,225.634995,226.240005,2772090.000000,1724257800.0
1724257800.0,226.250000,226.503998,225.920105,226.000107,2061134.000000,1724261400.0
1724261400.0,226.009995,226.449997,225.830002,226.449997,2566714.000000,1724265000.0
1724265000.0,226.449997,226.580002,225.330200,225.770004,2984227.000000,1724268600.0
1724268600.0,225.779999,226.559998,225.190994,226.399994,3834165.000000,1724272200.0
1724333400.0,227.600006,228.339996,226.550003,226.770004,8837839.000000,1724337000.0
1724337000.0,226.759995,227.210007,226.139999,226.179993,3513476.000000,1724340600.0
1724340600.0,226.139999,226.440002,224.920105,226.429993,3401206.000000,1724344200.0
1724344200.0,226.434998,226.610001,225.084793,225.645004,2873698.000000,1724347800.0
1724347800.0,225.630005,225.820007,223.899994,224.859894,3951613.000000,1724351400.0
1724351400.0,224.860001,224.940002,224.149994,224.320007,2652812.000000,1724355000.0
1724355000.0,224.339996,224.919998,224.029999,224.529999,4874043.000000,1724358600.0
1724419800.0,225.658905,228.220001,225.520004,227.975006,8606738.000000,1724423400.0
1724423400.0,227.990005,228.100006,225.190094,225.949997,5457419.000000,1724427000.0
1724427000.0,225.968506,226.710007,224.880005,225.115005,3192087.000000,1724430600.0
1724430600.0,225.110001,225.990005,224.339996,225.964996,2664126.000000,1724434200.0
1724434200.0,225.970001,226.550003,225.949997,226.452698,2323736.000000,1724437800.0
1724437800.0,226.455002,227.100006,226.220001,227.059998,2752049.000000,1724441400.0
1724441400.0,227.065002,227.166901,226.229996,226.773605,3536618.000000,1724445000.0
1724679000.0,227.210007,227.210007,224.477203,224.949997,6251104.000000,1724682600.0
1724682600.0,224.919998,225.190002,223.890503,225.070007,3930509.000000,1724686200.0
1724686200.0,225.059998,225.820007,224.639999,225.810501,3335827.000000,1724689800.0
1724689800.0,225.811005,226.399994,225.750000,226.119995,2092165.000000,1724693400.0
1724693400.0,226.130005,226.425003,225.442993,225.869995,2251610.000000,1724697000.0
1724697000.0,225.860001,226.669998,225.760101,226.430099,2444527.000000,1724700600.0
1724700600.0,226.429993,227.279999,226.289993,227.259995,3543413.000000,1724704200.0
1724765400.0,226.210098,228.220001,224.889999,227.970001,8575296.000000,1724769000.0
1724769000.0,227.960007,228.845993,227.650101,228.630005,4591987.000000,1724772600.0
1724772600.0,228.570007,228.660004,227.869995,227.940002,2877065.000000,1724776200.0
1724776200.0,227.929993,228.529999,227.550003,228.490005,2150303.000000,1724779800.0
1724779800.0,228.500000,228.664001,228.070007,228.483200,1944293.000000,1724783400.0
1724783400.0,228.479996,228.548996,228.089996,228.149994,1885195.000000,1724787000.0
1724787000.0,228.149994,228.270004,227.750000,228.139999,3396614.000000,1724790600.0
1724851800.0,228.050003,229.660004,227.871002,229.639999,8121114.000000,1724855400.0
1724855400.0,229.630005,229.850006,226.330002,226.809998,5991731.000000,1724859000.0
1724859000.0,226.800003,227.270004,226.259995,227.029999,5540740.000000,1724862600.0
1724862600.0,227.020004,227.759995,227.009995,227.470001,2481723.000000,1724866200.0
1724866200.0,227.470001,227.600006,225.680099,226.080002,2007338.000000,1724869800.0
1724869800.0,226.080002,227.639999,225.960007,227.460007,3017614.000000,1724873400.0
1724873400.0,227.449997,227.539993,226.339996,226.490005,3607065.000000,1724877000.0
1724938200.0,230.279999,231.940002,228.880005,231.419998,15038494.000000,1724941800.0
1724941800.0,231.429993,232.919998,231.419998,232.449997,7514577.000000,1724945400.0
1724945400.0,232.447601,232.709106,231.490005,232.449997,5159347.000000,1724949000.0
1724949000.0,232.449997,232.710007,231.869995,232.130005,3294078.000000,1724952600.0
1724952600.0,232.139999,232.500000,230.550003,230.835999,4397159.000000,1724956200.0
1724956200.0,230.830002,230.970001,229.620102,230.139999,5247050.000000,1724959800.0
1724959800.0,230.169998,230.770004,229.330002,229.809998,4555191.000000,1724963400.0
1725024600.0,230.000000,230.399994,228.540100,229.195007,8962269.000000,1725028200.0
1725028200.0,229.199997,230.009995,227.729996,228.244995,4933862.000000,1725031800.0
1725031800.0,228.220001,228.875000,227.550003,228.029999,3257176.000000,1725035400.0
1725035400.0,228.020203,228.699997,227.479996,228.149994,2683350.000000,1725039000.0
1725039000.0,228.134995,228.315002,227.660004,227.990005,2414533.000000,1725042600.0
1725042600.0,228.000000,229.050003,227.949997,229.039993,3332557.000000,1725046200.0
1725046200.0,229.039993,229.850006,228.380005,228.860001,6922500.000000,1725049800.0
1725370200.0,228.238495,229.000000,224.729996,225.309998,10969784.000000,1725373800.0
1725373800.0,225.304993,225.304993,223.509995,223.854996,5984800.000000,1725377400.0
1725377400.0,223.860001,224.429993,223.270004,223.889999,3719653.000000,1725381000.0
1725381000.0,223.880005,224.149994,223.449997,223.831497,2520844.000000,1725384600.0
1725384600.0,223.825195,223.919998,221.839996,222.130005,4242288.000000,1725388200.0
1725388200.0,222.119995,222.729996,221.770004,222.449997,4336460.000000,1725391800.0
1725391800.0,222.440002,222.779999,221.169998,222.750000,6650499.000000,1725395400.0
1725456600.0,221.449997,221.755005,217.479996,218.634995,13419708.000000,1725460200.0
1725460200.0,218.630005,220.250000,218.539993,218.680099,6164994.000000,1725463800.0
1725463800.0,218.695007,219.964996,218.020004,219.929993,3511069.000000,1725467400.0
1725467400.0,219.919998,220.784302,219.539993,220.119995,3078968.000000,1725471000.0
1725471000.0,220.104599,221.110001,220.070007,220.910004,3084195.000000,1725474600.0
1725474600.0,220.899994,221.139999,220.169998,220.550003,3235652.000000,1725478200.0
1725478200.0,220.550003,221.430099,220.419998,220.789993,4798702.000000,1725481800.0
1725543000.0,221.520004,225.479996,221.520004,225.059998,10704328.000000,1725546600.0
1725546600.0,225.080002,225.389999,222.380005,222.479996,4610709.000000,1725550200.0
1725550200.0,222.460007,222.819595,221.889999,222.795197,3171908.000000,1725553800.0
1725553800.0,222.789993,223.149994,222.339996,222.389999,2425313.000000,1725557400.0
1725557400.0,222.397705,223.750000,222.374207,223.330597,2790012.000000,1725561000.0
1725561000.0,223.339996,223.899994,222.110001,222.830002,2545064.000000,1725564600.0
1725564600.0,222.820007,223.369995,221.810104,222.399994,3426613.000000,1725568200.0
1725629400.0,223.899994,225.196594,222.380005,222.690002,10837039.000000,1725633000.0
1725633000.0,222.669998,223.020004,220.830002,221.250000,6152793.000000,1725636600.0
1725636600.0,221.250000,222.067795,220.662003,220.685699,3892594.000000,1725640200.0
1725640200.0,220.699997,221.639999,220.460007,220.979996,3419148.000000,1725643800.0
1725643800.0,220.949997,221.089996,219.770004,220.187805,3000383.000000,1725647400.0
1725647400.0,220.190002,221.470001,219.820007,221.059998,3924346.000000,1725651000.0
1725651000.0,221.062500,221.550003,220.139999,220.910004,4597875.000000,1725654600.0
1725888600.0,220.899994,221.270004,217.820007,218.875000,13584735.000000,1725892200.0
1725892200.0,218.880005,219.009995,217.050003,218.960007,6687156.000000,1725895800.0
1725895800.0,218.979996,220.500000,218.929993,220.203903,4368450.000000,1725899400.0
1725899400.0,220.212601,220.929993,219.809998,220.839996,4747989.000000,1725903000.0
1725903000.0,220.837997,220.850006,217.080002,217.169998,11488645.000000,1725906600.0
1725906600.0,217.139999,219.272507,216.720001,219.259995,9269515.000000,1725910200.0
1725910200.0,219.270004,221.036499,219.270004,220.990005,8206929.000000,1725913800.0
1725975000.0,218.884995,220.020004,216.729996,219.779999,14107205.000000,1725978600.0
1725978600.0,219.764999,220.220001,218.220001,219.949997,6070511.000000,1725982200.0
1725982200.0,219.949997,220.410004,218.040405,218.539993,4556201.000000,1725985800.0
1725985800.0,218.530106,220.649994,218.490005,220.270004,3685902.000000,1725989400.0
1725989400.0,220.270004,221.479996,220.195908,220.809998,3978034.000000,1725993000.0
1725993000.0,220.830002,221.044998,220.210007,220.750000,5332395.000000,1725996600.0
1725996600.0,220.744995,221.110001,219.679993,220.169998,4674197.000000,1726000200.0
1726061400.0,221.425003,223.089996,219.149994,219.250000,9711642.000000,1726065000.0
1726065000.0,219.240005,219.339996,217.889999,218.899994,4829296.000000,1726068600.0
1726068600.0,218.899994,220.949997,218.669998,220.835205,3877449.000000,1726072200.0
1726072200.0,220.860001,221.850006,220.509995,221.320007,2788950.000000,1726075800.0
1726075800.0,221.259995,221.699997,220.839996,221.619995,3552924.000000,1726079400.0
1726079400.0,221.649994,221.970001,221.110001,221.970001,4285668.000000,1726083000.0
1726083000.0,221.955002,223.000000,221.679993,222.860001,5531388.000000,1726086600.0
1726147800.0,221.679993,222.580002,219.820007,222.070007,8196037.000000,1726151400.0
1726151400.0,222.071198,223.067505,221.089996,221.899994,4368515.000000,1726155000.0
1726155000.0,221.899994,222.539993,221.619995,221.929993,2289208.000000,1726158600.0
1726158600.0,221.949997,223.050003,221.710007,222.619995,2450018.000000,1726162200.0
1726162200.0,222.600006,223.229996,222.580002,223.140106,2928926.000000,1726165800.0
1726165800.0,223.139999,223.539993,222.160004,222.940002,3839512.000000,1726169400.0
1726169400.0,222.929993,223.348999,222.440002,222.869995,5236457.000000,1726173000.0
1726234200.0,223.595001,223.850006,222.190002,222.369995,9588879.000000,1726237800.0
1726237800.0,222.350006,223.750000,221.910004,223.544998,4492924.000000,1726241400.0
1726241400.0,223.544998,223.990005,223.054993,223.310104,2825345.000000,1726245000.0
1726245000.0,223.320007,224.029999,223.220001,223.583801,2326834.000000,1726248600.0
1726248600.0,223.580002,224.020004,222.850006,223.000000,2945593.000000,1726252200.0
1726252200.0,222.994995,223.050003,222.331207,222.533997,3150741.000000,1726255800.0
1726255800.0,222.539993,222.843002,222.309998,222.460007,4426267.000000,1726259400.0
1726493400.0,216.550003,217.199997,213.919998,216.660004,21390264.000000,1726497000.0
1726497000.0,216.640106,216.914993,214.839996,216.556503,8162076.000000,1726500600.0
1726500600.0,216.550003,216.580002,214.910004,215.399994,4852521.000000,1726504200.0
1726504200.0,215.389999,215.979996,214.920105,215.964996,3748142.000000,1726507800.0
1726507800.0,215.960007,216.520004,215.750000,216.429993,3606890.000000,1726511400.0
1726511400.0,216.425003,216.466797,215.919998,216.225006,4144167.000000,1726515000.0
1726515000.0,216.300003,216.699997,216.179993,216.300003,5232224.000000,1726518600.0
1726579800.0,215.750000,216.589905,214.500000,216.419998,11537502.000000,1726583400.0
1726583400.0,216.399994,216.899994,215.842606,216.205002,5086619.000000,1726587000.0
1726587000.0,216.210007,216.839996,215.509995,215.759995,4563369.000000,1726590600.0
1726590600.0,215.770004,216.229996,215.229996,216.169998,4929353.000000,1726594200.0
1726594200.0,216.160004,216.389999,215.059998,216.149994,3204596.000000,1726597800.0
1726597800.0,216.139999,216.619995,215.300003,216.610001,3928149.000000,1726601400.0
1726601400.0,216.600006,216.850006,216.169998,216.850006,4733527.000000,1726605000.0
1726666200.0,217.589996,220.735001,217.539993,220.735001,11719770.000000,1726669800.0
1726669800.0,220.730103,221.610001,220.251007,220.630005,8156545.000000,1726673400.0
1726673400.0,220.639999,220.869904,219.520004,220.809998,4730443.000000,1726677000.0
1726677000.0,220.800003,221.350006,220.259995,221.210098,4663209.000000,1726680600.0
1726680600.0,221.220001,222.699997,219.929993,221.407303,7417109.000000,1726684200.0
1726684200.0,221.495895,221.850006,218.929993,221.500000,7309128.000000,1726687800.0
1726687800.0,221.539993,221.809998,219.880005,220.690002,6247706.000000,1726691400.0
1726752600.0,224.940002,229.600006,224.639999,229.494995,18240508.000000,1726756200.0
1726756200.0,229.604996,229.820007,227.660004,228.490005,8846328.000000,1726759800.0
1726759800.0,228.484604,229.179993,228.000000,228.994995,5729594.000000,1726763400.0
1726763400.0,228.990005,229.330002,228.720795,229.170105,4098355.000000,1726767000.0
1726767000.0,229.206894,229.455704,228.399994,228.869995,4410441.000000,1726770600.0
1726770600.0,228.869995,229.490005,228.760101,229.467194,4815301.000000,1726774200.0
1726774200.0,229.460007,229.589996,228.289993,228.820007,7376731.000000,1726777800.0
1726839000.0,229.970001,231.160004,229.220001,230.034500,28984531.000000,1726842600.0
1726842600.0,230.029999,230.580002,229.199997,229.770004,12497143.000000,1726846200.0
1726846200.0,229.759995,231.740005,229.740005,231.729996,7914719.000000,1726849800.0
1726849800.0,231.720001,231.919998,230.610001,230.750000,6485883.000000,1726853400.0
1726853400.0,230.740005,231.259995,229.600006,229.777206,7870480.000000,1726857000.0
1726857000.0,229.770004,232.000000,229.500000,231.975006,10546962.000000,1726860600.0
1726860600.0,231.975006,233.089996,227.619995,228.529999,25542112.000000,1726864200.0
1727098200.0,227.339996,228.023102,225.860001,228.009995,13371890.000000,1727101800.0
1727101800.0,228.009995,229.449997,227.630005,228.653397,6527851.000000,1727105400.0
1727105400.0,228.660004,228.899994,226.929993,226.940002,3575768.000000,1727109000.0
1727109000.0,226.940002,227.410004,226.620102,226.740005,3228628.000000,1727112600.0
1727112600.0,226.748993,227.179993,226.509995,226.679993,2921492.000000,1727116200.0
1727116200.0,226.690002,226.759995,226.000000,226.289993,3625613.000000,1727119800.0
1727119800.0,226.279999,226.699997,225.809998,226.449997,4381769.000000,1727123400.0
1727184600.0,229.179993,229.350006,226.050003,226.070007,7586055.000000,1727188200.0
1727188200.0,226.070007,227.479996,225.740005,227.012100,4155816.000000,1727191800.0
1727191800.0,227.020004,227.739395,226.699997,227.550003,2884573.000000,1727195400.0
1727195400.0,227.539993,227.759995,226.809998,227.240005,2149179.000000,1727199000.0
1727199000.0,227.242203,227.479996,226.809998,226.879105,1936488.000000,1727202600.0
1727202600.0,226.869995,227.089996,226.539993,227.026001,1999556.000000,1727206200.0
1727206200.0,227.039993,227.500000,226.369995,227.360001,4656959.000000,1727209800.0
1727271000.0,224.929993,227.289993,224.610001,226.384995,8474136.000000,1727274600.0
1727274600.0,226.369995,226.799896,225.300003,225.449997,4105730.000000,1727278200.0
1727278200.0,225.399994,225.989899,225.320007,225.870102,2773314.000000,1727281800.0
1727281800.0,225.860001,226.020004,225.270004,225.360001,2776012.000000,1727285400.0
1727285400.0,225.350006,225.449997,224.029999,224.899994,4550963.000000,1727289000.0
1727289000.0,224.889999,225.320007,224.729996,225.259903,2750104.000000,1727292600.0
1727292600.0,225.250000,226.440002,225.190002,226.309998,4052788.000000,1727296200.0
1727357400.0,227.300003,227.619995,225.410004,226.899994,8068088.000000,1727361000.0
1727361000.0,226.910004,228.500000,226.529999,227.389694,5650345.000000,1727364600.0
1727364600.0,227.386505,227.820007,226.679993,227.309998,2992378.000000,1727368200.0
1727368200.0,227.315002,227.399994,226.669998,227.154999,1819367.000000,1727371800.0
1727371800.0,227.154999,227.710007,226.970993,227.705002,2270366.000000,1727375400.0
1727375400.0,227.710007,227.865005,227.462006,227.574997,2387943.000000,1727379000.0
1727379000.0,227.580002,227.789993,226.990005,227.619995,3934449.000000,1727382600.0
1727443800.0,228.429993,229.520004,227.990005,228.950897,7047356.000000,1727447400.0
1727447400.0,228.939606,229.070007,227.839996,228.130005,4099029.000000,1727451000.0
1727451000.0,228.119995,228.250000,227.300003,228.149994,3339358.000000,1727454600.0
1727454600.0,228.139999,228.619995,227.919998,227.994995,1914209.000000,1727458200.0
1727458200.0,227.990005,228.520004,227.809998,227.895004,2008696.000000,1727461800.0
1727461800.0,227.899994,228.190002,227.529999,227.809998,2165156.000000,1727465400.0
1727465400.0,227.820007,228.000000,227.550003,227.820007,3703154.000000,1727469000.0
1727703000.0,230.154999,232.341202,229.654999,230.979996,11787517.000000,1727706600.0
1727706600.0,230.970001,232.049896,230.750000,231.899994,4589294.000000,1727710200.0
1727710200.0,232.020004,232.538300,231.830002,232.119995,3947937.000000,1727713800.0
1727713800.0,232.119995,232.199997,231.309998,231.645004,2500766.000000,1727717400.0
1727717400.0,231.649994,232.000000,230.550003,231.009995,3105354.000000,1727721000.0
1727721000.0,231.000000,231.910004,230.776398,231.220001,3385830.000000,1727724600.0
1727724600.0,231.205002,233.000000,231.110001,233.000000,9077998.000000,1727728200.0
1727789400.0,229.550003,229.619995,224.660004,224.960007,18785859.000000,1727793000.0
1727793000.0,224.979996,225.500000,224.520004,225.475006,7238550.000000,1727796600.0
1727796600.0,225.470001,225.940002,225.050003,225.313004,5236262.000000,1727800200.0
1727800200.0,225.300003,225.395004,223.740005,223.929993,4629057.000000,1727803800.0
1727803800.0,223.929993,225.639999,223.839996,225.460007,4115947.000000,1727807400.0
1727807400.0,225.440002,226.188400,225.246002,226.150101,4202375.000000,1727811000.0
1727811000.0,226.149994,226.339996,225.875702,226.259995,5044106.000000,1727814600.0
1727875800.0,225.699997,226.110001,223.029999,225.419998,9385176.000000,1727879400.0
1727879400.0,225.399994,226.600006,225.270004,226.205002,4586645.000000,1727883000.0
1727883000.0,226.220001,227.050003,226.164993,226.951996,3954712.000000,1727886600.0
1727886600.0,226.949997,227.039398,226.589996,226.959900,2173028.000000,1727890200.0
1727890200.0,226.940002,227.179993,226.350006,226.820007,2418335.000000,1727893800.0
1727893800.0,226.800003,227.330002,226.649994,227.240005,2105356.000000,1727897400.0
1727897400.0,227.225006,227.369995,226.690094,226.809998,2793983.000000,1727901000.0
1727962200.0,225.240005,226.800003,224.720001,224.835007,6220681.000000,1727965800.0
1727965800.0,224.809998,225.529999,224.264999,224.874207,4150076.000000,1727969400.0
1727969400.0,224.888397,225.369995,224.830002,225.071198,3280055.000000,1727973000.0
1727973000.0,225.089996,225.096298,223.323898,223.835007,3492200.000000,1727976600.0
1727976600.0,223.839996,224.409897,223.700104,223.840103,1911305.000000,1727980200.0
1727980200.0,223.835007,224.039993,223.500107,223.699997,2380663.000000,1727983800.0
1727983800.0,223.710007,225.839996,223.660004,225.669998,5709739.000000,1727987400.0
1728048600.0,227.889999,228.000000,224.380005,224.510498,8338473.000000,1728052200.0
1728052200.0,224.490005,225.539993,224.139999,224.559998,4171900.000000,1728055800.0
1728055800.0,224.529999,225.570007,224.324997,224.949997,3129678.000000,1728059400.0
1728059400.0,224.957108,225.479996,224.867599,225.100098,1978865.000000,1728063000.0
1728063000.0,225.119995,225.350006,224.550003,225.089996,2430951.000000,1728066600.0
1728066600.0,225.089996,226.190002,225.039993,226.090103,3128943.000000,1728070200.0
1728070200.0,226.095001,226.979996,225.929993,226.779999,4791908.000000,1728073800.0
1728307800.0,224.460007,225.539993,224.054993,225.320007,7846943.000000,1728311400.0
1728311400.0,225.315002,225.690002,224.479996,225.060104,3155397.000000,1728315000.0
1728315000.0,225.080002,225.279999,224.070007,224.259995,2733871.000000,1728318600.0
1728318600.0,224.250000,224.570007,223.809998,223.809998,2471325.000000,1728322200.0
1728322200.0,223.780106,224.059998,223.399994,223.749893,2377594.000000,1728325800.0
1728325800.0,223.729996,223.729996,222.229996,222.565002,4495723.000000,1728329400.0
1728329400.0,222.563995,222.630005,221.335007,221.720001,4695507.000000,1728333000.0
1728394200.0,224.309998,225.880005,223.250000,224.899994,8969276.000000,1728397800.0
1728397800.0,224.897598,225.960007,224.660004,225.330002,3802538.000000,1728401400.0
1728401400.0,225.339294,225.600006,224.740005,224.820007,2178501.000000,1728405000.0
1728405000.0,224.830002,225.000000,224.222397,224.740005,1971901.000000,1728408600.0
1728408600.0,224.740005,225.115005,224.660004,224.929703,1560837.000000,1728412200.0
1728412200.0,224.919998,225.589996,224.779999,225.270004,2592549.000000,1728415800.0
1728415800.0,225.270004,225.975006,225.235001,225.779999,3794652.000000,1728419400.0
1728480600.0,225.500000,227.169998,224.830002,227.100006,6790643.000000,1728484200.0
1728484200.0,227.100006,228.289993,226.970001,228.190002,4601032.000000,1728487800.0
1728487800.0,228.210007,228.710007,228.082001,228.710007,3064533.000000,1728491400.0
1728491400.0,228.720001,229.039902,228.520004,228.860001,2317434.000000,1728495000.0
1728495000.0,228.839996,229.669998,228.029999,229.630005,2705052.000000,1728498600.0
1728498600.0,229.619995,229.629898,228.800003,229.074203,3361168.000000,1728502200.0
1728502200.0,229.070007,229.750000,229.059998,229.509995,3238655.000000,1728505800.0
1728567000.0,227.779999,228.829803,227.169998,228.255493,6391325.000000,1728570600.0
1728570600.0,228.236404,228.395996,227.630005,228.289993,3150593.000000,1728574200.0
1728574200.0,228.289993,229.229996,228.139999,228.710007,2234297.000000,1728577800.0
1728577800.0,228.725006,228.739105,228.120300,228.500000,1857916.000000,1728581400.0
1728581400.0,228.490005,228.800003,228.039993,228.320007,1786905.000000,1728585000.0
1728585000.0,228.320007,228.945007,228.070007,228.854996,1924289.000000,1728588600.0
1728588600.0,228.854996,229.500000,228.804993,229.029999,3089900.000000,1728592200.0
1728653400.0,228.294998,228.899994,227.339996,228.759995,6270537.000000,1728657000.0
1728657000.0,228.740005,229.190002,227.789993,227.975006,3392321.000000,1728660600.0
1728660600.0,227.970093,228.110001,227.660004,227.830093,3047535.000000,1728664200.0
1728664200.0,227.830002,227.985001,227.410004,227.839996,2091191.000000,1728667800.0
1728667800.0,227.824997,228.449997,227.580002,228.195007,2354655.000000,1728671400.0
1728671400.0,228.195007,228.970001,228.059998,228.690002,2828890.000000,1728675000.0
1728675000.0,228.688705,228.759995,227.500000,227.520004,3955806.000000,1728678600.0
1728912600.0,228.699997,231.309998,228.600006,230.684998,8542412.000000,1728916200.0
1728916200.0,230.684998,230.880005,229.149994,229.690002,3661063.000000,1728919800.0
1728919800.0,229.679993,230.529205,229.429993,230.249496,2488171.000000,1728923400.0
1728923400.0,230.259995,230.606400,230.199997,230.429993,1601087.000000,1728927000.0
1728927000.0,230.410004,230.550293,230.059998,230.460007,2240039.000000,1728930600.0
1728930600.0,230.483505,231.446793,230.449997,231.222595,3574497.000000,1728934200.0
1728934200.0,231.220001,231.727798,231.039993,231.300003,4541236.000000,1728937800.0
1728999000.0,233.589996,237.490005,232.369995,235.820007,21113589.000000,1729002600.0
1729002600.0,235.820007,236.130005,234.670105,235.431396,8085291.000000,1729006200.0
1729006200.0,235.429993,236.289993,234.550003,234.759995,5436418.000000,1729009800.0
1729009800.0,234.750000,235.199997,233.850006,234.020004,3242105.000000,1729013400.0
1729013400.0,233.964005,234.470001,233.500000,233.940002,3554666.000000,1729017000.0
1729017000.0,233.940002,234.080002,233.044998,233.240005,3377696.000000,1729020600.0
1729020600.0,233.250000,234.069901,232.809998,233.800003,5720018.000000,1729024200.0
1729085400.0,231.619995,232.119995,229.850006,230.729706,10626875.000000,1729089000.0
1729089000.0,230.710007,231.139999,230.050003,230.585007,3846997.000000,1729092600.0
1729092600.0,230.580002,230.959900,230.061005,230.339996,3420832.000000,1729096200.0
1729096200.0,230.345001,231.289993,230.320007,230.909897,2259958.000000,1729099800.0
1729099800.0,230.909897,231.360001,230.580002,231.110001,2251178.000000,1729103400.0
1729103400.0,231.100006,231.619995,230.979996,231.615005,2354257.000000,1729107000.0
1729107000.0,231.619995,231.929993,231.220001,231.750000,3021398.000000,1729110600.0
1729171800.0,233.440002,233.850006,230.529999,232.400101,7759044.000000,1729175400.0
1729175400.0,232.429993,232.489899,231.199997,232.259995,2876717.000000,1729179000.0
1729179000.0,232.259995,232.804001,232.050003,232.250000,2263962.000000,1729182600.0
1729182600.0,232.240005,232.529999,232.029999,232.387405,2159812.000000,1729186200.0
1729186200.0,232.399994,232.580002,231.274994,231.586502,2722249.000000,1729189800.0
1729189800.0,231.580002,232.110001,231.369995,231.755005,2566480.000000,1729193400.0
1729193400.0,231.755005,232.330002,231.639999,232.259995,3485679.000000,1729197000.0
1729258200.0,235.880005,236.050003,234.020004,234.770004,17238560.000000,1729261800.0
1729261800.0,234.759995,235.149994,234.274994,235.039993,4579796.000000,1729265400.0
1729265400.0,235.039993,235.339996,234.750000,234.990005,4353306.000000,1729269000.0
1729269000.0,234.990005,235.850006,234.940002,235.240005,2973498.000000,1729272600.0
1729272600.0,235.240005,235.750000,235.041595,235.529999,2317890.000000,1729276200.0
1729276200.0,235.524994,235.639999,235.029999,235.300003,2651508.000000,1729279800.0
1729279800.0,235.289993,235.300003,234.800003,234.979996,3233611.000000,1729283400.0
1729517400.0,234.449997,235.990005,234.449997,235.669998,7360513.000000,1729521000.0
1729521000.0,235.669998,236.100006,235.119995,235.419998,5509527.000000,1729524600.0
1729524600.0,235.399994,236.604996,235.285004,236.279999,3915718.000000,1729528200.0
1729528200.0,236.300003,236.615005,236.113998,236.370102,2531558.000000,1729531800.0
1729531800.0,236.380005,236.850006,236.199997,236.225006,2198486.000000,1729535400.0
1729535400.0,236.229996,236.270004,235.889999,236.134995,2196498.000000,1729539000.0
1729539000.0,236.134995,236.580002,235.827499,236.580002,3275560.000000,1729542600.0
1729603800.0,233.830002,234.153000,232.610001,233.910004,10307807.000000,1729607400.0
1729607400.0,233.904999,234.449997,233.470001,234.399506,3560805.000000,1729611000.0
1729611000.0,234.400696,234.909897,234.130005,234.169998,2234313.000000,1729614600.0
1729614600.0,234.190002,235.039993,234.149994,234.850006,3239691.000000,1729618200.0
1729618200.0,234.850006,236.005005,234.845001,235.313202,3270200.000000,1729621800.0
1729621800.0,235.330002,235.740005,235.179993,235.699997,1919543.000000,1729625400.0
1729625400.0,235.699997,236.190002,235.699997,235.860001,3335830.000000,1729629000.0
1729690200.0,234.320007,235.143997,233.809998,234.720001,6240289.000000,1729693800.0
1729693800.0,234.720001,235.119904,233.324997,233.500000,3486087.000000,1729697400.0
1729697400.0,233.490005,233.736206,229.639999,229.690002,12888223.000000,1729701000.0
1729701000.0,229.669998,230.250000,228.929993,230.054993,6554954.000000,1729704600.0
1729704600.0,230.020004,230.070007,227.759995,228.619995,4848232.000000,1729708200.0
1729708200.0,228.600006,229.809906,228.509995,229.675003,3897807.000000,1729711800.0
1729711800.0,229.699997,230.860001,229.610001,230.750000,4272929.000000,1729715400.0
1729776600.0,229.917007,230.399994,228.410004,229.809998,7720502.000000,1729780200.0
1729780200.0,229.850006,230.380005,229.229996,229.820007,3120118.000000,1729783800.0
1729783800.0,229.820007,230.039993,228.669998,229.519394,3095463.000000,1729787400.0
1729787400.0,229.520004,230.820007,229.520004,230.270004,2497557.000000,1729791000.0
1729791000.0,230.279999,230.539993,230.039993,230.460007,1809617.000000,1729794600.0
1729794600.0,230.429993,230.809998,230.119995,230.529999,1900378.000000,1729798200.0
1729798200.0,230.539993,230.800003,230.220001,230.570007,2953907.000000,1729801800.0
1729863000.0,229.740005,232.429901,229.570007,232.130005,8235944.000000,1729866600.0
1729866600.0,232.119995,233.199997,232.119995,232.229996,4138746.000000,1729870200.0
1729870200.0,232.229996,232.731995,231.759995,232.710007,3211126.000000,1729873800.0
1729873800.0,232.735001,232.940002,231.529999,231.857498,2367087.000000,1729877400.0
1729877400.0,231.830002,231.971497,231.070007,231.839996,2818009.000000,1729881000.0
1729881000.0,231.846893,232.199997,231.369995,231.619995,2642893.000000,1729884600.0
1729884600.0,231.649994,231.800003,231.110001,231.399994,3572932.000000,1729888200.0
1730122200.0,233.315002,234.550003,232.654999,233.634598,7460256.000000,1730125800.0
1730125800.0,233.619995,234.330002,233.220001,233.550003,3740019.000000,1730129400.0
1730129400.0,233.550003,234.315002,233.149994,234.310104,2911796.000000,1730133000.0
1730133000.0,234.309998,234.729996,233.932602,234.429993,2874054.000000,1730136600.0
1730136600.0,234.425003,234.645004,233.910004,233.914993,1760124.000000,1730140200.0
1730140200.0,233.910004,234.110001,233.570007,233.970001,2014045.000000,1730143800.0
1730143800.0,233.960007,233.981293,233.110001,233.490005,4008212.000000,1730147400.0
1730208600.0,233.195007,234.054993,232.320007,233.059998,6668061.000000,1730212200.0
1730212200.0,233.050003,233.690002,233.039993,233.270004,3007074.000000,1730215800.0
1730215800.0,233.259995,233.589996,233.020096,233.100006,2252024.000000,1730219400.0
1730219400.0,233.104996,234.210007,233.020004,233.889999,2623926.000000,1730223000.0
1730223000.0,233.919998,234.139999,233.759995,233.970001,1696611.000000,1730226600.0
1730226600.0,233.985001,234.219894,233.880005,234.199997,3638890.000000,1730230200.0
1730230200.0,234.205002,234.320007,233.539993,233.750000,3460514.000000,1730233800.0
1730295000.0,232.619995,233.229904,231.690002,231.860001,8472341.000000,1730298600.0
1730298600.0,231.866898,231.949997,230.505005,231.554993,5454960.000000,1730302200.0
1730302200.0,231.559998,231.664993,231.059998,231.199905,3239280.000000,1730305800.0
1730305800.0,231.199997,231.389999,230.229996,230.241104,2657234.000000,1730309400.0
1730309400.0,230.244995,231.000000,229.870407,230.649994,3567357.000000,1730313000.0
1730313000.0,230.620102,230.940002,230.169998,230.729996,2963500.000000,1730316600.0
1730316600.0,230.729996,230.839996,229.559998,230.139999,6851304.000000,1730320200.0
1730381400.0,229.229996,229.830002,227.809998,228.445007,9145169.000000,1730385000.0
1730385000.0,228.449997,228.729996,226.880005,227.315002,5587159.000000,1730388600.0
1730388600.0,227.309998,227.485001,226.410004,227.250000,3752999.000000,1730392200.0
1730392200.0,227.279999,228.176804,227.200195,227.860107,3450859.000000,1730395800.0
1730395800.0,227.860001,227.966293,226.824997,227.089996,3797245.000000,1730399400.0
1730399400.0,227.095001,227.779999,226.695007,227.330002,5061193.000000,1730403000.0
1730403000.0,227.330002,227.779999,225.389999,225.389999,7068003.000000,1730406600.0
1730467800.0,221.429993,225.339996,220.279999,224.070007,20933780.000000,1730471400.0
1730471400.0,224.089996,224.214005,221.600006,223.210495,10239831.000000,1730475000.0
1730475000.0,223.220001,223.250000,221.770004,222.074997,6338407.000000,1730478600.0
1730478600.0,222.190002,223.399902,222.050003,223.339996,3888496.000000,1730482200.0
1730482200.0,223.340195,223.360001,222.070007,222.244995,3414057.000000,1730485800.0
1730485800.0,222.240005,223.099899,222.139999,222.330002,4035303.000000,1730489400.0
1730489400.0,222.339996,223.250000,222.270004,222.850006,5287191.000000,1730493000.0
1730730600.0,221.011993,222.539993,219.710007,221.731506,9635855.000000,1730734200.0
1730734200.0,221.750000,222.264999,221.130096,221.480103,4458145.000000,1730737800.0
1730737800.0,221.480804,221.570007,220.410004,221.115097,4999217.000000,1730741400.0
1730741400.0,221.115005,222.619995,221.020096,222.020493,2890130.000000,1730745000.0
1730745000.0,222.020004,222.619095,221.960098,222.259995,2412789.000000,1730748600.0
1730748600.0,222.250000,222.789993,222.199997,222.479996,2504276.000000,1730752200.0
1730752200.0,222.500000,222.559998,221.520004,222.119995,4039677.000000,1730755800.0
1730817000.0,221.794998,223.945007,221.794998,223.319107,6371475.000000,1730820600.0
1730820600.0,223.320007,223.479996,221.934998,222.669998,4046507.000000,1730824200.0
1730824200.0,222.679993,223.750000,222.679993,223.380005,2163887.000000,1730827800.0
1730827800.0,223.399994,223.779999,222.619995,222.619995,2147843.000000,1730831400.0
1730831400.0,222.630005,223.449997,222.400208,223.330093,2141597.000000,1730835000.0
1730835000.0,223.339996,223.447098,222.809998,223.250000,1939508.000000,1730838600.0
1730838600.0,223.250000,223.529999,222.710007,223.449997,3341639.000000,1730842200.0
1730903400.0,221.235504,225.889999,221.225006,225.651306,15626726.000000,1730907000.0
1730907000.0,225.660004,226.065002,223.695007,224.800003,5934080.000000,1730910600.0
1730910600.0,224.802399,225.179993,223.964996,224.259995,4364147.000000,1730914200.0
1730914200.0,224.270004,224.600006,223.990005,224.187698,3127772.000000,1730917800.0
1730917800.0,224.184998,224.330002,223.744995,223.850006,3301101.000000,1730921400.0
1730921400.0,223.860001,224.225006,223.259995,223.625504,4460263.000000,1730925000.0
1730925000.0,223.660004,223.880005,222.500000,222.699997,5070195.000000,1730928600.0
1730989800.0,224.625000,226.550003,224.570007,225.733597,10347470.000000,1730993400.0
1730993400.0,225.750000,226.419998,225.350006,226.304993,3199921.000000,1730997000.0
1730997000.0,226.300003,227.419998,226.169998,227.214996,3447650.000000,1731000600.0
1731000600.0,227.210007,227.490005,226.770004,227.103302,2598523.000000,1731004200.0
1731004200.0,227.100006,227.380005,226.744995,227.100006,2170877.000000,1731007800.0
1731007800.0,227.110001,227.759995,226.854996,227.529999,3884098.000000,1731011400.0
1731011400.0,227.535004,227.869995,226.750000,227.690002,5268867.000000,1731015000.0
1731076200.0,227.139999,228.660004,227.139999,227.494705,7142789.000000,1731079800.0
1731079800.0,227.479996,227.559998,226.408401,226.688095,3790404.000000,1731083400.0
1731083400.0,226.684998,227.580002,226.684998,226.880005,2696407.000000,1731087000.0
1731087000.0,226.869995,227.456497,226.789993,226.994995,2566711.000000,1731090600.0
1731090600.0,227.000000,227.610001,226.970001,227.539902,4000748.000000,1731094200.0
1731094200.0,227.529999,227.720001,227.259995,227.479996,2313467.000000,1731097800.0
1731097800.0,227.449997,227.485001,226.720001,227.160004,6567817.000000,1731101400.0
1731335400.0,225.054993,225.699997,222.770004,222.804993,11229917.000000,1731339000.0
1731339000.0,222.809998,223.720001,222.669998,222.770004,5008612.000000,1731342600.0
1731342600.0,222.779999,223.138794,222.009995,222.195007,4557733.000000,1731346200.0
1731346200.0,222.190002,222.460007,221.500000,222.460007,3705260.000000,1731349800.0
1731349800.0,222.449905,223.100006,222.360001,223.059998,2795549.000000,1731353400.0
1731353400.0,223.059998,223.740005,222.970001,223.634995,2570966.000000,1731357000.0
1731357000.0,223.639999,224.350006,223.460007,224.250000,3922850.000000,1731360600.0
1731421800.0,224.630005,225.039993,223.574997,224.169998,6615053.000000,1731425400.0
1731425400.0,224.205002,225.589996,224.179993,225.000000,4679777.000000,1731429000.0
1731429000.0,224.999893,225.509995,223.884995,223.919998,4075218.000000,1731432600.0
1731432600.0,223.919998,224.470001,223.354996,224.470001,2814384.000000,1731436200.0
1731436200.0,224.449997,224.759903,224.139999,224.619904,2559013.000000,1731439800.0
1731439800.0,224.630005,224.820007,224.440399,224.600006,2217197.000000,1731443400.0
1731443400.0,224.589996,224.800003,223.940399,224.240005,5475872.000000,1731447000.0
1731508200.0,223.949997,225.209900,222.759995,223.210007,10063606.000000,1731511800.0
1731511800.0,223.240005,224.470001,223.225006,224.395004,3879118.000000,1731515400.0
1731515400.0,224.464905,225.550003,223.770004,225.020004,3325662.000000,1731519000.0
1731519000.0,225.024994,226.649994,224.940002,226.363800,3682752.000000,1731522600.0
1731522600.0,226.360001,226.429993,225.752899,225.919907,3034597.000000,1731526200.0
1731526200.0,225.910004,225.991302,225.118607,225.370193,2989568.000000,1731529800.0
1731529800.0,225.380005,225.919998,224.470001,225.070007,5085654.000000,1731533400.0
1731594600.0,225.690002,226.600006,225.050003,226.570007,8366080.000000,1731598200.0
1731598200.0,226.565002,227.059998,226.339996,226.419998,4306234.000000,1731601800.0
1731601800.0,226.580002,227.080002,226.500000,227.000000,2369653.000000,1731605400.0
1731605400.0,227.009995,228.639999,226.770004,228.472794,4327298.000000,1731609000.0
1731609000.0,228.470093,228.869995,227.830002,228.527496,3310597.000000,1731612600.0
1731612600.0,228.509995,228.710007,226.990005,227.035004,5226141.000000,1731616200.0
1731616200.0,227.035004,228.380005,227.035004,228.190002,4276782.000000,1731619800.0
1731681000.0,225.919998,226.919998,224.440002,224.630005,12149935.000000,1731684600.0
1731684600.0,224.630005,225.240005,224.479996,225.235001,3739705.000000,1731688200.0
1731688200.0,225.231003,225.479996,224.669998,224.872406,3065408.000000,1731691800.0
1731691800.0,224.869995,224.949997,224.270004,224.735001,4906231.000000,1731695400.0
1731695400.0,224.699997,224.960007,224.330002,224.399902,2438130.000000,1731699000.0
1731699000.0,224.399994,225.309998,224.300003,224.809998,3159811.000000,1731702600.0
1731702600.0,224.809998,225.240005,224.569901,224.919998,4237936.000000,1731706200.0
1731940200.0,225.199997,228.220001,225.179993,228.100006,8356829.000000,1731943800.0
1731943800.0,228.100006,229.210007,228.100006,229.059998,4333949.000000,1731947400.0
1731947400.0,229.065094,229.160004,228.360001,228.750000,2932115.000000,1731951000.0
1731951000.0,228.744995,229.740005,228.634995,228.967194,3233690.000000,1731954600.0
1731954600.0,228.960007,229.498001,228.679993,228.815002,2504537.000000,1731958200.0
1731958200.0,228.820007,229.080307,228.033707,228.059998,3403227.000000,1731961800.0
1731961800.0,228.050003,228.240005,227.320007,227.990005,3614507.000000,1731965400.0
1732026600.0,227.770004,228.865005,227.119995,228.850006,6182588.000000,1732030200.0
1732030200.0,228.839996,229.539993,228.679993,229.309998,2959806.000000,1732033800.0
1732033800.0,229.335007,229.860001,229.190002,229.854996,3852606.000000,1732037400.0
1732037400.0,229.854996,230.160004,229.250000,229.554993,3531971.000000,1732041000.0
1732041000.0,229.550003,229.990005,229.354996,229.389999,2135676.000000,1732044600.0
1732044600.0,229.389999,229.490005,228.350006,228.440002,2882576.000000,1732048200.0
1732048200.0,228.429993,228.720001,227.720001,228.339996,3951414.000000,1732051800.0
1732113000.0,228.104996,229.929993,226.419998,226.514999,7607256.000000,1732116600.0
1732116600.0,226.524994,227.205002,226.100006,226.179993,3003827.000000,1732120200.0
1732120200.0,226.190002,227.699997,225.889999,226.850098,2793314.000000,1732123800.0
1732123800.0,226.850006,227.369995,226.380005,226.813293,2118040.000000,1732127400.0
1732127400.0,226.789993,227.009995,226.395004,226.809998,1602064.000000,1732131000.0
1732131000.0,226.809998,228.000000,226.699997,227.974899,2315522.000000,1732134600.0
1732134600.0,227.970001,229.000000,227.970001,229.000000,4127268.000000,1732138200.0
1732199400.0,228.789993,229.919998,225.710297,225.949997,9619943.000000,1732203000.0
1732203000.0,225.940002,228.919998,225.830002,228.770004,4765620.000000,1732206600.0
1732206600.0,228.750000,229.469894,228.490005,229.289993,3469645.000000,1732210200.0
1732210200.0,229.309998,230.149994,229.270004,229.839996,3200750.000000,1732213800.0
1732213800.0,229.850006,229.933701,229.220001,229.360001,2913322.000000,1732217400.0
1732217400.0,229.380005,229.580002,228.990005,229.270004,2610348.000000,1732221000.0
1732221000.0,229.270004,229.289993,228.270004,228.509995,4482648.000000,1732224600.0
1732285800.0,228.059998,230.130005,228.059998,229.279999,6571537.000000,1732289400.0
1732289400.0,229.279999,229.929993,228.830002,229.479996,4454609.000000,1732293000.0
1732293000.0,229.489899,230.119995,228.970001,229.985001,3272578.000000,1732296600.0
1732296600.0,229.985001,230.719894,229.675003,230.179993,3201749.000000,1732300200.0
1732300200.0,230.164993,230.389999,229.330002,229.440002,2939345.000000,1732303800.0
1732303800.0,229.445007,229.639999,228.929993,229.375000,2765287.000000,1732307400.0
1732307400.0,229.369995,230.149994,229.309998,229.759995,4345539.000000,1732311000.0
1732545000.0,231.460007,233.184998,231.419998,232.000000,9845726.000000,1732548600.0
1732548600.0,231.979996,232.800995,231.700302,231.710007,3799907.000000,1732552200.0
1732552200.0,231.705002,231.850006,229.960007,230.206802,3682262.000000,1732555800.0
1732555800.0,230.199997,230.580002,229.740005,230.414993,2947971.000000,1732559400.0
1732559400.0,230.425003,230.740005,230.199997,230.684998,2057791.000000,1732563000.0
1732563000.0,230.664993,230.850006,230.095001,230.520004,2752031.000000,1732566600.0
1732566600.0,230.501297,233.169998,229.845001,232.880005,11344808.000000,1732570200.0
1732631400.0,233.475006,235.434998,233.475006,234.360001,12979632.000000,1732635000.0
1732635000.0,234.360001,235.570007,234.210007,235.039993,4972245.000000,1732638600.0
1732638600.0,235.039993,235.104706,234.270004,234.479996,2980746.000000,1732642200.0
1732642200.0,234.479996,235.179993,234.350006,234.509995,3515885.000000,1732645800.0
1732645800.0,234.509995,235.100006,234.445007,234.929993,2752588.000000,1732649400.0
1732649400.0,234.925003,235.250000,234.729996,234.809998,3000602.000000,1732653000.0
1732653000.0,234.809998,235.279999,234.580002,235.080002,5458831.000000,1732656600.0
1732717800.0,234.464996,235.679993,233.810104,235.160004,7058124.000000,1732721400.0
1732721400.0,235.160004,235.690002,234.154602,234.669998,3805611.000000,1732725000.0
1732725000.0,234.620102,234.889999,233.979996,234.570007,2845831.000000,1732728600.0
1732728600.0,234.559998,235.000000,234.409393,234.780106,2325512.000000,1732732200.0
1732732200.0,234.779999,235.137100,234.710007,234.979996,1683157.000000,1732735800.0
1732735800.0,234.979996,235.250000,234.735001,234.845001,2045715.000000,1732739400.0
1732739400.0,234.839996,235.089996,234.585007,234.990005,2919382.000000,1732743000.0
1732890600.0,234.839996,235.889999,233.970001,235.345001,5532507.000000,1732894200.0
1732894200.0,235.350006,236.599899,235.339996,236.399994,3997632.000000,1732897800.0
1732897800.0,236.380005,237.149994,236.289993,236.369995,3843062.000000,1732901400.0
1733149800.0,237.270004,240.279999,237.160004,240.270004,11143242.000000,1733153400.0
1733153400.0,240.270004,240.789993,239.440002,239.830002,5965321.000000,1733157000.0
1733157000.0,239.827194,240.199997,239.360001,239.830002,2850375.000000,1733160600.0
1733160600.0,239.839996,240.000000,239.240005,239.440002,3599025.000000,1733164200.0
1733164200.0,239.419998,239.509995,239.029999,239.330002,2372094.000000,1733167800.0
1733167800.0,239.330002,239.839996,239.250107,239.789993,2497573.000000,1733171400.0
1733171400.0,239.789993,239.940002,239.050003,239.600006,3858894.000000,1733175000.0
1733236200.0,239.919998,241.369904,238.900299,240.470001,8548308.000000,1733239800.0
1733239800.0,240.475006,241.339996,240.449997,241.330002,3962336.000000,1733243400.0
1733243400.0,241.330002,241.634995,240.981995,241.264999,3152692.000000,1733247000.0
1733247000.0,241.264999,241.699905,241.145004,241.419998,2157544.000000,1733250600.0
1733250600.0,241.419998,242.169998,241.345001,242.149994,3311661.000000,1733254200.0
1733254200.0,242.154999,242.460007,241.850006,242.053207,3274479.000000,1733257800.0
1733257800.0,242.059998,242.755005,242.059998,242.630005,3704333.000000,1733261400.0
1733322600.0,242.880005,244.104996,242.509995,243.449997,8409865.000000,1733326200.0
1733326200.0,243.440002,243.809998,242.850006,242.904999,3476264.000000,1733329800.0
1733329800.0,242.904999,242.909897,241.250000,242.039902,7183414.000000,1733333400.0
1733333400.0,242.039993,242.509995,241.639999,242.258698,2189900.000000,1733337000.0
1733337000.0,242.240005,243.176407,241.929993,243.070007,3055452.000000,1733340600.0
1733340600.0,243.059998,243.125000,242.779999,242.985001,2751650.000000,1733344200.0
1733344200.0,242.985001,243.539993,242.826096,243.020004,3738537.000000,1733347800.0
1733409000.0,244.050003,244.539993,242.712799,242.929993,8289397.000000,1733412600.0
1733412600.0,242.929993,243.080002,242.240005,242.550003,3597584.000000,1733416200.0
1733416200.0,242.544998,243.409897,242.309998,243.360001,4262442.000000,1733419800.0
1733419800.0,243.358307,243.369995,242.610001,242.884995,2973235.000000,1733423400.0
1733423400.0,242.889999,243.690002,242.839996,243.279999,2513592.000000,1733427000.0
1733427000.0,243.285004,243.360001,242.744995,242.905807,3069471.000000,1733430600.0
1733430600.0,242.904999,243.080002,242.130005,243.080002,4497338.000000,1733434200.0
1733495400.0,242.869995,244.630005,242.080002,243.440002,7897447.000000,1733499000.0
1733499000.0,243.449997,244.100006,243.274994,243.582001,3073497.000000,1733502600.0
1733502600.0,243.580002,243.839996,243.210007,243.600006,2643208.000000,1733506200.0
1733506200.0,243.589996,243.615005,242.940002,243.264099,2315920.000000,1733509800.0
1733509800.0,243.259995,243.639999,243.039993,243.162704,2434412.000000,1733513400.0
1733513400.0,243.160004,243.399994,242.870102,243.050003,3531491.000000,1733517000.0
1733517000.0,243.050003,243.149994,242.199997,242.860001,4585506.000000,1733520600.0
1733754600.0,242.399994,244.720001,242.399994,244.509995,6763286.000000,1733758200.0
1733758200.0,244.479996,247.238800,244.419998,246.470001,7885176.000000,1733761800.0
1733761800.0,246.485001,247.240005,246.309998,246.790298,3738978.000000,1733765400.0
1733765400.0,246.824997,247.015106,245.710007,246.905396,3215218.000000,1733769000.0
1733769000.0,246.889999,246.889999,246.059998,246.095001,2110393.000000,1733772600.0
1733772600.0,246.095001,246.779999,245.899994,246.759995,2636199.000000,1733776200.0
1733776200.0,246.779999,247.089996,246.110001,246.809998,5245539.000000,1733779800.0
1733841000.0,246.949997,247.787094,245.809998,246.729996,7969297.000000,1733844600.0
1733844600.0,246.735001,246.919998,245.341995,245.669998,3845062.000000,1733848200.0
1733848200.0,245.669998,247.179993,245.610001,247.070007,2669027.000000,1733851800.0
1733851800.0,247.059998,247.478394,246.720001,247.406601,2160359.000000,1733855400.0
1733855400.0,247.404999,247.800003,247.350006,247.429993,2326302.000000,1733859000.0
1733859000.0,247.429993,248.210007,247.410004,247.720001,4138454.000000,1733862600.0
1733862600.0,247.725006,248.070007,247.369995,247.800003,3607802.000000,1733866200.0
1733927400.0,247.945007,249.990005,247.649994,249.429993,8367368.000000,1733931000.0
1733931000.0,249.429993,250.800003,249.395004,250.440002,6584107.000000,1733934600.0
1733934600.0,250.419998,250.419998,249.339996,249.681396,2792683.000000,1733938200.0
1733938200.0,249.679993,249.779999,248.970001,249.100006,2034409.000000,1733941800.0
1733941800.0,249.089996,249.164993,248.086304,248.279999,2859618.000000,1733945400.0
1733945400.0,248.280106,248.440002,247.050003,247.149994,3703277.000000,1733949000.0
1733949000.0,247.139999,247.160004,246.260101,246.429993,5247010.000000,1733952600.0
1734013800.0,246.945007,248.119995,245.679993,247.990005,7733107.000000,1734017400.0
1734017400.0,247.990005,248.599594,247.660004,248.470993,4798038.000000,1734021000.0
1734021000.0,248.479996,248.549896,247.990005,248.092804,2067122.000000,1734024600.0
1734024600.0,248.089996,248.740005,247.639999,248.529999,2027236.000000,1734028200.0
1734028200.0,248.520004,248.740005,248.000000,248.020004,1974147.000000,1734031800.0
1734031800.0,248.014999,248.210007,247.449997,247.750000,1927714.000000,1734035400.0
1734035400.0,247.759995,248.199997,247.740005,247.949997,2674221.000000,1734039000.0
1734100200.0,247.880005,249.290207,247.350006,247.550003,6597729.000000,1734103800.0
1734103800.0,247.580002,247.949997,246.500000,246.625000,3698292.000000,1734107400.0
1734107400.0,246.619995,247.029999,246.240005,246.460007,2717185.000000,1734111000.0
1734111000.0,246.470001,247.259995,246.339996,247.190002,2429085.000000,1734114600.0
1734114600.0,247.175003,248.014999,247.160095,247.910004,2136050.000000,1734118200.0
1734118200.0,247.904999,248.100006,247.639999,248.020004,2472418.000000,1734121800.0
1734121800.0,248.020004,248.298706,247.889999,248.130005,2520361.000000,1734125400.0
1734359400.0,248.000000,250.000000,247.649994,249.059998,7886880.000000,1734363000.0
1734363000.0,249.029999,249.960007,248.820007,249.669998,3291322.000000,1734366600.0
1734366600.0,249.710007,250.300003,249.535004,250.059998,3966563.000000,1734370200.0
1734370200.0,250.059998,251.378906,250.052597,251.110001,3741887.000000,1734373800.0
1734373800.0,251.089996,251.247192,250.580002,250.800095,2929661.000000,1734377400.0
1734377400.0,250.809998,251.000198,250.210007,250.695007,3296914.000000,1734381000.0
1734381000.0,250.699997,251.100006,249.949997,251.039993,3755928.000000,1734384600.0
1734445800.0,250.134995,252.979996,249.789993,252.270004,8272806.000000,1734449400.0
1734449400.0,252.255005,253.350006,251.770004,252.550003,4415074.000000,1734453000.0
1734453000.0,252.529999,253.300003,252.479996,253.225006,3694338.000000,1734456600.0
1734456600.0,253.250000,253.289993,252.690094,253.130005,2789948.000000,1734460200.0
1734460200.0,253.139999,253.634995,252.929993,253.199997,3028678.000000,1734463800.0
1734463800.0,253.199997,253.389999,252.750000,252.880005,3197831.000000,1734467400.0
1734467400.0,252.880005,253.809998,252.649994,253.479996,6517824.000000,1734471000.0
1734532200.0,252.220001,253.399994,251.330002,253.070007,7178746.000000,1734535800.0
1734535800.0,253.070007,253.799896,252.850006,253.320007,4534838.000000,1734539400.0
1734539400.0,253.323593,254.039993,253.175003,253.634995,3385526.000000,1734543000.0
1734543000.0,253.630005,254.009995,253.470001,253.710098,2498618.000000,1734546600.0
1734546600.0,253.699997,254.279999,251.539993,252.449997,4517172.000000,1734550200.0
1734550200.0,252.449005,252.979996,249.500000,249.899994,8004435.000000,1734553800.0
1734553800.0,249.919998,250.399200,247.750000,247.860001,8666490.000000,1734557400.0
1734618600.0,247.460007,251.020004,247.095001,249.889999,13163580.000000,1734622200.0
1734622200.0,249.889999,251.387604,249.369995,251.039993,6029993.000000,1734625800.0
1734625800.0,251.039993,251.850006,250.535004,250.580002,4327867.000000,1734629400.0
1734629400.0,250.589996,250.940002,249.720001,250.830002,3212228.000000,1734633000.0
1734633000.0,250.815002,251.449997,250.290207,250.520004,2255973.000000,1734636600.0
1734636600.0,250.509995,250.520004,249.529999,250.324997,2871418.000000,1734640200.0
1734640200.0,250.330002,250.550003,249.409302,249.850006,4256393.000000,1734643800.0
1734705000.0,248.119995,249.624100,246.300003,249.595001,21606592.000000,1734708600.0
1734708600.0,249.589996,252.000000,249.399994,251.990005,5534153.000000,1734712200.0
1734712200.0,251.979996,253.929993,251.889999,253.735001,6609817.000000,1734715800.0
1734715800.0,253.735001,253.770004,252.772003,252.869995,3597562.000000,1734719400.0
1734719400.0,252.910004,253.649994,252.679993,253.620300,3481696.000000,1734723000.0
1734723000.0,253.630005,254.190002,253.300003,253.490005,5096339.000000,1734726600.0
1734726600.0,253.500000,255.000000,252.789993,254.589996,8461430.000000,1734730200.0
1734964200.0,255.339996,255.419998,253.449997,254.070007,8639208.000000,1734967800.0
1734967800.0,254.050003,255.070007,253.460007,254.830002,3133440.000000,1734971400.0
1734971400.0,254.839096,255.229996,254.369995,254.429993,2397338.000000,1734975000.0
1734975000.0,254.429993,254.755005,253.720001,253.919998,3619882.000000,1734978600.0
1734978600.0,253.919998,254.460007,253.869995,254.294998,2441370.000000,1734982200.0
1734982200.0,254.300003,254.399994,253.679993,254.339996,2612184.000000,1734985800.0
1734985800.0,254.339996,255.649994,254.339996,255.309998,4322344.000000,1734989400.0
1735050600.0,255.860001,257.450012,255.759995,257.105011,6593845.000000,1735054200.0
1735054200.0,257.114990,258.000000,257.100006,257.292999,3930054.000000,1735057800.0
1735057800.0,257.269989,257.540009,256.870087,257.359985,2866762.000000,1735061400.0
1735223400.0,258.979095,260.089996,257.630005,258.361206,8036580.000000,1735227000.0
1735227000.0,258.364990,259.190002,258.130005,258.880005,2886529.000000,1735230600.0
1735230600.0,258.890015,259.339996,258.820007,258.984985,1989211.000000,1735234200.0
1735234200.0,258.988007,259.325012,258.570007,258.818909,1857025.000000,1735237800.0
1735237800.0,258.809998,258.948914,258.410004,258.600006,1532082.000000,1735241400.0
1735241400.0,258.609985,259.470001,258.589996,259.109985,2293812.000000,1735245000.0
1735245000.0,259.119995,259.510010,259.010010,259.100006,2691314.000000,1735248600.0
1735309800.0,257.899994,258.700012,254.910004,254.990005,7279122.000000,1735313400.0
1735313400.0,254.960007,255.399994,254.039993,254.729996,5252455.000000,1735317000.0
1735317000.0,254.740005,254.800003,253.059998,253.679993,4795494.000000,1735320600.0
1735320600.0,253.669998,254.979904,253.647797,254.949997,3338291.000000,1735324200.0
1735324200.0,254.940002,255.509995,254.860001,255.014999,2423344.000000,1735327800.0
1735327800.0,255.029999,255.559906,254.960007,255.169998,2513045.000000,1735331400.0
1735331400.0,255.169998,255.820007,254.970001,255.720001,5269742.000000,1735335000.0
1735569000.0,252.720001,252.869995,250.750000,250.919998,7918270.000000,1735572600.0
1735572600.0,250.916000,252.285004,250.916000,251.899994,3565575.000000,1735576200.0
1735576200.0,251.889999,253.100006,251.809998,253.050003,2716217.000000,1735579800.0
1735579800.0,253.059998,253.470001,252.500000,252.820007,2154164.000000,1735583400.0
1735583400.0,252.804993,253.289993,252.589996,252.936401,2351450.000000,1735587000.0
1735587000.0,252.929993,253.499893,252.690002,252.720001,2668679.000000,1735590600.0
1735590600.0,252.729996,253.039993,252.039993,252.119995,3863755.000000,1735594200.0
1735655400.0,252.660004,253.279999,251.320007,251.687698,5118031.000000,1735659000.0
1735659000.0,251.690002,252.139893,251.024994,251.179993,2379768.000000,1735662600.0
1735662600.0,251.179993,251.550003,250.649994,250.716293,1975317.000000,1735666200.0
1735666200.0,250.699997,250.759995,249.440002,249.690002,3894785.000000,1735669800.0
1735669800.0,249.690002,250.268005,249.529999,249.770004,2272071.000000,1735673400.0
1735673400.0,249.764999,250.880005,249.690002,250.770096,3376639.000000,1735677000.0
1735677000.0,250.770004,251.080002,249.500000,250.380005,7162976.000000,1735680600.0
1735828200.0,248.929993,249.100006,244.800003,245.739899,13501229.000000,1735831800.0
1735831800.0,245.630005,245.880005,244.160095,244.895004,6830782.000000,1735835400.0
1735835400.0,244.909897,245.250000,243.320007,243.428604,4384552.000000,1735839000.0
1735839000.0,243.410004,243.410004,242.309998,242.686203,6464462.000000,1735842600.0
1735842600.0,242.669998,242.839996,241.820099,242.488403,5547977.000000,1735846200.0
1735846200.0,242.479996,243.440002,241.871307,243.231094,5106418.000000,1735849800.0
1735849800.0,243.250000,243.949997,243.010193,243.820007,6023491.000000,1735853400.0
1735914600.0,242.880203,244.179993,241.889999,242.459793,9135529.000000,1735918200.0
1735918200.0,242.449997,243.675598,242.139999,243.490005,4968036.000000,1735921800.0
1735921800.0,243.479996,244.048599,242.669998,242.770706,3673389.000000,1735925400.0
1735925400.0,242.779999,243.160004,242.279999,243.009995,3313371.000000,1735929000.0
1735929000.0,243.000000,243.059998,242.570007,242.669998,3130427.000000,1735932600.0
1735932600.0,242.660004,243.442398,242.639999,242.850006,3007142.000000,1735936200.0
1735936200.0,242.839996,243.600006,242.610001,243.300003,4381782.000000,1735939800.0
1736173800.0,244.330002,246.182693,243.839996,245.550003,10577599.000000,1736177400.0
1736177400.0,245.539993,247.330002,245.330002,246.740005,5006800.000000,1736181000.0
1736181000.0,246.755005,246.761002,245.701294,245.770004,3354093.000000,1736184600.0
1736184600.0,245.759995,245.869995,244.479996,245.029999,3070077.000000,1736188200.0
1736188200.0,245.029999,245.179993,244.600006,244.979996,2065770.000000,1736191800.0
1736191800.0,244.979996,245.130005,244.425003,244.895004,2306175.000000,1736195400.0
1736195400.0,244.910004,245.339996,244.419998,245.000000,3773029.000000,1736199000.0
1736260200.0,242.979996,245.550003,242.830002,245.388901,8173530.000000,1736263800.0
1736263800.0,245.139999,245.320007,243.710007,243.770004,4154915.000000,1736267400.0
1736267400.0,243.740005,245.000000,242.138199,242.389999,4446679.000000,1736271000.0
1736271000.0,242.399994,243.408401,241.360001,243.155502,3448950.000000,1736274600.0
1736274600.0,243.149994,243.179993,242.070099,242.457993,2577768.000000,1736278200.0
1736278200.0,242.449997,242.490005,241.750000,242.009995,2681979.000000,1736281800.0
1736281800.0,242.020004,242.404999,241.539001,242.190002,4772501.000000,1736285400.0
1736346600.0,241.970001,242.865494,240.050003,242.409897,7170550.000000,1736350200.0
1736350200.0,242.389999,243.712296,242.085007,242.710007,4154228.000000,1736353800.0
1736353800.0,242.726105,243.580002,241.240005,241.369995,3009958.000000,1736357400.0
1736357400.0,241.360001,242.508698,241.199997,242.350006,2612848.000000,1736361000.0
1736361000.0,242.350006,242.979996,241.044006,242.794998,2761227.000000,1736364600.0
1736364600.0,242.699997,242.720001,241.699997,242.384003,2452219.000000,1736368200.0
1736368200.0,242.380005,242.987000,241.800003,242.720001,3573432.000000,1736371800.0
1736519400.0,239.964996,240.149994,235.800003,237.425003,13137403.000000,1736523000.0
1736523000.0,237.424194,237.434998,233.500000,233.770004,8427975.000000,1736526600.0
1736526600.0,233.770004,235.899994,233.000000,235.570007,7179671.000000,1736530200.0
1736530200.0,235.539993,237.339706,235.065002,237.115005,3958571.000000,1736533800.0
1736533800.0,237.119995,237.585007,236.410004,236.830002,3175363.000000,1736537400.0
1736537400.0,236.839996,236.880005,235.750000,235.994995,3580665.000000,1736541000.0
1736541000.0,235.994995,237.289993,235.770004,236.929993,5097626.000000,1736544600.0
1736778600.0,233.500000,233.589996,229.720001,230.380005,13314474.000000,1736782200.0
1736782200.0,230.380005,231.800003,230.220001,230.725006,5357189.000000,1736785800.0
1736785800.0,230.732498,232.529999,230.399994,232.320007,4160495.000000,1736789400.0
1736789400.0,232.289993,233.434998,231.979996,233.380005,2920622.000000,1736793000.0
1736793000.0,233.380005,233.970001,233.250000,233.559998,2678525.000000,1736796600.0
1736796600.0,233.550003,234.199997,233.369995,233.684402,3290938.000000,1736800200.0
1736800200.0,233.690002,234.669998,233.654999,234.399994,4579852.000000,1736803800.0
1736865000.0,234.750000,236.119995,234.259995,235.610001,6863540.000000,1736868600.0
1736868600.0,235.600006,235.970001,234.130005,234.210007,3836690.000000,1736872200.0
1736872200.0,234.190002,234.476303,232.845001,233.324997,3080840.000000,1736875800.0
1736875800.0,233.309998,234.119995,232.649994,234.020203,2179055.000000,1736879400.0
1736879400.0,234.039993,234.919998,233.720001,234.258698,2448410.000000,1736883000.0
1736883000.0,234.250000,234.649994,232.472000,233.294998,3619972.000000,1736886600.0
1736886600.0,233.279999,233.440002,232.539993,233.279999,4851942.000000,1736890200.0
1736951400.0,234.639999,238.389999,234.429993,237.920105,8599650.000000,1736955000.0
1736955000.0,237.960007,238.539993,237.309998,237.400696,3705014.000000,1736958600.0
1736958600.0,237.399994,237.580002,236.502396,237.119904,2959584.000000,1736962200.0
1736962200.0,237.115005,237.740005,236.970001,237.529999,2206504.000000,1736965800.0
1736965800.0,237.520004,237.759995,237.259995,237.560104,1908254.000000,1736969400.0
1736969400.0,237.580002,238.034195,237.520004,237.621201,2782086.000000,1736973000.0
1736973000.0,237.619995,238.470001,237.389999,237.850006,4684385.000000,1736976600.0
1737037800.0,237.490005,238.009995,232.710602,232.817993,10445774.000000,1737041400.0
1737041400.0,232.802002,233.020004,230.160004,230.585007,11066513.000000,1737045000.0
1737045000.0,230.599503,231.100006,229.750000,230.919998,8412063.000000,1737048600.0
1737048600.0,230.919998,231.199997,229.070007,229.190002,6223224.000000,1737052200.0
1737052200.0,229.184998,229.399994,228.559998,229.175003,5844721.000000,1737055800.0
1737055800.0,229.175003,230.068604,228.899994,229.024994,6469586.000000,1737059400.0
1737059400.0,229.009995,229.291794,228.029999,228.240005,9428473.000000,1737063000.0
1737124200.0,231.309998,232.289993,229.720001,230.384995,25704386.000000,1737127800.0
1737127800.0,230.399994,231.649994,230.350006,231.281296,6641037.000000,1737131400.0
1737131400.0,231.289993,231.320007,229.490005,230.259094,5636022.000000,1737135000.0
1737135000.0,230.264999,230.440002,229.889999,229.910004,3639355.000000,1737138600.0
1737138600.0,229.910202,229.949997,228.479996,229.179993,4996598.000000,1737142200.0
1737142200.0,229.179993,229.770004,229.080002,229.440094,4408697.000000,1737145800.0
1737145800.0,229.440002,230.020004,229.229996,229.990005,5430152.000000,1737149400.0
1737469800.0,224.000000,224.419998,220.800003,221.770294,25254424.000000,1737473400.0
1737473400.0,221.774994,222.089996,219.699997,220.107803,13429826.000000,1737477000.0
1737477000.0,220.089996,220.770004,219.380005,220.360001,9451785.000000,1737480600.0
1737480600.0,220.360001,221.070007,220.009995,220.404999,6315018.000000,1737484200.0
1737484200.0,220.404694,221.690002,220.369995,221.609894,6914968.000000,1737487800.0
1737487800.0,221.604996,221.669998,220.309998,221.649902,7105466.000000,1737491400.0
1737491400.0,221.639999,222.779999,221.339996,222.660004,7242328.000000,1737495000.0
1737556200.0,219.940002,223.352798,219.800003,221.630997,16298662.000000,1737559800.0
1737559800.0,221.634995,223.080002,221.550003,222.859802,6740287.000000,1737563400.0
1737563400.0,222.857895,222.927994,221.699997,222.565002,5094747.000000,1737567000.0
1737567000.0,222.565002,222.850006,222.014999,222.115707,3954228.000000,1737570600.0
1737570600.0,222.130005,222.865005,221.910004,222.746002,3384532.000000,1737574200.0
1737574200.0,222.750000,223.600006,222.419998,223.350006,5606510.000000,1737577800.0
1737577800.0,223.365005,223.979996,223.059998,223.770004,5027611.000000,1737581400.0
1737642600.0,224.729996,227.029999,224.389496,225.970001,14316012.000000,1737646200.0
1737646200.0,225.964996,226.369995,224.380005,225.175003,6661602.000000,1737649800.0
1737649800.0,225.160004,225.195007,223.385696,223.570007,5267365.000000,1737653400.0
1737653400.0,223.565002,223.779999,223.190002,223.550003,5083443.000000,1737657000.0
1737657000.0,223.559998,223.634995,222.429993,222.800003,4117821.000000,1737660600.0
1737660600.0,222.809998,223.169998,222.574997,222.880005,4096781.000000,1737664200.0
1737664200.0,222.865005,223.649994,222.300003,223.649994,6903829.000000,1737667800.0
1737729000.0,224.975006,225.630005,222.530106,222.729996,15246196.000000,1737732600.0
1737732600.0,222.735001,223.369995,222.350098,222.759995,6090500.000000,1737736200.0
1737736200.0,222.770004,223.490005,222.139999,222.279999,5067407.000000,1737739800.0
1737739800.0,222.279999,222.724503,221.949997,222.160004,3586687.000000,1737743400.0
1737743400.0,222.139999,222.550003,221.919998,222.369995,2912495.000000,1737747000.0
1737747000.0,222.350006,222.929993,221.410004,222.320007,4686564.000000,1737750600.0
1737750600.0,222.315002,223.044998,222.199997,222.789993,5237044.000000,1737754200.0
1737988200.0,224.029999,227.699997,224.000000,227.292297,22895716.000000,1737991800.0
1737991800.0,227.300003,228.830002,227.089996,228.493805,9565070.000000,1737995400.0
1737995400.0,228.470001,230.139999,228.179993,230.089996,8523755.000000,1737999000.0
1737999000.0,230.089996,231.380005,229.810501,231.320007,6766052.000000,1738002600.0
1738002600.0,231.300003,232.149994,230.990005,232.029999,7080439.000000,1738006200.0
1738006200.0,232.029999,232.029999,230.139999,230.679993,9415488.000000,1738009800.0
1738009800.0,230.699997,231.380005,228.479996,229.940002,10815158.000000,1738013400.0
1738074600.0,230.880005,237.789993,230.880005,237.639999,21113721.000000,1738078200.0
1738078200.0,237.649994,239.449997,237.630005,239.080002,12275716.000000,1738081800.0
1738081800.0,239.059998,240.190002,238.200104,238.550003,8384418.000000,1738085400.0
1738085400.0,238.550003,239.249893,238.235001,238.744202,3770424.000000,1738089000.0
1738089000.0,238.768005,239.100006,238.589996,238.820007,3369693.000000,1738092600.0
1738092600.0,238.822205,239.479996,238.309998,238.839996,4877201.000000,1738096200.0
1738096200.0,238.880005,238.979996,237.759995,238.240005,5143611.000000,1738099800.0
1738161000.0,235.000000,237.130005,234.520004,236.830002,11611110.000000,1738164600.0
1738164600.0,236.809998,238.000000,236.429993,236.515701,4857419.000000,1738168200.0
1738168200.0,236.529999,237.220001,236.130005,236.869003,4055486.000000,1738171800.0
1738171800.0,236.869995,237.434998,235.460007,237.429993,3400271.000000,1738175400.0
1738175400.0,237.449997,237.660004,236.309998,236.445007,2765958.000000,1738179000.0
1738179000.0,236.440002,239.240005,236.345001,239.050003,4886187.000000,1738182600.0
1738182600.0,239.059998,239.854996,238.720001,239.350006,5064524.000000,1738186200.0
1738247400.0,238.664993,240.789993,238.089996,238.460007,8800925.000000,1738251000.0
1738251000.0,238.460007,239.029999,237.210007,238.160004,6211686.000000,1738254600.0
1738254600.0,238.184402,238.880005,237.809998,238.029999,3222220.000000,1738258200.0
1738258200.0,238.029999,238.768600,237.904999,238.449997,2683972.000000,1738261800.0
1738261800.0,238.440002,239.669998,238.440002,239.250000,3360211.000000,1738265400.0
1738265400.0,239.250000,240.050003,239.210007,239.580002,4799123.000000,1738269000.0
1738269000.0,239.580002,239.854996,237.240005,237.559998,6836079.000000,1738272600.0
1738333800.0,247.039993,247.190002,240.550003,240.943604,27334395.000000,1738337400.0
1738337400.0,240.904999,241.429306,238.589996,238.949005,10162823.000000,1738341000.0
1738341000.0,238.970001,240.050003,238.740005,239.740005,6222938.000000,1738344600.0
1738344600.0,239.750000,239.800995,236.220001,236.425003,7822078.000000,1738348200.0
1738348200.0,236.429993,236.860001,234.470001,235.134995,7380314.000000,1738351800.0
1738351800.0,235.154999,235.279907,233.440002,234.289993,7945570.000000,1738355400.0
1738355400.0,234.309998,236.500000,233.740005,235.860001,8379858.000000,1738359000.0
1738593000.0,229.440002,231.830002,226.634995,229.259995,21198249.000000,1738596600.0
1738596600.0,229.259995,229.819901,226.080002,226.419998,10347971.000000,1738600200.0
1738600200.0,226.410004,227.130005,225.710007,226.369904,7067637.000000,1738603800.0
1738603800.0,226.360001,227.070007,225.949997,226.899994,4952072.000000,1738607400.0
1738607400.0,226.910004,228.847702,226.889999,228.470001,5283668.000000,1738611000.0
1738611000.0,228.479996,229.210007,228.320007,228.550095,4499030.000000,1738614600.0
1738614600.0,228.570007,228.969894,227.630005,227.979996,5648751.000000,1738618200.0
1738679400.0,227.199997,230.411804,226.649994,230.369995,11635605.000000,1738683000.0
1738683000.0,230.380005,231.548798,230.119995,231.050003,5363016.000000,1738686600.0
1738686600.0,231.059998,232.789993,231.050003,231.779999,5207796.000000,1738690200.0
1738690200.0,231.789993,232.380005,231.389999,232.220001,3095970.000000,1738693800.0
1738693800.0,232.225693,232.360001,231.380005,232.139999,2286596.000000,1738697400.0
1738697400.0,232.139999,232.949997,232.134995,232.309006,3344618.000000,1738701000.0
1738701000.0,232.289993,233.130005,232.029999,232.789993,3490884.000000,1738704600.0
1738765800.0,228.490005,230.600006,228.300003,229.500000,9950114.000000,1738769400.0
1738769400.0,229.509995,230.197495,228.851395,230.089996,3447904.000000,1738773000.0
1738773000.0,230.089996,231.279999,229.990005,230.690002,2916112.000000,1738776600.0
1738776600.0,230.679993,230.750000,229.630005,229.910004,2376195.000000,1738780200.0
1738780200.0,229.899994,231.529999,229.710007,230.648697,3043271.000000,1738783800.0
1738783800.0,230.639999,231.869995,230.500000,231.794998,2871834.000000,1738787400.0
1738787400.0,231.779999,232.669998,231.110107,232.460007,3443025.000000,1738791000.0
1738852200.0,231.339996,233.800003,230.779297,231.539993,6919081.000000,1738855800.0
1738855800.0,231.585007,232.325607,230.425003,231.514999,3599406.000000,1738859400.0
1738859400.0,231.509995,231.634995,230.899994,231.330002,2213517.000000,1738863000.0
1738863000.0,231.345001,232.339996,231.029999,232.190002,2393555.000000,1738866600.0
1738866600.0,232.190002,233.110001,232.080002,232.869995,1818718.000000,1738870200.0
1738870200.0,232.889999,232.889999,231.895004,232.279999,2205672.000000,1738873800.0
1738873800.0,232.289993,233.279999,231.929993,233.220001,3111368.000000,1738877400.0
1738938600.0,232.514999,234.000000,229.880005,230.389999,7814805.000000,1738942200.0
1738942200.0,230.339996,231.268005,228.899994,229.054993,5664232.000000,1738945800.0
1738945800.0,229.085007,229.419998,228.195007,228.400604,3763438.000000,1738949400.0
1738949400.0,228.389999,229.440002,228.363297,229.298904,3721234.000000,1738953000.0
1738953000.0,229.289993,229.500000,227.830002,227.880005,2602577.000000,1738956600.0
1738956600.0,227.889999,228.580002,227.789993,228.000000,2965606.000000,1738960200.0
1738960200.0,227.990005,228.149994,227.259995,227.710007,5030649.000000,1738963800.0
1739197800.0,229.570007,230.585007,228.800003,229.866196,6362641.000000,1739201400.0
1739201400.0,229.889999,229.911606,228.740005,229.360001,3755966.000000,1739205000.0
1739205000.0,229.370804,229.384995,228.239197,228.470703,2474012.000000,1739208600.0
1739208600.0,228.470001,228.880005,228.369995,228.470001,2457578.000000,1739212200.0
1739212200.0,228.485001,229.035004,228.404999,228.699905,1724663.000000,1739215800.0
1739215800.0,228.699997,228.839996,227.600006,227.690002,2971076.000000,1739219400.0
1739219400.0,227.695007,227.880005,227.199997,227.639999,3507517.000000,1739223000.0
1739284200.0,228.199997,233.490005,228.130005,233.339996,16450165.000000,1739287800.0
1739287800.0,233.320007,234.717896,232.820099,234.649994,7044159.000000,1739291400.0
1739291400.0,234.660004,235.229996,233.721695,234.572296,5739199.000000,1739295000.0
1739295000.0,234.589996,234.625000,233.250000,233.544998,3044227.000000,1739298600.0
1739298600.0,233.596100,234.189896,233.130005,233.369995,2813907.000000,1739302200.0
1739302200.0,233.362106,233.925003,232.899994,233.110794,3713179.000000,1739305800.0
1739305800.0,233.110001,233.300003,232.169998,232.770004,4614482.000000,1739309400.0
1739370600.0,231.274994,234.050003,230.679993,233.604996,11363398.000000,1739374200.0
1739374200.0,233.581207,235.139999,233.580002,235.070007,5460408.000000,1739377800.0
1739377800.0,235.070007,235.660004,234.729996,235.289993,3522413.000000,1739381400.0
1739381400.0,235.273300,235.889999,234.860001,235.479996,2818998.000000,1739385000.0
1739385000.0,235.473206,236.419998,235.320007,236.210007,3035921.000000,1739388600.0
1739388600.0,236.210007,236.660004,236.070007,236.464996,3343068.000000,1739392200.0
1739392200.0,236.460007,236.960007,235.910004,236.889999,4493778.000000,1739395800.0
1739457000.0,236.975006,239.000000,235.570007,237.880005,9839880.000000,1739460600.0
1739460600.0,237.895996,241.610001,237.729996,240.479996,8943032.000000,1739464200.0
1739464200.0,240.490295,240.839996,239.820007,240.345001,3794251.000000,1739467800.0
1739467800.0,240.349899,241.350006,240.190002,241.029999,3188980.000000,1739471400.0
1739471400.0,241.039993,242.070007,240.529999,241.769897,3761997.000000,1739475000.0
1739475000.0,241.750107,242.339905,241.259995,241.544998,3704786.000000,1739478600.0
1739478600.0,241.544998,241.768997,241.009995,241.520004,4257382.000000,1739482200.0
1739543400.0,241.070007,245.050003,241.000000,244.380005,11286651.000000,1739547000.0
1739547000.0,244.380005,244.380005,243.160004,243.945007,4923421.000000,1739550600.0
1739550600.0,243.940002,244.529999,243.690002,243.815201,4178251.000000,1739554200.0
1739554200.0,243.824997,244.309998,243.339996,243.999893,2425988.000000,1739557800.0
1739557800.0,243.979996,244.539993,243.940002,244.149994,1978801.000000,1739561400.0
1739561400.0,244.139893,244.369995,243.910095,244.100006,2427820.000000,1739565000.0
1739565000.0,244.080002,245.410004,243.910004,244.570007,4882408.000000,1739568600.0
1739889000.0,243.910004,245.179993,242.860107,244.090500,10825110.000000,1739892600.0
1739892600.0,244.080002,244.969894,243.940002,244.729996,3159856.000000,1739896200.0
1739896200.0,244.720001,245.050003,244.179993,244.429993,3072601.000000,1739899800.0
1739899800.0,244.449997,244.500000,243.250000,243.434998,2653024.000000,1739903400.0
1739903400.0,243.429993,243.483307,241.839996,243.054993,3303217.000000,1739907000.0
1739907000.0,243.054993,243.835007,242.979996,243.520004,2923310.000000,1739910600.0
1739910600.0,243.529999,244.600006,243.149994,244.470001,4972578.000000,1739914200.0
1739975400.0,244.610001,246.009995,243.789993,243.939896,7953912.000000,1739979000.0
1739979000.0,243.929993,244.490005,243.160400,244.395706,3875842.000000,1739982600.0
1739982600.0,244.389999,245.651398,244.029999,245.149994,3328518.000000,1739986200.0
1739986200.0,245.139999,245.279999,244.229996,244.710007,1965036.000000,1739989800.0
1739989800.0,244.714996,245.189896,244.220001,244.900101,2025071.000000,1739993400.0
1739993400.0,244.899994,245.169998,244.450104,244.880005,2676277.000000,1739997000.0
1739997000.0,244.880005,245.089600,244.535004,244.880005,2963614.000000,1740000600.0
1740061800.0,244.970001,246.779999,244.289993,244.744995,7059474.000000,1740065400.0
1740065400.0,244.740005,246.699997,244.589996,246.130600,4286584.000000,1740069000.0
1740069000.0,246.125000,246.460007,245.029999,246.380005,4072175.000000,1740072600.0
1740072600.0,246.369995,246.410004,245.160004,245.445007,2248069.000000,1740076200.0
1740076200.0,245.440002,245.580002,245.020004,245.255005,1791583.000000,1740079800.0
1740079800.0,245.250000,245.750000,244.850006,245.619995,2339026.000000,1740083400.0
1740083400.0,245.610001,246.000000,245.360001,245.860001,3152476.000000,1740087000.0
1740148200.0,245.964996,246.940002,245.220001,245.789993,8207297.000000,1740151800.0
1740151800.0,245.774994,247.449997,245.220001,247.130005,5440754.000000,1740155400.0
1740155400.0,247.145004,247.649994,246.649994,247.369995,4700950.000000,1740159000.0
1740159000.0,247.380005,248.690002,247.100006,247.441193,6864397.000000,1740162600.0
1740162600.0,247.445099,248.076706,246.429993,246.490005,4986285.000000,1740166200.0
1740166200.0,246.505005,246.820007,245.390106,245.800003,7827784.000000,1740169800.0
1740169800.0,245.815002,246.089996,245.330002,245.589996,5597978.000000,1740173400.0
1740407400.0,246.115005,248.860001,244.589996,247.850006,13193734.000000,1740411000.0
1740411000.0,247.850006,247.954102,246.009995,247.110199,6815696.000000,1740414600.0
1740414600.0,247.119995,248.320007,247.119995,247.794998,3637316.000000,1740418200.0
1740418200.0,247.820007,248.139999,247.220001,248.050003,2550281.000000,1740421800.0
1740421800.0,248.050003,248.800003,247.669998,248.660004,4364229.000000,1740425400.0
1740425400.0,248.660004,248.750000,247.429993,247.610001,3655325.000000,1740429000.0
1740429000.0,247.595001,247.789993,246.820007,247.229996,4975763.000000,1740432600.0
1740493800.0,248.000000,249.520004,244.910004,245.110001,12543414.000000,1740497400.0
1740497400.0,245.130005,246.869995,244.910004,246.524994,4912736.000000,1740501000.0
1740501000.0,246.535004,249.979996,246.430099,249.580002,6711698.000000,1740504600.0
1740504600.0,249.580002,249.619995,247.729996,247.979996,3191684.000000,1740508200.0
1740508200.0,247.970001,248.619995,247.160004,247.668106,3236285.000000,1740511800.0
1740511800.0,247.639999,248.589996,247.550003,247.720001,3408426.000000,1740515400.0
1740515400.0,247.725006,247.770004,246.044998,247.050003,4291190.000000,1740519000.0
1740580200.0,244.330002,244.979996,241.419998,243.479996,11922325.000000,1740583800.0
1740583800.0,243.494995,243.720001,241.580002,241.809998,4844532.000000,1740587400.0
1740587400.0,241.800003,243.889999,241.750000,243.130005,3260739.000000,1740591000.0
1740591000.0,243.139999,243.289993,240.240005,240.340302,4011307.000000,1740594600.0
1740594600.0,240.339996,240.389999,239.130005,239.820007,4096351.000000,1740598200.0
1740598200.0,239.809998,240.449997,239.529999,239.949997,3160834.000000,1740601800.0
1740601800.0,239.960007,240.710007,239.684998,240.309998,4066395.000000,1740605400.0
1740666600.0,239.345001,242.279999,238.470001,241.375000,11860928.000000,1740670200.0
1740670200.0,241.360001,242.460007,240.639999,241.520004,3314596.000000,1740673800.0
1740673800.0,241.520004,241.784805,239.585007,241.057999,2483584.000000,1740677400.0
1740677400.0,241.129700,242.179993,240.360001,241.899994,2123940.000000,1740681000.0
1740681000.0,241.929993,242.050003,240.520004,240.630005,2376630.000000,1740684600.0
1740684600.0,240.645004,240.660004,238.770294,238.919998,4411625.000000,1740688200.0
1740688200.0,238.955002,239.369507,237.100006,237.380005,5981830.000000,1740691800.0
1740753000.0,236.949997,237.800003,234.509995,237.595001,9707088.000000,1740756600.0
1740756600.0,237.580002,237.830002,236.490005,236.919998,3856963.000000,1740760200.0
1740760200.0,236.869995,237.750000,236.550003,237.604996,2652791.000000,1740763800.0
1740763800.0,237.690002,237.899994,236.229996,237.410004,3253563.000000,1740767400.0
1740767400.0,237.404999,238.308304,237.009995,237.919998,3040911.000000,1740771000.0
1740771000.0,237.880005,239.779999,237.700394,239.710007,4607390.000000,1740774600.0
1740774600.0,239.690002,242.089996,238.809998,241.839996,7654870.000000,1740778200.0
1741012200.0,241.722000,244.027206,239.824997,241.485001,10137001.000000,1741015800.0
1741015800.0,241.500000,242.630005,241.126694,241.190002,3962348.000000,1741019400.0
1741019400.0,241.229996,242.550003,240.664993,242.539993,2726862.000000,1741023000.0
1741023000.0,242.539993,242.986801,240.740005,240.964996,2892774.000000,1741026600.0
1741026600.0,241.020004,241.869995,240.440002,241.151794,3716220.000000,1741030200.0
1741030200.0,241.160004,242.000000,236.649994,236.889206,5255129.000000,1741033800.0
1741033800.0,236.880005,238.559998,236.112000,238.139999,6362960.000000,1741037400.0
1741098600.0,237.705002,239.389999,236.350006,238.399994,12574876.000000,1741102200.0
1741102200.0,238.399994,239.809998,237.649994,238.630005,6419558.000000,1741105800.0
1741105800.0,238.589996,240.070007,238.128906,238.164993,4617834.000000,1741109400.0
1741109400.0,238.110001,238.179901,236.160004,236.750000,4297681.000000,1741113000.0
1741113000.0,236.750000,238.559998,236.429993,238.288895,3524557.000000,1741116600.0
1741116600.0,238.289993,239.249893,237.982300,238.690002,4105168.000000,1741120200.0
1741120200.0,238.679993,238.750000,234.699997,236.070007,6470426.000000,1741123800.0
1741185000.0,235.494995,235.949997,230.550003,230.919998,11396281.000000,1741188600.0
1741188600.0,230.940002,233.199997,230.139999,230.649002,4757085.000000,1741192200.0
1741192200.0,230.619995,234.649994,229.229996,234.539902,5831367.000000,1741195800.0
1741195800.0,234.539993,235.539993,234.000000,234.679993,3887648.000000,1741199400.0
1741199400.0,234.665298,236.550003,234.100006,235.747498,2837195.000000,1741203000.0
1741203000.0,235.800003,236.479996,235.149994,236.039993,3103634.000000,1741206600.0
1741206600.0,236.009995,236.350006,235.059998,235.770004,3864004.000000,1741210200.0
1741271400.0,234.434998,237.160004,233.539993,236.470001,8965074.000000,1741275000.0
1741275000.0,236.470001,237.860001,236.244995,236.779999,4326344.000000,1741278600.0
1741278600.0,236.740005,237.339996,234.040405,234.414993,4246957.000000,1741282200.0
1741282200.0,234.399994,235.429993,234.059998,234.294998,3660287.000000,1741285800.0
1741285800.0,234.304993,235.169998,233.399994,233.690002,4333970.000000,1741289400.0
1741289400.0,233.654999,236.009995,233.330002,235.179993,4926584.000000,1741293000.0
1741293000.0,235.169998,235.759995,234.449997,235.320007,4800803.000000,1741296600.0
1741357800.0,235.104996,239.429993,234.759995,238.309998,8540305.000000,1741361400.0
1741361400.0,238.315002,240.160004,237.030106,239.020004,6445384.000000,1741365000.0
1741365000.0,239.039993,239.697495,237.860001,239.289993,6229746.000000,1741368600.0
1741368600.0,239.259995,241.369995,238.800003,240.414398,6264766.000000,1741372200.0
1741372200.0,240.425003,240.910004,238.570007,239.649994,4109056.000000,1741375800.0
1741375800.0,239.664993,239.860001,238.080002,238.811401,3265326.000000,1741379400.0
1741379400.0,238.800003,239.770004,237.940002,239.070007,4811911.000000,1741383000.0
1741613400.0,235.479996,236.160004,228.520004,228.550003,15210592.000000,1741617000.0
1741617000.0,228.554993,229.500000,225.289993,226.508698,11879291.000000,1741620600.0
1741620600.0,226.529999,227.289993,224.220001,225.479996,6728298.000000,1741624200.0
1741624200.0,225.539993,226.690002,224.324997,225.210007,5441202.000000,1741627800.0
1741627800.0,225.240005,226.979996,224.869995,226.580002,5343177.000000,1741631400.0
1741631400.0,226.589996,227.514999,224.420898,226.976196,7127512.000000,1741635000.0
1741635000.0,226.990005,228.649994,226.500000,227.541000,8057482.000000,1741638600.0
1741699800.0,223.800003,225.839905,220.009995,222.520004,17705238.000000,1741703400.0
1741703400.0,222.490005,222.949997,220.589996,221.003204,7838273.000000,1741707000.0
1741707000.0,220.979996,221.740005,218.500000,218.550003,8314282.000000,1741710600.0
1741710600.0,218.539993,219.880005,217.449997,217.755005,7268661.000000,1741714200.0
1741714200.0,217.729996,220.979996,217.679993,220.544998,6404020.000000,1741717800.0
1741717800.0,220.550003,223.279999,220.090195,221.820206,7110964.000000,1741721400.0
1741721400.0,221.820007,222.050003,220.580002,220.729996,6574063.000000,1741725000.0
1741786200.0,220.179993,221.750000,218.830002,218.949997,13585830.000000,1741789800.0
1741789800.0,218.949997,219.399994,214.910004,216.445007,10732384.000000,1741793400.0
1741793400.0,216.470001,218.610001,216.330002,218.360397,5950460.000000,1741797000.0
1741797000.0,218.445007,218.600006,216.880005,218.189804,4501805.000000,1741800600.0
1741800600.0,218.130005,218.220001,215.929993,216.110001,5341362.000000,1741804200.0
1741804200.0,216.119995,217.089905,215.050003,215.639893,6048770.000000,1741807800.0
1741807800.0,215.649994,217.270004,215.279999,216.940002,7314758.000000,1741811400.0
1741872600.0,215.940002,216.839401,214.220001,214.279999,11543428.000000,1741876200.0
1741876200.0,214.300003,214.820007,213.630005,214.040207,6000675.000000,1741879800.0
1741879800.0,214.044998,214.350006,211.550003,211.940002,8062598.000000,1741883400.0
1741883400.0,211.933807,212.929993,210.690002,211.154999,5949778.000000,1741887000.0
1741887000.0,211.139999,212.470001,210.500107,212.289993,5034049.000000,1741890600.0
1741890600.0,212.285995,212.469894,210.360001,210.630005,5897570.000000,1741894200.0
1741894200.0,210.669998,210.710007,208.419998,209.710007,9508816.000000,1741897800.0
1741959000.0,211.250000,213.429993,209.580002,210.378098,14448242.000000,1741962600.0
1741962600.0,210.380005,212.380005,209.979996,211.929993,7229106.000000,1741966200.0
1741966200.0,211.929993,213.940002,211.910004,212.230698,5804814.000000,1741969800.0
1741969800.0,212.235001,213.500000,212.072296,212.315002,3579047.000000,1741973400.0
1741973400.0,212.302597,212.689896,210.759995,211.244995,6007354.000000,1741977000.0
1741977000.0,211.250000,213.410995,211.250000,212.905304,4621820.000000,1741980600.0
1741980600.0,212.894608,213.899994,212.710007,213.380005,6350358.000000,1741984200.0
1742218200.0,213.360001,214.970001,212.169998,213.224701,9570854.000000,1742221800.0
1742221800.0,213.225006,213.259995,210.469696,210.754700,5939423.000000,1742225400.0
1742225400.0,210.755005,211.800003,209.979996,211.199997,4387530.000000,1742229000.0
1742229000.0,211.210007,212.369995,211.089996,212.330307,3083388.000000,1742232600.0
1742232600.0,212.354996,214.730194,212.279999,214.455002,4126373.000000,1742236200.0
1742236200.0,214.449997,214.796799,214.070007,214.684998,3623892.000000,1742239800.0
1742239800.0,214.679993,215.220001,213.669998,214.190002,6930829.000000,1742243400.0
1742304600.0,214.139999,215.149994,212.949997,214.551407,10203982.000000,1742308200.0
1742308200.0,214.550003,214.889999,212.649994,213.330002,4477342.000000,1742311800.0
1742311800.0,213.250000,213.979996,212.789993,213.720001,3176514.000000,1742315400.0
1742315400.0,213.699997,213.773605,211.490005,212.283401,4535545.000000,1742319000.0
1742319000.0,212.300003,212.320007,211.559799,211.994995,3006313.000000,1742322600.0
1742322600.0,212.000000,212.654999,211.810303,212.345001,3435188.000000,1742326200.0
1742326200.0,212.345001,213.259995,212.309998,212.789993,4396249.000000,1742329800.0
1742391000.0,214.220001,218.759995,213.910095,217.145004,11385869.000000,1742394600.0
1742394600.0,217.210007,217.219803,214.960007,215.669006,5115267.000000,1742398200.0
1742398200.0,215.690002,216.750000,215.179993,215.300003,3249560.000000,1742401800.0
1742401800.0,215.289993,215.330002,214.289993,214.380005,2801294.000000,1742405400.0
1742405400.0,214.391998,215.049698,213.750000,214.270004,4823378.000000,1742409000.0
1742409000.0,214.270004,217.059006,214.250000,215.509903,6058928.000000,1742412600.0
1742412600.0,215.500000,215.679993,214.479996,215.300003,5255712.000000,1742416200.0
1742477400.0,213.990005,217.489899,212.899994,216.990402,7527757.000000,1742481000.0
1742481000.0,216.979996,217.294998,215.787598,215.919006,4644755.000000,1742484600.0
1742484600.0,215.899994,216.460007,214.020004,214.139999,4337539.000000,1742488200.0
1742488200.0,214.139999,214.509995,213.000000,213.229996,5149763.000000,1742491800.0
1742491800.0,213.259995,213.889999,212.729996,212.759995,3180049.000000,1742495400.0
1742495400.0,212.770004,213.399994,212.220001,212.683502,4531064.000000,1742499000.0
1742499000.0,212.690002,214.759995,212.690002,214.149994,5352998.000000,1742502600.0
1742563800.0,211.514999,214.410004,211.470001,213.740005,21249328.000000,1742567400.0
1742567400.0,213.710007,214.839996,213.260696,213.443497,7372592.000000,1742571000.0
1742571000.0,213.440002,215.399994,212.639999,214.654999,3813985.000000,1742574600.0
1742574600.0,214.669998,215.479996,214.484802,214.619995,3366634.000000,1742578200.0
1742578200.0,214.610001,215.039001,214.260101,214.669998,3091390.000000,1742581800.0
1742581800.0,214.669998,215.369995,214.639999,215.309998,4189003.000000,1742585400.0
1742585400.0,215.309998,218.839996,215.009995,218.360001,10148885.000000,1742589000.0
1742823000.0,221.000000,221.020996,218.580002,219.770004,9344812.000000,1742826600.0
1742826600.0,219.809998,220.690002,219.029205,219.157501,4668518.000000,1742830200.0
1742830200.0,219.154999,220.050003,218.960007,219.000000,3264720.000000,1742833800.0
1742833800.0,219.014999,219.500000,218.820007,219.289993,3057015.000000,1742837400.0
1742837400.0,219.320007,219.850006,219.089996,219.759995,2530901.000000,1742841000.0
1742841000.0,219.774994,220.470001,219.465805,219.770004,4139018.000000,1742844600.0
1742844600.0,219.789993,221.009995,219.660004,220.429993,6001386.000000,1742848200.0
1742909400.0,220.809998,223.389999,220.080002,223.369995,8242408.000000,1742913000.0
1742913000.0,223.380005,223.899994,222.300003,223.529999,4010970.000000,1742916600.0
1742916600.0,223.539993,223.699997,223.009995,223.110001,2236176.000000,1742920200.0
1742920200.0,223.100006,223.630005,220.729996,222.809998,2317900.000000,1742923800.0
1742923800.0,222.826996,223.949005,222.600006,223.490005,2529710.000000,1742927400.0
1742927400.0,223.500000,223.710007,222.785004,223.419998,3423322.000000,1742931000.0
1742931000.0,223.410004,224.100006,223.289993,223.729996,4310099.000000,1742934600.0
1742995800.0,223.509995,225.020004,222.839996,224.074493,8205828.000000,1742999400.0
1742999400.0,224.085007,224.315598,223.110001,223.720001,3253126.000000,1743003000.0
1743003000.0,223.720093,223.899994,222.119995,223.675003,3220107.000000,1743006600.0
1743006600.0,223.675003,223.789993,221.630005,222.080002,2855124.000000,1743010200.0
1743010200.0,222.080002,222.220001,221.400101,221.835007,2219567.000000,1743013800.0
1743013800.0,221.815002,221.884995,220.600006,220.600006,3054676.000000,1743017400.0
1743017400.0,220.615005,221.880005,220.470001,221.399994,4140037.000000,1743021000.0
1743082200.0,221.330002,222.100006,220.560104,221.649994,5508724.000000,1743085800.0
1743085800.0,221.649994,223.240005,221.399994,222.800095,3784484.000000,1743089400.0
1743089400.0,222.800003,223.759995,222.565002,223.195007,2866958.000000,1743093000.0
1743093000.0,223.179993,223.979996,222.720001,223.104996,3509193.000000,1743096600.0
1743096600.0,223.080002,224.559998,223.050003,224.369995,3521517.000000,1743100200.0
1743100200.0,224.350006,224.990005,223.945007,224.789993,3376619.000000,1743103800.0
1743103800.0,224.800003,224.990005,223.699997,223.929993,5491814.000000,1743107400.0
1743168600.0,221.649002,223.800003,219.695007,219.910004,8900229.000000,1743172200.0
1743172200.0,219.889999,220.649994,219.169998,219.979996,4819013.000000,1743175800.0
1743175800.0,219.891098,220.220001,218.350006,218.690002,3075097.000000,1743179400.0
1743179400.0,218.669998,219.119995,218.210007,218.490005,3059478.000000,1743183000.0
1743183000.0,218.500000,219.166504,218.179993,219.050003,2307054.000000,1743186600.0
1743186600.0,219.039993,219.149994,218.110397,218.509995,3188030.000000,1743190200.0
1743190200.0,218.500000,218.750000,217.679993,217.880005,5319689.000000,1743193800.0
1743427800.0,217.220001,219.309998,216.240005,218.570007,13611371.000000,1743431400.0
1743431400.0,218.610001,220.080002,218.325607,219.130005,5127759.000000,1743435000.0
1743435000.0,219.100006,220.929993,218.885193,220.919998,3710448.000000,1743438600.0
1743438600.0,220.899994,221.020004,219.389999,219.869995,2845575.000000,1743442200.0
1743442200.0,219.850006,220.880005,219.241699,220.794998,2764885.000000,1743445800.0
1743445800.0,220.800003,221.735001,220.389999,221.225006,4172283.000000,1743449400.0
1743449400.0,221.210007,224.970001,220.990097,221.994995,11487559.000000,1743453000.0
1743514200.0,219.804993,223.389999,218.899994,221.519897,9630525.000000,1743517800.0
1743517800.0,221.490005,223.429993,221.360001,222.879898,4197037.000000,1743521400.0
1743521400.0,222.865005,223.139999,222.149994,222.529999,2944555.000000,1743525000.0
1743525000.0,222.554993,223.080002,222.190002,222.338501,2079835.000000,1743528600.0
1743528600.0,222.300003,222.774994,221.449997,221.500000,2283252.000000,1743532200.0
1743532200.0,221.490005,222.119995,221.149994,221.729996,2520811.000000,1743535800.0
1743535800.0,221.710007,223.490005,221.570007,223.139999,4133846.000000,1743539400.0
1743600600.0,221.190002,224.108505,221.050003,224.039993,5984058.000000,1743604200.0
1743604200.0,224.020004,224.715393,223.449997,224.479996,3704510.000000,1743607800.0
1743607800.0,224.449997,224.600006,223.110001,224.130005,2694881.000000,1743611400.0
1743611400.0,224.130005,225.190002,223.190002,224.720001,3616264.000000,1743615000.0
1743615000.0,224.720001,224.809998,222.919998,222.929993,2445540.000000,1743618600.0
1743618600.0,222.919998,223.940994,222.861404,223.660095,2653899.000000,1743622200.0
1743622200.0,223.669998,224.460007,223.500000,223.789993,4054405.000000,1743625800.0
1743687000.0,205.520004,207.489899,202.520004,205.634995,32868028.000000,1743690600.0
1743690600.0,205.634995,206.470001,203.369995,204.050003,11492280.000000,1743694200.0
1743694200.0,204.050003,207.039993,203.704300,206.059998,8453124.000000,1743697800.0
1743697800.0,206.100006,206.300003,203.840103,204.005005,5727160.000000,1743701400.0
1743701400.0,203.990005,204.605103,202.699997,203.000000,6326946.000000,1743705000.0
1743705000.0,202.982803,203.520004,202.139999,202.199997,9806166.000000,1743708600.0
1743708600.0,202.199997,203.860001,201.250000,203.059998,14152077.000000,1743712200.0
1743773400.0,193.925003,199.880005,192.800003,195.279999,32115307.000000,1743777000.0
1743777000.0,195.294998,197.211700,191.059998,194.490005,19673653.000000,1743780600.0
1743780600.0,194.464996,196.000000,192.259995,192.809998,9394432.000000,1743784200.0
1743784200.0,192.779999,193.976196,190.899994,190.990005,8256831.000000,1743787800.0
1743787800.0,190.979996,192.570007,188.830994,188.880005,12240537.000000,1743791400.0
1743791400.0,188.899994,190.868805,187.345001,190.229996,13768216.000000,1743795000.0
1743795000.0,190.210007,191.729996,188.059998,188.380005,14314697.000000,1743798600.0
1744032600.0,177.000000,194.139999,174.619995,181.770004,60689672.000000,1744036200.0
1744036200.0,181.679993,185.939804,175.699997,176.360001,21664542.000000,1744039800.0
1744039800.0,176.410004,180.330002,175.750000,178.139999,12923106.000000,1744043400.0
1744043400.0,178.100006,181.720001,177.100006,181.539993,10820708.000000,1744047000.0
1744047000.0,181.554993,183.889999,179.500000,180.335007,12360402.000000,1744050600.0
1744050600.0,180.339996,182.300003,178.280106,178.421295,12053848.000000,1744054200.0
1744054200.0,178.440002,182.000000,178.434998,181.589996,11790019.000000,1744057800.0
1744119000.0,186.729996,190.335007,185.100006,189.330002,25336677.000000,1744122600.0
1744122600.0,189.320007,189.929993,184.059998,184.089996,11822751.000000,1744126200.0
1744126200.0,184.070007,185.539993,182.289993,183.330002,7825256.000000,1744129800.0
1744129800.0,183.320007,183.514999,175.000000,175.029999,15712598.000000,1744133400.0
1744133400.0,175.020004,178.609894,174.850006,175.330002,11562913.000000,1744137000.0
1744137000.0,175.312195,177.229996,171.630005,172.889999,15040705.000000,1744140600.0
1744140600.0,172.869995,173.440002,169.210098,172.770004,16156814.000000,1744144200.0
1744205400.0,172.179001,179.419998,171.889999,178.411804,32288949.000000,1744209000.0
1744209000.0,178.509995,180.419998,176.830002,179.755005,15996521.000000,1744212600.0
1744212600.0,179.750000,181.070007,177.750000,179.589996,11721052.000000,1744216200.0
1744216200.0,179.579895,194.490005,179.240005,188.524994,19036631.000000,1744219800.0
1744219800.0,188.509995,194.869904,188.130005,190.800003,27276269.000000,1744223400.0
1744223400.0,190.789993,198.979996,183.869995,196.059998,30349699.000000,1744227000.0
1744227000.0,196.000000,200.610001,195.910004,198.850006,20947383.000000,1744230600.0
1744291800.0,189.164993,194.779907,189.000000,192.145004,25783702.000000,1744295400.0
1744295400.0,192.220001,193.570007,188.690002,188.859207,10331960.000000,1744299000.0
1744299000.0,188.854996,189.229996,183.000000,184.270004,16399003.000000,1744302600.0
1744302600.0,184.264999,189.899994,184.175003,188.009995,13927222.000000,1744306200.0
1744306200.0,187.970001,192.000000,186.000000,191.759995,14336457.000000,1744309800.0
1744309800.0,191.750000,192.800003,189.020004,189.985001,10246898.000000,1744313400.0
1744313400.0,190.000000,192.434998,187.830002,190.440002,10417028.000000,1744317000.0
1744378200.0,186.179993,193.250000,186.059998,189.929993,17210427.000000,1744381800.0
1744381800.0,189.940002,194.199997,189.639999,193.320007,9778670.000000,1744385400.0
1744385400.0,193.289993,197.669998,192.878601,195.800995,11426289.000000,1744389000.0
1744389000.0,195.820007,199.350006,195.809998,196.830704,10272519.000000,1744392600.0
1744392600.0,196.852493,199.539993,196.037903,197.580002,8204023.000000,1744396200.0
1744396200.0,197.600006,198.943893,197.401794,198.341995,6229743.000000,1744399800.0
1744399800.0,198.350006,199.000000,197.541397,198.020004,9619486.000000,1744403400.0
1744637400.0,211.440002,212.940002,204.610001,204.750000,38852582.000000,1744641000.0
1744641000.0,204.800003,206.199905,203.410004,203.600006,11826668.000000,1744644600.0
1744644600.0,203.649994,204.380005,201.162094,201.750000,11801459.000000,1744648200.0
1744648200.0,201.729996,204.978500,201.585007,203.863998,8024983.000000,1744651800.0
1744651800.0,203.884995,205.809998,203.429993,205.789993,6209694.000000,1744655400.0
1744655400.0,205.789993,206.660004,205.389999,205.710007,6862210.000000,1744659000.0
1744659000.0,205.720001,205.899994,202.320007,202.589996,8409251.000000,1744662600.0
1744723800.0,201.854996,203.505005,199.820007,200.800003,13453371.000000,1744727400.0
1744727400.0,200.789993,203.089996,200.686005,202.115005,6103100.000000,1744731000.0
1744731000.0,202.139999,203.350006,201.960007,203.039993,3730153.000000,1744734600.0
1744734600.0,203.050003,203.283997,201.115005,201.604401,3893654.000000,1744738200.0
1744738200.0,201.585007,202.776901,201.304993,201.764999,4045655.000000,1744741800.0
1744741800.0,201.714996,203.289993,201.639999,202.800003,4048783.000000,1744745400.0
1744745400.0,202.830002,202.959000,201.919998,202.130005,4398627.000000,1744749000.0
1744810200.0,198.360001,200.699997,196.020004,197.070007,13937138.000000,1744813800.0
1744813800.0,197.059998,198.988495,196.809998,198.350098,6372057.000000,1744817400.0
1744817400.0,198.375000,198.399994,196.390503,196.910004,4368116.000000,1744821000.0
1744821000.0,196.910004,197.919998,196.649994,197.759995,3351617.000000,1744824600.0
1744824600.0,197.759995,197.809998,193.919998,194.554993,7922500.000000,1744828200.0
1744828200.0,194.539993,194.643707,192.369995,192.570007,5831097.000000,1744831800.0
1744831800.0,192.580002,194.863495,192.570007,194.300003,7049437.000000,1744835400.0
1744896600.0,197.149994,197.199997,194.639999,195.639999,11995068.000000,1744900200.0
1744900200.0,195.690002,197.095001,194.419998,196.039993,6835084.000000,1744903800.0
1744903800.0,196.029999,198.050003,195.988693,197.804993,4703332.000000,1744907400.0
1744907400.0,197.826004,198.570007,196.679993,196.699997,4953563.000000,1744911000.0
1744911000.0,196.710007,198.833496,196.669998,198.279999,3858649.000000,1744914600.0
1744914600.0,198.289993,198.660004,196.869995,197.242203,4857368.000000,1744918200.0
1744918200.0,197.250000,197.699997,195.820007,196.869995,4510991.000000,1744921800.0
1745242200.0,193.350006,193.759995,191.360001,192.119995,8862849.000000,1745245800.0
1745245800.0,192.110001,192.490005,190.604996,190.735001,4480370.000000,1745249400.0
1745249400.0,190.720001,191.320007,189.811203,191.130005,4469110.000000,1745253000.0
1745253000.0,191.119995,191.750000,190.139999,190.613998,3331629.000000,1745256600.0
1745256600.0,190.589996,191.000000,190.240005,190.820007,2848270.000000,1745260200.0
1745260200.0,190.815002,191.380005,190.199997,191.104996,3470291.000000,1745263800.0
1745263800.0,191.089996,193.419998,191.050003,193.089996,5337999.000000,1745267400.0
1745328600.0,196.070007,198.940002,196.000000,198.110001,8343567.000000,1745332200.0
1745332200.0,198.119995,199.550003,197.669998,198.830002,5200594.000000,1745335800.0
1745335800.0,198.830002,201.550003,197.860001,201.380005,6986542.000000,1745339400.0
1745339400.0,201.400101,201.529999,198.320297,198.539993,6210265.000000,1745343000.0
1745343000.0,198.516205,200.009995,198.102402,199.891800,3865378.000000,1745346600.0
1745346600.0,199.880005,200.500000,198.559998,198.620193,6982874.000000,1745350200.0
1745350200.0,198.625000,199.889999,198.000000,199.660004,5543168.000000,1745353800.0
1745415000.0,206.000000,208.000000,204.630096,206.804993,15154970.000000,1745418600.0
1745418600.0,206.809998,207.949997,204.059998,204.630005,7451699.000000,1745422200.0
1745422200.0,204.625000,205.410004,202.798996,204.110001,5789475.000000,1745425800.0
1745425800.0,204.139999,205.440002,203.518402,204.949997,3150358.000000,1745429400.0
1745429400.0,205.000000,205.649994,204.220001,204.482407,3056243.000000,1745433000.0
1745433000.0,204.470001,205.169998,203.656693,204.009995,3587154.000000,1745436600.0
1745436600.0,204.030899,205.750000,203.610001,204.360001,5424069.000000,1745440200.0
1745501400.0,204.884995,206.350006,202.940002,206.320007,8437662.000000,1745505000.0
1745505000.0,206.289993,206.660004,205.220093,205.925003,4262818.000000,1745508600.0
1745508600.0,205.884995,206.750000,205.580093,206.289993,4462199.000000,1745512200.0
1745512200.0,206.289993,207.029999,205.820007,206.904999,2541750.000000,1745515800.0
1745515800.0,206.919998,207.789993,206.550003,207.289001,2687289.000000,1745519400.0
1745519400.0,207.300003,208.100006,207.029999,207.090103,3837311.000000,1745523000.0
1745523000.0,207.110001,208.829895,207.089996,208.199997,5785557.000000,1745526600.0
1745587800.0,206.429993,209.249893,206.199997,206.634796,8557840.000000,1745591400.0
1745591400.0,206.639999,207.762894,206.514999,207.100006,3766130.000000,1745595000.0
1745595000.0,207.110001,208.899994,206.660004,208.591293,3799231.000000,1745598600.0
1745598600.0,208.600006,209.410004,208.289993,209.370193,3714961.000000,1745602200.0
1745602200.0,209.389999,209.414993,207.369995,208.504501,3053055.000000,1745605800.0
1745605800.0,208.509995,208.869995,208.139999,208.220001,2357459.000000,1745609400.0
1745609400.0,208.210007,209.429993,207.869995,209.229996,4418187.000000,1745613000.0
1745847000.0,210.059998,211.500000,208.740005,208.929993,9371395.000000,1745850600.0
1745850600.0,208.875000,209.820007,207.839996,207.949997,4027500.000000,1745854200.0
1745854200.0,207.985901,208.399994,207.460007,207.860001,2434302.000000,1745857800.0
1745857800.0,207.850006,208.729996,207.850006,208.139999,2227932.000000,1745861400.0
1745861400.0,208.134995,210.050003,208.080002,209.869995,3099461.000000,1745865000.0
1745865000.0,209.869995,210.940002,209.761398,210.539993,2610842.000000,1745868600.0
1745868600.0,210.529999,211.499802,210.039993,210.089996,3584738.000000,1745872200.0
1745933400.0,208.692993,212.240005,208.369995,210.949997,9190515.000000,1745937000.0
1745937000.0,210.960007,212.070007,210.669998,211.039993,3218454.000000,1745940600.0
1745940600.0,211.039993,211.325302,210.399994,210.488007,2669695.000000,1745944200.0
1745944200.0,210.490005,210.690002,209.350006,210.360001,2562388.000000,1745947800.0
1745947800.0,210.369995,211.850006,210.220001,211.722702,2467158.000000,1745951400.0
1745951400.0,211.720001,211.960602,211.100098,211.300003,2519310.000000,1745955000.0
1745955000.0,211.309998,211.770004,210.949997,211.240005,3222132.000000,1745958600.0
1746019800.0,209.300003,209.720001,206.670502,209.321198,7770541.000000,1746023400.0
1746023400.0,209.349503,210.860001,208.710098,210.544998,3782710.000000,1746027000.0
1746027000.0,210.559998,211.279999,209.949997,210.589996,2740535.000000,1746030600.0
1746030600.0,210.589996,211.360001,209.800003,211.080002,2462208.000000,1746034200.0
1746034200.0,211.070007,212.970001,210.315002,210.714996,3447792.000000,1746037800.0
1746037800.0,210.699997,211.309998,210.279999,210.344604,2871370.000000,1746041400.0
1746041400.0,210.375000,213.539993,210.050003,212.490005,7076663.000000,1746045000.0
1746106200.0,209.009995,212.500000,208.899994,211.740005,11460361.000000,1746109800.0
1746109800.0,211.750000,214.220001,211.315002,212.896606,5794472.000000,1746113400.0
1746113400.0,212.895004,213.119995,211.414993,212.779999,4005190.000000,1746117000.0
1746117000.0,212.779999,212.877594,211.850006,212.509995,4133080.000000,1746120600.0
1746120600.0,212.509995,213.000000,212.065002,212.779999,2827555.000000,1746124200.0
1746124200.0,212.789993,213.199997,212.300003,212.940002,3941988.000000,1746127800.0
1746127800.0,212.940002,214.550003,212.470001,212.830002,7135104.000000,1746131400.0
1746192600.0,206.089996,206.819901,202.160004,206.720001,30704404.000000,1746196200.0
1746196200.0,206.720001,206.990005,204.600006,204.900803,9323215.000000,1746199800.0
1746199800.0,204.919998,206.580002,204.860596,205.000000,8718007.000000,1746203400.0
1746203400.0,205.000000,205.889999,204.149994,204.699005,7635353.000000,1746207000.0
1746207000.0,204.699997,205.830002,204.699997,204.880005,7087245.000000,1746210600.0
1746210600.0,204.869995,205.429993,203.660004,204.759995,8882491.000000,1746214200.0
1746214200.0,204.759995,205.500000,203.889999,205.300003,9990065.000000,1746217800.0
1746451800.0,203.125000,204.100006,198.619995,198.779999,17363317.000000,1746455400.0
1746455400.0,198.787003,199.649994,198.210007,199.199600,8474385.000000,1746459000.0
1746459000.0,199.190002,200.039993,198.660004,199.973999,5978364.000000,1746462600.0
1746462600.0,199.960007,200.639999,199.670105,200.410004,4884446.000000,1746466200.0
1746466200.0,200.410004,201.089996,200.160004,200.960007,3841975.000000,1746469800.0
1746469800.0,200.949997,201.160004,199.399994,199.399994,5400812.000000,1746473400.0
1746473400.0,199.399994,199.599899,198.519699,198.770004,6786984.000000,1746477000.0
1746538200.0,198.125000,199.880005,197.020004,198.910004,16561562.000000,1746541800.0
1746541800.0,198.899994,199.130005,197.850006,199.035004,5182787.000000,1746545400.0
1746545400.0,199.035004,200.649002,198.660004,198.979996,4709429.000000,1746549000.0
1746549000.0,198.975006,200.020004,198.960007,199.425003,3055441.000000,1746552600.0
1746552600.0,199.449997,199.820007,198.690002,199.304993,2836848.000000,1746556200.0
1746556200.0,199.294998,199.850006,199.020004,199.708405,3342061.000000,1746559800.0
1746559800.0,199.729996,200.169998,198.380005,198.410004,4603113.000000,1746563400.0
1746624600.0,198.190002,199.440002,197.350006,199.220001,9871911.000000,1746628200.0
1746628200.0,199.227005,199.399994,193.809998,194.350693,11182870.000000,1746631800.0
1746631800.0,194.360001,195.369995,193.250000,194.869995,7971845.000000,1746635400.0
1746635400.0,194.850006,195.779999,194.574997,195.300003,4049885.000000,1746639000.0
1746639000.0,195.320007,195.360001,193.300003,194.009995,5113387.000000,1746642600.0
1746642600.0,193.996994,195.710007,193.831406,194.320007,4886414.000000,1746646200.0
1746646200.0,194.339996,197.469894,194.289993,196.250000,6299703.000000,1746649800.0
1746711000.0,197.740005,198.130005,194.679596,195.820007,10449699.000000,1746714600.0
1746714600.0,195.830002,197.830002,195.514999,197.539993,5629546.000000,1746718200.0
1746718200.0,197.529999,200.049805,197.309998,199.240005,6698875.000000,1746721800.0
1746721800.0,199.235703,199.990005,199.010101,199.139999,3093141.000000,1746725400.0
1746725400.0,199.139999,199.212006,198.089996,198.639999,3307947.000000,1746729000.0
1746729000.0,198.639999,199.688004,198.449997,199.559998,3714346.000000,1746732600.0
1746732600.0,199.570007,199.619995,197.164001,197.399994,5279543.000000,1746736200.0
1746797400.0,199.005005,200.539902,198.119995,198.360107,9737491.000000,1746801000.0
1746801000.0,198.384995,199.179993,197.535004,198.429993,4551929.000000,1746804600.0
1746804600.0,198.419998,199.009995,197.929993,198.134995,2891812.000000,1746808200.0
1746808200.0,198.130005,198.449997,197.600006,198.139999,3054224.000000,1746811800.0
1746811800.0,198.145004,199.099899,197.910004,198.910004,2470206.000000,1746815400.0
1746815400.0,198.940002,199.429993,198.710007,198.779999,2945367.000000,1746819000.0
1746819000.0,198.800003,198.929901,198.340103,198.539993,3474290.000000,1746822600.0
1747056600.0,210.970001,211.266495,206.750000,209.160004,23789646.000000,1747060200.0
1747060200.0,209.169998,210.229996,208.119995,208.759995,6318334.000000,1747063800.0
1747063800.0,208.779999,208.986496,208.250000,208.729996,3944326.000000,1747067400.0
1747067400.0,208.809906,209.990005,208.709198,209.934998,4323467.000000,1747071000.0
1747071000.0,209.940002,210.960007,209.934998,210.770004,4651025.000000,1747074600.0
1747074600.0,210.779999,211.149994,209.919998,210.050003,4909377.000000,1747078200.0
1747078200.0,210.059998,210.850006,209.960007,210.830002,5815190.000000,1747081800.0
1747143000.0,210.429993,211.665695,209.080002,211.449997,15261368.000000,1747146600.0
1747146600.0,211.445007,211.880005,211.080002,211.384995,4791824.000000,1747150200.0
1747150200.0,211.397507,211.610001,210.479996,211.279999,4186585.000000,1747153800.0
1747153800.0,211.279999,211.940002,210.909805,211.710007,3331068.000000,1747157400.0
1747157400.0,211.710007,212.970001,211.709900,212.460007,4232828.000000,1747161000.0
1747161000.0,212.475204,213.399994,212.039993,213.229996,4652431.000000,1747164600.0
1747164600.0,213.190002,213.360001,212.604996,212.839996,4596157.000000,1747168200.0
1747229400.0,212.425003,213.940002,211.869995,213.289993,12096435.000000,1747233000.0
1747233000.0,213.304993,213.716400,211.889801,212.619995,4921349.000000,1747236600.0
1747236600.0,212.617996,212.880005,211.990005,212.289993,3092741.000000,1747240200.0
1747240200.0,212.294998,212.600006,210.580093,210.960007,4235129.000000,1747243800.0
1747243800.0,210.970001,211.945206,210.960007,211.369995,3051755.000000,1747247400.0
1747247400.0,211.380005,212.050003,210.990005,211.359497,3801274.000000,1747251000.0
1747251000.0,211.339996,212.600006,211.240005,212.410004,6352084.000000,1747254600.0
1747315800.0,210.994995,212.529999,209.539993,210.274994,9925447.000000,1747319400.0
1747319400.0,210.320007,212.800003,210.190002,212.496399,5111525.000000,1747323000.0
1747323000.0,212.500000,212.960007,211.410095,211.641693,4296380.000000,1747326600.0
1747326600.0,211.630005,212.279999,211.210007,212.120102,2927204.000000,1747330200.0
1747330200.0,212.130005,212.130005,210.259995,210.630005,3649292.000000,1747333800.0
1747333800.0,210.630005,211.210007,210.324997,210.360001,3629914.000000,1747337400.0
1747337400.0,210.350006,211.460007,210.149994,211.457993,5877104.000000,1747341000.0
1747402200.0,212.320007,212.570007,210.559998,210.600006,15838181.000000,1747405800.0
1747405800.0,210.589996,210.660004,209.770004,210.080002,6777501.000000,1747409400.0
1747409400.0,210.089996,211.149902,210.089996,210.955002,3654109.000000,1747413000.0
1747413000.0,210.960007,211.419998,210.699997,211.110001,3241029.000000,1747416600.0
1747416600.0,211.110001,211.740005,210.729996,211.619995,3898429.000000,1747420200.0
1747420200.0,211.630005,211.929993,211.429993,211.725006,3274956.000000,1747423800.0
1747423800.0,211.710007,211.729996,211.110001,211.190002,3920156.000000,1747427400.0
1747661400.0,208.024994,208.270004,204.259995,206.619904,15175611.000000,1747665000.0
1747665000.0,206.610001,208.039993,206.240005,207.330002,5318353.000000,1747668600.0
1747668600.0,207.320007,208.580002,207.279999,208.482605,3033717.000000,1747672200.0
1747672200.0,208.490005,209.479996,208.070007,208.929993,3363890.000000,1747675800.0
1747675800.0,208.929993,209.199997,207.779999,208.029999,3106651.000000,1747679400.0
1747679400.0,208.050003,208.800003,207.960007,208.127396,2702881.000000,1747683000.0
1747683000.0,208.119995,208.929993,208.100006,208.759995,4045825.000000,1747686600.0
1747747800.0,208.044998,208.143600,206.470001,207.845001,9911111.000000,1747751400.0
1747751400.0,207.830002,208.470001,207.220001,207.634293,3762244.000000,1747755000.0
1747755000.0,207.649994,208.429993,207.050003,207.809998,4102805.000000,1747758600.0
1747758600.0,207.809998,208.015396,207.110001,207.380005,2803301.000000,1747762200.0
1747762200.0,207.369995,207.404999,205.470001,205.589996,4199913.000000,1747765800.0
1747765800.0,205.580002,206.410004,205.029999,206.270004,4844502.000000,1747769400.0
1747769400.0,206.270004,206.940002,205.929993,206.869995,3731510.000000,1747773000.0
1747834200.0,205.119995,206.779907,204.059998,205.809998,8941675.000000,1747837800.0
1747837800.0,205.850006,207.039993,205.476196,206.580002,4273571.000000,1747841400.0
1747841400.0,206.570007,206.869995,205.520096,205.639999,3570453.000000,1747845000.0
1747845000.0,205.649994,206.089996,202.020004,202.100006,12405386.000000,1747848600.0
1747848600.0,202.089996,203.345001,201.759995,202.341507,7684596.000000,1747852200.0
1747852200.0,202.320007,202.610001,200.720001,201.030106,7028968.000000,1747855800.0
1747855800.0,201.059998,202.490005,201.050003,202.059998,6085411.000000,1747859400.0
1747920600.0,200.714996,201.639999,199.699997,200.360001,13339867.000000,1747924200.0
1747924200.0,200.369995,201.360001,200.353607,200.949997,5239551.000000,1747927800.0
1747927800.0,200.949997,202.409897,200.860001,201.949997,4473843.000000,1747931400.0
1747931400.0,201.945007,202.069901,201.160004,201.889999,3223269.000000,1747935000.0
1747935000.0,201.880005,202.220001,201.669998,201.970001,3552562.000000,1747938600.0
1747938600.0,201.960007,202.720001,201.649994,202.610001,5071372.000000,1747942200.0
1747942200.0,202.619995,202.649994,201.000000,201.369995,5705738.000000,1747945800.0
1748007000.0,193.664993,197.699997,193.460007,197.169998,27970489.000000,1748010600.0
1748010600.0,197.149994,197.369995,195.690002,196.585007,7789566.000000,1748014200.0
1748014200.0,196.589996,197.119995,195.714996,196.050201,6693085.000000,1748017800.0
1748017800.0,196.050797,196.672394,195.634995,196.619995,6093930.000000,1748021400.0
1748021400.0,196.600006,196.600006,195.089996,195.750000,7300789.000000,1748025000.0
1748025000.0,195.720001,195.899994,195.029999,195.462402,6291505.000000,1748028600.0
1748028600.0,195.460007,195.970001,195.029999,195.339996,8128777.000000,1748032200.0
1748352600.0,198.300003,199.169998,197.429993,198.350006,13343197.000000,1748356200.0
1748356200.0,198.360001,199.369995,198.009995,199.365005,6877187.000000,1748359800.0
1748359800.0,199.360001,200.580002,199.000000,199.994995,6493372.000000,1748363400.0
1748363400.0,199.990005,200.649994,199.669998,199.959900,4788957.000000,1748367000.0
1748367000.0,199.955002,200.740005,199.809998,200.369995,4199118.000000,1748370600.0
1748370600.0,200.380005,200.550003,200.190002,200.294403,4344607.000000,1748374200.0
1748374200.0,200.300003,200.470001,199.929993,200.199997,6028688.000000,1748377800.0
1748439000.0,200.679993,202.729996,199.899994,200.750000,11384135.000000,1748442600.0
1748442600.0,200.740005,201.309998,200.210007,201.044998,4989502.000000,1748446200.0
1748446200.0,201.050003,201.289993,200.862000,201.100006,2681810.000000,1748449800.0
1748449800.0,201.089996,201.520004,200.824997,201.110001,2692955.000000,1748453400.0
1748453400.0,201.119995,201.250000,200.729996,200.850006,2564636.000000,1748457000.0
1748457000.0,200.839996,201.521103,200.320007,201.128601,3702217.000000,1748460600.0
1748460600.0,201.089996,201.395004,200.195007,200.419998,4638874.000000,1748464200.0
1748525400.0,203.270004,203.779999,200.759995,201.139999,13269413.000000,1748529000.0
1748529000.0,201.110001,201.649994,200.550003,200.740005,4965675.000000,1748532600.0
1748532600.0,200.740005,200.800003,198.509995,199.419998,6137020.000000,1748536200.0
1748536200.0,199.399994,200.449600,199.399994,199.975006,3935142.000000,1748539800.0
1748539800.0,199.960007,200.169998,199.039993,199.039993,3863280.000000,1748543400.0
1748543400.0,199.039993,199.570007,198.570007,199.139297,4850814.000000,1748547000.0
1748547000.0,199.125000,200.248001,199.080002,199.949997,5888522.000000,1748550600.0
1748611800.0,199.404999,199.570007,197.970001,199.240005,8945068.000000,1748615400.0
1748615400.0,199.229996,199.485001,198.809998,199.309998,3302545.000000,1748619000.0
1748619000.0,199.300003,199.369995,197.550400,197.714996,3638495.000000,1748622600.0
1748622600.0,197.720001,198.169998,196.779999,198.085007,5105841.000000,1748626200.0
1748626200.0,198.080002,199.179993,197.949997,199.119995,3188808.000000,1748629800.0
1748629800.0,199.119995,200.229996,198.919998,200.050598,4653738.000000,1748633400.0
1748633400.0,200.070007,201.949997,199.740097,200.660004,12325548.000000,1748637000.0
1748871000.0,201.625000,202.130005,200.119995,200.529999,8866907.000000,1748874600.0
1748874600.0,200.520004,201.990005,200.350006,200.710007,4886322.000000,1748878200.0
1748878200.0,200.720001,201.118698,200.300003,201.029999,3147865.000000,1748881800.0
1748881800.0,201.029999,201.167999,200.570007,200.860107,2227466.000000,1748885400.0
1748885400.0,200.860001,201.529999,200.580093,201.453995,2804759.000000,1748889000.0
1748889000.0,201.449997,201.779907,201.139999,201.660004,2805599.000000,1748892600.0
1748892600.0,201.649994,201.809906,201.300003,201.800003,3972829.000000,1748896200.0
1748957400.0,202.134995,203.240005,200.955002,201.740005,10305758.000000,1748961000.0
1748961000.0,201.740005,202.690002,201.520203,202.500000,4748287.000000,1748964600.0
1748964600.0,202.520004,203.339996,202.059998,203.054993,4217975.000000,1748968200.0
1748968200.0,203.059998,203.740005,202.720001,203.314606,3820571.000000,1748971800.0
1748971800.0,203.335007,203.770004,202.500000,203.091705,3339508.000000,1748975400.0
1748975400.0,203.080002,203.439896,202.990005,203.179993,2991230.000000,1748979000.0
1748979000.0,203.179993,203.469894,202.979996,203.339996,4035108.000000,1748982600.0
1749043800.0,203.449997,206.240005,202.650803,205.139999,12614073.000000,1749047400.0
1749047400.0,205.119995,205.179993,203.990097,204.089996,4439145.000000,1749051000.0
1749051000.0,204.089996,204.600006,202.149994,202.830002,7130175.000000,1749054600.0
1749054600.0,202.820007,203.589996,202.615005,203.414993,2639222.000000,1749058200.0
1749058200.0,203.412003,203.470001,202.850006,203.119995,2609590.000000,1749061800.0
1749061800.0,203.110001,203.250000,202.759995,203.190002,3114173.000000,1749065400.0
1749065400.0,203.190002,203.447693,202.759995,202.886993,3543324.000000,1749069000.0
1749130200.0,203.595001,203.839996,201.270004,202.449997,9756368.000000,1749133800.0
1749133800.0,202.449997,204.589996,201.677200,204.543793,6631520.000000,1749137400.0
1749137400.0,204.535004,204.750000,202.479996,203.139999,4785035.000000,1749141000.0
1749141000.0,203.139999,203.250000,201.550003,202.600098,3948935.000000,1749144600.0
1749144600.0,202.600006,202.899994,201.149994,202.210403,3145886.000000,1749148200.0
1749148200.0,202.210007,202.720001,200.199997,200.729996,4825395.000000,1749151800.0
1749151800.0,200.740005,201.770004,200.159607,200.550003,6191418.000000,1749155400.0
1749216600.0,202.994995,205.699997,202.983093,203.660004,11106322.000000,1749220200.0
1749220200.0,203.539993,204.059998,202.860107,203.039993,5013154.000000,1749223800.0
1749223800.0,203.020004,203.600006,202.610001,202.625000,3205114.000000,1749227400.0
1749227400.0,202.662201,203.779999,202.050003,203.589996,4406812.000000,1749231000.0
1749231000.0,203.600006,205.210007,203.589996,204.985001,4157003.000000,1749234600.0
1749234600.0,204.990005,205.470001,204.684998,204.699997,4253859.000000,1749238200.0
1749238200.0,204.690002,205.220001,203.895004,203.929993,5842274.000000,1749241800.0
1749475800.0,204.399994,206.000000,203.979996,205.320007,10204602.000000,1749479400.0
1749479400.0,205.300003,205.740005,204.509995,204.529999,4646532.000000,1749483000.0
1749483000.0,204.530106,204.910004,203.729996,203.928802,4660532.000000,1749486600.0
1749486600.0,203.929993,205.299896,200.020004,200.720001,14949524.000000,1749490200.0
1749490200.0,200.710007,202.667694,200.029999,201.460007,13053525.000000,1749493800.0
1749493800.0,201.429993,201.699997,200.630005,201.250000,8620350.000000,1749497400.0
1749497400.0,201.210007,202.354996,200.889999,201.440002,7398849.000000,1749501000.0
1749562200.0,200.600006,203.356903,200.570007,202.869995,13200692.000000,1749565800.0
1749565800.0,202.860001,204.350006,202.729996,203.315002,6624997.000000,1749569400.0
1749569400.0,203.320007,203.320007,202.300095,202.538803,4294134.000000,1749573000.0
1749573000.0,202.529999,202.763000,201.750000,201.759995,4163222.000000,1749576600.0
1749576600.0,201.774994,202.100006,201.309998,201.699997,5126577.000000,1749580200.0
1749580200.0,201.690002,203.225006,201.600006,202.820007,4955808.000000,1749583800.0
1749583800.0,202.821106,202.975006,202.330002,202.750000,4081286.000000,1749587400.0
1749648600.0,203.470001,204.500000,202.330002,202.760101,10386969.000000,1749652200.0
1749652200.0,202.759995,202.770004,200.910004,200.940002,7233304.000000,1749655800.0
1749655800.0,200.895004,201.169998,199.659607,200.207108,10232286.000000,1749659400.0
1749659400.0,200.190704,201.236496,200.184998,200.910004,5829259.000000,1749663000.0
1749663000.0,200.904999,200.985001,198.710007,199.239197,6328313.000000,1749666600.0
1749666600.0,199.220001,199.600006,198.619995,198.979996,6509313.000000,1749670200.0
1749670200.0,198.949997,199.125000,198.410004,198.850006,6085149.000000,1749673800.0
1749735000.0,199.080002,199.389999,197.360107,198.066696,10588317.000000,1749738600.0
1749738600.0,198.080002,198.925003,197.862701,198.149994,5324558.000000,1749742200.0
1749742200.0,198.133698,198.639999,197.755005,198.589996,3767271.000000,1749745800.0
1749745800.0,198.580002,199.440002,198.210007,199.259995,4180542.000000,1749749400.0
1749749400.0,199.259995,199.679901,198.669601,198.750000,3327745.000000,1749753000.0
1749753000.0,198.759995,199.050003,198.544998,198.884995,3064478.000000,1749756600.0
1749756600.0,198.880005,199.199997,198.399994,199.199997,3810648.000000,1749760200.0
1749821400.0,199.509995,200.369995,195.910004,196.154999,14838318.000000,1749825000.0
1749825000.0,196.139999,197.639999,195.979996,197.509995,5870070.000000,1749828600.0
1749828600.0,197.520004,198.047501,197.210007,197.270004,4078021.000000,1749832200.0
1749832200.0,197.289993,197.570007,196.919998,197.270004,3611125.000000,1749835800.0
1749835800.0,197.250000,197.710007,196.220001,196.278000,4012087.000000,1749839400.0
1749839400.0,196.259995,196.639999,195.809998,196.220001,5166232.000000,1749843000.0
1749843000.0,196.240005,196.690002,195.770004,196.449997,5657582.000000,1749846600.0
1750080600.0,197.289993,198.684998,196.563599,198.429993,10592906.000000,1750084200.0
1750084200.0,198.434998,198.660004,197.164993,197.315002,5091014.000000,1750087800.0
1750087800.0,197.309998,197.630005,196.875000,197.080002,4269679.000000,1750091400.0
1750091400.0,197.100006,197.955002,197.020004,197.875000,2678380.000000,1750095000.0
1750095000.0,197.884995,198.190002,197.770004,197.988693,3200825.000000,1750098600.0
1750098600.0,197.990005,198.399994,197.660004,198.244995,3569146.000000,1750102200.0
1750102200.0,198.244995,198.490005,197.929993,198.369995,4718967.000000,1750105800.0
1750167000.0,197.250000,197.929993,196.255005,197.580002,7902396.000000,1750170600.0
1750170600.0,197.582993,197.789993,197.324997,197.580002,3367583.000000,1750174200.0
1750174200.0,197.589996,198.388901,197.460007,197.615005,3514424.000000,1750177800.0
1750177800.0,197.610001,197.845703,196.464996,196.520004,4473741.000000,1750181400.0
1750181400.0,196.509995,196.820007,195.210007,195.460007,4011630.000000,1750185000.0
1750185000.0,195.479996,195.940002,195.420303,195.839996,3616427.000000,1750188600.0
1750188600.0,195.850006,195.884995,195.440994,195.639999,4321581.000000,1750192200.0
1750253400.0,195.919998,197.509995,195.070007,197.060196,8663131.000000,1750257000.0
1750257000.0,197.110001,197.570007,196.634995,196.940002,3977500.000000,1750260600.0
1750260600.0,196.850006,197.229996,196.500305,196.950806,2676891.000000,1750264200.0
1750264200.0,196.940002,197.020004,196.050003,196.059998,2527979.000000,1750267800.0
1750267800.0,196.070007,196.979996,195.630005,195.910004,3683814.000000,1750271400.0
1750271400.0,195.919998,196.449997,195.110001,195.639999,5009904.000000,1750275000.0
1750275000.0,195.630005,197.110001,195.466003,196.250000,7662210.000000,1750278600.0
1750426200.0,198.235001,200.940002,197.529999,198.679993,26036367.000000,1750429800.0
1750429800.0,198.690002,198.690002,196.859604,197.669998,6560590.000000,1750433400.0
1750433400.0,197.710007,198.860001,197.699997,198.490005,4287672.000000,1750437000.0
1750437000.0,198.490005,199.369995,198.270004,198.320007,4286863.000000,1750440600.0
1750440600.0,198.320007,200.190002,198.070007,199.809998,5317209.000000,1750444200.0
1750444200.0,199.820007,200.336700,199.600098,199.929993,7927637.000000,1750447800.0
1750447800.0,199.919998,201.699997,199.770004,200.940002,10755124.000000,1750451400.0
1750685400.0,201.531998,202.300003,199.940002,201.371796,12829209.000000,1750689000.0
1750689000.0,201.380005,201.589996,200.225006,200.529999,5321162.000000,1750692600.0
1750692600.0,200.330002,200.520004,199.509995,200.139603,4993482.000000,1750696200.0
1750696200.0,200.139999,201.520004,198.960007,201.438995,4894801.000000,1750699800.0
1750699800.0,201.460007,202.240005,201.080002,201.690002,6635454.000000,1750703400.0
1750703400.0,201.669998,201.896805,201.050705,201.360199,4184558.000000,1750707000.0
1750707000.0,201.350006,201.839996,201.134995,201.550003,3965279.000000,1750710600.0
1750771800.0,201.600006,202.669998,200.199997,200.982300,12508328.000000,1750775400.0
1750775400.0,200.990005,201.580002,200.740402,201.380005,4685578.000000,1750779000.0
1750779000.0,201.460007,202.565002,201.240005,202.449997,4724128.000000,1750782600.0
1750782600.0,202.451508,203.440002,201.940002,201.960007,6930517.000000,1750786200.0
1750786200.0,201.960007,202.330002,201.309998,201.570007,4599071.000000,1750789800.0
1750789800.0,201.580002,202.014999,201.304993,201.529999,5015277.000000,1750793400.0
1750793400.0,201.535004,201.599899,200.270004,200.289993,7488205.000000,1750797000.0
1750858200.0,201.419998,203.660004,201.199997,202.440002,10894360.000000,1750861800.0
1750861800.0,202.440002,203.175003,201.990005,202.100006,5914874.000000,1750865400.0
1750865400.0,202.104996,202.169998,201.399994,201.869995,3571019.000000,1750869000.0
1750869000.0,201.880005,202.179703,201.089996,201.139999,2830902.000000,1750872600.0
1750872600.0,201.139999,201.279999,200.620102,201.015396,3158873.000000,1750876200.0
1750876200.0,201.020004,201.500000,200.949997,201.159805,3073812.000000,1750879800.0
1750879800.0,201.139999,201.619995,200.884995,201.600006,4058748.000000,1750883400.0
1750944600.0,202.350006,202.615005,199.649994,199.750000,11861101.000000,1750948200.0
1750948200.0,199.740005,200.509995,199.619995,199.690002,6026822.000000,1750951800.0
1750951800.0,199.710007,200.789993,199.460007,200.122803,4778323.000000,1750955400.0
1750955400.0,200.137802,200.270004,199.634995,200.240005,4568502.000000,1750959000.0
1750959000.0,200.250000,201.360001,199.975006,200.979996,5027751.000000,1750962600.0
1750962600.0,200.990005,201.178696,200.750000,201.175003,3971689.000000,1750966200.0
1750966200.0,201.175201,201.559998,200.789993,200.940002,5945620.000000,1750969800.0
1751031000.0,201.895004,203.220001,201.259995,201.580093,11392916.000000,1751034600.0
1751034600.0,201.589996,201.950195,200.854996,201.381805,6069609.000000,1751038200.0
1751038200.0,201.399994,202.050003,201.389999,201.990005,4142671.000000,1751041800.0
1751041800.0,201.990005,202.699997,201.729996,202.080002,4499910.000000,1751045400.0
1751045400.0,202.080002,202.110001,200.929993,201.440002,5147746.000000,1751049000.0
1751049000.0,201.449997,201.520004,200.789993,201.125000,5338193.000000,1751052600.0
1751052600.0,201.130005,201.270004,200.220001,201.100006,6326536.000000,1751056200.0
1751290200.0,202.009995,202.190002,200.352402,201.009903,9942898.000000,1751293800.0
1751293800.0,201.005005,201.320007,199.590103,199.970001,7348749.000000,1751297400.0
1751297400.0,199.989197,200.419998,199.800003,200.324997,4709275.000000,1751301000.0
1751301000.0,200.309998,200.479996,199.845001,200.154999,4227066.000000,1751304600.0
1751304600.0,200.154999,200.830002,199.899994,200.695007,3674697.000000,1751308200.0
1751308200.0,200.695099,207.089996,199.260696,206.585602,26910135.000000,1751311800.0
1751311800.0,206.550003,207.389999,205.050003,205.119995,13956446.000000,1751315400.0
1751376600.0,206.664993,209.830002,206.140106,209.540100,26727051.000000,1751380200.0
1751380200.0,209.550095,210.186493,207.470001,207.949997,15475523.000000,1751383800.0
1751383800.0,207.960007,208.184998,206.789993,207.875000,7412772.000000,1751387400.0
1751387400.0,207.869995,208.529999,207.100006,208.110306,6007346.000000,1751391000.0
1751391000.0,208.119995,208.419998,207.610001,208.210007,4747947.000000,1751394600.0
1751394600.0,208.210007,208.429901,207.375000,208.190002,5033918.000000,1751398200.0
1751398200.0,208.184998,208.229996,207.514999,207.860001,5286012.000000,1751401800.0
1751463000.0,209.080002,213.339996,208.276001,212.300003,24809075.000000,1751466600.0
1751466600.0,212.279999,212.850006,211.419998,211.475006,8338925.000000,1751470200.0
1751470200.0,211.490005,212.009995,210.860001,210.920303,6059046.000000,1751473800.0
1751473800.0,210.919998,211.330002,210.220001,210.818100,5032781.000000,1751477400.0
1751477400.0,210.809998,211.770004,210.740005,211.589996,3704293.000000,1751481000.0
1751481000.0,211.574997,212.960007,211.369995,211.889999,7090087.000000,1751484600.0
1751484600.0,212.050003,212.750000,211.949997,212.410004,6193408.000000,1751488200.0
1751549400.0,212.145004,213.859894,211.810104,213.735001,11914855.000000,1751553000.0
1751553000.0,213.740005,214.460007,213.039993,213.880005,8989319.000000,1751556600.0
1751556600.0,213.889893,214.649994,213.669998,214.100006,5268462.000000,1751560200.0
1751895000.0,212.679993,216.229996,211.809998,212.360001,13506133.000000,1751898600.0
1751898600.0,212.369995,212.600006,211.600006,212.039993,4497654.000000,1751902200.0
1751902200.0,212.119995,212.199997,210.380005,210.836502,4843940.000000,1751905800.0
1751905800.0,210.839005,211.169907,209.520004,209.670395,5039814.000000,1751909400.0
1751909400.0,209.669998,210.500000,208.910004,208.940399,4210639.000000,1751913000.0
1751913000.0,208.940002,210.070007,208.800003,209.449997,4388321.000000,1751916600.0
1751916600.0,209.460007,210.250000,209.190002,209.940002,4768433.000000,1751920200.0
1751981400.0,210.130005,210.490005,208.449997,209.279999,9381795.000000,1751985000.0
1751985000.0,209.285004,211.429993,209.259995,209.870697,5854284.000000,1751988600.0
1751988600.0,209.880005,211.184998,209.779999,210.830002,3759768.000000,1751992200.0
1751992200.0,210.839996,210.889999,209.500000,209.835007,3725509.000000,1751995800.0
1751995800.0,209.839996,210.259995,209.320007,209.945007,2881574.000000,1751999400.0
1751999400.0,209.949997,210.044998,209.404999,209.604996,2636682.000000,1752003000.0
1752003000.0,209.589996,210.339996,209.300003,210.035004,5121140.000000,1752006600.0
1752067800.0,209.529999,210.899994,209.350006,209.910004,8992949.000000,1752071400.0
1752071400.0,209.889999,209.899994,207.220001,207.804993,8309318.000000,1752075000.0
1752075000.0,207.809998,208.220001,207.265900,207.800003,4676493.000000,1752078600.0
1752078600.0,207.810394,209.044998,207.571396,208.915604,3964765.000000,1752082200.0
1752082200.0,208.914993,209.979996,208.720001,209.732498,4016622.000000,1752085800.0
1752085800.0,209.744995,210.190002,209.619995,209.889999,3710492.000000,1752089400.0
1752089400.0,209.880005,211.330002,209.729996,211.110001,6191235.000000,1752093000.0
1752154200.0,210.505005,212.299896,210.119995,212.009995,9591288.000000,1752157800.0
1752157800.0,212.029999,213.479996,211.899994,212.979996,8759012.000000,1752161400.0
1752161400.0,212.990005,213.179993,211.830002,212.080002,4598153.000000,1752165000.0
1752165000.0,212.070007,212.779999,211.850006,212.619995,3384939.000000,1752168600.0
1752168600.0,212.610001,213.160004,212.309998,212.600006,3025386.000000,1752172200.0
1752172200.0,212.594894,213.449997,212.570007,212.574997,3341074.000000,1752175800.0
1752175800.0,212.580002,213.020004,212.089996,212.419998,4470431.000000,1752179400.0
1752240600.0,210.565002,212.130005,209.860001,211.789993,8592173.000000,1752244200.0
1752244200.0,211.789993,211.789993,210.479996,210.824997,4031708.000000,1752247800.0
1752247800.0,210.830002,211.210007,210.464996,210.634995,3418923.000000,1752251400.0
1752251400.0,210.619995,211.289993,210.449997,211.164993,2805663.000000,1752255000.0
1752255000.0,211.154999,211.659805,210.979996,211.404999,2380669.000000,1752258600.0
1752258600.0,211.410004,211.516998,210.619995,211.160004,2371782.000000,1752262200.0
1752262200.0,211.130005,211.399994,211.029297,211.074997,4157903.000000,1752265800.0
1752499800.0,209.908997,210.910004,207.539993,208.029999,11410322.000000,1752503400.0
1752503400.0,208.029999,208.891693,207.824997,208.764999,4099030.000000,1752507000.0
1752507000.0,208.770004,209.179993,208.559998,208.840698,3442253.000000,1752510600.0
1752510600.0,208.850006,209.330002,208.760193,209.000000,2496708.000000,1752514200.0
1752514200.0,209.013306,209.449997,208.960800,209.000000,2387557.000000,1752517800.0
1752517800.0,209.000000,209.407303,208.870102,209.199905,3211653.000000,1752521400.0
1752521400.0,209.169998,209.190002,208.520004,208.539993,4180894.000000,1752525000.0
1752586200.0,209.149994,211.130005,208.919998,210.169998,9804649.000000,1752589800.0
1752589800.0,210.139999,211.429993,209.197693,211.429993,5300718.000000,1752593400.0
1752593400.0,211.429993,211.889999,210.360001,210.679993,4617922.000000,1752597000.0
1752597000.0,210.695007,211.070007,210.380005,210.672699,2111068.000000,1752600600.0
1752600600.0,210.684998,211.669998,210.660004,211.375000,2756121.000000,1752604200.0
1752604200.0,211.388901,211.479996,209.960007,210.179993,3943223.000000,1752607800.0
1752607800.0,210.203003,210.289993,208.990005,209.009995,3872873.000000,1752611400.0
1752672600.0,210.289993,212.399994,209.910507,212.085007,11863740.000000,1752676200.0
1752676200.0,212.110001,212.184494,209.289993,210.119995,6716190.000000,1752679800.0
1752679800.0,210.148804,210.500000,208.639999,209.589996,5283557.000000,1752683400.0
1752683400.0,209.600006,210.947998,209.369995,210.350006,2958239.000000,1752687000.0
1752687000.0,210.339996,210.631897,209.871002,210.038498,2325549.000000,1752690600.0
1752690600.0,210.039993,210.585098,210.039993,210.324997,2064165.000000,1752694200.0
1752694200.0,210.320007,210.636597,209.970001,210.220001,4310071.000000,1752697800.0
1752759000.0,210.625000,211.009995,209.589996,209.949997,9963627.000000,1752762600.0
1752762600.0,209.940002,210.830002,209.770004,210.440002,4483480.000000,1752766200.0
1752766200.0,210.449997,211.449997,210.104996,211.389999,5714933.000000,1752769800.0
1752769800.0,211.388901,211.509995,210.789993,210.955002,3852173.000000,1752773400.0
1752773400.0,210.949997,211.800003,210.900101,211.279999,5287499.000000,1752777000.0
1752777000.0,211.279999,211.279999,210.779999,210.994995,4445454.000000,1752780600.0
1752780600.0,210.999893,211.050003,209.740005,210.061005,7016080.000000,1752784200.0
1752845400.0,210.755005,211.009995,209.704498,209.954300,15729684.000000,1752849000.0
1752849000.0,209.960007,211.009995,209.770004,210.850006,4957360.000000,1752852600.0
1752852600.0,210.854996,211.130005,210.679993,211.009995,3993353.000000,1752856200.0
1752856200.0,211.020004,211.789993,210.880005,211.190002,3840387.000000,1752859800.0
1752859800.0,211.179993,211.539993,210.759995,210.934998,3054294.000000,1752863400.0
1752863400.0,210.929993,211.195007,210.789993,210.949997,2639727.000000,1752867000.0
1752867000.0,210.940002,211.345001,210.830002,211.220001,4433304.000000,1752870600.0
1753104600.0,212.050003,215.779999,211.640900,214.645004,19931497.000000,1753108200.0
1753108200.0,214.639999,214.710007,212.869995,213.470001,7487806.000000,1753111800.0
1753111800.0,213.460007,213.710007,213.160004,213.319595,3139375.000000,1753115400.0
1753115400.0,213.315002,213.860001,213.139999,213.679993,2907043.000000,1753119000.0
1753119000.0,213.660004,213.710007,212.509995,213.259995,4055325.000000,1753122600.0
1753122600.0,213.268799,213.429993,212.509995,212.580002,2890224.000000,1753126200.0
1753126200.0,212.580002,212.718597,212.070007,212.539993,3808451.000000,1753129800.0
1753191000.0,213.235001,214.029999,212.230103,213.265503,12377510.000000,1753194600.0
1753194600.0,213.259995,213.690002,212.720001,213.477295,4721399.000000,1753198200.0
1753198200.0,213.470001,213.820007,212.759995,213.279999,5611485.000000,1753201800.0
1753201800.0,213.240005,214.479996,212.839996,214.411194,4068346.000000,1753205400.0
1753205400.0,214.399994,214.423401,213.440002,213.710007,3620984.000000,1753209000.0
1753209000.0,213.710007,214.419907,213.710007,214.184998,3749973.000000,1753212600.0
1753212600.0,214.179993,214.645004,213.929993,214.389999,4788294.000000,1753216200.0
1753277400.0,215.044998,215.100006,212.410004,212.935104,13479209.000000,1753281000.0
1753281000.0,212.949905,213.169998,212.500000,213.149994,4588657.000000,1753284600.0
1753284600.0,213.149994,213.809998,212.649994,213.500000,4465099.000000,1753288200.0
1753288200.0,213.500000,214.228500,213.360001,214.125000,2552446.000000,1753291800.0
1753291800.0,214.119995,214.634995,214.070007,214.404999,4350901.000000,1753295400.0
1753295400.0,214.404999,214.695007,213.940002,214.139999,3541364.000000,1753299000.0
1753299000.0,214.145004,214.309998,213.610001,214.309998,4190088.000000,1753302600.0
1753363800.0,214.059998,215.690002,213.529999,214.460007,11740713.000000,1753367400.0
1753367400.0,214.449997,215.350006,214.059601,215.259995,6108820.000000,1753371000.0
1753371000.0,215.261597,215.490005,214.199997,214.339996,4945138.000000,1753374600.0
1753374600.0,214.339996,215.199997,214.279999,214.789993,2987772.000000,1753378200.0
1753378200.0,214.789993,215.199997,214.559998,214.735001,2538966.000000,1753381800.0
1753381800.0,214.738907,215.020004,214.330002,214.809998,3138944.000000,1753385400.0
1753385400.0,214.811005,214.940002,213.720001,213.759995,5843431.000000,1753389000.0
1753450200.0,214.699997,214.860001,213.740005,214.585297,10049767.000000,1753453800.0
1753453800.0,214.589996,215.240005,214.210007,214.509995,5133351.000000,1753457400.0
1753457400.0,214.585007,214.639999,214.050003,214.389603,5205668.000000,1753461000.0
1753461000.0,214.389999,214.589996,214.039993,214.169998,2636543.000000,1753464600.0
1753464600.0,214.170395,214.509995,213.820007,213.889999,3060915.000000,1753468200.0
1753468200.0,213.910004,214.009995,213.399994,213.500000,2957957.000000,1753471800.0
1753471800.0,213.505005,214.000000,213.490005,213.960007,4400863.000000,1753475400.0
1753709400.0,214.029999,214.740005,213.580002,214.520004,7838862.000000,1753713000.0
1753713000.0,214.535004,214.845001,214.122299,214.434998,3872401.000000,1753716600.0
1753716600.0,214.440002,214.750000,214.289993,214.539993,2571343.000000,1753720200.0
1753720200.0,214.535004,214.574997,213.414993,213.645004,3975039.000000,1753723800.0
1753723800.0,213.634995,214.020004,213.619995,213.800003,2392173.000000,1753727400.0
1753727400.0,213.820007,213.830002,213.059998,213.429993,4397176.000000,1753731000.0
1753731000.0,213.419998,214.050003,213.320007,214.039993,3976187.000000,1753734600.0
1753795800.0,214.160004,214.809998,211.509995,213.050003,11789728.000000,1753799400.0
1753799400.0,213.039993,213.248306,211.889999,211.899994,5404192.000000,1753803000.0
1753803000.0,211.880997,212.929993,211.699997,212.000000,4842502.000000,1753806600.0
1753806600.0,211.990005,212.389999,210.824997,212.199997,4558639.000000,1753810200.0
1753810200.0,212.210007,212.389999,211.815002,211.960007,3024877.000000,1753813800.0
1753813800.0,211.964996,212.440002,211.600006,211.889999,3376083.000000,1753817400.0
1753817400.0,211.889999,211.910004,211.054504,211.350006,4836491.000000,1753821000.0
1753882200.0,211.895004,212.389999,210.020004,210.610001,7424119.000000,1753885800.0
1753885800.0,210.619995,210.720001,209.619995,209.714996,3733727.000000,1753889400.0
1753889400.0,209.720001,210.419998,209.570007,210.119995,2767617.000000,1753893000.0
1753893000.0,210.110001,210.169998,209.320007,209.756500,2841873.000000,1753896600.0
1753896600.0,209.750000,210.149902,209.479996,209.854996,3212089.000000,1753900200.0
1753900200.0,209.854996,210.139999,207.720001,208.520004,5902392.000000,1753903800.0
1753903800.0,208.509995,209.109894,208.130005,209.020004,4190797.000000,1753907400.0
1753968600.0,208.380005,209.681503,207.824997,208.842407,11337524.000000,1753972200.0
1753972200.0,208.860001,209.550003,208.070007,208.282806,6709067.000000,1753975800.0
1753975800.0,208.270004,209.000000,208.169998,208.954498,4492059.000000,1753979400.0
1753979400.0,208.949997,209.839996,208.500000,208.664993,5149802.000000,1753983000.0
1753983000.0,208.664993,208.919998,207.589996,208.610001,5001721.000000,1753986600.0
1753986600.0,208.610001,209.384293,208.490005,208.569901,6029902.000000,1753990200.0
1753990200.0,208.570007,208.850006,207.160004,207.610001,8246453.000000,1753993800.0
1754055000.0,210.839996,213.580002,204.369995,205.360001,29330279.000000,1754058600.0
1754058600.0,205.330002,205.729996,203.070007,203.440002,11748154.000000,1754062200.0
1754062200.0,203.419998,204.589996,202.649994,202.750000,9260890.000000,1754065800.0
1754065800.0,202.759995,203.289505,201.500000,201.982498,8501358.000000,1754069400.0
1754069400.0,201.980103,203.729996,201.630096,203.550003,8026633.000000,1754073000.0
1754073000.0,203.550003,204.321198,202.899994,203.190002,7684390.000000,1754076600.0
1754076600.0,203.179993,203.240005,202.169998,202.270004,8416967.000000,1754080200.0
1754314200.0,204.505005,206.839996,204.195007,206.759995,13367550.000000,1754317800.0
1754317800.0,206.759995,207.880005,205.740005,205.770004,8818623.000000,1754321400.0
1754321400.0,205.759995,205.880005,203.929993,203.934998,5759426.000000,1754325000.0
1754325000.0,203.940002,204.479996,203.865005,204.149994,5046794.000000,1754328600.0
1754328600.0,204.139999,204.220001,203.410004,203.429993,4659225.000000,1754332200.0
1754332200.0,203.440002,203.529999,202.070007,202.324997,10594574.000000,1754335800.0
1754335800.0,202.330002,203.449997,201.675003,203.339996,8673869.000000,1754339400.0
1754400600.0,203.434998,204.554993,202.160004,204.529999,9812948.000000,1754404200.0
1754404200.0,204.535004,205.339996,203.904999,204.630005,6466189.000000,1754407800.0
1754407800.0,204.619995,204.690002,203.440002,203.710007,3782674.000000,1754411400.0
1754411400.0,203.710007,204.169998,203.089996,204.035004,3720976.000000,1754415000.0
1754415000.0,204.050003,204.300003,203.759995,203.869995,2677706.000000,1754418600.0
1754418600.0,203.860001,203.970001,203.190094,203.335007,3354757.000000,1754422200.0
1754422200.0,203.339996,203.410004,202.669998,202.929993,3784751.000000,1754425800.0
1754487000.0,205.600006,211.149994,205.589996,210.759995,23760541.000000,1754490600.0
1754490600.0,210.759995,214.339996,210.630005,214.225006,15618173.000000,1754494200.0
1754494200.0,214.225006,214.990005,213.669998,214.499893,15397308.000000,1754497800.0
1754497800.0,214.519699,214.869995,213.869003,214.539993,7331995.000000,1754501400.0
1754501400.0,214.514999,215.380005,214.089996,214.602493,8218314.000000,1754505000.0
1754505000.0,214.610001,214.794998,213.750000,213.875000,7181809.000000,1754508600.0
1754508600.0,213.884995,214.419998,212.809998,213.250000,9553119.000000,1754512200.0
1754573400.0,218.875000,220.330002,216.580002,218.270004,30765656.000000,1754577000.0
1754577000.0,218.059998,220.130005,217.649994,219.628998,11957311.000000,1754580600.0
1754580600.0,219.619995,220.339996,219.419998,219.914993,9896825.000000,1754584200.0
1754584200.0,219.919998,220.210007,213.250000,218.710007,7182645.000000,1754587800.0
1754587800.0,218.720001,219.729996,218.710098,219.500000,4729353.000000,1754591400.0
1754591400.0,219.490005,220.850006,219.243500,219.300095,9312135.000000,1754595000.0
1754595000.0,219.304504,220.199997,219.250000,220.130005,6898669.000000,1754598600.0
1754659800.0,220.429993,223.100006,219.250000,222.781693,15552244.000000,1754663400.0
1754663400.0,222.779999,224.630005,222.630005,224.360001,10674558.000000,1754667000.0
1754667000.0,224.354996,228.225006,224.309998,228.199997,16989559.000000,1754670600.0
1754670600.0,228.209793,230.889999,227.943604,228.675003,25554276.000000,1754674200.0
1754674200.0,228.669998,230.990005,228.550003,229.289993,12552865.000000,1754677800.0
1754677800.0,229.291595,229.879898,228.509995,228.830002,11212305.000000,1754681400.0
1754681400.0,228.820007,229.690002,228.460007,229.369995,11188500.000000,1754685000.0
1754919000.0,226.750000,228.729996,224.762405,226.774994,16158774.000000,1754922600.0
1754922600.0,226.789993,227.889999,226.100006,227.470001,7977854.000000,1754926200.0
1754926200.0,227.470001,229.559998,227.470001,228.729996,7420183.000000,1754929800.0
1754929800.0,228.735001,229.099899,228.000000,228.100006,4120877.000000,1754933400.0
1754933400.0,228.089996,228.195007,227.009995,227.735001,5313497.000000,1754937000.0
1754937000.0,227.759995,227.960007,227.100006,227.649994,7584927.000000,1754940600.0
1754940600.0,227.659195,227.695007,226.639999,227.205002,5849057.000000,1754944200.0
1755005400.0,228.005005,229.939896,227.100006,228.570007,12571415.000000,1755009000.0
1755009000.0,228.589996,230.586502,228.259995,229.729996,10092499.000000,1755012600.0
1755012600.0,229.729904,230.110001,228.320007,229.779999,4868374.000000,1755016200.0
1755016200.0,229.779999,230.779999,229.660004,229.774994,5072601.000000,1755019800.0
1755019800.0,229.770096,230.550003,229.449997,229.570007,3593400.000000,1755023400.0
1755023400.0,229.580002,229.610001,228.919998,229.182999,3327871.000000,1755027000.0
1755027000.0,229.169998,230.100006,229.059998,229.649994,4734707.000000,1755030600.0
1755091800.0,231.524994,232.720001,230.429993,231.809998,14738656.000000,1755095400.0
1755095400.0,231.809998,234.550003,231.770004,232.289993,11605576.000000,1755099000.0
1755099000.0,232.279999,233.397293,232.030197,233.095001,5966244.000000,1755102600.0
1755102600.0,233.070007,233.360001,231.560104,232.455002,5417224.000000,1755106200.0
1755106200.0,232.449997,234.990005,232.020004,232.925003,8137347.000000,1755109800.0
1755109800.0,232.940002,233.910004,230.800003,233.585007,9192848.000000,1755113400.0
1755113400.0,233.585007,234.330002,233.110001,233.330002,5738352.000000,1755117000.0
1755178200.0,234.054993,235.110001,231.670197,232.210007,16052941.000000,1755181800.0
1755181800.0,232.205002,232.460007,230.850006,231.740204,6624676.000000,1755185400.0
1755185400.0,231.750000,232.294998,230.910004,232.009995,4323697.000000,1755189000.0
1755189000.0,232.029999,233.139999,231.968796,232.927307,3209373.000000,1755192600.0
1755192600.0,232.929993,233.130005,232.320007,232.729996,3634219.000000,1755196200.0
1755196200.0,232.710007,233.490005,232.440002,232.945007,4523178.000000,1755199800.0
1755199800.0,232.929993,233.509995,232.690002,232.830002,4542543.000000,1755203400.0
1755264600.0,233.729996,234.221405,231.550095,232.169998,11603282.000000,1755268200.0
1755268200.0,232.161407,232.289993,230.470001,231.070007,5319424.000000,1755271800.0
1755271800.0,231.020004,231.455002,230.619705,230.740005,3957281.000000,1755275400.0
1755275400.0,230.744202,231.225006,230.229996,230.570007,6137966.000000,1755279000.0
1755279000.0,230.559998,231.289902,229.360001,230.850006,4535672.000000,1755282600.0
1755282600.0,230.860001,231.500000,230.479996,231.360001,6170754.000000,1755286200.0
1755286200.0,231.369995,231.770004,231.020004,231.649994,4696096.000000,1755289800.0
1755523800.0,231.779999,233.119995,230.610001,230.660004,9348530.000000,1755527400.0
1755527400.0,230.619995,231.220001,230.369995,230.860001,4699541.000000,1755531000.0
1755531000.0,230.865005,231.100006,230.500000,230.679993,2959031.000000,1755534600.0
1755534600.0,230.679993,231.149994,230.110001,231.070007,2944837.000000,1755538200.0
1755538200.0,231.080002,231.669998,230.899994,231.145004,3270491.000000,1755541800.0
1755541800.0,231.149994,231.675003,231.100006,231.225006,2886450.000000,1755545400.0
1755545400.0,231.220001,231.550003,230.880005,230.880005,2842575.000000,1755549000.0
1755610200.0,231.274994,232.865005,230.589996,231.830002,7589938.000000,1755613800.0
1755613800.0,231.820007,232.270004,230.470001,231.322601,5331365.000000,1755617400.0
1755617400.0,231.320007,231.660004,231.054993,231.309906,3317736.000000,1755621000.0
1755621000.0,231.279999,231.330002,230.059998,230.625000,3326154.000000,1755624600.0
1755624600.0,230.619995,230.899994,229.869995,230.050003,3163874.000000,1755628200.0
1755628200.0,230.024994,230.190002,229.350006,230.184998,3535859.000000,1755631800.0
1755631800.0,230.184998,230.679993,229.990005,230.476593,2889925.000000,1755635400.0
1755696600.0,229.970001,230.469894,226.500000,226.720093,10654146.000000,1755700200.0
1755700200.0,226.740005,227.550003,226.110001,227.335007,4855593.000000,1755703800.0
1755703800.0,227.330002,227.369995,226.410004,227.134598,3599979.000000,1755707400.0
1755707400.0,227.130005,227.160004,225.889999,226.294998,3171568.000000,1755711000.0
1755711000.0,226.300003,226.830002,225.770004,225.990097,2697011.000000,1755714600.0
1755714600.0,225.990005,226.729996,225.869995,226.445007,3388687.000000,1755718200.0
1755718200.0,226.440002,227.000000,225.929993,225.960007,4504957.000000,1755721800.0
1755783000.0,226.279999,226.520004,224.679993,225.579895,6246020.000000,1755786600.0
1755786600.0,225.527298,225.585007,224.510101,225.130005,3627965.000000,1755790200.0
1755790200.0,225.134995,225.839996,224.800003,224.830002,2756586.000000,1755793800.0
1755793800.0,224.830002,225.009995,223.780396,224.175003,3327885.000000,1755797400.0
1755797400.0,224.170807,224.778503,224.160004,224.229996,2428717.000000,1755801000.0
1755801000.0,224.223495,225.054993,224.094193,224.880005,2704582.000000,1755804600.0
1755804600.0,224.899994,225.250000,224.388397,224.910004,3977376.000000,1755808200.0
1755869400.0,226.449997,228.190002,225.410004,227.949997,8240998.000000,1755873000.0
1755873000.0,227.970001,228.720001,227.800003,228.059998,5233127.000000,1755876600.0
1755876600.0,228.039993,228.434998,226.925003,227.169296,3176741.000000,1755880200.0
1755880200.0,227.169998,229.089996,227.070007,228.610001,4947377.000000,1755883800.0
1755883800.0,228.627396,228.627396,227.779999,227.869995,4653621.000000,1755887400.0
1755887400.0,227.880005,228.519806,227.785004,227.850006,4051520.000000,1755891000.0
1755891000.0,227.839996,228.309998,227.440002,227.750000,4139072.000000,1755894600.0
1756128600.0,226.404999,229.119995,226.240005,228.809998,8000835.000000,1756132200.0
1756132200.0,228.770004,229.240005,228.289993,228.565002,4318256.000000,1756135800.0
1756135800.0,228.570007,229.300003,228.500107,228.539993,2427231.000000,1756139400.0
1756139400.0,228.539993,228.759995,228.320007,228.434998,2355527.000000,1756143000.0
1756143000.0,228.434998,228.654999,227.740005,227.884995,2684903.000000,1756146600.0
1756146600.0,227.875000,227.904999,227.445007,227.598404,2661985.000000,1756150200.0
1756150200.0,227.600006,227.720001,227.119995,227.149994,3262464.000000,1756153800.0
1756215000.0,226.869995,227.050003,224.690002,226.500000,7799571.000000,1756218600.0
1756218600.0,226.509995,227.299896,226.289993,226.961594,3785331.000000,1756222200.0
1756222200.0,226.964996,227.699997,226.550003,227.570496,4519154.000000,1756225800.0
1756225800.0,227.559998,228.169998,227.419998,228.111603,2684567.000000,1756229400.0
1756229400.0,228.110001,228.509995,227.735001,228.359207,2399616.000000,1756233000.0
1756233000.0,228.360001,228.619995,227.770004,228.568207,2604761.000000,1756236600.0
1756236600.0,228.570007,229.490005,227.725006,229.300003,5151468.000000,1756240200.0
1756301400.0,228.580002,230.250000,228.294998,230.014999,7840101.000000,1756305000.0
1756305000.0,230.029999,230.699997,229.479996,229.574097,4445165.000000,1756308600.0
1756308600.0,229.570007,230.087997,229.309998,229.869995,2490171.000000,1756312200.0
1756312200.0,229.889999,230.089996,229.600006,229.839996,1919036.000000,1756315800.0
1756315800.0,229.839996,230.679993,229.800003,230.625000,2268584.000000,1756319400.0
1756319400.0,230.619995,230.634995,229.720001,230.132507,2256272.000000,1756323000.0
1756323000.0,230.125000,230.899994,230.119995,230.440002,3801508.000000,1756326600.0
1756387800.0,230.809998,230.899994,229.335007,230.415802,7213423.000000,1756391400.0
1756391400.0,230.430099,231.899994,230.350006,230.949997,3919070.000000,1756395000.0
1756395000.0,230.960007,232.354996,230.948196,232.289993,3117170.000000,1756398600.0
1756398600.0,232.279999,233.119995,232.080002,233.000000,3773992.000000,1756402200.0
1756402200.0,233.009995,233.410004,232.830093,232.919205,3045856.000000,1756405800.0
1756405800.0,232.919998,233.169998,232.690002,232.975006,2740378.000000,1756409400.0
1756409400.0,232.975006,233.330002,232.479996,232.490005,4904323.000000,1756413000.0
1756474200.0,232.559998,233.361298,231.369995,232.809601,8795007.000000,1756477800.0
1756477800.0,232.804993,233.160004,232.500000,232.960007,3599986.000000,1756481400.0
1756481400.0,232.985001,233.029999,231.399994,232.500000,4414822.000000,1756485000.0
1756485000.0,232.509995,232.960007,231.979996,232.029999,2677553.000000,1756488600.0
1756488600.0,232.032501,232.574997,231.970001,232.179993,3415896.000000,1756492200.0
1756492200.0,232.190002,232.750000,232.000000,232.354294,2433703.000000,1756495800.0
1756495800.0,232.350006,232.837708,231.479996,232.270004,4673659.000000,1756499400.0
1756819800.0,228.750000,230.779999,227.690002,230.600006,9687341.000000,1756823400.0
1756823400.0,230.600006,230.750000,227.528397,227.828995,5124954.000000,1756827000.0
1756827000.0,227.820007,228.146896,227.169998,227.850006,3136378.000000,1756830600.0
1756830600.0,227.843704,228.545395,227.649994,228.410004,2530443.000000,1756834200.0
1756834200.0,228.419998,229.339996,228.330002,228.399994,2346892.000000,1756837800.0
1756837800.0,228.399994,229.080002,226.970001,228.940002,3504389.000000,1756841400.0
1756841400.0,228.924698,230.000000,228.895004,229.710007,4687318.000000,1756845000.0
1756906200.0,237.199997,237.970001,234.369995,236.830002,21171526.000000,1756909800.0
1756909800.0,236.813904,237.600006,235.990005,236.011002,8284903.000000,1756913400.0
1756913400.0,236.020004,236.820007,235.490005,236.490005,4830748.000000,1756917000.0
1756917000.0,236.499802,237.899994,236.440002,237.427200,4651843.000000,1756920600.0
1756920600.0,237.425003,237.440002,236.630005,236.910004,4344650.000000,1756924200.0
1756924200.0,236.899994,237.449997,236.770004,237.154999,4834362.000000,1756927800.0
1756927800.0,237.155807,238.710007,237.150406,238.490005,8891635.000000,1756931400.0
1756992600.0,238.449997,239.893204,237.039993,237.690002,12016131.000000,1756996200.0
1756996200.0,237.679993,238.100006,237.074997,237.399994,5223309.000000,1756999800.0
1756999800.0,237.389999,237.674606,236.740005,237.160004,3678939.000000,1757003400.0
1757003400.0,237.149994,238.089996,236.970001,238.039993,3071522.000000,1757007000.0
1757007000.0,238.040100,238.389999,237.509995,238.059998,5093419.000000,1757010600.0
1757010600.0,238.070007,238.979996,237.880005,238.704498,3814924.000000,1757014200.0
1757014200.0,238.699997,239.899902,238.490005,239.710007,5942248.000000,1757017800.0
1757079000.0,239.990005,241.320007,239.119995,239.285004,17499270.000000,1757082600.0
1757082600.0,239.250000,240.169998,238.639999,239.804993,6538203.000000,1757086200.0
1757086200.0,239.820007,240.315002,238.520004,238.770004,4219870.000000,1757089800.0
1757089800.0,238.779999,239.725006,238.490097,239.625000,3993359.000000,1757093400.0
1757093400.0,239.648499,239.649994,238.729996,239.119995,2784543.000000,1757097000.0
1757097000.0,239.119995,240.130005,239.100006,239.925003,5197093.000000,1757100600.0
1757100600.0,239.929993,240.014999,239.059998,239.669998,4868520.000000,1757104200.0
1757338200.0,239.300003,240.149994,238.740005,239.229996,11286441.000000,1757341800.0
1757341800.0,239.220001,239.570007,238.615005,238.699997,5248756.000000,1757345400.0
1757345400.0,238.695007,238.788300,237.600006,237.729996,4448853.000000,1757349000.0
1757349000.0,237.720001,237.879898,236.339996,237.805801,4717107.000000,1757352600.0
1757352600.0,237.809906,237.955002,237.104996,237.164993,4114279.000000,1757356200.0
1757356200.0,237.154999,237.249893,236.610001,237.110001,3761415.000000,1757359800.0
1757359800.0,237.115005,238.009995,236.904205,237.919998,5177199.000000,1757363400.0
1757424600.0,237.000000,238.000000,236.074997,236.310104,7890752.000000,1757428200.0
1757428200.0,236.309998,236.679993,235.779999,236.225006,4277475.000000,1757431800.0
1757431800.0,236.229996,236.259995,235.550003,236.000000,4300130.000000,1757435400.0
1757435400.0,236.000000,238.780502,235.824997,237.750000,9674704.000000,1757439000.0
1757439000.0,237.759995,238.100006,233.669998,234.528595,16074676.000000,1757442600.0
1757442600.0,234.550003,234.690002,233.369995,234.309998,9544618.000000,1757446200.0
1757446200.0,234.309998,234.634995,233.514999,234.350006,6317179.000000,1757449800.0
1757511000.0,232.024994,232.339996,227.550003,228.108002,22167235.000000,1757514600.0
1757514600.0,228.110001,228.346405,227.020004,227.039993,11560546.000000,1757518200.0
1757518200.0,227.039993,228.054993,226.240097,227.738602,10156861.000000,1757521800.0
1757521800.0,227.744995,227.789902,226.619995,226.804993,6579251.000000,1757525400.0
1757525400.0,226.800003,227.085007,226.350006,227.059998,6214643.000000,1757529000.0
1757529000.0,227.054993,227.350006,226.179993,226.184998,6166050.000000,1757532600.0
1757532600.0,226.184998,227.100006,225.952194,226.779999,7727491.000000,1757536200.0
1757597400.0,226.875000,229.184998,226.649994,228.940002,13821091.000000,1757601000.0
1757601000.0,228.940002,229.320007,228.320206,228.740005,249794.000000,1757604600.0
1757604600.0,228.750000,228.779999,228.029999,228.610001,9985902.000000,1757608200.0
1757608200.0,228.600006,229.539993,228.309998,229.472504,3516399.000000,1757611800.0
1757611800.0,229.470001,230.160004,229.179993,229.460007,4663505.000000,1757615400.0
1757615400.0,229.464996,230.150803,229.410004,229.850006,3884806.000000,1757619000.0
1757619000.0,229.839996,230.449997,229.835007,230.020004,5627999.000000,1757622600.0
1757683800.0,230.000000,234.078003,229.020004,234.070007,14988292.000000,1757687400.0
1757687400.0,234.080002,234.509995,233.360001,234.095001,8044876.000000,1757691000.0
1757691000.0,234.089996,234.490005,233.621002,233.969406,4710781.000000,1757694600.0
1757694600.0,233.963699,233.964996,233.000000,233.235001,4969404.000000,1757698200.0
1757698200.0,233.220001,233.869995,233.218506,233.539993,3203879.000000,1757701800.0
1757701800.0,233.539993,234.449997,233.029999,233.775497,6970851.000000,1757705400.0
1757705400.0,233.779999,234.289993,233.509995,234.059998,5874733.000000,1757709000.0
1757943000.0,237.000000,238.190002,235.029999,236.214996,14134217.000000,1757946600.0
1757946600.0,236.210007,237.020004,235.660004,236.820007,4993166.000000,1757950200.0
1757950200.0,236.815002,237.300003,236.470001,236.570007,3686503.000000,1757953800.0
1757953800.0,236.564896,236.590500,235.699997,235.759995,2964448.000000,1757957400.0
1757957400.0,235.750000,236.139999,235.580002,235.639999,2953754.000000,1757961000.0
1757961000.0,235.634995,236.339996,235.270004,235.970001,3570486.000000,1757964600.0
1757964600.0,235.970001,236.789993,235.679993,236.759995,4732529.000000,1757968200.0
1758029400.0,237.179993,241.220001,236.323502,239.529999,20581571.000000,1758033000.0
1758033000.0,239.529999,239.850006,238.244995,239.592896,7412526.000000,1758036600.0
1758036600.0,239.580093,239.580093,238.464996,239.195007,5301755.000000,1758040200.0
1758040200.0,239.199997,239.399994,238.899994,239.085602,3213378.000000,1758043800.0
1758043800.0,239.100006,239.110001,238.130005,238.929993,4262186.000000,1758047400.0
1758047400.0,238.940002,239.600006,238.809998,238.938293,4748875.000000,1758051000.0
1758051000.0,238.940002,239.419998,238.080093,238.139999,5869621.000000,1758054600.0
1758115800.0,238.970001,240.100006,238.789993,239.630005,9926684.000000,1758119400.0
1758119400.0,239.639999,240.009995,239.199997,239.479996,4002310.000000,1758123000.0
1758123000.0,239.485001,239.779999,239.279999,239.674301,3170671.000000,1758126600.0
1758126600.0,239.679993,239.770004,239.350006,239.520004,2892623.000000,1758130200.0
1758130200.0,239.520004,239.820007,238.449997,239.559998,4570049.000000,1758133800.0
1758133800.0,239.550003,239.630005,237.730103,239.262894,5910219.000000,1758137400.0
1758137400.0,239.270004,239.279999,238.479996,238.970001,4226195.000000,1758141000.0
1758202200.0,239.949997,241.199997,236.649994,237.559998,11453464.000000,1758205800.0
1758205800.0,237.565002,238.794998,237.315002,238.190002,4587899.000000,1758209400.0
1758209400.0,238.210007,238.539993,237.350006,237.940002,3609143.000000,1758213000.0
1758213000.0,237.949997,238.199997,237.639999,237.880005,3556108.000000,1758216600.0
1758216600.0,237.869995,238.100006,237.210205,237.801804,3010288.000000,1758220200.0
1758220200.0,237.809998,237.946396,237.250107,237.449997,3540701.000000,1758223800.0
1758223800.0,237.455002,238.110001,237.434998,237.850006,4049383.000000,1758227400.0
1758288600.0,241.175003,242.589996,240.210602,241.149994,26772067.000000,1758292200.0
1758292200.0,241.149994,243.160004,241.059998,242.279999,10143358.000000,1758295800.0
1758295800.0,242.273697,244.569107,242.049194,244.520004,9031105.000000,1758299400.0
1758299400.0,244.512497,245.919998,244.268707,245.243805,12269832.000000,1758303000.0
1758303000.0,245.240005,246.269897,244.899994,245.488495,9746967.000000,1758306600.0
1758306600.0,245.485001,246.100006,245.190994,245.610001,7490411.000000,1758310200.0
1758310200.0,245.600006,246.300003,244.740005,245.289993,12986528.000000,1758313800.0
1758547800.0,248.339996,252.735001,248.169998,252.671600,27825122.000000,1758551400.0
1758551400.0,252.660004,256.079987,252.080002,255.789795,16983776.000000,1758555000.0
1758555000.0,255.770004,256.630005,253.580002,253.720001,16047694.000000,1758558600.0
1758558600.0,253.729996,254.729996,253.160004,254.592896,8453992.000000,1758562200.0
1758562200.0,254.580002,255.259995,253.899994,255.240005,5242129.000000,1758565800.0
1758565800.0,255.244995,256.059998,254.734695,255.789993,8214973.000000,1758569400.0
1758569400.0,255.804993,256.260010,255.615005,256.089996,9091926.000000,1758573000.0
1758634200.0,255.875000,257.339996,255.279999,256.617310,11263642.000000,1758637800.0
1758637800.0,256.609985,256.700012,255.009995,256.100006,5490061.000000,1758641400.0
1758641400.0,256.130005,256.209991,255.350006,255.726898,3232527.000000,1758645000.0
1758645000.0,255.720093,255.850006,254.399994,254.669998,2847437.000000,1758648600.0
1758648600.0,254.660004,254.960999,253.929993,254.639999,3617163.000000,1758652200.0
1758652200.0,254.639999,254.839996,253.589996,254.169907,17356326.000000,1758655800.0
1758655800.0,254.160004,254.529999,253.669998,254.529999,5076635.000000,1758659400.0
1758720600.0,255.220001,255.729996,252.080002,252.621994,6502958.000000,1758724200.0
1758724200.0,252.625000,252.990005,251.539993,252.119995,3291728.000000,1758727800.0
1758727800.0,252.119995,252.259995,251.039993,252.164993,3045221.000000,1758731400.0
1758731400.0,252.171402,252.259995,251.339996,251.490005,1637321.000000,1758735000.0
1758735000.0,251.514999,252.110001,251.279999,251.764999,1622724.000000,1758738600.0
1758738600.0,251.750000,251.789993,251.240005,251.389999,1680916.000000,1758742200.0
1758742200.0,251.389999,252.490005,251.289993,252.240005,2697400.000000,1758745800.0
1758807000.0,253.205002,254.289993,251.712006,254.000000,8503081.000000,1758810600.0
1758810600.0,254.000107,254.138794,253.029999,253.500107,3154957.000000,1758814200.0
1758814200.0,253.500107,253.910004,252.300003,252.530304,2473004.000000,1758817800.0
1758817800.0,252.539993,253.880005,252.500000,253.500000,2502302.000000,1758821400.0
1758821400.0,253.490005,254.589996,252.850006,254.559998,2634795.000000,1758825000.0
1758825000.0,254.550003,257.170013,254.229996,256.959991,7107739.000000,1758828600.0
1758828600.0,256.950012,257.109985,255.419998,256.940002,4610669.000000,1758832200.0
1758893400.0,254.130005,256.600006,253.779999,255.020004,8034498.000000,1758897000.0
1758897000.0,255.020004,255.990005,254.571198,255.970093,3714841.000000,1758900600.0
1758900600.0,255.970001,256.040009,254.860001,255.664993,2276774.000000,1758904200.0
1758904200.0,255.660004,256.975006,255.479996,256.519989,2086042.000000,1758907800.0
1758907800.0,256.519989,257.359985,255.860001,256.554993,2653513.000000,1758911400.0
1758911400.0,256.565002,256.729889,255.490005,255.645004,2089315.000000,1758915000.0
1758915000.0,255.639999,255.649796,254.899994,255.460007,3021515.000000,1758918600.0
1759152600.0,254.639999,254.789993,253.009995,254.219894,6306062.000000,1759156200.0
1759156200.0,254.205002,254.240005,253.309998,253.470001,2834864.000000,1759159800.0
1759159800.0,253.466507,254.070007,253.119995,253.660004,2275242.000000,1759163400.0
1759163400.0,253.669998,253.779907,253.210007,253.399994,1744854.000000,1759167000.0
1759167000.0,253.389999,254.615005,253.130005,254.570007,2297052.000000,1759170600.0
1759170600.0,254.570007,254.600006,253.610001,253.990005,2057798.000000,1759174200.0
1759174200.0,253.990005,254.830002,253.940002,254.350006,2513071.000000,1759177800.0
1759239000.0,254.824997,255.919006,253.960007,254.886200,5093340.000000,1759242600.0
1759242600.0,254.910004,255.675003,253.820099,254.220001,2465164.000000,1759246200.0
1759246200.0,254.210007,254.970001,254.160095,254.535095,1531480.000000,1759249800.0
1759249800.0,254.550598,254.669998,253.311707,253.735001,1623333.000000,1759253400.0
1759253400.0,253.759995,253.990005,253.110001,253.339996,1664288.000000,1759257000.0
1759257000.0,253.339996,254.240005,253.270996,253.949997,2061307.000000,1759260600.0
1759260600.0,253.960007,255.179993,253.809998,254.559998,3030681.000000,1759264200.0
1759325400.0,255.039993,258.790009,254.949997,256.161407,9677443.000000,1759329000.0
1759329000.0,256.179993,256.259003,255.100006,255.524506,2972074.000000,1759332600.0
1759332600.0,255.530106,256.920013,255.509995,256.160004,2338742.000000,1759336200.0
1759336200.0,256.163605,256.829803,255.854996,256.140411,1826687.000000,1759339800.0
1759339800.0,256.165009,256.685913,256.059998,256.484985,10115926.000000,1759343400.0
1759343400.0,256.480011,256.940002,255.869995,255.940002,2751615.000000,1759347000.0
1759347000.0,255.940002,256.140015,255.279999,255.410004,4879162.000000,1759350600.0
1759411800.0,256.589996,257.234985,254.149994,256.220093,11570169.000000,1759415400.0
1759415400.0,256.230011,257.640015,255.970001,257.165009,4800305.000000,1759419000.0
1759419000.0,257.149994,258.179993,256.721008,257.345001,4388406.000000,1759422600.0
1759422600.0,257.345001,257.822601,257.113892,257.410004,2290319.000000,1759426200.0
1759426200.0,257.390015,257.910004,257.029999,257.880005,2476632.000000,1759429800.0
1759429800.0,257.869995,258.160004,257.375000,257.510010,4612702.000000,1759433400.0
1759433400.0,257.510010,257.875000,256.880005,257.140015,5100991.000000,1759437000.0
1759498200.0,254.664993,259.040009,253.960007,257.850006,16311886.000000,1759501800.0
1759501800.0,257.859985,258.739990,257.519989,258.510010,4452948.000000,1759505400.0
1759505400.0,258.493011,259.239990,258.257111,258.548706,4828730.000000,1759509000.0
1759509000.0,258.540009,258.929993,258.119995,258.309998,3408741.000000,1759512600.0
1759512600.0,258.299988,258.589996,256.959991,258.369995,5459239.000000,1759516200.0
1759516200.0,258.369995,258.584991,257.850006,257.920013,3050327.000000,1759519800.0
1759519800.0,257.920013,258.260010,257.403503,258.015015,4468054.000000,1759523400.0
1759757400.0,257.945007,259.070007,255.050003,257.779999,11669158.000000,1759761000.0
1759761000.0,257.799988,257.980011,257.279999,257.551300,3447400.000000,1759764600.0
1759764600.0,257.565002,257.670013,256.769989,257.130005,3501833.000000,1759768200.0
1759768200.0,257.130005,257.480011,256.130493,256.559998,2877222.000000,1759771800.0
1759771800.0,256.549988,256.681213,255.500000,256.184998,5922536.000000,1759775400.0
1759775400.0,256.180206,256.660004,256.065002,256.510010,2693724.000000,1759779000.0
1759779000.0,256.510010,257.250000,256.459991,256.649994,3577742.000000,1759782600.0
1759843800.0,256.820007,257.399994,256.279999,256.679993,6425357.000000,1759847400.0
1759847400.0,256.670013,257.107910,255.600006,256.378998,4531854.000000,1759851000.0
1759851000.0,256.390015,256.849792,255.889999,256.338409,3693772.000000,1759854600.0
1759854600.0,256.329987,256.660004,255.754303,255.889999,2335693.000000,1759858200.0
1759858200.0,255.860001,256.149994,255.429993,256.069885,2294433.000000,1759861800.0
1759861800.0,256.070007,256.301514,255.910095,256.019989,2361474.000000,1759865400.0
1759865400.0,256.019989,256.619995,255.919998,256.489990,3978516.000000,1759869000.0
1759930200.0,256.529999,258.190002,256.109985,257.839996,8459277.000000,1759933800.0
1759933800.0,257.859985,258.454987,257.200012,258.040009,4427277.000000,1759937400.0
1759937400.0,258.054993,258.519989,257.559998,258.200012,2832234.000000,1759941000.0
1759941000.0,258.190002,258.325012,257.625000,257.924988,2099955.000000,1759944600.0
1759944600.0,257.924988,258.200012,257.649994,257.915009,2280625.000000,1759948200.0
1759948200.0,257.899994,258.429993,257.739990,258.250000,2564469.000000,1759951800.0
1759951800.0,258.239990,258.489990,257.880005,258.029999,4214118.000000,1759955400.0
1760016600.0,257.899994,258.000000,254.774994,254.919998,8679018.000000,1760020200.0
1760020200.0,254.908005,255.223007,254.570007,254.639999,4040438.000000,1760023800.0
1760023800.0,254.619995,254.759995,253.750000,253.990005,4627197.000000,1760027400.0
1760027400.0,254.000000,254.050003,253.179993,253.399994,2685602.000000,1760031000.0
1760031000.0,253.395004,253.860001,253.140198,253.434998,2427698.000000,1760034600.0
1760034600.0,253.419998,254.115005,253.320007,253.779999,3837383.000000,1760038200.0
1760038200.0,253.774994,254.470001,253.559998,254.029999,4519796.000000,1760041800.0
1760103000.0,255.039993,256.380005,254.429993,255.020599,7268562.000000,1760106600.0
1760106600.0,255.039993,255.339996,248.919998,249.119995,10177254.000000,1760110200.0
1760110200.0,249.100006,250.029999,247.759995,248.610001,7499781.000000,1760113800.0
1760113800.0,248.589996,249.059998,247.059998,247.809998,4394995.000000,1760117400.0
1760117400.0,247.770004,248.570007,247.080002,247.160004,4882982.000000,1760121000.0
1760121000.0,247.137100,247.309998,245.815002,246.164993,5426839.000000,1760124600.0
1760124600.0,246.169998,246.990005,244.570007,245.279999,8519891.000000,1760128200.0
1760362200.0,249.380005,249.490005,245.559998,246.376007,9359382.000000,1760365800.0
1760365800.0,246.369995,248.659897,246.229996,248.590302,5816790.000000,1760369400.0
1760369400.0,248.619995,249.619995,248.360001,249.179993,3115587.000000,1760373000.0
1760373000.0,249.169998,249.689301,248.550003,249.104202,2298264.000000,1760376600.0
1760376600.0,249.089996,249.320007,248.688004,249.146194,2175748.000000,1760380200.0
1760380200.0,249.139999,249.240005,248.130005,248.320007,2310709.000000,1760383800.0
1760383800.0,248.320007,248.589996,247.330002,247.589996,3786722.000000,1760387400.0
1760448600.0,246.615005,247.229996,244.699997,247.020004,6901149.000000,1760452200.0
1760452200.0,247.000000,247.749893,246.119995,246.214005,3292430.000000,1760455800.0
1760455800.0,246.229996,247.750000,246.169998,247.389999,2724013.000000,1760459400.0
1760459400.0,247.389999,248.035400,247.384995,247.798004,2048766.000000,1760463000.0
1760463000.0,247.809998,247.820007,247.179993,247.485001,2132596.000000,1760466600.0
1760466600.0,247.490005,248.750000,247.144394,248.419998,3822730.000000,1760470200.0
1760470200.0,248.429993,248.845001,246.729996,247.850006,4482259.000000,1760473800.0
1760535000.0,249.380005,251.820007,248.639999,250.850006,8163531.000000,1760538600.0
1760538600.0,250.869995,251.469193,249.800003,249.859894,3430819.000000,1760542200.0
1760542200.0,249.820007,250.049698,248.720001,249.774994,2879510.000000,1760545800.0
1760545800.0,249.779999,249.949905,247.479996,248.090500,2290291.000000,1760549400.0
1760549400.0,248.104996,249.800003,248.050003,249.647003,1934212.000000,1760553000.0
1760553000.0,249.649994,250.100006,249.479996,249.919998,2139459.000000,1760556600.0
1760556600.0,249.929993,250.070007,248.169998,249.429993,4229173.000000,1760560200.0
1760621400.0,248.270004,248.380005,246.619995,247.509995,9564057.000000,1760625000.0
1760625000.0,247.490005,249.039993,247.481705,248.235001,4826932.000000,1760628600.0
1760628600.0,248.169998,248.663101,247.035004,247.720001,3305994.000000,1760632200.0
1760632200.0,247.700104,247.750000,246.039993,247.220001,4045208.000000,1760635800.0
1760635800.0,247.220001,247.419998,245.259995,245.660004,3995746.000000,1760639400.0
1760639400.0,245.639999,247.020004,245.130005,246.550003,3603265.000000,1760643000.0
1760643000.0,246.559998,247.910004,246.350006,247.429993,3734949.000000,1760646600.0
1760707800.0,248.020004,250.320007,247.270004,249.560104,11142993.000000,1760711400.0
1760711400.0,249.643997,249.860001,248.229996,248.479996,3459331.000000,1760715000.0
1760715000.0,248.479996,250.350006,248.097198,250.296494,4277714.000000,1760718600.0
1760718600.0,250.293304,251.360001,250.275208,250.815002,6063960.000000,1760722200.0
1760722200.0,250.800003,252.535004,250.244995,252.300003,3952984.000000,1760725800.0
1760725800.0,252.282394,252.820007,251.699997,252.759995,3982655.000000,1760729400.0
1760729400.0,252.750000,253.380005,252.119995,252.300003,7247788.000000,1760733000.0
1760967000.0,255.884995,259.869995,255.630005,259.505005,19526731.000000,1760970600.0
1760970600.0,259.489990,263.549988,259.070007,262.570007,20690049.000000,1760974200.0
1760974200.0,262.549988,264.375000,262.417511,263.489990,13764809.000000,1760977800.0
1760977800.0,263.480011,264.209991,262.649994,263.165009,8089517.000000,1760981400.0
1760981400.0,263.179993,263.829987,262.790009,263.730011,4756799.000000,1760985000.0
1760985000.0,263.739990,263.809998,263.040009,263.420013,5423277.000000,1760988600.0
1760988600.0,263.440002,263.850006,261.929993,262.230011,8021467.000000,1760992200.0
1761053400.0,261.880005,265.290009,261.880005,263.499908,17003580.000000,1761057000.0
1761057000.0,263.459991,263.829987,262.510010,263.661987,4721265.000000,1761060600.0
1761060600.0,263.670013,264.535004,263.080109,263.170013,5514253.000000,1761064200.0
1761064200.0,263.160004,263.679901,262.847504,263.326508,2671606.000000,1761067800.0
1761067800.0,263.325806,264.049988,262.149994,263.449890,3718095.000000,1761071400.0
1761071400.0,263.449585,263.738190,262.950012,263.084991,3430980.000000,1761075000.0
1761075000.0,263.095001,263.209991,262.470001,262.839996,3493018.000000,1761078600.0
1761139800.0,262.790009,262.850006,259.720001,260.049896,9155667.000000,1761143400.0
1761143400.0,260.000000,261.130005,257.640106,258.429901,5930214.000000,1761147000.0
1761147000.0,258.450012,259.489990,258.049988,258.549988,3763921.000000,1761150600.0
1761150600.0,258.549988,258.769989,256.299988,256.691406,4679141.000000,1761154200.0
1761154200.0,256.670013,257.079803,255.429993,256.550995,4221043.000000,1761157800.0
1761157800.0,256.549988,257.679993,256.140015,257.510010,3195141.000000,1761161400.0
1761161400.0,257.519989,258.809998,257.429993,258.429993,4263522.000000,1761165000.0
1761226200.0,259.890015,260.179901,258.010101,259.479889,6251007.000000,1761229800.0
1761229800.0,259.420013,259.679993,258.730011,259.399994,2852790.000000,1761233400.0
1761233400.0,259.399994,260.619904,259.083405,260.040009,3168121.000000,1761237000.0
1761237000.0,260.049988,260.549988,259.519989,259.859985,2574209.000000,1761240600.0
1761240600.0,259.880005,260.424988,259.829987,259.970001,3320192.000000,1761244200.0
1761244200.0,259.970001,260.019989,259.619995,259.899994,2237171.000000,1761247800.0
1761247800.0,259.910004,260.049988,259.079987,259.579987,3143856.000000,1761251400.0
1761312600.0,261.190002,261.619995,259.179993,260.941406,7287527.000000,1761316200.0
1761316200.0,260.940002,263.359985,260.790009,263.279999,5490920.000000,1761319800.0
1761319800.0,263.290009,264.029999,262.950012,263.579987,4458666.000000,1761323400.0
1761323400.0,263.589996,263.709991,262.850006,263.609985,2930456.000000,1761327000.0
1761327000.0,263.609985,264.130005,263.410004,264.019989,2843868.000000,1761330600.0
1761330600.0,264.024994,264.100006,263.149994,263.500000,3187549.000000,1761334200.0
1761334200.0,263.510010,263.660004,262.130005,262.739990,4742484.000000,1761337800.0
1761571800.0,264.880005,267.049988,264.650085,265.730011,9319511.000000,1761575400.0
1761575400.0,265.739990,266.420013,265.195007,265.709991,4050852.000000,1761579000.0
1761579000.0,265.709991,266.089996,265.049988,265.929993,3517895.000000,1761582600.0
1761582600.0,265.940002,266.125000,265.510010,265.619995,3331147.000000,1761586200.0
1761586200.0,265.630005,266.015015,265.510010,265.595001,2171755.000000,1761589800.0
1761589800.0,265.589996,267.399994,265.470001,267.274994,4259189.000000,1761593400.0
1761593400.0,267.269989,269.079987,267.209991,268.739990,6996092.000000,1761597000.0
1761658200.0,269.135010,269.869995,268.250000,268.649994,11832766.000000,1761661800.0
1761661800.0,268.642303,269.140015,268.149994,268.697205,3550384.000000,1761665400.0
1761665400.0,268.695007,269.075806,268.350006,268.994995,2758052.000000,1761669000.0
1761669000.0,268.980011,269.869995,268.820007,269.494995,3503864.000000,1761672600.0
1761672600.0,269.494995,269.494995,268.799988,269.090210,3181670.000000,1761676200.0
1761676200.0,269.105011,269.440002,268.779999,269.200012,4120349.000000,1761679800.0
1761679800.0,269.200012,269.355011,268.600006,269.029999,5339653.000000,1761683400.0
1761744600.0,269.274994,271.410004,268.700012,270.420013,10209230.000000,1761748200.0
1761748200.0,270.410004,270.445007,267.512207,267.630005,6247839.000000,1761751800.0
1761751800.0,267.609985,268.859985,267.109985,268.619995,4595121.000000,1761755400.0
1761755400.0,268.602997,269.930115,268.470093,269.930115,3066081.000000,1761759000.0
1761759000.0,269.890015,270.850006,269.790009,270.809998,4963178.000000,1761762600.0
1761762600.0,270.785004,270.929993,268.260010,268.309998,5156103.000000,1761766200.0
1761766200.0,268.320007,270.380005,267.799988,269.730011,4325904.000000,1761769800.0
1761831000.0,271.989990,274.140015,268.989990,269.089996,8387840.000000,1761834600.0
1761834600.0,269.089996,271.170013,268.480011,270.790009,3886744.000000,1761838200.0
1761838200.0,270.779999,272.390015,270.263092,272.010010,3869786.000000,1761841800.0
1761841800.0,272.000000,272.067810,271.040009,271.950012,2409548.000000,1761845400.0
1761845400.0,271.950012,272.299988,271.279999,271.750000,3435055.000000,1761849000.0
1761849000.0,271.760010,272.007996,270.994995,271.339996,3831349.000000,1761852600.0
1761852600.0,271.339996,271.670013,271.049988,271.260010,5175619.000000,1761856200.0
1761917400.0,276.989990,277.320007,269.160004,270.380005,17228178.000000,1761921000.0
1761921000.0,270.429993,271.559906,270.100098,271.299988,4595066.000000,1761924600.0
1761924600.0,271.299896,272.858490,270.220001,272.434998,4301242.000000,1761928200.0
1761928200.0,272.429993,273.170013,270.149994,270.348785,4005527.000000,1761931800.0
1761931800.0,270.329987,272.059906,270.109985,271.809998,2396660.000000,1761935400.0
1761935400.0,271.790009,272.174988,271.269989,272.105011,2901733.000000,1761939000.0
1761939000.0,272.130005,272.649994,269.959991,270.250000,6600568.000000,1761942600.0
1762180200.0,270.420013,270.829987,266.250000,267.630005,10223517.000000,1762183800.0
1762183800.0,267.640015,268.259888,266.500000,266.640015,3102546.000000,1762187400.0
1762187400.0,266.659912,268.149994,266.522308,267.535004,2821699.000000,1762191000.0
1762191000.0,267.519989,268.000000,267.250000,267.678009,2034109.000000,1762194600.0
1762194600.0,267.709900,268.619995,267.309998,267.309998,2075268.000000,1762198200.0
1762198200.0,267.320007,267.790009,266.910004,267.619995,2243434.000000,1762201800.0
1762201800.0,267.630005,269.109985,267.459991,269.059998,3383138.000000,1762205400.0
1762266600.0,268.242493,269.589996,267.614990,268.429993,9645778.000000,1762270200.0
1762270200.0,268.429993,271.000000,267.709991,270.609985,3278354.000000,1762273800.0
1762273800.0,270.640015,271.485992,268.980011,270.010010,3846826.000000,1762277400.0
1762277400.0,270.005005,270.929993,269.890015,270.638397,2072453.000000,1762281000.0
1762281000.0,270.609985,270.820007,269.869995,270.510406,2562532.000000,1762284600.0
1762284600.0,270.529999,270.609985,269.279999,270.090515,2594188.000000,1762288200.0
1762288200.0,270.100006,270.404999,269.500000,270.010010,3522552.000000,1762291800.0
1762353000.0,268.589996,269.589905,266.929993,269.010101,7995553.000000,1762356600.0
1762356600.0,268.989990,270.380005,268.760010,270.290009,2169435.000000,1762360200.0
1762360200.0,270.279999,270.470001,269.500000,269.970001,1631841.000000,1762363800.0
1762363800.0,269.970001,270.790009,269.929993,270.119995,1426592.000000,1762367400.0
1762367400.0,270.109985,271.700012,269.769989,270.429993,2651761.000000,1762371000.0
1762371000.0,270.410004,271.500000,269.529999,269.600006,2282746.000000,1762374600.0
1762374600.0,269.609985,270.399994,268.994995,270.109985,3567904.000000,1762378200.0
1762439400.0,267.890015,272.820007,267.890015,272.820007,6762187.000000,1762443000.0
1762443000.0,272.828003,273.399994,271.550110,272.181488,5580072.000000,1762446600.0
1762446600.0,272.179993,272.220001,270.390015,271.424988,3198033.000000,1762450200.0
1762450200.0,271.420013,272.469788,270.920013,271.350006,2621839.000000,1762453800.0
1762453800.0,271.369995,272.160004,271.020386,271.990112,1783486.000000,1762457400.0
1762457400.0,272.005005,272.200012,270.734985,271.209991,2198935.000000,1762461000.0
1762461000.0,271.200012,271.520203,269.595001,269.640015,3825533.000000,1762464600.0
1762525800.0,269.795013,272.290009,267.269989,271.579987,7855390.000000,1762529400.0
1762529400.0,271.559998,271.970001,269.480011,269.529999,3991205.000000,1762533000.0
1762533000.0,269.519989,269.890015,268.320007,269.109985,3276263.000000,1762536600.0
1762536600.0,269.114990,269.140015,268.058807,268.450012,2041690.000000,1762540200.0
1762540200.0,268.450012,268.660004,267.095001,267.250000,2217548.000000,1762543800.0
1762543800.0,267.260010,268.500000,266.779999,267.759888,3921327.000000,1762547400.0
1762547400.0,267.760010,268.579987,267.690002,268.420013,3271221.000000,1762551000.0
1762785000.0,268.950012,273.730011,268.950012,271.856995,7030981.000000,1762788600.0
1762788600.0,271.829987,271.989990,269.049988,269.066406,3083676.000000,1762792200.0
1762792200.0,269.040009,269.758789,268.489990,269.079987,2346213.000000,1762795800.0
1762795800.0,269.070007,270.230011,269.010010,269.730011,1807442.000000,1762799400.0
1762799400.0,269.709991,270.307709,267.454987,269.660004,3188667.000000,1762803000.0
1762803000.0,269.630005,269.809998,269.049988,269.118591,2248210.000000,1762806600.0
1762806600.0,269.100006,269.600006,268.760010,269.359985,2892894.000000,1762810200.0
1762871400.0,269.809998,274.739990,269.799988,274.100006,9244708.000000,1762875000.0
1762875000.0,274.100006,274.346100,272.429993,272.500000,3452496.000000,1762878600.0
1762878600.0,272.510010,273.614990,271.779999,273.315002,2525614.000000,1762882200.0
1762882200.0,273.329987,274.700012,273.029999,274.480011,2634766.000000,1762885800.0
1762885800.0,274.489990,275.660004,274.160004,275.320007,3455305.000000,1762889400.0
1762889400.0,275.329987,275.760010,275.049988,275.250000,2653431.000000,1762893000.0
1762893000.0,275.239990,275.845001,274.799988,275.299988,4039818.000000,1762896600.0
1762957800.0,275.075012,275.239990,271.869995,272.940002,10718425.000000,1762961400.0
1762961400.0,272.910004,274.609985,272.549988,274.600006,3328165.000000,1762965000.0
1762965000.0,274.589996,274.850006,273.725006,274.390015,2104341.000000,1762968600.0
1762968600.0,274.380005,275.140015,274.119995,274.980011,1642127.000000,1762972200.0
1762972200.0,274.989990,275.730011,274.429993,274.450012,2013567.000000,1762975800.0
1762975800.0,274.450012,274.690002,273.500000,274.049988,2059500.000000,1762979400.0
1762979400.0,274.049988,274.399994,272.970001,273.399994,3569522.000000,1762983000.0
1763044200.0,274.269989,276.699005,273.290009,273.709991,10014720.000000,1763047800.0
1763047800.0,273.700104,274.190002,272.179993,274.037109,3931506.000000,1763051400.0
1763051400.0,274.029999,274.489899,272.459991,272.859985,2339844.000000,1763055000.0
1763055000.0,272.839996,273.320007,272.500000,272.570099,1922883.000000,1763058600.0
1763058600.0,272.559998,273.850006,272.100006,273.529999,3060900.000000,1763062200.0
1763062200.0,273.535004,273.690002,272.545013,273.039612,2603044.000000,1763065800.0
1763065800.0,273.029999,273.600006,272.500000,273.040009,3833036.000000,1763069400.0
1763130600.0,271.049988,273.890015,269.600006,273.759186,10617822.000000,1763134200.0
1763134200.0,273.769989,274.649994,273.200012,274.649994,3569903.000000,1763137800.0
1763137800.0,274.644989,275.920013,273.549988,275.704987,4251993.000000,1763141400.0
1763141400.0,275.709991,275.958313,274.230011,274.584991,1963757.000000,1763145000.0
1763145000.0,274.570007,274.760010,273.839996,273.959991,1593851.000000,1763148600.0
1763148600.0,273.970001,274.250000,272.890015,272.989990,2106336.000000,1763152200.0
1763152200.0,272.970001,273.260010,272.170013,272.549988,3210889.000000,1763155800.0
1763389800.0,268.720001,270.489990,267.000000,269.279999,8509806.000000,1763393400.0
1763393400.0,269.230011,269.390015,266.649994,267.879913,3379761.000000,1763397000.0
1763397000.0,267.850006,269.549988,267.820007,268.920013,2089997.000000,1763400600.0
1763400600.0,268.940002,269.350006,267.440002,267.779999,1923442.000000,1763404200.0
1763404200.0,267.769989,268.339996,266.859985,267.290009,2030991.000000,1763407800.0
1763407800.0,267.295013,267.380005,265.730011,266.440002,2737988.000000,1763411400.0
1763411400.0,266.440002,267.579987,266.190002,267.459991,3487816.000000,1763415000.0
1763476200.0,269.915009,270.704987,265.320007,267.649994,8219985.000000,1763479800.0
1763479800.0,267.665009,268.119995,266.028015,267.839996,3521812.000000,1763483400.0
1763483400.0,267.839996,268.338013,267.140015,267.165009,2742457.000000,1763487000.0
1763487000.0,267.160004,268.929993,266.429993,268.450012,2282519.000000,1763490600.0
1763490600.0,268.450012,269.220001,267.959991,268.034485,2176560.000000,1763494200.0
1763494200.0,268.049988,268.924988,267.679993,268.280212,2115137.000000,1763497800.0
1763497800.0,268.299988,268.429993,267.329987,267.510010,3127789.000000,1763501400.0
1763562600.0,265.524994,272.209991,265.500000,271.850006,6778562.000000,1763566200.0
1763566200.0,271.850098,272.010010,269.320099,269.730011,2792346.000000,1763569800.0
1763569800.0,269.750000,270.654999,269.529999,270.399994,2001030.000000,1763573400.0
1763573400.0,270.459991,271.309998,269.619995,270.029999,2049762.000000,1763577000.0
1763577000.0,270.010010,271.010010,269.630005,269.670013,1644126.000000,1763580600.0
1763580600.0,269.670013,270.734985,269.170013,270.035004,2137859.000000,1763584200.0
1763584200.0,270.000000,270.329987,268.140015,268.549988,3516386.000000,1763587800.0
1763649000.0,270.809998,275.429993,270.809998,273.904999,7869887.000000,1763652600.0
1763652600.0,273.910004,274.730011,271.619995,271.779999,2856925.000000,1763656200.0
1763656200.0,271.779999,271.779999,268.049988,268.940002,4056106.000000,1763659800.0
1763659800.0,268.869995,269.250000,267.020111,268.809998,2981937.000000,1763663400.0
1763663400.0,268.790009,268.929993,266.359985,267.795013,2392389.000000,1763667000.0
1763667000.0,267.779999,267.910004,267.000000,267.320007,2094448.000000,1763670600.0
1763670600.0,267.320007,267.579987,265.920013,266.380005,3489586.000000,1763674200.0
1763735400.0,265.880005,270.450012,265.820007,269.850006,10658658.000000,1763739000.0
1763739000.0,269.790009,271.470001,269.220001,270.899994,4761138.000000,1763742600.0
1763742600.0,270.890015,271.119995,269.809998,270.549988,2949033.000000,1763746200.0
1763746200.0,270.630005,271.600006,270.200012,270.980011,2023820.000000,1763749800.0
1763749800.0,270.980011,273.315002,270.864990,272.609985,3562846.000000,1763753400.0
1763753400.0,272.575012,273.279999,271.350006,271.369995,3135966.000000,1763757000.0
1763757000.0,271.350006,272.130005,270.589996,271.500000,4300075.000000,1763760600.0
1763994600.0,270.899994,275.920013,270.899994,273.095001,7995693.000000,1763998200.0
1763998200.0,273.079987,275.389587,272.649994,275.000000,3612728.000000,1764001800.0
1764001800.0,274.970001,275.269989,274.440002,274.850006,2583089.000000,1764005400.0
1764005400.0,274.850006,276.510010,274.750000,276.119995,3404232.000000,1764009000.0
1764009000.0,276.119995,276.450012,275.850006,276.219513,2440121.000000,1764012600.0
1764012600.0,276.230011,276.654999,275.355011,276.475006,2989562.000000,1764016200.0
1764016200.0,276.470001,276.980011,275.109985,275.980011,4904039.000000,1764019800.0
1764081000.0,275.299988,280.380005,275.269989,278.904999,9723608.000000,1764084600.0
1764084600.0,278.890015,279.630005,277.779999,277.829987,2840433.000000,1764088200.0
1764088200.0,277.820007,279.309998,277.500000,279.070099,2504679.000000,1764091800.0
1764091800.0,279.089996,279.369995,278.230011,278.760010,1925113.000000,1764095400.0
1764095400.0,278.765015,278.779999,277.790009,278.035004,1727727.000000,1764099000.0
1764099000.0,278.040009,278.144989,277.497498,277.565002,1909795.000000,1764102600.0
1764102600.0,277.559998,278.000000,276.859985,276.950012,2448205.000000,1764106200.0
1764167400.0,276.959991,279.047485,276.630005,277.809998,5086107.000000,1764171000.0
1764171000.0,277.790009,279.140015,276.809998,279.010101,2510611.000000,1764174600.0
1764174600.0,279.029999,279.529999,278.869995,279.079010,2586354.000000,1764178200.0
1764178200.0,279.070007,279.290009,278.095001,278.549988,1871279.000000,1764181800.0
1764181800.0,278.559998,278.581787,277.924988,278.260010,1426945.000000,1764185400.0
1764185400.0,278.260101,278.940002,278.010010,278.079987,1953254.000000,1764189000.0
1764189000.0,278.070007,278.299988,277.149994,277.470001,9116002.000000,1764192600.0
1764340200.0,277.260010,278.239197,276.019989,276.260010,4040463.000000,1764343800.0
1764343800.0,276.290009,276.919891,275.989990,276.250000,1743837.000000,1764347400.0
1764347400.0,276.244995,277.160095,275.986511,277.049988,1791406.000000,1764351000.0
1764599400.0,278.149994,278.769989,276.140015,278.142090,5114373.000000,1764603000.0
1764603000.0,278.100006,278.480103,277.304993,277.920013,1731132.000000,1764606600.0
1764606600.0,277.899994,279.890015,277.890015,279.770508,2091919.000000,1764610200.0
1764610200.0,279.774994,280.640015,279.459991,280.588196,2222347.000000,1764613800.0
1764613800.0,280.590088,281.220001,280.450012,280.890015,2919865.000000,1764617400.0
1764617400.0,280.880005,281.940002,280.709991,281.910004,2916696.000000,1764621000.0
1764621000.0,281.920013,283.410004,281.730011,283.320007,5357873.000000,1764624600.0
1764685800.0,283.000000,285.308990,282.630096,284.570007,7878173.000000,1764689400.0
1764689400.0,284.540009,287.399994,284.149994,285.540009,6214915.000000,1764693000.0
1764693000.0,285.540009,285.999908,284.829987,285.869995,2847056.000000,1764696600.0
1764696600.0,285.880005,286.339996,284.940002,285.214996,2725658.000000,1764700200.0
1764700200.0,285.200012,286.130005,285.015015,285.625000,2146948.000000,1764703800.0
1764703800.0,285.600006,286.820007,285.580109,286.239990,2898388.000000,1764707400.0
1764707400.0,286.239990,286.609985,285.709991,286.230011,3132652.000000,1764711000.0
1764772200.0,286.200012,288.609985,285.899994,287.340515,6627228.000000,1764775800.0
1764775800.0,287.320007,287.589996,285.750000,286.410004,3581593.000000,1764779400.0
1764779400.0,286.420013,286.820007,285.500000,286.385010,2126959.000000,1764783000.0
1764783000.0,286.350006,286.440002,285.339996,285.679291,2127386.000000,1764786600.0
1764786600.0,285.679993,285.940002,284.884308,285.209991,1618603.000000,1764790200.0
1764790200.0,285.230011,285.249908,284.274994,284.554993,11158331.000000,1764793800.0
1764793800.0,284.549988,284.700012,283.540009,284.149994,0.000000,1764797400.0
1764858600.0,284.109985,284.730011,280.269989,281.225006,6410843.000000,1764862200.0
1764862200.0,281.209991,281.600006,279.809998,280.279999,2986361.000000,1764865800.0
1764865800.0,280.285004,280.933502,279.937805,280.114990,2285394.000000,1764869400.0
1764869400.0,280.130005,280.486694,279.640015,280.005005,1806229.000000,1764873000.0
1764873000.0,279.989990,280.100006,278.589996,278.859985,2574486.000000,1764876600.0
1764876600.0,278.859985,280.730011,278.820007,280.125000,2807996.000000,1764880200.0
1764880200.0,280.119995,280.690002,279.579987,280.649994,3165508.000000,1764883800.0
1764945000.0,280.540009,281.140015,279.269989,280.455109,4393145.000000,1764948600.0
1764948600.0,280.459991,280.980011,279.290009,279.295013,3579247.000000,1764952200.0
1764952200.0,279.299988,279.339996,278.114990,278.315002,2319755.000000,1764955800.0
1764955800.0,278.315002,279.480103,278.049988,279.440002,1693305.000000,1764959400.0
1764959400.0,279.480011,279.570007,278.584991,279.233795,1553832.000000,1764963000.0
1764963000.0,279.230011,279.299988,278.540009,278.801392,1937238.000000,1764966600.0
1764966600.0,278.799988,279.024994,278.190002,278.790009,2719470.000000,1764970200.0
1765204200.0,278.168488,279.669312,277.450012,277.559998,6285926.000000,1765207800.0
1765207800.0,277.549988,277.880005,276.704987,277.459991,3326326.000000,1765211400.0
1765211400.0,277.470001,277.819000,277.000092,277.230011,1896481.000000,1765215000.0
1765215000.0,277.209991,277.849915,276.869995,276.970001,1999024.000000,1765218600.0
1765218600.0,276.949493,276.949493,276.200012,276.359985,1825108.000000,1765222200.0
1765222200.0,276.369995,276.970001,276.149994,276.924988,2861661.000000,1765225800.0
1765225800.0,276.929993,277.984985,276.660004,277.959991,2613900.000000,1765229400.0
1765290600.0,277.890015,280.029999,277.350006,277.700012,5341504.000000,1765294200.0
1765294200.0,277.700012,278.000000,277.029999,277.410004,2290151.000000,1765297800.0
1765297800.0,277.410004,278.119995,277.200012,277.875000,1696929.000000,1765301400.0
1765301400.0,277.875000,278.739990,277.799988,278.385010,1988455.000000,1765305000.0
1765305000.0,278.385010,278.890015,278.119995,278.690002,1262893.000000,1765308600.0
1765308600.0,278.690002,278.750000,277.649994,277.864990,1906538.000000,1765312200.0
1765312200.0,277.864990,278.250000,276.920013,277.230011,2737573.000000,1765315800.0
1765377000.0,277.869995,278.792999,276.584991,277.450012,3868165.000000,1765380600.0
1765380600.0,277.454987,278.279999,276.440002,278.257690,1880040.000000,1765384200.0
1765384200.0,278.230011,278.890015,277.975006,278.526489,1611918.000000,1765387800.0
1765387800.0,278.519989,279.279999,278.084991,278.119995,1374275.000000,1765391400.0
1765391400.0,278.119995,279.220001,277.910004,278.220001,1631790.000000,1765395000.0
1765395000.0,278.220001,279.750000,277.700012,278.980011,2578278.000000,1765398600.0
1765398600.0,278.989990,279.369995,278.589996,278.720001,2242651.000000,1765402200.0
1765463400.0,279.095001,279.579987,273.809998,276.119995,6887208.000000,1765467000.0
1765467000.0,276.114990,276.589996,275.200012,275.825012,2343607.000000,1765470600.0
1765470600.0,275.820007,278.179993,275.809998,277.904999,2412367.000000,1765474200.0
1765474200.0,277.920013,278.350006,277.380005,277.522614,1473658.000000,1765477800.0
1765477800.0,277.524994,278.209991,277.510010,277.760010,1432317.000000,1765481400.0
1765481400.0,277.760010,278.214996,277.591309,278.095001,1817634.000000,1765485000.0
1765485000.0,278.089996,278.209991,277.470001,278.059998,1985352.000000,1765488600.0
1765549800.0,277.000000,279.220001,276.970093,277.869995,3907328.000000,1765553400.0
1765553400.0,277.880005,278.859985,277.440002,277.739990,3485545.000000,1765557000.0
1765557000.0,277.769989,278.440002,277.280792,277.855011,2096132.000000,1765560600.0
1765560600.0,277.834991,279.190002,277.834991,279.049988,2564725.000000,1765564200.0
1765564200.0,279.040009,279.049988,277.730011,277.950012,2354465.000000,1765567800.0
1765567800.0,277.950012,278.809998,277.809998,278.054993,2391168.000000,1765571400.0
1765571400.0,278.049988,278.500000,276.945007,278.369995,2787871.000000,1765575000.0
1765809000.0,279.750000,279.791687,273.619995,274.144989,8113962.000000,1765812600.0
1765812600.0,274.170013,275.640411,273.720001,275.510010,3495538.000000,1765816200.0
1765816200.0,275.540009,275.695007,274.149994,274.920013,2136284.000000,1765819800.0
1765819800.0,274.924988,275.100006,273.730011,274.040009,1992688.000000,1765823400.0
1765823400.0,274.019989,274.250000,273.079987,273.369995,2430153.000000,1765827000.0
1765827000.0,273.380005,273.842499,272.839996,273.804993,2804616.000000,1765830600.0
1765830600.0,273.809998,274.720001,273.519989,274.114990,4104430.000000,1765834200.0
1765895400.0,272.820007,274.029999,271.790009,273.170013,4976091.000000,1765899000.0
1765899000.0,273.170013,273.820007,272.500000,272.809998,2282059.000000,1765902600.0
1765902600.0,272.799988,274.279999,272.690002,273.200012,1929804.000000,1765906200.0
1765906200.0,273.199890,273.489990,271.799988,272.130005,2118531.000000,1765909800.0
1765909800.0,272.135010,273.910004,272.135010,273.565002,2008038.000000,1765913400.0
1765913400.0,273.565002,274.799988,273.540009,274.559998,1912589.000000,1765917000.0
1765917000.0,274.549988,275.500000,274.450012,274.470001,2361847.000000,1765920600.0
1765981800.0,275.010010,276.160004,274.829987,275.494995,4574850.000000,1765985400.0
1765985400.0,275.470001,275.730011,273.045013,273.489990,3354929.000000,1765989000.0
1765989000.0,273.489990,273.489990,272.279999,272.869995,2372809.000000,1765992600.0
1765992600.0,272.880005,273.690002,272.649994,273.019989,1699122.000000,1765996200.0
1765996200.0,272.990112,273.970001,272.440002,273.785004,2046363.000000,1765999800.0
1765999800.0,273.769989,274.109985,273.570007,273.650085,2167480.000000,1766003400.0
1766003400.0,273.670013,273.869995,271.690002,271.859985,5130736.000000,1766007000.0
1766068200.0,273.605011,273.619995,266.959991,270.899994,10127086.000000,1766071800.0
1766071800.0,270.862000,272.720001,270.809998,272.299988,3659235.000000,1766075400.0
1766075400.0,272.290009,273.164001,269.940002,270.250000,3692916.000000,1766079000.0
1766079000.0,270.200012,272.750000,270.119995,272.649994,1920512.000000,1766082600.0
1766082600.0,272.670013,272.959991,271.089996,271.369995,2108845.000000,1766086200.0
1766086200.0,271.369995,271.969910,270.500000,271.839996,2747038.000000,1766089800.0
1766089800.0,271.850006,273.200012,271.785004,272.160004,2956766.000000,1766093400.0
1766154600.0,272.144989,272.920013,270.950012,271.734985,18574766.000000,1766158200.0
1766158200.0,271.720093,272.820007,270.994995,271.260803,2919546.000000,1766161800.0
1766161800.0,271.262299,271.459991,270.269989,270.654999,2629565.000000,1766165400.0
1766165400.0,270.660004,271.809509,270.339996,270.750000,3085614.000000,1766169000.0
1766169000.0,270.760010,271.509888,270.399994,271.369995,2544938.000000,1766172600.0
1766172600.0,271.380005,271.739990,270.174988,270.799988,3108119.000000,1766176200.0
1766176200.0,270.809998,274.576294,269.899994,273.670013,8193309.000000,1766179800.0
1766413800.0,272.859985,273.880005,271.570007,272.015015,6084655.000000,1766417400.0
1766417400.0,272.029999,272.799988,271.510010,272.440002,2467910.000000,1766421000.0
1766421000.0,272.420013,272.510010,271.519989,271.940002,2114933.000000,1766424600.0
1766424600.0,271.920013,272.140015,270.739990,270.939911,2226647.000000,1766428200.0
1766428200.0,270.934998,271.140015,270.510010,270.864990,1960079.000000,1766431800.0
1766431800.0,270.869995,271.109985,270.714996,270.720001,1999793.000000,1766435400.0
1766435400.0,270.714996,271.199890,270.505005,270.820007,2599971.000000,1766439000.0
1766500200.0,270.000000,271.929993,269.559998,270.839996,5104762.000000,1766503800.0
1766503800.0,270.839996,271.950012,270.700012,271.781403,2241209.000000,1766507400.0
1766507400.0,271.815002,272.311188,271.472992,271.529999,2086319.000000,1766511000.0
1766511000.0,271.540009,271.809998,271.109985,271.700012,1310733.000000,1766514600.0
1766514600.0,271.700012,272.119995,271.500000,271.809998,1442128.000000,1766518200.0
1766518200.0,271.809998,272.440002,271.760010,272.106995,1857021.000000,1766521800.0
1766521800.0,272.100006,272.450012,271.839996,272.239990,2287709.000000,1766525400.0
1766586600.0,273.250000,274.739990,273.089996,274.035095,4589623.000000,1766590200.0
1766590200.0,274.040009,275.049988,273.910004,274.851013,2096233.000000,1766593800.0
1766593800.0,274.859985,275.429993,274.829987,275.359985,2055154.000000,1766597400.0
1766759400.0,274.385010,275.369995,274.059998,274.824799,2899986.000000,1766763000.0
1766763000.0,274.815002,274.980011,274.369995,274.880005,1434883.000000,1766766600.0
1766766600.0,274.880005,274.934998,274.410004,274.640015,1079100.000000,1766770200.0
1766770200.0,274.630005,274.649994,274.225006,274.519989,903247.000000,1766773800.0
1766773800.0,274.524994,274.984985,274.380005,274.760101,1447341.000000,1766777400.0
1766777400.0,274.765015,274.829987,273.870087,273.980011,1463547.000000,1766781000.0
1766781000.0,273.980011,273.989990,272.869995,273.250000,2563251.000000,1766784600.0
1767018600.0,272.690002,274.359985,272.390015,273.954315,3705071.000000,1767022200.0
1767022200.0,273.950012,274.029999,272.989990,273.220001,1533379.000000,1767025800.0
1767025800.0,273.218811,273.290009,272.829987,273.040009,1203367.000000,1767029400.0
1767029400.0,273.040009,273.670013,272.950287,273.640015,3234552.000000,1767033000.0
1767033000.0,273.630005,274.000000,273.440002,273.679993,0.000000,1767036600.0
1767036600.0,273.679993,274.000000,273.670013,273.902802,1410063.000000,1767040200.0
1767040200.0,273.910004,273.940002,273.459991,273.799011,1452813.000000,1767043800.0
1767105000.0,274.000000,274.070007,272.394806,272.589996,3335833.000000,1767108600.0
1767108600.0,272.579987,273.320007,272.420013,272.859802,1711221.000000,1767112200.0
1767112200.0,272.829987,272.920013,272.279999,272.589996,1582688.000000,1767115800.0
1767115800.0,272.589996,273.190002,272.559998,273.100006,1137372.000000,1767119400.0
1767119400.0,273.100006,273.521790,273.010101,273.390015,1396303.000000,1767123000.0
1767123000.0,273.380005,273.474487,273.089996,273.165009,1396305.000000,1767126600.0
1767126600.0,273.160004,273.255005,272.739990,272.989990,2121973.000000,1767130200.0
1767191400.0,273.049988,273.679993,272.231812,272.489990,2706559.000000,1767195000.0
1767195000.0,272.494995,272.584991,271.760010,272.489990,1886713.000000,1767198600.0
1767198600.0,272.489990,272.799988,272.269989,272.670013,1322310.000000,1767202200.0
1767202200.0,272.660004,273.100006,272.549988,272.625000,1445671.000000,1767205800.0
1767205800.0,272.625000,273.429993,272.579987,272.960907,1456290.000000,1767209400.0
1767209400.0,272.970215,273.006805,271.959991,272.079987,1417798.000000,1767213000.0
1767213000.0,272.089996,272.750000,271.750000,271.839996,2509865.000000,1767216600.0
1767364200.0,272.690002,277.824799,272.380005,273.390015,7596139.000000,1767367800.0
1767367800.0,273.369995,273.390015,269.829987,270.324585,4078484.000000,1767371400.0
1767371400.0,270.299988,270.959991,269.109985,270.149994,2431873.000000,1767375000.0
1767375000.0,270.179993,270.480011,269.730011,270.079987,1780091.000000,1767378600.0
1767378600.0,270.089996,270.249908,269.019989,270.130005,2020830.000000,1767382200.0
1767382200.0,270.140015,270.839996,270.089996,270.510010,2106622.000000,1767385800.0
1767385800.0,270.529999,271.049988,270.350006,270.980011,2650904.000000,1767389400.0
1767623400.0,270.635010,271.179993,267.859985,269.809998,7189336.000000,1767627000.0
1767627000.0,269.799988,270.220001,268.700012,268.790009,3119976.000000,1767630600.0
1767630600.0,268.779999,268.850006,266.920013,266.970001,3085098.000000,1767634200.0
1767634200.0,266.989990,267.890015,266.770111,267.420013,2496455.000000,1767637800.0
1767637800.0,267.410004,267.665009,266.140015,266.269897,2514491.000000,1767641400.0
1767641400.0,266.269989,267.040009,266.200012,267.019012,2686552.000000,1767645000.0
1767645000.0,267.029999,267.739990,266.450012,267.260010,2894622.000000,1767648600.0
1767709800.0,267.007996,267.549988,263.029999,264.029999,8140729.000000,1767713400.0
1767713400.0,264.029999,265.100006,262.299988,262.419891,4820286.000000,1767717000.0
1767717000.0,262.420013,263.000000,262.209991,262.884613,3187699.000000,1767720600.0
1767720600.0,262.890015,263.799988,262.490112,262.540009,2583269.000000,1767724200.0
1767724200.0,262.929993,263.070007,262.540009,262.877014,2024107.000000,1767727800.0
1767727800.0,262.779999,263.015015,262.260010,262.820007,3190757.000000,1767731400.0
1767731400.0,262.829987,262.960114,262.399994,262.424988,2355864.000000,1767735000.0
1767796200.0,263.269989,263.679993,261.209991,262.029999,7368698.000000,1767799800.0
1767799800.0,262.019989,262.290009,260.910004,261.083710,3565599.000000,1767803400.0
1767803400.0,261.084991,262.570007,261.070007,262.359985,3336015.000000,1767807000.0
1767807000.0,262.369995,262.700012,261.079987,261.220001,2890664.000000,1767810600.0
1767810600.0,261.244995,262.200012,261.130005,261.589996,2574362.000000,1767814200.0
1767814200.0,261.589996,262.519989,261.260010,261.329987,2727906.000000,1767817800.0
1767817800.0,261.329987,261.329987,259.820007,260.359985,4547876.000000,1767821400.0
1767882600.0,256.375000,257.769989,255.699997,256.744995,10183679.000000,1767886200.0
1767886200.0,256.720093,257.190002,255.949997,256.109985,4167093.000000,1767889800.0
1767889800.0,256.109985,258.600006,255.970001,256.709015,3892484.000000,1767893400.0
1767893400.0,256.690094,257.630005,256.597992,257.480011,2448318.000000,1767897000.0
1767897000.0,257.510010,257.519989,256.299988,256.600006,2399355.000000,1767900600.0
1767900600.0,256.605011,258.329987,256.380005,258.279999,3537960.000000,1767904200.0
1767904200.0,258.279999,259.279999,257.960114,259.059998,3213685.000000,1767907800.0
1767969000.0,259.000000,260.000000,256.220093,258.459991,7220053.000000,1767972600.0
1767972600.0,258.459991,258.750000,256.880005,256.959991,3212319.000000,1767976200.0
1767976200.0,256.951294,259.054993,256.766388,258.929993,3345096.000000,1767979800.0
1767979800.0,258.910004,259.160004,258.240112,259.119995,2173770.000000,1767983400.0
1767983400.0,259.130005,259.950012,259.010010,259.730011,1971968.000000,1767987000.0
1767987000.0,259.730011,260.209991,259.679993,259.964996,2732054.000000,1767990600.0
1767990600.0,259.950012,260.054993,258.950012,259.350006,2303687.000000,1767994200.0
1768228200.0,259.410004,261.299988,256.799988,260.350006,8505619.000000,1768231800.0
1768231800.0,260.364990,260.450012,259.049988,260.230011,3280015.000000,1768235400.0
1768235400.0,260.230011,261.109985,259.709991,260.609314,2709473.000000,1768239000.0
1768239000.0,260.600006,261.299988,260.350006,260.890015,2160352.000000,1768242600.0
1768242600.0,260.890991,260.940002,260.190002,260.640015,1974059.000000,1768246200.0
1768246200.0,260.649994,261.190002,260.485291,260.970001,2654547.000000,1768249800.0
1768249800.0,260.959991,261.130005,260.010010,260.209991,2380012.000000,1768253400.0
1768314600.0,258.720001,261.809998,258.390015,260.090088,8478567.000000,1768318200.0
1768318200.0,260.140015,260.279907,259.489990,259.910004,2608808.000000,1768321800.0
1768321800.0,259.899994,261.160004,259.850006,260.839996,2483937.000000,1768325400.0
1768325400.0,260.850006,261.440002,259.989990,259.989990,2059870.000000,1768329000.0
1768329000.0,259.980011,260.673615,259.149994,259.739990,2357708.000000,1768332600.0
1768332600.0,259.739899,259.799988,258.760101,259.019989,1960648.000000,1768336200.0
1768336200.0,259.010010,261.200012,258.839996,261.049988,12843144.000000,1768339800.0
1768401000.0,259.480011,261.809998,258.820007,259.750000,5147768.000000,1768404600.0
1768404600.0,259.755005,260.000000,257.859985,258.739990,2978461.000000,1768408200.0
1768408200.0,258.739990,258.809998,256.709991,257.380005,2333928.000000,1768411800.0
1768411800.0,257.390015,257.714996,256.910004,257.529999,1604961.000000,1768415400.0
1768415400.0,257.529999,258.100006,257.054993,257.799988,1777225.000000,1768419000.0
1768419000.0,257.799988,259.980011,257.790009,259.970001,2443932.000000,1768422600.0
1768422600.0,259.980011,260.600006,258.684113,259.950012,14485668.000000,1768426200.0
1768487400.0,260.649994,261.029999,259.619995,260.100098,5046140.000000,1768491000.0
1768491000.0,260.140015,260.785095,259.190002,260.494995,2795244.000000,1768494600.0
1768494600.0,260.500000,260.630005,259.299988,259.329987,2122658.000000,1768498200.0
1768498200.0,259.339996,259.565002,258.000000,259.529999,2472715.000000,1768501800.0
1768501800.0,259.549988,259.750000,258.260010,258.320007,2003848.000000,1768505400.0
1768505400.0,258.343414,258.450012,257.049988,257.670013,3158266.000000,1768509000.0
1768509000.0,257.657501,258.380005,257.109985,258.329987,2733911.000000,1768512600.0
1768573800.0,258.200012,258.899994,256.460114,256.809998,11278805.000000,1768577400.0
1768577400.0,256.809998,256.920013,256.059998,256.439911,2790833.000000,1768581000.0
1768581000.0,256.426514,256.630005,255.820007,255.830002,2796717.000000,1768584600.0
1768584600.0,255.830002,256.089905,254.929993,256.029999,3606144.000000,1768588200.0
1768588200.0,256.029999,257.149994,255.914993,256.000000,2811980.000000,1768591800.0
1768591800.0,256.000000,256.970001,255.940002,256.179993,2648818.000000,1768595400.0
1768595400.0,256.170013,256.472504,255.130005,255.479996,3511559.000000,1768599000.0
1768919400.0,252.509995,254.789993,250.850006,251.615707,9087553.000000,1768923000.0
1768923000.0,251.639999,252.130005,250.690002,251.304993,3367134.000000,1768926600.0
1768926600.0,251.300003,251.589996,250.350006,250.559998,2677257.000000,1768930200.0
1768930200.0,250.520004,250.699997,249.080002,249.195007,2979236.000000,1768933800.0
1768933800.0,249.179993,249.229996,247.419998,247.452499,3351984.000000,1768937400.0
1768937400.0,247.449997,248.179993,245.080002,245.460007,5956327.000000,1768941000.0
1768941000.0,245.460007,246.929993,243.419998,246.679993,10058590.000000,1768944600.0
1769005800.0,248.710007,248.750000,246.029999,247.570007,7234453.000000,1769009400.0
1769009400.0,247.570007,248.720001,246.830002,247.300003,3802836.000000,1769013000.0
1769013000.0,247.309998,247.360001,245.190002,245.830002,3521906.000000,1769016600.0
1769016600.0,245.820099,246.470001,245.580002,245.880005,2014674.000000,1769020200.0
1769020200.0,245.880005,247.339996,245.500000,247.110306,2357430.000000,1769023800.0
1769023800.0,247.130005,251.559998,247.100006,248.382797,7875948.000000,1769027400.0
1769027400.0,248.389999,248.580002,246.839996,247.630005,4345116.000000,1769031000.0
1769092200.0,249.360001,250.779907,248.384995,250.130005,7300630.000000,1769095800.0
1769095800.0,250.149994,250.160004,249.000000,249.699905,3165743.000000,1769099400.0
1769099400.0,249.695007,249.899994,249.259995,249.740005,1884417.000000,1769103000.0
1769103000.0,249.750000,250.820007,249.729996,250.679993,1833609.000000,1769106600.0
1769106600.0,250.669998,251.000000,249.750107,250.520004,2047891.000000,1769110200.0
1769110200.0,250.509995,250.625000,248.265106,248.369995,3355209.000000,1769113800.0
1769113800.0,248.339996,248.919998,248.179993,248.339996,2783413.000000,1769117400.0
1769178600.0,247.240005,247.240005,244.679993,247.010101,7601136.000000,1769182200.0
1769182200.0,247.020004,249.410004,246.970001,248.350006,3278816.000000,1769185800.0
1769185800.0,248.369995,248.800003,247.880005,248.739899,2265060.000000,1769189400.0
1769189400.0,248.720001,248.809906,247.610001,247.929993,1917334.000000,1769193000.0
1769193000.0,247.960007,248.029907,246.970001,247.475006,2288849.000000,1769196600.0
1769196600.0,247.470001,248.470001,247.404999,248.190002,1941323.000000,1769200200.0
1769200200.0,248.190002,248.850006,247.744995,247.970001,2635711.000000,1769203800.0
1769437800.0,251.479996,254.889999,249.800003,254.039993,9810606.000000,1769441400.0
1769441400.0,254.039993,255.500000,253.919998,255.099899,4941159.000000,1769445000.0
1769445000.0,255.085007,255.419998,254.259995,254.500000,3015226.000000,1769448600.0
1769448600.0,254.470001,254.750000,254.080002,254.649994,1861533.000000,1769452200.0
1769452200.0,254.639999,255.970001,254.320007,255.940002,3013817.000000,1769455800.0
1769455800.0,255.929993,256.559998,255.470001,255.725006,3495145.000000,1769459400.0
1769459400.0,255.729996,255.990005,254.899994,255.419998,14219113.000000,1769463000.0
1769524200.0,259.140015,261.950012,258.660004,259.845001,10912773.000000,1769527800.0
1769527800.0,259.859985,261.390015,259.760010,260.720001,3262895.000000,1769531400.0
1769531400.0,260.720001,261.359985,260.470001,261.309998,2175987.000000,1769535000.0
1769535000.0,261.300110,261.350006,260.230103,260.255005,1989091.000000,1769538600.0
1769538600.0,260.269989,260.359985,259.519989,259.875000,2504629.000000,1769542200.0
1769542200.0,259.875000,260.040009,259.149994,259.380005,2602286.000000,1769545800.0
1769545800.0,259.385010,259.674988,258.209991,258.279999,2715151.000000,1769549400.0
1769610600.0,257.559998,258.855011,255.214996,256.089996,6604210.000000,1769614200.0
1769614200.0,256.059998,256.709991,255.259995,255.490005,2745774.000000,1769617800.0
1769617800.0,255.470001,255.479996,254.660004,254.820007,2230506.000000,1769621400.0
1769621400.0,254.800003,255.389999,254.509995,255.255005,1683148.000000,1769625000.0
1769625000.0,255.259995,255.880005,254.779999,255.110001,1899457.000000,1769628600.0
1769628600.0,255.080002,256.640015,255.050003,256.475006,3391568.000000,1769632200.0
1769632200.0,256.459991,256.899994,255.929993,256.440002,3092338.000000,1769635800.0
1769697000.0,258.070007,259.649994,255.490005,256.899994,7282171.000000,1769700600.0
1769700600.0,256.890015,257.040009,254.410004,256.170013,4801889.000000,1769704200.0
1769704200.0,256.130005,257.410004,255.119995,257.220001,3524580.000000,1769707800.0
1769707800.0,257.200012,257.670013,256.549988,257.380005,3232719.000000,1769711400.0
1769711400.0,257.364990,258.181610,257.160004,258.144989,3079026.000000,1769715000.0
1769715000.0,258.144989,258.568390,257.740112,258.295013,4240841.000000,1769718600.0
1769718600.0,258.309998,259.350006,257.750000,258.174988,5837763.000000,1769722200.0
1769783400.0,255.164993,258.700012,252.179993,254.000000,18411294.000000,1769787000.0
1769787000.0,254.080002,254.949997,253.695007,254.919998,595102.000000,1769790600.0
1770057000.0,266.790009,267.350006,266.619995,267.179993,7990643.000000,1770060600.0
1770060600.0,267.125000,269.569885,266.820007,268.980011,6110168.000000,1770064200.0
1770064200.0,268.975006,270.489990,268.839996,269.959991,6031354.000000,1770067800.0
1770129000.0,269.130005,271.579987,267.690002,269.885010,9032813.000000,1770132600.0
1770132600.0,269.850006,271.285004,267.609985,268.894989,5335029.000000,1770136200.0
1770136200.0,268.899994,270.500000,268.290009,268.899994,3977028.000000,1770139800.0
1770139800.0,268.890015,270.369995,268.755005,269.339996,3592052.000000,1770143400.0
1770143400.0,269.334991,271.875000,268.850006,271.480011,4426151.000000,1770147000.0
1770147000.0,271.470001,271.700012,268.670013,269.209991,3448770.000000,1770150600.0
1770150600.0,269.214996,270.049988,268.839996,269.459991,3048085.000000,1770154200.0
1770215400.0,272.309998,278.809998,272.285004,276.100006,14363169.000000,1770219000.0
1770219000.0,276.125000,277.390015,275.299988,277.213806,5901048.000000,1770222600.0
1770222600.0,277.193512,277.260010,273.899994,275.250000,5657904.000000,1770226200.0
1770226200.0,275.269989,276.114990,273.140015,275.600006,5072262.000000,1770229800.0
1770229800.0,275.619995,275.760010,274.350006,274.910004,3128540.000000,1770233400.0
1770233400.0,274.900208,278.079987,274.829987,277.609985,5267006.000000,1770237000.0
1770237000.0,277.609985,278.950012,276.359985,276.459991,7312922.000000,1770240600.0
1770301800.0,278.019989,279.440002,273.230011,276.785004,9310150.000000,1770305400.0
1770305400.0,276.790009,277.399994,273.290009,275.220001,4526349.000000,1770309000.0
1770309000.0,275.290009,275.500000,273.524994,274.739990,2531820.000000,1770312600.0
1770312600.0,274.720001,274.980011,273.910004,274.320007,1764770.000000,1770316200.0
1770316200.0,274.260010,277.570007,274.114990,277.045013,2995492.000000,1770319800.0
1770319800.0,277.065002,277.720001,276.085693,276.630005,3087121.000000,1770323400.0
1770323400.0,276.630005,276.910004,275.350006,275.920013,3990713.000000,1770327000.0
1770388200.0,277.160004,280.904999,277.000000,279.290009,10301776.000000,1770391800.0
1770391800.0,279.299988,279.950012,278.530212,279.114990,3913103.000000,1770395400.0
1770395400.0,279.100006,279.774994,278.239990,278.679993,3039580.000000,1770399000.0
1770399000.0,278.709991,278.799988,277.490112,277.774994,2618460.000000,1770402600.0
1770402600.0,277.799988,277.959991,276.924988,277.130005,2548586.000000,1770406200.0
1770406200.0,277.130005,278.750000,276.994995,277.660004,3186499.000000,1770409800.0
1770409800.0,277.654999,279.010010,277.570007,278.079987,3255323.000000,1770413400.0
1770647400.0,277.904999,278.200012,273.049988,273.082703,6334544.000000,1770651000.0
1770651000.0,273.089996,273.750000,272.769989,273.398193,2792572.000000,1770654600.0
1770654600.0,273.369995,273.799988,271.700012,272.011505,3245579.000000,1770658200.0
1770658200.0,272.040009,272.339996,271.769989,271.980011,1937150.000000,1770661800.0
1770661800.0,271.980011,273.709991,271.839996,273.619995,2566471.000000,1770665400.0
1770665400.0,273.630005,274.250000,272.915009,274.040009,2368415.000000,1770669000.0
1770669000.0,274.029999,275.119995,273.510010,274.540009,3837569.000000,1770672600.0
1770733800.0,274.885010,275.359985,273.209991,274.420013,4751268.000000,1770737400.0
1770737400.0,274.390015,274.910004,273.989990,274.059998,1866180.000000,1770741000.0
1770741000.0,274.019989,274.049896,272.940002,273.350006,2051404.000000,1770744600.0
1770744600.0,273.350006,274.190002,273.149994,274.054993,1646593.000000,1770748200.0
1770748200.0,274.054993,274.269989,273.660004,273.964996,1371940.000000,1770751800.0
1770751800.0,273.970001,274.299988,273.519989,274.070007,1515644.000000,1770755400.0
1770755400.0,274.079987,274.489990,273.309998,273.790009,2174373.000000,1770759000.0
1770820200.0,274.695007,277.440002,274.450012,277.050110,9496956.000000,1770823800.0
1770823800.0,277.100006,279.980011,277.040009,278.190002,4696556.000000,1770827400.0
1770827400.0,278.190002,280.179993,278.160004,279.945007,2685096.000000,1770831000.0
1770831000.0,279.910400,280.149994,278.500000,278.959991,1893097.000000,1770834600.0
1770834600.0,278.934998,279.670013,278.500000,279.579987,1790251.000000,1770838200.0
1770838200.0,279.579987,279.589996,274.810608,276.049988,6599667.000000,1770841800.0
1770841800.0,276.010010,276.549988,275.459991,275.540009,2931248.000000,1770845400.0
1770906600.0,275.600006,275.720001,270.059998,271.250000,7475539.000000,1770910200.0
1770910200.0,271.260010,271.750000,266.149994,266.170013,5405536.000000,1770913800.0
1770913800.0,266.190002,267.040009,264.420013,264.600006,4717401.000000,1770917400.0
1770917400.0,264.570007,264.649994,260.179993,262.329987,7147306.000000,1770921000.0
1770921000.0,262.309998,262.670013,261.230011,261.779999,4007694.000000,1770924600.0
1770924600.0,261.769989,262.489990,261.100006,261.489990,3918342.000000,1770928200.0
1770928200.0,261.480011,262.510010,260.279999,261.589996,5638818.000000,1770931800.0
1770993000.0,262.010010,262.230011,258.799988,260.595001,9803254.000000,1770996600.0
1770996600.0,260.579987,261.489990,258.369995,259.287506,3397399.000000,1771000200.0
1771000200.0,259.298492,260.209991,258.600006,259.589996,2315506.000000,1771003800.0
1771003800.0,259.589996,260.269989,258.769989,258.910004,2742312.000000,1771007400.0
1771007400.0,258.940002,259.309998,258.279999,258.459991,2401615.000000,1771011000.0
1771011000.0,258.480011,258.730011,255.817307,255.910004,3979292.000000,1771014600.0
1771014600.0,255.910004,256.660004,255.449997,255.820007,6720926.000000,1771018200.0
1771338600.0,258.049988,261.390015,255.552994,259.640015,8096132.000000,1771342200.0
1771342200.0,259.630005,260.980011,258.739990,260.265015,3490944.000000,1771345800.0
1771345800.0,260.255005,262.230011,259.929993,261.849915,3136235.000000,1771349400.0
1771349400.0,261.850006,263.679993,260.910004,263.399994,3395782.000000,1771353000.0
1771353000.0,263.459991,266.290009,263.320007,265.285004,4164675.000000,1771356600.0
1771356600.0,265.260010,266.149902,264.020111,264.290009,2825612.000000,1771360200.0
1771360200.0,264.295013,264.529999,262.500000,263.750000,4178204.000000,1771363800.0
1771425000.0,263.500000,265.649994,262.450012,265.398193,7797779.000000,1771428600.0
1771428600.0,265.390015,266.089996,265.040009,266.040009,2372744.000000,1771432200.0
1771432200.0,266.024994,266.820007,265.170013,265.420013,1840765.000000,1771435800.0
1771435800.0,265.410004,265.959991,265.000000,265.399902,1335418.000000,1771439400.0
1771439400.0,265.380005,265.579010,264.523010,264.570007,1312561.000000,1771443000.0
1771443000.0,264.595001,264.629913,263.209991,263.739990,1727473.000000,1771446600.0
1771446600.0,263.739990,265.529999,263.739990,264.320007,3105119.000000,1771450200.0
1771511400.0,262.600006,264.350006,262.290009,262.869995,4372727.000000,1771515000.0
1771515000.0,262.880005,264.480011,262.760101,263.619995,1726762.000000,1771518600.0
1771518600.0,263.670013,264.140015,262.690094,262.940002,1785992.000000,1771522200.0
1771522200.0,262.899994,263.059998,261.420013,261.769989,1237800.000000,1771525800.0
1771525800.0,261.739990,262.368896,261.500000,261.540009,1203819.000000,1771529400.0
1771529400.0,261.510010,261.670013,260.269989,260.760010,1954329.000000,1771533000.0
1771533000.0,260.760010,261.299988,260.049988,260.510010,2956715.000000,1771536600.0
1771597800.0,258.954987,262.350006,258.160004,260.570496,6967496.000000,1771601400.0
1771601400.0,260.549988,263.260010,260.277313,261.429993,2960036.000000,1771605000.0
1771605000.0,261.420013,264.750000,261.230011,262.299988,3078479.000000,1771608600.0
1771608600.0,262.269501,263.929993,261.609985,263.609985,2014188.000000,1771612200.0
1771612200.0,263.575012,264.730011,263.160004,264.429993,1630010.000000,1771615800.0
1771615800.0,264.440002,264.709991,263.285004,263.330109,1887447.000000,1771619400.0
1771619400.0,263.345001,264.744995,263.089996,264.589996,13540364.000000,1771623000.0
1771857000.0,263.489990,267.739990,263.381012,267.049988,7631864.000000,1771860600.0
1771860600.0,267.089996,267.529907,264.750000,266.589996,1006448.000000,1771864200.0
1771864200.0,266.570007,267.345886,265.839996,267.129791,2169664.000000,1771867800.0
1771867800.0,267.106995,269.369995,266.861206,269.334991,2699181.000000,1771871400.0
1771871400.0,269.339996,269.429993,267.250000,267.299988,2303781.000000,1771875000.0
1771875000.0,267.270111,267.329987,266.279999,266.779999,2444216.000000,1771878600.0
1771878600.0,266.809998,267.200012,265.989990,266.390015,2450818.000000,1771882200.0
1771943400.0,268.000000,274.890015,267.739990,273.670013,8122809.000000,1771947000.0
1771947000.0,273.679993,274.820007,272.359985,273.220001,10039980.000000,1771950600.0
1771950600.0,273.225006,273.239990,271.989990,272.510010,0.000000,1771954200.0
1771954200.0,272.489990,272.790009,271.595001,271.595001,1641925.000000,1771957800.0
1771957800.0,271.600006,272.549988,271.369995,272.290009,1871775.000000,1771961400.0
1771961400.0,272.279999,272.720001,271.380005,271.909912,2122079.000000,1771965000.0
1771965000.0,271.910004,272.429901,271.480011,272.170013,13328406.000000,1771968600.0
1772029800.0,271.679993,274.079987,271.049988,273.630005,5230897.000000,1772033400.0
1772033400.0,273.630005,274.589905,272.920013,273.964996,2463949.000000,1772037000.0
1772037000.0,273.915009,274.069885,272.959991,273.609985,1694059.000000,1772040600.0
1772040600.0,273.609985,274.630005,273.420013,274.350006,1522519.000000,1772044200.0
1772044200.0,274.329987,274.940002,274.179993,274.410004,1635951.000000,1772047800.0
1772047800.0,274.410004,274.540009,273.209991,273.750000,1879899.000000,1772051400.0
1772051400.0,273.720001,274.720001,273.625000,274.179993,2422723.000000,1772055000.0
1772116200.0,274.954987,276.109985,270.839996,272.000000,5054219.000000,1772119800.0
1772119800.0,271.920013,272.785095,270.795013,272.540009,2579542.000000,1772123400.0
1772123400.0,272.529999,272.730011,271.512695,271.760010,1300410.000000,1772127000.0
1772127000.0,271.755005,272.024994,270.910004,271.390015,1189482.000000,1772130600.0
1772130600.0,271.410004,272.940002,270.852997,272.799988,1838921.000000,1772134200.0
1772134200.0,272.804993,273.500000,272.579987,272.630005,1756013.000000,1772137800.0
1772137800.0,272.644989,273.070007,272.200012,272.989990,1906660.000000,1772141400.0
1772202600.0,272.809998,272.809998,268.299988,268.505005,8446879.000000,1772206200.0
1772206200.0,268.470093,269.640015,268.191986,269.054993,0.000000,1772209800.0
1772209800.0,269.070007,269.519989,267.269989,267.884186,1958841.000000,1772213400.0
1772213400.0,267.869995,268.260010,265.880005,265.950806,8433506.000000,1772217000.0
1772217000.0,265.950012,266.480011,265.480103,265.730011,0.000000,1772220600.0
1772220600.0,265.730011,266.899994,265.260010,266.640015,2562786.000000,1772224200.0
1772224200.0,266.630005,266.630005,262.890015,264.170013,9125681.000000,1772227800.0
1772461800.0,262.440002,264.539886,260.200012,263.809998,9648357.000000,1772465400.0
1772465400.0,263.820007,265.029999,262.000000,264.359985,439306.000000,1772469000.0
1772469000.0,264.359985,266.200012,264.000000,266.000000,2203439.000000,1772472600.0
1772472600.0,265.994995,266.290009,265.250000,265.500000,1644931.000000,1772476200.0
1772476200.0,265.528015,266.149994,264.359985,266.059998,6993135.000000,1772479800.0
1772479800.0,266.045013,266.529999,264.140015,264.309998,3422545.000000,1772483400.0
1772483400.0,264.315002,265.549988,263.609985,264.600006,5738581.000000,1772487000.0
1772548200.0,263.480011,265.559998,261.220001,262.260010,8047558.000000,1772551800.0
1772551800.0,262.279999,263.940002,261.910004,262.570007,4016845.000000,1772555400.0
1772555400.0,262.480011,263.779999,261.579987,261.809998,2940122.000000,1772559000.0
1772559000.0,261.799988,261.869995,260.130005,261.480011,2901307.000000,1772562600.0
1772562600.0,261.440002,263.910004,261.369995,263.654999,2917518.000000,1772566200.0
1772566200.0,263.670013,264.614990,262.510010,263.279999,2571377.000000,1772569800.0
1772569800.0,263.239990,263.959991,262.339996,263.688995,4138461.000000,1772573400.0
1772634600.0,264.649994,266.149994,261.420013,264.130005,7214854.000000,1772638200.0
1772638200.0,264.125000,264.720001,262.815002,264.529999,3576211.000000,1772641800.0
1772641800.0,264.519989,265.510010,264.299988,264.899994,3050842.000000,1772645400.0
1772645400.0,264.910004,265.359985,263.339996,263.779999,2827303.000000,1772649000.0
1772649000.0,263.799988,264.195007,263.059998,263.350006,2889009.000000,1772652600.0
1772652600.0,263.339996,263.679993,262.059906,262.730011,3383632.000000,1772656200.0
1772656200.0,262.709991,263.160004,262.164612,262.450012,4837636.000000,1772659800.0
1772721000.0,260.744995,261.450012,258.540009,258.869995,10468747.000000,1772724600.0
1772724600.0,258.910004,261.225006,258.075012,260.755005,4851072.000000,1772728200.0
1772728200.0,260.760010,261.554993,258.970001,259.019989,3933354.000000,1772731800.0
1772731800.0,259.040009,259.489990,258.494995,258.909088,3426289.000000,1772735400.0
1772735400.0,258.920013,259.179993,257.760010,257.859985,3356489.000000,1772739000.0
1772739000.0,257.845001,259.489990,257.250000,258.690002,4038383.000000,1772742600.0
1772742600.0,258.679993,260.559998,258.410004,260.260010,7022514.000000,1772746200.0
1772807400.0,258.739990,258.760010,254.369995,256.700012,8565069.000000,1772811000.0
1772811000.0,256.695007,257.950012,256.079987,257.250000,3270567.000000,1772814600.0
1772814600.0,257.299988,257.489990,256.390015,256.769989,3297640.000000,1772818200.0
1772818200.0,256.769989,257.589996,256.059998,256.475006,2387760.000000,1772821800.0
1772821800.0,256.475006,257.230011,255.910004,257.179993,2090262.000000,1772825400.0
1772825400.0,257.170013,257.969910,256.800507,256.910004,2795477.000000,1772829000.0
1772829000.0,256.920013,258.010010,256.440002,257.440002,5129423.000000,1772832600.0
1773063000.0,255.690002,257.019897,253.680496,255.710007,7181497.000000,1773066600.0
1773066600.0,255.660004,257.880005,255.630005,257.730011,3727402.000000,1773070200.0
1773070200.0,257.720001,258.269989,257.149994,257.570007,3050497.000000,1773073800.0
1773073800.0,257.579987,258.089996,256.540009,256.630005,2401092.000000,1773077400.0
1773077400.0,256.649994,257.364990,255.949997,257.149994,2688859.000000,1773081000.0
1773081000.0,257.131714,259.570007,256.519989,259.480011,4105990.000000,1773084600.0
1773084600.0,259.459991,261.149994,259.010010,259.890015,4821540.000000,1773088200.0
1773149400.0,257.695007,260.250000,256.950012,259.970001,5290551.000000,1773153000.0
1773153000.0,259.940094,261.779999,259.915009,261.309998,3031430.000000,1773156600.0
1773156600.0,261.299988,261.980011,261.000000,261.869995,2380233.000000,1773160200.0
1773160200.0,261.890015,262.480011,260.820007,262.200012,2603212.000000,1773163800.0
1773163800.0,262.190002,262.480011,260.470001,261.670013,3001027.000000,1773167400.0
1773167400.0,261.700012,261.970001,260.429993,260.505005,2377024.000000,1773171000.0
1773171000.0,260.470001,261.200012,260.350098,260.720001,3231160.000000,1773174600.0
1773235800.0,261.209991,262.130005,259.549988,259.994995,4281023.000000,1773239400.0
1773239400.0,260.000000,260.959991,259.859985,260.100006,2604285.000000,1773243000.0
1773243000.0,260.119995,260.868011,259.850006,260.644989,1954747.000000,1773246600.0
1773246600.0,260.619995,261.200012,260.500000,261.025085,1517902.000000,1773250200.0
1773250200.0,261.040009,261.130005,259.630005,260.109985,1845686.000000,1773253800.0
1773253800.0,260.100006,260.399994,259.809998,260.131714,1606862.000000,1773257400.0
1773257400.0,260.140015,261.100006,260.040009,260.809998,3235002.000000,1773261000.0
1773322200.0,258.640015,258.950012,254.669998,254.669998,7250332.000000,1773325800.0
1773325800.0,254.660004,255.789993,254.350006,255.354996,3974410.000000,1773329400.0
1773329400.0,255.330002,256.250000,254.179993,255.657806,3679550.000000,1773333000.0
1773333000.0,255.630005,255.949997,254.770004,255.050003,3104437.000000,1773336600.0
1773336600.0,255.040100,255.679993,254.809998,255.395004,2746542.000000,1773340200.0
1773340200.0,255.369995,256.250000,254.889999,256.089996,3162742.000000,1773343800.0
1773343800.0,256.099915,256.205109,254.970001,255.750000,4532523.000000,1773347400.0
1773408600.0,255.399994,256.329987,254.640701,255.425003,5452768.000000,1773412200.0
1773412200.0,255.429993,255.809998,253.270004,253.300705,3280492.000000,1773415800.0
1773415800.0,253.330002,253.509995,251.850006,252.654999,3395163.000000,1773419400.0
1773419400.0,252.639999,252.970001,250.960007,251.179993,4343212.000000,1773423000.0
1773423000.0,251.184998,251.657501,250.779297,251.264008,2493737.000000,1773426600.0
1773426600.0,251.259995,251.845001,250.210007,250.294998,3296194.000000,1773430200.0
1773430200.0,250.279999,250.619995,249.520004,250.115005,6367474.000000,1773433800.0
1773667800.0,252.104996,253.589996,249.910004,253.235794,4604631.000000,1773671400.0
1773671400.0,253.220001,253.884995,252.919998,253.014999,2784630.000000,1773675000.0
1773675000.0,253.009995,253.539993,252.200104,252.365005,1738509.000000,1773678600.0
1773678600.0,252.350006,253.330002,252.199997,252.929993,1437485.000000,1773682200.0
1773682200.0,252.940002,253.059998,252.130005,252.919998,1544256.000000,1773685800.0
1773685800.0,252.921997,253.440002,252.270004,252.862000,1954982.000000,1773689400.0
1773689400.0,252.839996,253.059998,252.110001,252.779999,2287594.000000,1773693000.0
1773754200.0,253.078506,255.074997,252.179993,254.440002,3494086.000000,1773757800.0
1773757800.0,254.479996,254.949997,253.800797,254.169998,1412006.000000,1773761400.0
1773761400.0,254.149994,255.129898,253.660004,254.860001,1738870.000000,1773765000.0
1773765000.0,254.869995,255.029999,253.559998,253.919998,6074290.000000,1773768600.0
1773768600.0,253.910004,254.630005,253.884995,254.100006,0.000000,1773772200.0
1773772200.0,254.095001,254.330002,253.130096,253.770004,1332707.000000,1773775800.0
1773775800.0,253.779999,254.580002,253.679993,254.229996,1930468.000000,1773779400.0
1773840600.0,252.625000,254.940002,251.380005,252.354996,3152133.000000,1773844200.0
1773844200.0,252.339996,253.059998,252.080002,252.319901,2064997.000000,1773847800.0
1773847800.0,252.309998,252.330002,251.460007,251.570099,1753188.000000,1773851400.0
1773851400.0,251.574997,251.589996,250.389999,250.804993,1604382.000000,1773855000.0
1773855000.0,250.789993,251.647598,250.539993,250.960007,1514045.000000,1773858600.0
1773858600.0,250.940002,250.945007,249.610001,249.679993,1957409.000000,1773862200.0
1773862200.0,249.694000,250.350006,249.000000,249.910004,2998677.000000,1773865800.0
1773927000.0,249.399994,251.830002,247.300003,249.800003,5282204.000000,1773930600.0
1773930600.0,249.800995,250.710007,249.140106,249.410004,1824930.000000,1773934200.0
1773934200.0,249.410004,249.952606,248.880005,249.259995,1704879.000000,1773937800.0
1773937800.0,249.274994,249.419998,247.710007,248.280106,7064876.000000,1773941400.0
1773941400.0,248.294998,248.529907,247.669998,248.022003,0.000000,1773945000.0
1773945000.0,248.009995,249.589996,247.669998,248.470001,2599457.000000,1773948600.0
1773948600.0,248.440002,249.330002,248.289993,248.906998,2408615.000000,1773952200.0
1774013400.0,248.110001,248.759995,246.610001,247.759995,16388329.000000,1774017000.0
1774017000.0,247.809998,248.850006,247.160095,247.985001,6539448.000000,1774020600.0
1774020600.0,247.949997,249.059998,247.860001,248.619995,2911321.000000,1774024200.0
1774024200.0,248.630005,248.789993,248.080002,248.270004,2570162.000000,1774027800.0
1774027800.0,248.289993,248.759903,247.530106,248.039993,2895312.000000,1774031400.0
1774031400.0,248.089996,249.199905,247.589996,248.089996,3994932.000000,1774035000.0
1774035000.0,248.089996,248.199997,246.000000,248.190002,6366085.000000,1774038600.0
1774272600.0,253.990005,254.559998,251.020004,252.439896,9464664.000000,1774276200.0
1774276200.0,252.419998,252.919998,251.529999,252.579895,3394637.000000,1774279800.0
1774279800.0,252.589996,252.904999,250.675003,250.804993,4431092.000000,1774283400.0
1774283400.0,250.809998,251.750000,250.279999,250.919998,2569031.000000,1774287000.0
1774287000.0,250.955002,251.985001,250.899994,251.330002,2523158.000000,1774290600.0
1774290600.0,251.369995,252.414993,251.369995,251.764999,2979367.000000,1774294200.0
1774294200.0,251.764999,252.524994,250.970001,251.440002,4373303.000000,1774297800.0
1774359000.0,250.490005,253.119995,249.550003,252.470001,5324672.000000,1774362600.0
1774362600.0,252.440002,254.169998,251.740005,253.985001,4425199.000000,1774366200.0
1774366200.0,253.979996,254.824997,253.384903,254.589996,2900185.000000,1774369800.0
1774369800.0,254.596893,254.710007,252.764999,253.059998,2254333.000000,1774373400.0
1774373400.0,253.050003,253.539993,252.294998,252.570007,2463029.000000,1774377000.0
1774377000.0,252.589996,253.150101,252.080002,252.089600,2249663.000000,1774380600.0
1774380600.0,252.089905,252.130005,251.220001,251.750000,3583757.000000,1774384200.0
1774445400.0,254.020004,254.979996,251.600006,252.860001,5252200.000000,1774449000.0
1774449000.0,252.869995,254.289993,252.600006,254.244995,3411621.000000,1774452600.0
1774452600.0,254.240005,254.460007,253.089996,253.925003,2284849.000000,1774456200.0
1774456200.0,254.000000,254.649994,253.740005,254.145004,2123725.000000,1774459800.0
1774459800.0,254.119995,254.509995,253.735001,253.960007,1763468.000000,1774463400.0
1774463400.0,253.949997,254.054993,252.259995,252.625000,2548509.000000,1774467000.0
1774467000.0,252.634995,252.714996,252.009995,252.570007,3058584.000000,1774470600.0
1774531800.0,251.994995,256.239990,250.774994,255.910004,7345489.000000,1774535400.0
1774535400.0,255.899994,257.000000,255.509995,255.679993,5446373.000000,1774539000.0
1774539000.0,255.690002,256.769989,255.570007,256.100006,3382555.000000,1774542600.0
1774542600.0,256.100006,256.459991,254.590103,254.990005,3520903.000000,1774546200.0
1774546200.0,254.979996,255.115005,253.389999,253.824997,4260523.000000,1774549800.0
1774549800.0,253.850006,254.514999,253.139999,253.669998,3242928.000000,1774553400.0
1774553400.0,253.679993,253.725006,252.020004,252.880005,4420545.000000,1774557000.0
1774618200.0,253.910004,255.492996,252.780106,254.479996,9684416.000000,1774621800.0
1774621800.0,254.460007,254.690002,251.800003,252.619995,5252638.000000,1774625400.0
1774625400.0,252.619995,253.240005,251.690002,251.779999,3302520.000000,1774629000.0
1774629000.0,251.774994,252.759995,250.369995,250.410004,3282303.000000,1774632600.0
1774632600.0,250.410004,250.580002,248.634995,249.384995,4579763.000000,1774636200.0
1774636200.0,249.419998,249.520004,248.250000,248.409897,4113587.000000,1774639800.0
1774639800.0,248.410004,249.369995,248.070007,248.619995,5252096.000000,1774643400.0
1774877400.0,249.994995,250.839996,246.970001,247.830002,6260227.000000,1774881000.0
1774881000.0,247.820007,248.000000,246.039993,246.529999,4008529.000000,1774884600.0
1774884600.0,246.529999,247.210007,245.960007,246.020004,2817533.000000,1774888200.0
1774888200.0,246.009995,247.440002,245.960007,246.250000,2713501.000000,1774891800.0
1774891800.0,246.255005,247.320007,245.994995,246.480194,2877202.000000,1774895400.0
1774895400.0,246.509995,246.830002,245.830002,245.889999,2969148.000000,1774899000.0
1774899000.0,245.889999,247.039993,245.509995,246.539993,4551161.000000,1774902600.0
1774963800.0,247.889999,249.270004,247.639999,248.940094,5972142.000000,1774967400.0
1774967400.0,248.940094,249.009995,247.100998,248.429993,3461229.000000,1774971000.0
1774971000.0,248.449997,250.690002,247.660004,250.339996,3436143.000000,1774974600.0
1774974600.0,250.349899,253.929901,250.179993,253.225006,5752049.000000,1774978200.0
1774978200.0,253.179993,253.960007,252.399994,253.130005,3142090.000000,1774981800.0
1774981800.0,253.119995,254.125000,253.020004,253.669998,3514497.000000,1774985400.0
1774985400.0,253.669998,255.479996,253.279999,253.789993,7002121.000000,1774989000.0
1775050200.0,254.300003,256.179993,253.820007,254.120102,7295932.000000,1775053800.0
1775053800.0,254.190002,254.744995,253.330002,254.149994,3965408.000000,1775057400.0
1775057400.0,254.149994,254.820007,253.759995,254.430099,2571729.000000,1775061000.0
1775061000.0,254.440002,255.399994,254.220001,255.142197,4352734.000000,1775064600.0
1775064600.0,255.125000,255.279999,254.100006,254.309998,2614499.000000,1775068200.0
1775068200.0,254.320007,255.660004,253.970001,255.654999,3235556.000000,1775071800.0
1775071800.0,255.639999,256.130005,255.150101,255.690002,4782139.000000,1775075400.0
1775136600.0,254.139999,254.759995,250.649994,252.125000,6325362.000000,1775140200.0
1775140200.0,252.110001,255.720001,251.990005,255.119995,3633781.000000,1775143800.0
1775143800.0,255.164993,255.184998,254.000000,254.110001,1582954.000000,1775147400.0
1775147400.0,254.130005,255.485306,254.070007,255.335007,1421651.000000,1775151000.0
1775151000.0,255.335007,255.389999,254.309998,255.145004,1758702.000000,1775154600.0
1775154600.0,255.160004,255.699997,254.800095,255.119995,3309762.000000,1775158200.0
1775158200.0,255.100006,256.130005,254.800003,255.889999,3297591.000000,1775161800.0
1775482200.0,256.962494,262.019989,256.480011,261.760010,6693044.000000,1775485800.0
1775485800.0,261.760010,262.160004,258.970001,259.250000,3953211.000000,1775489400.0
1775489400.0,259.230103,259.630005,258.709991,259.040009,2022687.000000,1775493000.0
1775493000.0,259.029999,259.559998,257.910004,258.779999,2006161.000000,1775496600.0
1775496600.0,258.790009,259.390015,257.850006,259.279999,2071173.000000,1775500200.0
1775500200.0,259.280090,259.369904,258.019989,258.249908,2221241.000000,1775503800.0
1775503800.0,258.230011,259.075012,258.130005,258.886993,2757592.000000,1775507400.0
1775568600.0,254.720001,254.799896,247.570007,247.669998,13859963.000000,1775572200.0
1775572200.0,247.664993,248.190002,245.699997,247.820007,8526234.000000,1775575800.0
1775575800.0,247.820007,250.289902,247.399994,250.169998,6863002.000000,1775579400.0
1775579400.0,250.169998,253.389999,249.660095,251.585007,8239350.000000,1775583000.0
1775583000.0,251.615005,252.789993,251.289993,251.320007,3425924.000000,1775586600.0
1775586600.0,251.330002,252.500000,250.119995,251.955002,4257297.000000,1775590200.0
1775590200.0,251.921005,253.609894,251.440002,253.490005,5898745.000000,1775593800.0
1775655000.0,258.510010,259.749908,256.529999,258.130005,10222566.000000,1775658600.0
1775658600.0,258.140015,259.510010,257.510010,257.510010,4460093.000000,1775662200.0
1775662200.0,257.519989,258.399994,257.109985,257.428009,3452386.000000,1775665800.0
1775665800.0,257.424988,258.690002,257.424988,257.510010,2664363.000000,1775669400.0
1775669400.0,257.500000,258.149994,256.910004,257.239990,2940397.000000,1775673000.0
1775673000.0,257.230011,257.839996,257.089996,257.200012,3088380.000000,1775676600.0
1775676600.0,257.179993,258.989990,257.179993,258.929993,3893271.000000,1775680200.0
1775741400.0,259.369995,260.029999,256.070007,257.839996,5914405.000000,1775745000.0
1775745000.0,257.809998,258.260010,257.350098,257.549988,2479856.000000,1775748600.0
1775748600.0,257.515015,259.470001,257.476013,259.119995,2615049.000000,1775752200.0
1775752200.0,259.119995,260.529999,258.804993,260.054993,2292578.000000,1775755800.0
1775755800.0,260.049988,260.450012,259.299988,259.625000,1852839.000000,1775759400.0
1775759400.0,259.609985,260.339996,259.450012,260.059998,2088354.000000,1775763000.0
1775763000.0,260.049988,261.119995,260.024994,260.390015,2894901.000000,1775766600.0
1775827800.0,259.950012,261.850006,259.070007,261.565002,5479310.000000,1775831400.0
1775831400.0,261.565002,262.190002,261.139709,261.290009,3021703.000000,1775835000.0
1775835000.0,261.319885,261.750000,260.429993,260.535095,2476645.000000,1775838600.0
1775838600.0,260.545013,260.559998,259.200012,259.239990,2249096.000000,1775842200.0
1775842200.0,259.239990,260.144989,259.023102,260.119995,1925290.000000,1775845800.0
1775845800.0,260.109985,260.200012,259.350006,259.720001,2386313.000000,1775849400.0
1775849400.0,259.720001,260.535004,259.290009,260.380005,3655071.000000,1775853000.0
1776087000.0,259.679993,259.779999,256.660004,257.320007,6263854.000000,1776090600.0
1776090600.0,257.309998,257.880005,257.100006,257.709991,3495796.000000,1776094200.0
1776094200.0,257.730011,257.875000,256.790009,257.779999,3136398.000000,1776097800.0
1776097800.0,257.790100,258.339996,257.515106,257.864990,2360343.000000,1776101400.0
1776101400.0,257.859985,258.200012,257.519989,257.880005,2113453.000000,1776105000.0
1776105000.0,257.864990,258.480011,257.799988,257.850006,2513031.000000,1776108600.0
1776108600.0,257.845001,259.579987,257.589996,259.209991,5022608.000000,1776112200.0
1776173400.0,259.100006,261.929993,259.029999,259.339996,8135429.000000,1776177000.0
1776177000.0,259.329987,259.429993,257.609985,258.055389,4964907.000000,1776180600.0
1776180600.0,258.049988,258.390015,257.190094,257.700012,4016733.000000,1776184200.0
1776184200.0,257.690002,259.765106,257.619995,258.660004,4098111.000000,1776187800.0
1776187800.0,258.660004,258.970001,257.750000,258.779999,2712760.000000,1776191400.0
1776191400.0,258.779999,258.809998,257.750000,258.325012,3074143.000000,1776195000.0
1776195000.0,258.325012,258.859985,258.149994,258.855011,5322365.000000,1776198600.0
1776259800.0,258.095001,261.040009,257.820007,260.679993,8314756.000000,1776263400.0
1776263400.0,260.700012,264.109985,260.420013,263.179993,7448665.000000,1776267000.0
1776267000.0,263.184998,265.500000,262.984985,264.579010,5556537.000000,1776270600.0
1776270600.0,264.570007,265.790009,264.239990,264.945007,4374751.000000,1776274200.0
1776274200.0,264.910004,265.299988,264.299988,265.179993,2750108.000000,1776277800.0
1776277800.0,265.190002,265.864990,265.190002,265.339996,2971178.000000,1776281400.0
1776281400.0,265.309998,266.559998,265.250000,266.369995,6497059.000000,1776285000.0
1776346200.0,266.799988,267.160004,261.309998,262.059998,11554343.000000,1776349800.0
1776349800.0,262.089996,262.730011,261.269989,262.250000,4797954.000000,1776353400.0
1776353400.0,262.250000,264.389801,262.190002,264.080109,4125437.000000,1776357000.0
1776357000.0,264.089996,264.168610,263.089996,263.519989,2692302.000000,1776360600.0
1776360600.0,263.529999,264.170013,263.290009,263.579987,2435729.000000,1776364200.0
1776364200.0,263.589996,264.549988,263.480011,263.634094,3260194.000000,1776367800.0
1776367800.0,263.630005,264.250000,263.260010,263.359985,3667931.000000,1776371400.0
1776432600.0,267.097992,269.790009,266.720001,268.584991,16349267.000000,1776436200.0
1776436200.0,268.635010,272.100006,268.440002,271.940002,7480237.000000,1776439800.0
1776439800.0,271.950012,272.299988,270.769989,271.549988,4036285.000000,1776443400.0
1776443400.0,271.559998,271.739899,270.179993,270.579987,6141486.000000,1776447000.0
1776447000.0,270.579987,270.730011,269.920013,270.190002,2909144.000000,1776450600.0
1776450600.0,270.190002,270.799988,269.529999,269.695007,4089699.000000,1776454200.0
1776454200.0,269.709991,270.529999,269.660095,270.184998,4777998.000000,1776457800.0
1776691800.0,270.329987,274.274994,270.329987,273.380005,9800654.000000,1776695400.0
1776695400.0,273.389893,273.850006,271.720001,272.880005,4154551.000000,1776699000.0
1776699000.0,272.829987,272.910004,272.079987,272.570007,2499488.000000,1776702600.0
1776702600.0,272.589996,273.135010,271.839996,272.190002,2403500.000000,1776706200.0
1776706200.0,272.170013,273.640015,271.980011,273.450012,2711593.000000,1776709800.0
1776709800.0,273.459991,273.459991,272.670013,272.690002,2176297.000000,1776713400.0
1776713400.0,272.649994,273.160004,272.269989,272.929993,3689439.000000,1776717000.0
1776778200.0,271.445007,272.799988,269.369995,269.580109,8494357.000000,1776781800.0
1776781800.0,269.565002,269.850006,267.750000,267.929993,5401167.000000,1776785400.0
1776785400.0,267.920013,268.019989,265.809998,265.859985,5635814.000000,1776789000.0
1776789000.0,265.859985,266.880005,265.399994,266.160004,6382916.000000,1776792600.0
1776792600.0,266.179993,267.000000,266.059998,266.375000,3327326.000000,1776796200.0
1776796200.0,266.380005,268.190002,266.380005,267.959991,5107191.000000,1776799800.0
1776799800.0,267.964996,267.970001,265.869995,266.220001,6237992.000000,1776803400.0
1776864600.0,267.820007,271.940002,266.869995,271.940002,11027751.000000,1776868200.0
1776868200.0,271.940002,272.765015,270.980011,272.400085,5075100.000000,1776871800.0
1776871800.0,272.390015,273.505005,272.260010,272.690002,4099370.000000,1776875400.0
1776875400.0,272.704987,273.420013,272.359985,273.209991,2955513.000000,1776879000.0
1776879000.0,273.218994,273.739990,272.630005,272.684998,3034300.000000,1776882600.0
1776882600.0,272.709991,272.820007,272.100494,272.709991,2582682.000000,1776886200.0
1776886200.0,272.714996,273.260010,272.549988,273.190002,4278621.000000,1776889800.0
1776951000.0,275.045013,275.769989,273.135498,273.904999,6409699.000000,1776954600.0
1776954600.0,273.970001,274.309906,273.269989,273.679993,2403732.000000,1776958200.0
1776958200.0,273.630005,274.410004,273.030487,273.600006,2252095.000000,1776961800.0
1776961800.0,273.614990,273.992706,272.090088,272.239990,4159022.000000,1776965400.0
1776965400.0,272.250000,273.799988,271.649994,273.660004,3978695.000000,1776969000.0
1776969000.0,273.660004,274.545013,273.529999,274.170013,2790476.000000,1776972600.0
1776972600.0,274.149994,274.259888,273.059998,273.440002,2753801.000000,1776976200.0
1777037400.0,272.760010,273.059998,270.100006,272.070007,6679041.000000,1777041000.0
1777041000.0,272.100006,272.589996,270.570099,270.679993,2757059.000000,1777044600.0
1777044600.0,270.690002,271.679993,269.799988,270.989990,3542918.000000,1777048200.0
1777048200.0,271.000000,271.152008,269.649994,270.065002,3376037.000000,1777051800.0
1777051800.0,270.049988,270.299988,269.720001,269.959991,3006016.000000,1777055400.0
1777055400.0,269.970001,270.380005,269.859985,270.089996,3623118.000000,1777059000.0
1777059000.0,270.089996,271.480011,270.000000,271.059998,4744314.000000,1777062600.0
1777296600.0,266.089996,268.359985,265.070007,267.359985,10219067.000000,1777300200.0
1777300200.0,267.390015,267.799988,266.619995,267.109985,3251687.000000,1777303800.0
1777303800.0,267.140015,267.640015,266.260010,266.295013,2679704.000000,1777307400.0
1777307400.0,266.290009,267.029999,266.290009,266.839996,2950643.000000,1777311000.0
1777311000.0,266.829987,267.049988,266.089996,266.349915,2558668.000000,1777314600.0
1777314600.0,266.350006,267.214996,266.130005,267.149994,2713356.000000,1777318200.0
1777318200.0,267.160004,267.959991,267.049988,267.679993,4077895.000000,1777321800.0
1777383000.0,272.334991,273.220001,268.660004,271.279907,9095136.000000,1777386600.0
1777386600.0,271.279999,271.829987,270.290009,270.325012,5340855.000000,1777390200.0
1777390200.0,270.325012,270.565002,269.331299,269.515991,2719213.000000,1777393800.0
1777393800.0,269.494995,270.130005,269.440186,269.869995,1855230.000000,1777397400.0
1777397400.0,269.869995,270.915009,269.790009,270.500000,2765318.000000,1777401000.0
1777401000.0,270.500000,270.630005,269.890015,270.225006,2300165.000000,1777404600.0
1777404600.0,270.230011,270.945007,269.994995,270.760010,3115541.000000,1777408200.0
1777469400.0,267.859894,270.311798,267.200012,269.399994,5646330.000000,1777473000.0
1777473000.0,269.410004,269.929993,268.730011,268.839996,2444917.000000,1777476600.0
1777476600.0,268.824493,270.146606,268.200012,269.825012,2865276.000000,1777480200.0
1777480200.0,269.829987,271.040009,269.750000,270.200012,2163618.000000,1777483800.0
1777483800.0,270.209991,270.589996,269.640015,269.739990,1643753.000000,1777487400.0
1777487400.0,269.734985,270.445007,269.369995,270.279999,1887172.000000,1777491000.0
1777491000.0,270.269989,270.359985,269.609985,270.190002,3051798.000000,1777494600.0
1777555800.0,270.500000,272.200012,268.140015,271.919006,9777419.000000,1777559400.0
1777559400.0,272.000000,272.200012,270.730011,271.519989,4122597.000000,1777563000.0
1777563000.0,271.524994,273.099915,271.179993,273.059998,4223495.000000,1777566600.0
1777566600.0,273.079987,273.760010,271.679993,272.785004,4453968.000000,1777570200.0
1777570200.0,273.109985,274.200012,272.799988,273.600006,4048095.000000,1777573800.0
1777573800.0,273.579987,274.489990,272.820007,274.489990,4534270.000000,1777577400.0
1777577400.0,274.470001,275.940002,270.339996,271.359985,14238265.000000,1777581000.0
1777642200.0,281.399994,287.209991,278.369995,285.339996,30058496.000000,1777645800.0
1777645800.0,285.340088,285.600006,281.459991,283.950012,9289199.000000,1777649400.0
1777649400.0,283.954987,285.489990,283.200012,283.954987,9693580.000000,1777653000.0
1777653000.0,283.954987,284.109985,282.395111,282.809998,5060158.000000,1777656600.0
1777656600.0,282.804993,282.820007,280.640106,281.230011,4791832.000000,1777660200.0
1777660200.0,281.239990,281.239990,279.739990,280.349915,4824173.000000,1777663800.0
1777663800.0,280.339996,280.690002,279.609985,280.149994,5835827.000000,1777667400.0
1777901400.0,279.654999,280.630005,274.860107,276.253601,11843654.000000,1777905000.0
1777905000.0,276.274994,278.000000,276.070007,276.834991,5095478.000000,1777908600.0
1777908600.0,276.850006,277.369995,275.450012,276.089996,3294311.000000,1777912200.0
1777912200.0,276.100006,277.339996,275.980011,277.040009,2386442.000000,1777915800.0
1777915800.0,277.059998,277.420013,276.630005,276.769989,2422618.000000,1777919400.0
1777919400.0,276.769989,277.670013,276.260010,277.078491,3114535.000000,1777923000.0
1777923000.0,277.079987,277.320007,276.510010,276.839996,4124586.000000,1777926600.0
1777987800.0,276.899994,281.380005,276.501007,281.190002,9001566.000000,1777991400.0
1777991400.0,281.179993,283.209991,279.709991,280.220001,6121481.000000,1777995000.0
1777995000.0,280.230011,281.559998,279.845001,281.399994,3040049.000000,1777998600.0
1777998600.0,281.390015,284.570007,281.329987,282.815002,5146396.000000,1778002200.0
1778002200.0,282.809998,284.279999,282.352692,284.250092,3957543.000000,1778005800.0
1778005800.0,284.255005,284.450012,283.420013,284.209991,3606272.000000,1778009400.0
1778009400.0,284.220001,284.329987,283.450012,284.170013,4695212.000000,1778013000.0
1778074200.0,281.915009,286.720001,281.075012,286.109985,11276788.000000,1778077800.0
1778077800.0,286.130005,286.339996,283.880005,284.739990,6691628.000000,1778081400.0
1778081400.0,284.739990,286.369995,284.649994,286.260010,4527443.000000,1778085000.0
1778085000.0,286.255005,287.130005,285.709991,286.734985,3689933.000000,1778088600.0
1778088600.0,286.730011,287.850006,286.570007,287.179993,3878452.000000,1778092200.0
1778092200.0,287.165894,287.899994,286.665009,287.760010,4158472.000000,1778095800.0
1778095800.0,287.760010,288.029999,287.040009,287.529999,5753679.000000,1778099400.0
1778160600.0,289.269989,292.130005,288.200012,290.470001,11895992.000000,1778164200.0
1778164200.0,290.470001,291.390015,289.920013,290.200104,4189077.000000,1778167800.0
1778167800.0,290.200012,290.739990,288.779999,289.410004,3696404.000000,1778171400.0
1778171400.0,289.424988,289.654999,288.239990,288.765015,3128141.000000,1778175000.0
1778175000.0,288.859985,289.769989,287.899994,288.269989,3005535.000000,1778178600.0
1778178600.0,288.279999,288.339996,285.779999,286.739990,4941011.000000,1778182200.0
1778182200.0,286.734985,287.559998,286.279999,287.470001,3254466.000000,1778185800.0
1778247000.0,290.109985,294.554993,290.000000,293.785004,11356891.000000,1778250600.0
1778250600.0,293.769989,294.760010,292.420013,292.850006,7279310.000000,1778254200.0
1778254200.0,292.850006,293.040009,292.180115,292.799988,3193255.000000,1778257800.0
1778257800.0,292.799988,292.799988,291.750092,292.149994,4004012.000000,1778261400.0
1778261400.0,292.140015,292.859985,292.070007,292.722992,2447225.000000,1778265000.0
1778265000.0,292.765106,293.600006,292.390015,293.429993,3970651.000000,1778268600.0
1778268600.0,293.450012,294.250000,293.100006,293.279999,6088677.000000,1778272200.0
1778506200.0,291.979004,293.149994,290.230011,292.045013,9227947.000000,1778509800.0
1778509800.0,292.045013,293.589996,291.750000,293.369904,4290117.000000,1778513400.0
1778513400.0,293.369995,293.880005,291.821411,292.415009,3777650.000000,1778517000.0
1778517000.0,292.415009,292.704987,290.630005,291.940002,3556324.000000,1778520600.0
1778520600.0,291.939911,292.980011,291.725006,291.739990,2587000.000000,1778524200.0
1778524200.0,291.739990,292.209900,290.859985,292.149994,2874040.000000,1778527800.0
1778527800.0,292.145905,292.799988,291.809998,292.739990,3307424.000000,1778531400.0
1778592600.0,292.755005,294.809998,292.614990,293.939911,11112742.000000,1778596200.0
1778596200.0,294.024994,294.899902,293.250000,294.369995,4316772.000000,1778599800.0
1778599800.0,294.359985,294.779999,293.459991,293.959991,2815308.000000,1778603400.0
1778603400.0,293.950012,294.589996,293.380005,293.899994,3097799.000000,1778607000.0
1778607000.0,293.899994,294.660004,293.690002,294.649994,3363937.000000,1778610600.0
1778610600.0,294.619995,294.920013,294.000000,294.800690,3451447.000000,1778614200.0
1778614200.0,294.799988,295.269989,294.359985,294.869995,4049102.000000,1778617800.0
1778679000.0,293.630005,297.509796,293.559998,295.149994,10759626.000000,1778682600.0
1778682600.0,295.450104,297.250000,295.160004,296.940002,4349743.000000,1778686200.0
1778686200.0,296.934998,298.549988,296.720795,298.400085,4139108.000000,1778689800.0
1778689800.0,298.390015,300.369995,298.330994,300.125000,6943795.000000,1778693400.0
1778693400.0,300.109985,300.920013,299.709991,299.714996,4870507.000000,1778697000.0
1778697000.0,299.709991,299.720001,298.614990,299.149994,3364858.000000,1778700600.0
1778700600.0,299.149994,299.480011,298.850006,298.880005,3870507.000000,1778704200.0
1778765400.0,299.820007,300.350006,297.079987,297.934998,7145581.000000,1778769000.0
1778769000.0,297.950012,299.470001,297.579987,299.065002,3728318.000000,1778772600.0
1778772600.0,299.070007,299.359985,298.279999,298.309906,3199871.000000,1778776200.0
1778776200.0,298.309998,298.512512,295.380005,298.380005,4489806.000000,1778779800.0
1778779800.0,298.408997,298.629913,297.549988,298.369995,2323271.000000,1778783400.0
1778783400.0,298.364990,299.200012,298.222992,299.075012,2930714.000000,1778787000.0
1778787000.0,299.079987,299.079987,297.880005,298.165009,3098706.000000,1778790600.0
1778851800.0,297.755005,299.850006,296.529999,299.290009,10451647.000000,1778855400.0
1778855400.0,299.269989,302.790009,299.239990,301.969513,8526677.000000,1778859000.0
1778859000.0,301.989990,302.600006,300.640015,301.809998,4948994.000000,1778862600.0
1778862600.0,301.790009,303.200012,301.484985,303.119995,4106966.000000,1778866200.0
1778866200.0,302.970001,303.140015,301.118011,301.265015,4178682.000000,1778869800.0
1778869800.0,301.279999,301.760010,299.880005,300.263397,4233250.000000,1778873400.0
1778873400.0,300.279999,300.660004,299.630005,300.220001,4618896.000000,1778877000.0
1779111000.0,300.239990,300.630005,296.700012,298.165009,7655183.000000,1779114600.0
1779114600.0,298.140015,298.579987,295.480011,295.480011,3859797.000000,1779118200.0
1779118200.0,295.519989,296.809998,295.019989,295.250000,2469524.000000,1779121800.0
1779121800.0,295.269989,296.679993,294.910004,296.170288,3252874.000000,1779125400.0
1779125400.0,296.010010,296.684998,295.519989,296.079987,3619911.000000,1779129000.0
1779129000.0,296.149902,297.730011,295.450012,297.077301,3607433.000000,1779132600.0
1779132600.0,297.089996,297.920013,296.904999,297.899994,2992205.000000,1779136200.0
1779197400.0,298.000000,300.510010,296.839996,296.910004,9798484.000000,1779201000.0
1779201000.0,296.929993,297.750000,296.519989,297.070007,3231900.000000,1779204600.0
1779204600.0,297.059998,297.579987,296.364990,297.424988,3248136.000000,1779208200.0
1779208200.0,297.410004,298.730011,297.359985,298.249512,2831155.000000,1779211800.0
1779211800.0,298.250000,298.486908,297.839996,297.890015,1931011.000000,1779215400.0
1779215400.0,297.869995,298.440002,297.489990,298.380005,2365400.000000,1779219000.0
1779219000.0,298.390015,299.220001,297.839996,298.980011,3821190.000000,1779222600.0
1779283800.0,298.179993,302.369995,298.089996,299.519989,7471000.000000,1779287400.0
1779287400.0,299.510010,300.510010,299.070007,299.160004,3782669.000000,1779291000.0
1779291000.0,299.160004,300.320007,298.670013,300.005005,2831757.000000,1779294600.0
1779294600.0,299.989990,301.269989,299.570007,301.049988,2841773.000000,1779298200.0
1779298200.0,301.059998,301.720001,300.910004,301.470001,3006343.000000,1779301800.0
1779301800.0,301.470001,302.799988,301.470001,302.190002,4224441.000000,1779305400.0
1779305400.0,302.200012,302.519989,301.857513,302.265015,3803278.000000,1779309000.0
1779370200.0,301.049988,303.070007,300.399994,301.950897,6886720.000000,1779373800.0
1779373800.0,301.929993,303.359985,301.580109,303.024994,3181261.000000,1779377400.0
1779377400.0,303.024994,304.244293,302.910004,303.636993,3064971.000000,1779381000.0
1779381000.0,303.619995,304.679993,303.049896,304.591003,3041858.000000,1779384600.0
1779384600.0,304.609985,305.100006,304.359985,304.619995,3185835.000000,1779388200.0
1779388200.0,304.619995,305.325012,303.890015,305.226807,3338522.000000,1779391800.0
1779391800.0,305.220001,305.539001,304.510010,305.089996,4457107.000000,1779395400.0
1779456600.0,306.059998,309.269989,305.850006,308.640015,9515427.000000,1779460200.0
1779460200.0,308.635010,311.399994,308.619995,311.005005,7739013.000000,1779463800.0
1779463800.0,311.000000,311.040009,309.720001,309.920013,4700296.000000,1779467400.0
1779467400.0,309.929993,309.989990,308.820007,309.860107,3550329.000000,1779471000.0
1779471000.0,309.869995,310.154999,308.950012,309.309998,2598845.000000,1779474600.0
1779474600.0,309.315002,309.579987,308.640015,308.700012,2681340.000000,1779478200.0
1779478200.0,308.700012,309.399994,307.970001,308.880005,4183601.000000,1779481800.0
1779802200.0,309.399994,311.820007,309.350006,311.720001,9245876.000000,1779805800.0
1779805800.0,311.730011,311.809998,310.859985,311.359985,3935923.000000,1779809400.0
1779809400.0,311.380005,311.570007,309.769989,310.470490,3714586.000000,1779813000.0
1779813000.0,310.484985,310.769989,309.029999,309.184998,5208906.000000,1779816600.0
1779816600.0,309.190002,310.200012,309.109985,309.829987,2909764.000000,1779820200.0
1779820200.0,309.839996,310.059998,308.079987,308.379913,3079448.000000,1779823800.0
1779823800.0,308.360107,308.959991,307.670013,308.380005,4315325.000000,1779827400.0
1779888600.0,308.440002,312.769989,308.329987,311.260010,9481867.000000,1779892200.0
1779892200.0,311.260010,313.260010,311.190002,311.774994,11989445.000000,1779895800.0
1779895800.0,311.790009,312.140015,310.700104,311.234985,4954830.000000,1779899400.0
1779899400.0,311.234985,311.484985,310.380005,310.470001,3377025.000000,1779903000.0
1779903000.0,310.470001,311.000000,310.309998,310.829987,2683160.000000,1779906600.0
1779906600.0,310.823212,310.880005,309.769989,309.820007,2810007.000000,1779910200.0
1779910200.0,309.820007,311.100006,309.519989,310.929993,4216251.000000,1779913800.0
1779975000.0,310.679993,312.760010,309.600006,311.700012,7569372.000000,1779978600.0
1779978600.0,311.700012,311.970001,311.049988,311.825012,3612059.000000,1779982200.0
1779982200.0,311.825012,311.945007,310.307495,310.440002,3704416.000000,1779985800.0
1779985800.0,310.445007,311.619995,309.570007,310.799988,3879761.000000,1779989400.0
1779989400.0,310.815002,311.019989,310.109985,310.839996,3474234.000000,1779993000.0
1779993000.0,310.790009,311.355011,310.250000,311.315002,4929905.000000,1779996600.0
1779996600.0,311.315002,312.559998,310.970001,312.500000,4816549.000000,1780000200.0
1780061400.0,311.774994,315.000000,311.500000,313.674988,8454465.000000,1780065000.0
1780065000.0,313.660004,314.059998,310.420013,311.799988,5826258.000000,1780068600.0
1780068600.0,311.829987,312.019989,310.450012,311.190094,2789979.000000,1780072200.0
1780072200.0,311.200012,311.690002,310.200012,310.420013,3360906.000000,1780075800.0
1780075800.0,310.420013,310.559998,309.529999,310.260010,3479522.000000,1780079400.0
1780079400.0,310.260010,311.630005,310.209991,311.445007,4045756.000000,1780083000.0
1780083000.0,311.450012,313.109985,311.359985,312.070007,5323698.000000,1780086600.0
1780320600.0,309.535004,310.929993,307.799988,307.839996,10175199.000000,1780324200.0
1780324200.0,307.809998,308.470001,306.299988,306.575104,5691006.000000,1780327800.0
1780327800.0,306.559998,307.260010,305.489990,305.720001,4171810.000000,1780331400.0
1780331400.0,305.739990,306.529999,305.029999,306.470001,3705835.000000,1780335000.0
1780335000.0,306.519989,308.399994,306.309998,307.869995,3768496.000000,1780338600.0
1780338600.0,307.864990,308.325012,307.329987,307.429993,3948458.000000,1780342200.0
1780342200.0,307.434998,308.040009,305.909912,306.320007,5261936.000000,1780345800.0
1780407000.0,307.459991,310.470001,306.720001,310.339996,7411659.000000,1780410600.0
1780410600.0,310.375000,312.929993,309.260010,312.709991,4895435.000000,1780414200.0
1780414200.0,312.700012,313.149994,312.040009,312.489990,3617660.000000,1780417800.0
1780417800.0,312.480011,315.100006,311.899994,314.679993,5289704.000000,1780421400.0
1780421400.0,314.679993,315.450012,313.755005,314.239990,3783245.000000,1780425000.0
1780425000.0,314.259888,315.220001,314.190002,314.765015,3482397.000000,1780428600.0
1780428600.0,314.760010,315.440002,314.029999,315.190002,4596467.000000,1780432200.0
1780493400.0,314.174988,316.940002,314.000000,314.350006,9396189.000000,1780497000.0
1780497000.0,314.369995,314.649994,310.309998,311.660004,6549146.000000,1780500600.0
1780500600.0,311.640015,312.190002,309.510010,309.760101,6552624.000000,1780504200.0
1780504200.0,309.760010,310.464996,308.850006,309.209991,3649007.000000,1780507800.0
1780507800.0,309.195007,309.980011,308.980011,309.839996,2467933.000000,1780511400.0
1780511400.0,309.839996,310.540009,309.269989,310.415009,3123761.000000,1780515000.0
1780515000.0,310.415009,311.100006,309.200012,310.380005,6562646.000000,1780518600.0
1780579800.0,313.304993,313.540009,309.900085,310.250000,9640009.000000,1780583400.0
1780583400.0,310.260010,311.350006,309.799988,310.399994,3601740.000000,1780587000.0
1780587000.0,310.410004,311.109985,309.649994,310.630005,3102831.000000,1780590600.0
1780590600.0,310.630005,311.790009,310.480011,311.665009,3514607.000000,1780594200.0
1780594200.0,311.670013,311.975006,310.989990,311.420013,2206917.000000,1780597800.0
1780597800.0,311.410004,312.070007,311.359192,311.940002,2612939.000000,1780601400.0
1780601400.0,311.940002,311.959991,310.260010,311.160004,4150477.000000,1780605000.0
1780666200.0,312.989990,315.170013,312.399994,313.424988,10660699.000000,1780669800.0
1780669800.0,313.420013,314.750000,312.239990,313.429993,4746478.000000,1780673400.0
1780673400.0,313.420013,314.149902,311.850006,312.000000,4534835.000000,1780677000.0
1780677000.0,312.005005,312.149994,309.579987,311.510010,7722107.000000,1780680600.0
1780680600.0,311.494995,312.799988,311.380005,311.526001,4435527.000000,1780684200.0
1780684200.0,311.540009,312.019989,307.149994,308.910004,11256615.000000,1780687800.0
1780687800.0,308.880005,308.980011,307.359985,307.390015,7276594.000000,1780691400.0
1780925400.0,308.739014,315.170013,308.522003,311.975006,10861725.000000,1780929000.0
1780929000.0,311.959991,315.359985,311.779999,313.929993,5519448.000000,1780932600.0
1780932600.0,313.929993,314.989990,313.320007,313.665009,4972235.000000,1780936200.0
1780936200.0,313.679993,314.690002,312.209991,314.570007,5529465.000000,1780939800.0
1780939800.0,314.565002,317.399994,303.709991,304.859985,19927828.000000,1780943400.0
1780943400.0,304.899994,305.529999,302.050110,302.704987,9894127.000000,1780947000.0
1780947000.0,302.709991,303.244507,301.170013,301.570007,7298835.000000,1780950600.0
1781011800.0,300.274994,300.720001,292.209991,292.529999,15558354.000000,1781015400.0
1781015400.0,292.519196,293.880005,291.500000,291.579987,9159006.000000,1781019000.0
1781019000.0,291.559998,291.980011,289.480011,289.500000,8529475.000000,1781022600.0
1781022600.0,289.500000,291.130005,287.779999,290.459991,8503325.000000,1781026200.0
1781026200.0,290.440002,290.950012,289.339996,290.950012,4788451.000000,1781029800.0
1781029800.0,290.940002,291.920013,290.290009,291.130005,5060332.000000,1781033400.0
1781033400.0,291.119995,291.679993,288.799988,290.359985,7035820.000000,1781037000.0
1781098200.0,290.765015,291.190002,287.380005,289.734985,10605790.000000,1781101800.0
1781101800.0,289.709991,290.649994,288.445007,289.989990,6107494.000000,1781105400.0
1781105400.0,289.950012,291.739990,289.739990,291.730011,4540251.000000,1781109000.0
1781109000.0,291.739990,293.229492,291.356506,293.150085,5485757.000000,1781112600.0
1781112600.0,293.160004,294.744995,292.510406,294.309998,6365580.000000,1781116200.0
1781116200.0,294.299988,294.299988,291.619995,291.929993,4615300.000000,1781119800.0
1781119800.0,291.920013,292.940002,291.390015,291.500000,4931671.000000,1781123400.0
1781184600.0,293.720001,293.950012,289.750000,290.579987,7113950.000000,1781188200.0
1781188200.0,290.609985,291.820007,289.600006,291.190002,4285370.000000,1781191800.0
1781191800.0,291.179993,293.944397,291.061493,292.984985,3842780.000000,1781195400.0
1781195400.0,292.959991,296.000000,292.910004,295.954987,3619906.000000,1781199000.0
1781199000.0,295.989990,297.000000,295.130005,295.540009,4161010.000000,1781202600.0
1781202600.0,295.540100,296.070007,295.019989,295.399994,3129975.000000,1781206200.0
1781206200.0,295.410004,296.179993,294.700012,295.359985,5661836.000000,1781209800.0
1781271000.0,296.079987,297.140015,290.609985,291.994995,9097938.000000,1781274600.0
1781274600.0,291.980011,292.989990,290.010010,292.875000,4537684.000000,1781278200.0
1781278200.0,292.859985,292.859985,290.809998,291.579987,3654099.000000,1781281800.0
1781281800.0,291.570007,292.244995,290.750000,291.460114,3070602.000000,1781285400.0
1781285400.0,291.480011,291.510010,289.619995,290.225006,3083422.000000,1781289000.0
1781289000.0,290.220001,290.970001,290.220001,290.640015,3042374.000000,1781292600.0
1781292600.0,290.640015,291.640015,290.190002,291.079987,4023717.000000,1781296200.0
1781530200.0,294.119995,296.328613,291.700012,295.679993,9626670.000000,1781533800.0
1781533800.0,295.709991,296.899994,295.399994,296.529999,4048336.000000,1781537400.0
1781537400.0,296.540009,297.779999,296.220001,297.239990,3767794.000000,1781541000.0
1781541000.0,297.230011,297.364990,296.250000,296.660004,2821133.000000,1781544600.0
1781544600.0,296.660004,297.000000,294.959991,295.070007,3434466.000000,1781548200.0
1781548200.0,295.075012,296.609985,295.010010,296.500000,3208031.000000,1781551800.0
1781551800.0,296.494995,296.670013,295.609985,296.420013,18202384.000000,1781555400.0
1781616600.0,295.244995,298.000000,293.970001,297.535004,6748020.000000,1781620200.0
1781620200.0,297.535004,298.450012,296.950012,298.200012,4597668.000000,1781623800.0
1781623800.0,298.220001,299.274994,297.500000,298.940002,3946079.000000,1781627400.0
1781627400.0,298.940002,300.480011,298.804108,300.274994,3798624.000000,1781631000.0
1781631000.0,300.260010,300.459991,298.567993,298.725006,2578695.000000,1781634600.0
1781634600.0,298.720093,299.630310,298.220001,298.339996,3427537.000000,1781638200.0
1781638200.0,298.329987,299.489990,298.230011,299.250000,4462522.000000,1781641800.0
1781703000.0,300.845001,302.070007,299.221985,300.450012,6436096.000000,1781706600.0
1781706600.0,300.450012,300.539490,297.089996,297.429993,4056794.000000,1781710200.0
1781710200.0,297.429993,299.160004,296.640015,298.614990,3750244.000000,1781713800.0
1781713800.0,298.629791,298.744995,296.570007,296.809998,2613201.000000,1781717400.0
1781717400.0,296.799988,297.600006,295.329987,295.834991,3339881.000000,1781721000.0
1781721000.0,295.820007,296.420013,294.380005,295.184998,4315796.000000,1781724600.0
1781724600.0,295.160004,296.220001,294.589996,295.880005,4437435.000000,1781728200.0
1781789400.0,298.440002,300.459900,295.619995,299.609985,26189695.000000,1781793000.0
1781793000.0,299.614990,300.570007,296.959991,297.109985,8140647.000000,1781796600.0
1781796600.0,297.100006,297.730011,295.950012,297.489990,4986655.000000,1781800200.0
1781800200.0,297.484985,298.359894,296.839996,297.820007,3319629.000000,1781803800.0
1781803800.0,297.825012,297.984985,297.010010,297.109985,2384713.000000,1781807400.0
1781807400.0,297.140015,298.070007,297.040100,297.380005,2773331.000000,1781811000.0
1781811000.0,297.359985,299.239410,297.059998,297.890015,5250521.000000,1781814600.0
1782135000.0,297.500000,302.420013,297.500000,301.200012,8668767.000000,1782138600.0
1782138600.0,301.209991,301.230011,299.035004,299.940002,4311646.000000,1782142200.0
1782142200.0,299.940002,301.429901,299.750000,300.539886,2951222.000000,1782145800.0
1782145800.0,300.519989,300.679993,299.450012,299.809998,2690789.000000,1782149400.0
1782149400.0,299.815002,299.859985,298.583008,298.920013,2455391.000000,1782153000.0
1782153000.0,298.920013,299.339996,298.590088,299.059998,2926458.000000,1782156600.0
1782156600.0,299.059998,299.089996,296.790009,296.790009,6099091.000000,1782160200.0
1782221400.0,296.500000,301.640015,296.200012,300.506592,9260481.000000,1782225000.0
1782225000.0,300.519989,300.880005,298.399994,298.549988,4488606.000000,1782228600.0
1782228600.0,298.545013,298.885010,297.350006,298.619904,3832130.000000,1782232200.0
1782232200.0,298.584991,299.470001,297.880005,299.394989,3364678.000000,1782235800.0
1782235800.0,299.394989,300.084991,298.339996,298.519989,3348073.000000,1782239400.0
1782239400.0,298.524994,298.867615,295.309998,295.840088,5096967.000000,1782243000.0
1782243000.0,295.839996,296.500000,294.212006,294.279999,7805347.000000,1782246600.0
1782307800.0,295.375000,296.459991,293.200012,295.464996,6118447.000000,1782311400.0
1782311400.0,295.459991,298.880005,295.109985,298.785004,4101414.000000,1782315000.0
1782315000.0,298.760010,299.700012,297.839600,298.070007,3791472.000000,1782318600.0
1782318600.0,298.049988,298.049988,295.799988,296.420013,3403888.000000,1782322200.0
1782322200.0,296.410004,296.864410,295.380005,296.000000,3969113.000000,1782325800.0
1782325800.0,296.000000,296.179993,294.160004,294.940094,5185415.000000,1782329400.0
1782329400.0,294.929993,295.369995,292.940002,293.260010,7615869.000000,1782333000.0
1782394200.0,287.510010,288.799988,277.459991,279.630005,22743842.000000,1782397800.0
1782397800.0,279.635010,280.089996,276.440002,277.640015,10113501.000000,1782401400.0
1782401400.0,277.660004,279.644989,274.459991,274.565002,9158306.000000,1782405000.0
1782405000.0,274.565002,278.390015,273.750000,278.040009,13584165.000000,1782408600.0
1782408600.0,278.049988,280.179993,276.190002,279.345001,8443492.000000,1782412200.0
1782412200.0,279.350006,280.220093,276.040009,276.725006,9371195.000000,1782415800.0
1782415800.0,276.700012,277.450012,273.899994,275.049988,15625008.000000,1782419400.0
1782480600.0,275.000000,278.929993,274.209991,278.260010,17026804.000000,1782484200.0
1782484200.0,278.279999,280.470001,278.079987,279.029999,10384490.000000,1782487800.0
1782487800.0,279.025909,279.450012,275.250000,275.899994,13230253.000000,1782491400.0
1782491400.0,275.899994,279.369995,275.899994,279.195007,7971369.000000,1782495000.0
1782495000.0,279.179993,281.299988,278.640808,280.190002,8257248.000000,1782498600.0
1782498600.0,280.195007,281.829987,279.410004,280.149994,15570070.000000,1782502200.0
1782502200.0,280.149994,285.950012,280.000000,281.200012,23523027.000000,1782505800.0
1782739800.0,286.859985,288.369690,280.450012,280.869995,10629459.000000,1782743400.0
1782743400.0,280.880005,282.829987,280.329987,282.330109,7865974.000000,1782747000.0
1782747000.0,282.342499,283.034485,280.220001,280.559998,7404129.000000,1782750600.0
1782750600.0,280.559998,281.540009,279.850006,281.480011,5224516.000000,1782754200.0
1782754200.0,281.470001,282.299988,280.859985,281.549988,4206523.000000,1782757800.0
1782757800.0,281.549988,283.077515,281.454987,282.679993,5654409.000000,1782761400.0
1782761400.0,282.709991,282.739990,281.470001,281.630005,6544751.000000,1782765000.0
1782826200.0,281.170013,286.289886,280.695007,286.024994,9106597.000000,1782829800.0
1782829800.0,286.010010,288.660004,285.260010,288.269989,5769602.000000,1782833400.0
1782833400.0,288.279999,289.380005,287.809998,288.144989,4424512.000000,1782837000.0
1782837000.0,288.160004,289.660004,288.125000,288.429993,3373069.000000,1782840600.0
1782840600.0,288.445007,289.190002,287.855011,288.089996,3500049.000000,1782844200.0
1782844200.0,288.084991,288.179993,286.679993,287.529999,4344541.000000,1782847800.0
1782847800.0,287.529999,289.910004,287.420013,289.089996,8374915.000000,1782851400.0
1782912600.0,293.329987,293.479889,289.195007,293.059998,8755422.000000,1782916200.0
1782916200.0,293.059998,296.589996,292.730011,295.751709,6765940.000000,1782919800.0
1782919800.0,295.779999,295.790009,294.630005,294.945007,3404930.000000,1782923400.0
1782923400.0,294.945007,295.059906,293.920013,294.089996,3566425.000000,1782927000.0
1782927000.0,294.079987,295.100006,292.700012,294.804993,5502330.000000,1782930600.0
1782930600.0,294.809998,295.529999,294.000000,294.015106,4406744.000000,1782934200.0
1782934200.0,294.000000,295.549988,293.750092,294.250000,6231653.000000,1782937800.0
1782999000.0,294.084991,305.320007,293.679993,305.049988,15588276.000000,1783002600.0
1783002600.0,305.044006,307.820007,304.850006,305.415009,11321356.000000,1783006200.0
1783006200.0,305.420013,308.450012,305.279999,308.089996,7200646.000000,1783009800.0
1783009800.0,308.089996,308.529907,306.670013,307.804993,6654699.000000,1783013400.0
1783013400.0,307.804993,308.299988,306.820099,307.329987,5550150.000000,1783017000.0
1783017000.0,307.339996,308.309998,307.130005,307.424988,5450575.000000,1783020600.0
1783020600.0,307.440002,309.420013,307.209991,308.220001,8660612.000000,1783024200.0
1783344600.0,307.679993,311.750000,307.010010,311.730011,10212875.000000,1783348200.0
1783348200.0,311.700012,313.600006,311.210114,313.579987,6250328.000000,1783351800.0
1783351800.0,313.584991,314.200012,312.230011,312.250000,4817415.000000,1783355400.0
1783355400.0,312.244995,312.980011,311.850006,312.380005,6272773.000000,1783359000.0
1783359000.0,312.387604,313.149902,312.109985,313.070007,2501244.000000,1783362600.0
1783362600.0,313.079987,313.559998,312.910004,313.399994,3451883.000000,1783366200.0
1783366200.0,313.415009,313.739990,312.049988,312.809998,4988391.000000,1783369800.0
1783431000.0,315.290009,315.480011,310.149994,311.450012,8945230.000000,1783434600.0
1783434600.0,311.450012,314.130005,310.989990,314.079987,5204771.000000,1783438200.0
1783438200.0,314.102509,314.730011,312.679993,313.170013,5936440.000000,1783441800.0
1783441800.0,313.140015,314.010010,312.270111,312.839996,2794519.000000,1783445400.0
1783445400.0,312.820007,313.000000,311.850006,312.619202,2641358.000000,1783449000.0
1783449000.0,312.619995,313.179993,311.559998,311.894989,4260675.000000,1783452600.0
1783452600.0,311.899994,312.320007,310.329987,310.660004,11962573.000000,1783456200.0
1783517400.0,311.660004,312.000000,307.051514,308.850006,7602776.000000,1783521000.0
1783521000.0,308.820007,310.850006,308.700012,310.065002,4149375.000000,1783524600.0
1783524600.0,310.079987,311.790009,309.315002,311.600006,3488474.000000,1783528200.0
1783528200.0,311.600006,314.190002,311.339996,314.119904,4629049.000000,1783531800.0
1783531800.0,314.130005,314.809998,311.150391,314.125000,4294797.000000,1783535400.0
1783535400.0,314.125000,314.399994,313.649994,313.815002,3477947.000000,1783539000.0
1783539000.0,313.815002,314.200012,312.750000,313.260010,4786508.000000,1783542600.0
1783603800.0,310.445007,312.299988,308.160004,312.089996,7601316.000000,1783607400.0
1783607400.0,312.070007,314.850006,310.701202,314.459991,4078964.000000,1783611000.0
1783611000.0,314.469910,315.220001,314.100006,314.899994,8485039.000000,1783614600.0
1783614600.0,314.900085,315.500000,314.309998,314.721405,4552794.000000,1783618200.0
1783618200.0,314.723511,315.319885,314.234985,314.559998,4088119.000000,1783621800.0
1783621800.0,314.559998,315.690002,314.250000,315.410004,3058281.000000,1783625400.0
1783625400.0,315.420013,316.529999,315.390015,316.179993,4155824.000000,1783629000.0
1783690200.0,314.720001,316.390015,312.930115,313.130005,6346453.000000,1783693800.0
1783693800.0,313.119995,314.109985,312.170013,313.339996,4170673.000000,1783697400.0
1783697400.0,313.350006,314.514008,312.320007,314.355011,2588249.000000,1783701000.0
1783701000.0,314.369995,314.779999,313.940002,314.459991,1701568.000000,1783704600.0
1783704600.0,314.470001,314.890015,313.890289,314.840088,1530749.000000,1783708200.0
1783708200.0,314.859985,316.479889,314.739990,316.160004,3576384.000000,1783711800.0
1783711800.0,316.149994,316.910004,314.779999,315.329895,3989622.000000,1783715400.0
1783949400.0,317.015015,323.450012,316.450012,320.190002,12156474.000000,1783953000.0
1783953000.0,320.209991,320.295013,316.850006,317.220001,3994197.000000,1783956600.0
1783956600.0,317.220001,317.899994,316.089996,317.369995,3728751.000000,1783960200.0
1783960200.0,317.339996,317.440002,315.779999,316.470001,3615264.000000,1783963800.0
1783963800.0,316.489990,316.845001,315.899994,316.840515,2357040.000000,1783967400.0
1783967400.0,316.859985,317.519989,316.170013,316.329987,4128503.000000,1783971000.0
1783971000.0,316.325012,317.739990,316.049988,317.420013,4025682.000000,1783974600.0
1784035800.0,313.640015,315.684998,311.910004,314.941986,6954014.000000,1784039400.0
1784039400.0,314.950012,316.190002,314.020508,314.299988,4610996.000000,1784043000.0
1784043000.0,314.320007,314.869995,312.869995,313.269989,3168667.000000,1784046600.0
1784046600.0,313.260010,314.970001,313.109985,314.869995,2646535.000000,1784050200.0
1784050200.0,314.890015,315.390015,314.589996,315.220001,1929118.000000,1784053800.0
1784053800.0,315.220001,315.869995,314.820007,315.704987,2224839.000000,1784057400.0
1784057400.0,315.704987,315.760010,314.589996,314.920013,3016895.000000,1784061000.0
1784122200.0,317.625000,325.679993,317.320007,324.709991,13551334.000000,1784125800.0
1784125800.0,324.709991,325.679993,323.540009,325.619995,6278014.000000,1784129400.0
1784129400.0,325.609985,328.529999,325.160004,328.170013,7315724.000000,1784133000.0
1784133000.0,328.160004,328.500000,325.970001,326.989990,5967302.000000,1784136600.0
1784136600.0,327.000000,328.000000,326.649994,327.790009,3896347.000000,1784140200.0
1784140200.0,327.779999,328.720001,326.859985,327.059998,4546317.000000,1784143800.0
1784143800.0,327.040009,328.350006,325.720001,327.570007,8018122.000000,1784147400.0
1784208600.0,328.005005,331.410004,326.790009,330.369995,12802968.000000,1784212200.0
1784212200.0,330.339996,331.149994,329.350006,330.630005,5287556.000000,1784215800.0
1784215800.0,330.650085,332.279999,327.500000,331.140015,4606871.000000,1784219400.0
1784219400.0,331.189911,332.970001,329.859985,332.899994,5689496.000000,1784223000.0
1784223000.0,332.898193,333.549988,329.339996,331.260010,6798812.000000,1784226600.0
1784226600.0,331.239990,334.679993,330.910004,332.989990,7975310.000000,1784230200.0
1784230200.0,333.000000,333.700012,330.769989,333.269989,8204005.000000,1784233800.0
1784295000.0,331.980011,334.980011,329.000610,331.839996,16544554.000000,1784298600.0
1784298600.0,331.880005,334.766693,331.850006,334.654999,6533789.000000,1784302200.0
1784302200.0,334.669891,334.869904,330.000000,331.744995,6252902.000000,1784305800.0
1784305800.0,331.725006,333.500000,329.160004,330.540009,6274349.000000,1784309400.0
1784309400.0,330.510803,333.230011,330.079987,332.375000,4577738.000000,1784313000.0
1784313000.0,332.375000,334.670013,332.109985,332.829987,5792451.000000,1784316600.0
1784316600.0,332.779999,334.380005,332.260010,333.739990,6369671.000000,1784320200.0
1784554200.0,333.024994,333.709991,326.109985,327.019989,11178368.000000,1784557800.0
1784557800.0,327.019989,328.019989,324.420013,324.899994,7312927.000000,1784561400.0
1784561400.0,324.940002,326.545013,324.869995,325.000000,4701093.000000,1784565000.0
1784565000.0,325.019989,325.144989,323.700012,324.720001,4126525.000000,1784568600.0
1784568600.0,324.730011,326.489990,324.200012,325.940002,5044844.000000,1784572200.0
1784572200.0,325.980011,329.079987,325.309998,329.019989,5761535.000000,1784575800.0
1784575800.0,329.010010,329.760010,326.320007,326.700012,5528498.000000,1784579400.0
1784640600.0,323.345001,327.029999,322.220398,326.739990,9697821.000000,1784644200.0
1784644200.0,326.720001,328.450012,326.209991,328.385010,4005270.000000,1784647800.0
1784647800.0,328.380005,329.600006,327.755005,328.619995,3516853.000000,1784651400.0
1784651400.0,328.621002,328.829987,327.000000,327.070007,3845150.000000,1784655000.0
1784655000.0,327.070007,327.869995,326.720001,327.239990,3598490.000000,1784658600.0
1784658600.0,327.250000,328.489990,327.179993,327.934998,2991406.000000,1784662200.0
1784662200.0,327.920013,328.100006,327.140015,327.600006,3688653.000000,1784665800.0
1784727000.0,327.875000,328.999512,324.329987,324.475006,6559605.000000,1784730600.0
1784730600.0,324.494995,325.809998,324.070007,325.799988,3700418.000000,1784734200.0
1784734200.0,325.765015,325.890015,324.369995,324.885010,4081820.000000,1784737800.0
1784737800.0,324.885010,324.950012,323.339996,323.665009,2995117.000000,1784741400.0
1784741400.0,323.665009,324.019989,323.554993,323.929993,1648241.000000,1784745000.0
1784745000.0,323.929901,324.700012,323.829987,324.440002,2532403.000000,1784748600.0
1784748600.0,324.440002,326.910004,323.980011,325.869995,5469385.000000,1784752200.0
1784813400.0,321.730011,323.299988,319.350006,321.489990,7808169.000000,1784817000.0
1784817000.0,321.720093,322.910004,320.714996,321.279999,3963966.000000,1784820600.0
1784820600.0,321.290009,321.549988,320.070007,320.359894,4791936.000000,1784824200.0
1784824200.0,320.309998,321.049988,320.000000,320.869995,2240708.000000,1784827800.0
1784827800.0,320.870087,321.398987,320.000000,320.269989,2551049.000000,1784831400.0
1784831400.0,320.274994,321.200012,319.760010,320.419891,3757792.000000,1784835000.0
1784835000.0,320.380005,321.980011,320.040009,321.609985,4281719.000000,1784838600.0
1784899800.0,322.040009,329.438995,321.619995,328.799988,8571059.000000,1784903400.0
1784903400.0,328.795013,331.929993,328.709991,331.765015,6271725.000000,1784907000.0
1784907000.0,331.774994,334.369995,331.670013,333.720001,6621698.000000,1784910600.0
1784910600.0,333.695007,334.220001,332.150513,332.399994,3846747.000000,1784914200.0
1784914200.0,332.394989,333.190002,332.140015,332.265015,2780581.000000,1784917800.0
1784917800.0,332.265015,333.230011,332.059998,332.489990,6248052.000000,1784921400.0
1784921400.0,332.480011,333.450012,331.850006,333.070007,4719723.000000,1784925000.0
1785159000.0,334.899994,338.140015,334.019989,337.690002,11270804.000000,1785162600.0
1785162600.0,337.700012,339.500000,336.119995,338.739990,7762742.000000,1785166200.0
1785166200.0,338.730011,339.570007,336.750000,337.450104,6554357.000000,1785169800.0
1785169800.0,337.450012,338.130005,335.679993,336.049988,3314628.000000,1785173400.0
1785173400.0,336.070007,336.799988,335.049988,335.149994,3140907.000000,1785177000.0
1785177000.0,335.149994,336.239990,334.700012,335.720001,3486585.000000,1785180600.0
1785180600.0,335.720001,337.220001,335.649994,336.920013,3614504.000000,1785184200.0
1785245400.0,340.029999,342.890015,335.600006,337.959991,13575047.000000,1785249000.0
1785249000.0,337.980011,339.668793,336.600006,339.269989,5797429.000000,1785252600.0
1785252600.0,339.240112,340.140015,339.000000,339.809998,4043365.000000,1785256200.0
1785256200.0,339.829987,340.579895,338.930115,339.029999,3106607.000000,1785259800.0
1785259800.0,339.040009,340.159912,339.000000,339.839996,3223079.000000,1785263400.0
1785263400.0,339.839996,339.890015,338.279999,339.200012,3590020.000000,1785267000.0
1785267000.0,339.160004,340.529999,339.100006,340.160004,6415578.000000,1785270600.0
1785331800.0,339.690002,343.670013,339.559998,341.160004,10935247.000000,1785335400.0
1785335400.0,341.170013,341.739990,339.519989,339.809998,4890702.000000,1785339000.0
1785339000.0,339.829987,341.559998,339.760010,341.269989,3546410.000000,1785342600.0
1785342600.0,341.250000,343.448914,340.049988,342.720001,3813347.000000,1785346200.0
1785346200.0,342.695007,344.569885,342.350006,343.587708,5124505.000000,1785349800.0
1785349800.0,343.579987,343.940002,341.329987,341.529999,4812676.000000,1785353400.0
1785353400.0,341.559998,341.559998,337.350098,338.329987,8616473.000000,1785357000.0
1785418200.0,333.130005,334.480011,330.350006,331.309998,13578994.000000,1785421800.0
1785421800.0,331.299988,333.032288,329.589996,331.220001,6768257.000000,1785425400.0
1785425400.0,331.234985,332.600006,330.630005,332.089996,6061981.000000,1785429000.0
1785429000.0,332.089996,332.850006,331.404999,332.089996,0.000000,1785432600.0
1785432600.0,332.079987,333.980011,331.720093,333.100006,34072922.000000,1785436200.0
1785436200.0,333.119995,334.089996,332.899994,333.160004,4768250.000000,1785439800.0
1785439800.0,333.440002,334.750000,332.309998,333.850006,6035542.000000,1785443400.0
1785504600.0,304.809998,306.899994,300.329987,302.739990,42271625.000000,1785508200.0
1785508200.0,302.755005,304.250000,301.640015,301.730011,10897816.000000,1785511800.0
1785511800.0,301.730011,302.820007,300.399994,300.540009,9857216.000000,1785515400.0
1785515400.0,300.559998,301.834290,300.000000,301.200012,7813750.000000,1785519000.0
1785519000.0,301.209991,302.420013,300.500000,301.730011,9575659.000000,1785522600.0
1785522600.0,301.760010,305.709991,301.744995,305.654999,11851963.000000,1785526200.0
1785526200.0,305.660004,310.660004,305.019989,309.029999,20642958.000000,1785529800.0
1785763800.0,309.670013,311.799988,304.339996,305.550110,15181869.000000,1785767400.0
1785767400.0,305.549988,306.440002,303.899994,304.214996,9512430.000000,1785771000.0
1785771000.0,304.230011,306.359985,302.559998,306.359985,8017561.000000,1785774600.0
1785774600.0,306.350006,307.540009,305.899994,307.225006,6899047.000000,1785778200.0
1785778200.0,307.225006,307.230011,305.500000,305.520294,4746952.000000,1785781800.0
1785781800.0,305.529999,305.970001,304.799988,305.045013,5628929.000000,1785785400.0
1785785400.0,305.045013,305.079987,302.679993,303.269989,10186067.000000,1785789000.0
1785850200.0,302.725006,307.140015,301.320007,306.809998,16371244.000000,1785853800.0
1785853800.0,306.859985,306.899902,305.225006,305.673889,5755639.000000,1785857400.0
1785857400.0,305.739990,306.730011,305.489990,306.505005,4275297.000000,1785861000.0
1785861000.0,306.505005,310.420013,306.339996,308.899994,5070397.000000,1785864600.0
1785864600.0,308.899994,310.130005,308.660004,309.320007,5054926.000000,1785868200.0
1785868200.0,309.309998,309.799988,308.250000,309.579987,4685626.000000,1785871800.0
1785871800.0,309.579987,310.420013,308.880005,309.390015,5711308.000000,1785875400.0
1785936600.0,309.359985,309.380005,305.670013,306.727509,10544948.000000,1785940200.0
1785940200.0,306.700012,311.708191,306.269989,308.595001,7426689.000000,1785943800.0
1785943800.0,308.595001,309.440002,307.829987,308.639893,3930602.000000,1785947400.0
1785947400.0,308.630005,309.980011,308.450012,309.739990,2598651.000000,1785951000.0
1785951000.0,309.750000,310.220001,308.079987,308.190094,2656326.000000,1785954600.0
1785954600.0,308.209198,309.878998,308.084991,309.620087,4050737.000000,1785958200.0
1785958200.0,309.609985,311.554993,309.390015,310.920013,6126779.000000,1785961800.0
1786023000.0,314.339996,316.289398,312.119995,312.839996,10486977.000000,1786026600.0
1786026600.0,312.799988,313.640015,309.660004,310.100006,5738168.000000,1786030200.0
1786030200.0,310.105011,311.260010,309.230011,311.157013,3774543.000000,1786033800.0
1786033800.0,311.170013,311.760010,310.709991,311.200592,3748424.000000,1786037400.0
1786037400.0,311.209991,312.420013,311.180115,312.239990,2450423.000000,1786041000.0
1786041000.0,312.247711,312.820007,311.880005,312.579987,3027688.000000,1786044600.0
1786044600.0,312.589996,312.940002,311.779999,312.450012,3796760.000000,1786048200.0
1786109400.0,311.320007,314.135010,310.739990,314.079987,7215243.000000,1786113000.0
1786113000.0,314.089996,314.809998,313.000000,313.359985,4161883.000000,1786116600.0
1786116600.0,313.359985,313.420013,311.540009,311.690002,3258407.000000,1786120200.0
1786120200.0,311.695007,312.903290,311.610107,312.739990,2173546.000000,1786123800.0
1786123800.0,312.739990,313.250000,311.820007,311.919006,2366432.000000,1786127400.0
1786127400.0,311.910095,313.390015,311.679993,313.277496,2613734.000000,1786131000.0
1786131000.0,313.279999,314.179993,312.924988,313.299988,4253428.000000,1786134600.0
1786368600.0,306.829987,307.455902,304.630005,306.880005,0.000000,1786372200.0
1786372200.0,306.897095,307.209900,306.225006,306.558502,17881373.000000,1786375800.0
1786375800.0,306.502686,307.247192,305.049988,305.529999,4150321.000000,1786379400.0
1786379400.0,305.549988,306.790009,305.170013,306.470001,2973562.000000,1786383000.0
1786383000.0,306.470001,306.989990,306.000000,306.714996,2554763.000000,1786386600.0
1786386600.0,306.719910,307.669891,306.600006,307.230011,3143432.000000,1786390200.0
1786390200.0,307.220001,308.230011,306.869995,308.190002,4503724.000000,1786393800.0
1786455000.0,307.750000,309.970001,305.670013,306.190002,8080038.000000,1786458600.0
1786458600.0,306.190002,306.940002,306.049988,306.704987,2532263.000000,1786462200.0
1786462200.0,306.700012,307.609985,306.450012,306.554993,2657630.000000,1786465800.0
1786465800.0,306.570007,306.589996,305.698700,306.190002,2318016.000000,1786469400.0
1786469400.0,306.165009,306.519989,302.790009,303.299988,4171291.000000,1786473000.0
1786473000.0,303.275696,305.200012,302.970001,305.160004,3965892.000000,1786476600.0
1786476600.0,305.160004,305.299988,303.750000,304.899994,4718904.000000,1786480200.0
1786541400.0,305.130005,305.660004,302.179993,302.345001,7719258.000000,1786545000.0
1786545000.0,302.359985,303.190002,301.029999,301.079987,4848987.000000,1786548600.0
1786548600.0,301.089905,301.820007,300.570007,301.510010,3572325.000000,1786552200.0
1786552200.0,301.515015,302.510010,301.410004,302.160095,2585552.000000,1786555800.0
1786555800.0,302.170013,302.297699,301.059998,301.125000,3113938.000000,1786559400.0
1786559400.0,301.119995,302.039886,301.040009,301.679993,4654586.000000,1786563000.0
1786563000.0,301.670013,302.250000,301.000000,302.225006,5484225.000000,1786566600.0
1786627800.0,304.257996,305.959991,302.049988,305.644989,11220852.000000,1786631400.0
1786631400.0,305.829987,306.000000,303.549988,303.720001,4294720.000000,1786635000.0
1786635000.0,303.730011,303.984985,302.570007,303.429993,3040931.000000,1786638600.0
1786638600.0,303.434998,303.760010,302.850006,303.339996,2276605.000000,1786642200.0
1786642200.0,303.330109,303.899994,302.929993,303.309998,2056919.000000,1786645800.0
1786645800.0,303.309998,304.609985,303.029999,304.399994,3700793.000000,1786649400.0
1786649400.0,304.380005,305.320007,303.970001,305.320007,3755568.000000,1786653000.0
1786714200.0,306.028015,307.489990,304.760010,304.989990,6735349.000000,1786717800.0
1786717800.0,305.019989,305.959900,304.299988,305.532898,2774970.000000,1786721400.0
1786721400.0,305.545013,305.916809,304.970001,305.445007,1655298.000000,1786725000.0
1786725000.0,305.429993,305.565002,305.079987,305.194397,1717424.000000,1786728600.0
1786728600.0,305.195007,306.250000,305.040009,305.979004,2580373.000000,1786732200.0
1786732200.0,305.980011,306.179993,305.269989,305.945007,1983226.000000,1786735800.0
1786735800.0,305.929993,306.040009,305.500000,305.950012,2812891.000000,1786739400.0
