ts_open,o,h,l,c,v,ts_close
1695303000.0,98.599998,98.870003,96.720901,97.239998,17454192.000000,1695306600.0
1695306600.0,97.230003,97.809998,96.449997,96.620003,8549539.000000,1695310200.0
1695310200.0,96.614998,97.199997,96.370003,96.800003,6156225.000000,1695313800.0
1695313800.0,96.820000,97.375000,96.480003,97.294998,5134283.000000,1695317400.0
1695317400.0,97.296097,97.589996,96.570099,96.629997,4943983.000000,1695321000.0
1695321000.0,96.611801,96.919998,95.860001,95.949997,7250883.000000,1695324600.0
1695324600.0,95.949997,96.239998,95.839996,96.080002,6453317.000000,1695328200.0
1695389400.0,96.919998,97.489998,95.809998,97.379898,13428285.000000,1695393000.0
1695393000.0,97.360100,98.419998,97.360001,98.030098,9416969.000000,1695396600.0
1695396600.0,98.040001,98.400002,97.360001,97.750000,6271749.000000,1695400200.0
1695400200.0,97.760002,97.779999,96.809998,96.900002,4757435.000000,1695403800.0
1695403800.0,96.900002,96.993698,95.610001,96.033997,6267850.000000,1695407400.0
1695407400.0,96.019997,96.940002,95.849998,96.669998,5252951.000000,1695411000.0
1695411000.0,96.690002,96.829903,95.900002,96.190002,4672997.000000,1695414600.0
1695648600.0,95.949997,96.750000,94.459999,95.550003,12316681.000000,1695652200.0
1695652200.0,95.529999,96.849998,95.290001,96.500000,8151921.000000,1695655800.0
1695655800.0,96.510002,97.129997,96.379997,97.004997,4769194.000000,1695659400.0
1695659400.0,97.010002,97.029999,96.230003,96.699997,4195056.000000,1695663000.0
1695663000.0,96.709999,97.102203,96.529999,96.805000,3816236.000000,1695666600.0
1695666600.0,96.800003,97.190002,96.370003,96.980003,4418800.000000,1695670200.0
1695670200.0,96.959999,97.449997,96.830002,97.389999,3799418.000000,1695673800.0
1695735000.0,96.500000,97.300003,95.269997,97.084396,12760687.000000,1695738600.0
1695738600.0,97.080002,97.830002,96.160004,96.169998,7326906.000000,1695742200.0
1695742200.0,96.171997,96.430000,95.830498,96.235001,4433408.000000,1695745800.0
1695745800.0,96.229599,96.370003,95.860001,95.879997,2998860.000000,1695749400.0
1695749400.0,95.870003,96.139900,95.500000,95.945000,4274360.000000,1695753000.0
1695753000.0,95.940002,96.120003,95.339996,95.430000,4778012.000000,1695756600.0
1695756600.0,95.440002,96.019997,95.394997,95.959999,4104772.000000,1695760200.0
1695821400.0,96.820000,98.385002,96.349998,98.358498,13878467.000000,1695825000.0
1695825000.0,98.355003,98.750000,97.570000,98.202499,8780474.000000,1695828600.0
1695828600.0,98.199997,98.199997,97.153603,97.550003,5105171.000000,1695832200.0
1695832200.0,97.549896,97.659500,96.760002,96.790001,4366658.000000,1695835800.0
1695835800.0,96.789902,97.519997,96.540001,97.480003,4574481.000000,1695839400.0
1695839400.0,97.489998,99.230003,97.489998,98.448799,7010040.000000,1695843000.0
1695843000.0,98.419998,98.489998,97.800003,98.084999,4298943.000000,1695846600.0
1695907800.0,97.940002,101.379898,97.760002,101.190002,17516086.000000,1695911400.0
1695911400.0,101.199997,102.639900,100.402000,102.519997,11828326.000000,1695915000.0
1695915000.0,102.510002,104.199997,102.440102,104.129997,12173115.000000,1695918600.0
1695918600.0,104.144997,104.162003,102.839996,102.875000,7762061.000000,1695922200.0
1695922200.0,102.879997,103.158997,102.419998,102.981003,7551101.000000,1695925800.0
1695925800.0,102.989998,103.341499,102.035004,103.185799,7751387.000000,1695929400.0
1695929400.0,103.199898,103.250000,102.610001,102.779999,5590673.000000,1695933000.0
1695994200.0,104.690002,104.940002,102.699997,103.690002,17030606.000000,1695997800.0
1695997800.0,103.699997,104.480003,103.190002,103.464996,8079166.000000,1696001400.0
1696001400.0,103.470001,104.239998,103.209900,104.070000,5986163.000000,1696005000.0
1696005000.0,104.059998,104.290001,102.910004,103.415001,5919956.000000,1696008600.0
1696008600.0,103.410004,103.550499,102.839996,103.000000,4902528.000000,1696012200.0
1696012200.0,102.989998,103.940002,102.970001,103.470001,5736736.000000,1696015800.0
1696015800.0,103.459999,103.517097,102.559998,102.820000,5313086.000000,1696019400.0
1696253400.0,102.209999,103.709999,102.040100,102.139999,12971601.000000,1696257000.0
1696257000.0,102.160004,103.300003,101.699997,103.139999,7358750.000000,1696260600.0
1696260600.0,103.160004,103.230003,102.300003,102.430000,5522887.000000,1696264200.0
1696264200.0,102.419998,102.980003,102.310097,102.889999,4071423.000000,1696267800.0
1696267800.0,102.900002,103.010002,101.989998,102.004997,4329268.000000,1696271400.0
1696271400.0,102.010002,102.449997,101.730003,102.324997,4532501.000000,1696275000.0
1696275000.0,102.330002,103.279999,102.294998,103.279999,3909889.000000,1696278600.0
1696339800.0,101.796303,103.290001,101.699997,101.900002,13417924.000000,1696343400.0
1696343400.0,101.889999,102.169899,100.019997,100.660004,8771060.000000,1696347000.0
1696347000.0,100.650002,101.059998,100.029999,100.870003,4979517.000000,1696350600.0
1696350600.0,100.875000,101.220001,100.209999,100.275002,3877803.000000,1696354200.0
1696354200.0,100.279999,100.339996,99.540001,99.669998,4770363.000000,1696357800.0
1696357800.0,99.669998,100.089996,99.320000,99.360001,4582237.000000,1696361400.0
1696361400.0,99.373596,100.099998,99.169998,100.070000,4566881.000000,1696365000.0
1696426200.0,100.650002,101.639999,100.339996,100.761803,12059291.000000,1696429800.0
1696429800.0,100.779999,102.260002,100.779999,102.050003,7955000.000000,1696433400.0
1696433400.0,102.059898,102.691399,101.949997,102.370003,5111985.000000,1696437000.0
1696437000.0,102.370003,102.689697,101.959999,101.999901,3404153.000000,1696440600.0
1696440600.0,101.999901,102.339996,101.734100,102.250000,3605560.000000,1696444200.0
1696444200.0,102.240097,104.089996,102.240097,104.040199,8926544.000000,1696447800.0
1696447800.0,104.059998,104.400002,103.940002,104.040001,6213228.000000,1696451400.0
1696512600.0,103.404999,103.739998,100.269997,101.889900,16212095.000000,1696516200.0
1696516200.0,101.879997,101.903000,100.699997,101.644997,8188582.000000,1696519800.0
1696519800.0,101.639999,102.489998,101.339996,102.408401,5752467.000000,1696523400.0
1696523400.0,102.410004,102.589996,101.980003,102.470001,4740360.000000,1696527000.0
1696527000.0,102.473000,103.129997,102.230003,102.699997,5278031.000000,1696530600.0
1696530600.0,102.690002,103.320000,102.620003,103.210098,5248558.000000,1696534200.0
1696534200.0,103.224998,103.300003,102.860001,102.889999,3489314.000000,1696537800.0
1696599000.0,102.160004,104.519997,102.029999,104.419998,16667905.000000,1696602600.0
1696602600.0,104.430000,106.199997,104.404999,105.690002,12218323.000000,1696606200.0
1696606200.0,105.690002,106.860001,105.639999,106.580101,8842784.000000,1696609800.0
1696609800.0,106.580002,107.089996,106.290001,106.949997,5746726.000000,1696613400.0
1696613400.0,106.951103,107.070000,106.556000,107.004997,4839548.000000,1696617000.0
1696617000.0,107.014999,107.660004,106.849998,107.622002,7267322.000000,1696620600.0
1696620600.0,107.629997,107.870003,107.139999,107.269997,5666233.000000,1696624200.0
1696858200.0,106.010002,106.470001,104.790001,105.757500,12471470.000000,1696861800.0
1696861800.0,105.754097,105.970001,104.794998,105.577797,5895442.000000,1696865400.0
1696865400.0,105.570000,106.050003,105.389999,105.800003,3942772.000000,1696869000.0
1696869000.0,105.815002,106.349998,105.419998,106.280701,3197571.000000,1696872600.0
1696872600.0,106.290001,107.279999,106.279999,107.089996,5482108.000000,1696876200.0
1696876200.0,107.099998,107.309998,106.739998,107.250000,4237453.000000,1696879800.0
1696879800.0,107.239998,107.260002,106.809998,106.980003,2865050.000000,1696883400.0
1696944600.0,107.489998,108.300003,106.400002,108.120003,13268244.000000,1696948200.0
1696948200.0,108.129997,109.004997,108.110001,108.580002,7861985.000000,1696951800.0
1696951800.0,108.588799,109.859901,108.430000,109.589996,9619571.000000,1696955400.0
1696955400.0,109.595001,110.120003,108.379997,108.785004,7820634.000000,1696959000.0
1696959000.0,108.790001,109.119904,108.449997,108.489998,4693876.000000,1696962600.0
1696962600.0,108.514000,109.220001,108.224998,109.080002,6549743.000000,1696966200.0
1696966200.0,109.084999,109.260002,108.810997,109.004997,4314488.000000,1696969800.0
1697031000.0,109.139999,110.099998,108.220001,108.277496,12146124.000000,1697034600.0
1697034600.0,108.290001,109.470001,107.889999,108.300003,8314732.000000,1697038200.0
1697038200.0,108.300003,108.406097,107.430000,107.903900,6100770.000000,1697041800.0
1697041800.0,107.910004,108.199997,107.440002,107.669998,5857356.000000,1697045400.0
1697045400.0,107.654099,108.160004,106.930000,107.830002,6082134.000000,1697049000.0
1697049000.0,107.830002,108.129997,107.589996,107.871002,5655573.000000,1697052600.0
1697052600.0,107.889999,108.360001,107.650002,108.290001,4764050.000000,1697056200.0
1697117400.0,108.400002,111.309998,107.959999,110.029999,17888291.000000,1697121000.0
1697121000.0,110.040001,110.959999,109.910004,110.110001,9047715.000000,1697124600.0
1697124600.0,110.105003,110.339996,109.690002,110.069603,6787196.000000,1697128200.0
1697128200.0,110.070000,110.489998,108.481201,108.616402,7126388.000000,1697131800.0
1697131800.0,108.605003,108.919998,107.510101,108.200104,7138809.000000,1697135400.0
1697135400.0,108.220001,108.919998,108.029999,108.680000,5704317.000000,1697139000.0
1697139000.0,108.669998,109.114998,108.669998,108.779999,4536853.000000,1697142600.0
1697203800.0,108.650002,108.970001,106.250000,106.839996,15139104.000000,1697207400.0
1697207400.0,106.839996,107.580002,105.871399,105.980003,8516570.000000,1697211000.0
1697211000.0,105.980003,106.320000,105.330399,106.059998,6036894.000000,1697214600.0
1697214600.0,106.070000,106.218102,104.949997,105.029999,4797979.000000,1697218200.0
1697218200.0,105.029900,105.440002,104.750000,105.029999,6086505.000000,1697221800.0
1697221800.0,105.029999,105.900002,105.010002,105.182503,5295189.000000,1697225400.0
1697225400.0,105.190002,105.320000,104.989998,105.099998,4025872.000000,1697229000.0
1697463000.0,105.419998,107.330002,105.029999,107.254997,12106705.000000,1697466600.0
1697466600.0,107.260002,107.480003,106.650002,107.050003,5744132.000000,1697470200.0
1697470200.0,107.069901,107.269897,106.510002,106.903397,4606370.000000,1697473800.0
1697473800.0,106.915001,107.430000,105.900002,106.269997,4368970.000000,1697477400.0
1697477400.0,106.275002,106.660004,106.180000,106.364998,3424610.000000,1697481000.0
1697481000.0,106.365898,106.620003,105.989998,106.599998,3490274.000000,1697484600.0
1697484600.0,106.597900,106.769997,106.360001,106.449997,4223079.000000,1697488200.0
1697549400.0,103.540001,104.809998,101.660103,104.669998,17041558.000000,1697553000.0
1697553000.0,104.680000,105.900703,104.670097,105.529999,7719503.000000,1697556600.0
1697556600.0,105.550003,106.290001,105.489998,106.139999,5696132.000000,1697560200.0
1697560200.0,106.120003,106.169899,105.419998,105.540100,3824095.000000,1697563800.0
1697563800.0,105.550003,105.550003,104.529999,105.070000,5163753.000000,1697567400.0
1697567400.0,105.070000,105.319901,104.349998,104.879997,4895039.000000,1697571000.0
1697571000.0,104.875000,105.199997,104.669998,105.139999,3487449.000000,1697574600.0
1697635800.0,103.379997,104.779999,102.290001,103.989998,14708193.000000,1697639400.0
1697639400.0,103.980003,104.110001,102.830002,103.239998,7929654.000000,1697643000.0
1697643000.0,103.230003,103.644997,102.690002,103.214996,5463804.000000,1697646600.0
1697646600.0,103.220001,103.750000,102.570000,103.570000,4676621.000000,1697650200.0
1697650200.0,103.570000,103.580002,102.279999,102.474998,5098415.000000,1697653800.0
1697653800.0,102.470001,102.720001,101.739998,102.165001,5583228.000000,1697657400.0
1697657400.0,102.171600,102.389999,101.849998,102.209999,4347618.000000,1697661000.0
1697722200.0,103.809998,105.599998,102.910004,104.260002,13857172.000000,1697725800.0
1697725800.0,104.250000,105.000000,103.570000,104.010002,7743841.000000,1697729400.0
1697729400.0,104.016602,104.650002,103.559998,103.949997,6251595.000000,1697733000.0
1697733000.0,103.959999,104.360001,102.820000,104.035004,5379499.000000,1697736600.0
1697736600.0,103.832901,103.880096,102.889999,103.430000,6191215.000000,1697740200.0
1697740200.0,103.430000,103.439903,102.040001,102.290001,5410428.000000,1697743800.0
1697743800.0,102.286201,102.699203,101.839996,102.379997,5117668.000000,1697747400.0
1697808600.0,102.279999,104.339996,101.870003,103.029999,15218064.000000,1697812200.0
1697812200.0,103.019997,103.120003,101.440002,101.660004,9562040.000000,1697815800.0
1697815800.0,101.665001,102.690002,101.550003,101.580002,7954145.000000,1697819400.0
1697819400.0,101.589996,102.995003,101.580002,102.867401,6992004.000000,1697823000.0
1697823000.0,102.879997,103.120796,101.669998,101.699898,7195069.000000,1697826600.0
1697826600.0,101.698196,101.999901,101.470001,101.970001,5280409.000000,1697830200.0
1697830200.0,101.974998,102.150002,101.669998,101.820000,4193474.000000,1697833800.0
1698067800.0,101.375000,101.469902,99.315002,101.169998,13150885.000000,1698071400.0
1698071400.0,101.160004,101.878700,100.510002,101.737198,7013204.000000,1698075000.0
1698075000.0,101.775002,102.198997,101.459999,102.098602,6307710.000000,1698078600.0
1698078600.0,102.089996,102.419998,101.680000,101.915001,4400965.000000,1698082200.0
1698082200.0,101.910004,102.356102,101.720001,101.790001,3757449.000000,1698085800.0
1698085800.0,101.779999,101.900002,100.032303,100.379898,9263972.000000,1698089400.0
1698089400.0,100.370003,100.449997,99.940002,100.000000,5179388.000000,1698093000.0
1698154200.0,100.970001,101.040001,99.623497,100.819901,16366456.000000,1698157800.0
1698157800.0,100.809998,101.169998,100.129997,100.345001,7690821.000000,1698161400.0
1698161400.0,100.349701,100.589897,99.705002,99.749901,4618496.000000,1698165000.0
1698165000.0,99.750000,100.290001,99.379997,100.290001,4601362.000000,1698168600.0
1698168600.0,100.270103,100.459999,100.004997,100.430000,4821213.000000,1698172200.0
1698172200.0,100.425003,101.394997,100.380203,101.321297,5811407.000000,1698175800.0
1698175800.0,101.324997,101.789902,101.320000,101.680000,4254651.000000,1698179400.0
1698240600.0,100.419998,101.029999,99.300003,99.570000,9421371.000000,1698244200.0
1698244200.0,99.559998,99.879997,98.470001,98.817902,7486376.000000,1698247800.0
1698247800.0,98.805000,98.949997,97.540001,97.881203,5713732.000000,1698251400.0
1698251400.0,97.889900,98.089996,96.305000,96.468597,6599346.000000,1698255000.0
1698255000.0,96.469803,96.529999,95.570000,96.139999,7256849.000000,1698258600.0
1698258600.0,96.160004,96.320000,95.230003,96.029999,7390842.000000,1698262200.0
1698262200.0,96.050003,96.224998,95.790001,96.059998,5525377.000000,1698265800.0
1698327000.0,95.989998,97.519997,93.360100,94.387199,15098788.000000,1698330600.0
1698330600.0,94.370003,95.439903,93.820000,93.959999,7931549.000000,1698334200.0
1698334200.0,93.949997,94.790001,93.660103,93.889999,4839598.000000,1698337800.0
1698337800.0,93.899002,94.169998,93.114998,93.669998,5407435.000000,1698341400.0
1698341400.0,93.669998,94.570000,93.450104,94.439903,4530446.000000,1698345000.0
1698345000.0,94.434998,95.279999,94.300003,94.529999,4333630.000000,1698348600.0
1698348600.0,94.519997,94.568802,93.529999,93.620003,4683423.000000,1698352200.0
1698413400.0,95.800003,96.449997,94.589996,95.910004,13739942.000000,1698417000.0
1698417000.0,95.889999,97.139999,95.510002,96.809998,8524238.000000,1698420600.0
1698420600.0,96.800003,97.349998,96.170303,96.827003,6832145.000000,1698424200.0
1698424200.0,96.824997,97.190002,96.311302,96.538902,5180361.000000,1698427800.0
1698427800.0,96.540001,97.000000,96.260002,96.529999,5300707.000000,1698431400.0
1698431400.0,96.540001,97.050003,96.129997,96.169998,5435860.000000,1698435000.0
1698435000.0,96.180000,96.489998,95.800003,96.480003,4980281.000000,1698438600.0
1698672600.0,96.139999,97.040001,94.870003,95.169998,12043119.000000,1698676200.0
1698676200.0,95.169998,95.669998,92.739998,95.035400,6374711.000000,1698679800.0
1698679800.0,95.040001,95.889999,94.890297,95.245003,4317322.000000,1698683400.0
1698683400.0,95.250000,95.629997,94.889999,95.488800,4550465.000000,1698687000.0
1698687000.0,95.489998,96.279999,95.375000,96.129997,4235138.000000,1698690600.0
1698690600.0,96.138000,96.949997,96.121803,96.654999,5054199.000000,1698694200.0
1698694200.0,96.650902,96.720001,96.152000,96.169998,4127603.000000,1698697800.0
1698759000.0,96.235001,96.239998,94.070000,96.029999,12524829.000000,1698762600.0
1698762600.0,96.035301,97.489998,95.209999,96.315002,9758992.000000,1698766200.0
1698766200.0,96.330002,97.099998,95.970001,97.050003,8641120.000000,1698769800.0
1698769800.0,97.040001,97.760002,96.790001,97.242104,7725192.000000,1698773400.0
1698773400.0,97.250000,98.379997,97.220001,97.839996,7460402.000000,1698777000.0
1698777000.0,97.839996,98.680000,97.830002,98.400002,7884958.000000,1698780600.0
1698780600.0,98.403900,98.818802,98.089996,98.510002,8894507.000000,1698784200.0
1698845400.0,98.580002,104.349998,98.500000,104.324997,40494398.000000,1698849000.0
1698849000.0,104.328796,106.480003,104.209999,106.050003,24704560.000000,1698852600.0
1698852600.0,106.059998,106.940002,105.519997,105.989799,15142987.000000,1698856200.0
1698856200.0,105.989998,106.949799,105.309998,106.660004,13090762.000000,1698859800.0
1698859800.0,106.660004,107.220001,106.059998,106.540001,11480830.000000,1698863400.0
1698863400.0,106.541298,108.000000,105.790001,107.739998,17501985.000000,1698867000.0
1698867000.0,107.720001,108.150002,107.559998,108.120003,10792264.000000,1698870600.0
1698931800.0,107.959999,109.330002,105.910004,109.330002,26725664.000000,1698935400.0
1698935400.0,109.334999,109.404999,107.309998,108.010002,12014155.000000,1698939000.0
1698939000.0,108.019997,108.160004,107.084999,107.309998,6544596.000000,1698942600.0
1698942600.0,107.301903,107.989998,107.150002,107.989998,5631928.000000,1698946200.0
1698946200.0,107.989998,108.360001,107.760002,108.060097,4646173.000000,1698949800.0
1698949800.0,108.065002,108.586502,107.779999,108.195000,5380847.000000,1698953400.0
1698953400.0,108.199303,108.570000,107.769997,107.839996,4530053.000000,1698957000.0
1699018200.0,109.050003,110.370003,107.860001,109.587402,15593471.000000,1699021800.0
1699021800.0,109.584000,111.180000,109.550003,110.798500,9846327.000000,1699025400.0
1699025400.0,110.800003,111.169998,110.489998,111.055397,5099535.000000,1699029000.0
1699029000.0,111.059998,112.000000,111.059998,111.666901,8040606.000000,1699032600.0
1699032600.0,111.650002,113.209999,111.650002,113.181702,9258008.000000,1699036200.0
1699036200.0,113.190002,113.389999,112.760002,112.880600,7623679.000000,1699039800.0
1699039800.0,112.879997,112.949997,112.120003,112.230003,6882750.000000,1699043400.0
1699281000.0,112.599998,113.080002,110.870003,111.989998,14086985.000000,1699284600.0
1699284600.0,111.989998,112.514999,111.410004,111.525002,7484297.000000,1699288200.0
1699288200.0,111.540001,111.689102,111.074997,111.464996,4240219.000000,1699291800.0
1699291800.0,111.459999,111.779900,110.220001,110.415001,5387322.000000,1699295400.0
1699295400.0,110.410004,110.940002,110.334999,110.845802,4434394.000000,1699299000.0
1699299000.0,110.839996,111.419998,110.820000,111.214996,5435073.000000,1699302600.0
1699302600.0,111.220001,111.805000,111.169899,111.769997,3601452.000000,1699306200.0
1699367400.0,111.860001,113.760002,111.220001,113.669998,14591373.000000,1699371000.0
1699371000.0,113.665001,114.650002,113.550003,113.805000,9147270.000000,1699374600.0
1699374600.0,113.809998,114.099998,112.809998,112.941200,6092712.000000,1699378200.0
1699378200.0,112.949997,113.849998,112.860001,113.669998,5162688.000000,1699381800.0
1699381800.0,113.680000,113.949997,113.580002,113.769997,3622703.000000,1699385400.0
1699385400.0,113.769997,114.058502,113.239998,113.959999,5001065.000000,1699389000.0
1699389000.0,113.970001,114.050003,113.315002,113.459999,3520252.000000,1699392600.0
1699453800.0,113.550003,115.316597,112.919998,113.798897,14828389.000000,1699457400.0
1699457400.0,113.774200,113.949997,113.099998,113.370003,6146312.000000,1699461000.0
1699461000.0,113.389999,113.959999,113.029999,113.419998,4175751.000000,1699464600.0
1699464600.0,113.382599,113.699997,113.160004,113.680000,3400686.000000,1699468200.0
1699468200.0,113.690002,113.849899,113.470001,113.638199,2873510.000000,1699471800.0
1699471800.0,113.629997,113.841400,112.879997,113.430000,4501457.000000,1699475400.0
1699475400.0,113.430000,113.699997,113.220001,113.580002,3556533.000000,1699479000.0
1699540200.0,114.095001,115.230003,113.519997,114.214996,15658560.000000,1699543800.0
1699543800.0,114.210098,115.440002,114.059998,114.722000,7977722.000000,1699547400.0
1699547400.0,114.724998,115.690002,114.599998,115.220001,7372493.000000,1699551000.0
1699551000.0,115.209999,115.809998,114.014999,114.942802,7454045.000000,1699554600.0
1699554600.0,114.940002,115.220001,113.430000,114.019798,6990157.000000,1699558200.0
1699558200.0,114.000000,114.190002,113.059998,113.519997,6443412.000000,1699561800.0
1699561800.0,113.514999,113.705002,113.279999,113.489998,4691238.000000,1699565400.0
1699626600.0,114.394997,117.849998,114.029999,117.290001,22292070.000000,1699630200.0
1699630200.0,117.285202,118.239998,116.459999,117.939903,10514680.000000,1699633800.0
1699633800.0,117.930000,118.789902,117.449997,118.639999,7310792.000000,1699637400.0
1699637400.0,118.649902,119.699997,118.519997,119.320000,10609869.000000,1699641000.0
1699641000.0,119.320198,119.519997,118.449997,118.610001,6513839.000000,1699644600.0
1699644600.0,118.610001,119.029999,118.305000,118.830002,6621690.000000,1699648200.0
1699648200.0,118.830002,118.970001,118.349998,118.589996,5906712.000000,1699651800.0
1699885800.0,118.339996,118.680000,116.220001,116.660004,15268286.000000,1699889400.0
1699889400.0,116.650002,117.519997,116.239998,117.113800,7538475.000000,1699893000.0
1699893000.0,117.110001,117.339996,116.000000,116.166901,6606838.000000,1699896600.0
1699896600.0,116.200699,116.730003,116.050003,116.354599,3823568.000000,1699900200.0
1699900200.0,116.349998,116.980003,116.280800,116.840103,3727300.000000,1699903800.0
1699903800.0,116.860001,116.980003,116.445000,116.828697,3920141.000000,1699907400.0
1699907400.0,116.824997,116.959999,116.690002,116.769997,3665825.000000,1699911000.0
1699972200.0,120.500000,121.260002,119.519997,121.014999,20415702.000000,1699975800.0
1699975800.0,121.019997,122.110001,120.989998,121.540001,9810528.000000,1699979400.0
1699979400.0,121.555000,121.591103,120.269997,120.536499,6663871.000000,1699983000.0
1699983000.0,120.540001,121.040001,120.440002,120.461998,4636851.000000,1699986600.0
1699986600.0,120.459999,120.480003,119.220001,119.622902,5284415.000000,1699990200.0
1699990200.0,119.630096,120.459999,119.629997,120.230003,5505290.000000,1699993800.0
1699993800.0,120.220001,120.309998,119.690002,119.879997,4632545.000000,1699997400.0
1700058600.0,120.540001,120.589996,116.930000,118.496597,18836563.000000,1700062200.0
1700062200.0,118.500000,120.169998,118.300003,119.660004,10410357.000000,1700065800.0
1700065800.0,119.669998,119.989998,118.070000,118.594299,7125162.000000,1700069400.0
1700069400.0,118.580002,118.610001,116.870102,117.709999,6762228.000000,1700073000.0
1700073000.0,117.707901,118.080002,117.529999,117.779900,3524682.000000,1700076600.0
1700076600.0,117.769997,117.809998,117.250000,117.345001,4597209.000000,1700080200.0
1700080200.0,117.355003,118.050003,117.099998,118.000000,4630127.000000,1700083800.0
1700145000.0,117.099998,119.849998,116.550003,118.760002,14621039.000000,1700148600.0
1700148600.0,118.745003,119.839897,118.510002,119.089897,8299191.000000,1700152200.0
1700152200.0,119.089203,120.660004,118.889999,120.510002,6047322.000000,1700155800.0
1700155800.0,120.514099,120.725998,119.750099,120.140900,4321036.000000,1700159400.0
1700159400.0,120.120003,120.379997,119.739998,119.940002,3527573.000000,1700163000.0
1700163000.0,119.949997,120.309998,119.680000,119.684998,3854513.000000,1700166600.0
1700166600.0,119.690002,120.070000,119.540001,119.820000,3884409.000000,1700170200.0
1700231400.0,119.639999,120.379997,118.820000,119.550003,11339177.000000,1700235000.0
1700235000.0,119.540001,120.669998,119.309998,120.520103,6054405.000000,1700238600.0
1700238600.0,120.528999,121.290001,120.400002,120.849998,5910624.000000,1700242200.0
1700242200.0,120.849998,121.419998,120.779999,121.339996,3163269.000000,1700245800.0
1700245800.0,121.349998,121.489998,120.970001,121.250000,3320523.000000,1700249400.0
1700249400.0,121.260002,121.355003,120.850098,120.974998,2725277.000000,1700253000.0
1700253000.0,120.970001,121.028900,120.400002,120.650002,3812766.000000,1700256600.0
1700490600.0,120.699997,121.864998,120.070000,120.900002,13635752.000000,1700494200.0
1700494200.0,120.910004,121.930000,120.580002,121.495003,7592153.000000,1700497800.0
1700497800.0,121.500000,121.559998,120.940002,121.168602,4631902.000000,1700501400.0
1700501400.0,121.169998,121.360001,120.650002,121.199997,3965668.000000,1700505000.0
1700505000.0,121.199997,121.519997,120.949997,121.469902,2953408.000000,1700508600.0
1700508600.0,121.464996,121.855003,121.293602,121.730003,3516709.000000,1700512200.0
1700512200.0,121.731003,121.849998,121.459999,121.559998,2790796.000000,1700515800.0
1700577000.0,120.540001,120.650002,118.239998,118.430000,12775332.000000,1700580600.0
1700580600.0,118.419998,119.129898,117.940002,118.925003,7605679.000000,1700584200.0
1700584200.0,118.910004,119.029999,118.519997,118.860001,3626111.000000,1700587800.0
1700587800.0,118.850098,118.900002,118.211304,118.464996,2909992.000000,1700591400.0
1700591400.0,118.470001,118.959900,118.349998,118.769997,3471090.000000,1700595000.0
1700595000.0,118.760002,119.260002,118.620003,119.224998,3279424.000000,1700598600.0
1700598600.0,119.220001,119.430000,118.930000,119.160004,5282985.000000,1700602200.0
1700663400.0,120.000000,124.720001,119.951599,122.714996,24935349.000000,1700667000.0
1700667000.0,122.730003,123.660004,122.389999,122.995003,9074089.000000,1700670600.0
1700670600.0,123.000000,123.529999,122.570000,123.470001,4544699.000000,1700674200.0
1700674200.0,123.480003,123.750000,122.980003,123.404999,5031862.000000,1700677800.0
1700677800.0,123.404999,123.639999,122.949997,123.065002,3405266.000000,1700681400.0
1700681400.0,123.065002,123.068497,122.209999,122.800003,4481511.000000,1700685000.0
1700685000.0,122.785004,122.839996,122.360001,122.489998,3135127.000000,1700688600.0
1700836200.0,122.029999,123.250000,121.540001,122.360001,8303256.000000,1700839800.0
1700839800.0,122.339996,122.459999,121.750000,122.220001,3830781.000000,1700843400.0
1700843400.0,122.220001,122.889999,122.123497,122.385002,3592861.000000,1700847000.0
1701095400.0,122.769997,123.889999,121.772003,122.592499,10227971.000000,1701099000.0
1701099000.0,122.610001,123.220001,122.603302,123.031601,4381210.000000,1701102600.0
1701102600.0,123.035004,123.599998,122.910004,123.455002,3103662.000000,1701106200.0
1701106200.0,123.459999,123.669998,123.125000,123.290001,3222997.000000,1701109800.0
1701109800.0,123.289902,123.489998,123.070000,123.220001,3088975.000000,1701113400.0
1701113400.0,123.220001,123.360001,122.889999,123.095001,3710195.000000,1701117000.0
1701117000.0,123.099998,123.180000,122.605003,122.639999,3634082.000000,1701120600.0
1701181800.0,121.980003,122.489998,120.790001,121.082001,9303974.000000,1701185400.0
1701185400.0,121.079002,122.510002,120.949997,122.332703,5735962.000000,1701189000.0
1701189000.0,122.339996,122.540001,122.025002,122.160004,2774742.000000,1701192600.0
1701192600.0,122.154999,122.154999,121.110001,121.617401,3571963.000000,1701196200.0
1701196200.0,121.599998,121.809998,121.324898,121.634003,2318657.000000,1701199800.0
1701199800.0,121.639999,121.930000,121.230003,121.360100,2765174.000000,1701203400.0
1701203400.0,121.360001,122.080002,121.349998,122.014999,3234766.000000,1701207000.0
1701268200.0,123.980003,125.724998,123.709999,125.154999,15057375.000000,1701271800.0
1701271800.0,125.154999,125.699997,124.291702,124.410004,5762000.000000,1701275400.0
1701275400.0,124.410004,124.589996,124.019997,124.589996,3314884.000000,1701279000.0
1701279000.0,124.589996,124.730003,124.309998,124.659897,2314497.000000,1701282600.0
1701282600.0,124.660004,124.860001,124.176201,124.250000,2801934.000000,1701286200.0
1701286200.0,124.239998,124.260002,123.589996,123.669998,3161798.000000,1701289800.0
1701289800.0,123.669998,123.870003,123.480003,123.830002,3104213.000000,1701293400.0
1701354600.0,123.610001,124.050003,121.660004,122.080002,9661717.000000,1701358200.0
1701358200.0,122.080002,122.400002,120.410004,120.474998,7234084.000000,1701361800.0
1701361800.0,120.470001,120.760002,119.650002,120.220001,5501643.000000,1701365400.0
1701365400.0,120.220001,120.730003,120.080002,120.229897,3450775.000000,1701369000.0
1701369000.0,120.229698,120.720001,119.910004,120.184998,3325028.000000,1701372600.0
1701372600.0,120.184998,120.705002,120.019997,120.235100,3750745.000000,1701376200.0
1701376200.0,120.239998,121.269997,120.190002,121.180000,4338917.000000,1701379800.0
1701441000.0,119.879997,121.289902,118.644997,118.870003,11640627.000000,1701444600.0
1701444600.0,118.870003,120.839996,118.767601,120.529999,6305650.000000,1701448200.0
1701448200.0,120.550003,121.059998,120.230003,120.940002,3969477.000000,1701451800.0
1701451800.0,120.940002,121.205002,120.690002,121.080002,3176229.000000,1701455400.0
1701455400.0,121.080002,121.400101,120.679901,121.209999,3253027.000000,1701459000.0
1701459000.0,121.205002,121.269897,120.889999,121.085403,2298198.000000,1701462600.0
1701462600.0,121.081100,121.397202,120.830002,121.370003,2978169.000000,1701466200.0
1701700200.0,119.500000,119.622704,116.849998,117.040100,12203734.000000,1701703800.0
1701703800.0,117.019997,117.345001,116.370003,117.324997,6946398.000000,1701707400.0
1701707400.0,117.324997,118.919998,117.230003,118.750000,5691987.000000,1701711000.0
1701711000.0,118.750000,119.029999,118.400002,118.425003,2816243.000000,1701714600.0
1701714600.0,118.419998,118.610001,118.010002,118.489998,3019612.000000,1701718200.0
1701718200.0,118.491997,118.616501,117.900002,118.309998,3513217.000000,1701721800.0
1701721800.0,118.309998,118.809998,118.300003,118.599998,3328120.000000,1701725400.0
1701786600.0,117.430000,118.349998,116.989998,117.379997,10760571.000000,1701790200.0
1701790200.0,117.410004,118.029999,116.470001,116.470001,6836988.000000,1701793800.0
1701793800.0,116.485001,117.580002,116.449997,117.490097,4993013.000000,1701797400.0
1701797400.0,117.510002,117.904999,117.099998,117.724998,3339107.000000,1701801000.0
1701801000.0,117.730003,118.489998,117.620003,118.269997,3795295.000000,1701804600.0
1701804600.0,118.287300,118.330002,117.839996,118.171501,4011707.000000,1701808200.0
1701808200.0,118.175003,118.470001,118.130798,118.389999,3549801.000000,1701811800.0
1701873000.0,120.690002,122.831299,119.629997,119.820000,16706311.000000,1701876600.0
1701876600.0,119.815002,120.629997,119.559998,119.989998,6202917.000000,1701880200.0
1701880200.0,119.987999,119.987999,119.010002,119.579002,5394820.000000,1701883800.0
1701883800.0,119.589996,119.629898,117.900002,118.309998,8577664.000000,1701887400.0
1701887400.0,118.293999,118.570000,116.550003,116.830002,9017589.000000,1701891000.0
1701891000.0,116.849998,117.379997,116.379997,116.599998,6192271.000000,1701894600.0
1701894600.0,116.595001,117.430000,116.570099,116.849998,5525173.000000,1701898200.0
1701959400.0,120.785004,123.449997,119.559998,123.410103,30750875.000000,1701963000.0
1701963000.0,123.412903,125.959900,123.360001,125.129898,22178347.000000,1701966600.0
1701966600.0,125.125000,126.580002,124.660004,126.570000,12116865.000000,1701970200.0
1701970200.0,126.570099,126.800003,125.860001,126.500000,9096821.000000,1701973800.0
1701973800.0,126.510002,128.490005,126.209999,128.490005,13883985.000000,1701977400.0
1701977400.0,128.476807,128.679993,127.400002,127.780098,15849132.000000,1701981000.0
1701981000.0,127.786003,128.449997,127.529999,128.309998,10007135.000000,1701984600.0
1702045800.0,129.539993,131.000000,127.266701,130.729996,34465932.000000,1702049400.0
1702049400.0,130.740005,130.845001,128.380005,128.679993,14552015.000000,1702053000.0
1702053000.0,128.699997,128.729996,126.889999,127.732201,10612273.000000,1702056600.0
1702056600.0,127.739998,129.455002,127.660500,129.199997,10069383.000000,1702060200.0
1702060200.0,129.199997,129.240005,128.792496,129.080002,5690969.000000,1702063800.0
1702063800.0,129.089996,129.339996,128.449997,128.970001,6811561.000000,1702067400.0
1702067400.0,128.960007,129.000000,128.600006,128.949997,4517186.000000,1702071000.0
1702305000.0,130.000000,133.990005,128.250000,132.899994,30177825.000000,1702308600.0
1702308600.0,132.899994,135.039993,132.520004,133.270004,18912808.000000,1702312200.0
1702312200.0,133.297501,133.309998,131.830002,132.940002,12038236.000000,1702315800.0
1702315800.0,132.945007,133.958694,132.910004,133.769897,9449834.000000,1702319400.0
1702319400.0,133.770004,134.538895,133.570007,134.439697,8695185.000000,1702323000.0
1702323000.0,134.439896,134.610001,133.929993,134.070007,8409387.000000,1702326600.0
1702326600.0,134.070007,134.539993,133.949997,134.460007,7417545.000000,1702330200.0
1702391400.0,132.250000,136.278595,131.899994,135.960007,26943712.000000,1702395000.0
1702395000.0,135.960007,139.889999,135.960007,138.820007,25777443.000000,1702398600.0
1702398600.0,138.820007,139.470001,137.369995,137.519897,17037478.000000,1702402200.0
1702402200.0,137.520004,137.889999,136.053802,136.460007,12078424.000000,1702405800.0
1702405800.0,136.463394,137.169998,135.710098,137.014999,10619619.000000,1702409400.0
1702409400.0,137.014999,138.085007,137.014999,137.970001,9667938.000000,1702413000.0
1702413000.0,137.960007,138.259995,137.350006,137.600006,6943642.000000,1702416600.0
1702477800.0,137.970001,138.907501,136.030304,137.246201,21608282.000000,1702481400.0
1702481400.0,137.240204,137.869995,136.500000,136.690002,8570109.000000,1702485000.0
1702485000.0,136.690002,137.399994,136.324997,137.290405,7261162.000000,1702488600.0
1702488600.0,137.294998,137.360001,136.351303,136.630295,4795345.000000,1702492200.0
1702492200.0,136.619995,138.820007,136.380005,138.304504,8249917.000000,1702495800.0
1702495800.0,138.330002,139.240005,136.279999,137.139999,12335097.000000,1702499400.0
1702499400.0,137.145004,138.250000,137.039993,138.205002,5210435.000000,1702503000.0
1702564200.0,139.589905,141.820007,138.580002,140.869995,22535344.000000,1702567800.0
1702567800.0,140.869995,141.139999,137.800003,138.000000,13621611.000000,1702571400.0
1702571400.0,138.029999,138.339905,137.389999,137.800003,8310698.000000,1702575000.0
1702575000.0,137.800003,138.740005,136.410004,136.580002,8984626.000000,1702578600.0
1702578600.0,136.554993,137.479996,135.725006,137.470001,7097339.000000,1702582200.0
1702582200.0,137.460007,138.279999,137.190002,137.630005,6835708.000000,1702585800.0
1702585800.0,137.639999,138.089996,137.154999,138.029999,4792502.000000,1702589400.0
1702650600.0,140.000000,140.889999,137.250000,138.940002,23806956.000000,1702654200.0
1702654200.0,138.940094,139.619995,138.510696,139.265396,8055573.000000,1702657800.0
1702657800.0,139.270004,140.169998,138.950104,139.360107,8686703.000000,1702661400.0
1702661400.0,139.389999,139.850006,138.639999,139.807205,5028126.000000,1702665000.0
1702665000.0,139.809998,139.850006,138.100006,138.289993,6236356.000000,1702668600.0
1702668600.0,138.289993,139.059906,138.289993,138.839996,4638373.000000,1702672200.0
1702672200.0,138.848099,139.470001,138.764999,139.130005,3936578.000000,1702675800.0
1702909800.0,139.149994,139.789993,138.089996,139.110199,14858314.000000,1702913400.0
1702913400.0,139.130005,139.149994,137.649994,138.320099,8275504.000000,1702917000.0
1702917000.0,138.330002,138.830002,138.250000,138.520004,3897115.000000,1702920600.0
1702920600.0,138.520905,138.929993,138.300003,138.770004,3668348.000000,1702924200.0
1702924200.0,138.779999,138.979294,138.539993,138.859894,2993400.000000,1702927800.0
1702927800.0,138.869995,139.399002,138.479996,139.380005,4224472.000000,1702931400.0
1702931400.0,139.380005,139.500000,138.839996,138.869995,3796797.000000,1702935000.0
1702996200.0,138.570007,143.470001,138.554993,141.350098,24834346.000000,1702999800.0
1702999800.0,141.353806,141.580002,138.809998,139.565002,11419123.000000,1703003400.0
1703003400.0,139.570007,140.119995,139.139999,139.673798,7066288.000000,1703007000.0
1703007000.0,139.669998,140.240005,139.389999,139.684998,4473692.000000,1703010600.0
1703010600.0,139.690002,140.490005,139.490005,140.380005,4821420.000000,1703014200.0
1703014200.0,140.381393,140.559998,139.763702,140.110199,4641320.000000,1703017800.0
1703017800.0,140.111603,140.330002,139.750000,140.139999,3467406.000000,1703021400.0
1703082600.0,139.000000,139.580002,137.880005,138.500000,13170495.000000,1703086200.0
1703086200.0,138.496994,138.960007,138.289993,138.770004,6557860.000000,1703089800.0
1703089800.0,138.774994,139.399994,138.619995,138.914993,4154377.000000,1703093400.0
1703093400.0,138.899994,139.270004,138.580002,139.029999,3431968.000000,1703097000.0
1703097000.0,139.020004,139.100006,138.479996,138.520004,3216220.000000,1703100600.0
1703100600.0,138.509995,138.509995,135.369995,135.740005,13187087.000000,1703104200.0
1703104200.0,135.744995,136.320007,135.419998,135.429993,6726649.000000,1703107800.0
1703169000.0,138.139999,139.149994,137.380005,138.595001,13698820.000000,1703172600.0
1703172600.0,138.600006,139.350006,138.580002,139.315002,8100250.000000,1703176200.0
1703176200.0,139.309998,139.659897,138.850006,139.212097,5591197.000000,1703179800.0
1703179800.0,139.214996,139.639999,138.619995,139.149994,4609594.000000,1703183400.0
1703183400.0,139.169998,139.250000,138.660004,138.919998,3730315.000000,1703187000.0
1703187000.0,138.919998,139.949997,138.570007,139.865097,4819196.000000,1703190600.0
1703190600.0,139.869995,139.979996,139.640106,139.860001,4095882.000000,1703194200.0
1703255400.0,140.479996,140.699997,139.259995,140.210007,11467560.000000,1703259000.0
1703259000.0,140.229996,140.380005,139.339996,139.550003,5814689.000000,1703262600.0
1703262600.0,139.544998,139.770004,139.220001,139.619095,4301858.000000,1703266200.0
1703266200.0,139.604996,139.839996,139.449997,139.744995,2376407.000000,1703269800.0
1703269800.0,139.735001,139.949997,138.444000,138.669998,3834109.000000,1703273400.0
1703273400.0,138.690002,139.429993,138.309998,139.389999,3771391.000000,1703277000.0
1703277000.0,139.389999,139.669998,139.150101,139.619995,2386228.000000,1703280600.0
1703601000.0,140.070007,142.649994,139.919998,142.095001,12227364.000000,1703604600.0
1703604600.0,142.110001,142.266006,141.110001,141.460007,5872232.000000,1703608200.0
1703608200.0,141.464996,141.994995,141.464996,141.690002,4392039.000000,1703611800.0
1703611800.0,141.681396,141.820007,141.259995,141.350296,2850130.000000,1703615400.0
1703615400.0,141.369995,142.539993,141.365005,142.528198,4158309.000000,1703619000.0
1703619000.0,142.529999,143.830002,142.449997,143.664993,9766736.000000,1703622600.0
1703622600.0,143.669998,143.850006,143.330002,143.440002,5171521.000000,1703626200.0
1703687400.0,144.720001,145.539993,143.179993,144.020004,14944798.000000,1703691000.0
1703691000.0,144.020004,144.699997,143.419998,144.649994,6356159.000000,1703694600.0
1703694600.0,144.639999,144.979996,144.449997,144.934998,4470208.000000,1703698200.0
1703698200.0,144.930206,145.440002,144.673904,145.319901,4357651.000000,1703701800.0
1703701800.0,145.320007,145.809998,144.910004,145.779999,6227428.000000,1703705400.0
1703705400.0,145.789993,146.180893,145.530106,146.089996,5817956.000000,1703709000.0
1703709000.0,146.081406,146.250000,145.820007,146.130005,4531096.000000,1703712600.0
1703773800.0,146.800003,149.339905,145.950607,149.190002,17707516.000000,1703777400.0
1703777400.0,149.190002,149.919998,148.770004,149.199997,14013664.000000,1703781000.0
1703781000.0,149.210007,149.830002,149.039993,149.619995,6930892.000000,1703784600.0
1703784600.0,149.630005,150.410004,149.300003,149.520004,7677145.000000,1703788200.0
1703788200.0,149.524994,150.149994,149.419998,149.714996,4425316.000000,1703791800.0
1703791800.0,149.718903,149.729996,148.529999,148.979996,6552303.000000,1703795400.0
1703795400.0,148.990005,149.339996,148.630005,148.759995,4336178.000000,1703799000.0
1703860200.0,149.500000,151.050003,149.020004,150.744995,17599434.000000,1703863800.0
1703863800.0,150.740005,150.839996,147.199997,147.641495,15735765.000000,1703867400.0
1703867400.0,147.639999,148.500000,147.384995,147.404999,7011789.000000,1703871000.0
1703871000.0,147.429504,148.539993,147.360001,148.359894,5710379.000000,1703874600.0
1703874600.0,148.350006,148.949997,148.059998,148.085007,5190337.000000,1703878200.0
1703878200.0,148.085007,148.308594,147.789993,148.035004,4053484.000000,1703881800.0
1703881800.0,148.039993,148.044998,147.240005,147.429993,4402518.000000,1703885400.0
1704205800.0,143.750000,144.229996,139.223495,139.389999,19486743.000000,1704209400.0
1704209400.0,139.389999,139.869995,138.679993,139.856598,9898366.000000,1704213000.0
1704213000.0,139.850006,140.505005,139.250000,139.259995,7281438.000000,1704216600.0
1704216600.0,139.257202,139.800003,138.529999,139.175003,6050170.000000,1704220200.0
1704220200.0,139.172394,139.250000,138.050003,138.459900,5553763.000000,1704223800.0
1704223800.0,138.449997,138.604996,137.429993,137.824997,7046290.000000,1704227400.0
1704227400.0,137.830002,138.729996,137.619995,138.600098,6091301.000000,1704231000.0
1704292200.0,135.375000,137.429993,134.050003,134.699905,19663657.000000,1704295800.0
1704295800.0,134.699905,135.839996,133.741302,134.889297,10600425.000000,1704299400.0
1704299400.0,134.886902,135.380005,134.449997,135.380005,6089881.000000,1704303000.0
1704303000.0,135.387207,135.439896,134.580002,135.130203,4058601.000000,1704306600.0
1704306600.0,135.145004,135.509995,134.250000,135.380203,6017470.000000,1704310200.0
1704310200.0,135.384995,136.110001,134.880005,135.240005,7674693.000000,1704313800.0
1704313800.0,135.250000,135.880005,134.880005,135.369995,5209827.000000,1704317400.0
1704378600.0,134.300003,136.830002,134.000000,136.635498,17686742.000000,1704382200.0
1704382200.0,136.660004,137.639801,136.110001,137.520004,9503722.000000,1704385800.0
1704385800.0,137.520004,137.699997,135.910004,136.670197,8248336.000000,1704389400.0
1704389400.0,136.679993,137.050003,136.130005,137.035004,4743965.000000,1704393000.0
1704393000.0,137.038498,137.479996,136.529999,136.550003,4852218.000000,1704396600.0
1704396600.0,136.540100,137.279999,136.470001,136.698700,5625951.000000,1704400200.0
1704400200.0,136.691193,136.899994,135.960007,136.039993,4138023.000000,1704403800.0
1704465000.0,136.779999,140.050003,136.437698,139.875595,19651964.000000,1704468600.0
1704468600.0,139.889999,141.009995,139.639893,139.907196,11746231.000000,1704472200.0
1704472200.0,139.934998,140.320007,139.190002,139.229996,7118687.000000,1704475800.0
1704475800.0,139.240005,139.580002,138.702499,139.119995,5775120.000000,1704479400.0
1704479400.0,139.119995,139.720001,138.809998,138.850098,6910228.000000,1704483000.0
1704483000.0,138.850006,138.990005,137.750000,137.970001,9218464.000000,1704486600.0
1704486600.0,137.970001,138.839996,137.880005,138.630005,6260389.000000,1704490200.0
1704724200.0,140.360001,144.250000,140.149994,143.869995,20230586.000000,1704727800.0
1704727800.0,143.860992,145.220001,143.679993,144.979904,11164918.000000,1704731400.0
1704731400.0,144.960007,146.069901,144.830002,145.767807,8549235.000000,1704735000.0
1704735000.0,145.770004,146.199997,145.660004,146.130096,6570314.000000,1704738600.0
1704738600.0,146.131393,147.149994,146.054993,146.470001,7444753.000000,1704742200.0
1704742200.0,146.470001,146.657104,145.779999,145.815002,7593053.000000,1704745800.0
1704745800.0,145.820007,146.360001,145.639999,146.139999,6256787.000000,1704749400.0
1704810600.0,145.949997,148.190002,145.080002,147.910004,21123943.000000,1704814200.0
1704814200.0,147.920105,148.309998,147.050003,148.000000,9218046.000000,1704817800.0
1704817800.0,148.013306,149.050003,147.964996,148.639999,7451488.000000,1704821400.0
1704821400.0,148.639893,149.690002,148.279999,149.190002,6812469.000000,1704825000.0
1704825000.0,149.190002,149.479996,148.491302,148.800003,7046575.000000,1704828600.0
1704828600.0,148.800003,149.860001,148.740005,149.191299,7664670.000000,1704832200.0
1704832200.0,149.220001,149.323105,148.240005,149.240005,6296293.000000,1704835800.0
1704897000.0,150.070007,150.880005,146.649994,148.380096,20209121.000000,1704900600.0
1704900600.0,148.389999,149.199997,147.389999,147.911407,9455205.000000,1704904200.0
1704904200.0,147.904999,148.201004,147.442902,147.679703,5141545.000000,1704907800.0
1704907800.0,147.699997,148.479996,147.570007,147.859207,4417895.000000,1704911400.0
1704911400.0,147.839996,148.860001,147.800003,148.429993,4744651.000000,1704915000.0
1704915000.0,148.422501,149.089996,148.199997,148.429993,6109045.000000,1704918600.0
1704918600.0,148.440002,148.669998,147.759995,148.520004,4716173.000000,1704922200.0
1704983400.0,148.520004,150.380005,145.580002,147.300003,17083264.000000,1704987000.0
1704987000.0,147.289703,147.660004,143.690002,144.619995,11474632.000000,1704990600.0
1704990600.0,144.570999,145.110107,143.772507,144.541595,7418926.000000,1704994200.0
1704994200.0,144.550003,147.319901,144.550003,146.959900,7307170.000000,1704997800.0
1704997800.0,146.960007,147.899994,146.860001,147.759995,6351134.000000,1705001400.0
1705001400.0,147.770004,148.325500,147.529999,147.750000,6253220.000000,1705005000.0
1705005000.0,147.744995,148.149994,147.419998,148.059998,4035293.000000,1705008600.0
1705069800.0,148.039993,148.750000,146.270004,146.517700,14230980.000000,1705073400.0
1705073400.0,146.529999,147.070007,145.000000,146.610001,10280692.000000,1705077000.0
1705077000.0,146.601105,146.660004,145.279999,145.889999,5795154.000000,1705080600.0
1705080600.0,145.899994,146.369904,145.729996,145.860107,3519365.000000,1705084200.0
1705084200.0,145.869995,146.410004,145.729996,145.992004,4092609.000000,1705087800.0
1705087800.0,145.989700,146.389999,145.570007,146.310104,4539920.000000,1705091400.0
1705091400.0,146.320007,146.720001,146.220001,146.509995,3833108.000000,1705095000.0
1705415400.0,151.000000,157.500000,150.539993,157.147705,32343293.000000,1705419000.0
1705419000.0,157.139999,159.714996,157.000000,158.710007,22557454.000000,1705422600.0
1705422600.0,158.720001,159.509995,157.505005,157.736206,14387459.000000,1705426200.0
1705426200.0,157.740005,157.750000,156.434998,157.529999,9991711.000000,1705429800.0
1705429800.0,157.529999,157.820007,155.961899,156.770004,9429064.000000,1705433400.0
1705433400.0,156.779999,158.169998,156.610107,157.364304,10904840.000000,1705437000.0
1705437000.0,157.369995,158.919998,157.259995,158.699997,7616083.000000,1705440600.0
1705501800.0,158.020004,158.550003,154.399994,156.514999,30379898.000000,1705505400.0
1705505400.0,156.500000,158.020004,155.369995,157.710007,13725060.000000,1705509000.0
1705509000.0,157.716293,159.199997,157.669998,158.065002,13318361.000000,1705512600.0
1705512600.0,158.059998,158.350006,157.100006,157.424805,8222884.000000,1705516200.0
1705516200.0,157.419998,158.580002,156.440002,158.489899,9428203.000000,1705519800.0
1705519800.0,158.485703,160.639999,158.460495,159.300003,18215930.000000,1705523400.0
1705523400.0,159.320007,160.445007,159.190002,160.130005,8062565.000000,1705527000.0
1705588200.0,166.199997,168.600006,163.960007,164.229996,39865946.000000,1705591800.0
1705591800.0,164.248993,165.369995,162.850006,163.695007,17959955.000000,1705595400.0
1705595400.0,163.720001,164.149994,160.250000,161.070007,17538051.000000,1705599000.0
1705599000.0,161.080002,161.339996,158.220001,158.600006,16099923.000000,1705602600.0
1705602600.0,158.600006,161.919998,158.600006,161.820007,14597880.000000,1705606200.0
1705606200.0,161.820007,162.850006,161.229996,162.615799,13411582.000000,1705609800.0
1705609800.0,162.619995,162.869995,162.029999,162.669998,8123725.000000,1705613400.0
1705674600.0,165.800003,167.300003,162.199997,164.740005,33388108.000000,1705678200.0
1705678200.0,164.720001,167.699997,164.604996,166.519897,23707750.000000,1705681800.0
1705681800.0,166.524994,168.949997,165.701096,168.766205,17704614.000000,1705685400.0
1705685400.0,168.759995,169.320007,167.770004,168.809998,12133898.000000,1705689000.0
1705689000.0,168.809998,169.970001,168.649994,169.690002,11688058.000000,1705692600.0
1705692600.0,169.690002,172.639999,169.325607,172.220001,18403918.000000,1705696200.0
1705696200.0,172.240005,174.250000,172.029999,174.229996,16032248.000000,1705699800.0
1705933800.0,172.500000,173.119995,165.759995,165.867706,40204223.000000,1705937400.0
1705937400.0,165.867706,167.429993,164.149994,167.361404,25951834.000000,1705941000.0
1705941000.0,167.346207,168.450104,166.389999,168.059998,14488359.000000,1705944600.0
1705944600.0,168.059998,168.279999,166.929993,167.613495,11397047.000000,1705948200.0
1705948200.0,167.600098,168.879898,167.470001,168.169998,10107419.000000,1705951800.0
1705951800.0,168.190002,169.434998,167.949997,169.250000,10222846.000000,1705955400.0
1705955400.0,169.240005,169.294998,168.100006,168.179993,6807305.000000,1705959000.0
1706020200.0,166.500000,169.000000,164.270004,167.339996,25893057.000000,1706023800.0
1706023800.0,167.350006,168.990005,166.869995,168.270004,12734742.000000,1706027400.0
1706027400.0,168.262497,169.000000,167.389999,168.869995,8135333.000000,1706031000.0
1706031000.0,168.880005,169.629898,168.240005,168.619904,8154110.000000,1706034600.0
1706034600.0,168.630005,168.720001,167.544006,167.580200,6939791.000000,1706038200.0
1706038200.0,167.498596,168.679993,167.450302,168.300903,6600898.000000,1706041800.0
1706041800.0,168.300095,168.699997,168.009995,168.395004,5884793.000000,1706045400.0
1706106600.0,172.550003,176.509995,170.559998,175.940002,32143228.000000,1706110200.0
1706110200.0,175.949997,178.500000,175.529999,178.148697,19830799.000000,1706113800.0
1706113800.0,178.149994,180.190002,177.800095,179.809998,15954211.000000,1706117400.0
1706117400.0,179.850006,180.580002,178.800003,179.572006,15099555.000000,1706121000.0
1706121000.0,179.589996,179.869995,176.300003,177.240005,15343871.000000,1706124600.0
1706124600.0,177.250000,178.972305,177.160004,177.509995,14773866.000000,1706128200.0
1706128200.0,177.529999,178.500000,177.309998,178.270004,8089461.000000,1706131800.0
1706193000.0,182.000000,184.470001,179.039993,183.099899,38496949.000000,1706196600.0
1706196600.0,183.130005,183.410004,180.880005,181.926605,17547099.000000,1706200200.0
1706200200.0,181.919998,184.919998,180.589996,181.059998,19759676.000000,1706203800.0
1706203800.0,181.060104,181.250000,179.399994,180.100098,13647652.000000,1706207400.0
1706207400.0,180.119995,180.969894,177.830002,179.279999,13884349.000000,1706211000.0
1706211000.0,179.279999,180.839905,178.419998,179.899994,11214507.000000,1706214600.0
1706214600.0,179.901001,180.779999,179.699997,180.320007,7309010.000000,1706218200.0
1706279400.0,175.289993,180.000000,174.149994,179.130005,29794648.000000,1706283000.0
1706283000.0,179.145004,181.229996,178.759995,179.647995,19148706.000000,1706286600.0
1706286600.0,179.660004,180.139999,177.410004,177.457703,13382329.000000,1706290200.0
1706290200.0,177.460007,177.820007,176.000000,177.699997,13439373.000000,1706293800.0
1706293800.0,177.680801,177.880005,176.210007,176.749893,8924531.000000,1706297400.0
1706297400.0,176.750000,178.889999,176.639999,177.625000,11686659.000000,1706301000.0
1706301000.0,177.619995,178.009995,177.059998,177.259995,8199027.000000,1706304600.0
1706538600.0,178.770004,178.884995,174.600006,176.535797,27728136.000000,1706542200.0
1706542200.0,176.539993,176.869995,174.399994,175.669998,15591021.000000,1706545800.0
1706545800.0,175.669998,177.220001,175.179993,176.949997,9603534.000000,1706549400.0
1706549400.0,176.970001,177.160004,175.910004,176.419998,7195276.000000,1706553000.0
1706553000.0,176.419998,176.580002,174.953705,175.274002,8198060.000000,1706556600.0
1706556600.0,175.279404,177.550003,175.270004,177.363693,9899687.000000,1706560200.0
1706560200.0,177.380005,177.850006,176.860001,177.830002,7121558.000000,1706563800.0
1706625000.0,176.130005,178.330002,175.110001,177.399994,23308729.000000,1706628600.0
1706628600.0,177.418793,178.479996,175.910004,177.012497,11927878.000000,1706632200.0
1706632200.0,177.029999,177.619995,173.260101,173.650803,13224123.000000,1706635800.0
1706635800.0,173.649994,173.830002,171.559998,172.389999,16086811.000000,1706639400.0
1706639400.0,172.389999,172.649994,169.520004,170.475601,17326804.000000,1706643000.0
1706643000.0,170.470093,173.089996,170.330002,172.878998,14584647.000000,1706646600.0
1706646600.0,172.889999,172.970001,171.259995,171.979996,9672172.000000,1706650200.0
1706711400.0,165.740005,169.220001,162.560196,165.508499,44467290.000000,1706715000.0
1706715000.0,165.498093,166.850006,163.710007,166.849899,17349914.000000,1706718600.0
1706718600.0,166.850006,168.059998,166.000000,167.779999,12228175.000000,1706722200.0
1706722200.0,167.750000,168.770004,167.300003,167.750000,12354803.000000,1706725800.0
1706725800.0,167.770004,169.350006,167.210007,168.710007,12375407.000000,1706729400.0
1706729400.0,168.720001,171.300003,167.300003,168.910004,20621472.000000,1706733000.0
1706733000.0,168.899994,169.080002,167.130005,167.520004,9399422.000000,1706736600.0
1706797800.0,169.250000,169.800003,165.860001,168.039993,23090755.000000,1706801400.0
1706801400.0,168.089996,168.839996,166.270004,166.910004,13201080.000000,1706805000.0
1706805000.0,166.899994,169.345001,166.634399,168.509995,10154821.000000,1706808600.0
1706808600.0,168.529999,169.009995,166.779999,168.648804,10184341.000000,1706812200.0
1706812200.0,168.660004,170.740005,168.500000,169.962296,13549649.000000,1706815800.0
1706815800.0,169.979996,171.020004,169.539993,170.939896,11049244.000000,1706819400.0
1706819400.0,170.940002,171.139999,170.100006,170.470001,6147653.000000,1706823000.0
1706884200.0,174.000000,178.869995,173.050003,175.789902,27561143.000000,1706887800.0
1706887800.0,175.775803,176.750000,174.139999,176.019608,12014513.000000,1706891400.0
1706891400.0,176.039993,177.479996,175.550003,177.380096,9079726.000000,1706895000.0
1706895000.0,177.419998,178.169998,176.169998,177.134995,10184100.000000,1706898600.0
1706898600.0,177.139999,179.000000,176.860001,178.404999,7787604.000000,1706902200.0
1706902200.0,178.419998,178.899994,177.949997,178.460098,6897846.000000,1706905800.0
1706905800.0,178.470001,178.559998,177.440002,177.649994,5749362.000000,1706909400.0
1707143400.0,178.500000,180.009995,173.380005,173.940002,24516650.000000,1707147000.0
1707147000.0,173.949997,174.089996,171.110001,173.184998,14073023.000000,1707150600.0
1707150600.0,173.179993,174.000000,172.610001,173.456100,8214075.000000,1707154200.0
1707154200.0,173.470001,174.990005,173.470001,174.158493,7735522.000000,1707157800.0
1707157800.0,174.199905,174.729996,173.740005,174.310104,5948987.000000,1707161400.0
1707161400.0,174.330002,174.889999,172.860001,173.494995,6980332.000000,1707165000.0
1707165000.0,173.490005,174.639999,172.889999,174.220001,5515398.000000,1707168600.0
1707229800.0,173.149994,173.880005,167.699997,168.565002,20026426.000000,1707233400.0
1707233400.0,168.565002,169.419998,167.870193,168.649994,7876945.000000,1707237000.0
1707237000.0,168.649994,168.672897,165.500000,166.455002,11499785.000000,1707240600.0
1707240600.0,166.464996,167.199997,166.059998,166.804993,6258500.000000,1707244200.0
1707244200.0,166.800003,167.800003,166.250000,167.220001,7281727.000000,1707247800.0
1707247800.0,167.204300,168.229904,167.204300,167.830002,7374005.000000,1707251400.0
1707251400.0,167.820007,168.126999,166.750000,167.865005,5933975.000000,1707255000.0
1707316200.0,169.470001,172.970001,168.199997,171.580002,16460134.000000,1707319800.0
1707319800.0,171.619995,172.039993,170.024994,170.324997,7293572.000000,1707323400.0
1707323400.0,170.350006,170.899994,169.160004,169.160004,7291940.000000,1707327000.0
1707327000.0,169.190002,170.549393,168.949997,170.449997,4799035.000000,1707330600.0
1707330600.0,170.479996,171.339996,170.352997,171.029999,4836633.000000,1707334200.0
1707334200.0,171.050003,171.729904,170.759995,171.173492,4837102.000000,1707337800.0
1707337800.0,171.179901,171.279999,170.550003,170.899994,3593880.000000,1707341400.0
1707402600.0,170.330002,172.169998,169.000000,169.882294,13574261.000000,1707406200.0
1707406200.0,169.891998,171.449997,169.449997,170.850006,6962011.000000,1707409800.0
1707409800.0,170.850006,171.059998,169.850098,170.400101,4149422.000000,1707413400.0
1707413400.0,170.410004,170.800003,169.730103,170.401993,4242850.000000,1707417000.0
1707417000.0,170.419998,170.739899,169.300003,169.309998,3668691.000000,1707420600.0
1707420600.0,169.300003,169.839996,168.600006,169.574997,5251093.000000,1707424200.0
1707424200.0,169.580002,169.770004,169.149994,169.279999,3188808.000000,1707427800.0
1707489000.0,171.000000,175.100006,168.660095,173.845001,19006798.000000,1707492600.0
1707492600.0,173.860001,173.946304,171.690002,172.033997,11789686.000000,1707496200.0
1707496200.0,172.014603,172.330002,171.080002,171.510101,6030487.000000,1707499800.0
1707499800.0,171.521500,172.559906,171.220001,172.541901,4138479.000000,1707503400.0
1707503400.0,172.550003,172.811996,171.929993,172.429993,4160402.000000,1707507000.0
1707507000.0,172.434998,173.199997,172.059998,172.925003,4858232.000000,1707510600.0
1707510600.0,172.925003,172.989899,172.149994,172.470001,4133157.000000,1707514200.0
1707748200.0,172.679993,176.349899,171.559998,174.845001,15888699.000000,1707751800.0
1707751800.0,174.848007,176.127106,174.690002,175.925003,8259682.000000,1707755400.0
1707755400.0,175.940002,177.210007,175.449997,176.740005,8095521.000000,1707759000.0
1707759000.0,176.748901,177.404999,175.720001,175.869995,5574580.000000,1707762600.0
1707762600.0,175.860001,176.050003,170.669998,172.240005,9807293.000000,1707766200.0
1707766200.0,172.242004,172.893295,171.649994,172.436096,5516992.000000,1707769800.0
1707769800.0,172.419998,172.475006,171.830002,171.910004,3101831.000000,1707773400.0
1707834600.0,165.000000,171.539993,164.740097,171.444397,18200402.000000,1707838200.0
1707838200.0,171.449997,173.169998,171.090103,172.160004,10732392.000000,1707841800.0
1707841800.0,172.149994,172.380005,169.660004,170.229996,7735348.000000,1707845400.0
1707845400.0,170.229996,170.899994,169.350006,170.777496,6003138.000000,1707849000.0
1707849000.0,170.779999,171.210007,169.550003,170.259995,5446201.000000,1707852600.0
1707852600.0,170.229996,171.259705,169.429993,169.990005,6388854.000000,1707856200.0
1707856200.0,170.020004,171.800003,169.669998,171.660004,5668390.000000,1707859800.0
1707921000.0,173.470001,177.500000,172.880005,177.449997,16387484.000000,1707924600.0
1707924600.0,177.449707,177.500000,174.089996,175.600006,9878138.000000,1707928200.0
1707928200.0,175.618607,176.429901,175.139999,176.309998,6050803.000000,1707931800.0
1707931800.0,176.309998,176.919998,175.473694,176.339996,4219581.000000,1707935400.0
1707935400.0,176.350006,177.210007,176.179993,176.960007,5172203.000000,1707939000.0
1707939000.0,176.970001,178.229706,176.940002,177.794998,7008955.000000,1707942600.0
1707942600.0,177.800003,178.740005,177.539993,178.690002,5332130.000000,1707946200.0
1708007400.0,179.139999,180.500000,176.050003,176.800003,16725359.000000,1708011000.0
1708011000.0,176.839996,178.079895,175.259995,176.184998,8427926.000000,1708014600.0
1708014600.0,176.210007,176.830002,175.520004,176.720001,5223285.000000,1708018200.0
1708018200.0,176.750000,177.569901,176.199997,177.520004,4645776.000000,1708021800.0
1708021800.0,177.518005,177.990005,177.089996,177.768005,4315344.000000,1708025400.0
1708025400.0,177.759995,178.074997,176.449997,176.897995,4767028.000000,1708029000.0
1708029000.0,176.899994,177.199997,176.610001,176.750000,3617021.000000,1708032600.0
1708093800.0,178.179993,180.330093,173.490005,174.309998,18662818.000000,1708097400.0
1708097400.0,174.319000,176.889999,173.500000,176.365402,11360353.000000,1708101000.0
1708101000.0,176.380005,176.751495,175.539993,176.429993,4385852.000000,1708104600.0
1708104600.0,176.419998,176.500000,174.550003,174.919998,3917550.000000,1708108200.0
1708108200.0,174.919998,176.289993,174.860001,175.569595,3668112.000000,1708111800.0
1708111800.0,175.570007,175.740005,173.809998,174.679993,4803612.000000,1708115400.0
1708115400.0,174.699997,174.770004,173.250000,173.820007,4421973.000000,1708119000.0
1708439400.0,171.000000,171.809998,163.320099,163.514999,19948218.000000,1708443000.0
1708443000.0,163.509995,165.125000,162.860001,164.225006,10186064.000000,1708446600.0
1708446600.0,164.205002,164.225006,162.000000,162.669495,8320407.000000,1708450200.0
1708450200.0,162.660004,164.410004,162.410004,163.860001,5904335.000000,1708453800.0
1708453800.0,163.860001,164.820007,163.440002,164.690002,5406071.000000,1708457400.0
1708457400.0,164.669998,165.812897,164.429993,165.529999,7315202.000000,1708461000.0
1708461000.0,165.550003,166.320007,164.600006,165.710007,6178811.000000,1708464600.0
1708525800.0,162.559998,164.899994,162.020004,162.520004,12570895.000000,1708529400.0
1708529400.0,162.520004,164.009995,162.270004,163.429993,6355433.000000,1708533000.0
1708533000.0,163.440002,163.899902,162.080002,163.110107,5525894.000000,1708536600.0
1708536600.0,163.100006,164.149994,162.910004,163.629303,4373231.000000,1708540200.0
1708540200.0,163.630005,163.949997,162.649902,162.910004,4107643.000000,1708543800.0
1708543800.0,162.910004,163.529999,162.544998,163.494995,4918415.000000,1708547400.0
1708547400.0,163.500000,164.479996,163.449997,164.279999,4833799.000000,1708551000.0
1708612200.0,174.000000,180.699997,172.000000,180.615005,33688688.000000,1708615800.0
1708615800.0,180.649506,183.770004,179.410004,182.679993,20482112.000000,1708619400.0
1708619400.0,182.710007,183.630005,181.759995,182.964996,12145992.000000,1708623000.0
1708623000.0,182.970001,183.380005,181.149994,181.727493,7649975.000000,1708626600.0
1708626600.0,181.729996,183.830002,181.520004,183.660004,8042000.000000,1708630200.0
1708630200.0,183.667206,183.679993,182.309998,182.375000,7949136.000000,1708633800.0
1708633800.0,182.384903,183.168594,181.610001,181.770004,6790552.000000,1708637400.0
1708698600.0,181.860001,183.800003,176.949997,177.412003,23437148.000000,1708702200.0
1708702200.0,177.429993,177.879700,174.550003,176.339996,13077549.000000,1708705800.0
1708705800.0,176.350006,177.024994,175.149994,175.274994,8127984.000000,1708709400.0
1708709400.0,175.274994,176.459900,174.779999,176.059998,5892849.000000,1708713000.0
1708713000.0,176.059998,177.239899,175.779999,176.519302,5942802.000000,1708716600.0
1708716600.0,176.550003,177.229996,175.679993,175.820007,5788187.000000,1708720200.0
1708720200.0,175.830002,176.889999,175.729996,176.479996,4181580.000000,1708723800.0
1708957800.0,179.179993,179.839996,174.809998,176.595001,15333234.000000,1708961400.0
1708961400.0,176.580002,177.240005,175.880005,176.804993,7204683.000000,1708965000.0
1708965000.0,176.800003,177.309998,175.970001,176.660797,5239812.000000,1708968600.0
1708968600.0,176.669998,177.029999,176.300003,176.320007,4028489.000000,1708972200.0
1708972200.0,176.330002,177.279999,175.736893,177.139999,4444886.000000,1708975800.0
1708975800.0,177.149994,177.429993,176.380005,176.565002,4043871.000000,1708979400.0
1708979400.0,176.565002,176.850006,175.880005,176.009995,3322755.000000,1708983000.0
1709044200.0,175.750000,177.779999,172.490005,176.539703,14247159.000000,1709047800.0
1709047800.0,176.559998,178.335999,176.126495,176.860001,8084341.000000,1709051400.0
1709051400.0,176.869904,178.250000,176.550003,177.600098,5160858.000000,1709055000.0
1709055000.0,177.610001,178.130005,176.339996,177.080002,5545776.000000,1709058600.0
1709058600.0,177.089905,177.660004,176.759995,177.235001,2920984.000000,1709062200.0
1709062200.0,177.240005,178.409897,177.210007,178.399994,4095524.000000,1709065800.0
1709065800.0,178.399994,178.460007,177.789993,177.990005,2586748.000000,1709069400.0
1709130600.0,176.250000,176.250000,173.589996,174.350006,11359009.000000,1709134200.0
1709134200.0,174.330002,176.259995,174.110001,176.225998,5218255.000000,1709137800.0
1709137800.0,176.229996,176.812805,175.649994,175.740005,4730982.000000,1709141400.0
1709141400.0,175.740005,176.354996,175.130005,176.270004,3552773.000000,1709145000.0
1709145000.0,176.279999,176.839996,175.880005,176.570007,3395378.000000,1709148600.0
1709148600.0,176.570007,176.630005,175.720001,176.547195,3400113.000000,1709152200.0
1709152200.0,176.559906,176.619995,176.024994,176.570007,2654220.000000,1709155800.0
1709217000.0,180.500000,186.414993,180.477005,185.589996,24229141.000000,1709220600.0
1709220600.0,185.595001,188.169998,185.130005,186.600006,16135169.000000,1709224200.0
1709224200.0,186.595001,188.559906,184.240005,187.850006,13513009.000000,1709227800.0
1709227800.0,187.841995,190.229996,187.750000,189.830002,12926489.000000,1709231400.0
1709231400.0,189.830002,191.270004,189.199997,190.710007,10208812.000000,1709235000.0
1709235000.0,190.706100,192.299896,190.169998,191.989899,11502023.000000,1709238600.0
1709238600.0,191.970001,193.000000,191.710007,192.500000,9534050.000000,1709242200.0
1709303400.0,196.750000,201.589996,195.420105,199.326706,25703606.000000,1709307000.0
1709307000.0,199.380005,199.770004,196.330002,199.679993,27992641.000000,1709310600.0
1709310600.0,199.705002,200.649902,198.580093,200.486603,11133743.000000,1709314200.0
1709314200.0,200.500000,201.100006,199.779999,200.679993,7963577.000000,1709317800.0
1709317800.0,200.710007,202.500000,200.660004,202.425003,9386867.000000,1709321400.0
1709321400.0,202.429993,202.639999,200.550095,201.345001,10716827.000000,1709325000.0
1709325000.0,201.349899,202.720001,200.960007,202.649994,7247026.000000,1709328600.0
1709562600.0,205.250000,211.009995,204.029800,208.199997,28900715.000000,1709566200.0
1709566200.0,208.244995,210.789993,206.990005,207.820007,3163487.000000,1709569800.0
1709569800.0,207.830002,209.679993,206.869995,208.110001,7273660.000000,1709573400.0
1709573400.0,208.084702,208.239197,205.820007,206.541107,7137426.000000,1709577000.0
1709577000.0,206.554993,208.449997,206.449997,208.029999,5763352.000000,1709580600.0
1709580600.0,208.070007,209.250000,208.020004,208.231003,5618283.000000,1709584200.0
1709584200.0,208.279999,208.847305,204.880005,205.339996,26416553.000000,1709587800.0
1709649000.0,200.250000,204.990005,199.149994,200.970001,24178108.000000,1709652600.0
1709652600.0,200.940002,202.509995,199.800003,202.394699,9342396.000000,1709656200.0
1709656200.0,202.123993,203.449997,200.929993,203.440002,0.000000,1709659800.0
1709659800.0,203.440002,204.020004,202.380005,202.710007,4148521.000000,1709663400.0
1709663400.0,202.723907,203.139999,201.710007,202.971207,3196599.000000,1709667000.0
1709667000.0,202.960007,203.220001,201.699997,202.070694,3859461.000000,1709670600.0
1709670600.0,202.089996,205.330002,201.910004,205.210007,19925301.000000,1709674200.0
1709735400.0,211.500000,214.699997,208.520004,209.712006,25972503.000000,1709739000.0
1709739000.0,209.669998,211.399994,207.570007,208.309998,2800266.000000,1709742600.0
1709742600.0,208.319901,211.669907,207.320007,211.430099,6979187.000000,1709746200.0
1709746200.0,211.460007,213.319901,211.057999,213.069901,7087105.000000,1709749800.0
1709749800.0,213.065002,213.309998,210.119995,212.229996,7549184.000000,1709753400.0
1709753400.0,212.289993,212.509995,208.839996,209.785095,6894494.000000,1709757000.0
1709757000.0,209.820007,210.770004,208.320007,210.669998,25017647.000000,1709760600.0
1709821800.0,212.520004,213.830002,208.649994,209.311996,19496699.000000,1709825400.0
1709825400.0,209.295807,212.089905,208.220001,211.714005,10803302.000000,1709829000.0
1709829000.0,211.720001,212.479996,210.460007,211.949997,6637605.000000,1709832600.0
1709832600.0,211.910095,212.118698,210.374298,211.229996,5186897.000000,1709836200.0
1709836200.0,211.229996,213.089996,211.030106,212.551697,6131035.000000,1709839800.0
1709839800.0,212.554596,212.690002,209.860001,210.639999,6605303.000000,1709843400.0
1709843400.0,210.645004,211.750000,210.529999,211.309998,5295963.000000,1709847000.0
1709908200.0,213.000000,226.559998,212.190002,226.450104,29473989.000000,1709911800.0
1709911800.0,226.500000,227.300003,211.000000,211.645004,29250774.000000,1709915400.0
1709915400.0,211.669998,214.000000,207.210007,209.809998,20504449.000000,1709919000.0
1709919000.0,209.800003,210.350006,206.570007,206.669998,11257865.000000,1709922600.0
1709922600.0,206.667694,209.580002,205.600006,209.309998,10493955.000000,1709926200.0
1709926200.0,209.309998,210.959305,208.110001,208.330002,10014416.000000,1709929800.0
1709929800.0,208.330002,209.519196,207.259995,207.279999,5773395.000000,1709933400.0
1710163800.0,202.000000,202.740005,196.701004,200.246597,23407786.000000,1710167400.0
1710167400.0,200.225006,203.550003,199.360001,199.576004,11670437.000000,1710171000.0
1710171000.0,199.570007,201.279602,199.240097,200.915100,8364831.000000,1710174600.0
1710174600.0,200.910095,201.789993,199.410004,200.160004,6212925.000000,1710178200.0
1710178200.0,200.190002,200.339996,197.960007,198.953796,7656713.000000,1710181800.0
1710181800.0,198.961304,200.179993,196.759995,197.384995,7210367.000000,1710185400.0
1710185400.0,197.380005,198.679901,197.309998,198.389999,5342875.000000,1710189000.0
1710250200.0,200.520004,201.229996,194.270004,198.750000,20270396.000000,1710253800.0
1710253800.0,198.759995,202.179993,198.699997,201.869995,13497056.000000,1710257400.0
1710257400.0,201.860001,201.919998,199.520004,201.070007,7643890.000000,1710261000.0
1710261000.0,201.039902,201.380005,197.979996,200.550003,7848375.000000,1710264600.0
1710264600.0,200.537994,201.970001,200.309998,201.294998,5291799.000000,1710268200.0
1710268200.0,201.300003,201.720001,200.169998,201.473999,5538132.000000,1710271800.0
1710271800.0,201.470001,202.849899,201.317993,202.729996,5033548.000000,1710275400.0
1710336600.0,198.729996,198.830002,192.700104,194.039993,24338346.000000,1710340200.0
1710340200.0,194.035004,196.199997,193.720001,194.239197,10421517.000000,1710343800.0
1710343800.0,194.244995,195.429993,193.449997,195.100006,7375488.000000,1710347400.0
1710347400.0,195.095001,196.804001,194.181000,196.149994,6502495.000000,1710351000.0
1710351000.0,196.130005,196.439896,194.559998,195.509995,5545660.000000,1710354600.0
1710354600.0,195.550003,196.796997,194.455002,195.009995,6409858.000000,1710358200.0
1710358200.0,194.990005,195.705002,194.410004,194.740005,4878980.000000,1710361800.0
1710423000.0,192.919998,196.929993,190.360001,194.330002,18769438.000000,1710426600.0
1710426600.0,194.329498,195.070007,191.539993,191.910004,9208355.000000,1710430200.0
1710430200.0,191.910004,193.039993,190.869995,191.829300,6385083.000000,1710433800.0
1710433800.0,191.849899,192.130005,188.179993,188.240204,9884337.000000,1710437400.0
1710437400.0,188.240005,188.830002,186.240005,187.139999,14841671.000000,1710441000.0
1710441000.0,187.130005,187.710007,184.300003,185.149994,10706824.000000,1710444600.0
1710444600.0,185.130005,187.500000,184.029999,187.270004,7807068.000000,1710448200.0
1710509400.0,184.479996,191.425003,184.479996,190.770004,17435177.000000,1710513000.0
1710513000.0,190.779999,193.289993,190.720093,191.699997,12581712.000000,1710516600.0
1710516600.0,191.719894,193.050003,191.300003,192.100006,7775018.000000,1710520200.0
1710520200.0,192.100006,193.535004,191.225204,192.814407,7207320.000000,1710523800.0
1710523800.0,192.820007,193.799896,191.779999,192.360107,6243944.000000,1710527400.0
1710527400.0,192.369995,193.380005,192.110001,192.914001,5581581.000000,1710531000.0
1710531000.0,192.919998,193.119904,190.550003,191.089996,4700972.000000,1710534600.0
1710768600.0,193.000000,193.500000,188.050003,191.740005,18747695.000000,1710772200.0
1710772200.0,191.809998,193.440002,189.429993,190.529907,9748113.000000,1710775800.0
1710775800.0,190.580002,192.714996,189.733093,191.660004,6905883.000000,1710779400.0
1710779400.0,191.649994,192.309204,190.110001,191.880096,5676767.000000,1710783000.0
1710783000.0,191.880005,192.689102,191.149994,192.350693,4760739.000000,1710786600.0
1710786600.0,192.369995,192.545105,191.539993,191.929993,4140393.000000,1710790200.0
1710790200.0,191.929993,192.409897,190.470001,190.619995,4043678.000000,1710793800.0
1710855000.0,183.160004,185.612701,177.500000,177.625000,23998860.000000,1710858600.0
1710858600.0,177.625000,179.577103,177.360199,178.184906,13230728.000000,1710862200.0
1710862200.0,178.225006,180.229996,177.729996,179.932098,9524218.000000,1710865800.0
1710865800.0,179.934998,182.219894,179.899994,181.070099,10397041.000000,1710869400.0
1710869400.0,181.089996,183.199997,181.089996,182.649994,7337679.000000,1710873000.0
1710873000.0,182.669998,183.300003,179.910004,180.089996,8821259.000000,1710876600.0
1710876600.0,180.100006,181.699997,179.500000,181.380005,6539217.000000,1710880200.0
1710941400.0,181.949997,182.679993,179.399994,180.860001,13382693.000000,1710945000.0
1710945000.0,180.874405,181.080002,179.139999,179.820206,8594916.000000,1710948600.0
1710948600.0,179.830002,180.080002,174.679993,174.699997,13358342.000000,1710952200.0
1710952200.0,174.690094,176.000000,174.240005,174.945297,11727936.000000,1710955800.0
1710955800.0,174.970001,177.475006,174.000000,177.312500,11667714.000000,1710959400.0
1710959400.0,177.320007,179.958893,175.300003,179.675003,12366748.000000,1710963000.0
1710963000.0,179.684998,180.330002,178.779999,179.740005,6692535.000000,1710966600.0
1711027800.0,185.910004,187.676407,179.610001,179.658295,21713852.000000,1711031400.0
1711031400.0,179.683197,180.765305,177.660004,180.709900,14578522.000000,1711035000.0
1711035000.0,180.720001,182.119904,180.419998,181.456100,9216972.000000,1711038600.0
1711038600.0,181.460007,182.496201,180.639999,181.029999,8332315.000000,1711042200.0
1711042200.0,181.020004,181.259995,179.020004,180.015900,7267055.000000,1711045800.0
1711045800.0,180.000000,180.369995,178.865005,179.880005,6594662.000000,1711049400.0
1711049400.0,179.869995,180.049896,178.559998,178.649994,4190747.000000,1711053000.0
1711114200.0,177.160004,179.139999,175.050003,176.710007,16244192.000000,1711117800.0
1711117800.0,176.740005,178.000000,175.554993,177.830002,8968640.000000,1711121400.0
1711121400.0,177.869995,178.399902,176.710007,177.531204,6414620.000000,1711125000.0
1711125000.0,177.557602,180.229996,177.160004,180.084595,7816879.000000,1711128600.0
1711128600.0,180.078003,180.759995,179.229996,179.820007,6562915.000000,1711132200.0
1711132200.0,179.820099,180.149994,178.960007,179.261200,5288975.000000,1711135800.0
1711135800.0,179.259995,180.098999,179.113998,179.610001,4204015.000000,1711139400.0
1711373400.0,172.863495,180.250000,172.000000,178.479996,22629734.000000,1711377000.0
1711377000.0,178.488297,182.589996,178.249695,181.500000,13352311.000000,1711380600.0
1711380600.0,181.470001,182.800003,179.619995,179.818100,9744827.000000,1711384200.0
1711384200.0,179.820007,180.669998,179.416107,180.240005,6486046.000000,1711387800.0
1711387800.0,180.231705,180.960007,179.710007,180.199997,5590134.000000,1711391400.0
1711391400.0,180.170105,180.270004,178.399994,178.731995,7095989.000000,1711395000.0
1711395000.0,178.735001,179.389999,178.250000,178.600006,4943228.000000,1711398600.0
1711459800.0,179.539993,180.500000,176.820007,177.139999,14508679.000000,1711463400.0
1711463400.0,177.139999,182.339996,176.330002,181.160004,14172105.000000,1711467000.0
1711467000.0,181.190002,182.598007,180.470001,182.229996,9371788.000000,1711470600.0
1711470600.0,182.229996,182.360001,179.509995,180.125000,7840108.000000,1711474200.0
1711474200.0,180.128998,180.710007,179.339996,179.889999,5230990.000000,1711477800.0
1711477800.0,179.910004,180.289993,178.470001,178.630707,5082282.000000,1711481400.0
1711481400.0,178.649902,178.740005,177.529999,177.889999,5281896.000000,1711485000.0
1711546200.0,179.934998,181.229996,175.399994,175.779999,18805764.000000,1711549800.0
1711549800.0,175.794998,178.449997,175.750000,177.839996,9771278.000000,1711553400.0
1711553400.0,177.859894,178.939896,176.899994,178.330399,6129517.000000,1711557000.0
1711557000.0,178.337997,178.669998,177.525604,178.000000,4526631.000000,1711560600.0
1711560600.0,178.000000,179.289993,177.860504,179.135300,4308174.000000,1711564200.0
1711564200.0,179.149994,179.190002,177.470001,178.218399,5289016.000000,1711567800.0
1711567800.0,178.218002,179.639999,178.070007,179.589996,4539994.000000,1711571400.0
1711632600.0,179.559998,182.979996,178.300003,182.280106,17696677.000000,1711636200.0
1711636200.0,182.304001,183.399994,180.919998,181.811996,10848966.000000,1711639800.0
1711639800.0,181.764999,182.339996,181.020004,182.095001,5898821.000000,1711643400.0
1711643400.0,182.091003,182.300003,180.356705,180.850006,5462709.000000,1711647000.0
1711647000.0,180.828003,181.086700,180.119995,180.720001,4719451.000000,1711650600.0
1711650600.0,180.720001,180.839996,180.029999,180.222000,4848576.000000,1711654200.0
1711654200.0,180.240005,180.779999,179.882401,180.460007,4513854.000000,1711657800.0
1711978200.0,180.085007,187.240005,179.899994,183.279999,22726124.000000,1711981800.0
1711981800.0,183.292892,184.149994,180.940002,182.320007,12741614.000000,1711985400.0
1711985400.0,182.309998,184.279999,181.320007,184.130707,9623561.000000,1711989000.0
1711989000.0,184.149994,184.619995,182.779999,183.790100,7841051.000000,1711992600.0
1711992600.0,183.815002,184.888199,183.669998,184.643997,7091170.000000,1711996200.0
1711996200.0,184.630005,185.089905,183.339996,183.450104,6984518.000000,1711999800.0
1711999800.0,183.460007,183.779907,182.740005,183.330002,5107455.000000,1712003400.0
1712064600.0,179.419998,180.098007,174.899994,176.415497,18739955.000000,1712068200.0
1712068200.0,176.389999,176.750000,175.300003,176.699997,9259721.000000,1712071800.0
1712071800.0,176.710007,176.766006,174.830002,175.744995,7829043.000000,1712075400.0
1712075400.0,175.744995,177.110001,175.440002,176.970001,5557554.000000,1712079000.0
1712079000.0,176.990005,177.750000,176.820007,177.289993,5863993.000000,1712082600.0
1712082600.0,177.296005,178.070007,177.020004,177.894897,6039543.000000,1712086200.0
1712086200.0,177.910004,179.210007,177.817902,178.690002,5307558.000000,1712089800.0
1712151000.0,177.699997,181.911301,176.699997,181.617798,16208282.000000,1712154600.0
1712154600.0,181.619995,182.050003,180.449997,181.410004,9011713.000000,1712158200.0
1712158200.0,181.429993,181.759995,179.770004,180.979904,5937423.000000,1712161800.0
1712161800.0,180.944901,181.600006,180.320007,181.559998,5092568.000000,1712165400.0
1712165400.0,181.570007,181.880005,181.029999,181.440002,3961501.000000,1712169000.0
1712169000.0,181.440002,181.750000,179.669998,180.016205,4554725.000000,1712172600.0
1712172600.0,180.000000,180.830002,179.820007,180.764999,3552245.000000,1712176200.0
1712237400.0,182.570007,183.005005,178.639999,179.347305,15936698.000000,1712241000.0
1712241000.0,179.354996,179.419998,177.179993,177.480698,10369905.000000,1712244600.0
1712244600.0,177.499893,178.009995,177.110001,177.920105,7295077.000000,1712248200.0
1712248200.0,177.929993,177.940002,176.289993,176.348404,6443222.000000,1712251800.0
1712251800.0,176.320007,176.549698,172.419998,172.579498,10179348.000000,1712255400.0
1712255400.0,172.559998,172.559998,166.259995,166.320099,20725791.000000,1712259000.0
1712259000.0,166.330002,167.259995,165.649994,165.770004,11675186.000000,1712262600.0
1712323800.0,168.082001,170.979996,165.580002,169.970001,24314821.000000,1712327400.0
1712327400.0,169.990005,171.550003,169.080002,171.370407,11721152.000000,1712331000.0
1712331000.0,171.369995,172.309998,171.220001,171.820007,6236058.000000,1712334600.0
1712334600.0,171.835007,172.690002,171.410004,172.101898,5400588.000000,1712338200.0
1712338200.0,172.110001,172.500000,170.080002,170.520004,7529890.000000,1712341800.0
1712341800.0,170.570007,171.341293,170.270004,170.589996,4132488.000000,1712345400.0
1712345400.0,170.580002,171.330002,170.240005,170.389999,4481865.000000,1712349000.0
1712583000.0,168.229996,170.850006,166.820007,170.464996,15224101.000000,1712586600.0
1712586600.0,170.479996,171.659897,169.639999,169.899994,7172190.000000,1712590200.0
1712590200.0,169.899994,169.992996,168.589996,168.960007,5851791.000000,1712593800.0
1712593800.0,168.970001,170.490005,168.860001,170.380005,4052636.000000,1712597400.0
1712597400.0,170.399994,170.470001,169.669998,170.180603,3463336.000000,1712601000.0
1712601000.0,170.180099,170.619904,169.600006,169.949997,3515519.000000,1712604600.0
1712604600.0,169.940002,170.346695,169.339996,169.889999,3295133.000000,1712608200.0
1712669400.0,170.130005,171.600006,168.230194,168.899994,11973168.000000,1712673000.0
1712673000.0,168.931595,169.320007,167.289993,168.619995,7995172.000000,1712676600.0
1712676600.0,168.600006,169.970001,167.809998,169.534103,4597999.000000,1712680200.0
1712680200.0,169.550003,170.130005,168.320908,168.399994,4808532.000000,1712683800.0
1712683800.0,168.399994,169.759995,168.330002,169.570007,3867842.000000,1712687400.0
1712687400.0,169.566498,170.240005,168.759995,170.169998,4145036.000000,1712691000.0
1712691000.0,170.160004,170.860001,169.419998,170.779999,4271054.000000,1712694600.0
1712755800.0,166.699997,169.775208,166.289993,167.600006,14116876.000000,1712759400.0
1712759400.0,167.639999,168.160004,166.020004,167.820007,8751962.000000,1712763000.0
1712763000.0,167.815002,167.839706,165.669998,165.869995,6356358.000000,1712766600.0
1712766600.0,165.869995,166.440002,164.410004,165.210098,8531089.000000,1712770200.0
1712770200.0,165.199997,165.597504,164.229996,164.529999,6737683.000000,1712773800.0
1712773800.0,164.550003,170.779999,164.300003,166.164993,6758003.000000,1712777400.0
1712777400.0,166.139999,167.229996,165.895004,167.080002,5649352.000000,1712781000.0
1712842200.0,167.490005,169.850006,166.549194,169.070007,13783463.000000,1712845800.0
1712845800.0,169.089996,170.539993,168.824997,169.274994,9168845.000000,1712849400.0
1712849400.0,169.279999,169.490005,168.369995,168.370102,5459507.000000,1712853000.0
1712853000.0,168.380005,170.449997,168.251602,170.035004,5355758.000000,1712856600.0
1712856600.0,170.039993,170.429993,169.210007,170.360001,4636190.000000,1712860200.0
1712860200.0,170.389999,170.459900,169.263596,170.250000,4226392.000000,1712863800.0
1712863800.0,170.240005,170.949905,170.020004,170.470001,4007900.000000,1712867400.0
1712928600.0,164.520004,165.699997,161.830002,163.920502,22208969.000000,1712932200.0
1712932200.0,163.960007,164.970001,163.100006,164.154999,8597544.000000,1712935800.0
1712935800.0,164.139999,164.570007,163.419998,163.710007,6010598.000000,1712939400.0
1712939400.0,163.714996,163.839905,162.300003,162.960007,6546688.000000,1712943000.0
1712943000.0,162.940002,163.720001,162.500000,162.850006,4600104.000000,1712946600.0
1712946600.0,162.869995,163.070007,161.929993,162.750000,5988548.000000,1712950200.0
1712950200.0,162.750000,164.048996,162.750000,163.279999,5942412.000000,1712953800.0
1713187800.0,164.404999,164.440002,159.309998,162.610001,19109499.000000,1713191400.0
1713191400.0,162.630005,163.329498,161.571594,163.014999,7901801.000000,1713195000.0
1713195000.0,163.029999,163.442093,161.869995,161.989899,5390679.000000,1713198600.0
1713198600.0,161.990204,162.399994,159.794998,159.929993,6199711.000000,1713202200.0
1713202200.0,159.960007,160.710007,158.770004,160.449997,8484274.000000,1713205800.0
1713205800.0,160.440002,161.417999,160.076996,160.482407,6763864.000000,1713209400.0
1713209400.0,160.509995,161.163803,160.300003,160.320007,4263861.000000,1713213000.0
1713274200.0,162.259995,164.178802,161.669998,162.899994,16182229.000000,1713277800.0
1713277800.0,162.896500,164.600006,162.699997,164.595703,8511007.000000,1713281400.0
1713281400.0,164.595001,164.879898,162.639999,162.959900,7363476.000000,1713285000.0
1713285000.0,162.908005,163.990005,162.820007,163.300095,4477789.000000,1713288600.0
1713288600.0,163.330002,164.419998,162.000000,162.850098,7651276.000000,1713292200.0
1713292200.0,162.850006,164.239899,162.770004,163.889893,5227496.000000,1713295800.0
1713295800.0,163.850006,164.149994,163.179993,163.440002,3576937.000000,1713299400.0
1713360600.0,163.800003,164.449997,160.619995,161.630005,13062317.000000,1713364200.0
1713364200.0,161.625000,161.990005,160.050095,160.320007,6939966.000000,1713367800.0
1713367800.0,160.323898,160.460007,156.625198,157.350006,11092851.000000,1713371400.0
1713371400.0,157.369904,157.500000,155.500000,156.399994,11511561.000000,1713375000.0
1713375000.0,156.365005,157.159607,155.330002,155.780899,9421836.000000,1713378600.0
1713378600.0,155.820007,157.410004,154.451401,154.500000,11197035.000000,1713382200.0
1713382200.0,154.490005,155.419205,153.880005,154.009995,8250772.000000,1713385800.0
1713447000.0,155.539993,156.100006,152.320007,155.134399,17341556.000000,1713450600.0
1713450600.0,155.117996,156.959900,154.770004,155.580002,8936337.000000,1713454200.0
1713454200.0,155.639999,156.699997,155.330093,156.210007,4656536.000000,1713457800.0
1713457800.0,156.229004,156.240005,153.460007,154.270004,5307540.000000,1713461400.0
1713461400.0,154.250000,155.010101,153.570007,154.619995,4642730.000000,1713465000.0
1713465000.0,154.639999,155.104996,153.914993,154.753601,4625534.000000,1713468600.0
1713468600.0,154.770004,155.309998,154.479996,155.095001,3954100.000000,1713472200.0
1713533400.0,151.589996,154.220001,150.419998,151.320007,17104284.000000,1713537000.0
1713537000.0,151.300003,152.039993,149.389999,149.729996,10745703.000000,1713540600.0
1713540600.0,149.720001,150.107895,147.699997,147.940994,8839573.000000,1713544200.0
1713544200.0,147.969894,149.729996,147.899994,149.049896,7340843.000000,1713547800.0
1713547800.0,149.029999,149.919998,146.850006,146.880005,6924950.000000,1713551400.0
1713551400.0,146.854996,147.359604,145.300003,146.216904,9671680.000000,1713555000.0
1713555000.0,146.199997,147.029999,145.869995,146.529999,6463097.000000,1713558600.0
1713792600.0,148.190002,149.889999,145.630005,146.089996,15592548.000000,1713796200.0
1713796200.0,146.100006,147.320007,145.891998,147.309998,7947790.000000,1713799800.0
1713799800.0,147.291107,147.729996,146.779999,147.328400,5303945.000000,1713803400.0
1713803400.0,147.311996,148.300003,146.752594,148.220001,3804223.000000,1713807000.0
1713807000.0,148.220001,149.488205,148.155396,149.096893,4629891.000000,1713810600.0
1713810600.0,149.100006,149.539993,148.300003,148.738998,5034412.000000,1713814200.0
1713814200.0,148.720001,148.839905,147.882904,148.630005,3375877.000000,1713817800.0
1713879000.0,151.649994,153.039993,150.372406,152.815002,14757487.000000,1713882600.0
1713882600.0,152.820007,153.139999,151.820007,152.695007,6734686.000000,1713886200.0
1713886200.0,152.690903,153.490005,152.199997,153.020996,5390850.000000,1713889800.0
1713889800.0,153.029999,153.220001,152.059998,152.389999,4309003.000000,1713893400.0
1713893400.0,152.389999,153.413406,152.259995,153.270004,3926168.000000,1713897000.0
1713897000.0,153.270004,153.479904,152.759995,152.979996,3587144.000000,1713900600.0
1713900600.0,152.990005,153.014999,151.919998,152.292099,3983799.000000,1713904200.0
1713965400.0,156.697998,157.659805,153.844193,154.270004,12704285.000000,1713969000.0
1713969000.0,154.270004,154.580002,151.500107,152.119995,7707612.000000,1713972600.0
1713972600.0,152.130005,152.449997,150.800507,151.384705,5662039.000000,1713976200.0
1713976200.0,151.367096,152.009995,150.839996,151.770798,4805277.000000,1713979800.0
1713979800.0,151.759995,152.500000,150.979996,151.037292,3457395.000000,1713983400.0
1713983400.0,151.012207,151.779602,150.630005,151.589996,3540076.000000,1713987000.0
1713987000.0,151.589996,151.889999,151.369995,151.679993,2724352.000000,1713990600.0
1714051800.0,149.147003,153.385803,146.750000,152.559998,13748404.000000,1714055400.0
1714055400.0,152.588501,153.020004,151.744995,152.650101,5278938.000000,1714059000.0
1714059000.0,152.669998,153.470001,151.789993,153.360001,4333271.000000,1714062600.0
1714062600.0,153.359894,153.960007,153.009995,153.550995,3656989.000000,1714066200.0
1714066200.0,153.549698,154.470001,153.339996,153.380005,3683961.000000,1714069800.0
1714069800.0,153.360001,155.139999,153.230103,154.820007,4444938.000000,1714073400.0
1714073400.0,154.829895,154.830002,153.330002,153.740997,3610073.000000,1714077000.0
1714138200.0,154.119995,158.625000,153.425201,156.660995,13988330.000000,1714141800.0
1714141800.0,156.690094,158.460098,156.529999,158.000000,6778446.000000,1714145400.0
1714145400.0,158.029999,158.449493,157.399994,157.770004,4295943.000000,1714149000.0
1714149000.0,157.759995,158.539993,157.500000,158.316895,4073765.000000,1714152600.0
1714152600.0,158.330002,158.440002,157.119995,157.514496,4260734.000000,1714156200.0
1714156200.0,157.507996,157.729996,156.960007,157.448395,3087422.000000,1714159800.0
1714159800.0,157.449997,157.600006,156.990005,157.350006,3334487.000000,1714163400.0
1714397400.0,159.059998,160.729996,156.260300,159.399994,15112851.000000,1714401000.0
1714401000.0,159.408997,160.550003,158.990204,160.020004,7028726.000000,1714404600.0
1714404600.0,160.029999,160.096695,159.000000,159.520004,4447787.000000,1714408200.0
1714408200.0,159.523102,160.770004,159.259995,160.704803,3189466.000000,1714411800.0
1714411800.0,160.710007,160.750107,159.914307,160.184998,3784033.000000,1714415400.0
1714415400.0,160.172501,160.309906,158.570007,159.419998,4181436.000000,1714419000.0
1714419000.0,159.440002,160.240005,159.345001,160.190002,3415550.000000,1714422600.0
1714483800.0,160.500000,162.289993,158.940002,160.339996,14200295.000000,1714487400.0
1714487400.0,160.300003,161.690002,159.860001,160.619995,7695720.000000,1714491000.0
1714491000.0,160.630005,160.939896,160.130005,160.360001,4878844.000000,1714494600.0
1714494600.0,160.380005,160.380005,159.020004,159.821396,5065322.000000,1714498200.0
1714498200.0,159.800095,160.929993,159.700897,160.239502,5047931.000000,1714501800.0
1714501800.0,160.250000,160.960007,159.699997,160.123398,6294341.000000,1714505400.0
1714505400.0,160.130005,160.270004,158.350006,158.360001,6476834.000000,1714509000.0
1714570200.0,148.235001,151.339996,145.630005,147.630005,27050661.000000,1714573800.0
1714573800.0,147.639999,148.199997,142.860001,144.160004,13828747.000000,1714577400.0
1714577400.0,144.139999,145.179993,142.139999,143.755005,10531087.000000,1714581000.0
1714581000.0,143.750793,144.684998,142.948105,144.240005,5580856.000000,1714584600.0
1714584600.0,144.250000,145.589996,143.570007,145.521103,6614819.000000,1714588200.0
1714588200.0,145.529999,148.979996,143.860001,147.059998,13340228.000000,1714591800.0
1714591800.0,147.044998,147.044998,143.850006,144.240005,7943935.000000,1714595400.0
1714656600.0,145.677399,147.619995,141.154999,143.260101,18967249.000000,1714660200.0
1714660200.0,143.260101,144.839996,143.125000,144.419998,7614237.000000,1714663800.0
1714663800.0,144.410995,145.250000,144.039993,145.029999,4671690.000000,1714667400.0
1714667400.0,145.020004,145.639999,144.250000,145.393799,3912131.000000,1714671000.0
1714671000.0,145.389999,146.100006,144.890198,145.899994,3476952.000000,1714674600.0
1714674600.0,145.921997,146.449997,145.360107,146.149994,4929768.000000,1714678200.0
1714678200.0,146.149094,146.320007,145.240005,146.160004,3898724.000000,1714681800.0
1714743000.0,147.630005,149.960007,147.250000,148.300003,14390174.000000,1714746600.0
1714746600.0,148.314407,149.449905,147.600006,148.490005,8066181.000000,1714750200.0
1714750200.0,148.500000,150.779999,148.089996,150.369995,7953926.000000,1714753800.0
1714753800.0,150.369995,150.789993,149.770004,150.059998,5190655.000000,1714757400.0
1714757400.0,150.059998,150.479996,149.833298,150.384995,3698487.000000,1714761000.0
1714761000.0,150.384995,150.646500,150.139999,150.559998,3779399.000000,1714764600.0
1714764600.0,150.550003,150.630005,150.169998,150.600006,3268093.000000,1714768200.0
1715002200.0,152.942001,155.949997,151.259995,155.850006,13446672.000000,1715005800.0
1715005800.0,155.520004,156.169907,150.600006,155.770706,7275138.000000,1715009400.0
1715009400.0,155.779999,156.649994,154.779999,154.803802,7368844.000000,1715013000.0
1715013000.0,154.791901,155.259903,154.429993,155.029999,3879963.000000,1715016600.0
1715016600.0,155.016006,155.199997,154.250000,154.708801,3130192.000000,1715020200.0
1715020200.0,154.720001,155.169998,154.289993,155.149994,3621682.000000,1715023800.0
1715023800.0,155.160004,155.820007,154.960007,155.789993,3778875.000000,1715027400.0
1715088600.0,156.259995,157.699997,154.335007,155.879898,11161359.000000,1715092200.0
1715092200.0,155.850006,157.179993,155.220093,156.854996,6122557.000000,1715095800.0
1715095800.0,156.839996,157.109894,155.570007,155.669998,3724325.000000,1715099400.0
1715099400.0,155.697998,155.785004,155.179993,155.539902,3414898.000000,1715103000.0
1715103000.0,155.520004,155.720001,154.225998,154.349899,3460509.000000,1715106600.0
1715106600.0,154.349899,154.550003,153.660004,154.339996,4294564.000000,1715110200.0
1715110200.0,154.360001,154.960007,153.920105,154.397003,2976849.000000,1715113800.0
1715175000.0,153.286804,155.330002,152.520004,154.850006,8783245.000000,1715178600.0
1715178600.0,154.839996,155.179993,152.720001,152.958496,5268695.000000,1715182200.0
1715182200.0,152.949997,153.692902,152.699997,153.302902,3557820.000000,1715185800.0
1715185800.0,153.300003,153.600006,152.770004,152.789993,2516790.000000,1715189400.0
1715189400.0,152.779999,153.470001,152.720001,153.339996,2233105.000000,1715193000.0
1715193000.0,153.350006,153.399994,152.950104,153.339996,1886681.000000,1715196600.0
1715196600.0,153.330002,153.740005,153.270294,153.639999,2267042.000000,1715200200.0
1715261400.0,153.070007,154.091995,150.610001,150.990005,10599648.000000,1715265000.0
1715265000.0,150.990005,153.149994,150.949997,152.820007,5506099.000000,1715268600.0
1715268600.0,152.835007,153.130005,151.957993,152.710098,3293472.000000,1715272200.0
1715272200.0,152.710007,153.110001,152.009995,152.250000,2709785.000000,1715275800.0
1715275800.0,152.240005,152.539993,152.039993,152.240005,2824803.000000,1715279400.0
1715279400.0,152.259903,152.750000,152.059998,152.320007,2807029.000000,1715283000.0
1715283000.0,152.320007,152.647293,152.229996,152.339996,2514943.000000,1715286600.0
1715347800.0,154.287399,156.369995,151.958206,151.958206,14521065.000000,1715351400.0
1715351400.0,151.979904,152.535294,151.309998,152.214996,7719335.000000,1715355000.0
1715355000.0,152.199997,152.255005,151.339996,151.839905,3124221.000000,1715358600.0
1715358600.0,151.845001,152.490005,151.605499,152.190002,2836855.000000,1715362200.0
1715362200.0,152.190002,152.559906,152.080002,152.430801,2250040.000000,1715365800.0
1715365800.0,152.414993,152.600006,151.889999,152.050003,2487933.000000,1715369400.0
1715369400.0,152.059998,152.240005,151.559998,151.910004,2822563.000000,1715373000.0
1715607000.0,151.279999,153.330002,151.210007,152.445007,8006762.000000,1715610600.0
1715610600.0,152.444702,153.250000,151.949997,152.600006,3658348.000000,1715614200.0
1715614200.0,152.589996,153.020004,152.070007,152.400696,2932538.000000,1715617800.0
1715617800.0,152.404999,152.779999,151.330002,152.139999,2835554.000000,1715621400.0
1715621400.0,152.130005,152.159103,151.509995,151.719894,2300536.000000,1715625000.0
1715625000.0,151.692993,152.000000,151.365005,151.552597,2384800.000000,1715628600.0
1715628600.0,151.551498,151.619995,150.399994,150.559998,3532329.000000,1715632200.0
1715693400.0,150.610001,152.039993,148.779999,151.879898,10431572.000000,1715697000.0
1715697000.0,151.910004,153.404999,150.720001,153.400101,5883269.000000,1715700600.0
1715700600.0,153.409897,153.487900,152.399994,152.779999,3713059.000000,1715704200.0
1715704200.0,152.750000,152.800003,151.930099,152.115005,2181074.000000,1715707800.0
1715707800.0,152.115005,152.759995,151.889999,152.389999,1966142.000000,1715711400.0
1715711400.0,152.384995,153.220001,152.270004,153.020294,2355925.000000,1715715000.0
1715715000.0,153.009995,153.210007,152.717606,153.160004,2478585.000000,1715718600.0
1715779800.0,155.587997,157.490005,154.699997,156.820007,11108847.000000,1715783400.0
1715783400.0,156.839996,158.570007,156.636902,157.186600,8314994.000000,1715787000.0
1715787000.0,157.170105,157.630005,156.660004,157.411896,3854069.000000,1715790600.0
1715790600.0,157.440002,158.720001,157.199997,158.539993,4380670.000000,1715794200.0
1715794200.0,158.529999,159.339996,158.369995,158.949997,4277467.000000,1715797800.0
1715797800.0,158.960007,159.279999,158.744995,159.153198,3557754.000000,1715801400.0
1715801400.0,159.162003,159.690002,158.889999,159.660004,3709479.000000,1715805000.0
1715866200.0,160.960007,164.020004,159.929993,163.932007,18254894.000000,1715869800.0
1715869800.0,163.960007,167.119995,163.190002,166.800003,14724893.000000,1715873400.0
1715873400.0,166.799393,168.059998,165.600006,166.940002,14448649.000000,1715877000.0
1715877000.0,166.919998,167.020004,164.580002,164.860107,7469082.000000,1715880600.0
1715880600.0,164.860001,165.449997,163.699997,163.865005,7785599.000000,1715884200.0
1715884200.0,163.860001,164.520004,163.851898,164.190002,5248769.000000,1715887800.0
1715887800.0,164.203003,164.330002,162.574005,162.610001,5117234.000000,1715891400.0
1715952600.0,168.404999,169.720001,164.240005,166.748505,25994406.000000,1715956200.0
1715956200.0,166.729706,167.619995,166.309998,166.960007,8565467.000000,1715959800.0
1715959800.0,166.925003,167.039993,165.119995,165.339996,5644511.000000,1715963400.0
1715963400.0,165.360001,165.565002,164.290207,164.531693,6500811.000000,1715967000.0
1715967000.0,164.546295,164.639999,162.320007,162.740005,6358319.000000,1715970600.0
1715970600.0,162.763596,164.198593,162.420105,163.869995,6809105.000000,1715974200.0
1715974200.0,163.860001,164.610001,163.720001,164.455002,4178568.000000,1715977800.0
1716211800.0,165.550003,168.320007,164.580002,164.980804,14587258.000000,1716215400.0
1716215400.0,164.990005,166.849899,164.470001,166.675003,7875663.000000,1716219000.0
1716219000.0,166.689896,167.136002,165.839996,166.869995,4750107.000000,1716222600.0
1716222600.0,166.865005,168.359894,166.820007,166.919998,5397135.000000,1716226200.0
1716226200.0,166.900101,167.029999,166.039993,166.420197,3684456.000000,1716229800.0
1716229800.0,166.429993,166.818604,166.190002,166.470001,3281123.000000,1716233400.0
1716233400.0,166.460007,166.679993,165.750000,166.350006,3131754.000000,1716237000.0
1716298200.0,164.000000,165.059906,163.100006,164.240005,10116412.000000,1716301800.0
1716301800.0,164.264999,164.940002,163.789993,164.350006,4577245.000000,1716305400.0
1716305400.0,164.345001,165.830002,164.000000,165.269394,4244293.000000,1716309000.0
1716309000.0,165.259995,165.520004,164.899994,165.369400,2476917.000000,1716312600.0
1716312600.0,165.345001,165.509995,164.320694,164.395004,2769869.000000,1716316200.0
1716316200.0,164.391998,164.770004,164.149994,164.360001,2281716.000000,1716319800.0
1716319800.0,164.365005,164.889999,164.350006,164.660004,2310463.000000,1716323400.0
1716384600.0,167.580002,169.814804,165.890106,167.389999,13324426.000000,1716388200.0
1716388200.0,167.399994,168.889999,167.119995,168.219299,7167524.000000,1716391800.0
1716391800.0,168.210007,168.669998,166.940002,167.033295,4085130.000000,1716395400.0
1716395400.0,167.049896,167.270004,165.720001,166.085007,4398452.000000,1716399000.0
1716399000.0,166.040100,166.220001,163.860001,164.019897,5240819.000000,1716402600.0
1716402600.0,164.020004,165.020004,163.956696,164.970001,4234594.000000,1716406200.0
1716406200.0,164.970001,165.660004,164.494995,165.589996,3990156.000000,1716409800.0
1716471000.0,170.197998,173.139999,164.259995,165.305893,26183320.000000,1716474600.0
1716474600.0,165.309998,165.779999,160.390198,163.485001,21337626.000000,1716478200.0
1716478200.0,163.490005,164.500000,162.820007,164.059998,10641923.000000,1716481800.0
1716481800.0,164.050003,164.189896,161.399994,162.005005,6415162.000000,1716485400.0
1716485400.0,162.009796,162.113998,158.759995,158.893997,8946247.000000,1716489000.0
1716489000.0,158.869995,159.559998,158.279999,159.098007,7943831.000000,1716492600.0
1716492600.0,159.100006,160.565002,159.100006,160.479996,6049954.000000,1716496200.0
1716557400.0,161.412003,165.889893,160.250000,165.289993,17688630.000000,1716561000.0
1716561000.0,165.294998,166.490005,164.789993,165.810104,8954506.000000,1716564600.0
1716564600.0,165.829407,167.080002,165.665497,166.631607,6505866.000000,1716568200.0
1716568200.0,166.649704,166.889999,165.531693,166.117798,4955308.000000,1716571800.0
1716571800.0,166.119995,167.659897,165.770004,167.139999,5025678.000000,1716575400.0
1716575400.0,167.122894,167.179993,166.100006,166.470001,4610435.000000,1716579000.0
1716579000.0,166.460098,166.800003,165.899994,166.369995,3574595.000000,1716582600.0
1716903000.0,169.509995,170.300003,164.960007,169.229996,16239032.000000,1716906600.0
1716906600.0,169.210007,172.619797,168.910095,172.279907,14774174.000000,1716910200.0
1716910200.0,172.300003,172.850006,171.650101,172.270004,7288249.000000,1716913800.0
1716913800.0,172.259995,174.550003,172.220001,173.580002,8553874.000000,1716917400.0
1716917400.0,173.570007,174.279999,171.800003,171.899994,5924567.000000,1716921000.0
1716921000.0,171.850098,172.169998,170.339996,171.580002,7197821.000000,1716924600.0
1716924600.0,171.580002,172.139999,170.750000,171.649994,3958012.000000,1716928200.0
1716989400.0,167.470001,168.380005,162.910004,165.225006,21529570.000000,1716993000.0
1716993000.0,165.240005,166.839996,164.550003,166.819397,8377456.000000,1716996600.0
1716996600.0,166.804993,166.809998,165.660004,166.229996,5035787.000000,1717000200.0
1717000200.0,166.220001,166.800003,165.550003,166.429993,4853279.000000,1717003800.0
1717003800.0,166.410004,166.479996,164.830597,164.830597,4707172.000000,1717007400.0
1717007400.0,164.820007,166.100006,164.630005,165.872406,5316025.000000,1717011000.0
1717011000.0,165.850006,166.250000,164.979996,165.259995,3911115.000000,1717014600.0
1717075800.0,167.500000,167.949997,164.179993,165.342499,11428811.000000,1717079400.0
1717079400.0,165.330002,165.568298,163.800003,165.256607,6012487.000000,1717083000.0
1717083000.0,165.250000,167.589905,165.169998,167.149094,6191760.000000,1717086600.0
1717086600.0,167.149994,168.389297,166.940002,168.160004,5059281.000000,1717090200.0
1717090200.0,168.169998,168.746902,167.080002,167.671097,4389643.000000,1717093800.0
1717093800.0,167.662201,168.189896,166.009995,166.800003,5385172.000000,1717097400.0
1717097400.0,166.800003,167.229904,165.360001,166.740005,5191687.000000,1717101000.0
1717162200.0,166.740005,169.490005,164.255798,164.860001,13963521.000000,1717165800.0
1717165800.0,164.794998,164.794998,161.919998,162.420105,9300148.000000,1717169400.0
1717169400.0,162.369995,162.449203,160.070007,160.535904,6347009.000000,1717173000.0
1717173000.0,160.530807,162.859894,160.529999,162.839996,4135859.000000,1717176600.0
1717176600.0,162.860001,163.259995,162.029999,162.296097,3930344.000000,1717180200.0
1717180200.0,162.304993,164.239899,162.169998,163.880005,4377609.000000,1717183800.0
1717183800.0,163.860001,167.279999,163.729996,167.270004,8059065.000000,1717187400.0
1717421400.0,170.770004,171.080002,165.170105,166.339996,18325270.000000,1717425000.0
1717425000.0,166.330093,166.350006,162.929993,164.501694,10337276.000000,1717428600.0
1717428600.0,164.479996,165.330002,161.149994,161.585007,9264759.000000,1717432200.0
1717432200.0,161.580002,162.630005,160.910095,162.479996,6194194.000000,1717435800.0
1717435800.0,162.501495,162.860001,161.940002,162.279999,4728877.000000,1717439400.0
1717439400.0,162.277893,162.904999,161.880005,162.570007,4247024.000000,1717443000.0
1717443000.0,162.589996,163.630005,162.210007,163.630005,4051172.000000,1717446600.0
1717507800.0,162.729996,164.830002,160.619995,162.609894,12691836.000000,1717511400.0
1717511400.0,162.589996,163.054993,160.811493,160.878998,6075804.000000,1717515000.0
1717515000.0,160.839996,161.095993,159.809998,160.610001,5672123.000000,1717518600.0
1717518600.0,160.606003,161.279999,159.910004,160.467499,4247940.000000,1717522200.0
1717522200.0,160.479996,162.009995,159.985001,161.990005,4347601.000000,1717525800.0
1717525800.0,161.990005,162.085007,158.872894,159.389008,7406791.000000,1717529400.0
1717529400.0,159.354996,160.429993,158.910095,159.990005,4475472.000000,1717533000.0
1717594200.0,162.070007,166.080002,161.380005,165.970001,17414898.000000,1717597800.0
1717597800.0,165.990005,167.119995,165.220001,166.270004,11094235.000000,1717601400.0
1717601400.0,166.250000,166.270004,164.770004,164.889999,6803674.000000,1717605000.0
1717605000.0,164.880005,165.432602,163.810501,164.245605,6207848.000000,1717608600.0
1717608600.0,164.243195,165.779999,164.195007,165.470001,5484773.000000,1717612200.0
1717612200.0,165.446503,166.209900,165.250000,165.740097,4525871.000000,1717615800.0
1717615800.0,165.710007,166.300003,164.720001,166.244995,4607439.000000,1717619400.0
1717680600.0,165.240005,167.639999,163.860001,167.539993,14349887.000000,1717684200.0
1717684200.0,167.580002,169.509995,166.860001,167.229996,10627497.000000,1717687800.0
1717687800.0,167.130005,167.759995,166.440002,166.660004,4312543.000000,1717691400.0
1717691400.0,166.625000,167.649902,165.369995,167.490097,4669209.000000,1717695000.0
1717695000.0,167.470001,168.429993,166.983994,168.270004,4199076.000000,1717698600.0
1717698600.0,168.260406,168.654999,167.200104,167.694305,3455533.000000,1717702200.0
1717702200.0,167.695007,167.919998,166.679993,166.779999,3199758.000000,1717705800.0
1717767000.0,166.600006,169.449997,165.860001,167.424301,13071274.000000,1717770600.0
1717770600.0,167.419998,168.460007,166.449997,167.271606,7408158.000000,1717774200.0
1717774200.0,167.256500,168.168503,166.660004,168.130905,4378599.000000,1717777800.0
1717777800.0,168.169998,169.223999,167.820007,168.550003,4651700.000000,1717781400.0
1717781400.0,168.550003,168.750000,166.139999,166.820999,4970455.000000,1717785000.0
1717785000.0,166.820007,167.610001,166.382004,167.339996,4425324.000000,1717788600.0
1717788600.0,167.309998,168.050003,167.130005,167.884995,3381072.000000,1717792200.0
1718026200.0,162.699997,163.880005,160.149994,163.639999,19182225.000000,1718029800.0
1718029800.0,163.639999,165.539993,162.699997,163.205002,10958865.000000,1718033400.0
1718033400.0,163.205002,163.348999,161.830002,162.024994,6947023.000000,1718037000.0
1718037000.0,162.000000,162.500000,161.039993,161.089996,6608999.000000,1718040600.0
1718040600.0,161.089996,161.656494,160.199997,160.399994,7183506.000000,1718044200.0
1718044200.0,160.410004,161.500000,159.970001,160.660004,6593879.000000,1718047800.0
1718047800.0,160.649994,160.830002,159.610001,160.360001,6432988.000000,1718051400.0
1718112600.0,160.460007,161.520004,156.919998,158.539993,12550268.000000,1718116200.0
1718116200.0,158.550003,159.309998,157.820007,158.639999,6064254.000000,1718119800.0
1718119800.0,158.634995,158.830002,157.270004,158.607803,4804031.000000,1718123400.0
1718123400.0,158.619995,159.438995,158.210007,158.639999,4189756.000000,1718127000.0
1718127000.0,158.645004,159.199997,158.500000,159.005005,3133605.000000,1718130600.0
1718130600.0,159.009995,159.479996,158.040207,158.089996,3729256.000000,1718134200.0
1718134200.0,158.085007,159.130005,157.970001,158.940002,3537941.000000,1718137800.0
1718199000.0,160.320007,161.830002,158.919998,161.350006,13988445.000000,1718202600.0
1718202600.0,161.369995,161.750000,159.600006,161.679993,6121251.000000,1718206200.0
1718206200.0,161.660004,162.230301,160.589996,161.134995,5126528.000000,1718209800.0
1718209800.0,161.130005,161.250000,159.981293,160.010193,3226624.000000,1718213400.0
1718213400.0,160.011795,160.789993,159.160004,160.623901,5589054.000000,1718217000.0
1718217000.0,160.649994,160.779999,158.820007,158.940002,6173570.000000,1718220600.0
1718220600.0,158.960007,160.697495,158.619995,160.199997,4406152.000000,1718224200.0
1718285400.0,160.250000,162.660004,157.910004,159.089905,13884030.000000,1718289000.0
1718289000.0,159.089905,159.440002,157.309998,158.389404,6679620.000000,1718292600.0
1718292600.0,158.360001,159.470001,158.160004,158.350006,4565226.000000,1718296200.0
1718296200.0,158.369995,160.229996,158.264999,159.910004,5040463.000000,1718299800.0
1718299800.0,159.910004,161.119995,159.820099,160.109604,4297941.000000,1718303400.0
1718303400.0,160.107101,160.619995,159.970001,160.240005,3675835.000000,1718307000.0
1718307000.0,160.235001,160.596603,159.521896,159.869995,3289399.000000,1718310600.0
1718371800.0,158.389999,161.339905,157.610001,159.080200,11783477.000000,1718375400.0
1718375400.0,159.089996,160.000000,158.130005,159.250000,5755020.000000,1718379000.0
1718379000.0,159.251099,159.500000,157.935104,158.115005,3705998.000000,1718382600.0
1718382600.0,158.109497,159.537994,158.039993,159.403793,2631074.000000,1718386200.0
1718386200.0,159.399994,159.699997,158.869995,159.009995,2789723.000000,1718389800.0
1718389800.0,159.000000,160.000000,158.865005,159.060104,2974371.000000,1718393400.0
1718393400.0,159.050003,159.699997,158.889999,159.574997,2639980.000000,1718397000.0
1718631000.0,158.000000,158.750000,154.134995,154.759995,15163907.000000,1718634600.0
1718634600.0,154.774994,156.440002,154.190002,156.429993,6700507.000000,1718638200.0
1718638200.0,156.425003,157.038498,155.729996,157.010101,4195810.000000,1718641800.0
1718641800.0,157.010101,157.699997,156.850006,157.460007,3393277.000000,1718645400.0
1718645400.0,157.449997,159.189194,157.061401,158.845001,5307615.000000,1718649000.0
1718649000.0,158.839996,159.229904,158.250000,158.559998,3686756.000000,1718652600.0
1718652600.0,158.520096,158.524002,157.929993,158.389999,3415334.000000,1718656200.0
1718717400.0,156.996994,157.209702,154.500000,155.829193,16278566.000000,1718721000.0
1718721000.0,155.830002,156.179398,154.050003,154.369995,7929171.000000,1718724600.0
1718724600.0,154.360001,154.779999,153.339996,154.359894,7360196.000000,1718728200.0
1718728200.0,154.350006,155.274994,154.000000,154.289993,5416159.000000,1718731800.0
1718731800.0,154.285004,155.039993,154.229996,154.550003,4405883.000000,1718735400.0
1718735400.0,154.539993,154.940002,154.050003,154.339996,3823909.000000,1718739000.0
1718739000.0,154.304993,154.890106,154.070007,154.619995,3693749.000000,1718742600.0
1718890200.0,155.592499,163.910004,155.529999,163.630005,29944249.000000,1718893800.0
1718893800.0,163.589996,166.679993,163.479996,165.260101,16866502.000000,1718897400.0
1718897400.0,165.259995,166.820007,161.759995,161.820007,12327169.000000,1718901000.0
1718901000.0,161.809998,162.379898,160.250000,160.410004,9852448.000000,1718904600.0
1718904600.0,160.434906,163.055893,159.330002,162.919907,9105774.000000,1718908200.0
1718908200.0,162.899994,162.960007,160.660004,161.925003,5970671.000000,1718911800.0
1718911800.0,161.914993,163.119705,161.500000,161.770004,5614166.000000,1718915400.0
1718976600.0,161.839996,163.199997,157.889999,160.804993,19039042.000000,1718980200.0
1718980200.0,160.789993,161.669998,160.100006,160.994995,7990161.000000,1718983800.0
1718983800.0,161.000000,162.789993,160.640198,161.943695,4996663.000000,1718987400.0
1718987400.0,161.979996,162.460007,160.380005,161.074997,4117148.000000,1718991000.0
1718991000.0,161.050003,161.250000,160.270004,160.895004,3342111.000000,1718994600.0
1718994600.0,160.850006,160.960007,160.210007,160.839996,3253853.000000,1718998200.0
1718998200.0,160.850006,161.755005,160.130600,161.270004,4297977.000000,1719001800.0
1719235800.0,159.750000,160.839996,158.190002,159.309998,9519192.000000,1719239400.0
1719239400.0,159.339996,162.110001,158.580002,161.919907,8241284.000000,1719243000.0
1719243000.0,161.926498,163.399994,161.399994,162.539993,7336850.000000,1719246600.0
1719246600.0,162.552795,163.070007,160.329895,160.705002,4818276.000000,1719250200.0
1719250200.0,160.699997,160.779999,159.440002,160.180099,4472711.000000,1719253800.0
1719253800.0,160.210007,162.539993,160.050003,162.389999,5002442.000000,1719257400.0
1719257400.0,162.380005,162.499893,160.227493,160.250000,3840777.000000,1719261000.0
1719322200.0,160.720001,161.000000,156.460007,158.669403,14761038.000000,1719325800.0
1719325800.0,158.679993,159.600006,157.803207,159.600006,5317378.000000,1719329400.0
1719329400.0,159.589996,160.279999,158.840103,159.309906,5220194.000000,1719333000.0
1719333000.0,159.309998,159.389893,157.630096,158.899994,4385639.000000,1719336600.0
1719336600.0,158.904999,159.740005,158.610001,159.740005,2404116.000000,1719340200.0
1719340200.0,159.750000,159.759903,158.960007,159.699799,2542886.000000,1719343800.0
1719343800.0,159.690002,160.360001,159.360001,160.289001,3210545.000000,1719347400.0
1719408600.0,160.520004,160.740005,158.260101,158.399902,8385961.000000,1719412200.0
1719412200.0,158.360001,158.910004,156.750000,156.910004,6548424.000000,1719415800.0
1719415800.0,156.899994,157.820007,156.535004,157.255005,4556013.000000,1719419400.0
1719419400.0,157.229996,157.399994,156.020004,157.102798,3877517.000000,1719423000.0
1719423000.0,157.080002,157.240005,156.460007,156.779999,2706267.000000,1719426600.0
1719426600.0,156.794998,156.979996,156.000000,156.739899,3750791.000000,1719430200.0
1719430200.0,156.729996,157.839996,156.570007,157.539993,4353478.000000,1719433800.0
1719495000.0,157.179993,159.600006,156.889999,159.250000,9938906.000000,1719498600.0
1719498600.0,159.220001,159.380005,157.740005,158.179993,4499501.000000,1719502200.0
1719502200.0,158.240005,158.240005,157.290100,157.940002,3124154.000000,1719505800.0
1719505800.0,157.926407,158.499893,157.809998,158.199402,1982823.000000,1719509400.0
1719509400.0,158.199997,159.330002,158.160004,159.289505,3135807.000000,1719513000.0
1719513000.0,159.270004,160.610001,159.250000,160.061493,5304343.000000,1719516600.0
1719516600.0,160.050095,160.190002,158.839996,159.479996,3545431.000000,1719520200.0
1719581400.0,160.119995,166.449997,159.410004,165.559998,16477188.000000,1719585000.0
1719585000.0,165.550003,166.099899,162.110001,162.729996,9966587.000000,1719588600.0
1719588600.0,162.722000,163.130005,161.610001,162.500000,6077670.000000,1719592200.0
1719592200.0,162.470001,163.440002,161.259995,163.057999,4201479.000000,1719595800.0
1719595800.0,163.070007,163.259995,161.970001,162.139999,3941572.000000,1719599400.0
1719599400.0,162.149994,162.269897,161.420105,161.579895,3312381.000000,1719603000.0
1719603000.0,161.567993,162.679993,160.500000,162.210007,4441209.000000,1719606600.0
1719840600.0,161.289993,161.506805,153.639999,154.429993,17379351.000000,1719844200.0
1719844200.0,154.439606,156.225006,153.920502,156.140106,8707916.000000,1719847800.0
1719847800.0,156.149994,157.259003,155.789993,156.889999,5454366.000000,1719851400.0
1719851400.0,156.860001,157.130005,155.889999,156.249893,3443273.000000,1719855000.0
1719855000.0,156.225006,157.580795,155.940002,156.889999,3744566.000000,1719858600.0
1719858600.0,156.899994,158.029907,156.819000,156.960007,5078559.000000,1719862200.0
1719862200.0,156.960007,157.889999,156.759995,157.690002,3719422.000000,1719865800.0
1719927000.0,157.039993,161.142593,156.699997,157.358795,14253163.000000,1719930600.0
1719930600.0,157.300003,159.649994,157.100006,159.274994,7398529.000000,1719934200.0
1719934200.0,159.270004,159.869995,158.720093,159.270004,5366515.000000,1719937800.0
1719937800.0,159.289703,161.428299,159.139893,160.720001,5233059.000000,1719941400.0
1719941400.0,160.759995,162.440506,160.680099,162.320007,5957301.000000,1719945000.0
1719945000.0,162.311996,164.220001,162.229996,163.910706,7877710.000000,1719948600.0
1719948600.0,163.910004,164.570007,163.830002,164.289993,5991266.000000,1719952200.0
1720013400.0,164.399994,165.250000,162.510101,163.299896,11401335.000000,1720017000.0
1720017000.0,163.300003,164.380005,163.000000,164.318100,4835263.000000,1720020600.0
1720020600.0,164.320007,165.160004,162.690002,165.099899,5430227.000000,1720024200.0
1720186200.0,167.192795,170.384995,165.699997,170.000000,16807422.000000,1720189800.0
1720189800.0,170.000000,172.190002,169.169998,170.740005,10795799.000000,1720193400.0
1720193400.0,170.729996,174.039597,170.630005,173.878204,8995783.000000,1720197000.0
1720197000.0,173.869995,173.889999,171.210007,172.139999,7716441.000000,1720200600.0
1720200600.0,172.158997,173.000000,171.619995,171.932907,5807641.000000,1720204200.0
1720204200.0,171.929993,172.240005,171.539993,171.669006,4122210.000000,1720207800.0
1720207800.0,171.669998,172.339996,171.561005,171.809998,3827949.000000,1720211400.0
1720445400.0,175.938202,177.619995,173.679993,175.179993,19865672.000000,1720449000.0
1720449000.0,175.188904,175.740005,173.220001,174.580002,7423454.000000,1720452600.0
1720452600.0,174.598007,175.320007,173.449997,175.039993,5768597.000000,1720456200.0
1720456200.0,175.020004,176.580002,174.830002,176.490097,5000276.000000,1720459800.0
1720459800.0,176.529999,178.130997,176.250000,177.809998,7190578.000000,1720463400.0
1720463400.0,177.820007,177.839996,176.869995,177.190002,4712479.000000,1720467000.0
1720467000.0,177.190002,178.949997,177.160004,178.660004,5881320.000000,1720470600.0
1720531800.0,177.960007,180.410004,175.510300,175.576904,17170901.000000,1720535400.0
1720535400.0,175.574997,177.209595,174.699997,175.990005,8203295.000000,1720539000.0
1720539000.0,176.014099,177.379898,175.720093,176.987106,3606978.000000,1720542600.0
1720542600.0,176.979996,177.050003,174.839401,175.129593,3818028.000000,1720546200.0
1720546200.0,175.131805,176.500000,175.110001,176.179993,2526660.000000,1720549800.0
1720549800.0,176.199997,177.169998,176.179993,176.690002,3379271.000000,1720553400.0
1720553400.0,176.639999,177.479996,176.260101,177.080002,2842267.000000,1720557000.0
1720618200.0,180.789993,187.279007,177.809998,186.749893,33724748.000000,1720621800.0
1720621800.0,186.699997,186.990005,181.529999,183.157700,18685640.000000,1720625400.0
1720625400.0,183.130005,184.000000,182.130005,183.289993,10035141.000000,1720629000.0
1720629000.0,183.339996,184.289993,181.779999,182.050003,7612238.000000,1720632600.0
1720632600.0,182.050003,182.750000,181.449997,182.445496,5668388.000000,1720636200.0
1720636200.0,182.464996,183.179901,181.860001,182.445007,5073554.000000,1720639800.0
1720639800.0,182.460007,184.360001,182.259995,183.949997,6024192.000000,1720643400.0
1720704600.0,184.130005,187.110001,181.490005,182.339996,20767619.000000,1720708200.0
1720708200.0,182.324997,183.189896,179.580002,179.820007,8206816.000000,1720711800.0
1720711800.0,179.779999,180.089996,177.250000,179.270004,6589161.000000,1720715400.0
1720715400.0,179.270004,179.849899,177.630997,179.410004,4083781.000000,1720719000.0
1720719000.0,179.399994,180.020004,177.699997,179.160004,4412665.000000,1720722600.0
1720722600.0,179.119995,181.690002,178.910095,181.149994,5845861.000000,1720726200.0
1720726200.0,181.130005,182.752808,181.130005,181.929993,5291905.000000,1720729800.0
1720791000.0,182.079697,184.449997,179.690002,183.434998,13108732.000000,1720794600.0
1720794600.0,183.434998,186.629898,183.235001,185.649994,8845374.000000,1720798200.0
1720798200.0,185.634003,186.330002,183.830002,184.985703,5354280.000000,1720801800.0
1720801800.0,185.000000,186.000000,184.509995,185.759995,4785986.000000,1720805400.0
1720805400.0,185.740005,186.990005,185.439697,185.830307,5374737.000000,1720809000.0
1720809000.0,185.850006,186.240005,184.070007,184.455002,4649224.000000,1720812600.0
1720812600.0,184.449997,184.451996,180.740005,181.649994,6373384.000000,1720816200.0
1721050200.0,184.500000,185.500000,180.110001,181.740005,13682129.000000,1721053800.0
1721053800.0,181.700104,183.800003,181.220001,182.800003,6730509.000000,1721057400.0
1721057400.0,182.649994,183.770004,181.285004,182.419998,5548288.000000,1721061000.0
1721061000.0,182.380005,182.619995,180.500000,181.250595,3953595.000000,1721064600.0
1721064600.0,181.160004,181.339905,179.699997,180.434998,3590426.000000,1721068200.0
1721068200.0,180.425003,180.820007,179.589996,180.509995,3615589.000000,1721071800.0
1721071800.0,180.490005,180.839996,178.539993,179.869995,3396870.000000,1721075400.0
1721136600.0,179.714996,179.749893,174.529999,175.600006,13182192.000000,1721140200.0
1721140200.0,175.625000,176.899994,175.320007,175.419998,5770199.000000,1721143800.0
1721143800.0,175.410004,176.369995,174.869995,175.429993,4838327.000000,1721147400.0
1721147400.0,175.440002,176.919907,175.089996,176.050003,3845353.000000,1721151000.0
1721151000.0,176.050003,176.989899,175.669998,176.809998,3539138.000000,1721154600.0
1721154600.0,176.839996,177.469894,176.449997,177.039902,3630768.000000,1721158200.0
1721158200.0,177.000000,177.940002,176.649994,177.500000,3312420.000000,1721161800.0
1721223000.0,169.710007,169.800003,163.339996,164.289993,19987480.000000,1721226600.0
1721226600.0,164.270004,164.990005,162.800003,164.570007,10719295.000000,1721230200.0
1721230200.0,164.550003,165.039993,162.500000,162.919998,9382020.000000,1721233800.0
1721233800.0,162.912094,163.464996,161.699997,162.880005,7854836.000000,1721237400.0
1721237400.0,162.860001,163.410004,161.279999,162.100006,6249871.000000,1721241000.0
1721241000.0,162.100006,162.329895,160.500000,161.936798,8403642.000000,1721244600.0
1721244600.0,161.910004,162.255005,159.369995,159.419998,8284170.000000,1721248200.0
1721309400.0,163.149994,163.300003,157.509995,157.649994,18872602.000000,1721313000.0
1721313000.0,157.654999,157.820007,153.360001,154.089996,14686452.000000,1721316600.0
1721316600.0,154.111694,155.100006,153.199997,154.832397,8966225.000000,1721320200.0
1721320200.0,154.850006,156.589996,154.539993,155.539993,7297349.000000,1721323800.0
1721323800.0,155.550003,156.294998,154.699997,155.124100,5048472.000000,1721327400.0
1721327400.0,155.130005,155.399902,153.809998,154.645004,6024293.000000,1721331000.0
1721331000.0,154.619995,156.740005,154.425003,155.759995,5908670.000000,1721334600.0
1721395800.0,154.949997,155.809998,152.600006,152.610001,11810424.000000,1721399400.0
1721399400.0,152.615005,154.096497,151.865005,152.070007,7238494.000000,1721403000.0
1721403000.0,152.074997,153.360001,151.699997,152.639999,5046302.000000,1721406600.0
1721406600.0,152.610001,152.889999,150.619995,151.464996,5925394.000000,1721410200.0
1721410200.0,151.414993,152.330002,150.940994,151.304001,4116340.000000,1721413800.0
1721413800.0,151.330002,152.778198,150.970093,152.475006,4154180.000000,1721417400.0
1721417400.0,152.460007,152.539993,151.279999,151.600006,4236349.000000,1721421000.0
1721655000.0,154.320007,156.690002,153.080002,155.119995,12892202.000000,1721658600.0
1721658600.0,155.130005,156.225006,153.126495,153.361893,5952473.000000,1721662200.0
1721662200.0,153.360001,154.490005,152.544998,154.242004,5220375.000000,1721665800.0
1721665800.0,154.250000,155.569901,154.182999,155.050003,3598134.000000,1721669400.0
1721669400.0,155.065002,155.679993,154.380005,155.488403,3121564.000000,1721673000.0
1721673000.0,155.460007,155.750000,154.350006,155.320007,3867858.000000,1721676600.0
1721676600.0,155.349899,156.059998,155.059998,155.869995,4326745.000000,1721680200.0
1721741400.0,154.800003,156.399994,153.800003,155.220001,9152105.000000,1721745000.0
1721745000.0,155.240005,157.050003,154.322495,156.910004,5230560.000000,1721748600.0
1721748600.0,156.929993,156.939896,154.960205,155.274994,3605075.000000,1721752200.0
1721752200.0,155.285004,155.458206,154.720001,155.279999,2329833.000000,1721755800.0
1721755800.0,155.195007,155.274994,154.416000,154.539993,2064150.000000,1721759400.0
1721759400.0,154.570007,155.149994,154.428604,154.869995,2476484.000000,1721763000.0
1721763000.0,154.869995,155.080002,153.820007,154.009995,3250333.000000,1721766600.0
1721827800.0,152.750000,153.679993,149.429993,149.960007,11027189.000000,1721831400.0
1721831400.0,149.955002,150.389999,148.279999,149.399994,7143399.000000,1721835000.0
1721835000.0,149.399994,149.589996,146.979996,147.050003,5569602.000000,1721838600.0
1721838600.0,147.039993,147.669907,146.389999,147.339996,5272776.000000,1721842200.0
1721842200.0,147.330002,148.210007,146.220001,146.485001,4105105.000000,1721845800.0
1721845800.0,146.464996,146.720001,145.330002,145.410004,4674129.000000,1721849400.0
1721849400.0,145.425003,146.789993,144.529999,144.619995,6653552.000000,1721853000.0
1721914200.0,144.149994,144.750000,136.809998,141.169998,18421448.000000,1721917800.0
1721917800.0,141.139999,142.879898,140.440002,140.672302,8503689.000000,1721921400.0
1721921400.0,140.654999,142.719803,140.014999,142.539993,6881311.000000,1721925000.0
1721925000.0,142.580002,143.489899,141.139999,141.320007,5897497.000000,1721928600.0
1721928600.0,141.338501,142.169998,140.630005,141.229996,4859224.000000,1721932200.0
1721932200.0,141.210007,141.429993,139.000000,140.509995,6470673.000000,1721935800.0
1721935800.0,140.500000,140.824707,138.149994,138.279999,6028428.000000,1721939400.0
1722000600.0,139.880005,141.240005,138.270004,140.020004,13976561.000000,1722004200.0
1722004200.0,140.029999,140.154007,138.600006,139.320007,6490289.000000,1722007800.0
1722007800.0,139.339996,140.750000,138.802002,140.339996,5260427.000000,1722011400.0
1722011400.0,140.449997,141.289993,140.440002,141.130005,6965889.000000,1722015000.0
1722015000.0,141.108093,141.169998,138.820007,139.600006,5044197.000000,1722018600.0
1722018600.0,139.634995,140.169998,138.960007,139.970001,3869831.000000,1722022200.0
1722022200.0,139.960007,140.149994,139.110001,140.020004,3593095.000000,1722025800.0
1722259800.0,141.190002,144.585007,140.479996,141.949997,14678736.000000,1722263400.0
1722263400.0,141.950104,142.399994,139.139999,139.740005,7792050.000000,1722267000.0
1722267000.0,139.740005,141.679993,138.750000,141.095001,5984682.000000,1722270600.0
1722270600.0,141.080002,142.000000,140.529007,140.529999,4657053.000000,1722274200.0
1722274200.0,140.529999,141.309998,140.279999,140.550003,3744678.000000,1722277800.0
1722277800.0,140.554993,140.800003,139.960098,140.589203,4186493.000000,1722281400.0
1722281400.0,140.589996,140.799896,139.580002,139.740005,3367821.000000,1722285000.0
1722346200.0,139.880005,141.699997,138.889999,139.897995,11316970.000000,1722349800.0
1722349800.0,139.910004,140.529999,136.312103,137.309998,8732981.000000,1722353400.0
1722353400.0,137.279999,137.380798,135.410004,135.970001,6271353.000000,1722357000.0
1722357000.0,135.929993,136.940002,134.050003,136.929993,6793199.000000,1722360600.0
1722360600.0,136.914993,138.119904,136.690002,137.869995,6246989.000000,1722364200.0
1722364200.0,137.860001,138.380005,137.110001,137.702896,8543297.000000,1722367800.0
1722367800.0,137.710007,139.500000,136.860001,138.429993,8003783.000000,1722371400.0
1722432600.0,151.000000,153.500000,147.500000,148.789993,32566879.000000,1722436200.0
1722436200.0,148.830002,148.979996,145.364304,145.381302,17116475.000000,1722439800.0
1722439800.0,145.399994,146.199997,144.020004,144.410004,13112869.000000,1722443400.0
1722443400.0,144.380005,145.266800,143.194199,143.529205,9631825.000000,1722447000.0
1722447000.0,143.529999,144.289993,140.029999,144.164993,12754453.000000,1722450600.0
1722450600.0,144.164993,145.610001,142.589996,143.050003,14136526.000000,1722454200.0
1722454200.0,143.065002,145.410004,142.929993,144.479706,8799934.000000,1722457800.0
1722519000.0,145.000000,147.289993,138.830093,138.830093,21565957.000000,1722522600.0
1722522600.0,138.895004,139.249893,136.320908,137.470001,14728886.000000,1722526200.0
1722526200.0,137.475006,137.850006,135.820007,136.220001,10715537.000000,1722529800.0
1722529800.0,136.210098,136.339996,133.889999,134.039993,10505503.000000,1722533400.0
1722533400.0,134.050003,134.179993,131.710007,132.164993,10216525.000000,1722537000.0
1722537000.0,132.169998,132.429993,130.240005,131.940002,11769455.000000,1722540600.0
1722540600.0,131.960007,132.880005,131.710007,132.539993,8415516.000000,1722544200.0
1722605400.0,134.589996,137.100006,132.619995,134.970001,27000213.000000,1722609000.0
1722609000.0,134.950104,136.779999,132.919998,135.160004,11122584.000000,1722612600.0
1722612600.0,135.139999,136.320007,134.759995,134.949997,7787480.000000,1722616200.0
1722616200.0,134.929901,134.989899,132.619995,133.110001,7100485.000000,1722619800.0
1722619800.0,133.074997,133.910004,131.820007,133.889999,6576328.000000,1722623400.0
1722623400.0,133.880005,134.130005,131.929993,132.809998,6936743.000000,1722627000.0
1722627000.0,132.798904,133.220001,131.330002,132.520004,7030522.000000,1722630600.0
1722864600.0,123.375000,134.880005,123.180000,132.039993,23358414.000000,1722868200.0
1722868200.0,132.029999,136.979996,131.970001,135.755005,11036321.000000,1722871800.0
1722871800.0,135.774994,139.139999,135.550003,139.059998,9252641.000000,1722875400.0
1722875400.0,139.069000,139.119995,135.820007,136.600006,7272044.000000,1722879000.0
1722879000.0,136.580002,137.690002,134.512695,135.639999,6300403.000000,1722882600.0
1722882600.0,135.590103,136.110001,134.339996,135.360001,6340447.000000,1722886200.0
1722886200.0,135.330002,135.550003,134.339996,134.850006,6302384.000000,1722889800.0
1722951000.0,135.102005,136.440002,129.100006,131.949997,19129443.000000,1722954600.0
1722954600.0,131.950500,132.990005,130.780396,130.800598,9176703.000000,1722958200.0
1722958200.0,130.835007,132.449905,130.750000,131.970093,6250231.000000,1722961800.0
1722961800.0,132.000000,134.210007,131.750000,133.470093,5767775.000000,1722965400.0
1722965400.0,133.470993,133.550003,131.750000,132.639999,5671767.000000,1722969000.0
1722969000.0,132.639999,132.740005,130.142303,131.360001,7110415.000000,1722972600.0
1722972600.0,131.370193,131.750000,129.929993,130.139999,5960120.000000,1722976200.0
1723037400.0,133.750000,136.235001,133.089996,133.639999,17399583.000000,1723041000.0
1723041000.0,133.664993,135.800003,133.330002,134.621506,6663875.000000,1723044600.0
1723044600.0,134.645004,134.899994,131.949997,133.500107,6232601.000000,1723048200.0
1723048200.0,133.520004,133.779999,131.054993,131.419998,4384902.000000,1723051800.0
1723051800.0,131.387405,132.427994,129.450104,130.369995,5049084.000000,1723055400.0
1723055400.0,130.300003,131.749893,129.750000,130.625305,5186308.000000,1723059000.0
1723059000.0,130.639999,130.750000,128.369995,128.660004,4611370.000000,1723062600.0
1723123800.0,132.000000,133.664001,128.949997,133.524200,12785456.000000,1723127400.0
1723127400.0,133.537506,135.059998,132.960007,134.149994,8610150.000000,1723131000.0
1723131000.0,134.169998,135.500000,133.949997,134.699295,5004268.000000,1723134600.0
1723134600.0,134.679993,135.690002,134.009995,135.651901,4160778.000000,1723138200.0
1723138200.0,135.669998,136.339996,135.460999,135.590103,4169717.000000,1723141800.0
1723141800.0,135.610001,135.960007,134.730103,135.089996,4181786.000000,1723145400.0
1723145400.0,135.089996,136.479996,134.900101,136.399994,4866374.000000,1723149000.0
1723210200.0,134.595001,135.500000,132.509995,133.139999,13419121.000000,1723213800.0
1723213800.0,133.167007,134.389999,132.440002,133.669998,7273922.000000,1723217400.0
1723217400.0,133.659897,134.190002,132.720001,133.699997,4548493.000000,1723221000.0
1723221000.0,133.690002,135.250000,133.688202,135.240005,4285243.000000,1723224600.0
1723224600.0,135.259995,135.449905,134.479996,134.794998,3458439.000000,1723228200.0
1723228200.0,134.789993,135.149994,134.294998,134.824997,3060461.000000,1723231800.0
1723231800.0,134.830002,135.129700,134.050003,134.279999,3033855.000000,1723235400.0
1723469400.0,135.100006,137.710007,133.229996,136.880096,12987633.000000,1723473000.0
1723473000.0,136.940002,137.985001,135.309998,135.849899,7042842.000000,1723476600.0
1723476600.0,135.820007,137.169998,135.215698,136.899994,4713415.000000,1723480200.0
1723480200.0,136.880005,137.490005,136.000702,136.419998,4307903.000000,1723483800.0
1723483800.0,136.410004,136.830002,135.750000,136.690002,3105198.000000,1723487400.0
1723487400.0,136.669998,136.889999,136.289993,136.615005,2479159.000000,1723491000.0
1723491000.0,136.610107,137.149902,136.164993,136.789993,2986098.000000,1723494600.0
1723555800.0,138.119995,140.699905,137.830002,139.919998,11894814.000000,1723559400.0
1723559400.0,139.910004,140.470001,139.100006,139.830093,6945645.000000,1723563000.0
1723563000.0,139.820007,140.699997,139.610001,139.882996,4960406.000000,1723566600.0
1723566600.0,139.889893,141.000000,139.440002,140.670303,4535900.000000,1723570200.0
1723570200.0,140.675003,140.899994,139.820099,140.850006,3147366.000000,1723573800.0
1723573800.0,140.820007,140.841797,140.020004,140.440094,2922921.000000,1723577400.0
1723577400.0,140.459900,141.190002,140.350006,141.179993,4192418.000000,1723581000.0
1723642200.0,143.000000,143.229904,138.119995,138.919998,11965502.000000,1723645800.0
1723645800.0,138.940002,140.289993,137.639999,140.020004,6260124.000000,1723649400.0
1723649400.0,140.009995,140.770004,139.259995,139.259995,4102730.000000,1723653000.0
1723653000.0,139.259995,139.770004,138.790604,139.729996,3021186.000000,1723656600.0
1723656600.0,139.729996,140.000000,139.240005,139.880005,2222071.000000,1723660200.0
1723660200.0,139.839996,140.348404,139.580002,139.938004,2396510.000000,1723663800.0
1723663800.0,139.960007,140.910004,139.729904,140.710007,2848103.000000,1723667400.0
1723728600.0,141.817596,145.319901,141.817596,144.949997,10570674.000000,1723732200.0
1723732200.0,144.940002,146.330002,144.732498,145.780106,7075886.000000,1723735800.0
1723735800.0,145.779999,147.220001,145.640106,147.190201,5414231.000000,1723739400.0
1723739400.0,147.199997,147.279907,146.419998,146.869995,4042807.000000,1723743000.0
1723743000.0,146.860001,147.699997,146.779999,147.100098,3246095.000000,1723746600.0
1723746600.0,147.070007,147.460007,146.750000,147.369202,3768426.000000,1723750200.0
1723750200.0,147.360001,147.955002,147.100006,147.380005,4664025.000000,1723753800.0
1723815000.0,145.699997,149.369293,145.210007,148.460007,10285143.000000,1723818600.0
1723818600.0,148.479996,148.949997,147.130005,147.860001,5002256.000000,1723822200.0
1723822200.0,147.839996,148.929993,147.729996,148.845795,3969086.000000,1723825800.0
1723825800.0,148.830002,149.300003,148.630005,149.110001,3224381.000000,1723829400.0
1723829400.0,149.110001,149.214996,148.479996,149.020004,2043051.000000,1723833000.0
1723833000.0,149.037994,149.184998,148.600006,148.615005,1987656.000000,1723836600.0
1723836600.0,148.615997,148.850006,148.240005,148.580002,2667024.000000,1723840200.0
1724074200.0,148.311005,152.759995,147.720001,152.590698,20990533.000000,1724077800.0
1724077800.0,152.617401,153.679993,152.179993,153.009995,9141001.000000,1724081400.0
1724081400.0,153.014999,154.080002,152.100006,152.460007,6365763.000000,1724085000.0
1724085000.0,152.410004,152.679993,151.821594,152.630005,4397230.000000,1724088600.0
1724088600.0,152.649994,153.785004,152.363998,153.692505,4447811.000000,1724092200.0
1724092200.0,153.708298,155.079895,153.585007,154.970001,6686594.000000,1724095800.0
1724095800.0,154.960007,155.365005,153.919998,155.309998,6085832.000000,1724099400.0
1724160600.0,156.669998,162.039993,155.300003,159.119995,27253886.000000,1724164200.0
1724164200.0,159.139999,159.570007,155.910004,157.163803,14683654.000000,1724167800.0
1724167800.0,157.160004,158.379395,156.550003,156.914993,6624790.000000,1724171400.0
1724171400.0,156.914993,157.029907,154.509995,155.774994,7411226.000000,1724175000.0
1724175000.0,155.789993,157.589996,155.660004,157.292007,5633738.000000,1724178600.0
1724178600.0,157.309998,157.934402,157.020004,157.229996,5891561.000000,1724182200.0
1724182200.0,157.220001,157.849899,156.339996,156.399994,4725379.000000,1724185800.0
1724247000.0,156.250000,157.789993,155.710007,156.852005,11635852.000000,1724250600.0
1724250600.0,156.845200,158.050003,155.070007,157.070007,8572400.000000,1724254200.0
1724254200.0,157.039993,157.490005,156.279999,156.820007,4298825.000000,1724257800.0
1724257800.0,156.809998,157.699905,156.779999,156.939896,3521876.000000,1724261400.0
1724261400.0,156.949997,158.458298,156.949997,158.439606,4249679.000000,1724265000.0
1724265000.0,158.429993,158.649994,156.759995,157.210007,4132350.000000,1724268600.0
1724268600.0,157.219894,157.929993,157.024994,157.830002,3714468.000000,1724272200.0
1724333400.0,158.869995,159.839996,156.539993,156.834000,10338237.000000,1724337000.0
1724337000.0,156.839996,156.869995,154.675003,155.139999,6524717.000000,1724340600.0
1724340600.0,155.139999,155.169998,152.270004,154.390396,7858107.000000,1724344200.0
1724344200.0,154.406601,154.729996,152.767502,153.150894,4515250.000000,1724347800.0
1724347800.0,153.089996,153.184998,151.419998,152.240005,4642595.000000,1724351400.0
1724351400.0,152.240005,152.729904,151.419998,151.440002,3991228.000000,1724355000.0
1724355000.0,151.460007,151.830002,151.009995,151.759995,4037413.000000,1724358600.0
1724419800.0,153.669998,156.399994,153.000000,156.160004,11189565.000000,1724423400.0
1724423400.0,156.179993,156.250000,152.781097,154.520004,6599422.000000,1724427000.0
1724427000.0,154.570007,155.259995,152.839996,153.029999,3991274.000000,1724430600.0
1724430600.0,153.029999,153.500000,151.830002,152.910095,3932789.000000,1724434200.0
1724434200.0,152.907593,153.440002,152.360001,153.209900,3355132.000000,1724437800.0
1724437800.0,153.210098,153.720001,152.309998,153.660004,3412062.000000,1724441400.0
1724441400.0,153.660004,155.179993,153.399994,154.970001,4684958.000000,1724445000.0
1724679000.0,154.699997,158.279999,150.529999,150.580002,15715553.000000,1724682600.0
1724682600.0,150.620499,151.598801,148.910095,151.139999,9603537.000000,1724686200.0
1724686200.0,151.139999,151.479095,149.720001,150.645004,5285678.000000,1724689800.0
1724689800.0,150.649902,151.118393,150.100006,150.431702,2906072.000000,1724693400.0
1724693400.0,150.449905,150.509903,148.949997,149.900101,3996301.000000,1724697000.0
1724697000.0,149.899994,150.759995,149.895004,150.227997,3667199.000000,1724700600.0
1724700600.0,150.231995,150.440002,149.520004,150.000000,3668274.000000,1724704200.0
1724765400.0,150.099899,151.699997,149.339996,150.740005,10980664.000000,1724769000.0
1724769000.0,150.740005,151.020004,149.794800,149.830002,5078057.000000,1724772600.0
1724772600.0,149.830002,149.990005,148.440094,149.830002,5137516.000000,1724776200.0
1724776200.0,149.804993,150.020004,149.044998,149.979996,3126495.000000,1724779800.0
1724779800.0,149.990005,150.460007,149.570007,149.919495,2927412.000000,1724783400.0
1724783400.0,149.910004,150.209595,149.520004,150.054993,2548612.000000,1724787000.0
1724787000.0,150.059998,150.619995,149.800003,150.539993,2737384.000000,1724790600.0
1724851800.0,149.399994,150.429993,147.680206,148.479996,7950150.000000,1724855400.0
1724855400.0,148.410095,148.859497,144.720001,145.725006,6253487.000000,1724859000.0
1724859000.0,145.725006,146.399994,145.429993,145.845001,3682405.000000,1724862600.0
1724862600.0,145.830002,147.449997,145.710007,147.028107,3679661.000000,1724866200.0
1724866200.0,147.020004,147.190002,145.559998,145.850006,2551821.000000,1724869800.0
1724869800.0,145.830002,147.440002,145.724197,147.110001,2912291.000000,1724873400.0
1724873400.0,147.104996,147.300003,146.309998,146.320007,2925106.000000,1724877000.0
1724938200.0,146.509995,149.490005,146.320007,147.505005,11281812.000000,1724941800.0
1724941800.0,147.494995,148.963303,147.220001,148.020004,4191322.000000,1724945400.0
1724945400.0,148.000000,148.689896,147.783600,148.324997,2485795.000000,1724949000.0
1724949000.0,148.315002,148.429993,147.229996,147.660004,2312030.000000,1724952600.0
1724952600.0,147.669998,148.279602,146.280807,146.484100,2649973.000000,1724956200.0
1724956200.0,146.440002,146.449997,144.470001,145.220001,4695993.000000,1724959800.0
1724959800.0,145.229904,145.875000,144.979996,145.490005,2684052.000000,1724963400.0
1725024600.0,147.492996,148.990005,146.460007,147.059998,8214985.000000,1725028200.0
1725028200.0,147.059998,148.279999,145.869995,146.048996,4493429.000000,1725031800.0
1725031800.0,146.015594,146.380005,145.350006,145.779999,3336958.000000,1725035400.0
1725035400.0,145.759995,146.889999,145.250000,146.565002,2448670.000000,1725039000.0
1725039000.0,146.554993,146.972000,146.128998,146.731995,1740822.000000,1725042600.0
1725042600.0,146.720001,147.649994,146.710007,147.600006,2388700.000000,1725046200.0
1725046200.0,147.589996,148.679993,147.009995,148.559998,3329770.000000,1725049800.0
1725370200.0,146.399994,146.490005,142.039993,142.580002,9096369.000000,1725373800.0
1725373800.0,142.559998,142.559998,140.720001,141.660004,4711954.000000,1725377400.0
1725377400.0,141.669998,141.850006,139.701401,139.860001,4490704.000000,1725381000.0
1725381000.0,139.830002,140.100006,139.100006,139.770004,3156725.000000,1725384600.0
1725384600.0,139.750000,139.774994,137.960007,138.059906,3936652.000000,1725388200.0
1725388200.0,138.039993,138.669998,137.000000,137.089996,4575179.000000,1725391800.0
1725391800.0,137.089996,137.330002,136.139999,137.020004,5726958.000000,1725395400.0
1725456600.0,140.494995,141.659897,138.509995,140.861099,15337507.000000,1725460200.0
1725460200.0,140.869995,143.369995,140.440002,141.729996,7366928.000000,1725463800.0
1725463800.0,141.720001,141.777496,140.740005,141.770004,3956895.000000,1725467400.0
1725467400.0,141.750000,142.619995,141.639999,142.028503,3278712.000000,1725471000.0
1725471000.0,142.020004,142.360001,141.390106,141.859894,2294064.000000,1725474600.0
1725474600.0,141.820007,141.919998,140.119995,140.910095,2932997.000000,1725478200.0
1725478200.0,140.904999,141.429993,140.520004,140.869995,2789267.000000,1725481800.0
1725543000.0,138.220001,141.710007,137.869995,140.929001,7076542.000000,1725546600.0
1725546600.0,140.960007,141.199997,138.643997,138.869995,3612808.000000,1725550200.0
1725550200.0,138.899994,140.429993,138.710007,140.289993,2514119.000000,1725553800.0
1725553800.0,140.270004,140.330002,138.970001,138.979996,1903619.000000,1725557400.0
1725557400.0,139.000000,140.298996,138.945007,139.559998,2047883.000000,1725561000.0
1725561000.0,139.529099,139.869995,138.449997,139.044998,2076872.000000,1725564600.0
1725564600.0,139.050003,139.479996,138.479996,139.479996,2648060.000000,1725568200.0
1725629400.0,138.720001,139.130005,135.020004,135.020004,8745899.000000,1725633000.0
1725633000.0,135.009995,135.499298,132.729996,132.869995,7501347.000000,1725636600.0
1725636600.0,132.910004,133.470001,132.110107,132.589996,4566633.000000,1725640200.0
1725640200.0,132.610001,134.159103,132.500000,133.440002,3770082.000000,1725643800.0
1725643800.0,133.449997,133.940002,132.839996,133.110001,2538722.000000,1725647400.0
1725647400.0,133.113800,134.690002,132.899994,134.460007,3481913.000000,1725651000.0
1725651000.0,134.479599,134.690002,133.860001,134.399994,3434008.000000,1725654600.0
1725888600.0,136.059998,137.479996,134.860001,136.410294,6488294.000000,1725892200.0
1725892200.0,136.399994,136.500000,135.289993,136.315002,3492738.000000,1725895800.0
1725895800.0,136.350006,137.389999,136.000000,137.275696,2533335.000000,1725899400.0
1725899400.0,137.270004,137.690002,137.029999,137.625000,2573895.000000,1725903000.0
1725903000.0,137.630005,137.749893,136.929993,137.179993,2543239.000000,1725906600.0
1725906600.0,137.160004,138.220001,136.720001,138.199905,2725419.000000,1725910200.0
1725910200.0,138.179993,138.445007,137.139999,138.229996,3127958.000000,1725913800.0
1725975000.0,139.029999,139.830002,137.259995,139.210007,7400870.000000,1725978600.0
1725978600.0,139.210007,139.360107,137.960007,138.785004,2738722.000000,1725982200.0
1725982200.0,138.820007,138.955002,137.250000,137.850006,2671285.000000,1725985800.0
1725985800.0,137.860001,140.940002,137.813004,140.518600,5815040.000000,1725989400.0
1725989400.0,140.505005,142.134995,140.460007,141.769806,6097199.000000,1725993000.0
1725993000.0,141.770004,142.657501,141.619995,142.649994,3499745.000000,1725996600.0
1725996600.0,142.639999,143.080002,142.449997,142.850006,4604983.000000,1726000200.0
1726061400.0,145.089905,146.189606,141.910004,142.320007,12145290.000000,1726065000.0
1726065000.0,142.289993,142.490005,140.710007,142.320007,5330858.000000,1726068600.0
1726068600.0,142.324997,144.410004,141.850006,144.205002,5403351.000000,1726072200.0
1726072200.0,144.214996,144.669998,143.460007,144.649994,3890611.000000,1726075800.0
1726075800.0,144.649994,147.729996,144.449997,147.679993,5579345.000000,1726079400.0
1726079400.0,147.669998,148.649902,147.030106,148.470001,6549400.000000,1726083000.0
1726083000.0,148.470001,150.160004,148.169998,149.889999,6127290.000000,1726086600.0
1726147800.0,148.449997,150.710007,147.649994,150.619995,8165979.000000,1726151400.0
1726151400.0,150.639999,151.210007,149.050003,149.205002,5232542.000000,1726155000.0
1726155000.0,149.192001,149.789001,148.710007,149.619995,3058025.000000,1726158600.0
1726158600.0,149.619995,150.529999,148.899994,150.198502,2527015.000000,1726162200.0
1726162200.0,150.214996,151.535797,150.018799,151.354996,2711247.000000,1726165800.0
1726165800.0,151.345001,151.500305,149.669998,150.750000,3111750.000000,1726169400.0
1726169400.0,150.768402,150.945007,150.429993,150.820007,2722140.000000,1726173000.0
1726234200.0,152.320007,153.029999,150.881195,151.445007,7812520.000000,1726237800.0
1726237800.0,151.470001,152.320007,150.779999,151.934998,3772970.000000,1726241400.0
1726241400.0,151.919998,152.000000,150.699997,151.089996,2284653.000000,1726245000.0
1726245000.0,151.100006,152.610001,151.060104,152.600006,2408076.000000,1726248600.0
1726248600.0,152.595001,152.710007,151.820999,152.104996,2194661.000000,1726252200.0
1726252200.0,152.090103,152.669998,151.891006,152.470001,2130200.000000,1726255800.0
1726255800.0,152.470001,152.889999,152.300003,152.320007,2629339.000000,1726259400.0
1726493400.0,151.809998,154.440002,151.380005,152.716400,8451251.000000,1726497000.0
1726497000.0,152.690002,153.130005,150.960007,152.414993,5423342.000000,1726500600.0
1726500600.0,152.399994,152.650497,150.912003,151.586807,2991155.000000,1726504200.0
1726504200.0,151.600006,152.350006,151.292206,152.005798,2355676.000000,1726507800.0
1726507800.0,151.990005,152.889999,151.979996,152.669998,2080876.000000,1726511400.0
1726511400.0,152.660004,152.770004,152.180099,152.440002,1889658.000000,1726515000.0
1726515000.0,152.384995,152.759995,151.990005,152.080002,1992523.000000,1726518600.0
1726579800.0,153.679993,153.750000,150.800003,152.664993,7418248.000000,1726583400.0
1726583400.0,152.669998,154.044998,152.200104,153.330002,4628209.000000,1726587000.0
1726587000.0,153.320007,153.349899,151.630005,152.195007,4507371.000000,1726590600.0
1726590600.0,152.179993,152.350006,149.800003,150.679901,4144933.000000,1726594200.0
1726594200.0,150.649994,150.830002,149.225006,150.110001,2693475.000000,1726597800.0
1726597800.0,150.100006,150.490005,149.630005,149.918793,2110088.000000,1726601400.0
1726601400.0,149.899994,151.000000,149.654999,150.809998,2268620.000000,1726605000.0
1726666200.0,150.955002,151.110001,148.929993,149.717300,5456851.000000,1726669800.0
1726669800.0,149.699997,150.350006,149.170395,149.804993,2288195.000000,1726673400.0
1726673400.0,149.800003,150.279999,148.820007,150.220001,2037285.000000,1726677000.0
1726677000.0,150.199997,150.720001,150.070007,150.509995,1828805.000000,1726680600.0
1726680600.0,150.520004,152.820007,149.789993,152.296494,3860958.000000,1726684200.0
1726684200.0,152.330002,152.764999,148.309998,150.244995,5099647.000000,1726687800.0
1726687800.0,150.259995,150.719894,148.009995,148.300003,3605171.000000,1726691400.0
1726752600.0,153.901001,156.860001,152.770004,156.570007,11929661.000000,1726756200.0
1726756200.0,156.735001,157.500000,155.630005,157.339996,5862630.000000,1726759800.0
1726759800.0,157.350006,157.679993,156.720001,157.639999,3840599.000000,1726763400.0
1726763400.0,157.630005,158.768005,157.389999,158.555893,4986417.000000,1726767000.0
1726767000.0,158.569199,159.250000,158.050003,158.304794,4543272.000000,1726770600.0
1726770600.0,158.309998,158.316696,156.625000,156.910004,4635123.000000,1726774200.0
1726774200.0,156.904999,157.909897,156.520004,156.729996,4500940.000000,1726777800.0
1726839000.0,155.919006,157.449997,154.080002,154.779999,9771378.000000,1726842600.0
1726842600.0,154.800003,154.919998,152.470001,153.250000,5017671.000000,1726846200.0
1726846200.0,153.240005,154.600006,153.149994,154.130005,4238252.000000,1726849800.0
1726849800.0,154.139999,154.440002,153.619995,153.750000,2300149.000000,1726853400.0
1726853400.0,153.710007,154.330002,153.210007,153.565002,2599953.000000,1726857000.0
1726857000.0,153.589996,155.250000,153.360107,154.960007,2932088.000000,1726860600.0
1726860600.0,154.960007,156.000000,154.740005,155.979996,4258243.000000,1726864200.0
1727098200.0,156.445007,157.169998,155.199997,157.129700,5727816.000000,1727101800.0
1727101800.0,157.130005,157.190002,154.970001,155.740005,3403432.000000,1727105400.0
1727105400.0,155.779999,156.470001,155.720001,156.309998,2095670.000000,1727109000.0
1727109000.0,156.300003,156.509995,155.744995,156.271301,1732658.000000,1727112600.0
1727112600.0,156.274994,156.604996,156.130096,156.149994,1989035.000000,1727116200.0
1727116200.0,156.160004,156.500000,156.040100,156.430893,1446009.000000,1727119800.0
1727119800.0,156.449997,156.850006,155.865997,156.750000,3148169.000000,1727123400.0
1727184600.0,157.500000,158.429901,154.580002,154.820007,6669327.000000,1727188200.0
1727188200.0,154.820007,157.020004,154.630005,156.929001,3868924.000000,1727191800.0
1727191800.0,156.925003,159.639999,156.918106,158.896500,4865670.000000,1727195400.0
1727195400.0,158.914993,159.110001,158.304504,158.595001,2328111.000000,1727199000.0
1727199000.0,158.602203,158.990005,157.929993,158.029999,2356235.000000,1727202600.0
1727202600.0,158.059906,158.279999,157.669998,158.050003,2510079.000000,1727206200.0
1727206200.0,158.049896,158.419998,157.865005,158.330002,2040457.000000,1727209800.0
1727271000.0,158.500000,161.145004,158.184998,159.869995,8469257.000000,1727274600.0
1727274600.0,159.869995,161.990005,159.679993,161.639999,4974791.000000,1727278200.0
1727278200.0,161.619995,162.279907,160.699997,161.597900,5868263.000000,1727281800.0
1727281800.0,161.559998,162.320007,160.936493,161.580002,3140703.000000,1727285400.0
1727285400.0,161.559998,162.660004,161.080093,162.449997,3707069.000000,1727289000.0
1727289000.0,162.447998,162.949997,162.160004,162.539993,3221362.000000,1727292600.0
1727292600.0,162.550003,162.660004,161.929993,162.070007,2851035.000000,1727296200.0
1727357400.0,167.071503,168.679993,166.414993,166.769897,11908596.000000,1727361000.0
1727361000.0,166.774002,167.267105,164.050003,165.753296,6561027.000000,1727364600.0
1727364600.0,165.765305,166.080002,164.710007,164.731995,2892518.000000,1727368200.0
1727368200.0,164.770004,165.520004,164.279999,165.479996,2712126.000000,1727371800.0
1727371800.0,165.489899,167.259995,165.354706,167.241699,2956961.000000,1727375400.0
1727375400.0,167.220001,168.000000,166.770004,167.574997,3427049.000000,1727379000.0
1727379000.0,167.580002,168.300003,167.420105,167.520004,4140195.000000,1727382600.0
1727443800.0,167.684998,168.728607,166.160004,166.260101,8501623.000000,1727447400.0
1727447400.0,166.175003,166.330002,164.429993,164.960007,4003382.000000,1727451000.0
1727451000.0,164.945007,165.380005,164.479996,165.130005,2556849.000000,1727454600.0
1727454600.0,165.110001,165.570007,164.300003,164.529999,2776167.000000,1727458200.0
1727458200.0,164.500000,165.029999,163.839996,163.890106,2178830.000000,1727461800.0
1727461800.0,163.884995,164.979996,163.740005,164.562897,2199696.000000,1727465400.0
1727465400.0,164.550003,164.820007,164.039993,164.350006,2248401.000000,1727469000.0
1727703000.0,163.235001,165.080002,162.179993,163.147995,5868997.000000,1727706600.0
1727706600.0,163.160004,164.429993,163.050003,164.339203,2584902.000000,1727710200.0
1727710200.0,164.360001,164.660004,163.360001,164.373795,1883973.000000,1727713800.0
1727713800.0,164.362000,164.867996,163.578293,163.625000,1668809.000000,1727717400.0
1727717400.0,163.600006,164.320007,162.440002,162.660004,1945317.000000,1727721000.0
1727721000.0,162.649994,163.589996,162.350006,162.981995,1915386.000000,1727724600.0
1727724600.0,162.979996,164.220001,162.589996,164.100006,2345262.000000,1727728200.0
1727789400.0,164.475006,165.399796,159.820007,160.130005,6917473.000000,1727793000.0
1727793000.0,160.138000,160.978500,158.659897,159.759995,4021800.000000,1727796600.0
1727796600.0,159.740005,161.159897,159.619995,160.720001,2601272.000000,1727800200.0
1727800200.0,160.690002,160.820007,158.285995,158.309998,3350288.000000,1727803800.0
1727803800.0,158.279999,160.770004,158.080002,160.639999,3246670.000000,1727807400.0
1727807400.0,160.580002,161.369995,160.529999,160.714996,2621105.000000,1727811000.0
1727811000.0,160.710007,160.710007,158.960098,159.759995,4593070.000000,1727814600.0
1727875800.0,159.369995,162.539993,158.668900,162.480499,6350279.000000,1727879400.0
1727879400.0,162.455002,163.100006,161.770004,162.130096,4413718.000000,1727883000.0
1727883000.0,162.199997,162.690002,161.529999,161.839996,2278939.000000,1727886600.0
1727886600.0,161.789993,161.800003,159.869598,160.427597,2790173.000000,1727890200.0
1727890200.0,160.399994,160.639206,159.699997,160.239899,2638123.000000,1727893800.0
1727893800.0,160.220001,160.529999,159.990005,160.098297,1728171.000000,1727897400.0
1727897400.0,160.107605,160.449997,159.529999,159.770004,2816221.000000,1727901000.0
1727962200.0,159.699997,166.789398,159.399994,164.644302,11455658.000000,1727965800.0
1727965800.0,164.589996,165.369995,162.720001,163.739807,5129776.000000,1727969400.0
1727969400.0,163.734695,164.490005,163.649994,164.235001,2508412.000000,1727973000.0
1727973000.0,164.248993,164.349899,161.699997,162.483307,3097038.000000,1727976600.0
1727976600.0,162.459900,162.895798,162.070007,162.359894,1798420.000000,1727980200.0
1727980200.0,162.309998,162.789993,161.889999,161.889999,1910741.000000,1727983800.0
1727983800.0,161.919998,163.009995,161.779999,162.860001,2363992.000000,1727987400.0
1728048600.0,166.533005,169.089996,164.419998,165.080994,12719040.000000,1728052200.0
1728052200.0,165.020004,168.649994,164.869995,167.449997,7013000.000000,1728055800.0
1728055800.0,167.410095,168.199905,166.669998,167.550003,3651289.000000,1728059400.0
1728059400.0,167.539902,170.259995,167.395004,170.109299,5430663.000000,1728063000.0
1728063000.0,170.110001,170.350006,169.339996,170.029999,4637704.000000,1728066600.0
1728066600.0,170.000000,170.789993,169.610001,170.410004,3761033.000000,1728070200.0
1728070200.0,170.373001,171.210007,170.309998,170.910004,4599531.000000,1728073800.0
1728307800.0,171.080002,171.598999,168.210007,169.804993,12400699.000000,1728311400.0
1728311400.0,169.801407,170.419098,168.660004,170.039902,5037510.000000,1728315000.0
1728315000.0,170.027802,171.339996,168.960007,171.130005,4702003.000000,1728318600.0
1728318600.0,171.130005,172.410004,170.820007,172.214996,3797312.000000,1728322200.0
1728322200.0,172.119003,172.250000,171.179993,171.639999,3006744.000000,1728325800.0
1728325800.0,171.630005,171.630005,169.479996,170.300003,4209062.000000,1728329400.0
1728329400.0,170.350098,171.419998,169.750000,170.969894,3160338.000000,1728333000.0
1728394200.0,171.750000,173.449997,170.440094,171.600006,9917411.000000,1728397800.0
1728397800.0,171.615005,173.600006,171.100006,171.649994,5202073.000000,1728401400.0
1728401400.0,171.660904,172.270004,170.000000,170.729996,4718359.000000,1728405000.0
1728405000.0,170.738800,171.497406,170.600006,171.210907,2822799.000000,1728408600.0
1728408600.0,171.225006,172.139999,171.070007,171.949997,2327512.000000,1728412200.0
1728412200.0,171.940094,173.109894,171.649994,172.975006,3142571.000000,1728415800.0
1728415800.0,172.960007,173.435806,172.619995,172.789993,4150441.000000,1728419400.0
1728480600.0,174.039993,174.050003,169.820099,170.979996,10141867.000000,1728484200.0
1728484200.0,170.975006,171.529999,169.729996,170.800003,5060904.000000,1728487800.0
1728487800.0,170.800095,171.945801,169.550003,170.485001,4459081.000000,1728491400.0
1728491400.0,170.460007,170.990005,169.930099,170.764999,2824110.000000,1728495000.0
1728495000.0,170.759995,171.630005,170.141693,171.607300,3117457.000000,1728498600.0
1728498600.0,171.589996,171.729996,170.229996,170.460007,3065454.000000,1728502200.0
1728502200.0,170.449997,171.479996,170.430099,170.990005,3268127.000000,1728505800.0
1728567000.0,169.759995,170.859894,168.149994,170.119904,8312809.000000,1728570600.0
1728570600.0,170.106796,171.268906,169.210007,171.100006,4478309.000000,1728574200.0
1728574200.0,171.110001,172.009995,167.550003,168.147797,8263661.000000,1728577800.0
1728577800.0,168.189896,168.246704,164.190002,165.570694,19333095.000000,1728581400.0
1728581400.0,165.570007,165.720001,163.020004,163.460800,11524992.000000,1728585000.0
1728585000.0,163.489700,164.048996,162.250000,162.929901,11016439.000000,1728588600.0
1728588600.0,162.910004,164.600006,162.000000,164.160004,8588671.000000,1728592200.0
1728653400.0,164.184998,165.600006,163.010101,164.329300,11120118.000000,1728657000.0
1728657000.0,164.310303,166.309998,164.272003,165.360001,5910443.000000,1728660600.0
1728660600.0,165.379898,167.279999,165.289993,166.953995,5000875.000000,1728664200.0
1728664200.0,166.953995,168.035995,166.330200,167.889999,4270792.000000,1728667800.0
1728667800.0,167.899902,169.350006,167.690002,168.811005,4995737.000000,1728671400.0
1728671400.0,168.824997,168.929993,168.089996,168.410004,4356918.000000,1728675000.0
1728675000.0,168.389999,168.419998,167.757996,167.889999,3636434.000000,1728678600.0
1728912600.0,167.580002,168.899994,166.119995,166.715393,9248775.000000,1728916200.0
1728916200.0,166.699997,167.599899,166.289993,166.699997,4358566.000000,1728919800.0
1728919800.0,166.720001,167.289993,166.210007,166.847397,2612761.000000,1728923400.0
1728923400.0,166.860001,167.350006,166.230103,166.759995,2296718.000000,1728927000.0
1728927000.0,166.752106,167.059998,165.899994,166.020004,2977658.000000,1728930600.0
1728930600.0,166.028595,166.270004,165.279999,165.660004,4373592.000000,1728934200.0
1728934200.0,165.645004,165.904007,165.149994,165.259995,3594605.000000,1728937800.0
1728999000.0,163.145004,164.110001,158.270004,158.419998,16117772.000000,1729002600.0
1729002600.0,158.369995,158.940002,156.134995,157.869995,9214552.000000,1729006200.0
1729006200.0,157.880005,158.299805,156.820007,157.240005,4661262.000000,1729009800.0
1729009800.0,157.247894,157.729904,156.570007,156.740005,3447855.000000,1729013400.0
1729013400.0,156.740005,157.380005,156.460098,157.074997,3431166.000000,1729017000.0
1729017000.0,157.070007,157.339996,156.010101,156.570007,4370706.000000,1729020600.0
1729020600.0,156.570007,156.710007,155.740097,156.679993,5070505.000000,1729024200.0
1729085400.0,158.149994,158.279999,155.809998,157.460007,9016818.000000,1729089000.0
1729089000.0,157.479996,157.570007,154.915894,157.519897,6606815.000000,1729092600.0
1729092600.0,157.509995,157.800003,156.630096,157.048004,2690377.000000,1729096200.0
1729096200.0,157.059998,157.220001,156.029999,156.639999,2661046.000000,1729099800.0
1729099800.0,156.589996,156.919998,155.850006,156.649994,3012741.000000,1729103400.0
1729103400.0,156.649994,156.789993,156.119995,156.199997,2238128.000000,1729107000.0
1729107000.0,156.199997,156.389999,155.539993,156.149994,2808711.000000,1729110600.0
1729171800.0,160.000000,160.440002,156.854996,157.940002,10524746.000000,1729175400.0
1729175400.0,158.119995,158.550003,156.619995,158.080795,4158669.000000,1729179000.0
1729179000.0,158.080002,158.419998,157.729996,158.199997,2680592.000000,1729182600.0
1729182600.0,158.210007,158.699997,157.699997,158.500107,2389858.000000,1729186200.0
1729186200.0,158.505005,158.610001,157.139999,157.350006,2419994.000000,1729189800.0
1729189800.0,157.360001,157.470001,156.779999,156.959900,2305896.000000,1729193400.0
1729193400.0,156.970001,157.279999,156.199997,156.279999,2702499.000000,1729197000.0
1729258200.0,157.270004,158.009995,155.559998,156.850006,7192342.000000,1729261800.0
1729261800.0,156.830002,157.479904,156.440002,156.917999,3756782.000000,1729265400.0
1729265400.0,156.925995,156.960007,155.830002,156.330002,2163400.000000,1729269000.0
1729269000.0,156.360001,156.754501,156.181000,156.397995,1484531.000000,1729272600.0
1729272600.0,156.384995,156.570007,155.949997,156.286407,1501487.000000,1729276200.0
1729276200.0,156.289993,156.300003,155.910004,156.000000,2335561.000000,1729279800.0
1729279800.0,155.990005,156.149994,155.604996,155.990005,2458291.000000,1729283400.0
1729517400.0,155.690002,157.069901,155.050003,155.815903,6177662.000000,1729521000.0
1729521000.0,155.819305,155.958405,154.160004,154.831696,4756857.000000,1729524600.0
1729524600.0,154.800003,156.619995,154.655197,156.280106,3061694.000000,1729528200.0
1729528200.0,156.286301,156.779999,156.080002,156.544998,2063837.000000,1729531800.0
1729531800.0,156.559998,157.308899,156.559998,156.979996,2106116.000000,1729535400.0
1729535400.0,156.942001,157.629898,156.610001,157.267105,2332530.000000,1729539000.0
1729539000.0,157.279999,158.000000,157.220001,157.949997,2210999.000000,1729542600.0
1729603800.0,156.600006,156.600006,153.080002,153.929993,10414647.000000,1729607400.0
1729607400.0,153.970001,154.460007,153.130005,153.320007,3979859.000000,1729611000.0
1729611000.0,153.350006,153.449997,151.910095,152.110001,5113334.000000,1729614600.0
1729614600.0,152.110001,153.403900,152.070007,153.240097,3280646.000000,1729618200.0
1729618200.0,153.240097,154.110001,153.080002,153.789902,3300766.000000,1729621800.0
1729621800.0,153.809998,154.339996,153.539993,154.307999,3793931.000000,1729625400.0
1729625400.0,154.305496,154.589996,153.919998,154.059998,3010158.000000,1729629000.0
1729690200.0,153.000000,153.445007,151.210007,152.830002,6749304.000000,1729693800.0
1729693800.0,152.830002,153.129898,151.940002,151.949997,3395364.000000,1729697400.0
1729697400.0,151.949997,152.919998,151.929993,152.259995,2167066.000000,1729701000.0
1729701000.0,152.259995,152.770004,151.229996,151.529999,2512835.000000,1729704600.0
1729704600.0,151.529999,151.529999,150.520096,151.190002,3146352.000000,1729708200.0
1729708200.0,151.190002,152.740005,151.080093,152.440903,3272720.000000,1729711800.0
1729711800.0,152.449997,153.039993,152.059998,152.899994,2473626.000000,1729715400.0
1729776600.0,154.750000,155.190002,153.479996,153.720001,6744500.000000,1729780200.0
1729780200.0,153.750000,154.249893,153.250000,153.529999,3166837.000000,1729783800.0
1729783800.0,153.507996,153.619904,152.350006,152.955002,2748021.000000,1729787400.0
1729787400.0,152.990005,153.520004,152.930099,153.130005,1775735.000000,1729791000.0
1729791000.0,153.139999,153.550003,152.899994,153.289993,1577683.000000,1729794600.0
1729794600.0,153.294998,153.919998,153.080002,153.800003,2494825.000000,1729798200.0
1729798200.0,153.800003,154.029999,153.320007,153.429993,2210702.000000,1729801800.0
1729863000.0,155.309998,158.910004,155.085007,158.529602,9974103.000000,1729866600.0
1729866600.0,158.520004,158.570007,157.050003,157.330002,5306759.000000,1729870200.0
1729870200.0,157.341995,158.260101,157.310104,158.235001,2563661.000000,1729873800.0
1729873800.0,158.238007,158.279999,156.940002,157.000000,2076207.000000,1729877400.0
1729877400.0,156.990005,157.149994,155.690002,156.544998,3184122.000000,1729881000.0
1729881000.0,156.559998,156.740005,156.089996,156.300003,2125531.000000,1729884600.0
1729884600.0,156.320007,156.699997,156.139999,156.220001,2123924.000000,1729888200.0
1730122200.0,158.500000,160.059998,157.044998,160.048996,9992657.000000,1730125800.0
1730125800.0,160.059998,160.279999,158.383408,158.785004,4715406.000000,1730129400.0
1730129400.0,158.770004,159.479706,158.360001,159.188400,2589781.000000,1730133000.0
1730133000.0,159.179993,159.580002,158.720001,159.478607,2004016.000000,1730136600.0
1730136600.0,159.490005,159.820007,159.059998,159.149994,2589326.000000,1730140200.0
1730140200.0,159.139999,159.570007,158.699997,158.779999,2943967.000000,1730143800.0
1730143800.0,158.750000,159.970001,158.660004,159.910004,2719591.000000,1730147400.0
1730208600.0,161.050003,163.259995,158.940002,162.330002,11742178.000000,1730212200.0
1730212200.0,162.289993,163.610001,161.929993,163.315002,5951877.000000,1730215800.0
1730215800.0,163.309998,164.179993,163.139999,163.729996,4634583.000000,1730219400.0
1730219400.0,163.767807,164.729996,162.830002,164.129700,5737533.000000,1730223000.0
1730223000.0,164.139999,165.099899,164.009995,165.070007,4806329.000000,1730226600.0
1730226600.0,165.080093,166.929993,164.986496,166.668304,9770538.000000,1730230200.0
1730230200.0,166.660004,167.509903,165.660004,166.240005,8523718.000000,1730233800.0
1730295000.0,152.809998,153.000000,149.100006,151.059906,29885379.000000,1730298600.0
1730298600.0,151.029999,151.770004,149.700104,150.485001,11169200.000000,1730302200.0
1730302200.0,150.509903,151.000000,149.490005,149.951599,7944047.000000,1730305800.0
1730305800.0,149.951996,150.850006,149.600006,149.866196,6251158.000000,1730309400.0
1730309400.0,149.860107,150.020004,149.410004,149.460007,5748268.000000,1730313000.0
1730313000.0,149.440002,150.000000,149.300003,149.750000,6231427.000000,1730316600.0
1730316600.0,149.740005,149.759995,148.104996,148.679993,10897778.000000,1730320200.0
1730381400.0,147.750000,148.679993,143.330002,144.457504,13269730.000000,1730385000.0
1730385000.0,144.485001,146.119904,144.410004,145.740005,5998642.000000,1730388600.0
1730388600.0,145.740005,145.815002,144.059998,145.229996,4994487.000000,1730392200.0
1730392200.0,145.229996,145.399994,144.360107,144.568893,3675372.000000,1730395800.0
1730395800.0,144.559998,144.639893,143.800003,144.150299,4195897.000000,1730399400.0
1730399400.0,144.160004,144.366104,143.679993,144.070007,4125393.000000,1730403000.0
1730403000.0,144.070007,144.940002,143.940002,144.030106,4106724.000000,1730406600.0
1730467800.0,144.498398,144.498398,141.320007,143.278793,11846804.000000,1730471400.0
1730471400.0,143.320007,143.479996,142.000000,143.259995,5168423.000000,1730475000.0
1730475000.0,143.259995,143.419998,141.899994,142.199997,3971317.000000,1730478600.0
1730478600.0,142.189896,143.169998,141.769104,143.070007,3626575.000000,1730482200.0
1730482200.0,143.080002,143.089996,142.090103,142.409393,2828047.000000,1730485800.0
1730485800.0,142.419998,142.820007,142.149994,142.160004,2448839.000000,1730489400.0
1730489400.0,142.149994,142.339996,141.630005,141.869995,3363869.000000,1730493000.0
1730730600.0,141.660004,143.079895,139.720001,142.783997,8853038.000000,1730734200.0
1730734200.0,142.770004,143.639999,142.279999,142.979996,4553886.000000,1730737800.0
1730737800.0,142.949997,142.960007,141.369995,142.017807,4279316.000000,1730741400.0
1730741400.0,142.039993,142.080002,141.421600,141.470001,1866065.000000,1730745000.0
1730745000.0,141.440002,141.729996,141.130005,141.184998,2358713.000000,1730748600.0
1730748600.0,141.160004,141.740005,141.009995,141.035004,2224890.000000,1730752200.0
1730752200.0,141.020004,141.059998,140.389999,140.740005,2929103.000000,1730755800.0
1730817000.0,141.904999,143.080002,141.789993,141.990005,6560981.000000,1730820600.0
1730820600.0,142.039703,142.309998,141.500000,141.929993,3440964.000000,1730824200.0
1730824200.0,141.970001,142.189896,141.440002,141.460098,3329721.000000,1730827800.0
1730827800.0,141.470001,141.899994,141.419998,141.570007,2591927.000000,1730831400.0
1730831400.0,141.573700,141.699997,140.960007,141.164993,2679435.000000,1730835000.0
1730835000.0,141.160004,141.330002,140.800003,141.264999,2672821.000000,1730838600.0
1730838600.0,141.259995,141.800003,141.083206,141.800003,2769586.000000,1730842200.0
1730903400.0,144.929993,145.350006,141.520096,143.509995,10204295.000000,1730907000.0
1730907000.0,143.529999,143.768005,142.690094,143.479996,3554231.000000,1730910600.0
1730910600.0,143.470001,144.399902,143.270004,143.728500,3288061.000000,1730914200.0
1730914200.0,143.699997,144.089996,143.130005,143.993500,2890075.000000,1730917800.0
1730917800.0,144.009995,144.660004,144.000000,144.389999,2697316.000000,1730921400.0
1730921400.0,144.389999,145.300003,144.260101,145.250000,2982342.000000,1730925000.0
1730925000.0,145.250000,145.625000,144.949997,145.070007,3348547.000000,1730928600.0
1730989800.0,146.630005,149.070007,145.660004,148.500000,9560288.000000,1730993400.0
1730993400.0,148.559998,149.449997,148.250000,148.669907,4199908.000000,1730997000.0
1730997000.0,148.639999,149.199997,148.160004,148.919998,2729295.000000,1731000600.0
1731000600.0,148.899994,149.100006,148.300003,148.565002,1937749.000000,1731004200.0
1731004200.0,148.530106,149.429993,148.339996,149.050003,2560403.000000,1731007800.0
1731007800.0,149.059998,149.900208,148.870804,149.737701,2998029.000000,1731011400.0
1731011400.0,149.744995,150.119995,149.660004,149.869995,3011242.000000,1731015000.0
1731076200.0,149.195007,150.399994,148.250000,150.100006,7848382.000000,1731079800.0
1731079800.0,150.054001,150.710007,148.889999,148.964996,3957362.000000,1731083400.0
1731083400.0,148.964996,149.490005,148.320007,148.529907,2973343.000000,1731087000.0
1731087000.0,148.500000,148.839996,147.710007,148.125000,3283624.000000,1731090600.0
1731090600.0,148.110001,148.459900,148.000000,148.410004,1650887.000000,1731094200.0
1731094200.0,148.404999,148.410004,147.524994,147.952194,2334074.000000,1731097800.0
1731097800.0,147.969894,148.460007,147.850006,148.000000,2545843.000000,1731101400.0
1731335400.0,147.399994,147.410004,144.910004,147.087601,8305609.000000,1731339000.0
1731339000.0,147.080093,148.570007,146.669998,146.699997,4679098.000000,1731342600.0
1731342600.0,146.699997,146.749893,145.410004,145.520004,2886522.000000,1731346200.0
1731346200.0,145.520004,146.260101,145.460007,145.889999,2524366.000000,1731349800.0
1731349800.0,145.880005,145.960007,145.430099,145.519897,2307758.000000,1731353400.0
1731353400.0,145.509995,146.817200,145.440002,146.539993,2369920.000000,1731357000.0
1731357000.0,146.539993,147.440002,146.375000,147.369995,2670407.000000,1731360600.0
1731421800.0,146.968002,147.449997,144.699997,145.580002,7994122.000000,1731425400.0
1731425400.0,145.550095,145.640701,143.879898,144.179993,5387250.000000,1731429000.0
1731429000.0,144.197006,144.210007,142.600006,143.024994,5233518.000000,1731432600.0
1731432600.0,143.000000,143.009995,141.550095,142.375504,4078345.000000,1731436200.0
1731436200.0,142.369995,142.990005,142.360001,142.705002,2424824.000000,1731439800.0
1731439800.0,142.720001,143.600006,142.639893,143.410004,2870467.000000,1731443400.0
1731443400.0,143.410004,143.660004,143.119995,143.630005,3209802.000000,1731447000.0
1731508200.0,142.820007,144.490005,142.479996,142.539993,6720627.000000,1731511800.0
1731511800.0,142.529999,142.899994,141.419998,141.713196,4750906.000000,1731515400.0
1731515400.0,141.710007,141.940002,139.930099,140.137299,5422116.000000,1731519000.0
1731519000.0,140.130005,140.979996,139.970001,140.619995,3243003.000000,1731522600.0
1731522600.0,140.610107,141.210007,140.399994,140.439896,2665835.000000,1731526200.0
1731526200.0,140.429993,140.660004,139.960007,140.630005,3308252.000000,1731529800.0
1731529800.0,140.619995,140.634995,139.070007,139.309998,4433784.000000,1731533400.0
1731594600.0,140.357498,141.399994,139.470001,140.197403,7584048.000000,1731598200.0
1731598200.0,140.100006,140.253006,139.290100,139.595001,3741420.000000,1731601800.0
1731601800.0,139.580002,139.880005,138.779999,138.983597,2835401.000000,1731605400.0
1731605400.0,138.960007,140.399994,138.559998,140.112595,3115421.000000,1731609000.0
1731609000.0,140.104996,140.110001,139.100006,139.839905,2555413.000000,1731612600.0
1731612600.0,139.830002,140.069901,138.830002,139.309998,5817372.000000,1731616200.0
1731616200.0,139.309998,139.376007,138.649994,138.869995,2976537.000000,1731619800.0
1731681000.0,136.419998,137.350006,135.460007,135.910004,10574851.000000,1731684600.0
1731684600.0,135.903702,136.320007,135.350006,135.449997,7231151.000000,1731688200.0
1731688200.0,135.455002,135.869995,134.680099,135.839996,4495111.000000,1731691800.0
1731691800.0,135.809998,136.130005,135.149994,135.429993,3203180.000000,1731695400.0
1731695400.0,135.419998,135.460007,133.910004,133.960007,4700865.000000,1731699000.0
1731699000.0,133.970001,134.699997,133.649994,134.610001,5485823.000000,1731702600.0
1731702600.0,134.589996,135.039993,133.985001,134.960007,4266932.000000,1731706200.0
1731940200.0,138.184998,140.359894,137.210007,139.970596,13618309.000000,1731943800.0
1731943800.0,139.970001,140.399994,139.434998,140.029999,4204958.000000,1731947400.0
1731947400.0,140.044006,140.139893,138.990005,139.702698,2565485.000000,1731951000.0
1731951000.0,139.679993,140.679993,139.460007,140.580002,3991506.000000,1731954600.0
1731954600.0,140.589996,140.899994,139.475006,139.550003,2383035.000000,1731958200.0
1731958200.0,139.565002,140.029999,139.449997,139.835007,2622849.000000,1731961800.0
1731961800.0,139.830002,139.830002,138.630096,138.960007,3132139.000000,1731965400.0
1732026600.0,137.449997,138.750000,137.139999,138.589996,5347879.000000,1732030200.0
1732030200.0,138.580002,138.800003,137.809998,138.529999,4008969.000000,1732033800.0
1732033800.0,138.520004,138.550995,137.854004,138.380997,2468855.000000,1732037400.0
1732037400.0,138.369995,138.699997,138.039993,138.679993,2004740.000000,1732041000.0
1732041000.0,138.679993,139.750000,138.565002,138.839996,2667786.000000,1732044600.0
1732044600.0,138.839996,139.169998,138.706802,139.144699,1980945.000000,1732048200.0
1732048200.0,139.130005,139.470001,139.050003,139.399994,2171715.000000,1732051800.0
1732113000.0,139.360001,139.360001,137.070099,137.759995,5797317.000000,1732116600.0
1732116600.0,137.759995,138.350006,136.669998,136.737701,3256340.000000,1732120200.0
1732120200.0,136.690094,138.039993,136.360001,137.020004,2559380.000000,1732123800.0
1732123800.0,137.024994,137.240005,135.839996,136.164993,3556399.000000,1732127400.0
1732127400.0,136.169998,136.175003,135.479996,135.729996,2543512.000000,1732131000.0
1732131000.0,135.729996,136.476501,135.679993,136.320099,2990691.000000,1732134600.0
1732134600.0,136.338501,137.720001,136.338501,137.600006,3314870.000000,1732138200.0
1732199400.0,138.690002,140.279907,135.260101,135.311905,8512663.000000,1732203000.0
1732203000.0,135.289993,137.210007,134.929993,137.209503,4509148.000000,1732206600.0
1732206600.0,137.199997,137.639999,136.520004,137.479996,3670697.000000,1732210200.0
1732210200.0,137.500000,138.130005,137.389999,137.774994,2020428.000000,1732213800.0
1732213800.0,137.779999,137.919998,136.955002,137.190002,2166018.000000,1732217400.0
1732217400.0,137.194000,137.880005,136.949997,137.760498,2083205.000000,1732221000.0
1732221000.0,137.750000,137.970306,137.050003,137.490005,2481050.000000,1732224600.0
1732285800.0,137.339996,139.130005,137.190094,137.464996,6040954.000000,1732289400.0
1732289400.0,137.470001,139.009995,137.259995,137.460007,3849148.000000,1732293000.0
1732293000.0,137.479996,138.080002,137.039993,137.990005,2036125.000000,1732296600.0
1732296600.0,137.970001,138.490005,137.509995,138.130005,1707470.000000,1732300200.0
1732300200.0,138.119995,138.600006,137.759995,138.259995,2189321.000000,1732303800.0
1732303800.0,138.259995,138.300003,137.860001,138.110001,1623868.000000,1732307400.0
1732307400.0,138.100006,138.500000,137.900894,138.350006,1785863.000000,1732311000.0
1732545000.0,140.490005,142.100006,139.050003,140.369995,9733483.000000,1732548600.0
1732548600.0,140.369995,142.050003,139.690002,141.929993,4497124.000000,1732552200.0
1732552200.0,141.929993,142.350006,140.529999,140.720001,4140143.000000,1732555800.0
1732555800.0,140.720001,141.149994,140.244995,140.839996,2081350.000000,1732559400.0
1732559400.0,140.845001,141.179901,140.440002,140.869995,1669363.000000,1732563000.0
1732563000.0,140.860001,141.009995,140.589996,140.975006,1476325.000000,1732566600.0
1732566600.0,140.970001,141.250000,140.740005,141.160004,2725166.000000,1732570200.0
1732631400.0,142.550003,142.800003,137.809998,138.066498,9884217.000000,1732635000.0
1732635000.0,138.089996,138.599899,136.940002,137.425003,4999463.000000,1732638600.0
1732638600.0,137.419998,137.579895,136.750000,137.380203,3758504.000000,1732642200.0
1732642200.0,137.384995,137.550003,136.830002,137.240005,2502170.000000,1732645800.0
1732645800.0,137.240005,137.729996,136.619995,136.759995,2683795.000000,1732649400.0
1732649400.0,136.740097,137.320007,136.660004,137.274994,2503702.000000,1732653000.0
1732653000.0,137.279999,137.779999,137.169998,137.699997,2805260.000000,1732656600.0
1732717800.0,137.324997,137.940002,134.259995,134.319305,7306093.000000,1732721400.0
1732721400.0,134.335098,134.679993,132.960007,133.425003,5725659.000000,1732725000.0
1732725000.0,133.410004,133.699997,133.029999,133.540604,3004211.000000,1732728600.0
1732728600.0,133.550003,134.919998,133.399994,134.730103,2797627.000000,1732732200.0
1732732200.0,134.729996,135.899994,134.690002,135.429993,3134566.000000,1732735800.0
1732735800.0,135.419998,136.250000,135.410004,135.991806,2591766.000000,1732739400.0
1732739400.0,135.990005,136.369995,135.610001,136.240005,2307521.000000,1732743000.0
1732890600.0,136.309998,138.587601,135.779999,137.764999,6510521.000000,1732894200.0
1732894200.0,137.799606,138.289993,137.600006,137.869995,2668060.000000,1732897800.0
1732897800.0,137.865005,138.080002,137.151993,137.429993,2630218.000000,1732901400.0
1733149800.0,137.850006,141.169693,137.830002,140.938004,9512304.000000,1733153400.0
1733153400.0,140.929993,141.509995,139.889999,141.294998,4538854.000000,1733157000.0
1733157000.0,141.274994,142.820007,141.274994,141.915405,5138883.000000,1733160600.0
1733160600.0,141.919998,142.250000,140.870102,141.390106,3192927.000000,1733164200.0
1733164200.0,141.390198,141.869995,141.014999,141.339996,2060262.000000,1733167800.0
1733167800.0,141.336594,142.107407,141.150101,141.940002,2218208.000000,1733171400.0
1733171400.0,141.949997,142.587494,141.770004,142.100006,3214135.000000,1733175000.0
1733236200.0,142.699905,143.449493,141.229996,141.570007,8307903.000000,1733239800.0
1733239800.0,141.580002,142.539993,141.080093,142.479996,3341312.000000,1733243400.0
1733243400.0,142.460007,142.589996,141.700104,141.700104,2033652.000000,1733247000.0
1733247000.0,141.705002,142.359894,141.470001,142.100006,1564489.000000,1733250600.0
1733250600.0,142.089996,142.192993,141.630005,141.854996,1376491.000000,1733254200.0
1733254200.0,141.860001,142.139999,141.700806,141.912506,1809684.000000,1733257800.0
1733257800.0,141.913895,142.050003,141.600006,142.000000,1552091.000000,1733261400.0
1733322600.0,142.879700,143.399994,141.199997,141.535004,7089606.000000,1733326200.0
1733326200.0,141.539993,142.342804,141.339996,142.145798,3336324.000000,1733329800.0
1733329800.0,142.149994,143.029999,141.910004,142.710007,2726580.000000,1733333400.0
1733333400.0,142.720001,143.236404,142.490005,142.804993,2197518.000000,1733337000.0
1733337000.0,142.790100,143.533997,142.550003,143.207397,2393969.000000,1733340600.0
1733340600.0,143.183197,143.580002,143.054993,143.470001,1967586.000000,1733344200.0
1733344200.0,143.460007,144.119995,143.429993,144.059998,2629814.000000,1733347800.0
1733409000.0,143.690002,143.940002,141.479996,141.839996,8022817.000000,1733412600.0
1733412600.0,141.835007,142.539993,141.610001,142.080002,3334913.000000,1733416200.0
1733416200.0,142.096893,142.936005,141.860001,142.789902,3596945.000000,1733419800.0
1733419800.0,142.770004,142.770004,141.250000,141.380005,2405602.000000,1733423400.0
1733423400.0,141.375000,141.380005,140.380005,140.660004,3358854.000000,1733427000.0
1733427000.0,140.649994,141.199997,140.529999,140.695007,2109503.000000,1733430600.0
1733430600.0,140.702103,141.440002,140.460007,141.380005,2430680.000000,1733434200.0
1733495400.0,141.258102,142.761002,140.429993,142.190002,6330905.000000,1733499000.0
1733499000.0,142.179993,142.589996,140.703003,140.899994,3229359.000000,1733502600.0
1733502600.0,140.899994,141.169998,140.289993,140.389999,2652294.000000,1733506200.0
1733506200.0,140.399994,140.710007,139.770004,140.375000,3005314.000000,1733509800.0
1733509800.0,140.350006,140.529999,140.070007,140.449997,1679244.000000,1733513400.0
1733513400.0,140.460007,140.588699,137.720001,138.035004,6907385.000000,1733517000.0
1733517000.0,138.020004,138.899994,137.399994,138.585007,5795505.000000,1733520600.0
1733754600.0,134.625000,134.710007,132.399994,133.279999,14903132.000000,1733758200.0
1733758200.0,133.285004,133.960007,131.919998,132.710007,7429208.000000,1733761800.0
1733761800.0,132.690002,133.233398,132.310104,132.740005,5301786.000000,1733765400.0
1733765400.0,132.740005,132.770004,131.009995,131.325607,7063709.000000,1733769000.0
1733769000.0,131.330002,131.869995,131.050003,131.259995,4271513.000000,1733772600.0
1733772600.0,131.270004,131.399994,130.009995,130.389999,6964925.000000,1733776200.0
1733776200.0,130.399994,131.050003,130.130005,130.880005,5382887.000000,1733779800.0
1733841000.0,131.059998,131.449997,128.850006,129.435501,11779039.000000,1733844600.0
1733844600.0,129.410004,129.770004,128.710007,128.850006,4693993.000000,1733848200.0
1733848200.0,128.869995,128.889694,127.940002,128.505005,4897339.000000,1733851800.0
1733851800.0,128.523697,128.899506,128.229996,128.389999,3068433.000000,1733855400.0
1733855400.0,128.389999,128.513504,127.989998,128.360001,2399685.000000,1733859000.0
1733859000.0,128.365005,128.440002,127.410004,127.410004,3588718.000000,1733862600.0
1733862600.0,127.430000,127.948898,127.070000,127.760002,3822112.000000,1733866200.0
1733927400.0,128.520004,129.410004,126.220100,127.099998,11745723.000000,1733931000.0
1733931000.0,127.105400,128.059906,126.379997,127.994797,6218345.000000,1733934600.0
1733934600.0,127.999001,129.240005,127.690002,128.884796,4120887.000000,1733938200.0
1733938200.0,128.875000,129.289993,128.485794,129.169998,2637407.000000,1733941800.0
1733941800.0,129.199997,130.059998,129.061295,129.869995,4652431.000000,1733945400.0
1733945400.0,129.860001,131.130005,129.820007,131.130005,6188468.000000,1733949000.0
1733949000.0,131.110001,131.210007,130.070007,130.160004,3847893.000000,1733952600.0
1734013800.0,130.020004,132.320007,129.139999,129.811005,10810344.000000,1734017400.0
1734017400.0,129.809998,130.629898,129.169998,129.789993,3723552.000000,1734021000.0
1734021000.0,129.800003,130.089996,129.070007,129.990005,2742163.000000,1734024600.0
1734024600.0,129.985001,130.559998,129.771698,130.270004,2772088.000000,1734028200.0
1734028200.0,130.264999,131.979996,129.820007,130.990005,5185319.000000,1734031800.0
1734031800.0,130.994995,131.449997,130.630005,130.654999,2899803.000000,1734035400.0
1734035400.0,130.669998,130.949997,130.320099,130.619995,2580438.000000,1734039000.0
1734100200.0,131.300003,131.300003,127.180000,127.360001,16952759.000000,1734103800.0
1734103800.0,127.369904,127.599403,124.769997,126.150002,12863910.000000,1734107400.0
1734107400.0,126.139999,127.540001,126.110001,126.197701,8854708.000000,1734111000.0
1734111000.0,126.190002,126.416496,125.500000,125.874901,6534264.000000,1734114600.0
1734114600.0,125.889999,126.300003,125.459999,126.059998,6713712.000000,1734118200.0
1734118200.0,126.086998,126.370003,125.410004,126.004997,5037164.000000,1734121800.0
1734121800.0,125.989998,126.959999,125.940201,126.889999,4716557.000000,1734125400.0
1734359400.0,125.989998,126.021698,123.120003,125.199997,13949940.000000,1734363000.0
1734363000.0,125.169998,126.360001,124.857201,125.849998,5265948.000000,1734366600.0
1734366600.0,125.870003,127.099998,125.449997,126.871803,4469108.000000,1734370200.0
1734370200.0,126.879997,127.760002,126.879997,127.184998,4996305.000000,1734373800.0
1734373800.0,127.180000,127.199997,126.440002,126.589996,3419151.000000,1734377400.0
1734377400.0,126.595001,127.239799,126.550003,127.010002,3028608.000000,1734381000.0
1734381000.0,127.010002,127.535004,126.442497,126.690002,3523613.000000,1734384600.0
1734445800.0,124.470001,124.889900,123.150002,123.830101,14063813.000000,1734449400.0
1734449400.0,123.870003,125.879997,123.710098,125.870003,5629479.000000,1734453000.0
1734453000.0,125.860001,126.739998,125.660004,126.379997,3807748.000000,1734456600.0
1734456600.0,126.379997,127.080002,125.760002,125.800003,2890704.000000,1734460200.0
1734460200.0,125.839996,125.940002,125.150002,125.180000,3540387.000000,1734463800.0
1734463800.0,125.190002,125.229897,124.320000,124.489998,3752064.000000,1734467400.0
1734467400.0,124.480003,125.379997,124.419998,125.029999,3121959.000000,1734471000.0
1734532200.0,125.309998,126.639999,124.809998,124.989998,9385823.000000,1734535800.0
1734535800.0,125.009697,126.010002,124.959999,125.790001,5113678.000000,1734539400.0
1734539400.0,125.779999,127.750000,125.460098,127.639999,6800499.000000,1734543000.0
1734543000.0,127.639999,127.650002,126.813499,127.564598,3920126.000000,1734546600.0
1734546600.0,127.565002,127.620003,125.290100,125.339996,4154293.000000,1734550200.0
1734550200.0,125.349998,126.004997,122.400002,122.540001,6898445.000000,1734553800.0
1734553800.0,122.580002,122.900002,120.430099,121.419998,6882543.000000,1734557400.0
1734618600.0,122.160004,123.379997,119.699997,119.800102,11815869.000000,1734622200.0
1734622200.0,119.830002,121.360497,119.449997,121.254997,5693583.000000,1734625800.0
1734625800.0,121.220001,121.680000,119.809998,119.930000,4245167.000000,1734629400.0
1734629400.0,119.930000,120.050003,119.260002,119.559998,4802385.000000,1734633000.0
1734633000.0,119.540001,120.099998,119.050003,119.399498,4710267.000000,1734636600.0
1734636600.0,119.399498,119.639999,118.809998,119.500000,4434125.000000,1734640200.0
1734640200.0,119.510002,119.599998,118.449997,118.970001,4059951.000000,1734643800.0
1734705000.0,117.980003,120.410004,117.910004,120.389999,12107619.000000,1734708600.0
1734708600.0,120.360001,121.589996,120.300003,121.105003,6084844.000000,1734712200.0
1734712200.0,121.113701,121.860001,120.794998,121.266602,4705230.000000,1734715800.0
1734715800.0,121.230003,121.309998,119.695000,119.760002,3938822.000000,1734719400.0
1734719400.0,119.760002,120.440002,119.680000,120.091301,3247453.000000,1734723000.0
1734723000.0,120.089996,120.449997,119.525101,119.577698,3167836.000000,1734726600.0
1734726600.0,119.587502,119.680000,118.970001,119.279999,3854063.000000,1734730200.0
1734964200.0,120.680000,125.326897,120.489998,124.889999,16835968.000000,1734967800.0
1734967800.0,124.889999,126.338699,124.698601,124.809998,8192261.000000,1734971400.0
1734971400.0,124.824997,125.169998,124.464996,124.658401,3844676.000000,1734975000.0
1734975000.0,124.669998,125.609901,124.400002,125.010002,3577398.000000,1734978600.0
1734978600.0,125.004997,125.324600,124.589996,124.779999,2896227.000000,1734982200.0
1734982200.0,124.779503,124.809998,123.849998,124.404999,3854867.000000,1734985800.0
1734985800.0,124.400002,124.860001,124.339996,124.629997,3984467.000000,1734989400.0
1735050600.0,125.729301,126.540001,124.660004,125.459999,13209549.000000,1735054200.0
1735054200.0,125.440102,126.119904,124.599998,126.019997,4671283.000000,1735057800.0
1735057800.0,126.010002,126.385002,125.700104,126.305000,3134235.000000,1735061400.0
1735223400.0,125.690002,127.299896,125.339996,125.769997,7438363.000000,1735227000.0
1735227000.0,125.779999,126.372002,125.559998,125.937798,3834098.000000,1735230600.0
1735230600.0,125.940002,126.300003,125.739998,125.868301,2422690.000000,1735234200.0
1735234200.0,125.879799,126.150002,125.309998,125.459999,2652314.000000,1735237800.0
1735237800.0,125.471001,125.769897,125.320000,125.549896,1685194.000000,1735241400.0
1735241400.0,125.550003,125.949997,125.489998,125.768700,1825685.000000,1735245000.0
1735245000.0,125.760002,125.870003,125.050003,125.070000,2559978.000000,1735248600.0
1735309800.0,124.315002,125.908600,122.260597,122.820000,10487763.000000,1735313400.0
1735313400.0,122.809998,124.419998,122.519997,124.419899,4070116.000000,1735317000.0
1735317000.0,124.404999,124.580002,123.879997,124.309898,2600323.000000,1735320600.0
1735320600.0,124.294998,124.860001,123.970001,124.559998,2215747.000000,1735324200.0
1735324200.0,124.550003,125.620003,124.470001,125.389999,3266993.000000,1735327800.0
1735327800.0,125.400002,126.180000,125.080002,125.260101,4679153.000000,1735331400.0
1735331400.0,125.250000,125.519997,124.760002,125.269997,3089885.000000,1735335000.0
1735569000.0,123.561996,124.074997,122.349998,122.699997,8284236.000000,1735572600.0
1735572600.0,122.699997,123.489998,122.449997,122.853996,4149664.000000,1735576200.0
1735576200.0,122.849998,123.370003,122.705498,123.180000,2758177.000000,1735579800.0
1735579800.0,123.209999,123.709999,123.033997,123.342003,3190138.000000,1735583400.0
1735583400.0,123.339996,123.680000,122.800003,122.959999,2246348.000000,1735587000.0
1735587000.0,122.969498,123.300003,122.559998,122.580002,2648924.000000,1735590600.0
1735590600.0,122.589996,122.919998,122.400002,122.459999,2937840.000000,1735594200.0
1735655400.0,123.114998,123.549599,121.832001,122.609802,7449053.000000,1735659000.0
1735659000.0,122.595001,122.970001,120.839996,121.190102,4787759.000000,1735662600.0
1735662600.0,121.199997,121.529999,120.540001,120.587700,3319171.000000,1735666200.0
1735666200.0,120.580002,121.170197,120.260002,120.309998,2945807.000000,1735669800.0
1735669800.0,120.279999,120.779999,120.138000,120.180000,2563869.000000,1735673400.0
1735673400.0,120.190002,121.180000,120.144997,121.139999,3074154.000000,1735677000.0
1735677000.0,121.150002,121.190002,120.470100,120.790001,3313290.000000,1735680600.0
1735828200.0,122.339996,123.139999,120.870003,121.701698,9368026.000000,1735831800.0
1735831800.0,121.650002,122.026703,121.099998,121.800301,4593531.000000,1735835400.0
1735835400.0,121.800003,121.805000,120.232498,120.275002,4167452.000000,1735839000.0
1735839000.0,120.279999,120.379799,119.440002,120.135002,4095459.000000,1735842600.0
1735842600.0,120.070000,120.629997,119.699997,120.500000,2217545.000000,1735846200.0
1735846200.0,120.485001,121.029999,120.001602,120.940002,2707171.000000,1735849800.0
1735849800.0,120.939003,121.101997,120.500000,120.629997,2828110.000000,1735853400.0
1735914600.0,121.570000,123.364998,121.419998,122.519997,9907105.000000,1735918200.0
1735918200.0,122.524002,124.050003,122.330101,123.919998,5597926.000000,1735921800.0
1735921800.0,123.930000,124.681503,123.699997,124.050102,3643448.000000,1735925400.0
1735925400.0,124.070000,124.440002,123.820000,124.400002,2494155.000000,1735929000.0
1735929000.0,124.395897,124.830002,124.150002,124.570000,2865196.000000,1735932600.0
1735932600.0,124.559998,125.279999,124.363998,125.254997,3178346.000000,1735936200.0
1735936200.0,125.254997,125.559998,124.830002,125.360001,4172622.000000,1735939800.0
1736173800.0,129.009995,130.160004,127.370003,129.550003,15430101.000000,1736177400.0
1736177400.0,129.529999,129.809998,128.315994,129.029999,5934984.000000,1736181000.0
1736181000.0,129.044998,130.729996,128.970001,130.309998,5301461.000000,1736184600.0
1736184600.0,130.289993,130.509995,129.380005,130.445007,3475995.000000,1736188200.0
1736188200.0,130.440002,130.479996,129.179993,129.475006,3087904.000000,1736191800.0
1736191800.0,129.460007,130.020004,128.660004,129.990097,4768694.000000,1736195400.0
1736195400.0,130.000000,130.199997,129.389999,129.550003,4033040.000000,1736199000.0
1736260200.0,130.419998,131.710007,127.970001,129.029999,12968371.000000,1736263800.0
1736263800.0,128.479996,129.239899,126.864998,128.979996,6401618.000000,1736267400.0
1736267400.0,128.970001,129.550003,128.010101,128.285004,2351117.000000,1736271000.0
1736271000.0,128.300003,129.940002,128.050003,129.625000,3059611.000000,1736274600.0
1736274600.0,129.600006,129.768005,128.670105,129.031998,2557271.000000,1736278200.0
1736278200.0,129.029999,129.100006,127.260002,127.309998,2788272.000000,1736281800.0
1736281800.0,127.300003,127.919998,126.860001,127.339996,3518017.000000,1736285400.0
1736346600.0,124.565002,124.868599,120.769997,121.180000,17124945.000000,1736350200.0
1736350200.0,121.190002,122.510002,121.089996,122.240402,5131227.000000,1736353800.0
1736353800.0,122.260002,122.970001,120.260101,120.370003,4586374.000000,1736357400.0
1736357400.0,120.360001,122.320000,120.120102,122.066704,4297679.000000,1736361000.0
1736361000.0,122.059998,122.320000,121.250000,121.959999,3438385.000000,1736364600.0
1736364600.0,121.959999,121.959999,121.090103,121.304199,3269438.000000,1736368200.0
1736368200.0,121.290001,121.889999,121.080002,121.849998,3789150.000000,1736371800.0
1736519400.0,118.180000,118.709999,114.450104,115.800003,22520983.000000,1736523000.0
1736523000.0,115.794998,116.750000,115.209999,115.629898,7476704.000000,1736526600.0
1736526600.0,115.625000,115.730003,114.529999,115.173500,6143463.000000,1736530200.0
1736530200.0,115.180000,116.070000,114.599998,115.893600,4782846.000000,1736533800.0
1736533800.0,115.904999,116.750000,115.762802,116.449997,4387389.000000,1736537400.0
1736537400.0,116.459900,116.649200,115.620003,115.767601,3674486.000000,1736541000.0
1736541000.0,115.750000,116.239998,115.519997,115.970001,5435636.000000,1736544600.0
1736778600.0,115.294998,117.099998,114.410004,115.254997,12957043.000000,1736782200.0
1736782200.0,115.279999,116.419998,115.120003,115.510002,4940900.000000,1736785800.0
1736785800.0,115.519897,116.394501,114.739998,116.319199,4220978.000000,1736789400.0
1736789400.0,116.289902,116.910004,115.989998,116.710098,4205096.000000,1736793000.0
1736793000.0,116.726501,116.889999,116.352699,116.599998,2493959.000000,1736796600.0
1736796600.0,116.570000,117.480003,116.489998,117.199997,3785516.000000,1736800200.0
1736800200.0,117.209999,117.464996,117.110001,117.349998,2785101.000000,1736803800.0
1736865000.0,118.000000,118.660004,115.580002,115.799896,11537400.000000,1736868600.0
1736868600.0,115.800003,116.180000,114.769997,114.849998,5707116.000000,1736872200.0
1736872200.0,114.849998,115.660004,114.500000,115.599998,4147554.000000,1736875800.0
1736875800.0,115.580002,115.989998,115.069603,115.949997,2848752.000000,1736879400.0
1736879400.0,115.930000,116.360397,115.790001,116.153999,2774738.000000,1736883000.0
1736883000.0,116.170403,116.170403,114.680000,115.059998,3424693.000000,1736886600.0
1736886600.0,115.059998,116.129997,114.930000,116.129997,3648293.000000,1736890200.0
1736951400.0,117.550003,119.879997,117.459999,118.735001,11940764.000000,1736955000.0
1736955000.0,118.745003,118.989998,118.230003,118.790001,4071218.000000,1736958600.0
1736958600.0,118.760002,118.869904,118.260002,118.629997,3601651.000000,1736962200.0
1736962200.0,118.620003,120.059998,118.620003,119.910004,3771111.000000,1736965800.0
1736965800.0,119.915001,120.199997,119.760002,119.957497,3342443.000000,1736969400.0
1736969400.0,119.980003,120.300003,119.680000,120.168900,3277795.000000,1736973000.0
1736973000.0,120.160004,120.419998,119.849998,119.959999,3030350.000000,1736976600.0
1737037800.0,120.180000,121.080002,118.339996,118.379997,10158984.000000,1737041400.0
1737041400.0,118.380699,120.070000,118.250000,119.160004,4602149.000000,1737045000.0
1737045000.0,119.180000,119.570000,118.750000,119.440002,2550168.000000,1737048600.0
1737048600.0,119.440002,119.480003,118.925003,119.070000,1877799.000000,1737052200.0
1737052200.0,119.085602,119.388000,118.690002,119.230003,2544142.000000,1737055800.0
1737055800.0,119.239998,119.364998,118.919998,118.970001,2343690.000000,1737059400.0
1737059400.0,118.949997,119.205002,118.410004,118.419998,2536097.000000,1737063000.0
1737124200.0,120.769997,122.736801,120.550003,121.055000,13025477.000000,1737127800.0
1737127800.0,121.070000,121.819901,120.720001,121.686401,4169988.000000,1737131400.0
1737131400.0,121.681297,121.889999,120.980003,121.379997,4649011.000000,1737135000.0
1737135000.0,121.380402,121.534302,120.972702,121.459000,1767759.000000,1737138600.0
1737138600.0,121.449997,121.485001,121.000000,121.389999,1807673.000000,1737142200.0
1737142200.0,121.379997,121.470001,120.930000,121.260002,2213036.000000,1737145800.0
1737145800.0,121.269997,121.720001,121.250000,121.459999,3323823.000000,1737149400.0
1737469800.0,122.389999,123.459999,121.120102,122.110001,8497991.000000,1737473400.0
1737473400.0,122.099998,122.699997,121.690002,122.510002,3179809.000000,1737477000.0
1737477000.0,122.500000,123.224998,122.252701,123.195000,2547945.000000,1737480600.0
1737480600.0,123.190002,123.750000,122.709999,123.695000,3309451.000000,1737484200.0
1737484200.0,123.699997,123.750000,122.820000,123.110001,2733831.000000,1737487800.0
1737487800.0,123.110001,123.110001,122.800003,122.860001,2157229.000000,1737491400.0
1737491400.0,122.849998,122.949997,122.209999,122.269997,3371136.000000,1737495000.0
1737556200.0,123.040001,124.410004,121.912003,123.849998,8714449.000000,1737559800.0
1737559800.0,123.839996,125.500000,123.629997,125.370003,4830789.000000,1737563400.0
1737563400.0,125.370003,125.650002,123.930099,124.004997,5075995.000000,1737567000.0
1737567000.0,124.010002,124.089996,123.290001,123.779999,3642171.000000,1737570600.0
1737570600.0,123.785004,124.110001,123.209999,123.276703,2246256.000000,1737574200.0
1737574200.0,123.286003,123.834999,123.169998,123.625000,3207146.000000,1737577800.0
1737577800.0,123.635201,123.967201,123.589996,123.693703,2443650.000000,1737581400.0
1737642600.0,121.425003,123.110001,120.629997,122.760002,7311399.000000,1737646200.0
1737646200.0,122.750000,123.420097,122.440002,123.064796,3274302.000000,1737649800.0
1737649800.0,123.059998,123.709999,122.949997,123.360001,3351849.000000,1737653400.0
1737653400.0,123.355003,123.699997,123.160004,123.500000,1635033.000000,1737657000.0
1737657000.0,123.510002,123.550003,123.040001,123.190002,1787686.000000,1737660600.0
1737660600.0,123.190002,123.400002,122.900101,122.989998,1718051.000000,1737664200.0
1737664200.0,122.970001,123.139999,122.830902,123.040001,2790875.000000,1737667800.0
1737729000.0,124.500000,125.250000,122.769997,123.110001,7215388.000000,1737732600.0
1737732600.0,123.099998,125.139999,123.060097,124.355003,4903137.000000,1737736200.0
1737736200.0,124.342003,124.650002,123.660004,123.769997,2568779.000000,1737739800.0
1737739800.0,123.779602,124.029999,122.570000,122.720001,5305869.000000,1737743400.0
1737743400.0,122.720001,123.050003,122.360001,122.519997,2553107.000000,1737747000.0
1737747000.0,122.535004,122.900002,122.254997,122.387199,3561748.000000,1737750600.0
1737750600.0,122.379997,122.949997,122.230003,122.870003,2261051.000000,1737754200.0
1737988200.0,117.809998,118.070000,115.550003,117.160004,18128366.000000,1737991800.0
1737991800.0,117.160004,117.889999,115.059998,115.269997,7077014.000000,1737995400.0
1737995400.0,115.254997,115.779999,114.822899,115.570000,5888028.000000,1737999000.0
1737999000.0,115.560097,116.050003,114.310097,114.459999,4656720.000000,1738002600.0
1738002600.0,114.464996,115.019997,113.610001,114.034302,6461725.000000,1738006200.0
1738006200.0,114.040001,114.419998,112.800003,114.250000,6633492.000000,1738009800.0
1738009800.0,114.279999,115.110001,114.250000,115.059998,4837582.000000,1738013400.0
1738074600.0,115.180000,116.150002,112.949997,114.560799,11013586.000000,1738078200.0
1738078200.0,114.589996,114.589996,113.370003,113.471497,5801462.000000,1738081800.0
1738081800.0,113.472000,114.800003,113.220001,114.430000,3921073.000000,1738085400.0
1738085400.0,114.445000,114.879997,114.220001,114.535004,2977684.000000,1738089000.0
1738089000.0,114.535004,114.669800,114.059998,114.550003,2982550.000000,1738092600.0
1738092600.0,114.550003,115.198402,114.500000,114.809998,3460191.000000,1738096200.0
1738096200.0,114.820000,114.820000,113.750000,114.160004,5016422.000000,1738099800.0
1738161000.0,115.875000,117.680000,114.970001,116.929398,10538525.000000,1738164600.0
1738164600.0,116.930397,117.129898,115.949997,116.129997,4504372.000000,1738168200.0
1738168200.0,116.132103,118.470001,115.989998,118.180496,6969090.000000,1738171800.0
1738171800.0,118.199997,118.519997,116.320000,117.578201,4203609.000000,1738175400.0
1738175400.0,117.570000,117.870003,116.580002,116.870003,2815827.000000,1738179000.0
1738179000.0,116.849998,118.480003,116.769997,118.069901,4629736.000000,1738182600.0
1738182600.0,118.067497,118.169998,116.819603,117.410004,3166112.000000,1738186200.0
1738247400.0,118.480003,120.440002,117.910004,117.939201,8515268.000000,1738251000.0
1738251000.0,117.959999,118.550003,117.089996,118.290001,3823138.000000,1738254600.0
1738254600.0,118.299896,118.699997,117.900002,118.089996,3339339.000000,1738258200.0
1738258200.0,118.110001,118.759201,117.945198,118.514999,1861478.000000,1738261800.0
1738261800.0,118.510002,119.019997,118.459999,118.629997,2525045.000000,1738265400.0
1738265400.0,118.629997,119.099998,118.431999,118.964996,2986620.000000,1738269000.0
1738269000.0,118.970001,119.019997,117.839996,118.879997,3191245.000000,1738272600.0
1738333800.0,119.169998,119.565002,117.540001,118.900002,9323495.000000,1738337400.0
1738337400.0,118.910004,119.449997,117.665001,117.677002,5988518.000000,1738341000.0
1738341000.0,117.690002,118.239998,117.230003,117.970398,4576206.000000,1738344600.0
1738344600.0,117.989998,118.259804,117.260002,117.289902,3121304.000000,1738348200.0
1738348200.0,117.269997,117.430000,116.239998,116.687500,4316496.000000,1738351800.0
1738351800.0,116.684998,116.830002,115.480003,115.580002,4138797.000000,1738355400.0
1738355400.0,115.599998,116.410004,115.330002,115.889999,4317012.000000,1738359000.0
1738593000.0,113.379997,114.800003,112.980003,114.610001,9568380.000000,1738596600.0
1738596600.0,114.570000,115.160004,113.949997,114.250000,4376811.000000,1738600200.0
1738600200.0,114.245003,114.650002,113.719498,113.719498,3581488.000000,1738603800.0
1738603800.0,113.709999,113.760002,113.049599,113.403297,3722543.000000,1738607400.0
1738607400.0,113.420403,114.739998,113.382004,114.420097,3089066.000000,1738611000.0
1738611000.0,114.440002,114.570000,114.260002,114.458397,2370853.000000,1738614600.0
1738614600.0,114.449997,114.610001,114.199997,114.250000,2850200.000000,1738618200.0
1738679400.0,115.500000,117.789902,114.790001,117.139999,10869856.000000,1738683000.0
1738683000.0,117.139999,117.795998,116.580002,117.764999,4994626.000000,1738686600.0
1738686600.0,117.769997,118.320000,116.880997,116.880997,5051992.000000,1738690200.0
1738690200.0,116.900002,118.350098,116.879997,118.070000,3866016.000000,1738693800.0
1738693800.0,118.059998,118.959999,117.980003,118.698402,5346602.000000,1738697400.0
1738697400.0,118.691200,118.949997,118.260002,118.780098,4914893.000000,1738701000.0
1738701000.0,118.790001,119.629997,118.690002,119.610001,6123984.000000,1738704600.0
1738765800.0,107.684998,108.500000,106.500000,107.095001,41129106.000000,1738769400.0
1738769400.0,107.089996,109.430000,106.750000,109.184998,16626883.000000,1738773000.0
1738773000.0,109.180000,111.610001,108.709999,111.269997,15798987.000000,1738776600.0
1738776600.0,111.300003,111.718803,109.440102,109.731003,10767192.000000,1738780200.0
1738780200.0,109.730003,110.750000,109.572601,110.675003,5868505.000000,1738783800.0
1738783800.0,110.669998,111.919998,110.110001,111.789902,7427370.000000,1738787400.0
1738787400.0,111.785004,112.089996,110.800003,112.019997,7656473.000000,1738791000.0
1738852200.0,110.845001,112.559998,109.730003,110.090103,15075735.000000,1738855800.0
1738855800.0,110.105003,110.320000,109.019997,110.050003,7073765.000000,1738859400.0
1738859400.0,110.055000,110.389999,109.510002,109.830002,5837375.000000,1738863000.0
1738863000.0,109.839996,110.489998,109.730003,110.260002,4535526.000000,1738866600.0
1738866600.0,110.254997,111.089996,110.180099,110.500000,4721013.000000,1738870200.0
1738870200.0,110.495003,112.010002,109.560600,109.669998,4590961.000000,1738873800.0
1738873800.0,109.675003,110.150002,109.400002,110.139999,5349345.000000,1738877400.0
1738938600.0,109.105003,109.919998,107.165001,107.550102,13841880.000000,1738942200.0
1738942200.0,107.549896,108.449997,106.790001,107.540001,8205589.000000,1738945800.0
1738945800.0,107.550003,108.040001,107.230003,107.311600,3930893.000000,1738949400.0
1738949400.0,107.288002,108.269997,107.040001,108.199699,3777739.000000,1738953000.0
1738953000.0,108.198097,108.379997,107.470001,107.489998,5110206.000000,1738956600.0
1738956600.0,107.470001,107.680000,107.099998,107.315002,3747309.000000,1738960200.0
1738960200.0,107.309998,107.739998,107.150002,107.519997,3718886.000000,1738963800.0
1739197800.0,108.440002,110.610001,108.160004,110.339996,11830041.000000,1739201400.0
1739201400.0,110.339996,110.979103,109.860001,110.599998,5193099.000000,1739205000.0
1739205000.0,110.570000,111.240097,110.514999,110.928497,3411712.000000,1739208600.0
1739208600.0,110.940002,111.400002,110.760002,110.764999,2737977.000000,1739212200.0
1739212200.0,110.769997,110.860001,110.330002,110.389999,3290062.000000,1739215800.0
1739215800.0,110.386002,110.900002,110.352097,110.570000,3006297.000000,1739219400.0
1739219400.0,110.579903,110.750000,110.350098,110.470001,2736031.000000,1739223000.0
1739284200.0,109.010002,111.510002,108.957497,111.510002,7366363.000000,1739287800.0
1739287800.0,111.500000,112.639999,111.229500,112.400200,6852008.000000,1739291400.0
1739291400.0,112.419998,113.058800,111.110001,111.974998,5915950.000000,1739295000.0
1739295000.0,111.970001,112.029999,110.779999,111.230003,3793649.000000,1739298600.0
1739298600.0,111.230003,111.720001,111.190300,111.224998,4735821.000000,1739302200.0
1739302200.0,111.230003,111.550003,111.129997,111.220001,1860278.000000,1739305800.0
1739305800.0,111.224998,111.379898,110.809998,111.120003,2243852.000000,1739309400.0
1739370600.0,109.625000,111.149803,109.064903,110.900002,7643865.000000,1739374200.0
1739374200.0,110.889999,111.199997,109.669998,109.900002,3256209.000000,1739377800.0
1739377800.0,109.889999,110.690002,109.879997,110.409401,3261804.000000,1739381400.0
1739381400.0,110.410004,110.821098,110.205002,110.675003,1790904.000000,1739385000.0
1739385000.0,110.712997,110.989998,110.419998,110.970001,1628997.000000,1739388600.0
1739388600.0,110.962196,111.835602,110.949997,111.263802,3221127.000000,1739392200.0
1739392200.0,111.260002,111.769997,111.214996,111.709999,2553027.000000,1739395800.0
1739457000.0,111.900002,114.599998,111.169998,113.382202,11644541.000000,1739460600.0
1739460600.0,113.380096,113.900002,112.690002,113.230003,5524032.000000,1739464200.0
1739464200.0,113.227600,113.239998,112.612000,112.650002,3180111.000000,1739467800.0
1739467800.0,112.639999,112.889999,111.820000,112.180000,3712129.000000,1739471400.0
1739471400.0,112.190002,112.300003,110.400002,111.360001,7247677.000000,1739475000.0
1739475000.0,111.370003,111.779999,111.120003,111.364998,3679714.000000,1739478600.0
1739478600.0,111.349998,111.910004,111.180000,111.790001,3561002.000000,1739482200.0
1739543400.0,112.500000,114.629997,112.260101,113.630096,10594483.000000,1739547000.0
1739547000.0,113.647102,113.919998,112.449997,113.099998,4693621.000000,1739550600.0
1739550600.0,113.099998,113.449799,112.199997,112.239998,3170628.000000,1739554200.0
1739554200.0,112.250000,112.900002,111.699997,112.635002,3444280.000000,1739557800.0
1739557800.0,112.610001,112.860001,112.470001,112.570900,1904225.000000,1739561400.0
1739561400.0,112.580002,113.250000,112.529999,113.150002,2519176.000000,1739565000.0
1739565000.0,113.144997,113.230003,112.879997,113.110001,3259769.000000,1739568600.0
1739889000.0,114.074997,115.550003,113.470001,114.209999,10416463.000000,1739892600.0
1739892600.0,114.190102,114.580002,113.730301,114.224998,3934643.000000,1739896200.0
1739896200.0,114.220001,114.254997,113.724998,113.730003,2764747.000000,1739899800.0
1739899800.0,113.730301,114.150002,113.680000,113.959999,2183340.000000,1739903400.0
1739903400.0,113.945099,114.339996,113.630203,114.266800,2089521.000000,1739907000.0
1739907000.0,114.269997,114.508499,113.800102,113.970001,3160659.000000,1739910600.0
1739910600.0,113.959999,114.339996,113.470001,114.254997,4140512.000000,1739914200.0
1739975400.0,114.235001,115.150002,113.139999,114.452400,7727736.000000,1739979000.0
1739979000.0,114.404999,116.110001,114.389999,115.339996,6208683.000000,1739982600.0
1739982600.0,115.320000,115.449997,114.610001,114.764999,2536052.000000,1739986200.0
1739986200.0,114.775002,114.989998,114.320000,114.570000,1851038.000000,1739989800.0
1739989800.0,114.599998,115.360001,114.599998,115.264999,1748739.000000,1739993400.0
1739993400.0,115.260002,115.430000,114.370003,114.459702,2126199.000000,1739997000.0
1739997000.0,114.470001,114.910004,114.410004,114.669998,2331526.000000,1740000600.0
1740061800.0,115.000000,116.550003,113.860001,114.190102,9111721.000000,1740065400.0
1740065400.0,114.190002,114.330002,113.105003,113.610001,4645747.000000,1740069000.0
1740069000.0,113.629997,113.980003,113.290001,113.754997,2820518.000000,1740072600.0
1740072600.0,113.750000,113.959999,113.379997,113.671097,1598750.000000,1740076200.0
1740076200.0,113.660004,114.144997,113.550003,113.970001,2243860.000000,1740079800.0
1740079800.0,113.970001,114.040001,113.480003,113.650002,2106812.000000,1740083400.0
1740083400.0,113.610001,114.190002,113.580002,114.150002,2197224.000000,1740087000.0
1740148200.0,114.769997,115.760002,114.339996,114.410004,7777653.000000,1740151800.0
1740151800.0,114.410004,114.410004,112.650002,112.809998,5751278.000000,1740155400.0
1740155400.0,112.809998,113.000000,111.980003,112.220001,3082110.000000,1740159000.0
1740159000.0,112.209999,112.250000,111.220001,111.485001,3159326.000000,1740162600.0
1740162600.0,111.480003,112.400002,110.510902,110.580002,5254806.000000,1740166200.0
1740166200.0,110.570000,111.290001,110.430000,111.129997,6295499.000000,1740169800.0
1740169800.0,111.139999,111.398697,110.739998,110.790001,4436880.000000,1740173400.0
1740407400.0,111.565002,111.599998,108.160004,108.879997,8597485.000000,1740411000.0
1740411000.0,108.889999,109.559998,108.290001,109.389999,4005711.000000,1740414600.0
1740414600.0,109.400002,109.980003,109.233200,109.775002,2378603.000000,1740418200.0
1740418200.0,109.779900,110.080002,109.650002,109.910004,1435884.000000,1740421800.0
1740421800.0,109.910004,109.949997,109.230003,109.359802,1588626.000000,1740425400.0
1740425400.0,109.322304,109.620003,108.860001,108.870003,2620030.000000,1740429000.0
1740429000.0,108.879997,109.160896,107.980003,108.120003,3539409.000000,1740432600.0
1740493800.0,107.839996,108.639999,105.260002,105.260002,8791151.000000,1740497400.0
1740497400.0,105.290001,106.570000,105.050003,105.480202,5096977.000000,1740501000.0
1740501000.0,105.480003,105.910004,105.180000,105.825600,3900363.000000,1740504600.0
1740504600.0,105.820000,106.169998,105.419998,105.464996,3657554.000000,1740508200.0
1740508200.0,105.470001,106.059998,104.889999,105.016899,2952811.000000,1740511800.0
1740511800.0,105.000000,105.220001,104.389999,104.614998,5059858.000000,1740515400.0
1740515400.0,104.650002,104.967903,103.620003,103.980003,5420255.000000,1740519000.0
1740580200.0,104.945000,105.379997,103.989998,104.059898,7719578.000000,1740583800.0
1740583800.0,104.059998,105.605003,104.050003,105.300003,4466033.000000,1740587400.0
1740587400.0,105.290001,105.760002,105.000000,105.699997,3163587.000000,1740591000.0
1740591000.0,105.730003,105.799896,104.470001,104.512604,3031730.000000,1740594600.0
1740594600.0,104.500000,104.800003,104.000000,104.620003,2857550.000000,1740598200.0
1740598200.0,104.610001,104.970001,104.138397,104.334999,2414575.000000,1740601800.0
1740601800.0,104.330002,104.870003,104.245003,104.769997,2644353.000000,1740605400.0
1740666600.0,105.441498,105.749901,102.752502,103.595001,9614062.000000,1740670200.0
1740670200.0,103.570000,103.614998,102.169998,102.544998,4675513.000000,1740673800.0
1740673800.0,102.559998,102.669800,101.885002,102.360001,3491349.000000,1740677400.0
1740677400.0,102.349998,102.730003,102.044998,102.625000,2827522.000000,1740681000.0
1740681000.0,102.629997,102.949997,101.480003,101.500000,3090641.000000,1740684600.0
1740684600.0,101.504997,101.529999,100.135002,100.180000,9953259.000000,1740688200.0
1740688200.0,100.180000,100.489998,99.500000,99.510002,7269304.000000,1740691800.0
1740753000.0,99.559998,101.510002,98.750000,101.449997,10228307.000000,1740756600.0
1740756600.0,101.449997,101.800003,100.201401,100.290001,4795593.000000,1740760200.0
1740760200.0,100.294998,100.800003,100.130600,100.345001,2952577.000000,1740763800.0
1740763800.0,100.370003,100.389999,98.690002,99.379997,4906108.000000,1740767400.0
1740767400.0,99.389999,99.690002,98.779999,99.089996,3567037.000000,1740771000.0
1740771000.0,99.089996,100.330002,98.980003,100.035004,4211021.000000,1740774600.0
1740774600.0,100.035004,100.050003,99.269997,99.910004,6123212.000000,1740778200.0
1741012200.0,101.260002,102.339996,99.279999,101.260002,8800809.000000,1741015800.0
1741015800.0,101.264999,101.597900,100.769997,101.050003,3315548.000000,1741019400.0
1741019400.0,101.059998,101.720001,100.589996,101.559998,3021418.000000,1741023000.0
1741023000.0,101.567902,101.586197,99.309998,99.420898,3344878.000000,1741026600.0
1741026600.0,99.459999,100.440002,99.220001,99.620003,3472641.000000,1741030200.0
1741030200.0,99.620102,100.317398,97.379997,97.470001,5723802.000000,1741033800.0
1741033800.0,97.440002,98.339996,97.090103,98.269997,5404760.000000,1741037400.0
1741098600.0,96.794998,98.930000,95.889999,96.739998,13737953.000000,1741102200.0
1741102200.0,96.739998,97.317703,96.250603,96.580002,5498716.000000,1741105800.0
1741105800.0,96.580002,99.739998,96.550003,99.480003,5313224.000000,1741109400.0
1741109400.0,99.440002,100.620003,98.980003,100.000000,4908006.000000,1741113000.0
1741113000.0,100.000000,101.870003,99.740097,101.550003,4555140.000000,1741116600.0
1741116600.0,101.550003,103.180000,101.330002,102.339996,5884697.000000,1741120200.0
1741120200.0,102.339996,102.379997,100.099998,100.790001,5316613.000000,1741123800.0
1741185000.0,100.394997,101.330002,99.410004,99.680000,6926476.000000,1741188600.0
1741188600.0,99.669998,100.290001,98.870003,99.540001,3945016.000000,1741192200.0
1741192200.0,99.510002,101.040001,99.029999,100.830002,3163617.000000,1741195800.0
1741195800.0,100.820000,101.070000,100.039001,100.589996,2340294.000000,1741199400.0
1741199400.0,100.580002,101.839996,100.300003,101.126404,2705683.000000,1741203000.0
1741203000.0,101.139999,101.570000,100.679901,101.205002,2337757.000000,1741206600.0
1741206600.0,101.190002,101.779999,101.010002,101.669998,2929054.000000,1741210200.0
1741271400.0,99.050003,100.790001,98.669998,100.709999,6382465.000000,1741275000.0
1741275000.0,100.730003,101.080002,99.650002,100.070000,3139952.000000,1741278600.0
1741278600.0,100.074997,100.459999,98.489998,98.650002,3433072.000000,1741282200.0
1741282200.0,98.639999,99.269997,98.339996,98.860001,2625890.000000,1741285800.0
1741285800.0,98.839996,99.029999,98.269997,98.489998,2678504.000000,1741289400.0
1741289400.0,98.495003,100.129997,98.330002,98.972397,3557686.000000,1741293000.0
1741293000.0,98.989998,99.199997,98.650002,98.830002,2929837.000000,1741296600.0
1741357800.0,98.980003,99.850800,98.500000,99.150002,6570962.000000,1741361400.0
1741361400.0,99.139999,99.269997,97.440002,97.485001,5315834.000000,1741365000.0
1741365000.0,97.500000,97.680000,96.389999,97.540001,4814364.000000,1741368600.0
1741368600.0,97.519997,99.199600,97.320000,98.680000,3979374.000000,1741372200.0
1741372200.0,98.690002,100.254997,98.570000,100.190697,3338836.000000,1741375800.0
1741375800.0,100.230003,100.419998,99.565002,100.144997,2955952.000000,1741379400.0
1741379400.0,100.139999,100.644997,99.339996,100.279999,3623712.000000,1741383000.0
1741613400.0,98.570000,101.290001,98.120003,98.730003,9756368.000000,1741617000.0
1741617000.0,98.747498,98.888802,97.410004,98.070000,5055268.000000,1741620600.0
1741620600.0,98.080002,98.870003,97.886002,98.754997,3211352.000000,1741624200.0
1741624200.0,98.790001,99.347702,97.764999,98.224998,3259982.000000,1741627800.0
1741627800.0,98.209999,98.230003,97.099998,97.250000,2895429.000000,1741631400.0
1741631400.0,97.260002,97.567596,95.830002,96.627998,5320812.000000,1741635000.0
1741635000.0,96.610001,97.342003,95.945000,96.669998,4516727.000000,1741638600.0
1741699800.0,96.815002,98.099998,95.639999,95.669998,7564791.000000,1741703400.0
1741703400.0,95.660004,97.014999,94.730003,96.731499,5514369.000000,1741707000.0
1741707000.0,96.738602,97.209999,95.959999,96.636398,2965176.000000,1741710600.0
1741710600.0,96.669998,96.980003,96.000000,96.139397,2438431.000000,1741714200.0
1741714200.0,96.110001,97.790001,96.010002,97.660004,3376401.000000,1741717800.0
1741717800.0,97.669998,98.150002,96.919998,97.139999,5198168.000000,1741721400.0
1741721400.0,97.175003,97.260002,96.680000,96.680000,3400676.000000,1741725000.0
1741786200.0,99.044998,99.989998,98.470001,98.790001,7694952.000000,1741789800.0
1741789800.0,98.794899,99.790001,98.169998,99.489998,3224314.000000,1741793400.0
1741793400.0,99.489998,101.029999,99.180199,100.820000,4294119.000000,1741797000.0
1741797000.0,100.820000,101.269997,100.180000,100.985001,4237578.000000,1741800600.0
1741800600.0,100.970001,101.150002,99.879997,101.055000,2710584.000000,1741804200.0
1741804200.0,101.070000,101.714996,100.910004,101.269997,3652962.000000,1741807800.0
1741807800.0,101.269997,101.389999,100.480003,100.839996,4458412.000000,1741811400.0
1741872600.0,99.629997,100.070000,97.930000,99.099998,7924464.000000,1741876200.0
1741876200.0,99.139999,99.599998,98.278702,98.540001,3374354.000000,1741879800.0
1741879800.0,98.540001,98.800003,97.919998,98.290001,2703359.000000,1741883400.0
1741883400.0,98.250000,99.000000,97.369904,97.620003,3695580.000000,1741887000.0
1741887000.0,97.620003,98.690002,97.269997,98.680000,2815367.000000,1741890600.0
1741890600.0,98.690002,98.938004,97.955002,98.095001,2225161.000000,1741894200.0
1741894200.0,98.139999,98.190002,97.739998,98.110001,2490352.000000,1741897800.0
1741959000.0,100.235001,100.800003,99.589996,100.080002,6017299.000000,1741962600.0
1741962600.0,100.080002,100.809998,99.949997,100.449997,2972125.000000,1741966200.0
1741966200.0,100.449997,100.730003,99.919998,100.129997,2399744.000000,1741969800.0
1741969800.0,100.150002,101.220001,100.120102,100.400002,2811187.000000,1741973400.0
1741973400.0,100.389999,100.559998,100.070000,100.190002,1849997.000000,1741977000.0
1741977000.0,100.195000,100.794998,100.180000,100.460503,2648147.000000,1741980600.0
1741980600.0,100.480003,101.110001,100.370003,100.959999,3411612.000000,1741984200.0
1742218200.0,102.699997,106.150002,102.635803,105.404999,16532353.000000,1742221800.0
1742221800.0,105.404999,105.849998,104.550003,104.756104,5693844.000000,1742225400.0
1742225400.0,104.745003,105.025002,104.019997,104.080002,3019827.000000,1742229000.0
1742229000.0,104.080200,104.919998,103.910004,104.699997,2790398.000000,1742232600.0
1742232600.0,104.699997,105.589996,104.630203,105.589996,2741450.000000,1742236200.0
1742236200.0,105.580002,106.144997,105.500000,105.879898,3875136.000000,1742239800.0
1742239800.0,105.860001,105.889999,104.500000,104.589996,4126732.000000,1742243400.0
1742304600.0,103.849998,104.199997,103.040001,103.940002,7823277.000000,1742308200.0
1742308200.0,103.930000,104.040001,102.974998,103.430000,3713395.000000,1742311800.0
1742311800.0,103.430000,104.180000,103.111000,103.989998,2836554.000000,1742315400.0
1742315400.0,103.980003,104.550003,103.599998,103.820000,2602016.000000,1742319000.0
1742319000.0,103.824997,104.129997,103.199997,103.599998,2198420.000000,1742322600.0
1742322600.0,103.599998,104.180000,103.449997,103.540001,2194362.000000,1742326200.0
1742326200.0,103.529999,103.959999,103.349998,103.529999,2886085.000000,1742329800.0
1742391000.0,104.440002,104.620003,101.959999,103.857498,6703572.000000,1742394600.0
1742394600.0,103.839996,104.610001,103.684998,104.489998,3126786.000000,1742398200.0
1742398200.0,104.495003,105.114998,104.425003,104.988998,3018894.000000,1742401800.0
1742401800.0,104.980003,105.629997,104.769997,105.070000,2701594.000000,1742405400.0
1742405400.0,105.080002,106.019997,104.970001,105.635002,2946877.000000,1742409000.0
1742409000.0,105.620003,107.899300,105.614998,106.222900,6333569.000000,1742412600.0
1742412600.0,106.199997,107.040001,106.129997,106.239998,4270701.000000,1742416200.0
1742477400.0,105.120003,107.400002,105.120003,106.955002,6826619.000000,1742481000.0
1742481000.0,106.949997,108.260002,106.720001,107.769997,5027984.000000,1742484600.0
1742484600.0,107.779999,107.870003,106.489998,106.589996,3572515.000000,1742488200.0
1742488200.0,106.589996,107.139999,106.425003,106.519997,2170887.000000,1742491800.0
1742491800.0,106.540001,107.209999,106.510002,106.600197,1869562.000000,1742495400.0
1742495400.0,106.639999,107.126900,106.470001,106.667503,1825538.000000,1742499000.0
1742499000.0,106.669998,107.500000,106.669998,107.129997,2242772.000000,1742502600.0
1742563800.0,105.330002,105.620003,104.330002,105.489998,8766959.000000,1742567400.0
1742567400.0,105.500000,106.070000,104.959999,105.000000,3261736.000000,1742571000.0
1742571000.0,104.980003,106.625000,104.959999,106.360100,2846044.000000,1742574600.0
1742574600.0,106.360001,106.985001,106.282600,106.599998,1919415.000000,1742578200.0
1742578200.0,106.604698,107.110001,106.418999,106.870003,1724172.000000,1742581800.0
1742581800.0,106.850098,107.250000,106.654999,106.839996,1901051.000000,1742585400.0
1742585400.0,106.809998,107.160004,106.120003,106.440002,3248507.000000,1742589000.0
1742823000.0,109.745003,112.180000,109.400002,112.029999,12359907.000000,1742826600.0
1742826600.0,112.019997,113.500000,111.830002,113.129997,8334948.000000,1742830200.0
1742830200.0,113.129997,114.250000,112.710098,113.650002,6019889.000000,1742833800.0
1742833800.0,113.660004,114.160004,113.309998,113.434998,5318853.000000,1742837400.0
1742837400.0,113.440002,114.470001,113.400002,114.330002,4364584.000000,1742841000.0
1742841000.0,114.328400,114.849998,114.091003,114.440002,5381819.000000,1742844600.0
1742844600.0,114.440002,114.656998,113.669998,113.849998,5870712.000000,1742848200.0
1742909400.0,113.234001,114.769997,113.029999,113.344597,8670261.000000,1742913000.0
1742913000.0,113.349899,113.690002,112.709999,112.870003,3812679.000000,1742916600.0
1742916600.0,112.879097,113.830002,112.839996,113.334999,3022584.000000,1742920200.0
1742920200.0,113.349899,113.849998,112.750000,112.809998,2169123.000000,1742923800.0
1742923800.0,112.809799,113.105003,112.809799,112.925003,1618350.000000,1742927400.0
1742927400.0,112.940002,113.769997,112.889999,113.739998,1981489.000000,1742931000.0
1742931000.0,113.739998,114.940002,113.739998,114.820000,4865463.000000,1742934600.0
1742995800.0,114.254997,115.899902,111.169998,111.430000,12460670.000000,1742999400.0
1742999400.0,111.440002,111.730003,110.480003,110.644997,4886497.000000,1743003000.0
1743003000.0,110.638100,111.239304,109.830002,110.230003,4609544.000000,1743006600.0
1743006600.0,110.239998,110.260002,109.110001,109.360001,3734308.000000,1743010200.0
1743010200.0,109.334999,109.748001,109.019997,109.589996,2724778.000000,1743013800.0
1743013800.0,109.570000,109.654999,108.680000,109.391602,3387889.000000,1743017400.0
1743017400.0,109.404999,110.324997,109.370003,110.190002,4132859.000000,1743021000.0
1743082200.0,106.154999,107.610001,105.549896,106.500000,13047125.000000,1743085800.0
1743085800.0,106.500000,107.239998,106.419998,106.500000,4319408.000000,1743089400.0
1743089400.0,106.507500,106.651398,105.849998,106.459999,3098678.000000,1743093000.0
1743093000.0,106.449997,106.620003,105.629997,105.720001,2435463.000000,1743096600.0
1743096600.0,105.680000,106.720001,105.680000,106.399902,2103122.000000,1743100200.0
1743100200.0,106.379997,107.089996,106.279999,106.970001,2217558.000000,1743103800.0
1743103800.0,106.970001,106.989998,106.269997,106.629997,2881042.000000,1743107400.0
1743168600.0,105.589996,106.510002,103.510002,103.529800,7972933.000000,1743172200.0
1743172200.0,103.519997,104.019897,103.260002,103.526100,3909476.000000,1743175800.0
1743175800.0,103.510002,103.779701,102.599998,102.750000,2700665.000000,1743179400.0
1743179400.0,102.740097,103.404999,102.480003,103.230003,3281325.000000,1743183000.0
1743183000.0,103.251404,103.529999,103.046402,103.165001,2192277.000000,1743186600.0
1743186600.0,103.160004,103.724998,102.949997,102.980003,2601194.000000,1743190200.0
1743190200.0,102.985100,103.449997,102.689903,103.220001,3585514.000000,1743193800.0
1743427800.0,100.099998,102.029999,98.800003,101.278000,10068223.000000,1743431400.0
1743431400.0,101.300003,102.135201,101.019997,101.379997,2876093.000000,1743435000.0
1743435000.0,101.364998,101.750000,100.839996,101.529999,2460307.000000,1743438600.0
1743438600.0,101.510002,101.809898,100.910004,101.220001,3282095.000000,1743442200.0
1743442200.0,101.227203,101.919998,100.919998,101.900002,1819736.000000,1743445800.0
1743445800.0,101.870003,102.489998,101.820000,101.959999,2610369.000000,1743449400.0
1743449400.0,101.940002,102.820000,101.910004,102.730003,3069442.000000,1743453000.0
1743514200.0,102.160004,102.574997,101.000000,101.430000,5305840.000000,1743517800.0
1743517800.0,101.400002,102.535004,101.379997,102.379997,3102398.000000,1743521400.0
1743521400.0,102.389999,102.464996,101.630096,101.695000,3452823.000000,1743525000.0
1743525000.0,101.720001,102.050003,101.240303,101.800003,2006039.000000,1743528600.0
1743528600.0,101.790001,102.195000,100.930000,101.129997,2170493.000000,1743532200.0
1743532200.0,101.125000,101.709999,101.120003,101.514999,1981480.000000,1743535800.0
1743535800.0,101.519997,102.830002,101.461098,102.779999,3102104.000000,1743539400.0
1743600600.0,101.519997,103.400002,100.760002,102.848000,4864414.000000,1743604200.0
1743604200.0,102.790001,103.389999,102.180901,103.214996,2245258.000000,1743607800.0
1743607800.0,103.220001,103.596298,102.699997,103.588097,1986033.000000,1743611400.0
1743611400.0,103.580002,104.180000,102.779999,103.514999,1911310.000000,1743615000.0
1743615000.0,103.510002,103.550003,102.139999,102.139999,1943677.000000,1743618600.0
1743618600.0,102.139999,102.885002,102.109901,102.830002,1885797.000000,1743622200.0
1743622200.0,102.809998,103.389999,102.629997,102.959999,2939421.000000,1743625800.0
1743687000.0,97.790001,99.449898,97.630997,98.330002,9892028.000000,1743690600.0
1743690600.0,98.320000,98.559998,95.464996,95.989998,8274886.000000,1743694200.0
1743694200.0,95.980003,97.029999,95.930000,96.945000,4046238.000000,1743697800.0
1743697800.0,96.945000,97.058701,95.724998,96.019997,3148233.000000,1743701400.0
1743701400.0,96.019997,96.459999,94.900002,95.199997,3994776.000000,1743705000.0
1743705000.0,95.195000,95.834000,94.160004,94.250000,6132328.000000,1743708600.0
1743708600.0,94.250000,94.459999,93.639999,93.809998,7731396.000000,1743712200.0
1743773400.0,90.080002,91.080002,86.160004,86.250000,18214584.000000,1743777000.0
1743777000.0,86.250000,87.879997,83.690002,86.919998,12825031.000000,1743780600.0
1743780600.0,86.919998,87.275002,85.910004,86.019997,5469680.000000,1743784200.0
1743784200.0,85.995003,87.120201,85.849998,86.330002,4513601.000000,1743787800.0
1743787800.0,86.320000,88.139999,85.930000,86.599998,6277686.000000,1743791400.0
1743791400.0,86.599998,87.815002,86.360001,87.430000,5404540.000000,1743795000.0
1743795000.0,87.419998,88.169998,85.550003,85.740097,7131120.000000,1743798600.0
1744032600.0,80.544998,89.000000,77.750000,82.892502,24891796.000000,1744036200.0
1744036200.0,82.910004,85.610001,80.959999,81.790001,8936759.000000,1744039800.0
1744039800.0,81.809998,84.089996,81.430000,82.426697,5118778.000000,1744043400.0
1744043400.0,82.404999,83.860001,81.235001,83.830002,5366232.000000,1744047000.0
1744047000.0,83.839996,85.000000,83.050003,83.220001,6339979.000000,1744050600.0
1744050600.0,83.239998,84.489998,82.666397,82.845001,6166705.000000,1744054200.0
1744054200.0,82.830002,84.059998,82.290001,83.629997,6608382.000000,1744057800.0
1744119000.0,86.144997,88.930000,86.040001,88.551201,16035118.000000,1744122600.0
1744122600.0,88.574997,88.680000,85.550003,85.580002,6814586.000000,1744126200.0
1744126200.0,85.587799,86.279999,84.040001,84.519997,5715328.000000,1744129800.0
1744129800.0,84.500000,84.669998,81.434998,81.474998,7462357.000000,1744133400.0
1744133400.0,81.459999,82.889999,81.129997,81.180000,5340263.000000,1744137000.0
1744137000.0,81.205002,82.410004,77.980103,78.420502,8985807.000000,1744140600.0
1744140600.0,78.440002,78.480003,76.480003,78.190002,11242096.000000,1744144200.0
1744205400.0,79.220001,83.169998,78.870003,82.779999,15601456.000000,1744209000.0
1744209000.0,82.870003,83.639999,81.430000,82.040001,8837012.000000,1744212600.0
1744212600.0,82.025002,82.459999,80.940002,81.880302,6356763.000000,1744216200.0
1744216200.0,81.860100,91.249901,81.720001,88.699997,12102236.000000,1744219800.0
1744219800.0,88.665001,95.791000,88.389999,95.040001,17335558.000000,1744223400.0
1744223400.0,95.055000,96.059998,92.610001,95.989998,13114230.000000,1744227000.0
1744227000.0,95.980003,97.900002,95.580002,96.720001,12091107.000000,1744230600.0
1744291800.0,91.019997,92.949997,88.470001,90.074997,14610902.000000,1744295400.0
1744295400.0,90.110001,90.870003,88.519997,88.519997,6134086.000000,1744299000.0
1744299000.0,88.510002,88.760002,85.059998,85.519997,7784302.000000,1744302600.0
1744302600.0,85.529999,88.919998,85.450104,86.940002,7606302.000000,1744306200.0
1744306200.0,86.919998,88.290001,86.316101,88.135002,6347128.000000,1744309800.0
1744309800.0,88.150002,88.925003,86.980003,87.029999,6442802.000000,1744313400.0
1744313400.0,86.995003,88.964996,86.432602,88.669998,8141790.000000,1744317000.0
1744378200.0,90.504997,94.750000,90.504997,91.239998,17895521.000000,1744381800.0
1744381800.0,91.279999,92.828300,90.554901,91.504997,8990341.000000,1744385400.0
1744385400.0,91.504997,92.589401,91.260101,92.349998,4911490.000000,1744389000.0
1744389000.0,92.370003,94.497002,91.919998,92.065002,7322745.000000,1744392600.0
1744392600.0,92.059998,94.000000,91.779999,92.940002,5432373.000000,1744396200.0
1744396200.0,92.939598,93.729698,92.699997,93.375000,4645707.000000,1744399800.0
1744399800.0,93.375000,93.580002,92.889999,93.300003,5151631.000000,1744403400.0
1744637400.0,97.070000,97.369904,94.370003,95.790001,12584263.000000,1744641000.0
1744641000.0,95.790001,96.435303,94.470001,94.499298,5025025.000000,1744644600.0
1744644600.0,94.529999,94.889999,93.449997,94.245003,4235947.000000,1744648200.0
1744648200.0,94.230003,95.320000,94.070000,94.809998,2709695.000000,1744651800.0
1744651800.0,94.779999,95.849899,94.540001,95.735001,2274728.000000,1744655400.0
1744655400.0,95.709999,96.080002,95.190002,95.285004,2794806.000000,1744659000.0
1744659000.0,95.290001,95.400002,94.410004,94.500000,2970175.000000,1744662600.0
1744723800.0,94.660004,96.820000,94.620003,95.099998,7442243.000000,1744727400.0
1744727400.0,95.111000,96.120003,95.090103,95.629997,3330463.000000,1744731000.0
1744731000.0,95.650002,96.839996,95.570099,96.675003,2656064.000000,1744734600.0
1744734600.0,96.675003,96.849998,95.260002,95.474998,2573270.000000,1744738200.0
1744738200.0,95.459999,95.879997,94.930901,95.059998,2397152.000000,1744741800.0
1744741800.0,95.040001,95.620003,95.010002,95.129997,1945762.000000,1744745400.0
1744745400.0,95.120003,95.389999,94.870003,95.224998,3022781.000000,1744749000.0
1744810200.0,87.650002,90.470001,87.599998,89.489998,18135804.000000,1744813800.0
1744813800.0,89.480003,90.099998,88.815002,89.660004,5841171.000000,1744817400.0
1744817400.0,89.650002,89.889999,88.339996,88.775002,4900877.000000,1744821000.0
1744821000.0,88.760002,89.014999,88.139999,88.790001,3613260.000000,1744824600.0
1744824600.0,88.790001,88.820000,86.915001,87.470001,6394649.000000,1744828200.0
1744828200.0,87.449997,87.529999,85.294998,85.330002,7033529.000000,1744831800.0
1744831800.0,85.324997,88.339996,85.324997,88.269997,9250613.000000,1744835400.0
1744896600.0,88.800003,89.029999,87.010002,87.049797,7895039.000000,1744900200.0
1744900200.0,87.050003,87.922997,86.629997,86.864998,5165414.000000,1744903800.0
1744903800.0,86.870003,87.680000,86.514999,87.504997,4013726.000000,1744907400.0
1744907400.0,87.510002,87.900002,86.805000,86.839996,3020482.000000,1744911000.0
1744911000.0,86.849998,88.218102,86.839996,87.904999,3497500.000000,1744914600.0
1744914600.0,87.910004,88.197998,86.880096,87.102600,4304487.000000,1744918200.0
1744918200.0,87.099998,87.750000,86.824997,87.430000,3861894.000000,1744921800.0
1745242200.0,86.000000,86.139999,84.510002,84.775002,7726873.000000,1745245800.0
1745245800.0,84.764999,85.800003,84.558800,84.639999,3921649.000000,1745249400.0
1745249400.0,84.644997,84.750000,83.985001,84.199997,3922187.000000,1745253000.0
1745253000.0,84.199997,84.779999,83.849998,83.947998,4073602.000000,1745256600.0
1745256600.0,83.949997,84.329903,83.750000,84.320000,2581729.000000,1745260200.0
1745260200.0,84.320000,85.050003,84.160004,84.699997,3576688.000000,1745263800.0
1745263800.0,84.709999,85.790001,84.680000,85.550003,3496517.000000,1745267400.0
1745328600.0,86.157997,86.449997,85.360001,85.709999,7841344.000000,1745332200.0
1745332200.0,85.709999,86.638000,85.615997,85.989998,5072643.000000,1745335800.0
1745335800.0,86.000000,86.970001,85.169998,86.798599,4992761.000000,1745339400.0
1745339400.0,86.800003,87.169998,85.550003,85.669998,3709683.000000,1745343000.0
1745343000.0,85.699997,86.309799,85.459999,86.199997,2712824.000000,1745346600.0
1745346600.0,86.199997,86.440002,85.489998,85.540001,2295534.000000,1745350200.0
1745350200.0,85.550003,86.330002,85.190002,86.205002,4011702.000000,1745353800.0
1745415000.0,91.875000,93.739998,91.389999,92.919998,15182220.000000,1745418600.0
1745418600.0,92.879997,93.339996,90.870102,91.099998,5360237.000000,1745422200.0
1745422200.0,91.084999,91.421303,90.300003,91.210197,4112809.000000,1745425800.0
1745425800.0,91.199997,92.220001,91.139999,91.635002,2646275.000000,1745429400.0
1745429400.0,91.650002,92.260002,91.199997,91.695000,2579057.000000,1745433000.0
1745433000.0,91.699997,91.980003,90.570000,90.684998,2773234.000000,1745436600.0
1745436600.0,90.690002,90.900002,90.129997,90.330002,3850263.000000,1745440200.0
1745501400.0,91.535004,93.129898,90.370003,93.010101,9343072.000000,1745505000.0
1745505000.0,93.010002,93.419998,92.510002,92.970001,3971122.000000,1745508600.0
1745508600.0,92.970001,94.089996,92.750000,93.945000,3262922.000000,1745512200.0
1745512200.0,93.920303,94.720001,93.860001,94.324997,3494773.000000,1745515800.0
1745515800.0,94.320000,94.750000,94.040001,94.080002,2202829.000000,1745519400.0
1745519400.0,94.076401,94.349998,93.400002,93.669998,2987962.000000,1745523000.0
1745523000.0,93.690002,94.550003,93.629997,94.430000,3601464.000000,1745526600.0
1745587800.0,93.260002,94.930000,92.849998,94.160004,7512678.000000,1745591400.0
1745591400.0,94.190002,95.330002,93.955002,94.970001,4131925.000000,1745595000.0
1745595000.0,94.970001,95.769997,94.930000,95.628998,2642012.000000,1745598600.0
1745598600.0,95.625000,97.070000,95.570000,97.051003,3134169.000000,1745602200.0
1745602200.0,97.055000,97.099998,95.503502,96.110001,3201398.000000,1745605800.0
1745605800.0,96.099998,96.540001,96.039398,96.089996,2257465.000000,1745609400.0
1745609400.0,96.080002,96.739998,95.860001,96.650002,3078980.000000,1745613000.0
1745847000.0,95.550003,97.486504,95.470001,96.065002,6396340.000000,1745850600.0
1745850600.0,96.059998,96.330002,94.269997,94.330002,3426246.000000,1745854200.0
1745854200.0,94.320000,95.199997,94.290001,94.419998,2529466.000000,1745857800.0
1745857800.0,94.470001,94.979897,94.287498,94.517097,2055293.000000,1745861400.0
1745861400.0,94.510002,95.540901,94.459999,95.410400,1573240.000000,1745865000.0
1745865000.0,95.410004,96.129997,95.260002,96.059998,1778288.000000,1745868600.0
1745868600.0,96.050003,96.510002,95.989998,96.320000,2518277.000000,1745872200.0
1745933400.0,95.702003,96.900002,95.330002,95.947304,4459874.000000,1745937000.0
1745937000.0,95.940002,96.580002,95.885002,96.230003,2025047.000000,1745940600.0
1745940600.0,96.239998,96.977699,95.910004,96.459999,1965732.000000,1745944200.0
1745944200.0,96.449997,96.614998,95.639999,96.059898,1722332.000000,1745947800.0
1745947800.0,96.059998,97.176697,96.040001,96.970001,2261242.000000,1745951400.0
1745951400.0,96.959999,97.080002,96.290398,96.374496,2266943.000000,1745955000.0
1745955000.0,96.370003,96.510002,95.919998,96.040001,2591555.000000,1745958600.0
1746019800.0,92.750000,94.519997,91.870003,94.404999,7471485.000000,1746023400.0
1746023400.0,94.400002,95.400002,94.180199,95.224998,3417634.000000,1746027000.0
1746027000.0,95.199997,95.821098,95.052002,95.110001,2096942.000000,1746030600.0
1746030600.0,95.120003,95.695000,94.830002,95.688904,1729129.000000,1746034200.0
1746034200.0,95.680000,96.900002,95.560204,96.550003,3954526.000000,1746037800.0
1746037800.0,96.510002,97.050003,96.180000,96.190002,2229726.000000,1746041400.0
1746041400.0,96.199997,97.550003,96.169998,97.320000,3335251.000000,1746045000.0
1746106200.0,99.264999,99.747902,98.150002,99.035004,7024792.000000,1746109800.0
1746109800.0,99.019997,100.099998,98.809998,99.936302,3949312.000000,1746113400.0
1746113400.0,99.940002,100.009903,98.239998,98.650002,2980939.000000,1746117000.0
1746117000.0,98.639999,98.919998,98.285301,98.540001,1597154.000000,1746120600.0
1746120600.0,98.544998,98.764099,97.931198,98.067001,2345778.000000,1746124200.0
1746124200.0,98.050003,98.169998,97.459999,97.870003,2882527.000000,1746127800.0
1746127800.0,97.860001,97.879997,96.449997,96.589996,3864835.000000,1746131400.0
1746192600.0,98.339996,99.586998,98.320000,99.150002,7941243.000000,1746196200.0
1746196200.0,99.150002,99.154999,98.629997,98.650002,2942248.000000,1746199800.0
1746199800.0,98.650002,99.440002,98.599998,99.065002,3616436.000000,1746203400.0
1746203400.0,99.059998,99.879997,99.029999,99.180000,2989727.000000,1746207000.0
1746207000.0,99.180000,99.260002,98.900002,98.989998,2533384.000000,1746210600.0
1746210600.0,98.992599,99.209999,98.375000,98.870003,3079413.000000,1746214200.0
1746214200.0,98.860001,98.925003,98.565002,98.750000,3248156.000000,1746217800.0
1746451800.0,98.995003,101.599998,98.785004,100.834999,12376480.000000,1746455400.0
1746455400.0,100.834999,101.190002,100.280098,100.815002,4254318.000000,1746459000.0
1746459000.0,100.830002,101.000000,100.330002,100.900002,3113117.000000,1746462600.0
1746462600.0,100.779999,101.300003,100.735001,101.220200,2538717.000000,1746466200.0
1746466200.0,101.230003,102.050003,101.199997,101.779999,3950005.000000,1746469800.0
1746469800.0,101.775002,102.050003,101.180000,101.410004,3465640.000000,1746473400.0
1746473400.0,101.400002,101.440002,100.440002,100.614998,3503401.000000,1746477000.0
1746538200.0,98.410004,99.447197,97.440002,98.930000,10215042.000000,1746541800.0
1746541800.0,98.919998,99.279999,98.440002,99.250000,4293087.000000,1746545400.0
1746545400.0,99.239998,100.070000,98.900002,99.379997,3663425.000000,1746549000.0
1746549000.0,99.370003,99.709999,98.459999,98.689400,3648607.000000,1746552600.0
1746552600.0,98.680000,99.250000,98.309998,99.180000,3644009.000000,1746556200.0
1746556200.0,99.169998,99.750000,99.160004,99.730003,4145777.000000,1746559800.0
1746559800.0,99.750000,99.930000,98.510002,98.559998,5493503.000000,1746563400.0
1746624600.0,100.260002,103.419998,97.750000,98.877403,32894450.000000,1746628200.0
1746628200.0,98.860001,99.570000,98.059998,98.980003,11002588.000000,1746631800.0
1746631800.0,99.000000,99.809097,97.449997,98.580002,8898849.000000,1746635400.0
1746635400.0,98.560402,99.779999,98.220001,98.809998,5362253.000000,1746639000.0
1746639000.0,98.820000,99.025002,96.879997,97.684998,7304248.000000,1746642600.0
1746642600.0,97.669998,98.599800,97.309998,97.620003,5208046.000000,1746646200.0
1746646200.0,97.610001,100.830002,97.577904,100.360001,11705451.000000,1746649800.0
1746711000.0,101.919998,105.440002,101.660004,103.635002,20131782.000000,1746714600.0
1746714600.0,103.650002,103.900002,102.199997,102.809998,7571573.000000,1746718200.0
1746718200.0,102.809998,104.400002,102.519997,103.779999,6439192.000000,1746721800.0
1746721800.0,103.794998,104.039902,103.300003,103.555000,3874269.000000,1746725400.0
1746725400.0,103.530098,103.680000,102.660004,102.709999,3649049.000000,1746729000.0
1746729000.0,102.720001,103.495003,102.650002,103.430000,3571853.000000,1746732600.0
1746732600.0,103.440002,103.459999,101.565002,101.690002,4627038.000000,1746736200.0
1746797400.0,102.584999,103.540001,101.599998,101.870003,11157945.000000,1746801000.0
1746801000.0,101.879898,102.860001,101.620796,102.464996,4751121.000000,1746804600.0
1746804600.0,102.451500,102.540001,101.730003,102.169998,3381357.000000,1746808200.0
1746808200.0,102.150002,102.830002,102.110001,102.650002,2606108.000000,1746811800.0
1746811800.0,102.656998,103.050003,102.559998,102.760002,2381334.000000,1746815400.0
1746815400.0,102.765999,103.169998,102.739998,102.900002,2186325.000000,1746819000.0
1746819000.0,102.910004,102.989998,102.599998,102.830002,2882218.000000,1746822600.0
1747056600.0,109.610001,110.667000,107.349998,107.489998,16293881.000000,1747060200.0
1747060200.0,107.489998,108.160004,106.980003,108.144600,6947688.000000,1747063800.0
1747063800.0,108.150002,109.125000,107.750000,108.850098,5265782.000000,1747067400.0
1747067400.0,108.885002,109.748901,108.830002,109.320000,4632683.000000,1747071000.0
1747071000.0,109.309998,109.370003,108.190002,108.440002,3784205.000000,1747074600.0
1747074600.0,108.449997,108.580002,107.599998,107.750000,3831784.000000,1747078200.0
1747078200.0,107.745003,108.190002,107.433502,108.110001,4841295.000000,1747081800.0
1747143000.0,109.599998,110.779999,109.000000,110.330002,13227474.000000,1747146600.0
1747146600.0,110.339996,112.162003,110.130096,111.900002,10079075.000000,1747150200.0
1747150200.0,111.900002,112.940002,111.669998,112.371399,8821398.000000,1747153800.0
1747153800.0,112.366302,113.127701,112.099998,112.449997,5497437.000000,1747157400.0
1747157400.0,112.459999,112.964996,111.879997,112.879997,5031337.000000,1747161000.0
1747161000.0,112.879997,112.940002,112.269997,112.500000,4031467.000000,1747164600.0
1747164600.0,112.495003,112.730003,112.281097,112.430000,3853094.000000,1747168200.0
1747229400.0,119.831001,122.519997,117.870003,119.360001,37931747.000000,1747233000.0
1747233000.0,119.339996,119.419998,117.360001,118.000397,11731105.000000,1747236600.0
1747236600.0,117.980003,118.900002,117.370003,118.760002,8681567.000000,1747240200.0
1747240200.0,118.769997,119.188004,116.910004,117.224800,7321517.000000,1747243800.0
1747243800.0,117.229401,117.610001,116.589996,116.790001,5387127.000000,1747247400.0
1747247400.0,116.777199,117.650002,116.772797,117.260002,5342835.000000,1747251000.0
1747251000.0,117.269997,117.889999,116.989998,117.730003,5042111.000000,1747254600.0
1747315800.0,117.019997,117.500000,115.371201,115.531998,11919921.000000,1747319400.0
1747319400.0,115.540001,116.000000,114.410004,115.889999,7782583.000000,1747323000.0
1747323000.0,115.889999,115.980003,115.250000,115.860001,4135897.000000,1747326600.0
1747326600.0,115.830002,116.430000,115.820000,116.239998,3357583.000000,1747330200.0
1747330200.0,116.230003,116.239998,114.629997,115.114998,4448367.000000,1747333800.0
1747333800.0,115.110001,115.389999,114.010002,114.059998,3744937.000000,1747337400.0
1747337400.0,114.089996,115.084999,114.089996,114.980003,4349446.000000,1747341000.0
1747402200.0,117.932503,118.239998,116.400002,117.279999,13875921.000000,1747405800.0
1747405800.0,117.290001,117.760002,116.010002,117.690002,6884732.000000,1747409400.0
1747409400.0,117.660004,117.760002,117.214996,117.247101,3698353.000000,1747413000.0
1747413000.0,117.238998,117.300003,116.709999,117.084999,4132107.000000,1747416600.0
1747416600.0,117.099998,117.329903,116.489998,116.900002,2887804.000000,1747420200.0
1747420200.0,116.900002,117.169998,116.800003,117.070000,3726745.000000,1747423800.0
1747423800.0,117.059998,117.239998,116.809998,117.180000,3402314.000000,1747427400.0
1747661400.0,115.055000,115.529999,114.169998,114.989998,10123402.000000,1747665000.0
1747665000.0,115.000000,115.214996,114.139999,114.260002,4168889.000000,1747668600.0
1747668600.0,114.269997,114.610001,114.167999,114.500000,2973311.000000,1747672200.0
1747672200.0,114.510002,115.360001,114.269997,114.790001,3332231.000000,1747675800.0
1747675800.0,114.788597,114.870003,114.095001,114.224998,2788247.000000,1747679400.0
1747679400.0,114.239998,114.559998,114.059998,114.180000,4112829.000000,1747683000.0
1747683000.0,114.190002,114.809998,114.139999,114.750000,4086984.000000,1747686600.0
1747747800.0,114.349998,114.510002,112.540001,113.169998,8430825.000000,1747751400.0
1747751400.0,113.150002,113.830002,113.099998,113.699997,4103358.000000,1747755000.0
1747755000.0,113.709999,113.879997,113.330002,113.495003,2363112.000000,1747758600.0
1747758600.0,113.495003,113.817497,113.485001,113.639999,2148960.000000,1747762200.0
1747762200.0,113.650002,113.656197,112.385002,112.487801,2553278.000000,1747765800.0
1747765800.0,112.480003,113.000000,112.080002,112.898499,3611090.000000,1747769400.0
1747769400.0,112.900002,113.589996,112.897499,113.550003,2710590.000000,1747773000.0
1747834200.0,113.849998,115.370003,113.690002,114.199997,10446670.000000,1747837800.0
1747837800.0,114.190002,115.949997,114.029999,115.750000,5627467.000000,1747841400.0
1747841400.0,115.750000,116.099998,115.199997,115.525002,3677101.000000,1747845000.0
1747845000.0,115.535004,115.949997,112.540001,112.599998,4999696.000000,1747848600.0
1747848600.0,112.610001,113.389999,112.199997,112.672897,5255193.000000,1747852200.0
1747852200.0,112.669998,113.190002,111.089996,111.260002,5372928.000000,1747855800.0
1747855800.0,111.250000,112.800003,111.250000,112.050003,4529120.000000,1747859400.0
1747920600.0,111.849998,112.639999,110.940002,111.699799,7485013.000000,1747924200.0
1747924200.0,111.680199,112.519997,111.355003,111.450104,4581196.000000,1747927800.0
1747927800.0,111.449997,112.378098,111.389999,111.989998,3323631.000000,1747931400.0
1747931400.0,111.989998,112.050003,111.476997,111.660004,2884077.000000,1747935000.0
1747935000.0,111.680000,112.144997,111.559998,111.690002,2633031.000000,1747938600.0
1747938600.0,111.680000,111.958199,111.470001,111.920097,2943712.000000,1747942200.0
1747942200.0,111.930000,111.949699,110.610001,110.699997,3643640.000000,1747945800.0
1748007000.0,108.120003,109.599998,107.667099,108.859901,9846743.000000,1748010600.0
1748010600.0,108.860001,109.610001,108.839996,109.410004,3376840.000000,1748014200.0
1748014200.0,109.389999,109.870003,109.139999,109.519897,2724238.000000,1748017800.0
1748017800.0,109.510002,110.620003,109.290001,110.580002,2454973.000000,1748021400.0
1748021400.0,110.580002,111.014999,110.240097,110.775002,3836018.000000,1748025000.0
1748025000.0,110.769997,110.912498,110.385002,110.580002,2305542.000000,1748028600.0
1748028600.0,110.570000,110.919998,110.250000,110.339996,3044269.000000,1748032200.0
1748352600.0,113.175003,114.800003,112.269997,114.622498,10289207.000000,1748356200.0
1748356200.0,114.625000,115.394997,114.599998,115.330002,7720696.000000,1748359800.0
1748359800.0,115.330002,115.339996,114.690002,115.040001,2968177.000000,1748363400.0
1748363400.0,115.029999,115.311302,114.790001,115.089996,2794021.000000,1748367000.0
1748367000.0,115.095001,115.370003,114.872002,114.915001,2399397.000000,1748370600.0
1748370600.0,114.919998,114.985001,114.279999,114.389999,3182867.000000,1748374200.0
1748374200.0,114.385002,114.614998,113.949997,114.550003,4337968.000000,1748377800.0
1748439000.0,114.849998,114.947998,113.760002,113.949997,6640900.000000,1748442600.0
1748442600.0,113.959999,114.230003,113.779999,113.974998,2967345.000000,1748446200.0
1748446200.0,113.964996,114.089996,113.580002,113.830002,1999244.000000,1748449800.0
1748449800.0,113.809998,114.099998,113.589996,113.970001,1978850.000000,1748453400.0
1748453400.0,113.959999,113.980003,113.610001,113.629997,1911505.000000,1748457000.0
1748457000.0,113.620003,114.029800,113.175003,113.675003,3378811.000000,1748460600.0
1748460600.0,113.669998,113.720001,112.660004,112.870003,3653744.000000,1748464200.0
1748525400.0,115.389999,115.540001,113.389999,114.080002,9882293.000000,1748529000.0
1748529000.0,114.050003,114.800003,113.820000,114.156097,3666388.000000,1748532600.0
1748532600.0,114.144997,114.180000,112.669998,113.105003,4024065.000000,1748536200.0
1748536200.0,113.080002,113.379997,112.660004,112.800003,2657278.000000,1748539800.0
1748539800.0,112.809998,113.129997,112.132401,112.283501,2865418.000000,1748543400.0
1748543400.0,112.300003,112.878403,112.300003,112.555000,3087946.000000,1748547000.0
1748547000.0,112.559998,113.150002,112.556297,113.029999,2759612.000000,1748550600.0
1748611800.0,111.584000,112.099998,110.019997,111.400002,7506065.000000,1748615400.0
1748615400.0,111.389999,111.709999,110.815002,111.324997,3301701.000000,1748619000.0
1748619000.0,111.320000,111.488998,109.430000,109.550003,2982819.000000,1748622600.0
1748622600.0,109.540001,109.720001,108.615402,109.639999,4799251.000000,1748626200.0
1748626200.0,109.610001,110.260002,109.480003,110.113998,2483365.000000,1748629800.0
1748629800.0,110.114998,111.184998,109.986000,111.120003,2890844.000000,1748633400.0
1748633400.0,111.129997,111.330002,110.529999,110.690002,4345711.000000,1748637000.0
1748871000.0,111.059998,113.629997,111.010002,113.334999,10502502.000000,1748874600.0
1748874600.0,113.330002,113.820000,112.394997,112.680000,4919107.000000,1748878200.0
1748878200.0,112.690002,113.680000,112.580002,113.399002,3064404.000000,1748881800.0
1748881800.0,113.389999,113.829803,113.140999,113.699997,2099761.000000,1748885400.0
1748885400.0,113.690002,114.529999,113.614998,114.491402,2845564.000000,1748889000.0
1748889000.0,114.500000,114.860001,114.330002,114.529999,3259454.000000,1748892600.0
1748892600.0,114.510002,114.709999,114.150002,114.650002,3404283.000000,1748896200.0
1748957400.0,114.500000,116.180000,113.279999,116.086800,9375558.000000,1748961000.0
1748961000.0,116.059998,116.665001,115.510002,116.599998,4152984.000000,1748964600.0
1748964600.0,116.589996,117.360001,116.434998,117.184196,4483003.000000,1748968200.0
1748968200.0,117.190002,117.680000,116.945000,116.955002,2762647.000000,1748971800.0
1748971800.0,116.949997,117.269997,116.180000,116.595001,3055478.000000,1748975400.0
1748975400.0,116.589996,116.790001,116.344803,116.430000,2528932.000000,1748979000.0
1748979000.0,116.430000,117.570000,116.315002,117.279999,4760346.000000,1748982600.0
1749043800.0,117.687103,117.900002,115.730003,116.915001,7419641.000000,1749047400.0
1749047400.0,116.900002,117.889999,116.633202,117.595001,3604156.000000,1749051000.0
1749051000.0,117.589996,118.199997,117.430000,118.114998,3752310.000000,1749054600.0
1749054600.0,118.110001,119.288597,118.055000,119.035004,4980638.000000,1749058200.0
1749058200.0,119.029999,119.239998,118.661003,119.067299,2905703.000000,1749061800.0
1749061800.0,119.059998,119.159798,118.589996,118.710098,2400454.000000,1749065400.0
1749065400.0,118.709999,119.129997,118.394997,118.540001,3590106.000000,1749069000.0
1749130200.0,118.949997,119.244797,116.434998,117.387398,8684504.000000,1749133800.0
1749133800.0,117.370003,118.160004,116.510002,118.139999,4266111.000000,1749137400.0
1749137400.0,118.139999,118.599998,117.250000,117.900002,3020069.000000,1749141000.0
1749141000.0,117.870003,117.949997,116.240196,117.160004,3100274.000000,1749144600.0
1749144600.0,117.150002,117.269997,115.919998,116.699997,2470572.000000,1749148200.0
1749148200.0,116.699997,116.820000,114.709999,115.379997,4203235.000000,1749151800.0
1749151800.0,115.389999,116.339996,115.349197,115.669998,5050494.000000,1749155400.0
1749216600.0,117.684998,118.379997,116.989998,117.209999,7323247.000000,1749220200.0
1749220200.0,117.264999,117.519997,115.879997,116.099998,3676496.000000,1749223800.0
1749223800.0,116.089996,116.705002,115.980003,116.533798,2666313.000000,1749227400.0
1749227400.0,116.589996,116.669998,115.940002,116.205002,2102170.000000,1749231000.0
1749231000.0,116.214996,117.330002,116.199997,116.849998,2886375.000000,1749234600.0
1749234600.0,116.861603,117.080002,116.379997,116.449997,2615173.000000,1749238200.0
1749238200.0,116.430000,116.500000,116.135002,116.160004,3251023.000000,1749241800.0
1749475800.0,119.067802,121.779999,119.050003,121.709999,17803387.000000,1749479400.0
1749479400.0,121.709999,122.366402,119.860001,120.095001,9317680.000000,1749483000.0
1749483000.0,120.099998,120.330002,119.339996,119.599998,4260107.000000,1749486600.0
1749486600.0,119.599998,120.690002,119.400002,120.220001,3257220.000000,1749490200.0
1749490200.0,120.214996,121.586800,120.205002,121.385002,4118535.000000,1749493800.0
1749493800.0,121.379997,121.970001,121.209999,121.940002,5095385.000000,1749497400.0
1749497400.0,121.934998,122.205002,121.305000,121.690002,7286950.000000,1749501000.0
1749562200.0,121.105003,123.430000,120.805000,123.322304,12205783.000000,1749565800.0
1749565800.0,123.329201,123.410202,121.760002,121.889999,4715144.000000,1749569400.0
1749569400.0,121.879997,123.629898,121.148697,123.589401,5604414.000000,1749573000.0
1749573000.0,123.580002,123.910004,123.220001,123.330002,3992475.000000,1749576600.0
1749576600.0,123.330002,123.400002,122.290001,122.824997,3770511.000000,1749580200.0
1749580200.0,122.828697,124.089996,122.809998,123.330002,4425879.000000,1749583800.0
1749583800.0,123.320000,123.330002,122.695000,123.250000,3688993.000000,1749587400.0
1749648600.0,124.464996,124.464996,122.160004,122.750000,8893678.000000,1749652200.0
1749652200.0,122.753098,123.169296,122.430000,122.570000,3868399.000000,1749655800.0
1749655800.0,122.538399,122.566200,120.614998,121.370003,4268635.000000,1749659400.0
1749659400.0,121.360001,121.904999,121.000000,121.860001,2335502.000000,1749663000.0
1749663000.0,121.879997,121.889999,119.882004,120.290001,3900714.000000,1749666600.0
1749666600.0,120.285004,120.919998,120.070000,120.559998,2995807.000000,1749670200.0
1749670200.0,120.559998,121.250000,120.480003,121.195000,3029039.000000,1749673800.0
1749735000.0,120.614998,121.510002,120.250504,121.290001,6026071.000000,1749738600.0
1749738600.0,121.309998,121.709999,120.650002,120.889999,3224041.000000,1749742200.0
1749742200.0,120.889999,121.615997,120.720001,121.480103,2582252.000000,1749745800.0
1749745800.0,121.485802,122.250000,119.709999,120.199997,8123004.000000,1749749400.0
1749749400.0,120.190002,120.540001,118.029999,118.339996,7253856.000000,1749753000.0
1749753000.0,118.349998,120.000000,118.160004,118.820000,10223222.000000,1749756600.0
1749756600.0,118.824997,118.938599,118.199997,118.489998,4726940.000000,1749760200.0
1749821400.0,116.000000,116.699997,115.370003,115.404099,10697831.000000,1749825000.0
1749825000.0,115.409103,117.489998,115.139999,117.470001,5934541.000000,1749828600.0
1749828600.0,117.459999,117.883003,117.271004,117.379997,2885811.000000,1749832200.0
1749832200.0,117.379997,117.559097,116.410004,116.418503,3043584.000000,1749835800.0
1749835800.0,116.400002,116.800003,115.470001,115.504997,3158765.000000,1749839400.0
1749839400.0,115.510002,116.349998,115.059998,115.800003,5240207.000000,1749843000.0
1749843000.0,115.790001,116.379997,115.760002,116.180000,4990549.000000,1749846600.0
1750080600.0,118.635002,125.809998,117.779999,125.693497,24799945.000000,1750084200.0
1750084200.0,125.699997,127.949997,125.220001,126.330200,25152919.000000,1750087800.0
1750087800.0,126.320000,127.730003,126.110001,127.195999,12509819.000000,1750091400.0
1750091400.0,127.230003,127.989998,126.635002,127.989899,9798625.000000,1750095000.0
1750095000.0,127.989998,128.139297,126.760002,126.926399,8579471.000000,1750098600.0
1750098600.0,126.910004,127.239998,126.309998,126.650002,8264993.000000,1750102200.0
1750102200.0,126.650002,126.849998,126.169998,126.400002,6699933.000000,1750105800.0
1750167000.0,127.260002,130.699997,126.699997,130.044998,35610456.000000,1750170600.0
1750170600.0,130.044998,130.600006,127.940002,128.070007,13642348.000000,1750174200.0
1750174200.0,128.059998,128.360001,127.059998,127.639999,7737086.000000,1750177800.0
1750177800.0,127.642799,128.880005,126.639999,128.059998,9150033.000000,1750181400.0
1750181400.0,128.039993,128.514999,126.580002,126.955002,6871514.000000,1750185000.0
1750185000.0,126.949997,127.439903,126.610001,127.184998,4986764.000000,1750188600.0
1750188600.0,127.190002,127.565002,127.030098,127.080002,5011182.000000,1750192200.0
1750253400.0,128.080002,129.210007,126.750000,128.690002,15213290.000000,1750257000.0
1750257000.0,128.719894,129.160004,126.872597,127.150002,8294112.000000,1750260600.0
1750260600.0,127.220001,128.059998,126.974998,127.710403,5292599.000000,1750264200.0
1750264200.0,127.707397,127.800003,126.430099,126.530197,4159953.000000,1750267800.0
1750267800.0,126.540001,127.349998,125.940002,126.849998,4875339.000000,1750271400.0
1750271400.0,126.789001,127.330002,125.769997,126.250099,5774789.000000,1750275000.0
1750275000.0,126.254997,126.889999,126.169998,126.790001,3877961.000000,1750278600.0
1750426200.0,128.940002,132.804993,128.660004,130.115005,29823705.000000,1750429800.0
1750429800.0,130.119995,130.684998,127.550003,128.660004,12812264.000000,1750433400.0
1750433400.0,128.725006,129.940002,128.660004,129.029694,7851848.000000,1750437000.0
1750437000.0,129.029999,129.660004,128.330002,128.330002,5582396.000000,1750440600.0
1750440600.0,128.339996,128.990799,127.934998,128.779999,4569191.000000,1750444200.0
1750444200.0,128.800003,128.837601,127.970001,128.320007,3576437.000000,1750447800.0
1750447800.0,128.320007,128.759995,128.130005,128.250000,4769438.000000,1750451400.0
1750685400.0,130.455002,133.250000,129.820007,132.539505,22761762.000000,1750689000.0
1750689000.0,132.535004,132.599899,129.600006,130.011703,9835887.000000,1750692600.0
1750692600.0,129.779907,129.914001,127.930000,128.020004,7092027.000000,1750696200.0
1750696200.0,128.009995,129.522598,126.820000,129.404999,8114650.000000,1750699800.0
1750699800.0,129.410095,129.990005,129.259995,129.330002,5272750.000000,1750703400.0
1750703400.0,129.355392,129.750000,129.190002,129.425003,3778573.000000,1750707000.0
1750707000.0,129.419998,129.869995,129.110001,129.589996,4221393.000000,1750710600.0
1750771800.0,133.179993,138.158005,132.929993,136.089600,32503505.000000,1750775400.0
1750775400.0,136.059998,137.278900,135.669998,137.149994,10284445.000000,1750779000.0
1750779000.0,137.289993,137.490005,136.360001,137.327499,5374995.000000,1750782600.0
1750782600.0,137.384995,137.740005,136.740906,136.929993,5939941.000000,1750786200.0
1750786200.0,136.940002,138.149994,136.895004,137.917007,5462474.000000,1750789800.0
1750789800.0,137.919998,138.410004,137.529999,137.899994,5957460.000000,1750793400.0
1750793400.0,137.904999,138.789993,137.789993,138.490005,7235356.000000,1750797000.0
1750858200.0,140.960007,141.878998,139.460007,141.520004,24664605.000000,1750861800.0
1750861800.0,141.514801,144.179993,141.479996,142.570007,16924660.000000,1750865400.0
1750865400.0,142.589996,143.419998,142.352005,142.670303,7613531.000000,1750869000.0
1750869000.0,142.690002,143.500305,142.250000,143.339996,5181600.000000,1750872600.0
1750872600.0,143.330002,143.339600,142.009995,143.149994,4883429.000000,1750876200.0
1750876200.0,143.149994,143.479904,142.580002,142.891205,4147764.000000,1750879800.0
1750879800.0,142.889999,143.820007,142.729996,143.410004,6556951.000000,1750883400.0
1750944600.0,144.682404,144.789993,141.910004,142.750000,24643597.000000,1750948200.0
1750948200.0,142.759995,143.949997,142.500000,142.550003,7575976.000000,1750951800.0
1750951800.0,142.550003,144.089996,142.389999,143.929993,4857737.000000,1750955400.0
1750955400.0,143.934998,144.115005,143.449997,143.889999,2892928.000000,1750959000.0
1750959000.0,143.889999,144.324997,143.274994,143.639999,4215517.000000,1750962600.0
1750962600.0,143.643799,143.710007,142.880005,142.889999,5759300.000000,1750966200.0
1750966200.0,142.899994,144.044998,142.830002,143.729996,4938070.000000,1750969800.0
1751031000.0,144.160004,147.750397,144.086105,145.899994,21846228.000000,1751034600.0
1751034600.0,145.880005,145.969894,143.910004,144.195007,7969071.000000,1751038200.0
1751038200.0,144.209900,144.649994,143.179993,143.720001,5754121.000000,1751041800.0
1751041800.0,143.695007,143.949997,142.970001,143.940002,4539655.000000,1751045400.0
1751045400.0,143.840103,144.373093,142.428406,142.440002,5221766.000000,1751049000.0
1751049000.0,142.440094,143.139999,141.639008,142.854401,5800374.000000,1751052600.0
1751052600.0,142.860001,144.130005,142.800003,143.860001,4264081.000000,1751056200.0
1751290200.0,144.000000,144.100006,141.009995,143.009705,15061879.000000,1751293800.0
1751293800.0,142.994995,143.307999,142.100006,142.449707,4794587.000000,1751297400.0
1751297400.0,142.449905,143.854996,142.339996,142.923004,4512744.000000,1751301000.0
1751301000.0,142.899994,143.128601,142.270004,142.445007,2913702.000000,1751304600.0
1751304600.0,142.445007,142.580002,141.710007,141.900208,2938930.000000,1751308200.0
1751308200.0,141.910004,142.039993,141.220001,141.669998,4474813.000000,1751311800.0
1751311800.0,141.660004,142.240005,141.479996,141.889999,3736987.000000,1751315400.0
1751376600.0,138.750000,140.229996,137.091003,137.494995,17888068.000000,1751380200.0
1751380200.0,137.481003,137.524994,135.120193,136.389999,11774917.000000,1751383800.0
1751383800.0,136.380005,137.210007,135.917007,137.020004,5323760.000000,1751387400.0
1751387400.0,137.029999,137.820007,136.759995,137.072403,4909018.000000,1751391000.0
1751391000.0,137.080002,137.659103,136.890106,137.190002,2422543.000000,1751394600.0
1751394600.0,137.190002,137.399994,136.110001,137.020004,4069604.000000,1751398200.0
1751398200.0,137.020004,137.076202,136.039993,136.080002,4920784.000000,1751401800.0
1751463000.0,135.509995,136.949997,135.220001,136.850006,10277769.000000,1751466600.0
1751466600.0,136.850006,139.179993,136.850006,138.470001,7616416.000000,1751470200.0
1751470200.0,138.479996,139.779999,138.119995,139.249405,4361126.000000,1751473800.0
1751473800.0,139.250397,139.477203,138.720001,138.850006,3240544.000000,1751477400.0
1751477400.0,138.839996,139.014496,138.279999,138.464996,3106082.000000,1751481000.0
1751481000.0,138.470001,139.129898,138.410004,138.804993,2776804.000000,1751484600.0
1751484600.0,138.660004,138.774994,137.882294,138.509995,4078496.000000,1751488200.0
1751549400.0,139.110001,139.500000,137.320007,138.630005,13592405.000000,1751553000.0
1751553000.0,138.639999,138.880005,137.850006,138.229996,5149614.000000,1751556600.0
1751556600.0,138.240005,138.589996,137.710007,137.884003,3724858.000000,1751560200.0
1751895000.0,136.550003,137.440002,134.509995,134.630005,10219046.000000,1751898600.0
1751898600.0,134.630005,135.039993,133.500000,134.054993,7372125.000000,1751902200.0
1751902200.0,134.110001,135.869995,133.880005,135.372803,5384608.000000,1751905800.0
1751905800.0,135.335007,135.740005,134.800003,135.000000,2209975.000000,1751909400.0
1751909400.0,135.009995,135.490005,134.092499,134.115005,2431054.000000,1751913000.0
1751913000.0,134.119995,135.089996,134.024994,134.800003,2874482.000000,1751916600.0
1751916600.0,134.800003,135.160004,134.669998,134.830002,2647018.000000,1751920200.0
1751981400.0,137.335007,137.746399,135.910004,137.628006,9013105.000000,1751985000.0
1751985000.0,137.649994,139.149994,137.410004,137.501999,8753233.000000,1751988600.0
1751988600.0,137.500000,138.399994,137.273102,138.279999,4094919.000000,1751992200.0
1751992200.0,138.289993,138.389999,137.550003,137.943695,2612601.000000,1751995800.0
1751995800.0,137.929993,138.770004,137.744995,138.419998,2369445.000000,1751999400.0
1751999400.0,138.429993,138.520401,137.380005,137.800003,2914130.000000,1752003000.0
1752003000.0,137.789993,138.119995,137.479599,137.830002,2910202.000000,1752006600.0
1752067800.0,138.675003,140.649994,138.559998,139.669998,12068674.000000,1752071400.0
1752071400.0,139.660004,139.660004,137.589996,138.240005,6802242.000000,1752075000.0
1752075000.0,138.220001,138.380005,137.610001,138.190002,3317124.000000,1752078600.0
1752078600.0,138.190002,139.029999,138.050293,138.529999,3559620.000000,1752082200.0
1752082200.0,138.529999,139.570007,138.440002,138.809906,3737111.000000,1752085800.0
1752085800.0,138.804993,139.320007,138.735001,138.860397,2322337.000000,1752089400.0
1752089400.0,138.860001,139.059998,138.240005,138.449997,2890938.000000,1752093000.0
1752154200.0,142.964996,145.210098,141.850006,144.389801,24287616.000000,1752157800.0
1752157800.0,144.380005,145.820007,143.229996,144.149994,13505903.000000,1752161400.0
1752161400.0,144.160004,144.369904,143.110001,143.899994,4863488.000000,1752165000.0
1752165000.0,143.900406,144.604996,143.679993,144.070007,3679743.000000,1752168600.0
1752168600.0,144.079895,144.580399,143.789993,143.889999,3203555.000000,1752172200.0
1752172200.0,143.899994,144.130005,143.259995,143.339996,4218974.000000,1752175800.0
1752175800.0,143.339996,144.240005,143.210007,144.160004,4226496.000000,1752179400.0
1752240600.0,142.600006,144.190002,141.600006,144.047302,10507849.000000,1752244200.0
1752244200.0,144.059998,145.270004,143.910004,145.189606,8404845.000000,1752247800.0
1752247800.0,145.190002,145.794998,144.869995,145.600006,7357929.000000,1752251400.0
1752251400.0,145.600006,147.399994,145.309998,147.130402,7469907.000000,1752255000.0
1752255000.0,147.139999,147.229996,146.440002,146.679993,5808265.000000,1752258600.0
1752258600.0,146.669998,147.070007,145.910004,146.330002,4103884.000000,1752262200.0
1752262200.0,146.320007,147.009995,146.270004,146.439896,4011770.000000,1752265800.0
1752499800.0,145.100006,145.600006,141.910004,144.059998,14064276.000000,1752503400.0
1752503400.0,144.050003,145.779999,144.000000,145.574707,6188218.000000,1752507000.0
1752507000.0,145.570007,146.809998,145.350006,146.579895,5046772.000000,1752510600.0
1752510600.0,146.580002,147.259995,146.070007,146.770004,4183567.000000,1752514200.0
1752514200.0,146.770004,147.580002,146.330002,146.660004,4485278.000000,1752517800.0
1752517800.0,146.649994,146.750000,146.169998,146.429993,2903544.000000,1752521400.0
1752521400.0,146.410004,146.544998,145.970001,146.229996,2849084.000000,1752525000.0
1752586200.0,153.804993,158.679993,153.559998,156.710007,45225827.000000,1752589800.0
1752589800.0,156.679993,157.324997,154.764999,155.526306,11813345.000000,1752593400.0
1752593400.0,155.524994,156.830002,155.169998,156.199295,8168353.000000,1752597000.0
1752597000.0,156.190002,156.210007,154.660004,155.529999,5378929.000000,1752600600.0
1752600600.0,155.539993,156.500000,155.270004,155.544403,4764104.000000,1752604200.0
1752604200.0,155.559998,155.789993,154.119995,154.509995,5907021.000000,1752607800.0
1752607800.0,154.529999,156.130005,154.500000,155.570007,6548909.000000,1752611400.0
1752672600.0,155.300003,156.320007,154.210007,155.009995,14593245.000000,1752676200.0
1752676200.0,155.000000,155.449997,153.800003,154.669495,6552051.000000,1752679800.0
1752679800.0,154.619995,155.257004,152.850006,154.250000,5480905.000000,1752683400.0
1752683400.0,154.261398,155.889999,154.180298,155.700394,3942680.000000,1752687000.0
1752687000.0,155.679993,157.410004,155.610001,157.039993,6034268.000000,1752690600.0
1752690600.0,157.050003,158.959900,156.899994,158.850006,9108454.000000,1752694200.0
1752694200.0,158.809998,160.360001,158.704895,160.119995,9891350.000000,1752697800.0
1752759000.0,161.809998,161.960007,159.149994,160.259995,16526836.000000,1752762600.0
1752762600.0,160.259995,160.600006,158.910004,159.163895,6860634.000000,1752766200.0
1752766200.0,159.160004,160.410004,158.779999,159.755005,7309943.000000,1752769800.0
1752769800.0,159.789993,160.100006,159.000000,159.220001,3312959.000000,1752773400.0
1752773400.0,159.220001,159.550003,158.970001,159.139999,3181078.000000,1752777000.0
1752777000.0,159.149796,159.850006,158.679993,159.710007,4727154.000000,1752780600.0
1752780600.0,159.699997,160.630005,159.619995,160.410004,5138384.000000,1752784200.0
1752845400.0,159.610001,160.830002,156.929993,157.149506,16009550.000000,1752849000.0
1752849000.0,157.143295,158.350006,156.399994,157.539902,8545272.000000,1752852600.0
1752852600.0,157.539993,159.059998,157.470001,158.363693,5992807.000000,1752856200.0
1752856200.0,158.380005,158.419998,157.115997,157.520004,4078804.000000,1752859800.0
1752859800.0,157.539993,157.949997,157.125504,157.559998,3431502.000000,1752863400.0
1752863400.0,157.570007,157.789993,157.235001,157.550003,3048561.000000,1752867000.0
1752867000.0,157.550003,157.669998,156.919998,157.009995,3841154.000000,1752870600.0
1753104600.0,157.550003,159.600006,157.500000,159.147705,10119726.000000,1753108200.0
1753108200.0,159.149994,160.179596,158.770004,158.852997,6433043.000000,1753111800.0
1753111800.0,158.839996,158.929703,157.199997,157.705002,5529726.000000,1753115400.0
1753115400.0,157.690002,158.740005,157.570007,158.589996,3766389.000000,1753119000.0
1753119000.0,158.596405,159.470001,158.550003,159.050003,4074010.000000,1753122600.0
1753122600.0,159.065002,159.119995,157.654999,157.737503,3639586.000000,1753126200.0
1753126200.0,157.729996,157.970001,156.919998,157.020004,3621862.000000,1753129800.0
1753191000.0,156.199997,156.226593,149.339996,151.225601,20120531.000000,1753194600.0
1753194600.0,151.229996,153.320007,151.139999,153.021393,6741582.000000,1753198200.0
1753198200.0,153.039993,154.080002,152.925003,153.032501,4867856.000000,1753201800.0
1753201800.0,153.020004,154.639999,152.970200,154.410004,3280279.000000,1753205400.0
1753205400.0,154.419907,155.020004,154.169998,154.779602,3084889.000000,1753209000.0
1753209000.0,154.770004,155.179993,154.690094,155.119995,3213200.000000,1753212600.0
1753212600.0,155.119995,155.524994,154.710007,154.740005,4142215.000000,1753216200.0
1753277400.0,156.315002,158.350006,156.000000,157.244995,12839122.000000,1753281000.0
1753281000.0,157.244995,157.910706,156.330902,157.850006,4811355.000000,1753284600.0
1753284600.0,157.850006,158.990005,157.593399,157.779999,5652685.000000,1753288200.0
1753288200.0,157.785004,158.780396,157.605301,157.940002,3313626.000000,1753291800.0
1753291800.0,157.940002,158.679993,157.759995,158.074997,2925806.000000,1753295400.0
1753295400.0,158.074997,159.448502,157.837006,158.020004,5021446.000000,1753299000.0
1753299000.0,158.029999,158.699997,157.774994,158.614594,3258377.000000,1753302600.0
1753363800.0,159.139999,162.349899,158.360001,159.710007,15251000.000000,1753367400.0
1753367400.0,159.710007,163.000000,159.680496,162.210098,8327887.000000,1753371000.0
1753371000.0,162.229996,163.929993,162.070007,162.690002,7685465.000000,1753374600.0
1753374600.0,162.679993,163.124695,161.520004,162.199600,4167687.000000,1753378200.0
1753378200.0,162.179993,162.830902,161.910004,162.380005,3184693.000000,1753381800.0
1753381800.0,162.384995,162.529999,161.774994,162.339996,3345185.000000,1753385400.0
1753385400.0,162.358093,162.419998,161.960999,162.110001,2846963.000000,1753389000.0
1753450200.0,163.505005,167.169998,162.360001,166.535004,19928835.000000,1753453800.0
1753453800.0,166.539993,166.850006,164.800003,165.429993,9783745.000000,1753457400.0
1753457400.0,165.500000,166.250000,164.880005,166.190002,4246205.000000,1753461000.0
1753461000.0,166.190002,166.470001,165.610001,166.086807,3415038.000000,1753464600.0
1753464600.0,166.080002,166.940002,165.929993,166.742996,4068793.000000,1753468200.0
1753468200.0,166.770004,167.175003,165.979996,166.100006,5187992.000000,1753471800.0
1753471800.0,166.071106,166.600006,165.929993,166.470001,3893752.000000,1753475400.0
1753709400.0,169.080002,174.470001,168.679993,173.380005,28153573.000000,1753713000.0
1753713000.0,173.360001,174.699997,172.210007,172.610001,11861350.000000,1753716600.0
1753716600.0,172.600006,173.389999,172.039993,172.660004,6715888.000000,1753720200.0
1753720200.0,172.654999,172.835007,172.199997,172.630005,2960408.000000,1753723800.0
1753723800.0,172.639999,173.440002,172.554993,172.835007,4686085.000000,1753727400.0
1753727400.0,172.839996,173.259995,172.380005,173.145004,4053913.000000,1753731000.0
1753731000.0,173.149994,173.839996,172.919998,173.649994,5115081.000000,1753734600.0
1753795800.0,175.240005,180.770004,174.679993,180.399994,32430520.000000,1753799400.0
1753799400.0,180.380005,182.309998,176.270004,176.649994,24678254.000000,1753803000.0
1753803000.0,176.654999,178.809998,176.009995,178.049698,14829186.000000,1753806600.0
1753806600.0,178.034393,179.550003,177.169403,179.210007,8608339.000000,1753810200.0
1753810200.0,179.205002,180.354996,178.729996,179.721405,8642148.000000,1753813800.0
1753813800.0,179.740005,180.089996,178.100006,178.259995,7486027.000000,1753817400.0
1753817400.0,178.259995,178.339996,177.029999,177.429993,7421499.000000,1753821000.0
1753882200.0,175.561996,179.489807,174.255005,178.560104,20200287.000000,1753885800.0
1753885800.0,178.574997,179.639999,178.119995,178.700104,8322404.000000,1753889400.0
1753889400.0,178.720001,179.419998,177.910095,178.830002,5440392.000000,1753893000.0
1753893000.0,178.824997,179.740005,178.119995,179.250000,5416996.000000,1753896600.0
1753896600.0,179.250000,179.990005,178.530106,179.789993,4962668.000000,1753900200.0
1753900200.0,179.770004,180.369995,177.089996,178.309998,9726755.000000,1753903800.0
1753903800.0,178.330002,179.580002,178.330002,179.539993,4885512.000000,1753907400.0
1753968600.0,182.289993,182.490005,178.360001,180.480392,22230968.000000,1753972200.0
1753972200.0,180.479996,180.990005,178.509995,179.210007,11253407.000000,1753975800.0
1753975800.0,179.240005,180.619995,178.824005,180.300003,5579103.000000,1753979400.0
1753979400.0,180.300003,180.509995,177.229996,177.419998,6031366.000000,1753983000.0
1753983000.0,177.410004,178.360001,174.899994,176.235596,9359685.000000,1753986600.0
1753986600.0,176.229996,177.580002,176.205002,176.929993,5654250.000000,1753990200.0
1753990200.0,176.960007,177.320007,175.869995,176.320007,5122579.000000,1753993800.0
1754055000.0,170.029999,171.940002,166.820007,171.399994,27143803.000000,1754058600.0
1754058600.0,171.410004,172.899994,170.330093,170.710007,11235894.000000,1754062200.0
1754062200.0,170.710007,174.395004,170.630005,174.000000,8386884.000000,1754065800.0
1754065800.0,174.000000,174.005005,171.130005,171.279999,6445242.000000,1754069400.0
1754069400.0,171.279999,171.919998,169.810699,171.300003,7007184.000000,1754073000.0
1754073000.0,171.300003,171.779999,170.169998,171.399994,5985437.000000,1754076600.0
1754076600.0,171.380005,172.159897,170.860001,171.639999,5075952.000000,1754080200.0
1754314200.0,175.539993,177.255005,173.580002,176.850006,17156946.000000,1754317800.0
1754317800.0,176.860001,177.470001,175.115005,176.300003,8062496.000000,1754321400.0
1754321400.0,176.289993,177.535004,176.179993,177.289993,5481635.000000,1754325000.0
1754325000.0,177.289993,177.800003,176.539993,177.770004,4923597.000000,1754328600.0
1754328600.0,177.774994,177.860001,176.804993,177.399994,4799917.000000,1754332200.0
1754332200.0,177.389999,177.660004,176.789993,176.850006,3571604.000000,1754335800.0
1754335800.0,176.860001,177.000000,176.535004,176.770004,4401749.000000,1754339400.0
1754400600.0,177.054993,177.990005,174.679993,175.184998,19172696.000000,1754404200.0
1754404200.0,175.184998,175.389999,172.290497,174.020004,12384677.000000,1754407800.0
1754407800.0,174.000000,176.110001,173.815002,175.850006,6677440.000000,1754411400.0
1754411400.0,175.839996,176.399994,175.009995,176.190506,5817057.000000,1754415000.0
1754415000.0,176.199997,177.500000,176.000000,176.706299,6692769.000000,1754418600.0
1754418600.0,176.710007,176.869995,174.619995,175.570007,8130171.000000,1754422200.0
1754422200.0,175.559998,175.859894,174.089996,174.384995,7372140.000000,1754425800.0
1754487000.0,164.910004,166.179993,160.139999,160.509995,42198469.000000,1754490600.0
1754490600.0,160.514999,161.490005,157.800003,160.869995,29136916.000000,1754494200.0
1754494200.0,160.869995,163.750000,160.619995,161.990097,16904218.000000,1754497800.0
1754497800.0,162.019897,163.750000,160.509995,163.729996,12201379.000000,1754501400.0
1754501400.0,163.729004,164.800003,162.620102,164.735001,9840269.000000,1754505000.0
1754505000.0,164.735504,165.300003,162.699997,162.929993,11054981.000000,1754508600.0
1754508600.0,162.949997,163.619995,162.561005,163.100006,6903790.000000,1754512200.0
1754573400.0,166.835007,172.679993,166.710007,171.839905,32950325.000000,1754577000.0
1754577000.0,171.500000,175.750000,170.750000,173.850006,18518460.000000,1754580600.0
1754580600.0,173.869995,174.249695,172.779999,173.529999,10497151.000000,1754584200.0
1754584200.0,173.509995,173.539993,163.119995,171.500000,10621653.000000,1754587800.0
1754587800.0,171.479996,171.850006,170.119995,171.110001,6526993.000000,1754591400.0
1754591400.0,171.110001,172.379303,170.869995,171.350006,5714940.000000,1754595000.0
1754595000.0,171.410004,172.639999,171.229996,172.399994,5851130.000000,1754598600.0
1754659800.0,174.054993,176.479996,172.750000,173.364197,22342197.000000,1754663400.0
1754663400.0,173.360001,173.859894,172.440002,173.100006,9143906.000000,1754667000.0
1754667000.0,173.070007,174.339996,171.510101,173.139999,9283657.000000,1754670600.0
1754670600.0,173.149994,173.179993,170.929993,171.035004,7264163.000000,1754674200.0
1754674200.0,171.023102,171.740005,170.520004,171.089996,5520766.000000,1754677800.0
1754677800.0,171.100006,172.500000,171.000000,172.320007,6628678.000000,1754681400.0
1754681400.0,172.300003,172.839996,171.470001,172.779999,5376230.000000,1754685000.0
1754919000.0,171.580002,177.734497,169.599396,177.619995,22871716.000000,1754922600.0
1754922600.0,177.600006,178.820007,176.559998,177.219894,13931324.000000,1754926200.0
1754926200.0,177.190002,178.129593,175.169998,175.380005,7201138.000000,1754929800.0
1754929800.0,175.369995,175.859894,174.139999,174.410004,6318056.000000,1754933400.0
1754933400.0,174.399994,174.599304,173.210007,173.740005,5699953.000000,1754937000.0
1754937000.0,173.750000,174.099701,172.540100,173.130005,6854913.000000,1754940600.0
1754940600.0,173.119995,173.288605,171.889999,172.320007,4301341.000000,1754944200.0
1755005400.0,173.320007,173.350006,168.500000,172.330002,19893048.000000,1755009000.0
1755009000.0,172.330002,174.270004,171.770004,173.595001,8348543.000000,1755012600.0
1755012600.0,173.610001,174.309998,172.410004,173.779999,5519544.000000,1755016200.0
1755016200.0,173.781403,173.979996,172.830002,173.776505,3818650.000000,1755019800.0
1755019800.0,173.789993,174.500000,173.500000,174.080002,3492352.000000,1755023400.0
1755023400.0,174.085007,174.239899,173.589996,173.960007,2805501.000000,1755027000.0
1755027000.0,173.960007,175.160004,173.949997,174.919998,4325982.000000,1755030600.0
1755091800.0,180.235001,186.649994,179.975006,184.899994,40222409.000000,1755095400.0
1755095400.0,184.895004,185.550003,179.380005,181.485001,20071781.000000,1755099000.0
1755099000.0,181.485001,184.539902,181.270004,184.029999,12652609.000000,1755102600.0
1755102600.0,184.043304,185.440002,183.300003,184.993393,8314043.000000,1755106200.0
1755106200.0,184.960007,184.999893,183.039993,183.210007,7533057.000000,1755109800.0
1755109800.0,183.210007,184.970001,183.100006,183.979996,7798436.000000,1755113400.0
1755113400.0,183.960205,184.880005,183.229996,184.399994,6156284.000000,1755117000.0
1755178200.0,179.830002,185.440002,179.639999,181.095001,27124423.000000,1755181800.0
1755181800.0,181.095001,182.899994,179.559998,180.309998,11129712.000000,1755185400.0
1755185400.0,180.307999,181.085007,179.740005,180.259995,5868843.000000,1755189000.0
1755189000.0,180.399307,181.965607,180.300003,180.615494,5205117.000000,1755192600.0
1755192600.0,180.612396,181.300003,180.559998,180.603195,3718525.000000,1755196200.0
1755196200.0,180.570007,180.979996,180.100006,180.639999,4834207.000000,1755199800.0
1755199800.0,180.639999,181.539993,180.389008,180.929993,5311248.000000,1755203400.0
1755264600.0,179.729996,180.000000,177.000000,177.563995,17234450.000000,1755268200.0
1755268200.0,177.580002,177.710007,176.250000,177.309998,8511811.000000,1755271800.0
1755271800.0,177.179001,177.758804,176.509995,176.919998,4498614.000000,1755275400.0
1755275400.0,176.940002,177.510101,176.660004,177.479294,2896580.000000,1755279000.0
1755279000.0,177.470001,178.130005,177.300003,177.830002,3045584.000000,1755282600.0
1755282600.0,177.800003,177.919998,176.820007,177.746002,5531482.000000,1755286200.0
1755286200.0,177.759995,178.080002,177.500000,177.509995,3652296.000000,1755289800.0
1755523800.0,178.449402,178.795303,175.729996,176.100006,12357857.000000,1755527400.0
1755527400.0,176.100006,176.199997,174.360001,175.104996,7347789.000000,1755531000.0
1755531000.0,175.080002,176.050003,174.934998,175.714996,3620686.000000,1755534600.0
1755534600.0,175.714996,175.799896,175.000000,175.557404,2777369.000000,1755538200.0
1755538200.0,175.539993,176.289993,175.419998,176.259995,2547017.000000,1755541800.0
1755541800.0,176.250000,176.460007,175.729996,176.005005,2794055.000000,1755545400.0
1755545400.0,176.005005,176.294998,175.804993,176.108994,2392202.000000,1755549000.0
1755610200.0,171.449997,173.169998,168.220001,168.250000,20623988.000000,1755613800.0
1755613800.0,168.274399,169.600006,167.190002,169.371399,11774327.000000,1755617400.0
1755617400.0,169.410004,169.729706,168.220001,168.496796,5693247.000000,1755621000.0
1755621000.0,168.500000,168.549896,166.449997,167.220001,8050923.000000,1755624600.0
1755624600.0,167.210007,167.800003,166.979996,167.449997,4516205.000000,1755628200.0
1755628200.0,167.460007,167.524994,166.240005,166.630005,4639837.000000,1755631800.0
1755631800.0,166.619995,167.085007,166.100006,166.559998,4996274.000000,1755635400.0
1755696600.0,164.100006,166.649902,159.139999,160.019806,21115754.000000,1755700200.0
1755700200.0,160.020004,163.059998,158.250000,163.003204,11238395.000000,1755703800.0
1755703800.0,162.979996,163.949997,161.934998,163.774994,8456051.000000,1755707400.0
1755707400.0,163.774994,163.789703,162.720001,163.399994,3403381.000000,1755711000.0
1755711000.0,163.419998,164.399994,162.630005,162.999405,3729860.000000,1755714600.0
1755714600.0,162.970001,164.880005,162.880005,164.470001,3474648.000000,1755718200.0
1755718200.0,164.425003,165.429993,164.300095,165.199997,5500120.000000,1755721800.0
1755783000.0,163.930801,165.879898,162.255798,165.179993,12899254.000000,1755786600.0
1755786600.0,165.160004,165.229996,163.720001,164.559998,5676211.000000,1755790200.0
1755790200.0,164.539993,164.940002,162.970001,163.160004,4413594.000000,1755793800.0
1755793800.0,163.164993,163.740005,162.850006,163.199997,2644516.000000,1755797400.0
1755797400.0,163.211197,164.039993,163.184998,163.886200,2605732.000000,1755801000.0
1755801000.0,163.899994,164.330002,163.420105,163.990204,2635368.000000,1755804600.0
1755804600.0,164.005005,164.005005,163.520004,163.639999,2615263.000000,1755808200.0
1755869400.0,162.195007,167.888504,161.810104,166.570007,15200175.000000,1755873000.0
1755873000.0,166.604996,168.529999,166.570007,167.776794,7752051.000000,1755876600.0
1755876600.0,167.770004,168.309998,166.645004,167.000000,5340053.000000,1755880200.0
1755880200.0,167.000000,168.050003,167.000000,167.809998,3089180.000000,1755883800.0
1755883800.0,167.800003,168.440002,167.300003,167.699997,2857015.000000,1755887400.0
1755887400.0,167.727997,167.929993,167.020004,167.309998,2766917.000000,1755891000.0
1755891000.0,167.300003,167.875000,166.800003,167.770004,3743794.000000,1755894600.0
1756128600.0,165.570007,165.589996,161.729996,163.934998,15384954.000000,1756132200.0
1756132200.0,163.889999,164.779999,163.630005,164.640106,4849760.000000,1756135800.0
1756135800.0,164.656204,164.860001,163.850006,164.070007,3297867.000000,1756139400.0
1756139400.0,164.080002,164.169998,163.240005,163.910004,3023805.000000,1756143000.0
1756143000.0,163.914993,163.964996,163.250000,163.899994,2548529.000000,1756146600.0
1756146600.0,163.895004,164.050003,163.619995,163.990005,2150379.000000,1756150200.0
1756150200.0,163.990005,164.117004,163.149994,163.350006,3139757.000000,1756153800.0
1756215000.0,168.639999,169.770004,164.910004,167.429993,22546690.000000,1756218600.0
1756218600.0,167.419998,167.509995,165.110001,165.229996,7515890.000000,1756222200.0
1756222200.0,165.214996,166.179993,165.120102,166.070007,4814011.000000,1756225800.0
1756225800.0,166.095993,166.830002,165.839996,166.788406,3439736.000000,1756229400.0
1756229400.0,166.800003,166.889893,165.768997,166.500000,3036014.000000,1756233000.0
1756233000.0,166.500000,166.660004,166.000000,166.479996,2666904.000000,1756236600.0
1756236600.0,166.470001,166.800003,165.979996,166.619995,3834160.000000,1756240200.0
1756301400.0,166.039993,166.380005,164.649994,165.789993,8759146.000000,1756305000.0
1756305000.0,165.789993,166.339996,165.449997,165.940002,3562820.000000,1756308600.0
1756308600.0,165.929993,166.850006,165.750000,165.927002,3193348.000000,1756312200.0
1756312200.0,165.929993,167.679993,165.870102,167.339996,3852020.000000,1756315800.0
1756315800.0,167.350006,167.479996,166.520004,167.000000,2581020.000000,1756319400.0
1756319400.0,166.994995,167.039993,165.990005,166.865601,7072740.000000,1756323000.0
1756323000.0,166.860001,167.399994,166.850006,167.100006,3391370.000000,1756326600.0
1756387800.0,168.600006,170.990005,166.910004,167.580002,14408965.000000,1756391400.0
1756391400.0,167.580002,168.690002,166.929993,167.110001,6515198.000000,1756395000.0
1756395000.0,167.122299,167.809998,166.779999,167.630295,3211144.000000,1756398600.0
1756398600.0,167.639999,167.910004,167.018402,167.770004,2129687.000000,1756402200.0
1756402200.0,167.789993,168.529999,167.488403,168.395004,2209680.000000,1756405800.0
1756405800.0,168.399994,168.899994,168.179993,168.779999,2364451.000000,1756409400.0
1756409400.0,168.759995,169.080002,168.289993,168.520004,2627121.000000,1756413000.0
1756474200.0,166.809998,168.550003,161.899994,163.429993,14063927.000000,1756477800.0
1756477800.0,163.410004,163.869995,162.509995,163.630005,4687856.000000,1756481400.0
1756481400.0,163.669907,163.785004,162.820007,163.050003,2972724.000000,1756485000.0
1756485000.0,163.059998,163.449997,162.220993,162.835007,2585084.000000,1756488600.0
1756488600.0,162.830002,163.300003,162.509995,162.630005,2118664.000000,1756492200.0
1756492200.0,162.634995,163.470001,162.610001,163.149994,2515573.000000,1756495800.0
1756495800.0,163.160004,163.164993,162.130005,162.679993,4577417.000000,1756499400.0
1756819800.0,157.500000,161.959900,156.740005,161.853195,14904403.000000,1756823400.0
1756823400.0,161.830002,161.869400,159.690002,160.809998,5381161.000000,1756827000.0
1756827000.0,160.809998,160.906097,159.059998,159.289993,4349356.000000,1756830600.0
1756830600.0,159.300003,160.505005,159.300003,160.279999,2769192.000000,1756834200.0
1756834200.0,160.264999,160.742493,159.979996,160.126999,2823086.000000,1756837800.0
1756837800.0,160.119995,161.539795,160.110001,161.360001,2601205.000000,1756841400.0
1756841400.0,161.350006,162.391602,161.251007,162.350006,3529407.000000,1756845000.0
1756906200.0,161.779999,163.649994,160.580002,162.649994,8471711.000000,1756909800.0
1756909800.0,162.669998,163.679703,160.960007,161.070007,5390942.000000,1756913400.0
1756913400.0,161.039993,162.225296,160.729996,161.789993,4193229.000000,1756917000.0
1756917000.0,161.809998,161.899902,161.330002,161.529999,2666457.000000,1756920600.0
1756920600.0,161.509995,161.929993,160.820007,161.027206,2137620.000000,1756924200.0
1756924200.0,161.009995,161.460007,160.622604,161.039993,2188495.000000,1756927800.0
1756927800.0,161.029999,164.750000,161.024994,162.119995,2900107.000000,1756931400.0
1756992600.0,159.934998,160.380005,157.789993,159.710007,12406470.000000,1756996200.0
1756996200.0,159.730896,160.699905,159.339996,160.406799,4408514.000000,1756999800.0
1756999800.0,160.410004,160.460098,159.712601,160.389999,2569581.000000,1757003400.0
1757003400.0,160.399994,160.880005,160.250000,160.699997,1871867.000000,1757007000.0
1757007000.0,160.710007,161.360001,160.570007,160.654999,2425016.000000,1757010600.0
1757010600.0,160.639999,161.849899,160.619995,161.796295,2409140.000000,1757014200.0
1757014200.0,161.789993,162.050003,161.389999,161.789993,2969686.000000,1757017800.0
1757079000.0,157.119995,157.130005,150.289993,150.529999,30292225.000000,1757082600.0
1757082600.0,150.455002,151.880005,150.179993,151.710007,11589162.000000,1757086200.0
1757086200.0,151.720001,153.379898,151.320007,152.432999,7261548.000000,1757089800.0
1757089800.0,152.460007,153.199997,151.929993,151.979996,4614793.000000,1757093400.0
1757093400.0,151.979996,152.619995,150.800003,152.070007,6065307.000000,1757097000.0
1757097000.0,152.074997,153.160004,151.509995,152.479996,5817649.000000,1757100600.0
1757100600.0,152.479996,152.529999,150.610001,151.119995,8850118.000000,1757104200.0
1757338200.0,151.800003,152.550003,149.220001,151.505005,16327136.000000,1757341800.0
1757341800.0,151.506805,152.638794,151.279999,152.274796,7516230.000000,1757345400.0
1757345400.0,152.259995,152.329895,150.940002,151.210007,3457432.000000,1757349000.0
1757349000.0,151.205002,151.378998,150.389999,150.550003,3526284.000000,1757352600.0
1757352600.0,150.570007,151.610001,150.550003,151.259995,2970188.000000,1757356200.0
1757356200.0,151.251007,151.615005,151.080002,151.289993,2339652.000000,1757359800.0
1757359800.0,151.300003,151.809998,151.110001,151.369995,3219675.000000,1757363400.0
1757424600.0,152.035004,154.229996,151.949997,153.896805,14439437.000000,1757428200.0
1757428200.0,153.880005,154.250000,152.889999,153.520004,5748080.000000,1757431800.0
1757431800.0,153.500000,154.580002,153.000000,154.309998,4242424.000000,1757435400.0
1757435400.0,154.304993,154.699997,153.550003,154.229996,3054464.000000,1757439000.0
1757439000.0,154.229996,155.449905,154.210007,155.350006,3672902.000000,1757442600.0
1757442600.0,155.350006,155.665405,154.914993,155.294998,3570160.000000,1757446200.0
1757446200.0,155.303802,156.039993,155.199997,155.830002,3932659.000000,1757449800.0
1757511000.0,163.619995,164.524994,159.020004,161.279999,20018449.000000,1757514600.0
1757514600.0,161.274994,162.300003,160.899994,161.460007,6382346.000000,1757518200.0
1757518200.0,161.475006,161.799896,160.520004,160.529999,4036975.000000,1757521800.0
1757521800.0,160.520004,160.990005,160.059998,160.740005,2897819.000000,1757525400.0
1757525400.0,160.735001,161.380005,158.600098,158.711594,5020984.000000,1757529000.0
1757529000.0,158.699997,159.065002,158.000000,158.440002,6441052.000000,1757532600.0
1757532600.0,158.449997,159.830002,158.440094,159.539993,3764517.000000,1757536200.0
1757597400.0,158.451004,160.210007,155.550003,156.054993,14582918.000000,1757601000.0
1757601000.0,156.039993,156.589996,155.059998,155.570007,1812252.000000,1757604600.0
1757604600.0,155.559998,156.300003,154.990005,156.230103,12552191.000000,1757608200.0
1757608200.0,156.240005,156.449005,155.649994,156.223007,3349528.000000,1757611800.0
1757611800.0,156.220001,156.320007,155.399994,155.440002,6290955.000000,1757615400.0
1757615400.0,155.440002,156.449997,155.419998,156.220001,3473988.000000,1757619000.0
1757619000.0,156.229996,156.399994,155.580002,155.610001,4002187.000000,1757622600.0
1757683800.0,157.059998,157.699997,154.919998,156.059998,9258935.000000,1757687400.0
1757687400.0,156.059998,158.244995,155.589996,157.735001,8344164.000000,1757691000.0
1757691000.0,157.749893,160.410004,157.410004,160.080002,7541283.000000,1757694600.0
1757694600.0,160.054993,160.399994,158.869995,159.112701,4897817.000000,1757698200.0
1757698200.0,159.113007,159.285004,158.179993,158.289993,3092814.000000,1757701800.0
1757701800.0,158.289993,158.899994,158.149994,158.410004,2974814.000000,1757705400.0
1757705400.0,158.410004,158.979996,157.880005,158.470001,3668007.000000,1757709000.0
1757943000.0,160.009995,160.029999,157.601196,158.559998,10325061.000000,1757946600.0
1757946600.0,158.554993,160.690002,158.309998,160.264999,6974014.000000,1757950200.0
1757950200.0,160.250000,161.100006,159.470001,159.639603,4396978.000000,1757953800.0
1757953800.0,159.627304,160.660004,159.589996,160.020004,2360986.000000,1757957400.0
1757957400.0,160.020004,160.789993,159.570007,160.419998,2446641.000000,1757961000.0
1757961000.0,160.449997,161.320007,160.434998,160.800003,3393977.000000,1757964600.0
1757964600.0,160.800003,161.399994,160.479996,161.179993,3594525.000000,1757968200.0
1758029400.0,161.369995,161.940002,159.540100,161.089996,9753630.000000,1758033000.0
1758033000.0,161.099899,161.190002,159.830002,160.029999,3374948.000000,1758036600.0
1758036600.0,160.029999,160.309998,159.220001,160.279999,2944794.000000,1758040200.0
1758040200.0,160.278595,160.520004,159.746399,159.990005,1976647.000000,1758043800.0
1758043800.0,159.996399,160.526093,159.940094,160.285004,1680141.000000,1758047400.0
1758047400.0,160.279999,161.059906,160.210098,160.419998,2302633.000000,1758051000.0
1758051000.0,160.419998,160.684998,160.179993,160.451004,2610027.000000,1758054600.0
1758115800.0,159.279999,161.622604,158.594803,160.289993,10910068.000000,1758119400.0
1758119400.0,160.294998,160.369598,158.539993,159.602707,4290919.000000,1758123000.0
1758123000.0,159.610001,160.149902,158.600006,159.033997,2980311.000000,1758126600.0
1758126600.0,159.050003,159.070007,157.853607,158.389893,3019546.000000,1758130200.0
1758130200.0,158.389999,159.979996,155.759995,157.961502,6131059.000000,1758133800.0
1758133800.0,157.990005,159.949997,155.934998,159.665100,6756750.000000,1758137400.0
1758137400.0,159.649994,160.000000,158.869995,159.089996,3260549.000000,1758141000.0
1758202200.0,150.820007,154.879807,149.850006,154.639999,37817118.000000,1758205800.0
1758205800.0,154.645004,155.464996,153.956604,154.475006,9452296.000000,1758209400.0
1758209400.0,154.470001,155.190002,154.000000,154.705002,5947383.000000,1758213000.0
1758213000.0,154.710007,156.190002,154.529999,155.729996,4875142.000000,1758216600.0
1758216600.0,155.739899,157.850006,154.934998,157.785004,7265600.000000,1758220200.0
1758220200.0,157.799194,158.769897,157.059998,158.149994,7502585.000000,1758223800.0
1758223800.0,158.119995,158.639999,157.449997,157.871002,5770932.000000,1758227400.0
1758288600.0,157.380005,159.279999,156.149994,158.835007,13925694.000000,1758292200.0
1758292200.0,158.809998,159.839996,157.089996,157.149994,8486339.000000,1758295800.0
1758295800.0,157.139999,157.615005,155.899994,157.615005,5749180.000000,1758299400.0
1758299400.0,157.610107,157.649597,156.630005,156.778702,2891809.000000,1758303000.0
1758303000.0,156.770004,157.009995,156.330002,156.505005,2215682.000000,1758306600.0
1758306600.0,156.509995,156.899902,156.440002,156.679993,2675729.000000,1758310200.0
1758310200.0,156.675003,157.570007,156.339996,157.410004,4318915.000000,1758313800.0
1758547800.0,157.440002,161.755005,157.419998,161.287003,14015391.000000,1758551400.0
1758551400.0,161.289993,162.080002,160.460007,161.490005,5426871.000000,1758555000.0
1758555000.0,161.494995,162.673004,159.600006,160.149994,8535666.000000,1758558600.0
1758558600.0,160.130005,162.250000,159.960007,161.238098,5167700.000000,1758562200.0
1758562200.0,161.240005,161.479904,160.061493,160.558594,2733749.000000,1758565800.0
1758565800.0,160.545197,160.580002,159.899994,160.264999,2516731.000000,1758569400.0
1758569400.0,160.264404,160.264404,159.699997,159.720001,2864843.000000,1758573000.0
1758634200.0,160.529999,162.630005,159.800003,161.125000,7966080.000000,1758637800.0
1758637800.0,161.179901,162.380005,161.100006,161.934998,3764323.000000,1758641400.0
1758641400.0,161.940002,162.419998,161.640106,161.705307,2247870.000000,1758645000.0
1758645000.0,161.690002,163.389999,161.490005,161.544998,3494781.000000,1758648600.0
1758648600.0,161.539993,161.589905,159.210007,160.225006,4416243.000000,1758652200.0
1758652200.0,160.229996,160.643707,159.990005,160.020004,11065559.000000,1758655800.0
1758655800.0,160.009995,160.929993,159.619995,160.919006,3506801.000000,1758659400.0
1758720600.0,162.990005,165.100006,160.320007,160.798599,9720034.000000,1758724200.0
1758724200.0,160.785004,161.850006,160.427399,161.639999,4025982.000000,1758727800.0
1758727800.0,161.639999,161.889999,158.429993,160.022705,3930281.000000,1758731400.0
1758731400.0,160.000000,161.610001,159.824097,161.609894,2339316.000000,1758735000.0
1758735000.0,161.604401,161.850006,161.130005,161.479996,2217800.000000,1758738600.0
1758738600.0,161.500000,161.960007,160.910004,160.960007,2133400.000000,1758742200.0
1758742200.0,160.979996,161.110001,160.360001,160.869995,11910308.000000,1758745800.0
1758807000.0,157.110001,158.830002,154.779800,158.500000,8053858.000000,1758810600.0
1758810600.0,158.500107,159.070007,157.899994,158.440002,3137844.000000,1758814200.0
1758814200.0,158.434998,160.449997,158.410004,159.919998,2923651.000000,1758817800.0
1758817800.0,159.929993,161.419998,159.910004,160.600006,3173935.000000,1758821400.0
1758821400.0,160.591003,160.699997,158.630005,160.259995,2859162.000000,1758825000.0
1758825000.0,160.259995,161.350006,160.101501,160.910004,2108759.000000,1758828600.0
1758828600.0,160.919998,161.630005,160.910004,161.279999,1953821.000000,1758832200.0
1758893400.0,160.580002,162.110001,158.294998,158.589996,5754597.000000,1758897000.0
1758897000.0,158.580002,159.169907,157.050003,157.924606,4491468.000000,1758900600.0
1758900600.0,157.925003,158.440002,157.290298,158.154999,2366759.000000,1758904200.0
1758904200.0,158.160004,159.190002,157.979996,158.979996,2051957.000000,1758907800.0
1758907800.0,158.985001,159.445297,158.190002,159.250000,8036418.000000,1758911400.0
1758911400.0,159.250000,159.610001,158.955002,159.123199,0.000000,1758915000.0
1758915000.0,159.115005,159.619995,158.820007,159.440002,9534059.000000,1758918600.0
1759152600.0,160.110001,163.548798,159.899994,163.250000,8315431.000000,1759156200.0
1759156200.0,163.240005,164.300003,162.880005,163.389999,4638979.000000,1759159800.0
1759159800.0,163.389999,163.389999,161.110001,162.074997,3927510.000000,1759163400.0
1759163400.0,162.095001,162.850006,161.589996,162.850006,2406234.000000,1759167000.0
1759167000.0,162.839996,163.319901,162.570007,162.643707,1991584.000000,1759170600.0
1759170600.0,162.654999,162.679993,161.179993,161.324997,2060239.000000,1759174200.0
1759174200.0,161.339996,161.899002,161.013199,161.360001,1947317.000000,1759177800.0
1759239000.0,160.770004,161.759995,159.330002,161.485001,6632674.000000,1759242600.0
1759242600.0,161.440598,162.279999,160.426804,160.800003,3349886.000000,1759246200.0
1759246200.0,160.765106,161.665100,160.570007,161.067307,2101107.000000,1759249800.0
1759249800.0,161.070007,161.229996,159.600006,159.800003,1860929.000000,1759253400.0
1759253400.0,159.809998,161.050003,159.649994,160.820007,1852203.000000,1759257000.0
1759257000.0,160.822693,161.080002,160.220093,160.710007,1798264.000000,1759260600.0
1759260600.0,160.720001,161.899994,160.330002,161.779999,2294730.000000,1759264200.0
1759325400.0,160.919998,163.839996,160.490005,163.089996,7799596.000000,1759329000.0
1759329000.0,163.110001,163.865005,161.679993,162.240005,3855147.000000,1759332600.0
1759332600.0,162.250000,162.860001,161.755707,161.854202,1957913.000000,1759336200.0
1759336200.0,161.863693,162.250000,161.509995,161.619995,1960959.000000,1759339800.0
1759339800.0,161.650696,163.320007,161.600006,162.225098,10913894.000000,1759343400.0
1759343400.0,162.225006,163.110001,161.630005,162.604996,3975539.000000,1759347000.0
1759347000.0,162.619995,164.179993,162.550003,164.039993,4719817.000000,1759350600.0
1759411800.0,168.630005,170.259995,166.119995,168.225006,21188833.000000,1759415400.0
1759415400.0,168.225006,169.239700,167.440002,168.410004,6780591.000000,1759419000.0
1759419000.0,168.399994,171.059006,168.210007,170.399994,9156238.000000,1759422600.0
1759422600.0,170.401703,170.949997,169.845200,170.398300,4177647.000000,1759426200.0
1759426200.0,170.380005,170.690002,169.300003,169.820007,3363086.000000,1759429800.0
1759429800.0,169.820007,170.580994,169.529999,170.572205,3656035.000000,1759433400.0
1759433400.0,170.570007,170.779999,169.589996,169.729996,3863187.000000,1759437000.0
1759498200.0,170.679993,170.679993,167.899994,168.050003,11062729.000000,1759501800.0
1759501800.0,168.044998,168.720001,167.350006,168.600006,5650031.000000,1759505400.0
1759505400.0,168.600006,168.949997,168.080002,168.580002,2358551.000000,1759509000.0
1759509000.0,168.570007,168.639999,165.634995,165.800003,5036596.000000,1759512600.0
1759512600.0,165.800003,166.350006,163.139999,164.810303,6307309.000000,1759516200.0
1759516200.0,164.839996,165.139999,164.059998,164.774994,4887852.000000,1759519800.0
1759519800.0,164.779999,165.050003,164.365005,164.639999,3492818.000000,1759523400.0
1759757400.0,226.320007,226.559998,205.743805,210.755096,130475047.000000,1759761000.0
1759761000.0,210.759995,213.589996,206.389999,208.659897,32896476.000000,1759764600.0
1759764600.0,208.619995,213.440002,208.479996,211.070007,20165618.000000,1759768200.0
1759768200.0,211.070007,211.350006,208.050003,209.899994,15100779.000000,1759771800.0
1759771800.0,209.899994,210.259995,205.279999,207.032501,14158303.000000,1759775400.0
1759775400.0,207.016495,207.449997,204.570007,205.679993,14077177.000000,1759779000.0
1759779000.0,205.695007,206.369995,203.009995,203.639999,11647657.000000,1759782600.0
1759843800.0,214.850006,218.899994,213.300003,214.235001,45804352.000000,1759847400.0
1759847400.0,214.199997,216.145004,209.869995,211.419998,23423691.000000,1759851000.0
1759851000.0,211.440002,213.250000,209.279999,212.490997,12904118.000000,1759854600.0
1759854600.0,212.490005,214.175003,210.050003,210.960007,9268374.000000,1759858200.0
1759858200.0,210.910004,211.440002,209.619995,210.308105,6850539.000000,1759861800.0
1759861800.0,210.309998,211.300003,210.149994,211.080002,5933164.000000,1759865400.0
1759865400.0,211.059998,213.250000,211.000107,211.490005,7415497.000000,1759869000.0
1759930200.0,212.949997,223.639999,210.695007,220.326096,38163713.000000,1759933800.0
1759933800.0,220.330002,224.990005,220.229996,224.227402,18794767.000000,1759937400.0
1759937400.0,224.220001,224.679993,222.669998,223.279999,9242717.000000,1759941000.0
1759941000.0,223.294998,229.549896,223.070007,229.224594,18936017.000000,1759944600.0
1759944600.0,229.240005,234.839996,228.610001,231.970093,29701509.000000,1759948200.0
1759948200.0,232.029999,233.500000,229.880005,233.119995,20320461.000000,1759951800.0
1759951800.0,233.100006,235.869995,232.710007,235.399994,15103051.000000,1759955400.0
1760016600.0,236.205002,240.100006,233.899994,235.130005,35825853.000000,1760020200.0
1760020200.0,235.149994,235.919998,232.570007,232.759995,14831452.000000,1760023800.0
1760023800.0,232.735001,235.350006,232.149994,232.975006,9473471.000000,1760027400.0
1760027400.0,232.985794,233.410004,229.619995,230.300003,9686587.000000,1760031000.0
1760031000.0,230.339996,233.009995,229.529999,232.539993,8713539.000000,1760034600.0
1760034600.0,232.539993,232.736496,230.679993,232.274994,7200223.000000,1760038200.0
1760038200.0,232.250107,233.270004,231.830002,232.910004,5376113.000000,1760041800.0
1760103000.0,232.860001,234.220001,226.759995,228.524994,22159391.000000,1760106600.0
1760106600.0,228.559998,228.679993,216.199997,216.889999,25602081.000000,1760110200.0
1760110200.0,216.839996,221.139999,213.200104,219.660004,21557397.000000,1760113800.0
1760113800.0,219.625000,220.320007,217.215302,220.169998,9936060.000000,1760117400.0
1760117400.0,220.199997,221.199997,219.130005,219.656906,8379225.000000,1760121000.0
1760121000.0,219.690002,220.193893,215.979996,217.050095,9391902.000000,1760124600.0
1760124600.0,217.080002,217.384598,214.500000,214.610001,10543681.000000,1760128200.0
1760362200.0,220.145004,224.189896,218.080002,219.649994,21969347.000000,1760365800.0
1760365800.0,219.654999,219.959900,216.940002,218.479095,9583742.000000,1760369400.0
1760369400.0,218.490005,219.789993,218.050003,219.380905,4898182.000000,1760373000.0
1760373000.0,219.389999,219.690002,216.419998,216.550003,6140516.000000,1760376600.0
1760376600.0,216.577194,217.199997,216.029999,217.085007,4505961.000000,1760380200.0
1760380200.0,217.100006,217.239899,214.899994,215.660004,6162661.000000,1760383800.0
1760383800.0,215.619995,216.570007,215.517899,216.410004,4364174.000000,1760387400.0
1760448600.0,219.289993,222.000000,215.910004,221.095001,26550705.000000,1760452200.0
1760452200.0,221.100006,222.119995,218.149994,219.410004,10008267.000000,1760455800.0
1760455800.0,219.414795,223.669998,219.199997,223.610107,8080203.000000,1760459400.0
1760459400.0,223.610001,224.979996,222.649994,224.574997,7160190.000000,1760463000.0
1760463000.0,224.610001,224.839996,222.930099,222.960007,3969399.000000,1760466600.0
1760466600.0,222.990906,223.429993,222.119995,222.697998,3925179.000000,1760470200.0
1760470200.0,222.750000,222.750000,217.820007,218.020004,7396966.000000,1760473800.0
1760535000.0,222.610001,234.500000,220.774994,233.764893,28297382.000000,1760538600.0
1760538600.0,233.800003,238.899994,233.039993,237.507706,21639285.000000,1760542200.0
1760542200.0,237.529999,237.750000,232.800003,235.750000,14807316.000000,1760545800.0
1760545800.0,235.744995,235.750000,230.330002,231.789993,9870524.000000,1760549400.0
1760549400.0,231.755005,236.169998,231.512100,235.179993,8424338.000000,1760553000.0
1760553000.0,235.179993,239.240005,235.130005,238.125000,11335239.000000,1760556600.0
1760556600.0,238.149994,238.970001,236.910004,238.610001,8091452.000000,1760560200.0
1760621400.0,236.759995,241.199997,235.029999,238.289993,24113346.000000,1760625000.0
1760625000.0,238.279999,239.850006,236.190002,236.960007,9005762.000000,1760628600.0
1760628600.0,236.830002,238.729996,235.740005,236.574997,6644080.000000,1760632200.0
1760632200.0,236.619995,240.399994,234.000107,239.125000,8748187.000000,1760635800.0
1760635800.0,239.134003,239.878906,234.710007,234.798294,6057406.000000,1760639400.0
1760639400.0,234.800003,237.949905,234.009995,235.845001,6722571.000000,1760643000.0
1760643000.0,235.850006,236.139999,233.910004,234.570007,4818066.000000,1760646600.0
1760707800.0,232.449997,235.380005,228.500000,234.330002,18374530.000000,1760711400.0
1760711400.0,234.399994,234.462708,227.910004,228.955002,9632965.000000,1760715000.0
1760715000.0,229.029999,233.330002,228.044998,233.169998,6572340.000000,1760718600.0
1760718600.0,233.112000,233.740005,231.039993,231.141602,4332302.000000,1760722200.0
1760722200.0,231.139999,232.679993,230.320007,231.970001,4235841.000000,1760725800.0
1760725800.0,232.004501,235.009995,231.440002,234.033707,6067984.000000,1760729400.0
1760729400.0,234.009995,234.250000,232.899994,233.149994,3327633.000000,1760733000.0
1760967000.0,236.440002,240.789993,234.410004,239.960007,19027654.000000,1760970600.0
1760970600.0,239.960007,242.860001,239.899994,241.259995,11063080.000000,1760974200.0
1760974200.0,241.229996,242.259995,240.089996,241.575897,5522599.000000,1760977800.0
1760977800.0,241.574997,242.869995,241.100006,241.746094,4271444.000000,1760981400.0
1760981400.0,241.750000,242.750000,240.350006,240.612503,3653517.000000,1760985000.0
1760985000.0,240.619995,242.339996,240.389999,240.779999,4906665.000000,1760988600.0
1760988600.0,240.779999,241.600006,240.380005,240.529999,3997502.000000,1760992200.0
1761053400.0,239.389999,242.259995,234.600098,235.139999,15019003.000000,1761057000.0
1761057000.0,235.130005,237.960007,234.020004,237.670807,8221091.000000,1761060600.0
1761060600.0,237.701996,240.399994,237.309998,240.250000,6266338.000000,1761064200.0
1761064200.0,240.250000,240.889999,238.353104,238.854996,5452633.000000,1761067800.0
1761067800.0,238.874695,239.749893,238.300003,239.095001,2953165.000000,1761071400.0
1761071400.0,239.089996,239.490005,238.350006,238.485001,3032431.000000,1761075000.0
1761075000.0,238.485001,239.399994,237.929993,238.070007,3206967.000000,1761078600.0
1761139800.0,236.714996,240.132401,232.800003,232.910004,11130170.000000,1761143400.0
1761143400.0,232.910004,233.350006,228.020004,228.470001,13136126.000000,1761147000.0
1761147000.0,228.470001,230.698395,227.630005,228.942993,6489639.000000,1761150600.0
1761150600.0,228.970001,229.479996,225.660004,226.350006,6638462.000000,1761154200.0
1761154200.0,226.380005,227.830002,224.880005,227.085007,7016669.000000,1761157800.0
1761157800.0,227.089996,229.279999,226.660004,228.824997,5619995.000000,1761161400.0
1761161400.0,228.830002,230.309998,228.610001,230.244995,4325165.000000,1761165000.0
1761226200.0,230.160004,234.500000,228.539993,233.169907,11805827.000000,1761229800.0
1761229800.0,233.169998,233.850006,232.000000,233.184998,4607145.000000,1761233400.0
1761233400.0,233.229996,234.509995,232.220001,233.404999,4035530.000000,1761237000.0
1761237000.0,233.449905,234.149994,232.311096,233.119995,2815535.000000,1761240600.0
1761240600.0,233.095001,235.740005,232.979996,235.300003,4161914.000000,1761244200.0
1761244200.0,235.300003,235.899994,233.661697,233.663300,3396744.000000,1761247800.0
1761247800.0,233.669998,235.330002,232.979996,235.009995,4209769.000000,1761251400.0
1761312600.0,243.389999,251.776993,241.949997,249.460007,26233644.000000,1761316200.0
1761316200.0,249.449997,253.070007,249.119995,250.179993,12364665.000000,1761319800.0
1761319800.0,250.190002,251.440002,249.350006,250.479996,6446138.000000,1761323400.0
1761323400.0,250.569901,252.050003,250.169998,251.300003,5297993.000000,1761327000.0
1761327000.0,251.279999,251.679993,250.009995,250.460007,4500383.000000,1761330600.0
1761330600.0,250.419998,252.249893,249.811996,251.645004,5713991.000000,1761334200.0
1761334200.0,251.645004,253.389999,251.500000,252.919998,6463477.000000,1761337800.0
1761571800.0,258.200012,258.429993,249.800095,252.778503,21037635.000000,1761575400.0
1761575400.0,252.809998,258.470001,251.964996,254.471497,16103196.000000,1761579000.0
1761579000.0,254.473297,255.500000,253.260101,254.587204,5614314.000000,1761582600.0
1761582600.0,254.597198,256.660004,254.250000,255.634995,4107416.000000,1761586200.0
1761586200.0,255.669998,256.570007,255.270004,256.079987,2996160.000000,1761589800.0
1761589800.0,256.070007,257.760010,255.509995,256.799500,3950450.000000,1761593400.0
1761593400.0,256.799988,260.420013,256.600006,259.760010,6489201.000000,1761597000.0
1761658200.0,259.089996,264.579987,258.029999,262.410004,15630123.000000,1761661800.0
1761661800.0,262.445007,262.660004,259.779999,260.122009,7383515.000000,1761665400.0
1761665400.0,260.040009,262.859985,259.320007,261.851593,6099853.000000,1761669000.0
1761669000.0,261.850006,263.760010,261.209991,261.279297,4363740.000000,1761672600.0
1761672600.0,261.329987,261.433807,258.869995,259.779999,4188230.000000,1761676200.0
1761676200.0,259.739990,260.549988,259.332214,260.139496,3316985.000000,1761679800.0
1761679800.0,260.135010,260.449890,257.880005,257.970001,4009432.000000,1761683400.0
1761744600.0,264.190002,267.079895,263.320892,264.650085,13306323.000000,1761748200.0
1761748200.0,264.649994,264.939514,261.040009,261.295013,6335928.000000,1761751800.0
1761751800.0,261.290009,261.630005,257.404388,260.359985,6410465.000000,1761755400.0
1761755400.0,260.290009,261.599915,259.799988,260.459991,4084679.000000,1761759000.0
1761759000.0,260.489990,262.570007,260.470001,261.820007,3354591.000000,1761762600.0
1761762600.0,261.890015,264.869995,258.000000,263.980011,7314630.000000,1761766200.0
1761766200.0,263.959991,265.600006,262.950012,264.339996,5080626.000000,1761769800.0
1761831000.0,259.920013,263.880005,257.570007,258.029999,9084958.000000,1761834600.0
1761834600.0,258.085602,259.399994,254.630005,258.570007,6165270.000000,1761838200.0
1761838200.0,258.529999,261.470001,256.970703,261.089996,3271137.000000,1761841800.0
1761841800.0,261.089996,262.470001,259.049988,260.631104,3400333.000000,1761845400.0
1761845400.0,260.529999,261.149902,259.500000,260.149597,2123615.000000,1761849000.0
1761849000.0,260.149994,261.160004,257.440002,258.415009,2870867.000000,1761852600.0
1761852600.0,258.450012,259.279205,254.600006,254.899994,3945963.000000,1761856200.0
1761917400.0,259.404999,262.130005,257.549988,260.899994,6507510.000000,1761921000.0
1761921000.0,260.869995,261.849915,259.290009,259.410004,2921110.000000,1761924600.0
1761924600.0,259.390015,260.165009,255.509995,255.899994,3157206.000000,1761928200.0
1761928200.0,255.869995,256.250000,253.406403,255.258698,2858889.000000,1761931800.0
1761931800.0,255.279694,256.570007,254.910095,256.339996,1836482.000000,1761935400.0
1761935400.0,256.325012,258.269989,255.449997,258.009491,2051257.000000,1761939000.0
1761939000.0,258.000000,258.269989,256.019989,256.059998,2377439.000000,1761942600.0
1762180200.0,259.404999,260.890015,253.889999,255.100006,8420298.000000,1762183800.0
1762183800.0,255.050003,257.329895,254.570007,256.128998,3649458.000000,1762187400.0
1762187400.0,256.115997,257.660004,256.053802,256.698792,2030481.000000,1762191000.0
1762191000.0,256.679993,258.799988,256.679993,258.612091,2545265.000000,1762194600.0
1762194600.0,258.640015,259.339996,257.250000,257.839996,2428593.000000,1762198200.0
1762198200.0,257.855011,258.730011,256.750000,258.690002,2339467.000000,1762201800.0
1762201800.0,258.684998,260.440002,258.260010,259.660004,10139468.000000,1762205400.0
1762266600.0,250.350006,257.380005,247.389999,256.599915,10705298.000000,1762270200.0
1762270200.0,256.510010,257.299988,254.460007,255.149994,3566799.000000,1762273800.0
1762273800.0,255.119995,256.700012,253.362396,254.455002,3604779.000000,1762277400.0
1762277400.0,254.460007,254.835205,252.440094,252.850403,2524253.000000,1762281000.0
1762281000.0,252.839996,254.199997,251.690002,253.365005,3284798.000000,1762284600.0
1762284600.0,253.369995,253.550003,251.250000,252.410004,3612267.000000,1762288200.0
1762288200.0,252.380005,252.710007,250.100006,250.100006,4196100.000000,1762291800.0
1762353000.0,243.240005,252.440002,242.804993,248.820007,17146719.000000,1762356600.0
1762356600.0,248.869995,252.800003,247.009995,251.175003,6723495.000000,1762360200.0
1762360200.0,251.210007,255.399902,250.800003,255.080002,5027754.000000,1762363800.0
1762363800.0,255.080002,259.220001,254.820007,258.568787,5229644.000000,1762367400.0
1762367400.0,258.519989,259.649994,257.329987,257.459991,4672629.000000,1762371000.0
1762371000.0,257.489990,258.660004,256.822388,257.915009,3225349.000000,1762374600.0
1762374600.0,257.890015,258.429901,255.690002,255.960007,3404841.000000,1762378200.0
1762439400.0,253.464996,253.509995,240.830002,241.850006,14215142.000000,1762443000.0
1762443000.0,241.869995,241.955002,235.750000,237.970001,10716088.000000,1762446600.0
1762446600.0,237.949997,238.788803,236.320007,237.619995,4697386.000000,1762450200.0
1762450200.0,237.600006,242.049896,237.380005,241.529999,5046496.000000,1762453800.0
1762453800.0,241.490005,243.419907,240.029999,243.039993,4042941.000000,1762457400.0
1762457400.0,243.059998,243.410004,239.220001,239.514999,3748483.000000,1762461000.0
1762461000.0,239.506302,240.229996,237.179993,237.619995,3612989.000000,1762464600.0
1762525800.0,230.914993,234.768402,227.600006,228.783096,12668551.000000,1762529400.0
1762529400.0,228.660004,229.160004,225.560699,227.125504,6248632.000000,1762533000.0
1762533000.0,227.110001,228.789902,224.640106,227.970001,4310018.000000,1762536600.0
1762536600.0,227.925003,229.910004,226.780701,229.570007,2966828.000000,1762540200.0
1762540200.0,229.529999,229.550003,226.990097,228.910004,2746824.000000,1762543800.0
1762543800.0,229.009995,232.288605,229.000000,230.615005,4004464.000000,1762547400.0
1762547400.0,230.675003,233.539993,230.240005,233.539993,2921850.000000,1762551000.0
1762785000.0,242.250000,248.000000,240.520004,247.080002,11712335.000000,1762788600.0
1762788600.0,247.160004,248.899994,243.110001,243.270096,4401101.000000,1762792200.0
1762792200.0,243.330002,244.917404,242.250000,244.050003,2950899.000000,1762795800.0
1762795800.0,244.089996,245.629898,243.695007,245.225006,2060190.000000,1762799400.0
1762799400.0,245.220001,246.895004,244.820007,245.220001,2304474.000000,1762803000.0
1762803000.0,245.259995,245.945007,244.250107,244.649994,2093669.000000,1762806600.0
1762806600.0,244.600006,245.199997,243.960007,243.979996,2271479.000000,1762810200.0
1762871400.0,241.520004,246.169998,238.763199,239.020905,8284177.000000,1762875000.0
1762875000.0,239.005005,240.699905,237.580002,238.539902,5140680.000000,1762878600.0
1762878600.0,238.550003,239.766296,237.600006,238.169998,2311032.000000,1762882200.0
1762882200.0,238.229996,241.750000,234.639999,238.279999,5779304.000000,1762885800.0
1762885800.0,238.240005,248.460007,236.339996,239.509995,13690973.000000,1762889400.0
1762889400.0,239.570007,240.899994,238.770004,239.239899,3796795.000000,1762893000.0
1762893000.0,239.139999,239.160004,237.029999,237.570007,3130757.000000,1762896600.0
1762957800.0,252.910004,262.739990,250.199997,261.865112,33422688.000000,1762961400.0
1762961400.0,261.950012,263.510010,256.321106,260.259308,14396803.000000,1762965000.0
1762965000.0,260.200012,262.170013,257.000000,257.690002,8351966.000000,1762968600.0
1762968600.0,257.644989,258.880005,253.899994,255.600006,8270274.000000,1762972200.0
1762972200.0,255.554398,257.820007,254.500000,255.069901,5341803.000000,1762975800.0
1762975800.0,255.089996,256.579987,253.369995,256.203400,6489902.000000,1762979400.0
1762979400.0,256.204987,259.420013,256.000000,258.859100,5800252.000000,1762983000.0
1763044200.0,251.899994,259.630890,249.029999,256.744995,14936898.000000,1763047800.0
1763047800.0,256.742096,257.024994,253.259995,255.910004,7121943.000000,1763051400.0
1763051400.0,255.895004,256.739990,251.102097,254.199493,5224042.000000,1763055000.0
1763055000.0,254.195007,254.479996,247.770004,248.080002,4477083.000000,1763058600.0
1763058600.0,248.000107,249.649994,246.059998,249.559998,5196156.000000,1763062200.0
1763062200.0,249.449997,250.190002,246.350006,247.330002,4015735.000000,1763065800.0
1763065800.0,247.335007,249.615494,246.880005,247.990005,3393992.000000,1763069400.0
1763130600.0,239.850006,248.899994,235.100006,246.916595,13795901.000000,1763134200.0
1763134200.0,246.929993,251.568207,245.050095,250.824997,5714509.000000,1763137800.0
1763137800.0,250.829895,253.429993,250.307495,252.708206,4064096.000000,1763141400.0
1763141400.0,252.705002,253.279999,249.580093,250.259995,3142713.000000,1763145000.0
1763145000.0,250.270004,250.729996,247.390106,248.979996,2690149.000000,1763148600.0
1763148600.0,249.000000,249.990005,247.580093,247.860001,2380549.000000,1763152200.0
1763152200.0,247.820007,247.820007,245.350006,246.759995,2716097.000000,1763155800.0
1763389800.0,242.744995,248.770004,241.300003,246.404999,8307389.000000,1763393400.0
1763393400.0,246.309998,246.979996,241.660004,244.979996,4378612.000000,1763397000.0
1763397000.0,244.947205,245.499695,243.300003,243.714996,2270237.000000,1763400600.0
1763400600.0,243.714996,244.266907,241.020004,242.070007,2570793.000000,1763404200.0
1763404200.0,242.000000,243.369995,238.400101,239.449997,3130383.000000,1763407800.0
1763407800.0,239.410004,239.826004,237.580002,238.500000,3310763.000000,1763411400.0
1763411400.0,238.660004,240.639999,237.149994,240.574997,2832584.000000,1763415000.0
1763476200.0,236.679993,238.000000,224.710007,228.149994,13713168.000000,1763479800.0
1763479800.0,228.154999,231.880005,225.910004,231.110001,5313024.000000,1763483400.0
1763483400.0,231.059998,232.749893,230.160004,230.669998,3927091.000000,1763487000.0
1763487000.0,230.664993,234.740005,230.119995,233.414993,3321555.000000,1763490600.0
1763490600.0,233.479996,234.559998,231.179993,231.565002,2295421.000000,1763494200.0
1763494200.0,231.630005,233.574905,230.899994,231.800003,2142084.000000,1763497800.0
1763497800.0,231.929993,232.199997,230.139999,230.229996,2133878.000000,1763501400.0
1763562600.0,230.259995,235.270004,227.529999,234.610001,7203703.000000,1763566200.0
1763566200.0,234.710007,235.210007,226.890106,228.005005,4718349.000000,1763569800.0
1763569800.0,228.000000,228.429993,223.259995,224.009995,4981883.000000,1763573400.0
1763573400.0,223.994995,224.020004,220.500000,220.860001,4919216.000000,1763577000.0
1763577000.0,220.809998,222.699997,220.020004,220.324997,3996830.000000,1763580600.0
1763580600.0,220.360001,223.727203,219.710098,223.389999,5564647.000000,1763584200.0
1763584200.0,223.369995,224.530807,222.130005,223.539993,3742427.000000,1763587800.0
1763649000.0,232.639999,234.250000,227.539993,228.179993,10044922.000000,1763652600.0
1763652600.0,228.270004,229.800003,221.561798,222.119995,5895607.000000,1763656200.0
1763656200.0,222.110001,222.720001,209.380005,212.339996,9555517.000000,1763659800.0
1763659800.0,212.270004,214.729996,209.449997,213.020004,6257480.000000,1763663400.0
1763663400.0,212.955002,213.300003,208.679993,211.050003,4704906.000000,1763667000.0
1763667000.0,211.000000,212.139999,208.880005,209.735001,3800894.000000,1763670600.0
1763670600.0,209.779999,210.000000,204.529999,206.050003,5136102.000000,1763674200.0
1763735400.0,208.830002,208.830002,197.300003,197.470001,15438040.000000,1763739000.0
1763739000.0,197.419998,200.279999,195.020004,200.214294,8733955.000000,1763742600.0
1763742600.0,200.229996,204.770004,200.121796,204.434998,6315954.000000,1763746200.0
1763746200.0,204.509995,205.949997,200.850006,201.521805,4126600.000000,1763749800.0
1763749800.0,201.460007,207.410004,201.160004,207.235001,5522509.000000,1763753400.0
1763753400.0,207.269104,207.550003,204.770004,205.085007,4079425.000000,1763757000.0
1763757000.0,205.059998,206.220001,203.369995,203.750000,3567733.000000,1763760600.0
1763994600.0,207.160004,213.669998,205.850006,211.740005,9300452.000000,1763998200.0
1763998200.0,211.729996,214.000000,210.610001,213.914993,4040586.000000,1764001800.0
1764001800.0,213.860001,214.763596,212.990005,214.550003,2641276.000000,1764005400.0
1764005400.0,214.579895,215.884995,214.380005,215.134995,2688103.000000,1764009000.0
1764009000.0,215.134995,216.369995,214.850006,215.910095,2121325.000000,1764012600.0
1764012600.0,215.903503,216.389999,214.399994,216.080002,2664365.000000,1764016200.0
1764016200.0,216.059998,217.009995,214.929993,214.955002,2828201.000000,1764019800.0
1764081000.0,201.350006,203.245697,194.274994,196.699997,18958862.000000,1764084600.0
1764084600.0,196.649994,200.039993,196.550003,199.604996,7607623.000000,1764088200.0
1764088200.0,199.660004,200.839996,198.460007,200.160004,4424910.000000,1764091800.0
1764091800.0,200.184998,202.320099,198.860001,200.157700,4944515.000000,1764095400.0
1764095400.0,200.179993,201.279999,198.934998,199.880005,3399016.000000,1764099000.0
1764099000.0,199.830002,204.240005,198.901398,204.108704,4705921.000000,1764102600.0
1764102600.0,204.089600,206.580002,204.000107,206.139999,6047655.000000,1764106200.0
1764167400.0,210.149994,212.839996,207.000000,211.664993,11369877.000000,1764171000.0
1764171000.0,211.729996,214.360001,210.880005,214.229996,5070894.000000,1764174600.0
1764174600.0,214.270004,214.339996,211.800003,213.119995,3487889.000000,1764178200.0
1764178200.0,213.119995,213.960007,212.339996,213.410004,2489225.000000,1764181800.0
1764181800.0,213.449997,214.979996,212.800003,214.656693,2524847.000000,1764185400.0
1764185400.0,214.645004,215.589905,214.190002,215.258499,2639807.000000,1764189000.0
1764189000.0,215.270004,215.380005,213.929993,214.110001,2533786.000000,1764192600.0
1764340200.0,216.395004,218.300003,214.032196,216.821701,5953972.000000,1764343800.0
1764343800.0,216.869995,217.220001,215.550003,216.070007,2790769.000000,1764347400.0
1764347400.0,216.070007,217.190002,215.550003,216.765503,2172985.000000,1764351000.0
1764599400.0,213.964996,219.929993,213.597504,217.194397,8267354.000000,1764603000.0
1764603000.0,217.179993,218.699997,216.250000,218.115005,2965116.000000,1764606600.0
1764606600.0,218.179993,219.269806,218.059998,218.464996,2048586.000000,1764610200.0
1764610200.0,218.410095,220.130005,218.089706,219.570007,1811868.000000,1764613800.0
1764613800.0,219.642593,220.979996,219.210007,219.554993,2086440.000000,1764617400.0
1764617400.0,219.539993,220.000000,218.869995,219.531403,1465002.000000,1764621000.0
1764621000.0,219.600006,220.429993,219.259995,219.830002,1703124.000000,1764624600.0
1764685800.0,221.824997,225.979996,219.800003,222.419998,8320531.000000,1764689400.0
1764689400.0,222.369995,223.910004,216.149994,216.875000,6414474.000000,1764693000.0
1764693000.0,216.850006,218.660004,216.130005,218.179993,3813523.000000,1764696600.0
1764696600.0,218.149994,218.550003,215.949997,216.570007,2715420.000000,1764700200.0
1764700200.0,216.550003,216.720093,214.389999,215.149994,3279602.000000,1764703800.0
1764703800.0,215.110001,216.139999,214.827194,216.000000,2374663.000000,1764707400.0
1764707400.0,215.970001,216.199997,214.600006,215.179993,2459325.000000,1764711000.0
1764772200.0,216.470001,217.279999,211.779999,216.699997,7158478.000000,1764775800.0
1764775800.0,216.511002,218.199997,214.419998,215.070007,3798592.000000,1764779400.0
1764779400.0,215.130005,216.314194,214.130005,215.619995,2184022.000000,1764783000.0
1764783000.0,215.707306,216.490005,215.378296,216.324997,1406087.000000,1764786600.0
1764786600.0,216.399994,217.179596,215.660004,216.287506,1390014.000000,1764790200.0
1764790200.0,216.315002,217.130005,216.296402,216.970001,1401664.000000,1764793800.0
1764793800.0,216.979996,217.949997,216.660004,217.589996,1738727.000000,1764797400.0
1764858600.0,216.845001,218.479996,214.572906,217.370697,5003398.000000,1764862200.0
1764862200.0,217.410004,218.100006,215.670502,217.163101,2506665.000000,1764865800.0
1764865800.0,217.145004,219.119995,216.985001,217.779999,2286969.000000,1764869400.0
1764869400.0,217.744995,218.250000,216.330002,216.630005,1625920.000000,1764873000.0
1764873000.0,216.600006,216.809998,214.139999,215.190002,2065961.000000,1764876600.0
1764876600.0,215.160004,216.000000,214.289993,214.559998,1851185.000000,1764880200.0
1764880200.0,214.529999,216.110001,214.490005,216.000000,1739785.000000,1764883800.0
1764945000.0,217.164993,223.641998,216.380096,221.173203,8978089.000000,1764948600.0
1764948600.0,221.179993,221.410095,217.112000,217.114197,4788893.000000,1764952200.0
1764952200.0,217.110001,218.699997,216.240005,218.130005,2854899.000000,1764955800.0
1764955800.0,218.130005,219.539993,217.740005,219.339996,1805599.000000,1764959400.0
1764959400.0,219.330002,219.440002,218.350006,218.669998,1296809.000000,1764963000.0
1764963000.0,218.660004,218.764999,217.419998,218.070007,2254194.000000,1764966600.0
1764966600.0,218.059998,218.100006,217.000000,217.910004,1933912.000000,1764970200.0
1765204200.0,219.080002,223.059998,218.550003,219.259995,5992804.000000,1765207800.0
1765207800.0,219.229996,220.699997,218.360001,220.339996,2772048.000000,1765211400.0
1765211400.0,220.330002,220.589996,218.600006,219.475006,1827105.000000,1765215000.0
1765215000.0,219.475006,223.710007,219.230103,221.404999,4023161.000000,1765218600.0
1765218600.0,221.350006,221.470001,219.330002,220.082306,2221766.000000,1765222200.0
1765222200.0,220.039993,220.789993,219.633896,220.750000,1519704.000000,1765225800.0
1765225800.0,220.750000,221.210007,220.115005,221.050003,1603818.000000,1765229400.0
1765290600.0,221.110001,223.589996,217.906998,223.449997,6641783.000000,1765294200.0
1765294200.0,223.449997,224.839996,222.101593,222.327606,3820066.000000,1765297800.0
1765297800.0,222.327606,222.850006,220.800003,222.722397,1989744.000000,1765301400.0
1765301400.0,222.722397,223.189896,221.850006,221.889893,1379443.000000,1765305000.0
1765305000.0,221.895004,222.028793,220.649994,221.070007,1500235.000000,1765308600.0
1765308600.0,221.070007,221.389999,220.750000,220.845001,1312317.000000,1765312200.0
1765312200.0,220.845001,221.970001,220.820007,221.559998,1519028.000000,1765315800.0
1765377000.0,221.821793,222.000000,219.290100,220.089996,3780644.000000,1765380600.0
1765380600.0,220.189896,220.389893,218.669998,219.780106,2068726.000000,1765384200.0
1765384200.0,219.779999,220.800003,219.619995,219.869995,1422696.000000,1765387800.0
1765387800.0,219.789993,220.529999,219.000000,219.315002,1296837.000000,1765391400.0
1765391400.0,219.320007,221.619995,218.869995,220.470001,2278335.000000,1765395000.0
1765395000.0,220.417007,222.604996,219.490005,222.146606,2897019.000000,1765398600.0
1765398600.0,222.179993,222.339996,221.339996,221.419998,1596934.000000,1765402200.0
1765463400.0,217.809998,217.809998,210.190094,213.895004,7262695.000000,1765467000.0
1765467000.0,213.940002,214.488007,211.979996,212.835007,2719131.000000,1765470600.0
1765470600.0,212.809998,216.000000,212.809998,215.788696,2022498.000000,1765474200.0
1765474200.0,215.785004,217.949997,215.710007,217.429993,2084698.000000,1765477800.0
1765477800.0,217.380005,220.399994,217.119995,220.326004,2621296.000000,1765481400.0
1765481400.0,220.350006,221.210007,219.766495,219.850204,2316171.000000,1765485000.0
1765485000.0,219.865005,221.498901,219.789993,221.449997,1797200.000000,1765488600.0
1765549800.0,219.000000,222.490005,214.285004,214.369995,5886808.000000,1765553400.0
1765553400.0,214.369995,215.249893,210.100006,210.899994,5083983.000000,1765557000.0
1765557000.0,210.919998,213.229996,209.059998,212.160004,3754195.000000,1765560600.0
1765560600.0,212.175003,215.050003,211.595795,214.190002,2067631.000000,1765564200.0
1765564200.0,214.220001,214.359894,210.800003,211.009995,2093045.000000,1765567800.0
1765567800.0,211.020004,212.399994,210.830002,210.990005,2094196.000000,1765571400.0
1765571400.0,210.994995,211.199905,209.820007,210.800003,2611677.000000,1765575000.0
1765809000.0,212.369995,215.360001,209.059998,209.654999,6158313.000000,1765812600.0
1765812600.0,209.589996,213.149994,209.350006,212.425003,2881762.000000,1765816200.0
1765816200.0,212.410004,212.420502,210.671997,211.435394,1642235.000000,1765819800.0
1765819800.0,211.419998,212.349899,209.990005,210.360001,1614254.000000,1765823400.0
1765823400.0,210.304993,212.220001,210.009995,210.625000,1453508.000000,1765827000.0
1765827000.0,210.625000,210.699997,207.840393,207.960007,2378587.000000,1765830600.0
1765830600.0,207.955002,208.037994,206.582397,207.580002,2480542.000000,1765834200.0
1765895400.0,206.820908,209.250000,205.110001,206.470001,4826581.000000,1765899000.0
1765899000.0,206.470001,208.820007,205.889999,206.449997,2507073.000000,1765902600.0
1765902600.0,206.455002,208.202194,206.199997,207.111893,1606264.000000,1765906200.0
1765906200.0,207.080002,207.979904,206.600098,207.426895,1394725.000000,1765909800.0
1765909800.0,207.380005,209.250000,207.380005,207.964600,1904548.000000,1765913400.0
1765913400.0,207.929993,209.019897,207.509995,208.764999,1464620.000000,1765917000.0
1765917000.0,208.744995,210.220001,208.740005,209.039993,1639509.000000,1765920600.0
1765981800.0,209.899994,211.500000,205.119995,206.360001,4845888.000000,1765985400.0
1765985400.0,206.350403,206.750000,199.419998,200.699997,5326684.000000,1765989000.0
1765989000.0,200.695007,201.689896,199.800003,200.959900,2265480.000000,1765992600.0
1765992600.0,200.910004,201.500000,200.250000,200.479996,1530522.000000,1765996200.0
1765996200.0,200.460007,200.599899,198.399994,198.712708,2292418.000000,1765999800.0
1765999800.0,198.690002,199.000000,197.690002,198.220001,2215846.000000,1766003400.0
1766003400.0,198.229996,198.554993,197.529999,198.119995,2251650.000000,1766007000.0
1766068200.0,203.804993,206.360001,203.009995,205.911804,6809353.000000,1766071800.0
1766071800.0,205.899994,206.104996,202.500000,202.744995,3157407.000000,1766075400.0
1766075400.0,202.660004,204.300003,200.500107,201.285004,2402951.000000,1766079000.0
1766079000.0,201.274994,203.079895,201.070007,202.600006,1805385.000000,1766082600.0
1766082600.0,202.570007,202.940002,201.750000,201.979996,1518512.000000,1766086200.0
1766086200.0,201.975006,202.868103,200.699997,202.750000,1425624.000000,1766089800.0
1766089800.0,202.710007,202.849899,200.899994,200.979996,1541223.000000,1766093400.0
1766154600.0,204.600006,212.369995,204.200104,210.570099,9939232.000000,1766158200.0
1766158200.0,210.580002,211.750000,209.529999,211.568695,3004152.000000,1766161800.0
1766161800.0,211.600006,212.699997,211.100098,212.459000,2115612.000000,1766165400.0
1766165400.0,212.460007,213.949997,212.429993,213.600006,2668389.000000,1766169000.0
1766169000.0,213.589996,215.179993,213.100006,214.551605,2414508.000000,1766172600.0
1766172600.0,214.550003,215.080002,214.259995,214.684998,2025574.000000,1766176200.0
1766176200.0,214.669998,215.080002,213.350006,213.500000,2859180.000000,1766179800.0
1766413800.0,220.000000,220.125000,213.309998,214.221695,6976743.000000,1766417400.0
1766417400.0,214.210007,214.940002,213.360001,214.568893,3077504.000000,1766421000.0
1766421000.0,214.529999,215.139999,214.169998,214.470001,1432768.000000,1766424600.0
1766424600.0,214.472397,215.042496,214.040100,214.699905,1160604.000000,1766428200.0
1766428200.0,214.684998,214.910004,213.949997,214.360001,1062233.000000,1766431800.0
1766431800.0,214.389999,215.000000,214.190002,214.893997,1253722.000000,1766435400.0
1766435400.0,214.830093,215.000000,214.179993,215.000000,1261861.000000,1766439000.0
1766500200.0,214.199997,216.259995,212.330002,213.702393,4465056.000000,1766503800.0
1766503800.0,213.743195,215.710007,213.702698,215.430206,2016071.000000,1766507400.0
1766507400.0,215.470001,216.089996,214.910004,215.179993,1377082.000000,1766511000.0
1766511000.0,215.205002,215.429993,214.259995,214.625000,1118442.000000,1766514600.0
1766514600.0,214.630005,214.949600,214.130005,214.520004,824999.000000,1766518200.0
1766518200.0,214.520004,215.100006,214.029999,214.134995,1209502.000000,1766521800.0
1766521800.0,214.110001,217.029999,213.970001,214.869995,5595766.000000,1766525400.0
1766586600.0,214.949997,216.539993,213.979996,214.520004,3202979.000000,1766590200.0
1766590200.0,214.429993,215.419998,214.429993,214.813004,1033434.000000,1766593800.0
1766593800.0,214.850693,215.550003,214.660004,215.309998,839296.000000,1766597400.0
1766759400.0,215.414993,216.429901,213.029999,215.240005,3420821.000000,1766763000.0
1766763000.0,215.270004,216.830002,215.100006,215.255005,2311191.000000,1766766600.0
1766766600.0,215.251099,216.020004,215.110001,215.500000,988028.000000,1766770200.0
1766770200.0,215.479996,215.740005,214.843597,215.041794,1006263.000000,1766773800.0
1766773800.0,215.039993,215.369995,214.770004,215.005005,830174.000000,1766777400.0
1766777400.0,215.005005,215.129898,214.419998,214.830002,886167.000000,1766781000.0
1766781000.0,214.845001,215.210007,214.610001,214.899994,1155780.000000,1766784600.0
1767018600.0,211.619995,215.479904,209.240005,213.623199,5532475.000000,1767022200.0
1767022200.0,213.619995,214.389893,212.750000,213.889999,1944585.000000,1767025800.0
1767025800.0,213.839996,214.759995,213.339996,213.554993,1383701.000000,1767029400.0
1767029400.0,213.609894,214.770004,213.429993,214.399994,1195112.000000,1767033000.0
1767033000.0,214.405304,215.639999,214.369995,215.162903,1223393.000000,1767036600.0
1767036600.0,215.190002,216.046997,215.110001,215.520004,1256908.000000,1767040200.0
1767040200.0,215.550003,215.889999,215.130005,215.649994,1280719.000000,1767043800.0
1767105000.0,215.000000,216.339996,214.479996,215.009995,3385187.000000,1767108600.0
1767108600.0,215.059998,216.820007,214.785004,216.460007,1881464.000000,1767112200.0
1767112200.0,216.399994,216.490005,214.860001,214.979996,1501875.000000,1767115800.0
1767115800.0,215.001205,215.419998,214.830002,215.199997,1021013.000000,1767119400.0
1767119400.0,215.179993,215.330002,214.820099,215.100006,809113.000000,1767123000.0
1767123000.0,215.110001,215.209900,214.330002,214.840805,1224612.000000,1767126600.0
1767126600.0,214.820007,215.616592,214.728394,215.320007,1580948.000000,1767130200.0
1767191400.0,217.000000,217.639999,214.529999,216.169998,4200594.000000,1767195000.0
1767195000.0,216.130005,216.669998,215.050003,216.539993,1558780.000000,1767198600.0
1767198600.0,216.539993,216.550003,215.479996,216.179993,1142834.000000,1767202200.0
1767202200.0,216.190002,216.570007,215.580002,216.464996,1034971.000000,1767205800.0
1767205800.0,216.430099,217.059998,215.449997,215.490005,1122855.000000,1767209400.0
1767209400.0,215.520004,215.589996,214.399994,214.479996,1217545.000000,1767213000.0
1767213000.0,214.479996,215.179993,213.880005,214.179993,1302196.000000,1767216600.0
1767364200.0,222.054993,227.149994,221.611298,221.934998,9660819.000000,1767367800.0
1767367800.0,221.800003,223.449997,219.199997,221.639999,3671693.000000,1767371400.0
1767371400.0,221.559998,222.600006,220.410004,221.429993,1624054.000000,1767375000.0
1767375000.0,221.449997,221.800003,219.563202,221.449997,1779048.000000,1767378600.0
1767378600.0,221.500000,223.369995,220.710007,222.960007,1824549.000000,1767382200.0
1767382200.0,222.940002,225.360001,222.759995,225.181503,2587010.000000,1767385800.0
1767385800.0,225.134995,225.350006,223.220001,223.440002,2290793.000000,1767389400.0
1767623400.0,232.949997,233.339996,223.869995,224.934402,7972980.000000,1767627000.0
1767627000.0,224.929993,225.949997,224.263504,225.000504,2971485.000000,1767630600.0
1767630600.0,224.990005,225.449997,222.440002,222.979904,2658931.000000,1767634200.0
1767634200.0,222.979004,223.017395,220.529999,221.479996,1911828.000000,1767637800.0
1767637800.0,221.473602,222.000000,220.910095,221.115005,1302132.000000,1767641400.0
1767641400.0,221.149994,221.460007,220.600006,221.171005,1477663.000000,1767645000.0
1767645000.0,221.179993,221.669998,220.479996,221.059998,1698533.000000,1767648600.0
1767709800.0,222.919998,222.919998,215.940002,216.630005,7242662.000000,1767713400.0
1767713400.0,216.630005,216.630005,211.619995,212.699997,7021885.000000,1767717000.0
1767717000.0,212.699997,213.839905,211.460007,211.520004,2878870.000000,1767720600.0
1767720600.0,211.509995,213.850006,211.369995,213.850006,3525395.000000,1767724200.0
1767724200.0,213.820007,214.500000,212.600006,213.630005,2568389.000000,1767727800.0
1767727800.0,213.698395,214.330002,213.270004,214.134995,2408692.000000,1767731400.0
1767731400.0,214.110001,214.720001,214.029999,214.610001,1657027.000000,1767735000.0
1767796200.0,211.899994,212.029907,207.169998,210.654999,8347892.000000,1767799800.0
1767799800.0,210.667999,210.869995,208.350006,209.335007,3200060.000000,1767803400.0
1767803400.0,209.350006,211.169998,209.320007,211.100006,1915351.000000,1767807000.0
1767807000.0,211.050003,211.119995,209.669998,209.680099,1778606.000000,1767810600.0
1767810600.0,209.710007,210.057007,208.800003,209.354004,1553929.000000,1767814200.0
1767814200.0,209.354996,210.250000,209.100006,209.494995,1741358.000000,1767817800.0
1767817800.0,209.470001,210.080002,209.210007,210.000000,1653852.000000,1767821400.0
1767882600.0,209.289993,209.939896,205.050003,207.606995,5436495.000000,1767886200.0
1767886200.0,207.589996,207.649994,203.869995,204.399994,3920082.000000,1767889800.0
1767889800.0,204.350006,205.009995,204.050003,204.410004,2004504.000000,1767893400.0
1767893400.0,204.410004,205.029999,204.020004,204.402695,1528089.000000,1767897000.0
1767897000.0,204.414993,204.600006,203.330002,203.714996,1715603.000000,1767900600.0
1767900600.0,203.705002,204.629898,203.630005,204.604996,1584665.000000,1767904200.0
1767904200.0,204.610001,204.940002,204.360001,204.699997,1731057.000000,1767907800.0
1767969000.0,205.000000,206.809998,203.070007,205.889999,4859649.000000,1767972600.0
1767972600.0,205.949997,207.300003,205.199997,206.830002,2913434.000000,1767976200.0
1767976200.0,206.779999,207.073593,206.029999,206.154999,1319429.000000,1767979800.0
1767979800.0,206.169907,206.431595,204.679993,205.270004,1396087.000000,1767983400.0
1767983400.0,205.259995,205.619995,204.449997,204.505005,1343271.000000,1767987000.0
1767987000.0,204.509995,204.899994,204.119995,204.154999,1909237.000000,1767990600.0
1767990600.0,204.139999,204.199997,203.089996,203.139999,2286637.000000,1767994200.0
1768228200.0,201.125000,209.169998,199.800003,208.854996,6737387.000000,1768231800.0
1768231800.0,208.835007,208.860001,206.949997,208.111694,3059287.000000,1768235400.0
1768235400.0,208.145004,209.080002,207.690002,208.949997,1993873.000000,1768239000.0
1768239000.0,208.929993,209.880005,208.750107,209.024597,2619221.000000,1768242600.0
1768242600.0,209.024597,209.210007,207.809998,208.794998,1418088.000000,1768246200.0
1768246200.0,208.794998,209.220001,208.449997,208.690002,1470580.000000,1768249800.0
1768249800.0,208.639999,208.729996,207.639999,207.669998,1500751.000000,1768253400.0
1768314600.0,215.119995,222.229996,214.990005,218.214996,19358241.000000,1768318200.0
1768318200.0,218.179993,220.000000,216.970001,218.360001,4699097.000000,1768321800.0
1768321800.0,218.304001,223.110001,218.160095,221.399994,4892241.000000,1768325400.0
1768325400.0,221.399994,221.600006,219.580002,220.934601,3260827.000000,1768329000.0
1768329000.0,220.955002,222.160004,219.949997,221.865005,2661414.000000,1768332600.0
1768332600.0,221.850006,222.729996,221.460007,221.729996,2833921.000000,1768336200.0
1768336200.0,221.729996,222.990005,220.740005,221.020004,3196027.000000,1768339800.0
1768401000.0,217.679993,223.910004,215.110001,222.225006,8814798.000000,1768404600.0
1768404600.0,222.250000,223.699997,219.112000,223.145004,6258339.000000,1768408200.0
1768408200.0,223.119995,224.089996,220.036194,221.309998,4312978.000000,1768411800.0
1768411800.0,221.330002,222.660004,220.339996,222.630005,2058823.000000,1768415400.0
1768415400.0,222.630005,222.750793,221.259995,221.782501,1990926.000000,1768419000.0
1768419000.0,221.800003,223.350006,219.860001,221.384995,2936675.000000,1768422600.0
1768422600.0,221.440002,223.679993,221.399994,223.529999,2475336.000000,1768426200.0
1768487400.0,229.955002,238.100006,228.449997,235.720001,15563596.000000,1768491000.0
1768491000.0,235.720001,238.009995,235.199997,236.399994,5214569.000000,1768494600.0
1768494600.0,236.309998,237.270004,235.440002,236.089996,3464582.000000,1768498200.0
1768498200.0,236.149994,238.350006,235.800003,237.652496,3559680.000000,1768501800.0
1768501800.0,237.630005,237.869995,233.660004,233.899994,3397390.000000,1768505400.0
1768505400.0,233.880005,233.929993,229.419998,229.929993,3951600.000000,1768509000.0
1768509000.0,229.910004,230.000000,227.220001,227.899994,3728811.000000,1768512600.0
1768573800.0,233.789993,233.990005,228.860001,231.589996,10629119.000000,1768577400.0
1768577400.0,231.544998,233.880005,230.399994,232.970001,3849098.000000,1768581000.0
1768581000.0,232.975006,234.367493,231.289993,234.320602,2663419.000000,1768584600.0
1768584600.0,234.285004,234.460007,231.500000,231.529999,3374106.000000,1768588200.0
1768588200.0,231.529999,231.880005,230.559998,231.475006,1895054.000000,1768591800.0
1768591800.0,231.470001,232.960007,231.369995,232.179993,1876807.000000,1768595400.0
1768595400.0,232.160004,232.470001,231.479996,231.800003,2062199.000000,1768599000.0
1768919400.0,226.000000,237.580002,225.538498,237.289993,11663793.000000,1768923000.0
1768923000.0,237.220001,239.479996,236.630005,238.365005,5723258.000000,1768926600.0
1768926600.0,238.330002,239.490005,235.960007,236.100006,3808978.000000,1768930200.0
1768930200.0,236.163498,236.324097,233.494995,233.591904,2594755.000000,1768933800.0
1768933800.0,233.509995,233.709900,231.110001,231.589996,2653578.000000,1768937400.0
1768937400.0,231.610001,232.169907,230.800003,231.416000,2419341.000000,1768941000.0
1768941000.0,231.475006,232.699997,231.210007,231.940002,2406362.000000,1768944600.0
1769005800.0,235.990005,247.960007,235.779999,246.750000,14492436.000000,1769009400.0
1769009400.0,246.809998,252.899994,246.809998,252.350006,8606776.000000,1769013000.0
1769013000.0,252.330002,252.500000,244.779999,245.609894,5880733.000000,1769016600.0
1769016600.0,245.529999,247.720001,244.250000,245.179993,3674961.000000,1769020200.0
1769020200.0,245.229996,248.279999,244.220001,247.925003,2413981.000000,1769023800.0
1769023800.0,247.970001,251.549896,247.154999,249.199997,5071328.000000,1769027400.0
1769027400.0,249.199997,250.279907,248.379807,249.660004,2891206.000000,1769031000.0
1769092200.0,250.294998,252.000000,246.632004,250.262497,9583260.000000,1769095800.0
1769095800.0,250.300003,253.990005,249.860107,253.410004,4086358.000000,1769099400.0
1769099400.0,253.473801,256.049988,253.199997,255.001602,3742572.000000,1769103000.0
1769103000.0,255.020004,255.289993,253.449997,253.960007,2242272.000000,1769106600.0
1769106600.0,253.940002,254.759995,252.410004,254.479996,1773873.000000,1769110200.0
1769110200.0,254.500000,254.639999,252.929993,253.020004,1873800.000000,1769113800.0
1769113800.0,253.000000,253.849899,252.690002,253.729996,1848705.000000,1769117400.0
1769178600.0,261.299988,266.950012,258.059998,264.005005,16325110.000000,1769182200.0
1769182200.0,264.040009,264.040009,260.570007,261.114990,3936963.000000,1769185800.0
1769185800.0,261.179993,262.079987,258.450195,259.265015,3191038.000000,1769189400.0
1769189400.0,259.209991,259.290009,256.250000,258.309998,3435792.000000,1769193000.0
1769193000.0,258.304993,258.329987,256.250092,257.549988,2384295.000000,1769196600.0
1769196600.0,257.524994,259.850006,257.339996,258.619995,2623155.000000,1769200200.0
1769200200.0,258.579987,259.766510,257.920013,259.600006,2455084.000000,1769203800.0
1769437800.0,256.744995,258.289886,250.770004,251.000000,6854486.000000,1769441400.0
1769441400.0,251.029999,254.159897,250.309998,252.479996,3736840.000000,1769445000.0
1769445000.0,252.489105,253.936996,251.970001,253.429993,2123256.000000,1769448600.0
1769448600.0,253.429993,253.615799,252.366806,252.910004,1541422.000000,1769452200.0
1769452200.0,252.955002,254.210007,252.449997,252.922501,2160055.000000,1769455800.0
1769455800.0,252.889999,253.000000,250.699997,251.565002,2170983.000000,1769459400.0
1769459400.0,251.580002,251.689896,250.720001,251.320007,1757218.000000,1769463000.0
1769524200.0,252.160004,255.550003,247.960007,253.999603,6901354.000000,1769527800.0
1769527800.0,253.970001,254.360001,252.220001,252.344803,2223726.000000,1769531400.0
1769531400.0,252.339996,253.100006,251.600006,252.539993,1749155.000000,1769535000.0
1769535000.0,252.544998,252.630005,250.559998,250.750000,2135398.000000,1769538600.0
1769538600.0,250.744995,251.419998,249.860001,251.089996,1708591.000000,1769542200.0
1769542200.0,251.059998,252.149994,250.050003,251.630005,2215132.000000,1769545800.0
1769545800.0,251.610001,252.130005,250.919998,252.039993,1509257.000000,1769549400.0
1769610600.0,254.199997,257.369995,252.699997,252.895004,6147690.000000,1769614200.0
1769614200.0,252.850006,253.570007,252.030106,253.199997,2880881.000000,1769617800.0
1769617800.0,253.100006,253.169998,251.449997,251.860001,1700170.000000,1769621400.0
1769621400.0,251.800003,252.289993,251.110001,251.869995,1735990.000000,1769625000.0
1769625000.0,251.889999,252.100006,250.679993,251.244995,2059802.000000,1769628600.0
1769628600.0,251.270004,253.349899,250.214996,252.759995,2435294.000000,1769632200.0
1769632200.0,252.750000,253.190002,252.500000,252.740005,1616590.000000,1769635800.0
1769697000.0,254.654999,260.529785,247.380005,247.539993,6880283.000000,1769700600.0
1769700600.0,247.529999,248.470001,240.910004,244.270004,4589672.000000,1769704200.0
1769704200.0,244.300003,248.800003,243.539398,248.473495,2634181.000000,1769707800.0
1769707800.0,248.449997,249.649994,247.490005,247.830002,2133623.000000,1769711400.0
1769711400.0,247.780106,248.848099,247.000000,248.725006,1578731.000000,1769715000.0
1769715000.0,248.729996,249.250000,247.970001,248.639999,1691431.000000,1769718600.0
1769718600.0,248.580002,252.229996,248.389999,252.089996,2343341.000000,1769722200.0
1769783400.0,236.910004,245.240005,235.759995,242.130005,8922223.000000,1769787000.0
1769787000.0,242.149994,242.902100,241.500000,242.845001,323977.000000,1769790600.0
1770057000.0,249.729996,249.970001,249.070007,249.660095,11058385.000000,1770060600.0
1770060600.0,249.660004,249.729996,245.770004,246.889999,2398877.000000,1770064200.0
1770064200.0,246.850006,246.889999,245.179993,246.270004,2150312.000000,1770067800.0
1770129000.0,251.502502,252.639999,241.744003,243.570007,8254209.000000,1770132600.0
1770132600.0,243.490005,246.000000,242.110001,244.229996,3145520.000000,1770136200.0
1770136200.0,244.149994,245.259995,241.850006,242.539993,2124094.000000,1770139800.0
1770139800.0,242.470001,242.470001,239.169998,239.889999,2363685.000000,1770143400.0
1770143400.0,239.830002,241.485001,237.037598,240.360001,3612089.000000,1770147000.0
1770147000.0,240.311798,243.249893,239.350098,242.914993,3857326.000000,1770150600.0
1770150600.0,242.970001,245.231796,241.899994,242.190002,14594054.000000,1770154200.0
1770215400.0,215.440002,218.449997,206.000000,208.470001,26721715.000000,1770219000.0
1770219000.0,208.380005,209.014999,203.139999,204.190002,11725647.000000,1770222600.0
1770222600.0,204.150101,204.229996,200.449997,200.630005,9061120.000000,1770226200.0
1770226200.0,200.610001,203.309998,199.150101,202.244995,8119076.000000,1770229800.0
1770229800.0,202.261795,202.279999,199.729996,200.990997,5885182.000000,1770233400.0
1770233400.0,200.949997,204.250000,200.902298,201.649994,7605624.000000,1770237000.0
1770237000.0,201.600006,203.649994,200.059998,200.460007,5652380.000000,1770240600.0
1770301800.0,201.854996,204.039993,192.809998,193.059998,15212729.000000,1770305400.0
1770305400.0,193.097504,196.779999,191.074997,196.279999,7998730.000000,1770309000.0
1770309000.0,196.360001,196.669998,193.029999,194.880005,5028551.000000,1770312600.0
1770312600.0,194.964996,195.419998,192.300003,192.399994,3367984.000000,1770316200.0
1770316200.0,192.360001,193.600006,191.009995,191.949997,3860844.000000,1770319800.0
1770319800.0,191.960007,193.608002,190.720001,191.029999,4133897.000000,1770323400.0
1770323400.0,191.009995,192.669998,190.780106,192.490005,3582781.000000,1770327000.0
1770388200.0,197.130005,206.660004,196.429993,204.835007,16036166.000000,1770391800.0
1770391800.0,204.869995,208.270004,204.250000,207.679993,5592899.000000,1770395400.0
1770395400.0,207.699997,208.389999,206.679993,208.054993,3518561.000000,1770399000.0
1770399000.0,208.073593,209.050003,207.199997,207.585007,3022243.000000,1770402600.0
1770402600.0,207.585007,207.970001,206.250000,206.919998,2269375.000000,1770406200.0
1770406200.0,206.960007,207.960007,206.020004,207.884995,3248984.000000,1770409800.0
1770409800.0,207.880005,209.270004,207.619995,208.320007,3391836.000000,1770413400.0
1770647400.0,206.804993,215.259995,204.149994,212.259995,10165223.000000,1770651000.0
1770651000.0,212.289993,216.080002,212.230103,215.449905,3970954.000000,1770654600.0
1770654600.0,215.309998,216.779999,215.229996,215.979996,3228558.000000,1770658200.0
1770658200.0,216.059998,216.369995,214.330002,215.179993,2580025.000000,1770661800.0
1770661800.0,215.214996,217.410004,215.011505,217.294998,2507669.000000,1770665400.0
1770665400.0,217.294998,217.600006,215.789993,216.264999,2769767.000000,1770669000.0
1770669000.0,216.240005,216.479996,215.582001,215.800003,2541856.000000,1770672600.0
1770733800.0,215.240005,219.389999,214.259995,215.580002,6465930.000000,1770737400.0
1770737400.0,215.630005,217.779907,215.029999,216.820007,3440438.000000,1770741000.0
1770741000.0,216.800003,217.250000,215.149994,215.410004,1821933.000000,1770744600.0
1770744600.0,215.419998,216.179993,214.615005,214.860001,1477653.000000,1770748200.0
1770748200.0,214.830002,215.580002,214.130005,215.300003,1315424.000000,1770751800.0
1770751800.0,215.294998,215.610001,213.570007,213.669998,1730580.000000,1770755400.0
1770755400.0,213.630005,214.100006,213.130005,213.619995,1668249.000000,1770759000.0
1770820200.0,217.649994,219.649994,209.210007,209.727493,7854316.000000,1770823800.0
1770823800.0,209.839996,214.809998,209.610001,212.529999,4307172.000000,1770827400.0
1770827400.0,212.550003,213.330002,209.767502,211.360001,3050805.000000,1770831000.0
1770831000.0,211.330002,212.500000,210.156906,211.037994,1837838.000000,1770834600.0
1770834600.0,211.050003,213.880005,210.559998,213.568604,2198680.000000,1770838200.0
1770838200.0,213.600006,214.240005,212.529999,212.550003,2193168.000000,1770841800.0
1770841800.0,212.550003,214.199997,212.479996,213.490005,2142671.000000,1770845400.0
1770906600.0,215.639999,218.456406,211.641006,214.009995,5928635.000000,1770910200.0
1770910200.0,214.026505,214.139999,206.151398,206.240005,4091447.000000,1770913800.0
1770913800.0,206.228607,208.953705,205.837296,207.520004,2752796.000000,1770917400.0
1770917400.0,207.550003,209.279999,206.710007,207.600006,1725946.000000,1770921000.0
1770921000.0,207.679993,208.549896,206.449997,206.660004,1744856.000000,1770924600.0
1770924600.0,206.759995,207.865204,205.350006,205.559998,1951212.000000,1770928200.0
1770928200.0,205.627502,207.219894,205.139999,205.919998,2383313.000000,1770931800.0
1770993000.0,204.020004,210.050003,203.880096,207.899994,6555210.000000,1770996600.0
1770996600.0,207.820007,209.220001,204.039993,207.065002,3456238.000000,1771000200.0
1771000200.0,207.070007,208.520004,206.335007,208.309998,1558443.000000,1771003800.0
1771003800.0,208.259995,209.399994,207.970001,208.498901,1597659.000000,1771007400.0
1771007400.0,208.589996,209.490005,207.264999,207.400101,1088606.000000,1771011000.0
1771011000.0,207.470001,208.149994,206.529999,207.054993,1282891.000000,1771014600.0
1771014600.0,207.029999,207.750000,206.610001,207.300003,6629247.000000,1771018200.0
1771338600.0,202.145004,205.300003,194.830002,196.830093,8688443.000000,1771342200.0
1771342200.0,196.889999,202.850006,195.940002,201.999496,3780950.000000,1771345800.0
1771345800.0,202.000000,203.550003,201.550003,202.747299,2311607.000000,1771349400.0
1771349400.0,202.789993,203.750000,201.250000,203.427307,1513026.000000,1771353000.0
1771353000.0,203.399994,204.339996,203.110001,203.788803,1396621.000000,1771356600.0
1771356600.0,203.815002,204.960007,202.500000,202.539993,1682823.000000,1771360200.0
1771360200.0,202.509995,203.410004,202.000000,203.044998,1799157.000000,1771363800.0
1771425000.0,198.570007,201.330002,195.000107,200.199997,9292394.000000,1771428600.0
1771428600.0,200.214996,202.440002,199.110001,202.279999,4005614.000000,1771432200.0
1771432200.0,202.279999,203.089996,201.741501,202.474594,2392979.000000,1771435800.0
1771435800.0,202.442795,203.199997,201.889999,202.169998,1725746.000000,1771439400.0
1771439400.0,202.249893,202.309998,200.160004,200.349899,2095528.000000,1771443000.0
1771443000.0,200.324997,200.470001,197.369995,197.966400,3216903.000000,1771446600.0
1771446600.0,197.910004,200.419998,197.839996,200.110001,2853497.000000,1771450200.0
1771511400.0,200.110001,203.369995,198.293900,201.914993,5232689.000000,1771515000.0
1771515000.0,201.910004,204.100006,200.904999,201.059998,3142603.000000,1771518600.0
1771518600.0,201.110001,202.159897,200.900101,201.490005,2652882.000000,1771522200.0
1771522200.0,201.460007,201.799896,199.861801,200.779999,1939143.000000,1771525800.0
1771525800.0,200.699997,202.879898,200.478806,202.475006,1665752.000000,1771529400.0
1771529400.0,202.429993,203.169998,201.789993,202.059998,1945879.000000,1771533000.0
1771533000.0,201.990005,203.460007,201.899994,203.350006,1603568.000000,1771536600.0
1771597800.0,200.115005,203.500198,199.199997,202.319901,6275346.000000,1771601400.0
1771601400.0,202.247498,204.869995,201.110107,201.917007,3285912.000000,1771605000.0
1771605000.0,201.889999,202.789993,199.039993,199.259995,2872586.000000,1771608600.0
1771608600.0,199.264999,200.070007,198.559998,199.177994,3862809.000000,1771612200.0
1771612200.0,199.104996,201.860001,198.649994,200.119995,2540937.000000,1771615800.0
1771615800.0,200.119995,200.529999,199.149994,199.800003,2332579.000000,1771619400.0
1771619400.0,199.770004,200.199997,199.294998,200.119995,1983850.000000,1771623000.0
1771857000.0,198.089996,199.380005,194.149994,197.960007,5940781.000000,1771860600.0
1771860600.0,198.050003,198.319305,194.880096,196.630005,3118148.000000,1771864200.0
1771864200.0,196.610001,197.089996,195.539993,196.565002,2221861.000000,1771867800.0
1771867800.0,196.589996,196.839996,194.649994,196.634995,5832869.000000,1771871400.0
1771871400.0,196.649994,196.669998,194.899994,195.220001,2555141.000000,1771875000.0
1771875000.0,195.205002,195.580002,194.510101,194.919998,0.000000,1771878600.0
1771878600.0,194.899994,196.770004,194.899994,196.589996,2320888.000000,1771882200.0
1771943400.0,211.660004,213.429993,206.509995,212.460007,25482284.000000,1771947000.0
1771947000.0,212.485001,212.750000,208.960007,211.009995,6657836.000000,1771950600.0
1771950600.0,211.000000,214.949997,209.620102,214.470001,6585299.000000,1771954200.0
1771954200.0,214.461807,216.710007,214.360001,216.210007,6137795.000000,1771957800.0
1771957800.0,216.210007,216.500000,213.380005,213.460007,4748835.000000,1771961400.0
1771961400.0,213.475006,215.020004,212.389999,213.029999,4208340.000000,1771965000.0
1771965000.0,213.039993,214.429993,212.990005,213.729996,3905579.000000,1771968600.0
1772029800.0,214.820007,216.699997,210.330002,213.735001,9310897.000000,1772033400.0
1772033400.0,213.750000,214.039993,210.770004,212.050003,4540841.000000,1772037000.0
1772037000.0,212.039993,214.000000,211.270096,212.804993,3876472.000000,1772040600.0
1772040600.0,212.800003,213.059998,211.960007,212.460007,1874814.000000,1772044200.0
1772044200.0,212.451508,213.739899,212.060104,212.129196,2669396.000000,1772047800.0
1772047800.0,212.080002,212.169907,210.820007,211.220001,3458767.000000,1772051400.0
1772051400.0,211.220001,211.559906,210.500000,210.860001,2738576.000000,1772055000.0
1772116200.0,208.949997,209.771301,201.880005,202.550095,8663402.000000,1772119800.0
1772119800.0,202.550003,204.850006,201.850006,203.460007,3873019.000000,1772123400.0
1772123400.0,203.429993,203.869995,201.899994,202.419998,2514441.000000,1772127000.0
1772127000.0,202.380005,203.309998,201.460007,202.330002,2291976.000000,1772130600.0
1772130600.0,202.330002,203.970001,202.300095,203.119995,1933167.000000,1772134200.0
1772134200.0,203.080002,204.039902,202.429993,202.500000,2080345.000000,1772137800.0
1772137800.0,202.470001,203.809998,202.470001,203.669998,2019580.000000,1772141400.0
1772202600.0,199.949997,201.880005,198.029999,200.839996,5975576.000000,1772206200.0
1772206200.0,200.850006,201.139999,199.649994,200.369995,2626721.000000,1772209800.0
1772209800.0,200.377808,200.910004,198.899994,199.429993,2464139.000000,1772213400.0
1772213400.0,199.429993,199.899994,197.970001,198.380005,1925954.000000,1772217000.0
1772217000.0,198.378403,198.539993,197.740005,198.149994,1849086.000000,1772220600.0
1772220600.0,198.160004,199.910004,197.880005,199.452805,2137602.000000,1772224200.0
1772224200.0,199.449997,200.610001,199.190002,200.190002,2228804.000000,1772227800.0
1772461800.0,193.809998,196.100006,190.000000,193.699997,12116225.000000,1772465400.0
1772465400.0,193.669998,195.529999,193.149994,195.059998,0.000000,1772469000.0
1772469000.0,195.054993,198.077698,194.869995,197.714996,2755627.000000,1772472600.0
1772472600.0,197.705002,197.949997,196.320007,196.750000,1885831.000000,1772476200.0
1772476200.0,196.789993,197.479996,196.059998,197.240005,1707529.000000,1772479800.0
1772479800.0,197.235001,198.369995,196.510101,196.830002,9712239.000000,1772483400.0
1772483400.0,196.830002,198.729996,196.729996,198.610001,3295024.000000,1772487000.0
1772548200.0,191.460007,193.639999,188.529999,188.735107,10340116.000000,1772551800.0
1772551800.0,188.690002,191.300003,188.220001,191.005005,5706460.000000,1772555400.0
1772555400.0,190.994995,191.690002,190.179993,191.399994,3122170.000000,1772559000.0
1772559000.0,191.393005,192.199997,190.100006,191.430405,3171533.000000,1772562600.0
1772562600.0,191.470001,192.419998,191.020004,191.300003,3272720.000000,1772566200.0
1772566200.0,191.309998,192.550003,190.589996,191.240005,4047397.000000,1772569800.0
1772569800.0,191.199997,191.699997,190.500000,190.970001,3839373.000000,1772573400.0
1772634600.0,192.169998,197.000000,189.860001,196.259995,9440190.000000,1772638200.0
1772638200.0,196.259995,198.537201,196.150101,197.850006,5437711.000000,1772641800.0
1772641800.0,197.820007,200.270004,197.179993,200.179993,4358026.000000,1772645400.0
1772645400.0,200.179993,201.500000,199.449997,201.279999,4154708.000000,1772649000.0
1772649000.0,201.300003,202.440002,201.070007,201.119995,3703915.000000,1772652600.0
1772652600.0,201.130005,202.410004,201.070007,201.250000,4127962.000000,1772656200.0
1772656200.0,201.210007,202.220001,200.850006,202.059998,4501970.000000,1772659800.0
1772721000.0,197.770004,203.789993,197.455002,200.615005,8653309.000000,1772724600.0
1772724600.0,200.669998,202.720001,199.500000,200.856201,3891348.000000,1772728200.0
1772728200.0,200.880005,202.740005,199.320007,199.429993,2728030.000000,1772731800.0
1772731800.0,199.509995,199.630005,194.880005,195.725006,5563933.000000,1772735400.0
1772735400.0,195.699997,197.289993,195.339996,195.744995,2981162.000000,1772739000.0
1772739000.0,195.720001,198.119995,195.000000,197.595001,4676752.000000,1772742600.0
1772742600.0,197.570007,199.580002,197.400101,199.460007,4097051.000000,1772746200.0
1772807400.0,195.160004,198.880005,194.949997,198.199997,6753431.000000,1772811000.0
1772811000.0,198.259995,199.419907,197.080002,198.709900,3378566.000000,1772814600.0
1772814600.0,198.699997,200.240005,197.949997,198.190002,2602877.000000,1772818200.0
1772818200.0,198.190002,199.199905,197.139999,197.990005,2146679.000000,1772821800.0
1772821800.0,197.988800,198.259995,195.850006,196.500107,2865046.000000,1772825400.0
1772825400.0,196.490005,196.800003,192.009995,192.119507,5909132.000000,1772829000.0
1772829000.0,192.080002,193.789993,191.250107,192.449997,5402422.000000,1772832600.0
1773063000.0,189.020004,193.419907,189.020004,192.020004,8265872.000000,1773066600.0
1773066600.0,191.960007,196.029999,191.740005,195.669998,5466172.000000,1773070200.0
1773070200.0,195.664993,197.139999,194.421707,196.800003,3912815.000000,1773073800.0
1773073800.0,196.774994,197.909897,195.960007,196.445007,3146412.000000,1773077400.0
1773077400.0,196.410004,197.714996,195.660095,197.199997,2561002.000000,1773081000.0
1773081000.0,197.190002,202.289993,197.029999,202.100098,5345743.000000,1773084600.0
1773084600.0,202.089996,202.970001,200.850006,202.729996,5621084.000000,1773088200.0
1773149400.0,204.429993,206.589996,202.199997,203.164993,7634952.000000,1773153000.0
1773153000.0,203.170105,206.410004,203.162399,204.835007,4610504.000000,1773156600.0
1773156600.0,204.899994,204.960007,203.229996,204.100006,3095499.000000,1773160200.0
1773160200.0,204.115005,206.119995,204.000000,205.909500,2405318.000000,1773163800.0
1773163800.0,205.880005,205.959900,203.199997,204.104996,2676435.000000,1773167400.0
1773167400.0,204.169998,204.770004,203.300003,203.664993,2418291.000000,1773171000.0
1773171000.0,203.690002,203.964996,202.320007,203.240005,2783409.000000,1773174600.0
1773235800.0,205.100006,209.210007,204.720001,207.039993,7585494.000000,1773239400.0
1773239400.0,206.989395,207.149902,204.990005,205.316605,3257505.000000,1773243000.0
1773243000.0,205.320007,206.050003,204.296005,204.699997,2231271.000000,1773246600.0
1773246600.0,204.710007,205.600006,204.419998,205.425003,1540523.000000,1773250200.0
1773250200.0,205.440002,205.440002,203.630005,204.449997,1941132.000000,1773253800.0
1773253800.0,204.369995,205.070496,203.690094,204.220001,2520621.000000,1773257400.0
1773257400.0,204.169998,205.199997,203.990005,204.750000,1885140.000000,1773261000.0
1773322200.0,202.949997,203.619995,198.080002,198.380005,7622548.000000,1773325800.0
1773325800.0,198.381805,199.210007,196.669998,197.679993,4362330.000000,1773329400.0
1773329400.0,197.669998,200.000000,197.300003,198.770004,3647296.000000,1773333000.0
1773333000.0,198.740005,199.755005,198.300003,198.774994,2228656.000000,1773336600.0
1773336600.0,198.800003,199.020004,197.720001,198.190002,1704400.000000,1773340200.0
1773340200.0,198.149994,198.469894,197.160004,198.230103,2476424.000000,1773343800.0
1773343800.0,198.240005,198.600006,197.089996,197.820007,3019925.000000,1773347400.0
1773408600.0,198.115005,199.679993,196.440002,197.000000,6487504.000000,1773412200.0
1773412200.0,197.029999,197.600006,194.500000,194.669998,4872778.000000,1773415800.0
1773415800.0,194.679993,195.139999,193.339996,193.720001,3185884.000000,1773419400.0
1773419400.0,193.750000,194.460007,193.239502,194.029999,2759823.000000,1773423000.0
1773423000.0,194.065994,194.089996,192.865005,193.304993,2621977.000000,1773426600.0
1773426600.0,193.294998,193.839996,192.270004,192.630005,2913621.000000,1773430200.0
1773430200.0,192.649994,193.440002,192.470001,193.440002,2795726.000000,1773433800.0
1773667800.0,194.845001,198.429993,194.800003,197.686005,5655620.000000,1773671400.0
1773671400.0,197.719894,200.169998,196.750000,199.865005,3613209.000000,1773675000.0
1773675000.0,199.889999,200.154999,198.080002,198.399994,6561379.000000,1773678600.0
1773678600.0,198.419907,199.129898,198.110107,198.520004,0.000000,1773682200.0
1773682200.0,198.539993,199.399994,198.179993,198.899994,2058357.000000,1773685800.0
1773685800.0,198.899994,199.130005,196.750000,197.299896,3266421.000000,1773689400.0
1773689400.0,197.270004,197.270004,195.710007,196.600006,2118184.000000,1773693000.0
1773754200.0,196.679993,199.210007,195.399994,198.264999,5041953.000000,1773757800.0
1773757800.0,198.289993,198.600006,196.250000,196.259995,4456163.000000,1773761400.0
1773761400.0,196.250000,196.735001,195.259995,196.289993,242365.000000,1773765000.0
1773765000.0,196.259995,196.675003,195.470001,196.044998,1816770.000000,1773768600.0
1773768600.0,196.020004,197.089996,195.789993,196.570007,1514972.000000,1773772200.0
1773772200.0,196.529999,196.929993,196.000000,196.274994,1162340.000000,1773775800.0
1773775800.0,196.300003,196.740005,196.009995,196.309998,1316118.000000,1773779400.0
1773840600.0,196.125000,200.740005,195.750000,198.570007,5980737.000000,1773844200.0
1773844200.0,198.460007,200.750000,198.220001,199.257401,2946753.000000,1773847800.0
1773847800.0,199.139999,200.509995,199.110001,199.729996,1892886.000000,1773851400.0
1773851400.0,199.729996,200.289993,199.130005,199.699997,4962659.000000,1773855000.0
1773855000.0,199.750000,202.850006,199.510101,201.309998,0.000000,1773858600.0
1773858600.0,201.279999,201.759995,199.100006,199.459900,2738661.000000,1773862200.0
1773862200.0,199.440002,199.979996,199.259995,199.440002,1896014.000000,1773865800.0
1773927000.0,195.031998,198.419998,192.830002,197.220001,8219538.000000,1773930600.0
1773930600.0,197.149994,200.399994,197.119995,199.070007,758218.000000,1773934200.0
1773934200.0,199.044006,201.149994,198.210007,200.899994,2438505.000000,1773937800.0
1773937800.0,200.899994,201.440002,199.240005,200.259903,2066773.000000,1773941400.0
1773941400.0,200.259995,203.099304,200.029999,202.869995,2462621.000000,1773945000.0
1773945000.0,202.940002,205.619797,201.630005,205.029999,3521567.000000,1773948600.0
1773948600.0,205.050003,205.880005,204.110001,205.229996,2892865.000000,1773952200.0
1774013400.0,205.419006,206.300003,199.669998,199.800003,8469832.000000,1774017000.0
1774017000.0,199.820007,202.589996,199.800003,201.899994,3831259.000000,1774020600.0
1774020600.0,201.895004,202.949905,201.610001,202.009995,3336868.000000,1774024200.0
1774024200.0,202.059998,202.059998,200.210007,200.349899,2104367.000000,1774027800.0
1774027800.0,200.350006,200.500000,198.919998,199.570007,2419974.000000,1774031400.0
1774031400.0,199.600006,199.669403,198.259995,198.770004,2836610.000000,1774035000.0
1774035000.0,198.800003,201.479996,198.440002,201.470001,3751152.000000,1774038600.0
1774272600.0,206.395004,209.059998,205.789993,207.380005,9396405.000000,1774276200.0
1774276200.0,207.365005,208.250000,205.710007,206.990005,4844202.000000,1774279800.0
1774279800.0,207.000000,207.699997,201.710007,202.570007,4300511.000000,1774283400.0
1774283400.0,202.604996,204.369995,202.509995,203.544998,2533234.000000,1774287000.0
1774287000.0,203.595001,205.130005,203.595001,204.589996,2180776.000000,1774290600.0
1774290600.0,204.630005,205.899994,203.910095,204.490005,2645920.000000,1774294200.0
1774294200.0,204.455002,204.660004,202.619995,202.619995,2679030.000000,1774297800.0
1774359000.0,201.389999,204.919998,200.160004,201.000000,5751688.000000,1774362600.0
1774362600.0,200.945007,205.130005,200.918396,204.589996,3775975.000000,1774366200.0
1774366200.0,204.600006,205.020004,202.889999,203.410004,2287287.000000,1774369800.0
1774369800.0,203.419998,203.750000,200.130005,201.285004,2710036.000000,1774373400.0
1774373400.0,201.309998,204.750000,200.800003,204.669998,2813615.000000,1774377000.0
1774377000.0,204.669907,206.429993,204.460007,205.764999,3394158.000000,1774380600.0
1774380600.0,205.740005,205.979996,204.610001,205.384995,3068567.000000,1774384200.0
1774445400.0,211.505005,219.839996,211.505005,219.419907,16411659.000000,1774449000.0
1774449000.0,219.404999,219.949997,217.600006,219.580002,6629922.000000,1774452600.0
1774452600.0,219.600006,219.929993,216.649994,218.199997,4925609.000000,1774456200.0
1774456200.0,218.240005,218.800003,217.460007,218.425003,3194681.000000,1774459800.0
1774459800.0,218.399994,221.250000,218.332993,221.009995,4929303.000000,1774463400.0
1774463400.0,221.029999,221.330002,219.789993,220.369995,4319872.000000,1774467000.0
1774467000.0,220.369995,220.604996,219.550003,220.320007,4164062.000000,1774470600.0
1774531800.0,218.020004,221.000000,212.320007,212.429993,11958099.000000,1774535400.0
1774535400.0,212.440002,213.009995,206.429993,207.009995,10005710.000000,1774539000.0
1774539000.0,206.990005,209.300003,206.043304,206.059998,5673796.000000,1774542600.0
1774542600.0,206.098099,207.250000,205.250000,205.479904,4051169.000000,1774546200.0
1774546200.0,205.479996,206.679993,204.699997,205.190002,3738765.000000,1774549800.0
1774549800.0,205.184998,205.919907,203.919998,204.524994,4165349.000000,1774553400.0
1774553400.0,204.550003,204.589996,203.429993,203.789993,4739570.000000,1774557000.0
1774618200.0,201.850006,203.104996,198.000000,198.914993,8368887.000000,1774621800.0
1774621800.0,198.889999,200.399994,197.690002,200.339996,3494273.000000,1774625400.0
1774625400.0,200.365005,201.990005,200.289993,200.955002,3017780.000000,1774629000.0
1774629000.0,201.020905,203.259995,200.410004,201.500000,3072716.000000,1774632600.0
1774632600.0,201.500000,202.860001,201.034897,201.389999,2850868.000000,1774636200.0
1774636200.0,201.410004,201.899002,200.680099,201.384995,2336280.000000,1774639800.0
1774639800.0,201.399994,202.289993,200.800003,201.970001,2749350.000000,1774643400.0
1774877400.0,204.621994,208.429993,201.699997,203.179993,9029175.000000,1774881000.0
1774881000.0,203.125000,203.800003,198.845001,199.869995,5997873.000000,1774884600.0
1774884600.0,199.899994,201.899994,197.421997,197.710007,4629594.000000,1774888200.0
1774888200.0,197.649994,198.100006,196.100006,196.190002,3632094.000000,1774891800.0
1774891800.0,196.190002,197.389999,195.679993,195.979996,4149528.000000,1774895400.0
1774895400.0,195.979996,196.628494,193.000000,193.289993,4413167.000000,1774899000.0
1774899000.0,193.285004,196.479996,192.865005,196.050003,4793213.000000,1774902600.0
1774963800.0,198.054993,201.919998,196.880005,200.804993,7528559.000000,1774967400.0
1774967400.0,200.820007,201.600006,198.110001,198.300003,5119098.000000,1774971000.0
1774971000.0,198.279999,199.610001,196.429993,198.690002,4689950.000000,1774974600.0
1774974600.0,198.669998,203.320007,198.255005,201.949997,5953146.000000,1774978200.0
1774978200.0,201.949997,202.949997,201.179993,202.440002,3615833.000000,1774981800.0
1774981800.0,202.380005,204.000000,201.950104,203.675003,3645268.000000,1774985400.0
1774985400.0,203.649994,203.880005,202.949997,203.339996,3776410.000000,1774989000.0
1775050200.0,207.690002,210.960007,205.839996,210.845001,11562676.000000,1775053800.0
1775053800.0,210.880005,212.649994,209.300903,211.729996,6313206.000000,1775057400.0
1775057400.0,211.734497,213.710007,211.449997,213.335007,4430988.000000,1775061000.0
1775061000.0,213.350006,213.830002,212.470001,212.500000,3442136.000000,1775064600.0
1775064600.0,212.507004,212.789993,209.039993,209.100006,3995115.000000,1775068200.0
1775068200.0,209.130005,212.100006,208.770004,211.639999,4086098.000000,1775071800.0
1775071800.0,211.645905,211.669998,210.070007,210.190002,3279209.000000,1775075400.0
1775136600.0,204.050003,210.259995,200.619995,209.104996,9494843.000000,1775140200.0
1775140200.0,209.029404,214.899994,208.860001,214.470001,7956892.000000,1775143800.0
1775143800.0,214.500000,214.830002,212.460007,212.860001,3925764.000000,1775147400.0
1775147400.0,212.800003,215.279999,212.360001,215.179993,2888785.000000,1775151000.0
1775151000.0,215.179993,215.779907,214.619995,215.290100,3076723.000000,1775154600.0
1775154600.0,215.350006,217.300003,215.169998,217.039993,4328910.000000,1775158200.0
1775158200.0,217.020004,217.770004,216.559998,217.559998,3828674.000000,1775161800.0
1775482200.0,219.455002,226.309998,219.455002,220.389999,12642991.000000,1775485800.0
1775485800.0,220.460007,221.570007,219.300003,220.214996,4215185.000000,1775489400.0
1775489400.0,220.250000,221.190002,219.679993,220.470001,2188934.000000,1775493000.0
1775493000.0,220.410004,221.039993,217.750107,219.740005,3082150.000000,1775496600.0
1775496600.0,219.800003,220.509995,219.070007,220.080002,2023479.000000,1775500200.0
1775500200.0,220.130005,220.610001,219.580093,220.369995,1687310.000000,1775503800.0
1775503800.0,220.330002,220.410004,219.490005,220.190002,1991751.000000,1775507400.0
1775568600.0,221.375000,222.098404,215.375000,218.339996,7531772.000000,1775572200.0
1775572200.0,218.455002,218.940002,215.899994,218.039993,3237189.000000,1775575800.0
1775575800.0,218.080002,219.438507,216.610001,219.029999,2599854.000000,1775579400.0
1775579400.0,219.000000,220.000000,218.259995,218.389999,1896204.000000,1775583000.0
1775583000.0,218.404999,219.759995,218.300003,218.519897,1940105.000000,1775586600.0
1775586600.0,218.514999,219.764801,216.766602,218.740097,3170696.000000,1775590200.0
1775590200.0,218.744995,221.639999,218.466003,221.429993,2867833.000000,1775593800.0
1775655000.0,232.279999,233.985001,227.449997,229.829102,9736500.000000,1775658600.0
1775658600.0,229.794998,231.949997,227.089996,231.095001,5595067.000000,1775662200.0
1775662200.0,231.110001,232.630005,230.080002,231.350006,3927109.000000,1775665800.0
1775665800.0,231.354996,233.570007,231.320007,232.129898,2878007.000000,1775669400.0
1775669400.0,232.130005,233.740005,231.639999,232.360001,2967813.000000,1775673000.0
1775673000.0,232.360001,232.789993,229.574997,230.660004,3704302.000000,1775676600.0
1775676600.0,230.619995,231.899994,230.570007,231.878998,2728989.000000,1775680200.0
1775741400.0,233.509995,235.989899,230.910095,232.380005,7436599.000000,1775745000.0
1775745000.0,232.339996,235.960007,232.020004,234.385498,4116953.000000,1775748600.0
1775748600.0,234.380005,236.869995,234.320007,235.329895,3953720.000000,1775752200.0
1775752200.0,235.330093,235.580002,233.949997,234.190002,1878211.000000,1775755800.0
1775755800.0,234.184998,235.630005,233.419998,235.168503,2616910.000000,1775759400.0
1775759400.0,235.175003,236.960007,234.858795,236.589996,2218336.000000,1775763000.0
1775763000.0,236.604996,237.100006,236.302200,236.639999,2205505.000000,1775766600.0
1775827800.0,238.960007,249.490005,238.960007,246.160004,13720159.000000,1775831400.0
1775831400.0,246.164993,249.580002,246.059998,248.460007,5050960.000000,1775835000.0
1775835000.0,248.460007,248.464996,244.570007,244.600006,4026967.000000,1775838600.0
1775838600.0,244.600006,245.570007,243.630005,245.457504,3446607.000000,1775842200.0
1775842200.0,245.470001,246.320007,245.229996,245.934998,2252430.000000,1775845800.0
1775845800.0,245.930496,246.160004,244.889999,245.810104,2107859.000000,1775849400.0
1775849400.0,245.824997,245.940002,244.800003,245.020004,2793695.000000,1775853000.0
1776087000.0,244.975006,246.279999,242.029999,243.179993,6527139.000000,1776090600.0
1776090600.0,243.119995,245.009995,242.720001,244.449997,2681342.000000,1776094200.0
1776094200.0,244.479996,245.750000,244.179993,245.494995,2279699.000000,1776097800.0
1776097800.0,245.499893,246.300003,244.930099,246.220001,2378068.000000,1776101400.0
1776101400.0,246.199997,246.304993,244.843506,245.520004,1704567.000000,1776105000.0
1776105000.0,245.520004,247.139999,245.500000,246.940002,2088932.000000,1776108600.0
1776108600.0,246.940002,247.330002,246.310104,246.779999,2356456.000000,1776112200.0
1776173400.0,249.979996,252.029999,245.700104,248.940002,7411473.000000,1776177000.0
1776177000.0,248.977493,251.449997,248.110107,251.070007,3141215.000000,1776180600.0
1776180600.0,251.059998,253.000000,251.009995,252.860001,3041413.000000,1776184200.0
1776184200.0,252.869995,253.645004,252.174500,253.380005,2154952.000000,1776187800.0
1776187800.0,253.399994,253.849594,252.770004,253.429993,1792570.000000,1776191400.0
1776191400.0,253.425003,255.300003,253.305695,255.169998,2611835.000000,1776195000.0
1776195000.0,255.149994,255.460007,254.649994,255.059998,2769284.000000,1776198600.0
1776259800.0,255.029999,256.549896,253.240005,256.100006,6128215.000000,1776263400.0
1776263400.0,256.119995,257.599915,255.710007,256.734985,3437880.000000,1776267000.0
1776267000.0,256.709991,257.450012,255.850006,255.919998,2091077.000000,1776270600.0
1776270600.0,255.929993,255.990005,251.850006,253.899994,3059621.000000,1776274200.0
1776274200.0,253.899994,255.039993,253.699997,254.744995,1889817.000000,1776277800.0
1776277800.0,254.755493,256.779907,254.750000,256.765015,1957572.000000,1776281400.0
1776281400.0,256.750000,258.179993,256.620087,258.109985,3073897.000000,1776285000.0
1776346200.0,265.000000,270.100006,261.510010,266.920013,15424421.000000,1776349800.0
1776349800.0,266.962006,275.299988,266.799988,275.114990,11875393.000000,1776353400.0
1776353400.0,275.109985,279.339996,274.839996,277.709991,9615290.000000,1776357000.0
1776357000.0,277.760010,278.670013,275.339996,276.375000,6523667.000000,1776360600.0
1776360600.0,276.350006,276.649994,271.899994,272.699890,5580202.000000,1776364200.0
1776364200.0,272.660004,275.348602,272.500092,275.059998,5311637.000000,1776367800.0
1776367800.0,275.190002,278.399994,275.079987,278.260010,6017821.000000,1776371400.0
1776432600.0,278.640015,279.489990,274.140015,278.494995,11145814.000000,1776436200.0
1776436200.0,278.559998,279.500000,276.950012,277.584991,3971557.000000,1776439800.0
1776439800.0,277.549988,279.109985,276.100006,278.630005,3577220.000000,1776443400.0
1776443400.0,278.649994,280.049988,277.549988,278.515015,4387573.000000,1776447000.0
1776447000.0,278.510010,279.729889,278.089996,278.410095,2613018.000000,1776450600.0
1776450600.0,278.454407,278.739990,277.020111,278.075012,2344353.000000,1776454200.0
1776454200.0,278.100006,278.690002,277.471191,278.279999,3310526.000000,1776457800.0
1776691800.0,280.880005,287.609985,274.720001,276.674988,12732799.000000,1776695400.0
1776695400.0,276.640015,278.000000,272.130005,275.795013,5146669.000000,1776699000.0
1776699000.0,275.827606,275.827606,273.574188,274.105011,3059405.000000,1776702600.0
1776702600.0,274.059998,274.500000,272.940002,272.970093,3169768.000000,1776706200.0
1776706200.0,272.940002,274.640015,272.850006,274.350006,2858853.000000,1776709800.0
1776709800.0,274.359985,276.500000,274.250000,275.529999,3242167.000000,1776713400.0
1776713400.0,275.545013,275.886200,274.160004,274.959991,2405613.000000,1776717000.0
1776778200.0,277.325012,282.070007,276.619995,281.359985,9546148.000000,1776781800.0
1776781800.0,281.299988,282.670013,276.710114,280.470001,6250937.000000,1776785400.0
1776785400.0,280.500000,283.959991,280.049988,282.744995,4992053.000000,1776789000.0
1776789000.0,282.700012,284.269989,281.109985,281.334991,3615157.000000,1776792600.0
1776792600.0,281.334991,285.149994,281.209991,284.234985,3555974.000000,1776796200.0
1776796200.0,284.234985,286.000000,283.160004,285.580109,4107996.000000,1776799800.0
1776799800.0,285.589996,286.200012,281.769989,284.420013,4015383.000000,1776803400.0
1776864600.0,291.209991,295.850006,286.140015,295.181793,11956217.000000,1776868200.0
1776868200.0,295.196411,298.179993,293.480011,297.850006,7187181.000000,1776871800.0
1776871800.0,297.840210,297.869995,294.640015,296.140015,4391857.000000,1776875400.0
1776875400.0,296.154999,300.839996,295.750000,300.440002,6992320.000000,1776879000.0
1776879000.0,300.500000,301.000000,299.049988,300.079987,4460067.000000,1776882600.0
1776882600.0,300.144989,303.500000,300.079987,302.460510,5795919.000000,1776886200.0
1776886200.0,302.489990,304.100006,302.100006,303.440002,5129373.000000,1776889800.0
1776951000.0,302.010010,306.339996,300.179993,305.850006,11229456.000000,1776954600.0
1776954600.0,305.959900,309.750000,304.000000,308.809998,5463716.000000,1776958200.0
1776958200.0,308.779999,310.220001,306.149994,308.924988,4683127.000000,1776961800.0
1776961800.0,308.910095,309.850006,303.609985,303.809998,4202058.000000,1776965400.0
1776965400.0,303.815002,305.660004,299.760010,304.415009,5581112.000000,1776969000.0
1776969000.0,304.399994,306.100006,303.029999,303.899994,3315533.000000,1776972600.0
1776972600.0,303.790009,305.489990,302.700012,305.239990,2794920.000000,1776976200.0
1777037400.0,336.834991,349.549988,334.540009,346.339996,33396334.000000,1777041000.0
1777041000.0,346.424988,350.880005,342.390015,347.619995,11551774.000000,1777044600.0
1777044600.0,347.579987,352.989990,346.959991,351.000000,9665284.000000,1777048200.0
1777048200.0,351.024994,352.579895,346.309998,346.595001,6279545.000000,1777051800.0
1777051800.0,346.531403,349.769989,345.820007,346.014893,4951256.000000,1777055400.0
1777055400.0,346.119995,348.250000,344.549988,346.320007,5585211.000000,1777059000.0
1777059000.0,346.299988,347.929993,345.399994,347.760010,4757645.000000,1777062600.0
1777296600.0,346.559998,349.089996,328.809998,334.769989,20200683.000000,1777300200.0
1777300200.0,334.825012,337.260010,332.549988,333.600006,5906824.000000,1777303800.0
1777303800.0,333.600006,336.299988,331.559998,332.979889,6001463.000000,1777307400.0
1777307400.0,332.830109,335.279999,331.929993,335.105011,4037449.000000,1777311000.0
1777311000.0,335.079987,337.000000,334.700012,336.070007,2920587.000000,1777314600.0
1777314600.0,336.190002,337.808014,335.555603,336.869995,4046281.000000,1777318200.0
1777318200.0,336.845001,337.099915,334.209991,334.480011,2958383.000000,1777321800.0
1777383000.0,311.875000,327.500000,310.000000,323.950012,18325696.000000,1777386600.0
1777386600.0,323.890015,324.299988,316.200104,319.699890,6987949.000000,1777390200.0
1777390200.0,319.540009,322.039886,317.800110,320.549988,3040220.000000,1777393800.0
1777393800.0,320.549988,322.859985,319.109985,322.640106,2430314.000000,1777397400.0
1777397400.0,322.649994,326.250000,322.649994,325.959991,2924212.000000,1777401000.0
1777401000.0,326.035004,326.769989,324.100006,324.620392,2838065.000000,1777404600.0
1777404600.0,324.619995,325.480011,322.609985,323.109985,2552989.000000,1777408200.0
1777469400.0,323.109985,327.989990,318.859985,326.839996,10443726.000000,1777473000.0
1777473000.0,326.820007,333.950012,326.230011,328.195007,9295118.000000,1777476600.0
1777476600.0,328.090088,328.920013,326.049988,328.079987,3474931.000000,1777480200.0
1777480200.0,327.975006,333.339996,327.160004,333.295013,3576906.000000,1777483800.0
1777483800.0,333.350006,336.350006,332.000000,335.774994,4333331.000000,1777487400.0
1777487400.0,335.220001,340.170013,334.910004,339.350006,5402660.000000,1777491000.0
1777491000.0,339.250000,339.649994,336.000000,337.140015,3726239.000000,1777494600.0
1777555800.0,341.355011,345.849915,332.600006,343.109985,13344775.000000,1777559400.0
1777559400.0,342.920013,349.100006,337.690002,348.160004,6820476.000000,1777563000.0
1777563000.0,348.298615,350.720001,345.450012,349.480011,3711181.000000,1777566600.0
1777566600.0,349.480011,352.501007,348.799988,352.074707,3552901.000000,1777570200.0
1777570200.0,352.540009,354.779999,351.600006,351.990906,4119600.000000,1777573800.0
1777573800.0,352.049988,353.108398,351.000000,352.750000,2805241.000000,1777577400.0
1777577400.0,352.790009,354.959991,352.480011,354.350006,3739289.000000,1777581000.0
1777642200.0,351.869995,358.234985,349.510010,352.214996,9578434.000000,1777645800.0
1777645800.0,352.214996,354.661987,349.250000,353.945099,3730739.000000,1777649400.0
1777649400.0,353.959991,358.049988,353.000092,356.549988,3033629.000000,1777653000.0
1777653000.0,356.540009,360.100006,356.301208,359.839996,3591579.000000,1777656600.0
1777656600.0,359.890015,362.790009,359.600006,360.660004,4339887.000000,1777660200.0
1777660200.0,360.059998,361.959991,357.250000,361.114990,3768970.000000,1777663800.0
1777663800.0,361.010010,361.200012,358.380005,360.549988,3585358.000000,1777667400.0
1777901400.0,360.309998,361.850006,342.929993,342.950012,15139800.000000,1777905000.0
1777905000.0,342.970001,348.339905,340.140015,342.059998,6460183.000000,1777908600.0
1777908600.0,342.054993,342.700012,338.700012,341.065002,5180042.000000,1777912200.0
1777912200.0,341.260010,344.420013,339.890015,344.351410,3661041.000000,1777915800.0
1777915800.0,344.390015,344.839996,342.750000,344.190002,2371807.000000,1777919400.0
1777919400.0,344.200012,344.279907,341.420013,342.434998,2843484.000000,1777923000.0
1777923000.0,342.380005,344.959991,341.000000,341.489990,3185946.000000,1777926600.0
1777987800.0,351.429993,354.719910,344.880005,350.160004,12713863.000000,1777991400.0
1777991400.0,350.410004,353.000000,350.019989,350.880005,5145783.000000,1777995000.0
1777995000.0,350.915009,356.299896,350.700012,352.375000,5333884.000000,1777998600.0
1777998600.0,352.434998,355.500000,351.329987,354.834991,2926339.000000,1778002200.0
1778002200.0,354.869904,359.571594,354.399994,357.359985,4273544.000000,1778005800.0
1778005800.0,357.309998,359.109985,352.640015,355.476990,5340865.000000,1778009400.0
1778009400.0,355.399994,358.000000,353.270111,355.320007,5469142.000000,1778013000.0
1778074200.0,409.100006,430.570007,402.040009,405.929993,42752133.000000,1778077800.0
1778077800.0,405.894989,417.390015,404.799988,417.170013,10231758.000000,1778081400.0
1778081400.0,417.299988,418.799988,411.100006,412.445007,6049640.000000,1778085000.0
1778085000.0,412.445099,415.480011,410.500000,414.225006,4344187.000000,1778088600.0
1778088600.0,414.320007,420.369995,413.940002,420.000000,4828390.000000,1778092200.0
1778092200.0,420.079987,423.000000,417.091003,419.609985,6899797.000000,1778095800.0
1778095800.0,419.549988,421.970001,416.500000,421.424988,5721742.000000,1778099400.0
1778160600.0,417.195007,421.700012,410.500000,419.239990,12177263.000000,1778164200.0
1778164200.0,419.239990,421.700012,410.700012,411.315002,6147399.000000,1778167800.0
1778167800.0,411.380005,412.749908,402.329987,406.260010,7414169.000000,1778171400.0
1778171400.0,406.119995,408.429993,401.079987,403.489990,4898670.000000,1778175000.0
1778175000.0,403.415009,408.899994,402.679993,405.119995,4200168.000000,1778178600.0
1778178600.0,405.029999,407.970001,404.399994,405.779999,3261601.000000,1778182200.0
1778182200.0,405.730011,409.750000,405.549988,408.350006,2885430.000000,1778185800.0
1778247000.0,418.299988,441.209991,418.290009,435.774994,15607770.000000,1778250600.0
1778250600.0,435.890015,437.479889,432.141510,436.269989,5338839.000000,1778254200.0
1778254200.0,436.239990,444.979889,434.350006,443.834991,7147016.000000,1778257800.0
1778257800.0,443.838898,446.980011,440.519989,445.734985,5981521.000000,1778261400.0
1778261400.0,445.589996,448.488495,443.250092,447.475006,4873173.000000,1778265000.0
1778265000.0,447.380005,449.000000,445.015503,445.720001,5157243.000000,1778268600.0
1778268600.0,445.795013,456.250000,445.350006,455.000000,7982605.000000,1778272200.0
1778506200.0,460.549988,467.679993,451.750000,452.385010,17445742.000000,1778509800.0
1778509800.0,452.410004,462.500000,450.880005,460.765015,6239602.000000,1778513400.0
1778513400.0,460.765015,465.554993,459.619995,463.799988,3677931.000000,1778517000.0
1778517000.0,463.799988,466.799988,461.799988,465.250000,4084474.000000,1778520600.0
1778520600.0,465.200012,469.214996,464.688995,466.839996,3115644.000000,1778524200.0
1778524200.0,466.845001,467.089996,459.240112,459.744995,4212604.000000,1778527800.0
1778527800.0,459.809998,460.630005,456.329987,458.910004,3356799.000000,1778531400.0
1778592600.0,449.250000,458.799988,445.060089,446.575012,10650409.000000,1778596200.0
1778596200.0,445.151001,450.369995,435.149994,436.112488,6902722.000000,1778599800.0
1778599800.0,436.079987,441.380005,431.300110,432.459991,4244212.000000,1778603400.0
1778603400.0,432.730011,438.220001,426.109985,436.730011,5492096.000000,1778607000.0
1778607000.0,436.941101,440.500000,435.230011,439.589996,2661620.000000,1778610600.0
1778610600.0,439.480011,441.306488,435.950012,439.799988,2898709.000000,1778614200.0
1778614200.0,439.869995,448.640015,439.869598,448.213989,2976829.000000,1778617800.0
1778679000.0,457.595001,459.500000,432.649994,439.540009,9521122.000000,1778682600.0
1778682600.0,439.750000,448.779999,438.240112,445.875000,4271898.000000,1778686200.0
1778686200.0,445.700012,448.899994,443.850098,448.130005,2718753.000000,1778689800.0
1778689800.0,448.190002,451.799896,447.109985,450.859985,2439472.000000,1778693400.0
1778693400.0,450.799988,451.600006,447.450012,450.464996,1791251.000000,1778697000.0
1778697000.0,450.345001,450.899994,445.239990,448.572601,2138689.000000,1778700600.0
1778700600.0,448.475006,449.549988,444.100006,445.380005,2489795.000000,1778704200.0
1778765400.0,440.950012,450.979889,435.690002,446.404999,8651850.000000,1778769000.0
1778769000.0,446.440002,453.309998,445.500000,450.850006,4378936.000000,1778772600.0
1778772600.0,450.802490,451.459991,447.660004,448.130005,2137086.000000,1778776200.0
1778776200.0,448.140015,450.190002,442.019989,444.119995,2232950.000000,1778779800.0
1778779800.0,443.959991,448.966003,443.519989,445.799988,1932020.000000,1778783400.0
1778783400.0,445.695007,450.790009,444.489990,449.510010,2299264.000000,1778787000.0
1778787000.0,449.510010,452.059998,449.380005,449.630005,2255364.000000,1778790600.0
1778851800.0,433.339996,439.000000,426.190094,433.390015,9596636.000000,1778855400.0
1778855400.0,433.739990,435.750000,430.200012,435.255005,3453979.000000,1778859000.0
1778859000.0,435.329987,436.399994,430.320007,431.445007,1976100.000000,1778862600.0
1778862600.0,431.494995,433.790009,430.200012,433.470001,1491154.000000,1778866200.0
1778866200.0,433.440002,436.000000,431.840088,432.200012,1601291.000000,1778869800.0
1778869800.0,432.000000,433.589996,428.950012,429.285004,1983755.000000,1778873400.0
1778873400.0,429.290009,430.799988,423.361603,423.730011,4001411.000000,1778877000.0
1779111000.0,428.630005,438.799988,416.420013,416.760010,0.000000,1779114600.0
1779114600.0,417.086395,421.140015,411.799988,416.080200,13138488.000000,1779118200.0
1779118200.0,416.010010,423.910004,413.417389,413.885010,2787886.000000,1779121800.0
1779121800.0,413.920013,419.919891,412.299988,418.119995,2211486.000000,1779125400.0
1779125400.0,418.109985,418.319885,410.709991,412.350006,2389223.000000,1779129000.0
1779129000.0,412.260010,420.809998,410.709991,413.799988,2679774.000000,1779132600.0
1779132600.0,413.899994,421.920013,413.309998,421.019989,2453920.000000,1779136200.0
1779197400.0,414.089996,428.750000,393.359985,395.785004,12062095.000000,1779201000.0
1779201000.0,395.980011,408.649994,394.000000,408.019989,6111509.000000,1779204600.0
1779204600.0,408.010010,415.029999,406.100006,415.000000,4167559.000000,1779208200.0
1779208200.0,414.980011,425.000000,414.400085,422.549988,4333241.000000,1779211800.0
1779211800.0,422.690002,423.839905,416.519989,418.480011,2781152.000000,1779215400.0
1779215400.0,418.531586,420.750000,415.000000,416.510101,2324726.000000,1779219000.0
1779219000.0,416.519989,418.575104,411.709991,414.109985,2735025.000000,1779222600.0
1779283800.0,428.040009,445.989899,426.049988,444.445007,11666034.000000,1779287400.0
1779287400.0,444.630005,447.589905,442.200012,445.894989,4617746.000000,1779291000.0
1779291000.0,445.836487,448.750000,441.529999,443.170013,4001011.000000,1779294600.0
1779294600.0,443.369995,446.549988,442.799988,444.790009,2659794.000000,1779298200.0
1779298200.0,444.969910,446.250000,443.500000,444.899994,1545847.000000,1779301800.0
1779301800.0,444.850006,449.389893,443.630005,448.939911,2934342.000000,1779305400.0
1779305400.0,448.940002,449.250000,443.400085,447.579987,3077804.000000,1779309000.0
1779370200.0,441.989990,448.000000,431.619995,432.670013,8721180.000000,1779373800.0
1779373800.0,432.670013,439.630005,432.549988,438.440002,3713906.000000,1779377400.0
1779377400.0,438.399994,444.209991,436.700012,440.470001,2528221.000000,1779381000.0
1779381000.0,440.279999,445.239990,440.000092,443.600006,2243516.000000,1779384600.0
1779384600.0,443.584991,446.999908,443.480011,446.129913,2830489.000000,1779388200.0
1779388200.0,445.950012,446.790009,441.869995,444.769989,1758679.000000,1779391800.0
1779391800.0,444.779999,451.119995,444.239990,449.589996,3106199.000000,1779395400.0
1779456600.0,469.839996,481.369995,461.709991,467.989990,12388302.000000,1779460200.0
1779460200.0,467.950012,474.000000,466.510010,470.178406,5682103.000000,1779463800.0
1779463800.0,470.390015,471.649994,466.290009,467.929993,3117665.000000,1779467400.0
1779467400.0,468.010010,472.459900,466.010315,471.649994,2563323.000000,1779471000.0
1779471000.0,471.700012,474.850006,470.570099,472.140015,3329173.000000,1779474600.0
1779474600.0,472.154999,472.209991,466.100006,466.640015,2899604.000000,1779478200.0
1779478200.0,466.460114,469.190002,466.280090,467.510010,4538153.000000,1779481800.0
1779802200.0,484.705994,495.419891,480.230011,493.869995,11283580.000000,1779805800.0
1779805800.0,493.875000,496.889893,488.079987,490.119995,4320766.000000,1779809400.0
1779809400.0,490.274994,495.709991,485.500000,495.095001,3213771.000000,1779813000.0
1779813000.0,495.149994,497.839996,493.430115,497.245087,3095197.000000,1779816600.0
1779816600.0,497.279999,499.000000,495.399994,498.765015,2567296.000000,1779820200.0
1779820200.0,498.832001,506.959991,498.010101,503.350006,5106798.000000,1779823800.0
1779823800.0,503.250000,505.950012,502.713409,503.619995,4086468.000000,1779827400.0
1779888600.0,508.000000,510.209991,486.799988,488.390015,11166799.000000,1779892200.0
1779892200.0,488.619995,497.970001,486.660309,490.360107,3801171.000000,1779895800.0
1779895800.0,490.989990,496.980011,488.160004,494.954987,2612263.000000,1779899400.0
1779899400.0,494.954987,497.279999,489.329987,494.309998,2079381.000000,1779903000.0
1779903000.0,494.279999,498.839905,492.520111,498.820007,1855348.000000,1779906600.0
1779906600.0,498.700012,498.880005,494.679993,495.239990,1654049.000000,1779910200.0
1779910200.0,495.394989,497.690002,494.769989,495.750000,1705581.000000,1779913800.0
1779975000.0,498.670013,507.980011,493.519989,505.260010,7760611.000000,1779978600.0
1779978600.0,505.299988,523.817505,504.950012,523.609985,6783327.000000,1779982200.0
1779982200.0,523.739990,527.199890,516.690002,518.945984,4971694.000000,1779985800.0
1779985800.0,518.891479,522.500000,517.539978,518.729980,2792347.000000,1779989400.0
1779989400.0,518.820007,521.400024,516.599976,519.489990,2058879.000000,1779993000.0
1779993000.0,519.489990,520.700012,516.600098,518.000000,2078798.000000,1779996600.0
1779996600.0,517.979980,520.249512,516.919983,518.140015,2193787.000000,1780000200.0
1780061400.0,520.429993,522.000000,508.880005,512.500000,6460358.000000,1780065000.0
1780065000.0,512.500000,515.950012,507.570007,512.789978,3286174.000000,1780068600.0
1780068600.0,512.979980,513.869995,510.390015,511.510010,1392975.000000,1780072200.0
1780072200.0,511.589996,512.280029,503.600006,504.420013,2335373.000000,1780075800.0
1780075800.0,504.540009,506.769989,503.429993,506.250000,2377842.000000,1780079400.0
1780079400.0,506.209991,507.829895,504.109985,506.343994,1692187.000000,1780083000.0
1780083000.0,506.339996,516.799988,506.339996,516.400024,4219355.000000,1780086600.0
1780320600.0,500.355011,504.879913,486.799988,501.632202,13583106.000000,1780324200.0
1780324200.0,501.725006,516.224976,500.989990,513.375000,5636369.000000,1780327800.0
1780327800.0,513.375000,517.500000,507.000000,507.059998,2881143.000000,1780331400.0
1780331400.0,507.230011,512.330017,506.065399,512.190002,2531441.000000,1780335000.0
1780335000.0,512.340027,515.849976,510.230011,513.549988,2145198.000000,1780338600.0
1780338600.0,513.450012,513.979980,510.970001,512.320007,2126179.000000,1780342200.0
1780342200.0,512.109985,512.729980,508.959991,510.019989,1997967.000000,1780345800.0
1780407000.0,506.299988,519.940002,501.220001,505.100006,7102826.000000,1780410600.0
1780410600.0,505.059998,512.880005,505.049988,512.877380,3031269.000000,1780414200.0
1780414200.0,512.844971,518.479980,512.049988,512.719971,2719128.000000,1780417800.0
1780417800.0,512.739990,515.659912,511.399994,512.221619,1285016.000000,1780421400.0
1780421400.0,512.220276,516.469971,511.220001,516.000000,1237397.000000,1780425000.0
1780425000.0,516.085022,518.479980,513.859985,516.950012,1805990.000000,1780428600.0
1780428600.0,517.019409,522.489990,515.809998,521.409973,2700499.000000,1780432200.0
1780493400.0,533.820007,544.039978,524.300110,536.244995,9899073.000000,1780497000.0
1780497000.0,536.239990,539.650024,528.599976,531.750000,3768740.000000,1780500600.0
1780500600.0,531.750000,537.319885,529.520020,532.130005,2324520.000000,1780504200.0
1780504200.0,531.969971,535.284973,530.539978,534.710022,2231188.000000,1780507800.0
1780507800.0,534.500000,545.523376,532.729980,545.159973,2886297.000000,1780511400.0
1780511400.0,545.099976,546.440002,536.369995,539.224976,2428928.000000,1780515000.0
1780515000.0,539.110107,544.500000,538.797485,542.433899,2867655.000000,1780518600.0
1780579800.0,515.109985,518.500000,499.870087,516.275024,10753318.000000,1780583400.0
1780583400.0,516.000000,526.469971,513.000000,523.710022,4343360.000000,1780587000.0
1780587000.0,523.662415,524.929993,519.299988,524.636414,2390489.000000,1780590600.0
1780590600.0,524.700012,525.590027,521.260010,524.690002,1880399.000000,1780594200.0
1780594200.0,524.760010,532.190002,524.179993,530.349976,2229793.000000,1780597800.0
1780597800.0,530.460022,530.729980,523.000000,527.200012,1909036.000000,1780601400.0
1780601400.0,527.325012,542.520020,522.489990,523.190002,2699534.000000,1780605000.0
1780666200.0,499.119995,505.619995,484.260010,488.019989,10254736.000000,1780669800.0
1780669800.0,488.079987,496.890015,484.640015,486.243011,4140518.000000,1780673400.0
1780673400.0,486.299988,488.489990,477.679993,477.820007,4685368.000000,1780677000.0
1780677000.0,477.790009,478.480011,470.750000,474.950012,4997625.000000,1780680600.0
1780680600.0,474.998810,478.510010,468.019989,469.589996,3627017.000000,1780684200.0
1780684200.0,469.500000,472.709991,463.970001,472.709991,6502274.000000,1780687800.0
1780687800.0,472.660004,476.170013,465.190002,466.376099,6024995.000000,1780691400.0
1780925400.0,485.029999,490.209991,477.709991,487.030090,7877771.000000,1780929000.0
1780929000.0,487.390015,494.299988,486.010010,490.649994,3426650.000000,1780932600.0
1780932600.0,490.670013,492.359894,487.380096,487.855011,2373703.000000,1780936200.0
1780936200.0,487.980011,493.399902,486.410004,490.739990,2210275.000000,1780939800.0
1780939800.0,490.785004,493.790009,487.640106,492.329987,1380832.000000,1780943400.0
1780943400.0,492.380005,494.970001,486.170105,487.980011,1806954.000000,1780947000.0
1780947000.0,488.109985,491.380005,487.394989,490.119995,2107147.000000,1780950600.0
1781011800.0,503.445007,504.559998,484.100006,487.000000,7008549.000000,1781015400.0
1781015400.0,487.059998,488.880005,465.353394,466.029999,5053620.000000,1781019000.0
1781019000.0,466.000000,471.679993,443.250000,447.184998,6275018.000000,1781022600.0
1781022600.0,447.095001,459.299988,437.230011,458.230103,5380333.000000,1781026200.0
1781026200.0,458.260010,465.989990,455.359985,465.940002,3680843.000000,1781029800.0
1781029800.0,465.770111,471.299988,460.609985,467.399994,3630625.000000,1781033400.0
1781033400.0,467.214813,475.640015,464.000214,475.500000,3198756.000000,1781037000.0
1781098200.0,467.970001,477.449890,464.250092,473.515015,6432245.000000,1781101800.0
1781101800.0,473.410004,476.399994,451.410095,456.890015,4741960.000000,1781105400.0
1781105400.0,456.899994,462.000000,452.360107,455.959991,2552522.000000,1781109000.0
1781109000.0,455.915009,459.869995,451.501007,453.309998,2149946.000000,1781112600.0
1781112600.0,453.859985,459.609985,452.350006,454.959991,1908906.000000,1781116200.0
1781116200.0,454.954987,455.380005,448.329987,450.820007,2893194.000000,1781119800.0
1781119800.0,450.940002,455.900299,450.051788,451.670013,2836476.000000,1781123400.0
1781184600.0,461.600006,480.089996,460.869995,472.989990,7392573.000000,1781188200.0
1781188200.0,472.820007,474.959900,461.560089,466.649994,3125385.000000,1781191800.0
1781191800.0,466.760010,469.850006,463.329987,464.660004,2024246.000000,1781195400.0
1781195400.0,464.630005,470.499908,458.019989,470.000000,2118763.000000,1781199000.0
1781199000.0,470.309998,478.239899,470.309998,476.720001,2928942.000000,1781202600.0
1781202600.0,476.619995,488.010010,476.399994,486.595001,3110759.000000,1781206200.0
1781206200.0,486.649994,490.459991,485.570007,488.209991,3673384.000000,1781209800.0
1781271000.0,499.684998,517.799988,494.000000,513.599976,10505041.000000,1781274600.0
1781274600.0,513.710022,516.979919,506.815094,514.914307,3920134.000000,1781278200.0
1781278200.0,514.830017,516.450012,504.874115,512.820007,3301363.000000,1781281800.0
1781281800.0,513.020020,519.880005,510.459991,519.325012,2833639.000000,1781285400.0
1781285400.0,519.489990,521.690002,512.130127,514.960022,2861962.000000,1781289000.0
1781289000.0,514.844971,516.809998,512.640015,512.700012,2178641.000000,1781292600.0
1781292600.0,512.650024,515.869995,510.244995,511.119995,3233765.000000,1781296200.0
1781530200.0,535.750000,558.369995,530.500000,550.819885,10422611.000000,1781533800.0
1781533800.0,550.809998,552.719971,545.599976,549.539978,3392803.000000,1781537400.0
1781537400.0,549.510010,551.749878,546.020020,551.039978,2807103.000000,1781541000.0
1781541000.0,551.039978,551.770020,547.099976,548.484985,1636024.000000,1781544600.0
1781544600.0,548.484985,550.919983,546.580017,547.025024,1993718.000000,1781548200.0
1781548200.0,547.000122,548.940002,543.523010,545.450012,2358267.000000,1781551800.0
1781551800.0,545.429993,549.150024,545.299988,547.260010,9023797.000000,1781555400.0
1781616600.0,546.890015,548.950012,527.251404,528.299988,6150911.000000,1781620200.0
1781620200.0,528.099976,531.489990,519.609985,522.174988,4654160.000000,1781623800.0
1781623800.0,521.900024,525.250000,515.503296,522.900024,2788551.000000,1781627400.0
1781627400.0,523.100281,523.100281,517.330994,520.690002,1723655.000000,1781631000.0
1781631000.0,520.580017,522.909973,517.600891,518.890808,1723724.000000,1781634600.0
1781634600.0,518.864990,519.912598,512.330017,517.500000,2418404.000000,1781638200.0
1781638200.0,517.260010,518.450012,507.269989,507.290009,3509233.000000,1781641800.0
1781703000.0,529.710022,529.849976,507.300812,521.424988,6834937.000000,1781706600.0
1781706600.0,521.310120,524.625000,516.349976,523.054993,3390764.000000,1781710200.0
1781710200.0,523.354980,525.250000,521.320007,522.794983,1732412.000000,1781713800.0
1781713800.0,522.794983,525.400024,520.250000,525.155029,1256144.000000,1781717400.0
1781717400.0,525.239929,525.239929,511.299988,518.830017,2770775.000000,1781721000.0
1781721000.0,519.265015,532.500000,515.380005,517.030029,4458186.000000,1781724600.0
1781724600.0,516.840027,518.780029,511.000000,512.059998,3005419.000000,1781728200.0
1781789400.0,532.395020,536.830017,527.000000,531.250000,9571248.000000,1781793000.0
1781793000.0,531.299988,539.619873,528.099976,531.586670,4231936.000000,1781796600.0
1781796600.0,531.849976,536.690002,526.315002,534.585022,3080014.000000,1781800200.0
1781800200.0,534.630005,534.859985,532.500000,533.830017,1263547.000000,1781803800.0
1781803800.0,533.830017,535.700012,531.989990,533.249878,1519291.000000,1781807400.0
1781807400.0,533.109985,534.229980,529.180176,531.070007,2325854.000000,1781811000.0
1781811000.0,531.000000,539.659973,530.510010,536.830017,3598999.000000,1781814600.0
1782135000.0,545.500000,562.989929,535.710083,544.210022,7970052.000000,1782138600.0
1782138600.0,544.280029,548.949890,540.570007,545.229980,3354815.000000,1782142200.0
1782142200.0,545.469971,545.950012,536.789978,542.520020,2409901.000000,1782145800.0
1782145800.0,542.586304,545.049988,539.530029,543.404419,1404459.000000,1782149400.0
1782149400.0,543.510010,547.139893,542.599976,546.104980,1154149.000000,1782153000.0
1782153000.0,546.080017,547.769897,544.000000,544.114990,1848383.000000,1782156600.0
1782156600.0,544.114990,552.049988,544.114990,551.679993,2467513.000000,1782160200.0
1782221400.0,508.579987,526.280029,506.809998,523.050110,7620512.000000,1782225000.0
1782225000.0,523.090027,526.599976,516.590027,517.905029,3159970.000000,1782228600.0
1782228600.0,518.090027,528.489014,517.400024,526.000000,2426087.000000,1782232200.0
1782232200.0,525.880005,526.479980,520.119995,524.054993,1867835.000000,1782235800.0
1782235800.0,524.055115,524.499878,518.159973,520.015015,1630436.000000,1782239400.0
1782239400.0,519.799988,521.549927,513.590027,519.640015,2829639.000000,1782243000.0
1782243000.0,519.715027,521.349976,516.239990,520.010010,2928540.000000,1782246600.0
1782307800.0,521.091980,524.770020,509.839996,520.219971,5519449.000000,1782311400.0
1782311400.0,520.500000,524.960022,514.590027,519.979980,2923966.000000,1782315000.0
1782315000.0,519.640015,522.489990,516.550110,522.020020,1560098.000000,1782318600.0
1782318600.0,521.900024,521.900024,508.200012,508.820007,2165143.000000,1782322200.0
1782322200.0,508.769989,515.839905,507.329987,515.299988,1975206.000000,1782325800.0
1782325800.0,515.299988,515.829895,503.500000,511.214996,2356271.000000,1782329400.0
1782329400.0,511.440002,520.010010,510.410004,519.679993,2965106.000000,1782333000.0
1782394200.0,544.080017,550.880005,507.000000,517.170105,9139782.000000,1782397800.0
1782397800.0,517.289978,523.559998,514.109985,517.864990,2855473.000000,1782401400.0
1782401400.0,517.969971,531.446899,517.640015,528.750000,2421065.000000,1782405000.0
1782405000.0,528.539978,528.630005,519.739990,527.784973,1957772.000000,1782408600.0
1782408600.0,527.729980,530.000000,525.490295,526.751404,1875997.000000,1782412200.0
1782412200.0,526.710022,526.719971,521.099976,524.330017,1927190.000000,1782415800.0
1782415800.0,524.270020,532.820007,522.679993,532.590027,3049963.000000,1782419400.0
1782480600.0,519.794983,525.109985,502.609985,523.005005,7085025.000000,1782484200.0
1782484200.0,523.005005,523.649902,510.899994,515.469971,3238563.000000,1782487800.0
1782487800.0,515.739990,521.599976,514.000000,519.114990,3451815.000000,1782491400.0
1782491400.0,518.900024,523.309875,518.349976,521.320007,2491434.000000,1782495000.0
1782495000.0,521.150024,524.739990,516.909973,517.434998,2176994.000000,1782498600.0
1782498600.0,517.400024,521.500000,515.830017,519.395325,2604543.000000,1782502200.0
1782502200.0,519.619995,524.710022,513.380005,519.830017,4557811.000000,1782505800.0
1782739800.0,522.830017,535.155029,495.350006,506.660004,7991250.000000,1782743400.0
1782743400.0,506.989990,523.219971,503.700012,522.310120,4227790.000000,1782747000.0
1782747000.0,522.580017,530.299988,519.230103,528.835022,2616024.000000,1782750600.0
1782750600.0,529.289978,542.190002,527.820007,541.549988,2764749.000000,1782754200.0
1782754200.0,541.309998,542.169983,536.318970,537.184998,2205221.000000,1782757800.0
1782757800.0,537.150024,541.109985,535.080017,536.789978,1720729.000000,1782761400.0
1782761400.0,536.940002,540.299988,535.750000,539.559998,2391025.000000,1782765000.0
1782826200.0,546.604980,564.760010,546.000000,556.780029,7902054.000000,1782829800.0
1782829800.0,557.249878,566.250000,555.060120,565.000000,3880999.000000,1782833400.0
1782833400.0,565.070007,579.729980,564.289978,577.369995,4513686.000000,1782837000.0
1782837000.0,577.378113,582.580017,576.000000,579.510010,2807609.000000,1782840600.0
1782840600.0,579.877319,582.200012,577.820007,581.875000,2272885.000000,1782844200.0
1782844200.0,581.943970,584.729980,580.900024,583.000122,2944768.000000,1782847800.0
1782847800.0,583.159973,584.460022,580.070007,580.820007,3939157.000000,1782851400.0
1782912600.0,557.530029,564.090027,549.000000,556.700012,7853856.000000,1782916200.0
1782916200.0,557.000000,557.500000,547.060120,554.484985,3735414.000000,1782919800.0
1782919800.0,554.659973,556.710022,548.239990,551.049988,1863660.000000,1782923400.0
1782923400.0,551.169983,555.000000,549.000000,553.710022,1579493.000000,1782927000.0
1782927000.0,553.461792,554.224426,547.445007,548.104980,1675994.000000,1782930600.0
1782930600.0,547.849976,551.573914,543.200012,550.184998,2388857.000000,1782934200.0
1782934200.0,550.190002,552.879883,538.739990,540.890015,3688410.000000,1782937800.0
1782999000.0,538.219971,547.650024,525.570007,528.354492,5793769.000000,1783002600.0
1783002600.0,528.289978,529.979980,514.200012,518.255005,4729913.000000,1783006200.0
1783006200.0,518.255005,526.400024,514.702576,514.900085,2926300.000000,1783009800.0
1783009800.0,515.375000,516.200012,509.739990,512.765015,2014859.000000,1783013400.0
1783013400.0,512.630005,515.419983,507.950012,514.965027,2169475.000000,1783017000.0
1783017000.0,514.965027,517.409973,506.000000,509.839996,2766614.000000,1783020600.0
1783020600.0,509.845001,518.609985,509.390015,518.260010,2806962.000000,1783024200.0
1783344600.0,535.200012,571.989990,527.039978,566.590027,9934894.000000,1783348200.0
1783348200.0,566.359985,572.500000,559.500000,569.530029,4592801.000000,1783351800.0
1783351800.0,569.659973,571.479980,561.750000,562.840027,2859101.000000,1783355400.0
1783355400.0,562.789978,563.538330,553.299988,556.530029,2250253.000000,1783359000.0
1783359000.0,556.502014,557.989990,551.880127,554.304993,2083458.000000,1783362600.0
1783362600.0,554.140015,557.479980,551.560120,556.234985,2029969.000000,1783366200.0
1783366200.0,556.380005,558.950012,551.400024,551.950012,2348092.000000,1783369800.0
1783431000.0,516.075012,522.390015,505.769989,511.380005,8160601.000000,1783434600.0
1783434600.0,511.529999,513.219910,503.109985,511.255493,4395937.000000,1783438200.0
1783438200.0,511.160004,524.969971,508.859985,523.979980,3641281.000000,1783441800.0
1783441800.0,523.789978,524.429993,519.190002,521.260010,2067260.000000,1783445400.0
1783445400.0,521.369995,523.499878,520.222595,521.669983,1335078.000000,1783449000.0
1783449000.0,521.700012,523.209900,508.109985,510.529999,2750595.000000,1783452600.0
1783452600.0,510.565002,516.659973,508.600006,516.570007,2790272.000000,1783456200.0
1783517400.0,504.804993,522.979980,503.200012,515.755005,5480327.000000,1783521000.0
1783521000.0,515.510010,516.479980,498.149994,501.269989,3876943.000000,1783524600.0
1783524600.0,501.161591,511.880005,500.500000,510.545013,2339063.000000,1783528200.0
1783528200.0,510.500000,515.049988,508.340088,514.710022,1827110.000000,1783531800.0
1783531800.0,514.710022,515.339905,510.250000,512.500000,4398411.000000,1783535400.0
1783535400.0,512.349976,516.927185,510.500000,516.299988,1594827.000000,1783539000.0
1783539000.0,516.460022,519.020020,513.169983,517.489990,1726643.000000,1783542600.0
1783603800.0,537.330017,558.659973,535.200012,555.015015,9528121.000000,1783607400.0
1783607400.0,555.015015,559.489990,552.000000,554.135010,3167992.000000,1783611000.0
1783611000.0,554.270020,559.219971,551.070007,551.614990,1925465.000000,1783614600.0
1783614600.0,551.650024,553.280029,548.510010,549.470093,1844509.000000,1783618200.0
1783618200.0,549.789978,550.450012,544.760010,545.679382,2105888.000000,1783621800.0
1783621800.0,545.729980,548.400024,543.500000,543.909973,2150437.000000,1783625400.0
1783625400.0,543.900024,548.150024,541.270020,546.659973,2328161.000000,1783629000.0
1783690200.0,542.700012,555.969971,540.049988,547.469971,5615791.000000,1783693800.0
1783693800.0,547.710022,552.880005,540.291992,552.234985,2664304.000000,1783697400.0
1783697400.0,552.299988,556.289978,546.049988,554.660095,1830284.000000,1783701000.0
1783701000.0,554.895020,559.150024,551.510071,559.140015,1498235.000000,1783704600.0
1783704600.0,559.190002,560.250000,554.710022,555.599976,1677658.000000,1783708200.0
1783708200.0,555.580017,556.739990,552.070129,553.565002,3727337.000000,1783711800.0
1783711800.0,553.640015,559.150024,553.109985,557.989990,1868813.000000,1783715400.0
1783949400.0,537.570007,545.659973,526.969604,545.515015,6955193.000000,1783953000.0
1783953000.0,545.599976,550.795410,541.530090,549.474976,2620999.000000,1783956600.0
1783956600.0,549.474976,551.869995,539.557800,541.650024,2205393.000000,1783960200.0
1783960200.0,541.650024,541.650024,533.690002,538.554993,1853877.000000,1783963800.0
1783963800.0,538.700012,540.659973,535.080017,535.640015,1459054.000000,1783967400.0
1783967400.0,535.630005,538.590027,532.350098,533.929993,1832795.000000,1783971000.0
1783971000.0,533.960022,538.260010,532.349976,534.419983,2707681.000000,1783974600.0
1784035800.0,567.737000,574.200012,547.849976,549.794983,7495614.000000,1784039400.0
1784039400.0,549.799988,567.419983,547.840027,566.700012,3296819.000000,1784043000.0
1784043000.0,566.510010,567.280029,552.200012,555.614990,2585148.000000,1784046600.0
1784046600.0,555.510010,557.750000,553.500000,556.159973,1170789.000000,1784050200.0
1784050200.0,556.130005,556.609985,553.119995,553.770020,1038808.000000,1784053800.0
1784053800.0,553.780029,555.400024,548.451599,548.698792,1631695.000000,1784057400.0
1784057400.0,548.630005,551.210022,546.770020,547.640015,1658454.000000,1784061000.0
1784122200.0,556.020020,558.809998,528.609985,533.585022,6379924.000000,1784125800.0
1784125800.0,533.390015,533.877991,513.599976,521.809998,5291727.000000,1784129400.0
1784129400.0,521.690002,522.500000,512.099976,514.304993,3632232.000000,1784133000.0
1784133000.0,514.119995,527.119995,509.570007,526.794983,2921466.000000,1784136600.0
1784136600.0,526.869995,532.510010,525.250000,531.690002,2142178.000000,1784140200.0
1784140200.0,531.570007,532.099976,524.010071,528.445007,1887010.000000,1784143800.0
1784143800.0,528.690002,530.909973,526.369995,528.789978,2078391.000000,1784147400.0
1784208600.0,509.329987,518.739990,505.130005,511.934998,6298935.000000,1784212200.0
1784212200.0,511.820007,514.499878,505.130005,509.149994,3566728.000000,1784215800.0
1784215800.0,508.309998,529.140015,498.700012,500.494995,2978104.000000,1784219400.0
1784219400.0,500.769989,503.489990,496.049988,497.779999,2510634.000000,1784223000.0
1784223000.0,498.049988,498.915588,491.799988,497.500000,2273924.000000,1784226600.0
1784226600.0,497.510010,497.769989,493.339996,497.070007,2490289.000000,1784230200.0
1784230200.0,496.940002,501.730011,495.089996,500.929993,2909751.000000,1784233800.0
1784295000.0,477.250000,493.390015,460.209991,489.239990,10589672.000000,1784298600.0
1784298600.0,489.130005,492.689911,481.809998,486.200012,2981133.000000,1784302200.0
1784302200.0,486.100006,503.570007,485.200012,499.404999,4259141.000000,1784305800.0
1784305800.0,499.750000,505.220001,497.029999,504.825012,2396935.000000,1784309400.0
1784309400.0,504.790009,505.879486,494.309998,496.755005,2556020.000000,1784313000.0
1784313000.0,496.649994,498.869995,491.809998,495.625000,1981494.000000,1784316600.0
1784316600.0,495.809998,500.700012,493.000000,495.500000,3323576.000000,1784320200.0
1784554200.0,516.994995,522.440002,508.119995,515.719971,7971074.000000,1784557800.0
1784557800.0,515.849976,518.979980,506.100006,512.140015,3206605.000000,1784561400.0
1784561400.0,512.140015,518.070007,511.690002,514.804993,1960826.000000,1784565000.0
1784565000.0,514.989990,515.150024,508.000000,511.644989,1775871.000000,1784568600.0
1784568600.0,511.760010,517.000000,508.730011,515.979919,2049493.000000,1784572200.0
1784572200.0,515.729980,515.880005,506.119995,508.838715,2301177.000000,1784575800.0
1784575800.0,508.880005,509.850494,502.359985,503.420013,1981889.000000,1784579400.0
1784640600.0,525.760010,535.599976,522.600098,530.999878,7853700.000000,1784644200.0
1784644200.0,530.840027,536.149902,526.140015,535.239990,3539787.000000,1784647800.0
1784647800.0,535.167175,538.750000,531.310486,538.349976,2470228.000000,1784651400.0
1784651400.0,538.429993,543.500000,536.580017,543.295227,2692527.000000,1784655000.0
1784655000.0,543.405029,544.650024,541.159973,542.159973,2132976.000000,1784658600.0
1784658600.0,542.155029,548.139893,539.869995,539.979980,2644169.000000,1784662200.0
1784662200.0,540.039978,545.400024,539.799988,544.450012,2921429.000000,1784665800.0
1784727000.0,526.875000,553.559875,526.875000,550.174988,8101913.000000,1784730600.0
1784730600.0,549.850098,558.419983,547.369995,554.875000,3434593.000000,1784734200.0
1784734200.0,554.979980,558.202698,553.590027,556.159973,1875511.000000,1784737800.0
1784737800.0,556.155029,558.030029,553.669983,557.000000,1495219.000000,1784741400.0
1784741400.0,556.880005,557.770020,553.299988,554.549988,1374862.000000,1784745000.0
1784745000.0,554.150024,558.909973,553.109985,558.679993,2495649.000000,1784748600.0
1784748600.0,558.799988,561.469971,550.250122,552.140015,2912169.000000,1784752200.0
1784813400.0,544.739990,558.159912,542.010010,552.484985,5416061.000000,1784817000.0
1784817000.0,552.179993,552.849976,536.650024,537.455017,2943627.000000,1784820600.0
1784820600.0,537.599976,545.650024,536.000977,545.130005,2152657.000000,1784824200.0
1784824200.0,545.099976,550.510010,525.000000,535.914978,5694222.000000,1784827800.0
1784827800.0,535.909973,537.799927,531.559998,535.969971,2014500.000000,1784831400.0
1784831400.0,536.109985,541.289917,533.540100,541.289917,2236432.000000,1784835000.0
1784835000.0,541.049988,541.964417,536.130005,539.799988,2464011.000000,1784838600.0
1784899800.0,546.905029,549.000000,518.148499,531.270020,7683053.000000,1784903400.0
1784903400.0,531.090027,537.130005,520.900024,528.310120,3892190.000000,1784907000.0
1784907000.0,527.799988,540.699280,527.109985,538.710022,2790641.000000,1784910600.0
1784910600.0,538.655029,538.746521,531.510010,536.044983,1989447.000000,1784914200.0
1784914200.0,536.200012,537.080017,526.429993,526.630005,1718595.000000,1784917800.0
1784917800.0,526.739990,527.130005,518.010010,522.627502,3121178.000000,1784921400.0
1784921400.0,522.619995,524.640015,518.849976,522.030029,3010818.000000,1784925000.0
1785159000.0,527.505005,528.000000,484.687500,485.190002,8611663.000000,1785162600.0
1785162600.0,485.489990,489.940002,476.929993,480.619995,6030600.000000,1785166200.0
1785166200.0,480.420013,488.629913,477.700012,486.170013,3072815.000000,1785169800.0
1785169800.0,486.279999,488.479309,478.720093,479.904999,2469120.000000,1785173400.0
1785173400.0,479.880005,484.540009,479.660004,484.350006,1906928.000000,1785177000.0
1785177000.0,484.195007,495.795013,481.309998,495.654999,3590115.000000,1785180600.0
1785180600.0,495.795013,496.279999,492.200012,495.070007,2571998.000000,1785184200.0
1785245400.0,466.002014,472.750000,442.269989,447.545013,12151057.000000,1785249000.0
1785249000.0,447.338989,458.000000,445.880005,455.839996,5613647.000000,1785252600.0
1785252600.0,455.809998,466.676514,454.360107,460.660095,3858375.000000,1785256200.0
1785256200.0,460.661011,462.869507,457.510010,459.049988,2264026.000000,1785259800.0
1785259800.0,459.000092,460.749908,454.549988,455.250000,2050189.000000,1785263400.0
1785263400.0,455.359985,465.149902,455.140015,465.000000,2451656.000000,1785267000.0
1785267000.0,465.119995,465.811707,452.609985,454.850006,4292819.000000,1785270600.0
1785331800.0,452.000000,457.220001,432.209991,433.975006,7411683.000000,1785335400.0
1785335400.0,433.885010,436.600006,428.679993,430.184998,4357772.000000,1785339000.0
1785339000.0,430.309998,431.559998,424.031586,429.709991,3159928.000000,1785342600.0
1785342600.0,429.640015,438.839996,426.820007,436.704987,2929324.000000,1785346200.0
1785346200.0,436.704987,445.000000,435.619995,439.640015,2913336.000000,1785349800.0
1785349800.0,440.000000,453.229004,438.100006,441.247314,4036399.000000,1785353400.0
1785353400.0,441.220001,442.890015,428.714996,429.570007,4590063.000000,1785357000.0
1785418200.0,459.160004,497.399994,457.679993,497.149994,11658056.000000,1785421800.0
1785421800.0,497.160004,498.200012,481.739990,482.859985,5929782.000000,1785425400.0
1785425400.0,482.869995,487.859894,481.850006,485.700012,2939774.000000,1785429000.0
1785429000.0,485.704987,489.000000,481.739990,487.885010,2209253.000000,1785432600.0
1785432600.0,487.885010,489.239899,485.820007,488.299988,2099518.000000,1785436200.0
1785436200.0,488.394989,491.959991,485.200104,487.645599,2989794.000000,1785439800.0
1785439800.0,487.399994,488.880005,484.500000,485.584991,2944418.000000,1785443400.0
1785504600.0,510.274994,515.619995,483.230011,492.489990,8410536.000000,1785508200.0
1785508200.0,492.500000,495.689911,483.640015,486.214996,3750337.000000,1785511800.0
1785511800.0,486.059998,491.390015,484.510010,491.380005,2294454.000000,1785515400.0
1785515400.0,491.380005,492.609985,487.000000,490.744995,2158841.000000,1785519000.0
1785519000.0,490.679993,493.100006,486.010010,487.380005,1672139.000000,1785522600.0
1785522600.0,487.529999,488.834991,484.839996,486.600006,1519007.000000,1785526200.0
1785526200.0,486.000000,487.029999,475.829987,476.140015,3408857.000000,1785529800.0
1785763800.0,461.790009,477.109985,455.299988,476.989990,7404117.000000,1785767400.0
1785767400.0,477.000092,486.850006,475.184998,477.720001,3425288.000000,1785771000.0
1785771000.0,477.845001,482.959991,477.160004,481.674988,1838716.000000,1785774600.0
1785774600.0,482.540009,482.734985,479.309998,482.490112,1468982.000000,1785778200.0
1785778200.0,482.848694,490.946411,482.600006,485.089996,2411778.000000,1785781800.0
1785781800.0,485.170013,486.549988,484.010010,484.390015,1779687.000000,1785785400.0
1785785400.0,484.410004,487.165009,483.209991,484.730011,3143186.000000,1785789000.0
1785850200.0,504.239990,517.819885,502.200012,517.484985,9972044.000000,1785853800.0
1785853800.0,517.419983,521.690002,514.630005,519.330017,4530189.000000,1785857400.0
1785857400.0,519.270020,524.900024,518.510010,524.325012,3639735.000000,1785861000.0
1785861000.0,524.335022,526.659973,523.239990,525.770020,2989227.000000,1785864600.0
1785864600.0,525.799988,530.130005,524.989990,527.229980,3221486.000000,1785868200.0
1785868200.0,527.184998,529.869873,525.582092,526.880005,3522895.000000,1785871800.0
1785871800.0,526.719971,528.594971,518.599976,526.000000,4792860.000000,1785875400.0
1785936600.0,484.494995,502.000000,480.440002,486.799988,21309061.000000,1785940200.0
1785940200.0,486.720001,486.739990,478.200012,484.454987,6559562.000000,1785943800.0
1785943800.0,484.464996,491.739990,482.399994,491.339813,4276404.000000,1785947400.0
1785947400.0,491.244995,491.540009,485.329987,486.230011,2621140.000000,1785951000.0
1785951000.0,486.119995,488.609985,484.709991,488.345001,2250686.000000,1785954600.0
1785954600.0,488.299988,489.031006,485.239990,485.250000,2640754.000000,1785958200.0
1785958200.0,485.410004,486.380005,480.440002,481.640015,4281929.000000,1785961800.0
1786023000.0,471.144989,492.670013,469.739990,487.569214,7997665.000000,1786026600.0
1786026600.0,487.774994,495.359894,484.156586,492.079987,3719821.000000,1786030200.0
1786030200.0,492.024994,493.880005,485.548004,487.070007,2109395.000000,1786033800.0
1786033800.0,486.920013,496.719910,486.799988,494.060211,2386705.000000,1786037400.0
1786037400.0,494.000000,495.000000,487.000000,493.309998,2573276.000000,1786041000.0
1786041000.0,492.950012,496.399994,491.269989,492.154999,1610130.000000,1786044600.0
1786044600.0,492.122498,493.799988,488.829987,489.670013,1880358.000000,1786048200.0
1786109400.0,497.940002,498.820007,478.829987,482.850006,8212445.000000,1786113000.0
1786113000.0,483.100006,483.500000,476.339996,482.250000,4346046.000000,1786116600.0
1786116600.0,482.450012,485.339996,478.220001,478.355011,2564830.000000,1786120200.0
1786120200.0,478.382507,482.239990,476.059998,481.444397,2094328.000000,1786123800.0
1786123800.0,481.359985,482.320007,478.915192,479.105011,1534787.000000,1786127400.0
1786127400.0,479.131104,481.750000,477.160004,481.119995,2192786.000000,1786131000.0
1786131000.0,481.130005,483.720001,478.029999,483.480011,2895659.000000,1786134600.0
1786368600.0,477.423004,483.359985,470.687897,476.309998,6719113.000000,1786372200.0
1786372200.0,476.204987,481.760010,475.299988,475.845001,2211727.000000,1786375800.0
1786375800.0,475.679993,479.500000,474.980011,476.329987,1496238.000000,1786379400.0
1786379400.0,476.339996,476.790100,474.480011,475.100006,1481744.000000,1786383000.0
1786383000.0,475.095001,476.290009,474.459991,475.160004,1073264.000000,1786386600.0
1786386600.0,475.130005,476.600006,474.750000,475.640015,1427111.000000,1786390200.0
1786390200.0,475.644989,475.790009,469.320007,469.350006,3025730.000000,1786393800.0
1786455000.0,466.559998,474.989990,463.209991,468.945007,5051352.000000,1786458600.0
1786458600.0,468.779999,470.950012,466.920593,469.019989,1903458.000000,1786462200.0
1786462200.0,469.209991,470.950012,466.029999,466.855011,1411338.000000,1786465800.0
1786465800.0,466.825012,467.170013,465.100006,466.279999,1012265.000000,1786469400.0
1786469400.0,466.239990,472.640015,465.700012,471.133209,2522335.000000,1786473000.0
1786473000.0,471.260010,474.989990,470.850006,474.712494,2023084.000000,1786476600.0
1786476600.0,474.804993,475.980011,473.290009,474.390015,1781773.000000,1786480200.0
1786541400.0,488.799988,491.155609,480.880005,490.795013,6587152.000000,1786545000.0
1786545000.0,490.933990,491.689911,486.799988,489.075714,2629988.000000,1786548600.0
1786548600.0,489.084808,489.089996,486.100006,487.214996,1206258.000000,1786552200.0
1786552200.0,487.290009,488.799988,486.220001,486.753906,1017816.000000,1786555800.0
1786555800.0,486.649994,489.890015,486.020294,486.070099,1354628.000000,1786559400.0
1786559400.0,486.084991,487.140015,483.170013,484.015015,1583292.000000,1786563000.0
1786563000.0,484.045013,484.045013,481.000000,482.790009,1836359.000000,1786566600.0
1786627800.0,483.054993,496.459015,481.000000,494.989899,5484173.000000,1786631400.0
1786631400.0,494.864990,497.980011,493.329987,496.100006,2782433.000000,1786635000.0
1786635000.0,496.130005,496.315002,490.549988,493.015015,1817678.000000,1786638600.0
1786638600.0,493.200012,495.640015,491.810089,494.119995,1542161.000000,1786642200.0
1786642200.0,494.019989,494.690002,490.010010,490.397797,1284259.000000,1786645800.0
1786645800.0,490.500000,491.699890,486.549988,487.059998,1763186.000000,1786649400.0
1786649400.0,487.140015,487.435913,482.070007,483.088715,2099214.000000,1786653000.0
1786714200.0,487.600006,505.989990,483.200012,505.299988,8120626.000000,1786717800.0
1786717800.0,505.559998,511.471710,499.679993,501.054993,3908999.000000,1786721400.0
1786721400.0,501.221313,502.000000,496.350006,500.899994,2421070.000000,1786725000.0
1786725000.0,500.926392,503.880005,499.049988,502.869904,1613157.000000,1786728600.0
1786728600.0,502.679993,509.480011,502.440094,507.809998,2271011.000000,1786732200.0
1786732200.0,507.850006,509.290009,507.049988,508.505005,2007061.000000,1786735800.0
1786735800.0,508.505005,514.630005,508.230011,514.369995,3219105.000000,1786739400.0
1786973400.0,513.804993,515.868103,506.330109,512.275024,5817357.000000,1786977000.0
1786977000.0,512.309998,517.299988,509.959991,515.840027,3095366.000000,1786980600.0
1786980600.0,515.659973,517.130005,510.750000,511.214996,2056635.000000,1786984200.0
1786984200.0,511.214996,511.790009,508.920013,509.020111,1489323.000000,1786987800.0
1786987800.0,509.380005,510.839905,507.720001,509.309998,1271228.000000,1786991400.0
1786991400.0,509.065002,511.089996,505.000000,505.845001,1747232.000000,1786995000.0
1786995000.0,505.575012,507.690002,504.519989,506.089996,2064437.000000,1786998600.0
1787059800.0,487.559998,491.809998,477.459991,481.595001,6738856.000000,1787063400.0
1787063400.0,481.510010,482.720001,475.000000,479.709991,3197648.000000,1787067000.0
1787067000.0,479.600006,481.350006,477.370087,477.609985,1782037.000000,1787070600.0
1787070600.0,477.489990,480.670013,477.429993,479.612915,1415330.000000,1787074200.0
1787074200.0,479.510010,479.790009,475.475006,478.149994,1669239.000000,1787077800.0
1787077800.0,478.200012,482.749908,477.800110,481.869995,1988739.000000,1787081400.0
1787081400.0,481.839996,485.239990,480.589996,484.674988,2787514.000000,1787085000.0
1787146200.0,485.549988,487.005005,462.619995,467.320007,6299122.000000,1787149800.0
1787149800.0,467.255005,468.799988,462.549988,467.049988,2919726.000000,1787153400.0
1787153400.0,467.089996,469.450012,464.720001,466.450012,1767611.000000,1787157000.0
1787157000.0,466.494995,469.220001,465.760010,466.399994,1034532.000000,1787160600.0
1787160600.0,466.630005,466.909912,463.410492,465.334991,1184614.000000,1787164200.0
1787164200.0,465.345001,469.099915,465.109985,467.690002,1956030.000000,1787167800.0
1787167800.0,467.790009,468.320007,465.842896,466.380005,1736505.000000,1787171400.0
