ts_open,o,h,l,c,v,ts_close
1695043800.0,327.799988,330.315002,326.850006,328.899994,4113749.000000,1695047400.0
1695047400.0,328.950012,329.829987,328.059998,329.809998,1786341.000000,1695051000.0
1695051000.0,329.769989,330.399994,328.899994,329.260010,1307131.000000,1695054600.0
1695054600.0,329.290009,329.619995,327.940002,328.459991,1091090.000000,1695058200.0
1695058200.0,328.480011,328.640015,327.339996,327.945007,1161643.000000,1695061800.0
1695061800.0,327.959991,328.170013,326.359985,327.776306,1609716.000000,1695065400.0
1695065400.0,327.739990,329.320007,327.220001,329.100006,1881281.000000,1695069000.0
1695130200.0,326.170013,328.750000,324.869995,325.690002,4620100.000000,1695133800.0
1695133800.0,325.679993,326.000000,324.510010,325.649994,2053662.000000,1695137400.0
1695137400.0,325.600006,326.678009,325.489990,326.049988,1275221.000000,1695141000.0
1695141000.0,326.019989,327.359985,325.559998,326.795013,1133097.000000,1695144600.0
1695144600.0,326.799988,328.670013,326.799988,328.029999,1383575.000000,1695148200.0
1695148200.0,328.040009,329.190002,327.550110,328.250000,1300260.000000,1695151800.0
1695151800.0,328.220001,329.390015,328.089996,328.630005,1896048.000000,1695155400.0
1695216600.0,329.510010,329.589996,327.390015,327.679291,3616952.000000,1695220200.0
1695220200.0,327.640015,328.380005,326.271790,326.535004,1948714.000000,1695223800.0
1695223800.0,326.480804,327.228210,325.029999,326.721588,1383762.000000,1695227400.0
1695227400.0,326.727814,326.984985,325.920013,326.059998,1105140.000000,1695231000.0
1695231000.0,326.079987,326.239990,323.890015,325.260010,2278064.000000,1695234600.0
1695234600.0,325.250092,326.627106,322.630005,323.399994,2865780.000000,1695238200.0
1695238200.0,323.410004,323.529999,320.510010,320.760010,3360298.000000,1695241800.0
1695303000.0,319.260010,324.149994,315.000000,320.700012,9500371.000000,1695306600.0
1695306600.0,320.664398,325.349915,320.279999,322.019989,6389957.000000,1695310200.0
1695310200.0,322.040009,322.882904,320.239990,320.690002,2748884.000000,1695313800.0
1695313800.0,320.690002,323.399994,320.390015,322.790009,2376718.000000,1695317400.0
1695317400.0,322.760010,323.079987,320.480011,320.489990,2065611.000000,1695321000.0
1695321000.0,320.489990,321.369995,319.559998,320.679993,3005180.000000,1695324600.0
1695324600.0,320.649994,321.760010,319.500000,319.540009,3824741.000000,1695328200.0
1695389400.0,321.320007,321.450012,317.809998,319.410004,4064881.000000,1695393000.0
1695393000.0,319.410004,321.040009,319.230011,320.559998,2793607.000000,1695396600.0
1695396600.0,320.589996,320.700012,318.924988,319.704987,1618065.000000,1695400200.0
1695400200.0,319.679993,320.130005,318.012512,318.230011,1419112.000000,1695403800.0
1695403800.0,318.239899,318.239990,316.589996,317.379913,1673500.000000,1695407400.0
1695407400.0,317.359985,319.299988,317.079987,318.750000,1622542.000000,1695411000.0
1695411000.0,318.790009,318.850006,316.149994,317.019989,2795888.000000,1695414600.0
1695648600.0,316.589996,317.670013,315.649994,316.079987,4130465.000000,1695652200.0
1695652200.0,316.049988,317.220001,315.059998,316.500000,2219391.000000,1695655800.0
1695655800.0,316.519989,317.190002,315.859985,316.589996,1233732.000000,1695659400.0
1695659400.0,316.609985,316.690002,315.331299,315.679993,1347872.000000,1695663000.0
1695663000.0,315.690002,316.459991,315.269989,315.869995,1206994.000000,1695666600.0
1695666600.0,315.829987,316.450012,315.000000,316.179901,1766752.000000,1695670200.0
1695670200.0,316.149994,317.630005,315.950012,317.600006,2159301.000000,1695673800.0
1695735000.0,315.130005,315.880005,311.559998,312.559998,5733037.000000,1695738600.0
1695738600.0,312.540009,313.410004,311.079987,311.079987,2927402.000000,1695742200.0
1695742200.0,311.079987,312.700012,310.829987,312.279999,2421952.000000,1695745800.0
1695745800.0,312.279907,312.920013,311.549988,311.600006,1570089.000000,1695749400.0
1695749400.0,311.579987,311.839996,310.660004,310.869507,2875349.000000,1695753000.0
1695753000.0,310.864594,311.149994,310.019989,310.420013,2926657.000000,1695756600.0
1695756600.0,310.429901,312.429993,310.059998,312.140015,3514042.000000,1695760200.0
1695821400.0,312.299988,313.700012,310.589996,311.609985,4400123.000000,1695825000.0
1695825000.0,311.579987,312.029999,310.175507,311.809998,2536023.000000,1695828600.0
1695828600.0,311.817688,311.877014,310.269989,310.809998,1355545.000000,1695832200.0
1695832200.0,310.829987,311.899994,310.345001,310.380005,1588484.000000,1695835800.0
1695835800.0,310.320007,311.369995,309.690002,311.339996,1864682.000000,1695839400.0
1695839400.0,311.309998,314.299011,311.309998,313.269989,2801872.000000,1695843000.0
1695843000.0,313.254913,313.640015,311.869995,312.829987,1882683.000000,1695846600.0
1695907800.0,310.989990,312.118896,309.450012,310.920013,4601114.000000,1695911400.0
1695911400.0,310.945007,312.869995,309.880005,312.869995,2506931.000000,1695915000.0
1695915000.0,312.880005,315.459991,312.834900,315.450012,2900673.000000,1695918600.0
1695918600.0,315.440002,315.480011,313.651398,313.915009,1390567.000000,1695922200.0
1695922200.0,313.929993,314.519989,313.089996,314.019989,1186519.000000,1695925800.0
1695925800.0,314.019989,314.649994,312.720001,314.589996,2198451.000000,1695929400.0
1695929400.0,314.559998,314.649994,312.809998,313.670013,1901362.000000,1695933000.0
1695994200.0,317.750000,319.470001,316.730011,317.790009,4599208.000000,1695997800.0
1695997800.0,317.820007,318.890015,317.250000,317.268494,2133169.000000,1696001400.0
1696001400.0,317.290009,318.329987,317.084991,317.890015,1605335.000000,1696005000.0
1696005000.0,317.920013,318.220001,315.220001,315.980988,2479738.000000,1696008600.0
1696008600.0,315.970001,316.459900,315.170013,315.329987,1360045.000000,1696012200.0
1696012200.0,315.309998,316.709991,314.980011,316.089996,1781172.000000,1696015800.0
1696015800.0,316.049988,317.880005,315.171997,315.709991,3343656.000000,1696019400.0
1696253400.0,316.279999,319.037201,315.179993,318.260010,4154228.000000,1696257000.0
1696257000.0,318.320007,321.390015,317.130005,320.959991,2834021.000000,1696260600.0
1696260600.0,321.000000,321.170013,317.829987,318.579987,2000514.000000,1696264200.0
1696264200.0,318.545013,318.950012,317.600006,318.549988,1380507.000000,1696267800.0
1696267800.0,318.559998,320.200012,318.260010,318.600006,1521910.000000,1696271400.0
1696271400.0,318.640015,319.820007,318.309998,319.549988,1465721.000000,1696275000.0
1696275000.0,319.549988,321.888000,319.350006,321.809998,3015744.000000,1696278600.0
1696339800.0,320.829987,321.390015,315.649994,315.690002,3765818.000000,1696343400.0
1696343400.0,315.700012,316.499512,313.079987,313.932800,2928082.000000,1696347000.0
1696347000.0,313.899994,314.665009,313.500000,313.744812,2160922.000000,1696350600.0
1696350600.0,313.769989,314.209991,312.529999,312.750000,1730677.000000,1696354200.0
1696354200.0,312.750000,312.959991,311.989990,312.355713,1790912.000000,1696357800.0
1696357800.0,312.329987,313.149994,311.559998,311.600006,2030814.000000,1696361400.0
1696361400.0,311.600006,313.519989,311.214996,313.350006,2810349.000000,1696365000.0
1696426200.0,314.029999,317.880005,314.000000,315.829987,4226789.000000,1696429800.0
1696429800.0,315.869995,319.040009,315.869995,318.114990,2700875.000000,1696433400.0
1696433400.0,318.140015,319.250000,317.790009,318.209991,1588573.000000,1696437000.0
1696437000.0,318.339996,318.500000,317.170013,317.220001,1537162.000000,1696440600.0
1696440600.0,317.200012,317.359985,316.160004,317.179993,1383799.000000,1696444200.0
1696444200.0,317.190002,319.340088,316.850006,318.929993,1629317.000000,1696447800.0
1696447800.0,318.940002,320.040009,318.649994,318.950012,2876666.000000,1696451400.0
1696512600.0,319.089996,319.980011,316.131012,316.779999,3320120.000000,1696516200.0
1696516200.0,316.739990,316.869995,314.899994,316.190002,2059486.000000,1696519800.0
1696519800.0,316.200012,317.450012,315.829987,317.149994,1701299.000000,1696523400.0
1696523400.0,317.178711,317.387085,316.079987,316.700012,1007805.000000,1696527000.0
1696527000.0,316.684998,318.269592,316.269989,318.079987,1525200.000000,1696530600.0
1696530600.0,318.070007,319.119995,318.000000,318.809998,1404764.000000,1696534200.0
1696534200.0,318.809998,319.910004,318.480011,319.369995,2475925.000000,1696537800.0
1696599000.0,316.549988,321.329987,316.299988,321.100006,4218833.000000,1696602600.0
1696602600.0,321.130005,324.114990,321.100006,323.269989,3653876.000000,1696606200.0
1696606200.0,323.329987,325.760010,323.304993,324.970001,2420065.000000,1696609800.0
1696609800.0,324.970001,326.660004,324.590088,326.470001,1638335.000000,1696613400.0
1696613400.0,326.470001,327.829987,326.328491,327.690002,1779530.000000,1696617000.0
1696617000.0,327.690002,328.839996,327.420013,328.820007,2634215.000000,1696620600.0
1696620600.0,328.809998,329.190002,327.089996,327.230011,3384100.000000,1696624200.0
1696858200.0,324.750000,327.959991,323.179993,326.622101,5568844.000000,1696861800.0
1696861800.0,326.630005,327.100006,325.388000,326.845001,1785828.000000,1696865400.0
1696865400.0,326.839996,328.459991,326.829987,327.820007,1732688.000000,1696869000.0
1696869000.0,327.825012,328.750000,327.549988,328.750000,1236455.000000,1696872600.0
1696872600.0,328.769989,330.299988,328.709991,329.959991,1821354.000000,1696876200.0
1696876200.0,329.959991,330.149994,329.058502,329.500000,1882691.000000,1696879800.0
1696879800.0,329.480011,330.040009,329.209991,329.859985,1678565.000000,1696883400.0
1696944600.0,330.959991,331.100006,327.992493,328.785004,4043590.000000,1696948200.0
1696948200.0,328.799988,330.649994,328.559998,330.269989,3713948.000000,1696951800.0
1696951800.0,330.279999,330.980011,329.850006,330.600006,2042405.000000,1696955400.0
1696955400.0,330.589996,330.679993,327.670013,328.359985,2181475.000000,1696959000.0
1696959000.0,328.390015,329.029999,327.880005,328.399994,1463658.000000,1696962600.0
1696962600.0,328.459991,329.470001,328.179993,329.220001,1666607.000000,1696966200.0
1696966200.0,329.200012,329.589996,328.250000,328.390015,2410793.000000,1696969800.0
1697031000.0,331.209991,332.589996,329.799988,331.059998,4264611.000000,1697034600.0
1697034600.0,331.040009,332.130005,330.367798,330.690002,2431175.000000,1697038200.0
1697038200.0,330.690002,331.380005,329.970001,330.339996,1356489.000000,1697041800.0
1697041800.0,330.339996,330.619995,329.309998,329.559998,1237574.000000,1697045400.0
1697045400.0,329.559998,332.000000,329.140015,331.334991,1544808.000000,1697049000.0
1697049000.0,331.339996,331.809998,330.984985,331.500000,1498042.000000,1697052600.0
1697052600.0,331.470001,332.820007,331.309998,332.440002,2725705.000000,1697056200.0
1697117400.0,330.565002,333.484985,329.589996,332.679993,4443449.000000,1697121000.0
1697121000.0,332.679993,333.629913,331.795013,332.214508,2471125.000000,1697124600.0
1697124600.0,332.260010,332.829987,331.709991,332.570007,1645154.000000,1697128200.0
1697128200.0,332.589996,332.959991,329.760010,330.890015,2590785.000000,1697131800.0
1697131800.0,330.859985,331.070007,328.720001,329.209991,2228010.000000,1697135400.0
1697135400.0,329.199890,331.119995,329.029999,330.757111,1431656.000000,1697139000.0
1697139000.0,330.760010,331.670013,330.750000,331.190002,1922850.000000,1697142600.0
1697203800.0,332.380005,333.829987,331.114990,331.575012,4214942.000000,1697207400.0
1697207400.0,331.559998,332.239990,328.380005,328.670013,2902084.000000,1697211000.0
1697211000.0,328.660004,329.119995,327.100006,327.950012,1993510.000000,1697214600.0
1697214600.0,327.945007,328.779999,326.660004,326.750000,1622814.000000,1697218200.0
1697218200.0,326.760010,328.709991,326.359985,328.504395,1521302.000000,1697221800.0
1697221800.0,328.515015,329.609985,327.679993,327.848999,1720842.000000,1697225400.0
1697225400.0,327.859985,328.579987,326.970001,327.670013,2372203.000000,1697229000.0
1697463000.0,331.049988,335.329987,330.600006,335.109985,6240055.000000,1697466600.0
1697466600.0,335.130005,336.140015,333.859985,334.470001,2784848.000000,1697470200.0
1697470200.0,334.489990,334.619995,333.149994,333.915009,1814361.000000,1697473800.0
1697473800.0,333.910004,334.700989,332.269989,333.489990,1383240.000000,1697477400.0
1697477400.0,333.494995,334.230011,333.279999,333.760406,1439175.000000,1697481000.0
1697481000.0,333.760010,334.505005,333.350006,333.910004,1475454.000000,1697484600.0
1697484600.0,333.910004,334.019012,332.220001,332.660004,3033232.000000,1697488200.0
1697549400.0,329.589996,332.269989,327.410004,331.190002,4650581.000000,1697553000.0
1697553000.0,331.214996,332.429993,330.809998,331.611694,1997665.000000,1697556600.0
1697556600.0,331.619995,333.059998,331.559998,332.970001,1515763.000000,1697560200.0
1697560200.0,332.970001,333.459991,332.200012,332.209991,1259198.000000,1697563800.0
1697563800.0,332.190002,332.239990,330.589996,330.945007,1377420.000000,1697567400.0
1697567400.0,330.920013,331.290009,329.899994,330.916992,1565480.000000,1697571000.0
1697571000.0,330.920013,332.127502,330.565002,332.070007,2280309.000000,1697574600.0
1697635800.0,332.489990,335.589996,332.190002,333.480011,5035885.000000,1697639400.0
1697639400.0,333.494995,333.579987,331.459991,332.679993,2953954.000000,1697643000.0
1697643000.0,332.684998,333.980011,332.149109,332.200012,1511704.000000,1697646600.0
1697646600.0,332.229889,333.309998,331.341187,332.709991,2021063.000000,1697650200.0
1697650200.0,332.720001,332.720001,330.739990,331.549988,2036767.000000,1697653800.0
1697653800.0,331.540009,331.959991,329.660004,329.690002,2082484.000000,1697657400.0
1697657400.0,329.690002,330.559998,328.299988,330.040009,3847300.000000,1697661000.0
1697722200.0,332.149994,334.799988,332.029999,332.200012,5243603.000000,1697725800.0
1697725800.0,332.369995,334.279999,332.089996,333.119995,2288057.000000,1697729400.0
1697729400.0,333.075012,336.269989,332.934998,335.040009,3417271.000000,1697733000.0
1697733000.0,335.084991,336.630005,332.239990,336.100006,2877959.000000,1697736600.0
1697736600.0,335.549988,335.640015,333.010010,333.989990,2000147.000000,1697740200.0
1697740200.0,333.950012,333.959991,331.279999,331.850006,2647984.000000,1697743800.0
1697743800.0,331.859985,332.440002,330.910004,331.250000,2880195.000000,1697747400.0
1697808600.0,331.720001,331.920013,328.250000,328.329987,6346380.000000,1697812200.0
1697812200.0,328.320007,328.399994,325.450012,326.390015,3413457.000000,1697815800.0
1697815800.0,326.410004,327.600006,325.890015,326.859985,1862623.000000,1697819400.0
1697819400.0,326.880005,328.760010,326.869995,328.225006,2208042.000000,1697823000.0
1697823000.0,328.279999,328.739990,326.899994,327.109985,1388268.000000,1697826600.0
1697826600.0,327.079987,327.973999,326.760010,327.160004,1621417.000000,1697830200.0
1697830200.0,327.165009,327.690002,326.373993,326.672485,3214583.000000,1697833800.0
1698067800.0,326.750000,329.130005,324.390015,327.299988,5730792.000000,1698071400.0
1698071400.0,327.250000,329.572388,326.520111,329.162506,2225680.000000,1698075000.0
1698075000.0,329.119995,330.879089,328.660004,330.510010,2156111.000000,1698078600.0
1698078600.0,330.515015,332.725006,330.119995,331.600006,2434726.000000,1698082200.0
1698082200.0,331.540009,332.250000,331.230011,331.464996,1626280.000000,1698085800.0
1698085800.0,331.470001,331.540009,329.720001,329.880005,3025480.000000,1698089400.0
1698089400.0,329.880005,330.290009,329.070007,329.160004,2396984.000000,1698093000.0
1698154200.0,331.299988,331.579987,328.690002,330.870087,5176123.000000,1698157800.0
1698157800.0,330.875000,331.839996,330.059998,330.089996,2580003.000000,1698161400.0
1698161400.0,330.059998,330.619995,328.549988,328.799988,2234066.000000,1698165000.0
1698165000.0,328.769989,329.260010,327.600006,329.170013,2301745.000000,1698168600.0
1698168600.0,329.190002,330.540009,329.040009,330.519989,1841823.000000,1698172200.0
1698172200.0,330.519989,331.540009,330.290100,331.459991,2782194.000000,1698175800.0
1698175800.0,331.470001,331.659912,330.529999,330.790009,3689233.000000,1698179400.0
1698240600.0,345.019989,346.200012,338.940002,340.364990,17561776.000000,1698244200.0
1698244200.0,340.584991,341.730011,337.827301,338.640106,7244563.000000,1698247800.0
1698247800.0,338.649994,340.160004,337.619995,339.619995,5252824.000000,1698251400.0
1698251400.0,339.631500,340.209991,337.820007,338.670013,3885025.000000,1698255000.0
1698255000.0,338.619995,340.859985,337.910004,339.790009,4469422.000000,1698258600.0
1698258600.0,339.790009,340.850006,339.500000,340.799988,5293458.000000,1698262200.0
1698262200.0,340.799988,341.200012,339.940002,340.670013,5246965.000000,1698265800.0
1698327000.0,340.540009,341.630005,332.130005,333.475006,9206803.000000,1698330600.0
1698330600.0,333.459991,335.880005,330.029999,330.730011,4943215.000000,1698334200.0
1698334200.0,330.809998,331.339996,326.940002,328.579987,4361740.000000,1698337800.0
1698337800.0,328.549988,329.510010,327.109985,327.839996,3378374.000000,1698341400.0
1698341400.0,327.869995,329.830109,327.329987,329.820007,2553960.000000,1698345000.0
1698345000.0,329.779999,331.500000,329.234985,329.489990,3694983.000000,1698348600.0
1698348600.0,329.540009,329.700012,327.325592,327.839996,3586560.000000,1698352200.0
1698413400.0,330.424988,334.880005,330.359985,334.100006,8115724.000000,1698417000.0
1698417000.0,334.089996,336.720001,332.769989,335.910095,4113074.000000,1698420600.0
1698420600.0,335.989990,336.079987,332.890015,333.320007,2189781.000000,1698424200.0
1698424200.0,333.279999,333.839996,330.790009,331.600006,2316611.000000,1698427800.0
1698427800.0,331.520386,331.660004,328.820007,329.660004,3198017.000000,1698431400.0
1698431400.0,329.660004,330.255005,328.400696,329.500000,3085520.000000,1698435000.0
1698435000.0,329.510010,329.989990,328.459991,329.820007,3065173.000000,1698438600.0
1698672600.0,333.410004,339.450012,330.519989,335.209991,6630492.000000,1698676200.0
1698676200.0,335.200012,336.410004,334.019989,334.704987,2588168.000000,1698679800.0
1698679800.0,334.709991,336.329987,334.500000,335.064392,1802657.000000,1698683400.0
1698683400.0,335.100006,337.079987,334.640015,336.950012,1995500.000000,1698687000.0
1698687000.0,337.015015,337.410004,336.204987,336.399994,1999363.000000,1698690600.0
1698690600.0,336.380005,338.154999,336.293304,337.700012,2074210.000000,1698694200.0
1698694200.0,337.709991,337.980011,337.059998,337.350006,2148345.000000,1698697800.0
1698759000.0,338.850006,339.000000,335.119995,337.209991,4264870.000000,1698762600.0
1698762600.0,337.230011,337.549896,335.410004,335.500000,2373494.000000,1698766200.0
1698766200.0,335.505005,336.200012,334.690002,335.929993,1740203.000000,1698769800.0
1698769800.0,335.950012,337.659912,335.339996,336.869995,1597208.000000,1698773400.0
1698773400.0,336.910004,338.489990,336.875000,337.320007,1523210.000000,1698777000.0
1698777000.0,337.339996,338.390015,337.174988,337.540009,1583437.000000,1698780600.0
1698780600.0,337.540009,338.440002,337.190002,338.140015,2364157.000000,1698784200.0
1698845400.0,339.790009,345.970001,339.649994,345.470001,6571917.000000,1698849000.0
1698849000.0,345.480011,346.510010,344.649994,345.054993,3580768.000000,1698852600.0
1698852600.0,345.079987,345.450012,344.130005,344.170013,1842109.000000,1698856200.0
1698856200.0,344.190002,344.662292,343.290009,343.980011,1466911.000000,1698859800.0
1698859800.0,343.959991,344.880005,343.459991,344.679993,1713329.000000,1698863400.0
1698863400.0,344.679993,347.100006,343.040009,346.734985,4441092.000000,1698867000.0
1698867000.0,346.709991,347.420013,345.679993,346.109985,3308266.000000,1698870600.0
1698931800.0,347.239990,347.730011,344.769989,347.329987,6758362.000000,1698935400.0
1698935400.0,347.364990,348.799988,346.600006,347.440002,3136229.000000,1698939000.0
1698939000.0,347.480011,348.399994,346.480011,347.410004,1825252.000000,1698942600.0
1698942600.0,347.440002,348.279999,347.180115,347.480011,1570480.000000,1698946200.0
1698946200.0,347.489990,348.500000,347.299988,347.804993,1777017.000000,1698949800.0
1698949800.0,347.809998,348.179993,346.910004,348.095001,1911133.000000,1698953400.0
1698953400.0,348.079987,348.829987,347.600006,348.399994,2814265.000000,1698957000.0
1699018200.0,349.630005,351.859985,347.329987,350.545013,5854531.000000,1699021800.0
1699021800.0,350.519989,351.429993,349.670013,350.829987,2569683.000000,1699025400.0
1699025400.0,350.859985,352.950012,350.810089,352.779999,2189337.000000,1699029000.0
1699029000.0,352.779999,353.774994,352.750000,353.329987,1993851.000000,1699032600.0
1699032600.0,353.359985,354.390015,353.119995,354.024994,1724844.000000,1699036200.0
1699036200.0,354.029999,354.350006,353.230011,354.119995,2153843.000000,1699039800.0
1699039800.0,354.119995,354.119995,352.609985,352.809998,2736584.000000,1699043400.0
1699281000.0,353.450012,357.399994,353.350006,356.109985,6279400.000000,1699284600.0
1699284600.0,356.095001,357.540009,356.000000,356.829987,2267411.000000,1699288200.0
1699288200.0,356.839996,357.135010,356.019989,356.519989,1885926.000000,1699291800.0
1699291800.0,356.489990,356.750000,353.809998,354.570007,2520247.000000,1699295400.0
1699295400.0,354.529999,356.000000,354.359985,355.209991,1710535.000000,1699299000.0
1699299000.0,355.170013,355.989990,354.970001,355.570007,1801242.000000,1699302600.0
1699302600.0,355.579987,356.670013,355.019989,356.640015,2236175.000000,1699306200.0
1699367400.0,359.399994,360.589996,357.630005,360.549988,5809542.000000,1699371000.0
1699371000.0,360.545013,362.279999,359.945007,362.200012,3184631.000000,1699374600.0
1699374600.0,362.190002,362.380005,360.760010,361.204987,2118348.000000,1699378200.0
1699378200.0,361.220001,362.459991,360.910004,362.089996,1712886.000000,1699381800.0
1699381800.0,362.100006,362.429993,361.839996,362.100006,1633857.000000,1699385400.0
1699385400.0,362.100006,362.399994,360.779999,361.320007,2000270.000000,1699389000.0
1699389000.0,361.309998,361.890015,359.940002,360.500000,2937250.000000,1699392600.0
1699453800.0,361.679993,363.869995,360.549988,360.940002,6647687.000000,1699457400.0
1699457400.0,360.909302,362.600006,360.589600,362.119995,2315430.000000,1699461000.0
1699461000.0,362.109985,362.950012,361.290009,362.084991,2053514.000000,1699464600.0
1699464600.0,362.089996,363.000000,361.720001,362.970001,1438976.000000,1699468200.0
1699468200.0,362.994995,363.309998,362.609985,363.190002,1220195.000000,1699471800.0
1699471800.0,363.190002,363.239990,361.471008,361.540009,3476196.000000,1699475400.0
1699475400.0,361.549988,363.339996,361.390015,363.230011,2771004.000000,1699479000.0
1699540200.0,362.299988,363.609985,361.410004,361.445007,5711071.000000,1699543800.0
1699543800.0,361.410004,363.690002,361.359985,363.279907,2040470.000000,1699547400.0
1699547400.0,363.260010,364.790009,363.052704,363.859985,2262352.000000,1699551000.0
1699551000.0,363.839996,364.220001,361.109985,363.010010,2162567.000000,1699554600.0
1699554600.0,363.009888,363.609985,361.209991,362.250000,1900860.000000,1699558200.0
1699558200.0,362.220001,362.529999,360.679993,361.220001,1802928.000000,1699561800.0
1699561800.0,361.220001,361.470001,360.362000,360.769989,2080070.000000,1699565400.0
1699626600.0,361.220001,364.600006,361.070007,363.779999,4959302.000000,1699630200.0
1699630200.0,363.820007,367.379791,363.684998,366.785004,3605338.000000,1699633800.0
1699633800.0,366.799988,368.089996,366.075012,367.309998,2307837.000000,1699637400.0
1699637400.0,367.380005,368.799988,367.346985,368.420013,2005474.000000,1699641000.0
1699641000.0,368.459991,369.369995,368.459991,369.188385,2000622.000000,1699644600.0
1699644600.0,369.230011,369.529999,368.660004,369.359985,2292770.000000,1699648200.0
1699648200.0,369.350006,370.100006,369.109985,369.519989,3217718.000000,1699651800.0
1699885800.0,368.220001,368.470001,365.899994,366.500000,5295841.000000,1699889400.0
1699889400.0,366.470001,368.359985,366.350006,368.000000,2645653.000000,1699893000.0
1699893000.0,367.970001,368.200012,366.929993,367.359711,2087703.000000,1699896600.0
1699896600.0,367.369812,367.665009,366.989990,367.182190,1060211.000000,1699900200.0
1699900200.0,367.209991,368.010010,366.923798,367.519989,1381345.000000,1699903800.0
1699903800.0,367.529999,367.640015,366.640015,366.690002,2251325.000000,1699907400.0
1699907400.0,366.700012,367.115814,366.299988,366.660004,2365141.000000,1699911000.0
1699972200.0,370.704987,371.950012,369.320007,371.100006,6207513.000000,1699975800.0
1699975800.0,371.140015,371.890015,370.459991,370.790009,2152666.000000,1699979400.0
1699979400.0,370.839996,370.950012,368.459991,369.290009,3297200.000000,1699983000.0
1699983000.0,369.309998,370.359985,369.059998,370.239990,1651318.000000,1699986600.0
1699986600.0,370.269989,370.470001,367.345398,369.130005,2925596.000000,1699990200.0
1699990200.0,369.179993,371.029999,369.179993,370.859985,2816386.000000,1699993800.0
1699993800.0,370.859985,371.329987,369.700012,370.320007,3256303.000000,1699997400.0
1700058600.0,371.279999,373.130005,369.619995,370.505005,5122435.000000,1700062200.0
1700062200.0,370.522491,370.600006,368.420013,370.290009,3524936.000000,1700065800.0
1700065800.0,370.309998,371.040009,368.700012,369.290009,2376587.000000,1700069400.0
1700069400.0,369.299988,369.325012,367.109985,368.678192,2566220.000000,1700073000.0
1700073000.0,368.649994,370.301392,368.369995,370.291595,2922866.000000,1700076600.0
1700076600.0,370.299988,370.380005,369.369995,369.868286,2004642.000000,1700080200.0
1700080200.0,369.899994,370.239990,369.220001,369.649994,2939555.000000,1700083800.0
1700145000.0,371.320587,376.070007,370.880005,374.940002,7466668.000000,1700148600.0
1700148600.0,374.980011,375.260010,372.410004,372.986206,3300961.000000,1700152200.0
1700152200.0,373.000000,375.258514,372.540009,375.070007,2474292.000000,1700155800.0
1700155800.0,375.049988,375.910004,374.809998,375.899994,2034127.000000,1700159400.0
1700159400.0,375.899994,376.299988,375.045013,375.130005,2048820.000000,1700163000.0
1700163000.0,375.140015,376.127197,375.109985,375.589996,1828325.000000,1700166600.0
1700166600.0,375.619995,376.350006,375.329987,376.209991,3103707.000000,1700170200.0
1700231400.0,373.609985,374.369995,370.443512,371.459991,8703435.000000,1700235000.0
1700235000.0,371.429993,371.445007,369.209991,370.925903,3554565.000000,1700238600.0
1700238600.0,370.929993,372.649994,370.500000,371.809998,2776992.000000,1700242200.0
1700242200.0,371.799988,372.480011,371.660004,372.244995,1534894.000000,1700245800.0
1700245800.0,372.260010,373.399994,371.859985,372.660004,1861001.000000,1700249400.0
1700249400.0,372.690002,373.190002,371.329987,371.579987,2635415.000000,1700253000.0
1700253000.0,371.570007,371.700012,367.000000,369.920013,11695336.000000,1700256600.0
1700490600.0,371.220001,377.100006,371.000000,372.933685,19395494.000000,1700494200.0
1700494200.0,372.959991,375.619995,372.269989,375.339996,4533808.000000,1700497800.0
1700497800.0,375.350006,377.019989,374.970001,376.709991,4570948.000000,1700501400.0
1700501400.0,376.720001,378.809998,376.350006,378.540009,4649339.000000,1700505000.0
1700505000.0,378.540009,378.760010,376.877289,377.649994,3384865.000000,1700508600.0
1700508600.0,377.679993,378.869995,377.429993,377.970001,3786893.000000,1700512200.0
1700512200.0,377.970001,378.220398,377.200012,377.609985,4810206.000000,1700515800.0
1700577000.0,375.670013,376.221497,371.480011,371.739990,7744229.000000,1700580600.0
1700580600.0,371.750000,372.700012,371.119995,372.059998,3437902.000000,1700584200.0
1700584200.0,372.029999,373.161011,371.411987,373.105011,2388471.000000,1700587800.0
1700587800.0,373.109985,373.529999,371.140015,371.690002,3314702.000000,1700591400.0
1700591400.0,371.700012,372.949890,371.579987,372.269989,1700655.000000,1700595000.0
1700595000.0,372.304993,373.109985,372.170013,372.450012,1984485.000000,1700598600.0
1700598600.0,372.450012,373.250000,372.238190,373.070007,2479515.000000,1700602200.0
1700663400.0,378.000000,379.789886,374.964996,376.950012,8427544.000000,1700667000.0
1700667000.0,376.970001,378.359985,376.950012,378.119995,2843232.000000,1700670600.0
1700670600.0,378.160004,379.000000,377.910004,378.674988,1943535.000000,1700674200.0
1700674200.0,378.690002,379.220001,378.010010,378.850006,2050537.000000,1700677800.0
1700677800.0,378.910004,379.160004,378.285004,378.690002,1339166.000000,1700681400.0
1700681400.0,378.649994,378.679596,376.850006,377.950012,1952496.000000,1700685000.0
1700685000.0,377.939911,378.290009,377.601807,377.880005,1618525.000000,1700688600.0
1700836200.0,377.329987,377.970001,375.910004,375.989990,3580317.000000,1700839800.0
1700839800.0,375.970001,376.447906,375.135010,376.119995,1762503.000000,1700843400.0
1700843400.0,376.100006,376.850006,375.630005,376.769989,1411854.000000,1700847000.0
1701095400.0,377.970001,378.179993,376.200012,376.959991,4261920.000000,1701099000.0
1701099000.0,376.959991,378.144989,376.940002,377.714996,1855792.000000,1701102600.0
1701102600.0,377.700012,379.910004,377.632294,379.839996,2418562.000000,1701106200.0
1701106200.0,379.850006,380.640015,379.579987,379.920013,2751251.000000,1701109800.0
1701109800.0,379.929993,380.050507,378.959991,379.179993,1415429.000000,1701113400.0
1701113400.0,379.209991,379.299988,378.230011,378.980103,1658681.000000,1701117000.0
1701117000.0,379.000000,379.299896,378.399994,378.605011,2419740.000000,1701120600.0
1701181800.0,378.350006,381.970001,378.160004,381.149902,5335822.000000,1701185400.0
1701185400.0,381.109985,382.769989,380.950012,382.549988,2777953.000000,1701189000.0
1701189000.0,382.549988,383.000000,381.929993,382.359985,1843642.000000,1701192600.0
1701192600.0,382.359985,382.369995,380.720001,381.369995,1648982.000000,1701196200.0
1701196200.0,381.378601,381.529999,380.750000,380.849915,1432812.000000,1701199800.0
1701199800.0,380.850006,381.640015,380.510010,380.904999,1742303.000000,1701203400.0
1701203400.0,380.894989,382.760010,380.779999,382.700012,2410941.000000,1701207000.0
1701268200.0,383.760010,384.299988,378.690002,379.279907,7352206.000000,1701271800.0
1701271800.0,379.290009,380.160004,378.010010,378.309998,3520524.000000,1701275400.0
1701275400.0,378.309998,378.644989,377.440002,378.480011,2302111.000000,1701279000.0
1701279000.0,378.494995,379.469910,378.140015,379.250000,1591320.000000,1701282600.0
1701282600.0,379.260010,379.690002,378.670013,379.600006,1708921.000000,1701286200.0
1701286200.0,379.600006,380.015991,378.600006,378.704987,2227605.000000,1701289800.0
1701289800.0,378.714996,379.359985,378.540009,378.940002,2164245.000000,1701293400.0
1701354600.0,378.489990,380.089996,377.410004,378.062012,4292988.000000,1701358200.0
1701358200.0,378.089996,378.799988,376.680115,376.929993,2337782.000000,1701361800.0
1701361800.0,376.929993,377.140015,376.010010,376.458405,1725096.000000,1701365400.0
1701365400.0,376.480011,377.139893,376.053711,376.053711,1176322.000000,1701369000.0
1701369000.0,376.079987,376.600006,375.470001,375.839996,1559062.000000,1701372600.0
1701372600.0,375.859985,376.779999,375.540100,375.880005,1651895.000000,1701376200.0
1701376200.0,375.890015,379.320007,375.743591,378.739990,4120040.000000,1701379800.0
1701441000.0,376.760010,378.160004,372.519989,372.765015,6249785.000000,1701444600.0
1701444600.0,372.769989,373.149994,371.309998,372.299988,5386624.000000,1701448200.0
1701448200.0,372.304993,373.548401,371.529999,373.489990,3736974.000000,1701451800.0
1701451800.0,373.480103,375.299988,373.329987,373.440002,3041400.000000,1701455400.0
1701455400.0,373.440002,374.549988,372.799988,374.359985,2537456.000000,1701459000.0
1701459000.0,374.385010,375.579895,374.250000,375.040009,2315913.000000,1701462600.0
1701462600.0,375.037506,375.140015,373.700012,374.440002,3027977.000000,1701466200.0
1701700200.0,368.432709,368.489990,363.067993,363.640015,10378062.000000,1701703800.0
1701703800.0,363.609985,365.859985,362.899994,365.709991,4220033.000000,1701707400.0
1701707400.0,365.710114,368.600006,365.577698,368.204987,3041025.000000,1701711000.0
1701711000.0,368.200012,369.459900,368.010010,368.370209,2369834.000000,1701714600.0
1701714600.0,368.369995,368.978394,367.320007,368.140015,1968346.000000,1701718200.0
1701718200.0,368.149994,368.717285,367.523895,368.717285,1926222.000000,1701721800.0
1701721800.0,368.716614,369.519989,368.549988,369.269989,3222681.000000,1701725400.0
1701786600.0,366.450012,371.410004,365.621002,370.544708,5425799.000000,1701790200.0
1701790200.0,370.600006,373.075012,370.330109,370.760010,3625714.000000,1701793800.0
1701793800.0,370.790009,371.839996,369.359985,371.793793,2071206.000000,1701797400.0
1701797400.0,371.779999,372.980011,370.500305,371.720001,2412488.000000,1701801000.0
1701801000.0,371.750000,372.234985,370.830811,372.029999,1398633.000000,1701804600.0
1701804600.0,372.049988,372.585999,371.080109,372.390015,1511583.000000,1701808200.0
1701808200.0,372.399994,372.630005,371.829987,372.570007,2886383.000000,1701811800.0
1701873000.0,373.540009,374.179993,368.670013,370.049988,5039754.000000,1701876600.0
1701876600.0,370.079987,371.549988,369.559998,369.695007,2521438.000000,1701880200.0
1701880200.0,369.709991,369.899994,368.790100,369.149994,2172994.000000,1701883800.0
1701883800.0,369.149994,369.619995,368.029999,369.549988,1566849.000000,1701887400.0
1701887400.0,369.549988,370.109985,368.950012,369.609985,1477480.000000,1701891000.0
1701891000.0,369.600006,370.529999,369.010010,369.049988,1790631.000000,1701894600.0
1701894600.0,369.049988,369.741791,368.410004,368.779999,2593573.000000,1701898200.0
1701959400.0,368.230011,370.489990,366.320007,369.734985,6415623.000000,1701963000.0
1701963000.0,369.769989,369.920013,367.709991,368.529999,2645420.000000,1701966600.0
1701966600.0,368.540009,371.250000,368.540009,370.869995,2123617.000000,1701970200.0
1701970200.0,370.875000,370.985992,369.809998,369.980011,1281491.000000,1701973800.0
1701973800.0,370.000000,371.220001,369.890015,371.000000,1378389.000000,1701977400.0
1701977400.0,370.995911,371.190002,370.179993,371.169891,1717298.000000,1701981000.0
1701981000.0,371.170013,371.452698,370.579987,370.850006,2235571.000000,1701984600.0
1702045800.0,369.200012,373.200012,368.230011,372.729889,4419739.000000,1702049400.0
1702049400.0,372.850006,373.380005,370.769989,372.580994,2382745.000000,1702053000.0
1702053000.0,372.621613,372.940002,371.010010,372.633789,1858228.000000,1702056600.0
1702056600.0,372.640015,373.290009,372.295013,372.938995,1259239.000000,1702060200.0
1702060200.0,372.980011,373.839996,372.630005,373.339386,1454541.000000,1702063800.0
1702063800.0,373.369995,373.970001,373.200012,373.720001,1696618.000000,1702067400.0
1702067400.0,373.700012,374.459991,373.459991,374.309998,2189380.000000,1702071000.0
1702305000.0,366.250000,369.559998,366.100006,368.739990,8674079.000000,1702308600.0
1702308600.0,368.737488,370.559998,368.089996,368.440002,3122935.000000,1702312200.0
1702312200.0,368.489899,369.049988,367.820007,368.519989,1942380.000000,1702315800.0
1702315800.0,368.529999,369.899994,368.160004,369.725006,1648921.000000,1702319400.0
1702319400.0,369.725006,370.239990,369.320007,370.199097,1803960.000000,1702323000.0
1702323000.0,370.209991,370.422211,369.640015,370.019989,1837935.000000,1702326600.0
1702326600.0,370.019989,371.600006,370.010010,371.299988,2559954.000000,1702330200.0
1702391400.0,370.850006,372.420013,370.549988,371.040009,5168390.000000,1702395000.0
1702395000.0,371.049988,372.600006,370.459991,372.420013,2561359.000000,1702398600.0
1702398600.0,372.420013,373.160004,371.239990,372.119995,1749733.000000,1702402200.0
1702402200.0,372.119995,372.542999,371.739990,372.320007,1538220.000000,1702405800.0
1702405800.0,372.329987,372.940002,372.234985,372.350006,1911600.000000,1702409400.0
1702409400.0,372.359985,373.109985,372.200012,372.959991,2293204.000000,1702413000.0
1702413000.0,372.940002,374.420013,372.625000,374.339996,3072830.000000,1702416600.0
1702477800.0,376.019989,377.636108,374.950012,375.109985,5311856.000000,1702481400.0
1702481400.0,375.100006,375.850006,373.160004,374.334991,3178365.000000,1702485000.0
1702485000.0,374.334991,374.850006,373.945007,374.399994,2239311.000000,1702488600.0
1702488600.0,374.399994,374.470001,373.280090,373.280090,1652878.000000,1702492200.0
1702492200.0,373.329987,375.500000,373.186310,374.579987,2316151.000000,1702495800.0
1702495800.0,374.649994,375.679993,370.769989,371.799988,4540691.000000,1702499400.0
1702499400.0,371.769989,374.320007,371.364990,374.244995,5435581.000000,1702503000.0
1702564200.0,372.220001,373.320007,368.239990,368.355011,9916756.000000,1702567800.0
1702567800.0,368.350006,369.660004,366.049988,366.510010,5373542.000000,1702571400.0
1702571400.0,366.500000,367.720001,366.404999,367.570007,3234218.000000,1702575000.0
1702575000.0,367.570007,368.040009,364.899994,365.299988,5392053.000000,1702578600.0
1702578600.0,365.299988,365.945007,364.130005,365.545013,4386311.000000,1702582200.0
1702582200.0,365.545013,366.179993,364.890015,365.153595,4032716.000000,1702585800.0
1702585800.0,365.160004,366.269989,364.929993,365.950012,5490648.000000,1702589400.0
1702650600.0,367.859985,371.170013,367.299988,370.492493,15066741.000000,1702654200.0
1702654200.0,370.529999,371.850006,370.119995,371.739990,3271647.000000,1702657800.0
1702657800.0,371.750000,372.160004,370.880005,371.470001,2248643.000000,1702661400.0
1702661400.0,371.489990,371.600006,369.929993,370.640015,1975369.000000,1702665000.0
1702665000.0,370.649994,370.899994,368.989990,370.029999,2477941.000000,1702668600.0
1702668600.0,370.040009,371.273804,370.040009,370.929993,1742111.000000,1702672200.0
1702672200.0,370.920013,372.399994,367.209991,368.769989,7277038.000000,1702675800.0
1702909800.0,369.450012,372.709991,368.679993,372.489990,5110048.000000,1702913400.0
1702913400.0,372.459991,372.660004,370.324493,370.989990,2111543.000000,1702917000.0
1702917000.0,370.970001,371.890015,370.907715,371.399994,1531276.000000,1702920600.0
1702920600.0,371.440002,372.350006,370.630096,372.260101,1643008.000000,1702924200.0
1702924200.0,372.279999,373.000000,371.970001,372.670013,1521651.000000,1702927800.0
1702927800.0,372.679993,372.899902,372.260010,372.825012,1468597.000000,1702931400.0
1702931400.0,372.829987,372.929993,372.260010,372.600006,1907272.000000,1702935000.0
1702996200.0,371.489990,372.940002,369.839996,371.290009,5562719.000000,1702999800.0
1702999800.0,371.359985,372.640015,371.234985,372.329987,2032001.000000,1703003400.0
1703003400.0,372.329987,372.720001,371.290405,371.619995,1294402.000000,1703007000.0
1703007000.0,371.619995,372.349487,371.470001,372.154999,1074620.000000,1703010600.0
1703010600.0,372.149994,372.631287,371.730011,372.239990,1597586.000000,1703014200.0
1703014200.0,372.250000,372.394989,371.549988,372.000000,1491205.000000,1703017800.0
1703017800.0,371.989990,373.260010,371.950012,373.244995,2295434.000000,1703021400.0
1703082600.0,375.000000,375.250000,371.809998,375.079987,6283801.000000,1703086200.0
1703086200.0,375.110107,375.299988,374.029999,374.570007,2325907.000000,1703089800.0
1703089800.0,374.584991,375.739990,374.070007,375.630005,1982728.000000,1703093400.0
1703093400.0,375.635010,376.029999,375.079987,375.609985,1751763.000000,1703097000.0
1703097000.0,375.600006,375.760010,374.559998,374.772614,1498692.000000,1703100600.0
1703100600.0,374.769989,374.859985,370.940002,370.959991,3419420.000000,1703104200.0
1703104200.0,370.980011,372.519989,370.529999,370.540009,3154557.000000,1703107800.0
1703169000.0,372.559998,374.410004,370.820007,371.489990,3992502.000000,1703172600.0
1703172600.0,371.549988,372.390015,370.989990,371.600006,1467767.000000,1703176200.0
1703176200.0,371.595001,371.950012,370.040009,370.549988,1655961.000000,1703179800.0
1703179800.0,370.519989,371.200012,370.070099,371.010010,1506542.000000,1703183400.0
1703183400.0,371.070007,372.070007,370.690002,371.869995,1300448.000000,1703187000.0
1703187000.0,371.869995,372.850006,371.649994,372.820007,1644459.000000,1703190600.0
1703190600.0,372.809998,373.829987,372.735596,373.540009,2028506.000000,1703194200.0
1703255400.0,373.679993,374.890015,372.709991,374.614990,3483296.000000,1703259000.0
1703259000.0,374.630005,375.179993,374.010010,374.744995,4249041.000000,1703262600.0
1703262600.0,374.730011,375.000000,373.630005,374.049988,1214918.000000,1703266200.0
1703266200.0,374.065002,375.000000,373.899994,374.929993,1085689.000000,1703269800.0
1703269800.0,374.939911,375.029999,373.260010,373.464996,1455210.000000,1703273400.0
1703273400.0,373.519989,374.799988,373.149994,374.779999,1454950.000000,1703277000.0
1703277000.0,374.779999,374.799988,374.070007,374.605011,1612742.000000,1703280600.0
1703601000.0,375.000000,376.940002,374.570007,375.130005,2775087.000000,1703604600.0
1703604600.0,375.170013,375.525513,373.980011,374.459991,1497216.000000,1703608200.0
1703608200.0,374.450012,374.649994,373.959991,374.029999,962389.000000,1703611800.0
1703611800.0,374.040100,374.239990,373.750000,373.964996,936059.000000,1703615400.0
1703615400.0,373.976105,374.350006,373.500000,374.225006,1082643.000000,1703619000.0
1703619000.0,374.239990,374.850006,374.140015,374.630005,1300219.000000,1703622600.0
1703622600.0,374.670013,374.950012,373.600006,374.700012,1517784.000000,1703626200.0
1703687400.0,373.690002,375.059998,372.929993,373.239990,2765268.000000,1703691000.0
1703691000.0,373.230011,373.769989,372.811615,373.529907,1360544.000000,1703694600.0
1703694600.0,373.519989,374.130005,373.450012,373.810089,1013932.000000,1703698200.0
1703698200.0,373.819702,374.570007,373.369995,374.010010,1420140.000000,1703701800.0
1703701800.0,374.040009,374.279999,373.079987,373.414490,1522817.000000,1703705400.0
1703705400.0,373.420013,373.649994,372.959991,373.459991,1197756.000000,1703709000.0
1703709000.0,373.450012,374.200012,373.119995,374.070007,1729247.000000,1703712600.0
1703773800.0,375.369995,376.458008,374.160004,374.820007,3086172.000000,1703777400.0
1703777400.0,374.820404,375.369507,374.529999,374.929993,1422059.000000,1703781000.0
1703781000.0,374.959991,375.536011,374.820007,375.390015,1008902.000000,1703784600.0
1703784600.0,375.380005,376.049988,375.315002,375.806885,1108008.000000,1703788200.0
1703788200.0,375.809998,376.010010,375.519989,375.824402,1023567.000000,1703791800.0
1703791800.0,375.820007,376.209991,375.660004,375.903900,1455280.000000,1703795400.0
1703795400.0,375.899994,376.299988,375.179993,375.250000,2587505.000000,1703799000.0
1703860200.0,376.000000,377.160004,375.660004,377.089996,2801148.000000,1703863800.0
1703863800.0,377.089996,377.109985,373.600006,373.640015,2161737.000000,1703867400.0
1703867400.0,373.589996,374.640015,373.480011,373.690002,1239729.000000,1703871000.0
1703871000.0,373.690002,375.910004,373.630005,375.255005,1539466.000000,1703874600.0
1703874600.0,375.230011,376.500000,375.200012,376.043213,1260646.000000,1703878200.0
1703878200.0,376.049988,376.859985,375.940002,376.309998,1491341.000000,1703881800.0
1703881800.0,376.299988,376.839996,375.310913,375.980011,3114874.000000,1703885400.0
1704205800.0,375.500000,375.899994,366.770996,368.299988,6438914.000000,1704209400.0
1704209400.0,368.250000,369.980011,367.000000,369.970001,2726569.000000,1704213000.0
1704213000.0,369.959991,371.359985,369.899994,370.476990,1957295.000000,1704216600.0
1704216600.0,370.474609,371.019989,369.140015,369.630005,1609221.000000,1704220200.0
1704220200.0,369.635010,370.200012,368.890015,369.549988,1243301.000000,1704223800.0
1704223800.0,369.540009,369.760010,368.285004,369.320007,1743397.000000,1704227400.0
1704227400.0,369.320007,371.200012,369.225800,370.730011,3235802.000000,1704231000.0
1704292200.0,369.554993,373.256195,369.369995,372.100006,5507684.000000,1704295800.0
1704295800.0,372.105011,372.829895,370.820007,371.869995,2287919.000000,1704299400.0
1704299400.0,371.829987,372.040009,370.559998,371.709991,1595919.000000,1704303000.0
1704303000.0,371.690002,372.670013,371.448303,371.570007,1528688.000000,1704306600.0
1704306600.0,371.584991,372.290009,370.440002,372.101990,1478289.000000,1704310200.0
1704310200.0,372.130005,372.279999,370.950012,371.274994,1460273.000000,1704313800.0
1704313800.0,371.286194,371.589996,369.500000,370.600006,2251877.000000,1704317400.0
1704378600.0,370.665009,372.640015,370.500000,371.940002,3620584.000000,1704382200.0
1704382200.0,371.954987,373.100006,371.600006,372.107086,1906544.000000,1704385800.0
1704385800.0,372.120087,372.480011,370.661011,370.975006,1782527.000000,1704389400.0
1704389400.0,370.959991,370.989990,369.920013,370.600006,1826016.000000,1704393000.0
1704393000.0,370.579987,370.772186,370.059998,370.084991,1193933.000000,1704396600.0
1704396600.0,370.059998,370.105988,368.059998,368.320007,2554268.000000,1704400200.0
1704400200.0,368.320007,369.056000,367.170013,367.950012,3178452.000000,1704403800.0
1704465000.0,368.970001,371.463715,368.790009,371.399292,4063569.000000,1704468600.0
1704468600.0,371.380005,372.059998,370.640015,370.769989,2024396.000000,1704472200.0
1704472200.0,370.779999,371.190002,368.820007,368.920013,2702570.000000,1704475800.0
1704475800.0,368.859985,369.399994,367.989990,369.000000,1422546.000000,1704479400.0
1704479400.0,369.019989,369.140015,368.250000,368.380005,1463840.000000,1704483000.0
1704483000.0,368.385010,368.429993,366.670013,367.000000,2020483.000000,1704486600.0
1704486600.0,367.005005,368.019989,366.500000,367.720001,2247360.000000,1704490200.0
1704724200.0,369.299988,370.970001,369.010010,370.105591,3872018.000000,1704727800.0
1704727800.0,370.130005,370.824188,369.769989,370.140015,1898242.000000,1704731400.0
1704731400.0,370.170013,371.630005,370.109985,371.109985,1718493.000000,1704735000.0
1704735000.0,371.130005,372.035004,370.970001,371.747314,1329914.000000,1704738600.0
1704738600.0,371.756592,373.790009,371.600006,373.760010,1741692.000000,1704742200.0
1704742200.0,373.769989,374.779999,373.679993,374.295013,2370498.000000,1704745800.0
1704745800.0,374.299988,375.200012,374.000000,374.670013,3739166.000000,1704749400.0
1704810600.0,372.010010,373.209991,371.190002,371.733887,4525416.000000,1704814200.0
1704814200.0,371.790009,374.510010,371.660004,374.320007,2389078.000000,1704817800.0
1704817800.0,374.320007,375.769989,374.029999,375.276489,1707615.000000,1704821400.0
1704821400.0,375.247101,375.989990,375.059998,375.150909,1525737.000000,1704825000.0
1704825000.0,375.149994,375.609985,374.339996,375.017792,1358266.000000,1704828600.0
1704828600.0,375.049988,375.489990,374.649994,375.130005,2060258.000000,1704832200.0
1704832200.0,375.140015,375.799988,374.299988,375.779999,2448026.000000,1704835800.0
1704897000.0,376.369995,381.059998,376.320007,380.959991,6125044.000000,1704900600.0
1704900600.0,380.929993,382.290009,380.799988,381.500000,3258801.000000,1704904200.0
1704904200.0,381.489807,381.950012,380.470001,381.933990,2074549.000000,1704907800.0
1704907800.0,381.940002,382.809998,381.622986,382.049988,1706578.000000,1704911400.0
1704911400.0,382.059998,383.709991,381.989990,383.010010,1767166.000000,1704915000.0
1704915000.0,383.010010,384.170013,382.690002,382.940002,2220585.000000,1704918600.0
1704918600.0,382.950012,383.359985,381.320007,382.769989,3581046.000000,1704922200.0
1704983400.0,386.000000,390.679993,382.899994,385.670013,9034850.000000,1704987000.0
1704987000.0,385.640015,386.417908,380.450012,380.839996,3635934.000000,1704990600.0
1704990600.0,380.850006,382.269989,380.380005,380.739990,2110741.000000,1704994200.0
1704994200.0,380.779999,383.589996,380.760010,383.399994,1808561.000000,1704997800.0
1704997800.0,383.390015,385.059998,383.257904,384.660004,1692836.000000,1705001400.0
1705001400.0,384.640015,385.529999,384.209991,384.429993,2243004.000000,1705005000.0
1705005000.0,384.440002,385.089996,384.154297,384.589996,2214846.000000,1705008600.0
1705069800.0,385.489990,387.184692,384.649994,385.829987,4627157.000000,1705073400.0
1705073400.0,385.850006,388.480011,385.769989,387.859985,2965784.000000,1705077000.0
1705077000.0,387.869995,388.029907,386.135315,386.799988,1749564.000000,1705080600.0
1705080600.0,386.795013,388.119995,386.462799,387.750000,1395350.000000,1705084200.0
1705084200.0,387.760010,388.679993,387.640015,388.269989,1619527.000000,1705087800.0
1705087800.0,388.279999,388.290009,387.220001,387.609985,1754097.000000,1705091400.0
1705091400.0,387.630005,388.679993,387.549988,388.410004,2383450.000000,1705095000.0
1705415400.0,392.750000,393.700012,389.470001,392.119995,8262760.000000,1705419000.0
1705419000.0,392.095001,393.220001,390.320007,391.649994,3330125.000000,1705422600.0
1705422600.0,391.690002,392.319885,389.730011,389.779999,2038955.000000,1705426200.0
1705426200.0,389.760010,390.000000,387.622894,389.010010,2296409.000000,1705429800.0
1705429800.0,389.019989,389.750000,388.000000,388.662994,1597837.000000,1705433400.0
1705433400.0,388.679993,389.920013,388.410004,389.470001,1649779.000000,1705437000.0
1705437000.0,389.480011,390.380005,389.380005,390.269989,1910070.000000,1705440600.0
1705501800.0,387.980011,388.549988,384.809998,387.010010,4923129.000000,1705505400.0
1705505400.0,386.989990,389.450012,386.070007,389.209991,2424135.000000,1705509000.0
1705509000.0,389.209991,390.109985,388.480011,388.720001,2294806.000000,1705512600.0
1705512600.0,388.679993,389.869995,388.179993,388.429901,1216596.000000,1705516200.0
1705516200.0,388.410004,388.500000,387.049500,388.070007,1658842.000000,1705519800.0
1705519800.0,388.059814,388.700012,387.760010,387.904999,2132039.000000,1705523400.0
1705523400.0,387.920013,389.820007,387.880005,389.399994,2597198.000000,1705527000.0
1705588200.0,391.720001,393.190002,390.709991,392.200012,5313938.000000,1705591800.0
1705591800.0,392.220001,393.119995,391.554993,392.670013,2729468.000000,1705595400.0
1705595400.0,392.700012,393.130005,390.959991,392.010010,1966515.000000,1705599000.0
1705599000.0,392.040009,392.040009,390.119995,390.269989,1289498.000000,1705602600.0
1705602600.0,390.325012,392.779999,390.263611,392.709991,1439169.000000,1705606200.0
1705606200.0,392.760010,393.260010,392.170013,392.855011,1752998.000000,1705609800.0
1705609800.0,392.869995,393.989990,392.420105,393.839996,2931040.000000,1705613400.0
1705674600.0,395.760010,395.850006,393.500000,394.920013,6950693.000000,1705678200.0
1705678200.0,394.920013,396.299988,393.859985,396.016907,2793389.000000,1705681800.0
1705681800.0,395.989990,395.989990,394.730011,395.470001,1966037.000000,1705685400.0
1705685400.0,395.500000,396.559998,395.380005,396.304993,2233723.000000,1705689000.0
1705689000.0,396.315186,397.239990,396.130005,396.260101,2623227.000000,1705692600.0
1705692600.0,396.269989,397.804993,395.940002,397.743500,2121844.000000,1705696200.0
1705696200.0,397.769989,398.660004,397.540009,398.660004,3165415.000000,1705699800.0
1705933800.0,399.859985,400.619995,393.890015,393.959991,8118469.000000,1705937400.0
1705937400.0,393.980011,397.924988,393.589996,397.049988,3274272.000000,1705941000.0
1705941000.0,397.019989,398.089996,396.399994,396.739990,1651312.000000,1705944600.0
1705944600.0,396.769989,397.000000,395.799988,395.899994,1154996.000000,1705948200.0
1705948200.0,395.893097,397.899994,395.869995,397.070007,1583156.000000,1705951800.0
1705951800.0,397.069489,397.489990,396.820007,397.230011,1343084.000000,1705955400.0
1705955400.0,397.220001,397.309998,396.364990,396.500000,1790518.000000,1705959000.0
1706020200.0,395.750000,395.970001,393.929993,395.459991,3344289.000000,1706023800.0
1706023800.0,395.489990,395.927490,394.740112,395.046112,2388069.000000,1706027400.0
1706027400.0,395.049988,395.799988,394.899994,395.670013,1265128.000000,1706031000.0
1706031000.0,395.649994,397.579987,395.549988,397.359985,1495793.000000,1706034600.0
1706034600.0,397.410004,397.779999,396.950012,397.232086,1357085.000000,1706038200.0
1706038200.0,397.170013,398.839996,397.160004,398.600006,3219898.000000,1706041800.0
1706041800.0,398.570007,399.380005,398.140015,398.890015,2177431.000000,1706045400.0
1706106600.0,401.540009,403.950012,400.450012,403.775085,5418034.000000,1706110200.0
1706110200.0,403.779999,404.720001,402.500000,403.350006,3042381.000000,1706113800.0
1706113800.0,403.351990,404.989990,402.859985,404.769989,3220567.000000,1706117400.0
1706117400.0,404.790009,405.630005,404.179993,405.459991,1543602.000000,1706121000.0
1706121000.0,405.459991,405.490509,402.538391,402.799988,1585758.000000,1706124600.0
1706124600.0,402.799988,403.778595,402.380493,402.760010,1896940.000000,1706128200.0
1706128200.0,402.760010,403.700012,402.000000,402.570007,2291070.000000,1706131800.0
1706193000.0,403.750000,406.674988,403.364990,405.959991,4825028.000000,1706196600.0
1706196600.0,406.000000,407.010010,405.380005,406.416992,2147873.000000,1706200200.0
1706200200.0,406.410004,406.839996,404.890015,405.432007,1995993.000000,1706203800.0
1706203800.0,405.479614,406.179993,404.670013,405.450012,1911876.000000,1706207400.0
1706207400.0,405.429688,405.429688,402.700012,403.200012,2016883.000000,1706211000.0
1706211000.0,403.190002,404.070007,402.529388,403.470001,1892487.000000,1706214600.0
1706214600.0,403.519989,405.089996,403.380005,405.089996,2185013.000000,1706218200.0
1706279400.0,404.369995,404.701996,402.950012,404.640015,3708437.000000,1706283000.0
1706283000.0,404.640594,405.750000,404.595001,405.345001,1866868.000000,1706286600.0
1706286600.0,405.299988,406.170013,404.447906,405.119995,1640690.000000,1706290200.0
1706290200.0,405.100006,405.100006,402.690002,403.529999,1675774.000000,1706293800.0
1706293800.0,403.549988,403.769989,402.429993,403.169586,1356465.000000,1706297400.0
1706297400.0,403.170013,404.049988,402.799988,403.510010,1223893.000000,1706301000.0
1706301000.0,403.489990,404.350006,402.970001,403.910004,1860268.000000,1706304600.0
1706538600.0,406.059998,409.119995,404.329987,406.019989,6080689.000000,1706542200.0
1706542200.0,406.040009,406.929993,405.549988,406.929993,2100306.000000,1706545800.0
1706545800.0,406.950012,407.489990,406.760010,407.100006,1809920.000000,1706549400.0
1706549400.0,407.109985,407.339996,406.709991,407.179993,1624622.000000,1706553000.0
1706553000.0,407.170013,408.151489,406.930115,408.040497,1509627.000000,1706556600.0
1706556600.0,408.040009,409.649994,407.670013,409.256195,2411867.000000,1706560200.0
1706560200.0,409.269989,409.980011,409.269989,409.720001,2634102.000000,1706563800.0
1706625000.0,412.260010,413.049988,409.440002,410.350006,7254577.000000,1706628600.0
1706628600.0,410.329987,411.040009,409.010010,410.140015,3079443.000000,1706632200.0
1706632200.0,410.160004,410.307495,407.230011,407.470001,2539592.000000,1706635800.0
1706635800.0,407.470001,408.220795,406.450104,408.019989,2754374.000000,1706639400.0
1706639400.0,408.070007,408.329987,407.309998,408.012695,2268630.000000,1706643000.0
1706643000.0,408.010986,409.119995,407.600006,408.765015,2726637.000000,1706646600.0
1706646600.0,408.769989,409.428986,408.230011,408.600006,3281725.000000,1706650200.0
1706711400.0,406.959991,415.320007,402.549988,402.899994,15654939.000000,1706715000.0
1706715000.0,402.890015,405.279999,402.679993,403.640015,4306296.000000,1706718600.0
1706718600.0,403.678009,403.804993,402.000000,402.119507,3339540.000000,1706722200.0
1706722200.0,402.117004,403.609985,401.320007,403.173187,2988330.000000,1706725800.0
1706725800.0,403.200012,403.299988,400.510010,401.220001,3059113.000000,1706729400.0
1706729400.0,401.250000,404.199890,400.200012,400.454987,5336417.000000,1706733000.0
1706733000.0,400.440002,400.510010,397.209991,397.450012,5513087.000000,1706736600.0
1706797800.0,402.000000,408.000000,401.945007,406.622009,10307017.000000,1706801400.0
1706801400.0,406.641693,406.829987,402.549988,403.910004,3899986.000000,1706805000.0
1706805000.0,403.929993,404.510010,403.089996,403.160004,2319028.000000,1706808600.0
1706808600.0,403.170013,405.109985,402.679993,403.880005,2282195.000000,1706812200.0
1706812200.0,403.890015,404.989990,403.149994,404.192505,1603980.000000,1706815800.0
1706815800.0,404.179993,405.109985,403.700012,403.869904,2098847.000000,1706819400.0
1706819400.0,403.855011,404.309998,402.940002,403.799988,2695718.000000,1706823000.0
1706884200.0,403.809998,409.950012,403.559998,408.071808,7405890.000000,1706887800.0
1706887800.0,408.089996,409.182098,406.839996,407.970001,2907862.000000,1706891400.0
1706891400.0,407.945007,411.231689,407.945007,411.170013,3001003.000000,1706895000.0
1706895000.0,411.190002,412.269989,409.940002,411.600006,2788922.000000,1706898600.0
1706898600.0,411.561005,412.220001,410.700012,411.700012,1852616.000000,1706902200.0
1706902200.0,411.720001,412.420013,410.674988,411.100006,2132417.000000,1706905800.0
1706905800.0,411.100006,412.649994,410.779999,411.109985,2718263.000000,1706909400.0
1707143400.0,409.500000,410.929993,405.130005,406.617096,5959373.000000,1707147000.0
1707147000.0,406.619995,406.980011,403.989990,404.089996,3112258.000000,1707150600.0
1707150600.0,404.100006,406.489990,404.090912,406.269989,2317982.000000,1707154200.0
1707154200.0,406.290009,406.799988,404.500000,405.100006,1753232.000000,1707157800.0
1707157800.0,405.119995,405.315002,404.799988,405.109985,1410071.000000,1707161400.0
1707161400.0,405.149994,406.059998,404.630005,405.450012,1795389.000000,1707165000.0
1707165000.0,405.440002,406.239990,404.450012,405.670013,2444089.000000,1707168600.0
1707229800.0,405.880005,407.970001,403.559998,404.579987,4453327.000000,1707233400.0
1707233400.0,404.559998,405.160004,403.950012,404.130005,2198861.000000,1707237000.0
1707237000.0,404.119995,405.010010,403.220001,404.130005,2057816.000000,1707240600.0
1707240600.0,404.140015,404.609985,403.551392,404.329987,1383035.000000,1707244200.0
1707244200.0,404.369995,404.809998,402.910004,403.470001,1558548.000000,1707247800.0
1707247800.0,403.484406,404.600006,403.260010,404.432495,1403323.000000,1707251400.0
1707251400.0,404.440002,405.609985,403.320007,405.470001,1887933.000000,1707255000.0
1707316200.0,407.440002,411.959991,407.399994,411.940002,5999588.000000,1707319800.0
1707319800.0,411.970001,412.429901,410.700012,411.450012,2149153.000000,1707323400.0
1707323400.0,411.459991,412.399994,411.019989,411.825012,1492374.000000,1707327000.0
1707327000.0,411.812988,412.660004,411.179993,412.570007,1169963.000000,1707330600.0
1707330600.0,412.600006,413.160004,412.130005,412.584991,1419629.000000,1707334200.0
1707334200.0,412.609985,413.299988,412.420990,413.019989,1512620.000000,1707337800.0
1707337800.0,413.029999,414.299988,412.799988,414.059998,3053089.000000,1707341400.0
1707402600.0,414.049988,415.559998,413.100006,413.674988,4510902.000000,1707406200.0
1707406200.0,413.700012,414.899994,412.609985,412.700104,3533436.000000,1707409800.0
1707409800.0,412.679993,413.459991,412.649994,413.209991,1361695.000000,1707413400.0
1707413400.0,413.200012,413.970001,412.760010,413.809998,1116113.000000,1707417000.0
1707417000.0,413.820007,414.140015,412.529999,412.845001,1143247.000000,1707420600.0
1707420600.0,412.859894,414.019989,412.679993,413.880005,1304646.000000,1707424200.0
1707424200.0,413.899994,414.250000,413.299988,414.149994,1756112.000000,1707427800.0
1707489000.0,415.250000,418.839996,415.089996,418.839996,6677952.000000,1707492600.0
1707492600.0,418.850006,420.390015,418.299988,419.782715,3299794.000000,1707496200.0
1707496200.0,419.799988,420.390015,418.890015,419.399994,1922533.000000,1707499800.0
1707499800.0,419.390015,420.010010,419.209991,419.575012,1380237.000000,1707503400.0
1707503400.0,419.579987,420.239990,419.299988,420.100006,1147707.000000,1707507000.0
1707507000.0,420.130005,420.399994,419.799988,420.290009,1564760.000000,1707510600.0
1707510600.0,420.269989,420.820007,419.980011,420.589996,1983033.000000,1707514200.0
1707748200.0,420.554993,420.739990,416.769989,417.588593,4403470.000000,1707751800.0
1707751800.0,417.603790,419.250000,417.410004,418.794006,2200058.000000,1707755400.0
1707755400.0,418.805786,419.690002,418.269989,418.635010,1458993.000000,1707759000.0
1707759000.0,418.635010,419.179993,418.170013,418.269989,1213441.000000,1707762600.0
1707762600.0,418.279999,418.332214,415.559998,416.204987,1996633.000000,1707766200.0
1707766200.0,416.170013,416.260010,414.829987,415.700012,1666019.000000,1707769800.0
1707769800.0,415.707001,415.850006,414.750000,415.250000,2328936.000000,1707773400.0
1707834600.0,404.940002,408.929993,403.390015,408.910004,7485923.000000,1707838200.0
1707838200.0,408.899994,410.071014,408.209991,408.899994,3029110.000000,1707841800.0
1707841800.0,408.880005,409.170013,406.869995,407.239990,2154701.000000,1707845400.0
1707845400.0,407.244995,408.320007,406.760010,407.450012,1777507.000000,1707849000.0
1707849000.0,407.429993,407.529999,404.730011,405.339905,2220966.000000,1707852600.0
1707852600.0,405.299988,405.829895,404.559998,405.329987,3000977.000000,1707856200.0
1707856200.0,405.369995,406.809998,405.019989,406.549988,3284319.000000,1707859800.0
1707921000.0,408.070007,408.769989,404.570007,406.890015,5785210.000000,1707924600.0
1707924600.0,406.920013,407.179993,405.470001,406.700012,2094085.000000,1707928200.0
1707928200.0,406.700012,407.149994,405.029999,407.119995,1734998.000000,1707931800.0
1707931800.0,407.119995,407.570007,406.109985,406.720001,1166941.000000,1707935400.0
1707935400.0,406.750000,407.820007,405.929993,406.809906,1421046.000000,1707939000.0
1707939000.0,406.829987,408.339996,406.750000,408.260010,1486691.000000,1707942600.0
1707942600.0,408.290009,409.839996,407.779999,409.200012,2742970.000000,1707946200.0
1708007400.0,408.140015,409.130005,404.700012,404.829803,5065494.000000,1708011000.0
1708011000.0,404.869995,406.355011,404.290009,404.959991,2619766.000000,1708014600.0
1708014600.0,404.980011,405.839996,404.320007,405.809998,1890002.000000,1708018200.0
1708018200.0,405.829987,406.179993,405.130005,406.024994,1453367.000000,1708021800.0
1708021800.0,406.049988,406.260010,404.839996,405.730011,2295209.000000,1708025400.0
1708025400.0,405.739990,406.500000,405.540009,406.380005,1832741.000000,1708029000.0
1708029000.0,406.380005,407.200012,405.589996,406.649994,3067978.000000,1708032600.0
1708093800.0,407.750000,408.290009,403.529999,404.739990,6304140.000000,1708097400.0
1708097400.0,404.739990,406.519989,404.130005,405.740906,1875689.000000,1708101000.0
1708101000.0,405.779999,406.350006,405.160004,406.070007,1266116.000000,1708104600.0
1708104600.0,406.059998,406.204987,404.755005,405.125000,1247796.000000,1708108200.0
1708108200.0,405.140015,407.450012,405.100006,407.250000,2747294.000000,1708111800.0
1708111800.0,407.269989,407.339996,404.290009,404.429993,1249763.000000,1708115400.0
1708115400.0,404.429993,404.660004,403.440002,404.059998,2160162.000000,1708119000.0
1708439400.0,403.429993,404.489990,398.589996,399.220001,7043973.000000,1708443000.0
1708443000.0,399.220001,402.179993,398.010010,401.859985,2402774.000000,1708446600.0
1708446600.0,401.839996,401.839996,398.959991,399.049988,1643607.000000,1708450200.0
1708450200.0,399.040009,400.950012,398.480011,399.660004,1418506.000000,1708453800.0
1708453800.0,399.622101,401.149902,399.549988,400.989990,1751155.000000,1708457400.0
1708457400.0,400.970001,402.779999,400.579987,401.660614,1607344.000000,1708461000.0
1708461000.0,401.690002,402.989990,400.230011,402.929993,2206833.000000,1708464600.0
1708525800.0,399.399994,400.470001,397.220001,399.410004,4510471.000000,1708529400.0
1708529400.0,399.380005,400.709991,398.730011,399.809998,1771815.000000,1708533000.0
1708533000.0,399.809998,400.160004,399.019989,399.290009,1097512.000000,1708536600.0
1708536600.0,399.299988,400.000000,398.609985,399.035004,1325905.000000,1708540200.0
1708540200.0,399.079987,399.980011,398.130096,398.600006,1310346.000000,1708543800.0
1708543800.0,398.529999,399.000000,397.559998,398.579987,1716577.000000,1708547400.0
1708547400.0,398.600006,402.290009,398.600006,402.170013,2195571.000000,1708551000.0
1708612200.0,409.609985,412.829987,408.570007,411.559998,8120420.000000,1708615800.0
1708615800.0,411.549988,412.209991,409.309998,409.760010,2326075.000000,1708619400.0
1708619400.0,409.769989,410.140015,408.640015,409.549988,1422460.000000,1708623000.0
1708623000.0,409.570007,410.234985,409.049988,410.204987,1144297.000000,1708626600.0
1708626600.0,410.220001,411.670013,410.109985,411.600006,1471288.000000,1708630200.0
1708630200.0,411.609985,411.839996,410.450012,411.437988,2293430.000000,1708633800.0
1708633800.0,411.440002,412.059998,411.049988,411.630005,3136611.000000,1708637400.0
1708698600.0,415.670013,415.859985,412.309998,412.980011,4269961.000000,1708702200.0
1708702200.0,412.989990,412.989990,410.089996,410.730011,1960892.000000,1708705800.0
1708705800.0,410.769989,410.859985,409.050110,409.459991,1425515.000000,1708709400.0
1708709400.0,409.454987,410.369995,408.970001,410.109985,1195956.000000,1708713000.0
1708713000.0,410.109985,410.579987,409.750000,409.869995,850845.000000,1708716600.0
1708716600.0,409.890015,410.779999,409.529999,410.119995,1147930.000000,1708720200.0
1708720200.0,410.135010,410.850006,409.839996,410.320007,1814939.000000,1708723800.0
1708957800.0,411.500000,412.160004,408.299988,409.399994,3733464.000000,1708961400.0
1708961400.0,409.439911,410.100006,408.010010,408.390015,1616205.000000,1708965000.0
1708965000.0,408.404999,409.600006,408.290009,409.299988,1187019.000000,1708968600.0
1708968600.0,409.290009,409.540009,408.510010,408.880005,1028777.000000,1708972200.0
1708972200.0,408.890015,409.459991,408.299988,409.234894,1203339.000000,1708975800.0
1708975800.0,409.230011,409.450012,407.820007,407.979889,1137849.000000,1708979400.0
1708979400.0,407.984985,408.200012,407.359985,407.480011,1683364.000000,1708983000.0
1709044200.0,407.500000,407.980011,405.399994,406.559998,2857392.000000,1709047800.0
1709047800.0,406.526611,407.510010,405.260010,405.274994,1549410.000000,1709051400.0
1709051400.0,405.274994,406.119995,404.690002,404.890015,1332550.000000,1709055000.0
1709055000.0,404.920013,405.114990,403.850006,404.578003,1086442.000000,1709058600.0
1709058600.0,404.570007,407.230011,404.438690,407.209991,1780004.000000,1709062200.0
1709062200.0,407.209991,407.450012,406.059998,406.910187,1460504.000000,1709065800.0
1709065800.0,406.890015,407.850006,406.260010,407.549988,2041733.000000,1709069400.0
1709130600.0,408.174988,409.299988,405.320099,406.880005,3289349.000000,1709134200.0
1709134200.0,406.886902,407.809998,406.371307,407.609985,1400362.000000,1709137800.0
1709137800.0,407.649994,407.940002,406.570007,406.700012,935073.000000,1709141400.0
1709141400.0,406.700012,407.339996,406.010010,407.179993,901229.000000,1709145000.0
1709145000.0,407.200012,407.790009,406.790009,406.809998,952320.000000,1709148600.0
1709148600.0,406.790009,407.929993,406.209991,407.899414,1216581.000000,1709152200.0
1709152200.0,407.880005,407.984985,406.980011,407.739990,1778702.000000,1709155800.0
1709217000.0,408.609985,410.204987,407.739990,408.329987,4428240.000000,1709220600.0
1709220600.0,408.359985,408.820007,407.429993,407.829987,1744984.000000,1709224200.0
1709224200.0,407.790009,408.359985,405.920013,407.850006,1399118.000000,1709227800.0
1709227800.0,407.869995,409.619995,407.850311,409.350006,1300461.000000,1709231400.0
1709231400.0,409.359985,410.220001,409.019989,409.489990,1392976.000000,1709235000.0
1709235000.0,409.480011,410.689911,409.280090,410.630005,1516348.000000,1709238600.0
1709238600.0,410.630005,414.200012,410.239990,413.420013,4761575.000000,1709242200.0
1709303400.0,411.665009,414.968201,411.619995,412.600006,2864531.000000,1709307000.0
1709307000.0,412.600006,413.449890,411.600006,413.109985,3754252.000000,1709310600.0
1709310600.0,412.940002,413.684998,412.000000,413.529999,1285279.000000,1709314200.0
1709314200.0,413.540009,415.100006,413.165009,414.910095,1461975.000000,1709317800.0
1709317800.0,414.899994,415.739990,414.670013,415.589996,1399317.000000,1709321400.0
1709321400.0,415.600006,415.869995,414.489990,415.714996,1922132.000000,1709325000.0
1709325000.0,415.714996,415.829987,415.010010,415.559998,1801049.000000,1709328600.0
1709562600.0,413.232208,417.350006,412.320007,414.470001,5017236.000000,1709566200.0
1709566200.0,414.460114,415.929993,414.350006,415.845001,0.000000,1709569800.0
1709569800.0,415.869995,416.549988,415.429993,416.359985,899667.000000,1709573400.0
1709573400.0,416.369995,416.459991,414.899994,415.609985,704429.000000,1709577000.0
1709577000.0,415.630005,415.910004,414.600006,414.880005,732813.000000,1709580600.0
1709580600.0,414.910004,415.809998,414.589996,415.231995,920274.000000,1709584200.0
1709584200.0,415.200012,415.510010,414.579987,414.859985,5582861.000000,1709587800.0
1709649000.0,413.000000,413.000000,404.670013,405.250000,6882546.000000,1709652600.0
1709652600.0,405.239990,405.239990,402.119995,404.880005,3365102.000000,1709656200.0
1709656200.0,403.720001,404.700012,402.926300,404.415009,0.000000,1709659800.0
1709659800.0,404.440002,404.570007,402.144989,402.600006,986175.000000,1709663400.0
1709663400.0,402.559998,402.850006,401.249115,402.095001,1396512.000000,1709667000.0
1709667000.0,402.100006,402.260010,400.640015,400.769989,1660636.000000,1709670600.0
1709670600.0,400.779999,402.850006,400.742004,402.850006,9293066.000000,1709674200.0
1709735400.0,404.000000,404.390015,398.390015,399.939789,6279149.000000,1709739000.0
1709739000.0,399.920013,403.489990,399.820007,403.220001,0.000000,1709742600.0
1709742600.0,403.250000,405.160004,402.920013,404.540009,1459650.000000,1709746200.0
1709746200.0,404.529999,404.980011,403.559998,404.269989,936467.000000,1709749800.0
1709749800.0,404.299988,404.445007,401.351990,402.899994,1438245.000000,1709753400.0
1709753400.0,402.953613,403.209991,400.420013,400.920013,1604317.000000,1709757000.0
1709757000.0,400.984497,402.820007,400.709991,402.299988,7411552.000000,1709760600.0
1709821800.0,406.119995,406.760010,402.239990,406.429993,4534201.000000,1709825400.0
1709825400.0,406.489990,408.329987,405.729401,408.012909,2229812.000000,1709829000.0
1709829000.0,408.010010,408.809998,407.500000,408.149994,1441754.000000,1709832600.0
1709832600.0,408.130005,408.809998,407.679993,408.565002,1115759.000000,1709836200.0
1709836200.0,408.570007,409.779999,408.359985,408.940002,1329271.000000,1709839800.0
1709839800.0,408.929993,409.250000,407.660004,408.359985,1446035.000000,1709843400.0
1709843400.0,408.329987,409.500000,408.221985,409.000000,2213013.000000,1709847000.0
1709908200.0,407.429993,410.420013,406.630005,410.049988,3550062.000000,1709911800.0
1709911800.0,410.075012,410.160004,407.400085,408.000000,2383532.000000,1709915400.0
1709915400.0,407.910004,408.909912,406.529999,408.019989,1847529.000000,1709919000.0
1709919000.0,408.049988,408.109985,404.550110,404.890015,1573556.000000,1709922600.0
1709922600.0,404.799988,406.570007,404.329987,406.364990,1271368.000000,1709926200.0
1709926200.0,406.380005,407.720001,405.651001,405.739990,1334315.000000,1709929800.0
1709929800.0,405.709991,406.750000,405.415497,406.170013,1769394.000000,1709933400.0
1710163800.0,404.000000,404.200012,401.260010,402.820007,3816624.000000,1710167400.0
1710167400.0,402.850006,404.589996,402.600006,402.709991,1896966.000000,1710171000.0
1710171000.0,402.760010,404.019989,402.089996,403.029999,1450281.000000,1710174600.0
1710174600.0,403.059998,404.630005,402.960114,404.557495,1083265.000000,1710178200.0
1710178200.0,404.600006,405.000000,403.500000,404.665009,1232792.000000,1710181800.0
1710181800.0,404.690002,405.679993,404.299988,404.880005,1485780.000000,1710185400.0
1710185400.0,404.890015,405.309998,404.089996,404.579987,1809971.000000,1710189000.0
1710250200.0,407.619995,413.429993,406.790009,413.200012,4111515.000000,1710253800.0
1710253800.0,413.220001,414.450012,412.619995,413.600006,2605423.000000,1710257400.0
1710257400.0,413.630005,414.209991,412.559998,413.239990,3101976.000000,1710261000.0
1710261000.0,413.250000,414.019989,411.600006,413.631592,1909733.000000,1710264600.0
1710264600.0,413.609985,415.279999,413.589996,415.279999,1889827.000000,1710268200.0
1710268200.0,415.274994,415.489990,414.160095,415.190002,1959283.000000,1710271800.0
1710271800.0,415.190002,415.570007,414.679993,415.260010,2180384.000000,1710275400.0
1710336600.0,418.100006,418.179993,411.450012,412.799896,4518590.000000,1710340200.0
1710340200.0,412.750000,415.286987,412.679993,414.260010,1822770.000000,1710343800.0
1710343800.0,414.239990,415.239990,413.739990,414.890015,1086839.000000,1710347400.0
1710347400.0,414.940002,416.103088,414.640015,415.450012,1374941.000000,1710351000.0
1710351000.0,415.470001,416.440002,415.220001,416.299896,1043596.000000,1710354600.0
1710354600.0,416.299988,416.630005,413.910004,414.549988,1321093.000000,1710358200.0
1710358200.0,414.510010,416.000000,414.350006,415.209991,1860276.000000,1710361800.0
1710423000.0,420.239990,426.089996,417.989990,426.081390,9883408.000000,1710426600.0
1710426600.0,426.079987,427.820007,424.559998,426.720001,4488331.000000,1710430200.0
1710430200.0,426.760010,426.970001,423.619995,424.989990,3073417.000000,1710433800.0
1710433800.0,425.010010,425.579987,422.710114,423.839996,2331985.000000,1710437400.0
1710437400.0,423.779999,426.829987,423.280609,426.149994,2375198.000000,1710441000.0
1710441000.0,426.130005,427.179993,422.921295,423.269989,3157896.000000,1710444600.0
1710444600.0,423.280792,425.500000,422.630005,425.489990,3496534.000000,1710448200.0
1710509400.0,419.274994,422.600006,415.760010,417.530090,11716469.000000,1710513000.0
1710513000.0,417.584991,419.299988,416.130005,416.839996,1818894.000000,1710516600.0
1710516600.0,416.820007,417.000000,413.829987,414.088806,1666500.000000,1710520200.0
1710520200.0,414.069702,414.660004,412.790009,414.100006,1578490.000000,1710523800.0
1710523800.0,414.100006,415.459991,414.063385,414.619507,1066724.000000,1710527400.0
1710527400.0,414.609985,417.026306,414.579987,416.700104,1414695.000000,1710531000.0
1710531000.0,416.750000,417.279907,415.980011,416.421997,1702647.000000,1710534600.0
1710768600.0,414.230011,420.730011,413.790009,419.684998,5028947.000000,1710772200.0
1710772200.0,419.829987,420.279999,418.130005,418.899994,1774037.000000,1710775800.0
1710775800.0,418.890015,419.559998,417.679993,419.140015,1363164.000000,1710779400.0
1710779400.0,419.130005,419.130005,417.609985,418.589996,1265687.000000,1710783000.0
1710783000.0,418.600006,419.350006,417.170013,419.324005,999306.000000,1710786600.0
1710786600.0,419.300415,419.695007,418.019989,419.299988,1419514.000000,1710790200.0
1710790200.0,419.274994,419.549988,416.929993,417.369995,2055991.000000,1710793800.0
1710855000.0,418.040009,419.730011,415.549988,418.779999,3508030.000000,1710858600.0
1710858600.0,418.739990,421.304993,418.622314,421.070007,1935967.000000,1710862200.0
1710862200.0,421.100006,421.665588,420.284698,421.174988,1749125.000000,1710865800.0
1710865800.0,421.200012,421.600006,420.109985,420.769989,1572368.000000,1710869400.0
1710869400.0,420.790009,421.010010,419.105011,419.489990,1693883.000000,1710873000.0
1710873000.0,419.500000,420.079987,419.089996,419.790009,1603617.000000,1710876600.0
1710876600.0,419.690002,421.549988,419.600006,421.380005,1765434.000000,1710880200.0
1710941400.0,422.250000,422.820007,420.839996,422.130005,2763301.000000,1710945000.0
1710945000.0,422.125000,422.790009,420.660004,422.565002,1338403.000000,1710948600.0
1710948600.0,422.549988,423.140015,421.700012,423.029999,973227.000000,1710952200.0
1710952200.0,423.000000,423.380005,422.109985,422.200012,1144798.000000,1710955800.0
1710955800.0,422.230011,424.929993,421.029999,424.836914,1792482.000000,1710959400.0
1710959400.0,424.915009,425.959991,423.140015,425.350006,2837379.000000,1710963000.0
1710963000.0,425.399994,425.575012,423.709991,425.170013,2585081.000000,1710966600.0
1711027800.0,429.850006,430.819885,427.959991,428.000000,4396533.000000,1711031400.0
1711031400.0,428.010010,429.029999,427.171997,428.000000,2289853.000000,1711035000.0
1711035000.0,428.000000,430.535004,427.850006,430.140015,2363537.000000,1711038600.0
1711038600.0,430.179993,430.410004,428.970001,429.130005,1439045.000000,1711042200.0
1711042200.0,429.049988,429.839996,428.630005,429.747498,1334217.000000,1711045800.0
1711045800.0,429.769989,429.910004,428.760010,429.355011,1412098.000000,1711049400.0
1711049400.0,429.380005,429.929993,429.070007,429.369995,1853986.000000,1711053000.0
1711114200.0,429.690002,429.690002,427.179993,427.839996,2333272.000000,1711117800.0
1711117800.0,427.900085,428.309998,426.402496,426.489990,1660142.000000,1711121400.0
1711121400.0,426.500000,427.407990,426.070007,427.059998,1313525.000000,1711125000.0
1711125000.0,427.089996,429.100006,426.589996,428.500000,1233423.000000,1711128600.0
1711128600.0,428.470001,429.859985,428.359985,429.686096,1804341.000000,1711132200.0
1711132200.0,429.700012,429.779999,428.070007,428.440002,1022034.000000,1711135800.0
1711135800.0,428.440002,429.700012,428.352814,428.679993,1817037.000000,1711139400.0
1711373400.0,425.000000,427.410004,421.614899,424.339996,4348637.000000,1711377000.0
1711377000.0,424.375000,425.320007,424.109985,424.636902,1643896.000000,1711380600.0
1711380600.0,424.629395,425.220001,424.269989,424.529999,1158801.000000,1711384200.0
1711384200.0,424.510010,424.640015,423.709991,423.714996,1250602.000000,1711387800.0
1711387800.0,423.709991,423.989990,423.095001,423.837402,1401639.000000,1711391400.0
1711391400.0,423.850006,424.394989,423.679993,423.750000,1065865.000000,1711395000.0
1711395000.0,423.739990,423.899902,422.320007,422.890015,2365026.000000,1711398600.0
1711459800.0,425.505005,425.980011,422.899994,424.434692,2623555.000000,1711463400.0
1711463400.0,424.410004,424.709991,423.679993,424.000000,1499059.000000,1711467000.0
1711467000.0,424.000000,425.065002,423.359985,423.665009,1245605.000000,1711470600.0
1711470600.0,423.720001,423.869385,422.200012,422.720001,1344729.000000,1711474200.0
1711474200.0,422.739990,423.099915,422.540009,422.928894,828768.000000,1711477800.0
1711477800.0,422.920013,423.700012,422.459991,423.109985,1155653.000000,1711481400.0
1711481400.0,423.160004,423.170593,421.380005,421.880005,2770096.000000,1711485000.0
1711546200.0,424.200012,424.399994,420.273499,420.805786,2770595.000000,1711549800.0
1711549800.0,420.769989,421.380005,419.665985,419.690002,2024793.000000,1711553400.0
1711553400.0,419.700012,420.540009,419.279999,420.029999,1302013.000000,1711557000.0
1711557000.0,420.049988,420.459991,419.309998,420.000000,1334907.000000,1711560600.0
1711560600.0,419.994995,420.290009,419.380005,420.010010,921626.000000,1711564200.0
1711564200.0,420.040009,420.299988,419.010010,420.200012,1436239.000000,1711567800.0
1711567800.0,420.209991,422.049988,419.954987,421.470001,2464898.000000,1711571400.0
1711632600.0,421.049988,421.749908,419.140015,420.559998,2974322.000000,1711636200.0
1711636200.0,420.619995,421.760010,420.470001,420.929993,1541428.000000,1711639800.0
1711639800.0,420.940002,421.134796,419.820007,420.372498,1547486.000000,1711643400.0
1711643400.0,420.380005,420.390015,419.704987,420.049988,1124865.000000,1711647000.0
1711647000.0,420.049988,420.700012,419.900085,420.609985,1008019.000000,1711650600.0
1711650600.0,420.654999,421.600006,420.171997,421.295013,1316829.000000,1711654200.0
1711654200.0,421.315002,421.869995,419.920013,420.029999,2532894.000000,1711657800.0
1711978200.0,423.945007,427.890015,423.179993,424.809998,4573304.000000,1711981800.0
1711981800.0,424.839996,425.359985,422.640015,423.929993,1853986.000000,1711985400.0
1711985400.0,423.940002,424.839996,423.109985,423.779999,1072628.000000,1711989000.0
1711989000.0,423.750000,423.975006,422.559998,422.984985,859721.000000,1711992600.0
1711992600.0,423.049988,423.184998,422.220001,422.934998,983985.000000,1711996200.0
1711996200.0,422.934998,423.850006,422.700012,422.960114,939694.000000,1711999800.0
1711999800.0,422.980011,425.149994,422.959991,424.540009,2248639.000000,1712003400.0
1712064600.0,420.157990,421.640015,417.842010,419.065002,3807575.000000,1712068200.0
1712068200.0,418.994995,421.269989,418.994995,420.910004,1850783.000000,1712071800.0
1712071800.0,420.894989,421.630005,420.279999,420.861389,1381813.000000,1712075400.0
1712075400.0,420.859985,422.059998,420.570007,421.959991,1497678.000000,1712079000.0
1712079000.0,422.000000,422.380005,421.350006,421.429993,1110228.000000,1712082600.0
1712082600.0,421.450012,422.170013,421.000000,421.600006,1229575.000000,1712086200.0
1712086200.0,421.595001,422.209991,421.089996,421.459991,2182229.000000,1712089800.0
1712151000.0,419.959991,422.829987,419.084991,422.660004,4152257.000000,1712154600.0
1712154600.0,422.730011,423.220001,422.279999,422.940002,1773115.000000,1712158200.0
1712158200.0,422.929993,423.250000,421.880005,422.760010,1264818.000000,1712161800.0
1712161800.0,422.709991,422.839996,421.388306,422.320007,975650.000000,1712165400.0
1712165400.0,422.359985,422.989990,422.230011,422.765015,852143.000000,1712169000.0
1712169000.0,422.709991,422.829987,419.950012,420.529999,1546266.000000,1712172600.0
1712172600.0,420.529999,421.649994,419.799988,420.489990,2702282.000000,1712176200.0
1712237400.0,424.989990,427.579987,423.320007,425.720093,3173615.000000,1712241000.0
1712241000.0,425.700012,426.799988,425.130005,426.500000,1259231.000000,1712244600.0
1712244600.0,426.480011,427.670013,426.151001,427.529999,1113691.000000,1712248200.0
1712248200.0,427.549988,428.670013,427.440002,427.709991,1093036.000000,1712251800.0
1712251800.0,427.720001,427.809998,423.000000,423.160004,1364938.000000,1712255400.0
1712255400.0,423.029999,423.070007,419.520111,419.609894,2360879.000000,1712259000.0
1712259000.0,419.579987,419.989990,417.570007,417.899994,2977389.000000,1712262600.0
1712323800.0,420.000000,422.709991,418.320007,421.825012,3363674.000000,1712327400.0
1712327400.0,421.859985,424.399994,421.239990,424.380005,1895585.000000,1712331000.0
1712331000.0,424.320007,426.287598,423.967194,425.559998,1696191.000000,1712334600.0
1712334600.0,425.616608,426.489990,425.029999,425.649994,1118794.000000,1712338200.0
1712338200.0,425.670013,425.920013,423.399994,424.295013,1266432.000000,1712341800.0
1712341800.0,424.410004,425.084991,423.760010,424.839996,1866659.000000,1712345400.0
1712345400.0,424.839996,426.510010,424.839996,425.359985,1874735.000000,1712349000.0
1712583000.0,425.052002,426.790009,423.299988,426.700012,3159561.000000,1712586600.0
1712586600.0,426.660004,427.279999,425.609985,425.839996,1692229.000000,1712590200.0
1712590200.0,425.820007,425.820007,423.359985,424.200012,1372245.000000,1712593800.0
1712593800.0,424.200012,424.959991,424.100006,424.600006,743025.000000,1712597400.0
1712597400.0,424.600006,424.910004,423.640015,424.684998,766398.000000,1712601000.0
1712601000.0,424.682098,425.790009,424.440002,425.769989,844263.000000,1712604600.0
1712604600.0,425.753387,426.225006,424.470001,424.660004,2038674.000000,1712608200.0
1712669400.0,426.459991,427.730011,424.529999,425.170013,3049562.000000,1712673000.0
1712673000.0,425.200012,425.200012,421.630005,422.980011,1856682.000000,1712676600.0
1712676600.0,423.005005,424.628204,422.809998,424.364990,1018114.000000,1712680200.0
1712680200.0,424.369995,424.709991,423.399994,424.350006,775437.000000,1712683800.0
1712683800.0,424.329987,424.799988,423.429993,423.579987,770986.000000,1712687400.0
1712687400.0,423.609985,425.239990,422.470001,425.140015,1054663.000000,1712691000.0
1712691000.0,425.250000,426.500000,424.149994,426.329010,1704674.000000,1712694600.0
1712755800.0,422.209991,424.029999,420.301605,420.640015,3772735.000000,1712759400.0
1712759400.0,420.640015,422.480011,419.709991,421.000000,2109070.000000,1712763000.0
1712763000.0,421.040009,421.130005,419.760010,420.535004,1279244.000000,1712766600.0
1712766600.0,420.595001,422.869995,419.994995,421.774994,1419114.000000,1712770200.0
1712770200.0,421.739990,422.619995,420.220001,421.690002,1496267.000000,1712773800.0
1712773800.0,421.799988,426.279999,421.029999,422.109985,1344912.000000,1712777400.0
1712777400.0,422.170013,423.755005,421.290009,423.130005,1786998.000000,1712781000.0
1712842200.0,425.820007,426.700012,422.359985,423.809906,3870979.000000,1712845800.0
1712845800.0,423.700012,424.910004,423.570007,424.249207,1460130.000000,1712849400.0
1712849400.0,424.230011,426.429993,424.200012,425.760010,1485250.000000,1712853000.0
1712853000.0,425.684998,427.500000,424.630005,427.160004,1529411.000000,1712856600.0
1712856600.0,427.179993,429.130005,426.950012,428.869995,1715386.000000,1712860200.0
1712860200.0,428.880310,429.369995,428.380005,428.589996,1649849.000000,1712863800.0
1712863800.0,428.549988,428.940002,427.790009,427.869995,1815468.000000,1712867400.0
1712928600.0,424.000000,425.179413,422.316986,422.529999,3948791.000000,1712932200.0
1712932200.0,422.489990,423.700012,420.739990,423.649994,1993589.000000,1712935800.0
1712935800.0,423.670013,424.429993,422.320007,422.595001,1442839.000000,1712939400.0
1712939400.0,422.614990,422.774994,419.769989,420.059998,1625279.000000,1712943000.0
1712943000.0,420.040009,422.119995,419.779999,421.869995,1843417.000000,1712946600.0
1712946600.0,421.881714,422.209991,420.845001,421.440002,1491121.000000,1712950200.0
1712950200.0,421.470001,422.244995,421.149994,422.119995,1678126.000000,1712953800.0
1713187800.0,426.549988,426.820007,422.309998,423.089996,3883854.000000,1713191400.0
1713191400.0,423.119995,423.660004,421.959991,422.709991,1857909.000000,1713195000.0
1713195000.0,422.750000,423.239990,420.500000,420.609985,1412820.000000,1713198600.0
1713198600.0,420.597687,420.690002,416.100006,416.174988,1560212.000000,1713202200.0
1713202200.0,416.160004,416.190002,413.980011,414.700012,2148682.000000,1713205800.0
1713205800.0,414.625000,415.769989,413.429993,414.399994,1706434.000000,1713209400.0
1713209400.0,414.459991,414.709991,413.489990,413.579987,2210559.000000,1713213000.0
1713274200.0,414.459991,417.644287,413.730103,415.519989,4045612.000000,1713277800.0
1713277800.0,415.399994,417.059998,415.000000,416.730011,1712830.000000,1713281400.0
1713281400.0,416.700012,417.279907,415.489990,416.059998,1587686.000000,1713285000.0
1713285000.0,416.024994,416.790009,415.579987,416.070007,970766.000000,1713288600.0
1713288600.0,416.155396,418.399994,414.600006,415.066010,2722724.000000,1713292200.0
1713292200.0,414.989990,417.660004,414.970001,416.980011,1170793.000000,1713295800.0
1713295800.0,416.964996,416.964996,414.220001,414.500000,1625123.000000,1713299400.0
1713360600.0,417.595001,418.880005,414.519989,415.839996,3320192.000000,1713364200.0
1713364200.0,415.791412,416.100006,413.290009,413.295013,1509306.000000,1713367800.0
1713367800.0,413.290009,414.760010,410.880005,411.500000,2643982.000000,1713371400.0
1713371400.0,411.489990,413.230011,410.329987,413.000000,1333337.000000,1713375000.0
1713375000.0,412.915009,413.220001,411.959991,412.690002,1283577.000000,1713378600.0
1713378600.0,412.730011,414.500000,411.315002,411.899994,1595685.000000,1713382200.0
1713382200.0,411.880005,413.160004,411.510010,411.739990,1658809.000000,1713385800.0
1713447000.0,410.484985,411.489990,407.089996,407.949890,3947071.000000,1713450600.0
1713450600.0,407.913086,411.649994,407.850006,410.684998,2522303.000000,1713454200.0
1713454200.0,410.700012,411.880005,409.149994,409.458588,1621179.000000,1713457800.0
1713457800.0,409.450012,409.589996,406.399994,407.540009,1414602.000000,1713461400.0
1713461400.0,407.570007,407.709991,405.239990,405.760010,1588327.000000,1713465000.0
1713465000.0,405.804993,406.160004,404.791504,405.140015,3121603.000000,1713468600.0
1713468600.0,405.179993,405.679993,404.029999,404.149994,2529558.000000,1713472200.0
1713533400.0,404.029999,405.480011,399.399994,400.489990,8676005.000000,1713537000.0
1713537000.0,400.399994,402.839111,400.269989,401.359985,2485617.000000,1713540600.0
1713540600.0,401.320007,401.739990,398.220001,398.290009,3195298.000000,1713544200.0
1713544200.0,398.329987,400.309998,398.061005,399.239990,1987830.000000,1713547800.0
1713547800.0,399.170013,402.149994,399.070007,399.799988,1622227.000000,1713551400.0
1713551400.0,399.795197,400.350006,398.450012,399.390015,2535344.000000,1713555000.0
1713555000.0,399.390015,399.850006,397.769989,399.109985,3265096.000000,1713558600.0
1713792600.0,400.187988,402.500000,397.600006,397.765015,4486284.000000,1713796200.0
1713796200.0,397.799988,399.119995,395.750000,397.989990,2291625.000000,1713799800.0
1713799800.0,397.989990,399.359985,397.899994,398.986511,1377292.000000,1713803400.0
1713803400.0,398.950012,399.928406,398.529999,399.928406,980514.000000,1713807000.0
1713807000.0,399.910004,402.579987,399.799988,402.390015,2120662.000000,1713810600.0
1713810600.0,402.399994,402.839996,401.339996,401.420013,1505798.000000,1713814200.0
1713814200.0,401.380005,401.899994,399.970001,400.820007,1787814.000000,1713817800.0
1713879000.0,404.250000,407.799988,403.059998,407.399994,3515748.000000,1713882600.0
1713882600.0,407.429993,408.200012,405.839996,406.579987,1702663.000000,1713886200.0
1713886200.0,406.600006,407.672089,406.179993,407.399994,1231823.000000,1713889800.0
1713889800.0,407.390015,407.470001,406.200012,407.039398,930177.000000,1713893400.0
1713893400.0,407.000000,407.891998,406.950012,407.475006,923696.000000,1713897000.0
1713897000.0,407.475006,407.629913,406.570007,407.029999,1073008.000000,1713900600.0
1713900600.0,407.019989,407.720001,406.779999,407.480988,1682597.000000,1713904200.0
1713965400.0,409.559998,412.459991,408.700012,408.890015,3840507.000000,1713969000.0
1713969000.0,408.890015,409.644989,408.070007,408.109985,1654108.000000,1713972600.0
1713972600.0,408.179993,408.619995,406.880005,407.619995,1225286.000000,1713976200.0
1713976200.0,407.570007,408.790009,406.779999,408.709991,1001020.000000,1713979800.0
1713979800.0,408.760010,410.119995,408.470001,408.630005,902506.000000,1713983400.0
1713983400.0,408.640015,409.499390,407.540009,409.089996,1042867.000000,1713987000.0
1713987000.0,409.130005,409.640686,408.709991,408.859985,1255089.000000,1713990600.0
1714051800.0,394.089996,395.000000,388.035492,394.105011,11831841.000000,1714055400.0
1714055400.0,394.070007,394.399902,390.399994,392.399200,4935907.000000,1714059000.0
1714059000.0,392.390015,394.779999,391.799988,394.450012,2800498.000000,1714062600.0
1714062600.0,394.450012,396.565002,394.250000,395.929993,2703267.000000,1714066200.0
1714066200.0,395.910004,399.688507,395.760010,397.230011,2991643.000000,1714069800.0
1714069800.0,397.234985,399.209991,396.019989,399.209991,2938269.000000,1714073400.0
1714073400.0,399.214996,399.889893,397.989990,399.510010,3589418.000000,1714077000.0
1714138200.0,412.410004,413.000000,405.760101,409.910004,11241523.000000,1714141800.0
1714141800.0,409.904999,412.089996,408.309998,408.890015,4244775.000000,1714145400.0
1714145400.0,408.890015,410.109985,408.329987,408.679993,2064089.000000,1714149000.0
1714149000.0,408.679993,409.774994,408.144989,409.350006,1716851.000000,1714152600.0
1714152600.0,409.369995,410.200012,408.119995,408.542389,1793436.000000,1714156200.0
1714156200.0,408.540009,409.690002,408.089996,409.609985,1951317.000000,1714159800.0
1714159800.0,409.609985,409.660004,406.089996,406.140015,2812729.000000,1714163400.0
1714397400.0,404.617798,406.320007,399.190002,401.154999,6415010.000000,1714401000.0
1714401000.0,401.190002,402.630005,400.290009,400.464996,2004321.000000,1714404600.0
1714404600.0,400.470001,401.369995,400.103485,401.200012,1498844.000000,1714408200.0
1714408200.0,401.200012,401.679596,400.630005,401.029999,1042773.000000,1714411800.0
1714411800.0,401.019989,402.160004,400.899994,401.110291,1032901.000000,1714415400.0
1714415400.0,401.089996,401.179993,399.200012,401.010010,1797896.000000,1714419000.0
1714419000.0,401.015015,402.279999,401.000000,402.209991,1901567.000000,1714422600.0
1714483800.0,401.489990,402.150299,398.559998,398.790009,3900729.000000,1714487400.0
1714487400.0,398.790009,399.679993,396.660004,396.799988,2776172.000000,1714491000.0
1714491000.0,396.779999,397.582001,396.400391,396.910004,2970789.000000,1714494600.0
1714494600.0,396.929993,396.929993,394.799988,395.424988,1773067.000000,1714498200.0
1714498200.0,395.429993,396.109985,394.200012,394.214996,1646638.000000,1714501800.0
1714501800.0,394.209991,394.670013,393.200012,393.707092,2465047.000000,1714505400.0
1714505400.0,393.709991,393.970001,389.170013,389.274994,5052764.000000,1714509000.0
1714570200.0,392.440002,394.299988,390.309998,393.625000,4105335.000000,1714573800.0
1714573800.0,393.660004,395.626007,393.396606,394.603790,2978014.000000,1714577400.0
1714577400.0,394.540009,394.910004,392.660004,393.670013,2002175.000000,1714581000.0
1714581000.0,393.660004,395.032013,393.239990,394.910004,1160388.000000,1714584600.0
1714584600.0,394.899994,396.740814,394.243591,396.630005,1658459.000000,1714588200.0
1714588200.0,396.630005,401.719910,395.343292,400.829987,3748763.000000,1714591800.0
1714591800.0,400.820007,400.820007,394.799988,394.899994,3098782.000000,1714595400.0
1714656600.0,397.660004,399.929993,394.899994,396.279999,3550874.000000,1714660200.0
1714660200.0,396.314301,397.609985,394.915009,397.070007,1666573.000000,1714663800.0
1714663800.0,397.079987,397.440002,395.138702,395.700012,1069495.000000,1714667400.0
1714667400.0,395.700012,397.079987,394.651489,397.019989,977045.000000,1714671000.0
1714671000.0,396.959991,397.730011,396.089996,397.529999,1428641.000000,1714674600.0
1714674600.0,397.559998,398.709991,397.369995,398.329987,2313950.000000,1714678200.0
1714678200.0,398.309998,398.438385,397.130005,397.940002,1796528.000000,1714681800.0
1714743000.0,402.000000,406.579895,401.859985,405.720001,4909522.000000,1714746600.0
1714746600.0,405.709991,406.440002,404.739990,405.410004,1857042.000000,1714750200.0
1714750200.0,405.464996,406.679993,405.410004,406.112396,1372846.000000,1714753800.0
1714753800.0,406.079987,406.529999,405.540009,405.859314,877459.000000,1714757400.0
1714757400.0,405.809998,406.570007,405.579987,406.307892,909802.000000,1714761000.0
1714761000.0,406.269989,406.869995,405.989990,406.540009,1266223.000000,1714764600.0
1714764600.0,406.536987,407.149994,406.109985,406.839996,2065178.000000,1714768200.0
1715002200.0,408.700012,409.420013,406.470001,408.195007,3419333.000000,1715005800.0
1715005800.0,408.350006,409.899994,406.660004,409.489990,1798877.000000,1715009400.0
1715009400.0,409.510010,410.220001,409.359985,410.010010,1227764.000000,1715013000.0
1715013000.0,410.010010,410.829987,409.649994,410.445007,1337234.000000,1715016600.0
1715016600.0,410.380005,412.450012,410.380005,412.239990,1187832.000000,1715020200.0
1715020200.0,412.260010,412.559998,411.880005,412.160004,1358837.000000,1715023800.0
1715023800.0,412.130005,413.920013,411.799988,413.640015,1834705.000000,1715027400.0
1715088600.0,413.609985,414.599915,411.510010,411.704987,3525423.000000,1715092200.0
1715092200.0,411.709991,413.169708,411.700012,412.489990,1824890.000000,1715095800.0
1715095800.0,412.530212,413.159912,412.160004,412.350006,966669.000000,1715099400.0
1715099400.0,412.384186,412.396210,411.421997,412.265015,968821.000000,1715103000.0
1715103000.0,412.239990,412.429901,410.799988,410.899994,1135665.000000,1715106600.0
1715106600.0,410.859985,410.970001,409.809998,409.934998,1634100.000000,1715110200.0
1715110200.0,409.975006,410.470001,409.089996,409.170013,2600341.000000,1715113800.0
1715175000.0,407.679993,410.980011,406.713196,410.739990,2769988.000000,1715178600.0
1715178600.0,410.750000,412.230011,410.360107,412.132996,1355494.000000,1715182200.0
1715182200.0,412.100006,412.229889,411.230011,411.410004,747865.000000,1715185800.0
1715185800.0,411.470001,411.519989,410.554993,410.960114,674196.000000,1715189400.0
1715189400.0,411.000000,411.970001,410.929993,411.230011,718608.000000,1715193000.0
1715193000.0,411.274994,411.470001,410.647614,410.654999,808768.000000,1715196600.0
1715196600.0,410.660004,410.940002,409.880005,410.470001,1396743.000000,1715200200.0
1715261400.0,410.589996,411.320007,409.100006,410.725006,3638510.000000,1715265000.0
1715265000.0,410.750000,412.579987,410.739990,412.509796,1413641.000000,1715268600.0
1715268600.0,412.529999,412.720001,410.950012,411.024994,800475.000000,1715272200.0
1715272200.0,411.022614,412.079803,410.700104,412.009613,825349.000000,1715275800.0
1715275800.0,412.015015,412.130005,411.299988,411.880005,792850.000000,1715279400.0
1715279400.0,411.870087,412.600006,411.835114,412.280212,1092809.000000,1715283000.0
1715283000.0,412.239990,412.549988,412.000000,412.290009,1720506.000000,1715286600.0
1715347800.0,412.989990,415.380005,411.799988,413.220001,2796463.000000,1715351400.0
1715351400.0,413.309998,414.079712,412.721405,413.804993,1508727.000000,1715355000.0
1715355000.0,413.829987,414.119904,412.649994,413.809998,934645.000000,1715358600.0
1715358600.0,413.809998,414.640015,413.739990,414.010010,1284419.000000,1715362200.0
1715362200.0,414.029999,414.850006,413.619995,414.679993,779499.000000,1715365800.0
1715365800.0,414.690002,415.109985,414.119995,414.748993,1002702.000000,1715369400.0
1715369400.0,414.750000,415.130005,414.309998,414.640015,1163345.000000,1715373000.0
1715607000.0,418.347992,418.347992,410.825012,413.119995,3919789.000000,1715610600.0
1715610600.0,413.119995,414.040009,412.429504,413.855011,1220959.000000,1715614200.0
1715614200.0,413.850006,415.369995,413.399994,415.279999,1082114.000000,1715617800.0
1715617800.0,415.290009,415.700012,413.329987,414.800690,1558637.000000,1715621400.0
1715621400.0,414.850006,415.269989,413.910004,414.420013,746631.000000,1715625000.0
1715625000.0,414.464996,414.500000,413.651001,414.045013,783462.000000,1715628600.0
1715628600.0,414.043915,414.230011,413.380005,413.750000,1428599.000000,1715632200.0
1715693400.0,412.299988,415.549988,411.549988,415.480011,3282604.000000,1715697000.0
1715697000.0,415.510010,415.559998,413.780609,414.559998,1300562.000000,1715700600.0
1715700600.0,414.519989,414.529999,412.160004,412.220001,1066130.000000,1715704200.0
1715704200.0,412.200012,413.339996,411.930298,413.320007,1308412.000000,1715707800.0
1715707800.0,413.339996,415.339996,413.279999,415.179993,1115008.000000,1715711400.0
1715711400.0,415.185211,417.489990,415.000000,416.950012,1596585.000000,1715715000.0
1715715000.0,416.899994,417.190002,416.399994,416.420013,1497242.000000,1715718600.0
1715779800.0,417.899994,420.450012,417.269989,419.390015,3762815.000000,1715783400.0
1715783400.0,419.450012,421.299988,418.980011,421.255005,2459365.000000,1715787000.0
1715787000.0,421.279999,422.084991,420.690002,421.429993,1888495.000000,1715790600.0
1715790600.0,421.420013,422.609985,421.100006,422.570007,1109129.000000,1715794200.0
1715794200.0,422.550995,423.670013,422.239990,423.540009,1201940.000000,1715797800.0
1715797800.0,423.579987,423.809998,423.059998,423.410004,2126245.000000,1715801400.0
1715801400.0,423.399994,423.570007,422.559998,423.149994,2619162.000000,1715805000.0
1715866200.0,421.899994,425.420013,421.769989,423.855011,2936601.000000,1715869800.0
1715869800.0,423.950012,424.760010,423.075012,424.125000,1539733.000000,1715873400.0
1715873400.0,424.140015,424.809998,422.130005,422.394989,1536923.000000,1715877000.0
1715877000.0,422.429993,422.804993,421.730011,421.920013,1716046.000000,1715880600.0
1715880600.0,421.924988,422.410004,421.399994,421.649994,1428219.000000,1715884200.0
1715884200.0,421.625000,422.309998,421.519989,421.630005,1287147.000000,1715887800.0
1715887800.0,421.619995,421.763702,420.350006,420.929993,2589478.000000,1715891400.0
1715952600.0,422.170013,422.920013,418.024994,419.725006,5310137.000000,1715956200.0
1715956200.0,419.720398,420.480011,418.404999,419.559998,1365109.000000,1715959800.0
1715959800.0,419.616791,419.720001,419.139008,419.332001,1133293.000000,1715963400.0
1715963400.0,419.322296,419.375000,418.329987,419.089905,645369.000000,1715967000.0
1715967000.0,419.100006,419.619995,418.130005,418.740295,796644.000000,1715970600.0
1715970600.0,418.709991,420.290009,418.700012,420.165009,1099929.000000,1715974200.0
1715974200.0,420.149994,420.420013,419.470001,420.239990,1540944.000000,1715977800.0
1716211800.0,420.000000,426.750000,419.989990,424.910004,3691998.000000,1716215400.0
1716215400.0,424.929993,425.679993,423.720001,424.480011,1426641.000000,1716219000.0
1716219000.0,424.496002,425.119995,424.459991,425.079987,998993.000000,1716222600.0
1716222600.0,425.040009,425.829987,424.390015,424.690002,1126447.000000,1716226200.0
1716226200.0,424.690002,425.049988,423.850006,424.934998,874973.000000,1716229800.0
1716229800.0,424.920013,425.100006,424.220001,424.959991,758246.000000,1716233400.0
1716233400.0,424.959991,425.480011,424.437012,425.429993,1599961.000000,1716237000.0
1716298200.0,426.825012,428.820007,424.850006,428.769989,4024059.000000,1716301800.0
1716301800.0,428.790009,430.480011,428.609985,429.670013,2332832.000000,1716305400.0
1716305400.0,429.649994,432.970001,429.475708,430.510010,3336818.000000,1716309000.0
1716309000.0,430.500000,430.559906,429.350098,430.295685,1586127.000000,1716312600.0
1716312600.0,430.299988,430.914490,429.209991,429.299988,1275638.000000,1716316200.0
1716316200.0,429.320007,429.890015,428.700012,428.929993,1296445.000000,1716319800.0
1716319800.0,428.915009,430.070007,428.750000,429.070007,2038695.000000,1716323400.0
1716384600.0,430.089996,432.410004,430.029999,431.910004,3005264.000000,1716388200.0
1716388200.0,431.899994,432.149994,430.600006,431.269989,1967282.000000,1716391800.0
1716391800.0,431.260010,431.320007,429.769989,429.858887,1075132.000000,1716395400.0
1716395400.0,429.879913,430.742706,429.390015,430.632812,899205.000000,1716399000.0
1716399000.0,430.589996,430.599915,427.679993,427.804993,1243928.000000,1716402600.0
1716402600.0,427.769989,428.420013,427.130005,428.179993,3177914.000000,1716406200.0
1716406200.0,428.170013,430.630005,427.529999,430.549988,2316022.000000,1716409800.0
1716471000.0,433.000000,433.600006,429.790009,431.670013,4031991.000000,1716474600.0
1716474600.0,431.700012,432.750000,430.600006,431.864990,1727004.000000,1716478200.0
1716478200.0,431.924988,432.119995,431.149994,432.054504,1634725.000000,1716481800.0
1716481800.0,432.040009,432.100006,429.609985,430.102112,980239.000000,1716485400.0
1716485400.0,430.100006,430.100006,426.809998,427.080505,1360039.000000,1716489000.0
1716489000.0,426.980011,427.239990,425.424011,425.970001,1547771.000000,1716492600.0
1716492600.0,425.975006,427.339996,425.859985,427.149994,1525198.000000,1716496200.0
1716557400.0,427.209991,427.410004,424.410004,427.010010,3013730.000000,1716561000.0
1716561000.0,427.027893,429.660004,426.869995,429.250000,1313757.000000,1716564600.0
1716564600.0,429.290009,430.332092,428.859985,430.109985,1021038.000000,1716568200.0
1716568200.0,430.130005,430.470001,429.350006,430.269989,656670.000000,1716571800.0
1716571800.0,430.239990,431.054993,429.820007,430.409912,1076852.000000,1716575400.0
1716575400.0,430.394989,430.524200,429.160004,429.820007,858514.000000,1716579000.0
1716579000.0,429.820007,430.440308,429.529999,430.130005,1296795.000000,1716582600.0
1716903000.0,429.850006,430.820007,426.627991,428.450012,4056986.000000,1716906600.0
1716906600.0,428.380005,429.320007,427.770111,428.440002,1458052.000000,1716910200.0
1716910200.0,428.459991,428.948212,427.980011,428.910004,1250976.000000,1716913800.0
1716913800.0,428.890015,429.317810,428.410004,429.059906,829274.000000,1716917400.0
1716917400.0,429.035004,429.350006,428.424988,428.720001,894679.000000,1716921000.0
1716921000.0,428.720001,429.589996,427.920013,428.829987,2050050.000000,1716924600.0
1716924600.0,428.820007,430.459991,428.529785,430.320007,1665379.000000,1716928200.0
1716989400.0,425.820007,430.410004,425.750000,430.140015,3340058.000000,1716993000.0
1716993000.0,430.170013,430.690002,428.679993,429.239990,1675337.000000,1716996600.0
1716996600.0,429.260010,430.404999,429.040009,430.279999,1064361.000000,1717000200.0
1717000200.0,430.279999,430.940002,429.690002,430.193512,1118916.000000,1717003800.0
1717003800.0,430.149506,430.549988,429.540009,430.105011,1426548.000000,1717007400.0
1717007400.0,430.049988,430.384705,429.320007,430.000000,1139076.000000,1717011000.0
1717011000.0,429.980011,429.980011,428.579987,429.510010,1744228.000000,1717014600.0
1717075800.0,424.041992,424.190002,417.750000,420.269989,6305658.000000,1717079400.0
1717079400.0,420.269989,420.329987,417.600006,419.149994,4491292.000000,1717083000.0
1717083000.0,419.149994,420.269989,419.000000,419.135010,2057541.000000,1717086600.0
1717086600.0,419.144989,420.239990,419.059998,419.545013,1432573.000000,1717090200.0
1717090200.0,419.559998,419.660004,417.950012,418.144989,2607460.000000,1717093800.0
1717093800.0,418.119995,418.369995,416.309998,416.708405,2294753.000000,1717097400.0
1717097400.0,416.730011,416.850006,414.239990,414.640015,3672119.000000,1717101000.0
1717162200.0,416.410004,416.630005,410.049988,410.190002,8989514.000000,1717165800.0
1717165800.0,410.149994,410.230011,406.059998,406.829987,3852101.000000,1717169400.0
1717169400.0,406.790009,407.230011,404.519989,405.459991,2848502.000000,1717173000.0
1717173000.0,405.450012,407.079987,404.869995,406.609985,1800696.000000,1717176600.0
1717176600.0,406.614990,406.859985,405.299988,405.412506,1780966.000000,1717180200.0
1717180200.0,405.410004,407.929993,405.220001,407.329987,2189338.000000,1717183800.0
1717183800.0,407.269989,415.730011,406.779999,415.307495,7060933.000000,1717187400.0
1717421400.0,415.579987,416.410004,412.690002,414.149994,4344236.000000,1717425000.0
1717425000.0,414.079987,415.040009,411.250000,412.462494,2120228.000000,1717428600.0
1717428600.0,412.440002,412.799988,408.923401,409.089996,1668443.000000,1717432200.0
1717432200.0,409.100006,410.970001,408.929993,410.910004,1436725.000000,1717435800.0
1717435800.0,410.910004,412.399994,410.640015,410.799896,1610948.000000,1717439400.0
1717439400.0,410.959991,412.250000,410.679993,411.829987,1155218.000000,1717443000.0
1717443000.0,411.880005,413.709991,411.337402,413.649994,1748804.000000,1717446600.0
1717507800.0,412.079987,412.798889,409.674988,412.549988,3219507.000000,1717511400.0
1717511400.0,412.540009,413.429993,411.500000,412.209900,1175423.000000,1717515000.0
1717515000.0,412.119995,412.592712,411.609985,412.399902,798122.000000,1717518600.0
1717518600.0,412.350006,413.549988,412.260010,413.470001,848534.000000,1717522200.0
1717522200.0,413.500000,415.369995,412.915985,415.210388,1143750.000000,1717525800.0
1717525800.0,415.250000,415.290009,412.970001,414.269989,894021.000000,1717529400.0
1717529400.0,414.320007,416.440002,413.970001,416.070007,1704637.000000,1717533000.0
1717594200.0,417.809998,418.665009,416.299988,418.100006,3147537.000000,1717597800.0
1717597800.0,418.179993,420.829987,418.179993,420.549988,1740729.000000,1717601400.0
1717601400.0,420.589996,421.739807,420.114197,421.670013,1332668.000000,1717605000.0
1717605000.0,421.637512,423.350006,421.589996,422.860107,1420084.000000,1717608600.0
1717608600.0,422.885010,423.325012,422.420013,423.010010,1034759.000000,1717612200.0
1717612200.0,423.011993,423.619995,422.750000,422.790009,1229210.000000,1717615800.0
1717615800.0,422.774994,424.079987,422.119995,424.040009,2293164.000000,1717619400.0
1717680600.0,424.000000,425.309998,422.589996,423.440002,2958526.000000,1717684200.0
1717684200.0,423.394989,423.480011,421.299988,421.399994,1512505.000000,1717687800.0
1717687800.0,421.364990,423.179993,420.579987,422.980011,1560816.000000,1717691400.0
1717691400.0,423.035004,423.529999,422.399994,423.095001,823258.000000,1717695000.0
1717695000.0,423.100006,423.470001,422.019989,423.289886,936589.000000,1717698600.0
1717698600.0,423.290009,423.720001,422.809998,423.640015,850797.000000,1717702200.0
1717702200.0,423.640015,424.700012,423.260010,424.489990,1371447.000000,1717705800.0
1717767000.0,426.200012,426.200012,423.785004,424.100006,2299494.000000,1717770600.0
1717770600.0,424.040009,425.880005,423.670013,425.000000,1245823.000000,1717774200.0
1717774200.0,425.000000,425.515015,424.579987,425.260010,914182.000000,1717777800.0
1717777800.0,425.269989,426.279999,424.549988,425.795013,1084738.000000,1717781400.0
1717781400.0,425.839996,426.230011,423.720001,424.890015,935781.000000,1717785000.0
1717785000.0,424.899994,425.174103,423.450012,424.359985,844678.000000,1717788600.0
1717788600.0,424.320007,424.510010,423.049988,423.820007,1595011.000000,1717792200.0
1718026200.0,424.730011,427.839691,423.890015,427.299988,2723134.000000,1718029800.0
1718029800.0,427.285004,427.359985,426.169891,426.900085,984438.000000,1718033400.0
1718033400.0,426.970001,427.670013,426.319000,426.480011,1061766.000000,1718037000.0
1718037000.0,426.470001,426.489990,425.500000,425.722809,872090.000000,1718040600.0
1718040600.0,425.700012,426.959015,425.499786,426.350006,1728839.000000,1718044200.0
1718044200.0,426.359985,428.040009,426.059998,426.959991,1530420.000000,1718047800.0
1718047800.0,426.954987,428.059998,426.579987,427.869995,1673519.000000,1718051400.0
1718112600.0,425.779999,427.420013,425.250000,427.339996,2069054.000000,1718116200.0
1718116200.0,427.350006,428.380005,427.179993,428.059998,1150378.000000,1718119800.0
1718119800.0,428.040009,428.790009,427.350006,427.589996,984304.000000,1718123400.0
1718123400.0,427.549988,429.010712,427.205902,428.230011,1189901.000000,1718127000.0
1718127000.0,428.214996,430.640015,428.200012,430.570007,1314353.000000,1718130600.0
1718130600.0,430.565002,431.959991,430.339996,431.494995,1599288.000000,1718134200.0
1718134200.0,431.475006,432.820007,430.779999,432.660004,2090942.000000,1718137800.0
1718199000.0,435.320007,438.549988,433.250000,437.834991,4558334.000000,1718202600.0
1718202600.0,437.839996,438.600006,437.029999,438.230011,2068610.000000,1718206200.0
1718206200.0,438.260010,439.529999,438.029999,438.380005,1979481.000000,1718209800.0
1718209800.0,438.410004,440.420013,438.059998,439.806213,1404643.000000,1718213400.0
1718213400.0,439.795013,440.609985,437.859985,439.339996,1683945.000000,1718217000.0
1718217000.0,439.350006,443.399994,438.429993,440.239990,3170807.000000,1718220600.0
1718220600.0,440.260010,442.279999,439.640015,441.000000,3110989.000000,1718224200.0
1718285400.0,440.329987,443.059998,439.369995,441.954987,3404309.000000,1718289000.0
1718289000.0,441.929993,443.320007,441.744995,442.989990,1915949.000000,1718292600.0
1718292600.0,442.984192,443.390015,439.804993,439.940002,1294382.000000,1718296200.0
1718296200.0,439.890015,441.899994,439.660309,441.200012,946129.000000,1718299800.0
1718299800.0,441.209991,441.500000,440.375000,441.109985,842511.000000,1718303400.0
1718303400.0,441.119995,441.290009,440.210999,440.915009,999957.000000,1718307000.0
1718307000.0,440.899994,442.130005,440.839996,441.399994,1845559.000000,1718310600.0
1718371800.0,438.420013,442.177399,436.721008,441.329895,3190667.000000,1718375400.0
1718375400.0,441.339996,442.970001,440.679993,441.920013,1526266.000000,1718379000.0
1718379000.0,441.924988,443.137604,441.019409,442.595001,1091953.000000,1718382600.0
1718382600.0,442.630005,442.749908,441.820007,442.559998,695719.000000,1718386200.0
1718386200.0,442.559998,443.010010,441.589996,442.359985,1054340.000000,1718389800.0
1718389800.0,442.380005,442.700012,441.630005,442.179993,995368.000000,1718393400.0
1718393400.0,442.179993,442.720001,441.500000,442.549988,1380155.000000,1718397000.0
1718631000.0,442.440002,444.279999,440.720001,442.838501,3628081.000000,1718634600.0
1718634600.0,442.839996,445.200012,441.770111,443.950012,2019027.000000,1718638200.0
1718638200.0,443.970001,445.410004,443.630005,445.399994,1221900.000000,1718641800.0
1718641800.0,445.404999,447.986511,445.030487,447.910004,1594022.000000,1718645400.0
1718645400.0,447.920013,450.690002,447.799988,449.429993,2396904.000000,1718649000.0
1718649000.0,449.440002,450.928009,448.570007,450.602997,1951756.000000,1718652600.0
1718652600.0,450.600006,450.614990,448.084991,448.390015,2557045.000000,1718656200.0
1718717400.0,449.720001,450.140015,446.428894,446.910004,3299869.000000,1718721000.0
1718721000.0,446.940002,447.070007,444.890015,445.899994,2133526.000000,1718724600.0
1718724600.0,445.859985,447.690002,445.700104,446.950012,1213297.000000,1718728200.0
1718728200.0,446.970001,447.779999,446.609985,447.760010,1354117.000000,1718731800.0
1718731800.0,447.779999,447.899994,445.630005,445.904999,1290893.000000,1718735400.0
1718735400.0,445.890015,446.450012,445.170013,446.290009,1464522.000000,1718739000.0
1718739000.0,446.290009,446.910004,446.079987,446.420013,1555810.000000,1718742600.0
1718890200.0,446.299988,446.529999,441.279999,442.609985,4713782.000000,1718893800.0
1718893800.0,442.609985,444.285004,442.459991,444.182892,2033941.000000,1718897400.0
1718897400.0,444.165009,445.820007,443.540009,443.540009,1583955.000000,1718901000.0
1718901000.0,443.500000,445.470001,442.959991,444.700012,1373194.000000,1718904600.0
1718904600.0,444.690002,445.220001,443.920013,444.963409,1385218.000000,1718908200.0
1718908200.0,444.980011,445.279999,443.803802,445.093292,1915819.000000,1718911800.0
1718911800.0,445.100006,446.040009,444.209991,445.785004,2059250.000000,1718915400.0
1718976600.0,447.135010,450.389893,446.570007,447.114990,10698661.000000,1718980200.0
1718980200.0,447.179993,448.452606,446.510010,447.640686,1598305.000000,1718983800.0
1718983800.0,447.654999,449.585602,447.500000,449.500000,2041541.000000,1718987400.0
1718987400.0,449.519989,449.779999,448.410095,448.584991,948324.000000,1718991000.0
1718991000.0,448.500000,449.399994,448.089996,449.250488,1216629.000000,1718994600.0
1718994600.0,449.250000,449.480011,448.589996,448.644989,1034989.000000,1718998200.0
1718998200.0,448.660004,450.549988,448.529999,449.779999,2476065.000000,1719001800.0
1719235800.0,449.799988,452.750000,446.410004,449.950012,3682044.000000,1719239400.0
1719239400.0,449.859985,450.732086,448.170013,449.989990,1754830.000000,1719243000.0
1719243000.0,450.065002,450.459991,449.079987,449.519989,962377.000000,1719246600.0
1719246600.0,449.450012,449.850006,448.436707,448.660004,845836.000000,1719250200.0
1719250200.0,448.649994,448.959991,447.720001,448.135010,1022232.000000,1719253800.0
1719253800.0,448.195007,448.700012,447.869995,448.269989,988239.000000,1719257400.0
1719257400.0,448.269989,448.700012,447.329987,447.609985,1915785.000000,1719261000.0
1719322200.0,448.029999,449.399994,446.750000,448.940002,2812659.000000,1719325800.0
1719325800.0,448.970001,450.119995,448.540009,449.510010,1480592.000000,1719329400.0
1719329400.0,449.494995,450.299988,448.929993,449.359985,1964349.000000,1719333000.0
1719333000.0,449.385010,449.750000,448.720001,449.559998,766008.000000,1719336600.0
1719336600.0,449.510010,450.290009,449.350006,450.269989,777831.000000,1719340200.0
1719340200.0,450.299988,450.730011,449.589996,450.730011,925408.000000,1719343800.0
1719343800.0,450.690002,451.420013,450.070007,450.859985,1402421.000000,1719347400.0
1719408600.0,448.994995,451.689911,448.190002,450.940094,2645525.000000,1719412200.0
1719412200.0,451.010010,453.588501,450.994995,453.070709,1793756.000000,1719415800.0
1719415800.0,453.100006,453.570007,452.200012,452.730011,1478173.000000,1719419400.0
1719419400.0,452.725006,453.109985,451.349915,451.830109,826866.000000,1719423000.0
1719423000.0,451.809998,452.183014,451.320007,451.568390,900751.000000,1719426600.0
1719426600.0,451.579987,452.059998,450.869995,451.429993,939394.000000,1719430200.0
1719430200.0,451.404999,452.589996,450.880005,452.119995,1539376.000000,1719433800.0
1719495000.0,452.149994,456.160004,451.769989,456.049988,3114074.000000,1719498600.0
1719498600.0,456.070007,456.070007,454.268005,454.679993,1426288.000000,1719502200.0
1719502200.0,454.679993,454.679993,452.869995,454.150208,1315747.000000,1719505800.0
1719505800.0,454.149994,454.200012,453.279999,454.004211,770825.000000,1719509400.0
1719509400.0,454.020996,454.549286,452.613495,452.869995,869705.000000,1719513000.0
1719513000.0,452.910004,453.160004,451.880005,452.315002,1229537.000000,1719516600.0
1719516600.0,452.290009,453.220001,452.200012,452.859985,1778581.000000,1719520200.0
1719581400.0,453.065002,455.380005,451.605011,454.190094,2910886.000000,1719585000.0
1719585000.0,454.204193,455.160004,452.510010,452.970001,1990498.000000,1719588600.0
1719588600.0,452.950012,454.059998,452.184998,452.875000,1336221.000000,1719592200.0
1719592200.0,452.820007,454.190002,452.140015,453.500000,1102179.000000,1719595800.0
1719595800.0,453.549988,454.129700,452.799988,452.820007,1015440.000000,1719599400.0
1719599400.0,452.850006,453.320007,452.260010,452.760010,1160016.000000,1719603000.0
1719603000.0,452.760010,453.144989,446.410004,447.690002,5852381.000000,1719606600.0
1719840600.0,448.609985,451.510010,445.660004,451.500000,4217925.000000,1719844200.0
1719844200.0,451.494995,452.377197,450.190002,451.970001,1642626.000000,1719847800.0
1719847800.0,451.969910,454.309998,451.269989,453.899994,1493104.000000,1719851400.0
1719851400.0,453.890015,454.769989,452.920105,453.195007,1087148.000000,1719855000.0
1719855000.0,453.198914,454.369995,452.880005,452.894989,1050370.000000,1719858600.0
1719858600.0,452.890015,454.339996,452.575012,454.019989,1070116.000000,1719862200.0
1719862200.0,454.045013,457.369995,454.019989,456.640015,3154040.000000,1719865800.0
1719927000.0,453.137512,457.949890,453.113007,456.690002,3092116.000000,1719930600.0
1719930600.0,456.720001,457.700012,455.850006,456.839996,1638758.000000,1719934200.0
1719934200.0,456.820007,457.024994,454.859985,455.690002,1033144.000000,1719937800.0
1719937800.0,455.660004,457.869995,455.350006,457.750000,832860.000000,1719941400.0
1719941400.0,457.730011,459.190002,457.369995,458.584991,1056301.000000,1719945000.0
1719945000.0,458.559998,459.070007,458.079987,458.899994,1004105.000000,1719948600.0
1719948600.0,458.880005,459.589996,458.589996,459.420013,1419055.000000,1719952200.0
1720013400.0,458.980011,460.480011,458.000000,458.029999,2774954.000000,1720017000.0
1720017000.0,458.079987,460.779907,458.005005,460.174988,1455240.000000,1720020600.0
1720020600.0,460.174988,460.390015,458.709991,459.554993,1422584.000000,1720024200.0
1720186200.0,459.899994,467.059998,459.825012,465.970001,3994487.000000,1720189800.0
1720189800.0,466.000000,466.220001,464.170013,465.200012,1735465.000000,1720193400.0
1720193400.0,465.269989,467.000000,465.100006,466.950012,1320820.000000,1720197000.0
1720197000.0,466.890015,468.061615,466.378998,467.829987,969403.000000,1720200600.0
1720200600.0,467.825012,468.350006,466.750000,467.159698,1053413.000000,1720204200.0
1720204200.0,467.144989,467.709900,466.920013,467.348785,880278.000000,1720207800.0
1720207800.0,467.339111,467.980011,466.989990,467.390015,1591840.000000,1720211400.0
1720445400.0,466.549988,467.700012,464.459991,465.631104,2955350.000000,1720449000.0
1720449000.0,465.665009,466.070007,464.550110,466.059998,1404460.000000,1720452600.0
1720452600.0,466.045013,466.850006,465.269989,465.515015,1015244.000000,1720456200.0
1720456200.0,465.470001,465.739899,465.040009,465.549988,642862.000000,1720459800.0
1720459800.0,465.549988,466.000000,464.859985,465.924988,853024.000000,1720463400.0
1720463400.0,465.899994,465.899994,465.070007,465.494995,981291.000000,1720467000.0
1720467000.0,465.459991,466.529999,464.760010,466.290009,1874166.000000,1720470600.0
1720531800.0,467.000000,467.329987,463.450012,464.179993,3403513.000000,1720535400.0
1720535400.0,464.200012,464.230011,462.220001,463.325012,1663567.000000,1720539000.0
1720539000.0,463.350006,463.654999,460.829987,461.220001,1628977.000000,1720542600.0
1720542600.0,461.239990,461.250000,459.309998,459.750000,2041443.000000,1720546200.0
1720546200.0,459.720001,460.450012,459.130615,459.165009,1321896.000000,1720549800.0
1720549800.0,459.179993,460.052002,458.910004,459.234985,1464171.000000,1720553400.0
1720553400.0,459.209991,459.587891,458.000000,459.529999,2477204.000000,1720557000.0
1720618200.0,461.204987,463.289886,458.899994,462.980011,3226590.000000,1720621800.0
1720621800.0,463.040009,463.619995,459.630005,461.049988,2081850.000000,1720625400.0
1720625400.0,461.070007,461.869995,459.910004,461.520294,1278099.000000,1720629000.0
1720629000.0,461.549988,465.100006,461.420013,463.019989,1555302.000000,1720632600.0
1720632600.0,463.000000,464.489990,462.679993,464.075012,1027864.000000,1720636200.0
1720636200.0,464.160004,465.250000,463.750000,464.040009,1340822.000000,1720639800.0
1720639800.0,464.049988,466.459991,463.910095,466.380005,1835143.000000,1720643400.0
1720704600.0,462.730011,464.779999,455.579987,455.890015,4705870.000000,1720708200.0
1720708200.0,455.809998,456.760010,451.899994,452.570007,3883135.000000,1720711800.0
1720711800.0,452.524994,454.649994,451.549988,454.429993,2318165.000000,1720715400.0
1720715400.0,454.369995,456.279999,454.109985,455.364990,1478938.000000,1720719000.0
1720719000.0,455.339996,455.350006,452.480011,454.119995,1292815.000000,1720722600.0
1720722600.0,454.089996,455.339996,453.959991,454.665009,1442730.000000,1720726200.0
1720726200.0,454.690002,455.899994,454.089996,454.709991,2238929.000000,1720729800.0
1720791000.0,454.325012,454.390015,450.644989,453.549988,3556993.000000,1720794600.0
1720794600.0,453.540009,454.864990,453.424988,454.607788,1738187.000000,1720798200.0
1720798200.0,454.609985,454.959991,452.750000,453.809998,1306453.000000,1720801800.0
1720801800.0,453.820007,454.940002,453.440002,454.795013,981972.000000,1720805400.0
1720805400.0,454.779999,456.334991,454.600006,455.279999,1176345.000000,1720809000.0
1720809000.0,455.320007,456.309998,454.989990,456.049988,1007695.000000,1720812600.0
1720812600.0,456.045013,456.109894,452.100006,453.760010,2044089.000000,1720816200.0
1721050200.0,453.420013,456.250000,452.250000,454.390015,2750046.000000,1721053800.0
1721053800.0,454.390015,457.260010,454.209991,455.850006,1527517.000000,1721057400.0
1721057400.0,455.294098,456.070007,451.429993,452.869995,1503096.000000,1721061000.0
1721061000.0,452.850006,453.769989,452.220001,452.250000,865703.000000,1721064600.0
1721064600.0,452.220001,453.059998,451.440002,453.059998,968507.000000,1721068200.0
1721068200.0,453.070007,454.369995,452.920013,454.109985,888825.000000,1721071800.0
1721071800.0,454.140015,454.290009,451.649994,454.040009,1646398.000000,1721075400.0
1721136600.0,454.220001,454.299988,447.696014,448.369995,3682647.000000,1721140200.0
1721140200.0,448.369995,450.010010,447.250000,448.850006,2054292.000000,1721143800.0
1721143800.0,448.875000,449.250000,447.109985,447.739990,1542271.000000,1721147400.0
1721147400.0,447.769989,448.799896,447.230011,447.390015,1251609.000000,1721151000.0
1721151000.0,447.380005,448.059998,446.660004,447.869995,1872526.000000,1721154600.0
1721154600.0,447.829987,449.682404,447.769989,449.559998,1451717.000000,1721158200.0
1721158200.0,449.505493,450.109985,449.140015,449.489990,1756090.000000,1721161800.0
1721223000.0,442.429993,444.329987,440.010010,441.130005,5117356.000000,1721226600.0
1721226600.0,441.040009,442.239990,439.179993,441.170013,2769216.000000,1721230200.0
1721230200.0,441.250000,441.519989,440.149994,440.440002,1481990.000000,1721233800.0
1721233800.0,440.440002,442.149994,439.940002,441.929993,1677492.000000,1721237400.0
1721237400.0,441.872498,444.660004,441.350006,444.144989,1623689.000000,1721241000.0
1721241000.0,444.030090,444.850006,442.850006,444.290100,1704146.000000,1721244600.0
1721244600.0,444.299988,444.299988,442.640015,443.549988,2614377.000000,1721248200.0
1721309400.0,443.859985,444.649994,438.549988,439.788910,4459919.000000,1721313000.0
1721313000.0,439.760010,439.760010,435.929993,436.170013,3028837.000000,1721316600.0
1721316600.0,436.170013,437.049988,434.399994,435.765015,2334181.000000,1721320200.0
1721320200.0,435.730011,437.760010,435.250000,437.379700,1782741.000000,1721323800.0
1721323800.0,437.415009,438.869995,436.670013,438.182495,1461747.000000,1721327400.0
1721327400.0,438.190002,438.570007,436.739990,438.369995,1687432.000000,1721331000.0
1721331000.0,438.359985,441.010010,438.049988,440.380005,2536947.000000,1721334600.0
1721395800.0,433.119995,441.140015,432.000000,438.195007,8133685.000000,1721399400.0
1721399400.0,438.190002,440.260010,437.400085,437.709991,1890038.000000,1721403000.0
1721403000.0,437.679993,438.739990,436.450012,437.619995,1716997.000000,1721406600.0
1721406600.0,437.559814,437.720001,435.630005,435.989990,1095366.000000,1721410200.0
1721410200.0,435.950012,437.269989,435.858307,436.250000,1145235.000000,1721413800.0
1721413800.0,436.285004,438.359985,435.894989,437.649994,1495184.000000,1721417400.0
1721417400.0,437.630005,437.779999,435.970001,437.089996,2251986.000000,1721421000.0
1721655000.0,441.750000,443.899994,440.149994,443.720001,3333019.000000,1721658600.0
1721658600.0,443.755005,444.579987,439.730011,440.045197,1788215.000000,1721662200.0
1721662200.0,440.029907,441.079987,438.912506,440.559998,1078657.000000,1721665800.0
1721665800.0,440.540009,443.109894,440.540009,442.309998,785679.000000,1721669400.0
1721669400.0,442.329987,444.570007,442.290009,443.980011,1001442.000000,1721673000.0
1721673000.0,443.970001,444.491089,442.709991,443.160004,1035844.000000,1721676600.0
1721676600.0,443.125000,444.049988,442.584991,442.859985,1826771.000000,1721680200.0
1721741400.0,444.000000,447.790009,443.250000,446.130005,2753723.000000,1721745000.0
1721745000.0,446.144989,448.390015,444.179993,447.959991,1482892.000000,1721748600.0
1721748600.0,447.914001,448.010010,444.330109,445.065002,1075289.000000,1721752200.0
1721752200.0,445.019989,445.399994,443.480011,444.570007,862833.000000,1721755800.0
1721755800.0,444.529999,445.350006,443.899994,444.381805,731132.000000,1721759400.0
1721759400.0,444.399994,444.605011,443.880005,444.299988,797112.000000,1721763000.0
1721763000.0,444.279999,444.920013,443.100006,444.809998,1439172.000000,1721766600.0
1721827800.0,440.220001,441.450012,436.579987,436.674988,3131212.000000,1721831400.0
1721831400.0,436.600006,437.079987,431.079987,431.992615,3250307.000000,1721835000.0
1721835000.0,431.929993,432.670013,430.440002,430.750092,2711496.000000,1721838600.0
1721838600.0,430.736389,431.309998,428.920013,429.970001,2556834.000000,1721842200.0
1721842200.0,429.950012,430.573914,427.730011,428.239990,2387432.000000,1721845800.0
1721845800.0,428.209991,429.393494,427.584991,428.589996,2349927.000000,1721849400.0
1721849400.0,428.570007,429.869995,427.730011,428.940002,3284675.000000,1721853000.0
1721914200.0,428.825012,429.785004,417.510010,421.144989,8333601.000000,1721917800.0
1721917800.0,421.079987,425.385010,420.500000,423.790009,4030889.000000,1721921400.0
1721921400.0,423.750000,425.940002,420.980011,425.059998,2595627.000000,1721925000.0
1721925000.0,425.070007,427.272308,424.355011,425.010010,1806102.000000,1721928600.0
1721928600.0,425.071899,425.415009,422.350006,423.260010,2033170.000000,1721932200.0
1721932200.0,423.220001,423.519989,420.269989,422.040009,2493651.000000,1721935800.0
1721935800.0,422.000000,422.140015,417.940002,418.399994,3104768.000000,1721939400.0
1722000600.0,418.190002,424.260010,417.309998,422.980011,5084618.000000,1722004200.0
1722004200.0,423.029999,424.255005,420.160004,423.483795,2017694.000000,1722007800.0
1722007800.0,423.440002,427.699890,422.940002,427.130005,2273199.000000,1722011400.0
1722011400.0,427.269989,428.910004,426.950012,428.605011,2193266.000000,1722015000.0
1722015000.0,428.559998,428.700012,425.390015,425.390015,1784667.000000,1722018600.0
1722018600.0,425.390015,426.000000,424.070007,425.497192,1343837.000000,1722022200.0
1722022200.0,425.450012,426.000000,423.500000,425.489990,2152882.000000,1722025800.0
1722259800.0,431.619995,432.149994,425.339996,427.269989,3854467.000000,1722263400.0
1722263400.0,427.230011,428.149994,424.920013,425.839996,1505760.000000,1722267000.0
1722267000.0,425.850006,429.209991,424.704193,428.015015,1418462.000000,1722270600.0
1722270600.0,428.020599,429.750000,428.020599,428.269989,1066651.000000,1722274200.0
1722274200.0,428.299988,429.100006,426.470001,426.630005,847111.000000,1722277800.0
1722277800.0,426.540009,428.000000,426.140015,427.649994,1154823.000000,1722281400.0
1722281400.0,427.700012,428.609985,426.625000,426.799988,1733966.000000,1722285000.0
1722346200.0,426.670013,429.045013,425.000000,427.399994,3688052.000000,1722349800.0
1722349800.0,427.429993,427.429993,421.799988,422.269989,2854889.000000,1722353400.0
1722353400.0,422.209991,422.920013,418.739990,420.299988,3004713.000000,1722357000.0
1722357000.0,420.234985,420.309998,417.360596,418.359985,3093949.000000,1722360600.0
1722360600.0,418.380005,421.829987,417.929993,420.795013,2012070.000000,1722364200.0
1722364200.0,420.790009,421.450012,419.561005,420.959991,2174674.000000,1722367800.0
1722367800.0,420.950012,425.190002,420.359985,422.420013,3267878.000000,1722371400.0
1722432600.0,420.589996,421.774994,412.500000,417.600006,12766899.000000,1722436200.0
1722436200.0,417.600006,419.040009,414.929993,417.869995,3671291.000000,1722439800.0
1722439800.0,417.859985,418.670013,415.489990,415.714996,2805627.000000,1722443400.0
1722443400.0,415.709991,417.420013,413.859985,417.005005,2934834.000000,1722447000.0
1722447000.0,417.010010,420.119995,415.799988,418.450012,3157645.000000,1722450600.0
1722450600.0,418.424011,421.209991,415.940002,416.200012,4834160.000000,1722454200.0
1722454200.0,416.220001,419.000000,415.549988,418.279999,5022378.000000,1722457800.0
1722519000.0,420.785004,427.459991,418.209991,424.174988,7393266.000000,1722522600.0
1722522600.0,424.225006,425.769989,418.899994,418.950012,3232907.000000,1722526200.0
1722526200.0,418.929993,421.029999,416.660004,419.250000,3301302.000000,1722529800.0
1722529800.0,419.260010,419.899994,416.941986,418.084991,2518399.000000,1722533400.0
1722533400.0,418.135010,418.274994,413.090088,414.418915,3342629.000000,1722537000.0
1722537000.0,414.359985,415.929993,413.869995,415.184998,1881059.000000,1722540600.0
1722540600.0,415.170013,417.670013,414.260010,417.059998,2773316.000000,1722544200.0
1722605400.0,412.744995,415.000000,404.339996,407.079987,7032408.000000,1722609000.0
1722609000.0,407.000000,408.399994,404.440002,405.329987,3693169.000000,1722612600.0
1722612600.0,405.355011,408.640015,404.880005,406.390808,2699326.000000,1722616200.0
1722616200.0,406.309998,408.019989,405.000000,405.700012,1780882.000000,1722619800.0
1722619800.0,405.649902,407.130005,404.679993,407.088715,1786408.000000,1722623400.0
1722623400.0,407.029999,407.850006,405.494995,407.739990,2500630.000000,1722627000.0
1722627000.0,407.744995,409.019989,405.929993,408.489990,3253311.000000,1722630600.0
1722864600.0,385.937988,397.424988,385.937988,394.429993,13641340.000000,1722868200.0
1722868200.0,394.410004,400.000000,394.380005,399.079987,4276555.000000,1722871800.0
1722871800.0,399.019989,401.040009,397.089996,400.790009,2689043.000000,1722875400.0
1722875400.0,400.760010,400.760010,396.320007,397.209991,2338577.000000,1722879000.0
1722879000.0,397.309998,398.459991,393.779999,394.660004,2043730.000000,1722882600.0
1722882600.0,394.619202,396.039307,393.165009,395.516998,3412475.000000,1722886200.0
1722886200.0,395.570007,396.012390,393.260010,395.230011,3628286.000000,1722889800.0
1722951000.0,400.234985,403.220001,398.505005,401.894989,5736849.000000,1722954600.0
1722954600.0,401.924988,404.815002,401.109985,401.239990,3270740.000000,1722958200.0
1722958200.0,401.184998,405.579987,401.160004,403.994995,1679134.000000,1722961800.0
1722961800.0,404.049988,405.670013,403.220001,403.739990,1477360.000000,1722965400.0
1722965400.0,403.820007,404.390015,403.109985,404.336792,1344302.000000,1722969000.0
1722969000.0,404.339996,404.779999,400.839996,401.869995,2256254.000000,1722972600.0
1722972600.0,401.929993,402.125000,399.230011,399.429993,2930138.000000,1722976200.0
1723037400.0,408.635010,410.049988,406.929993,408.450012,3936839.000000,1723041000.0
1723041000.0,408.420013,409.499115,406.500000,407.220001,1816375.000000,1723044600.0
1723044600.0,407.250000,407.660004,403.390015,404.750000,1854323.000000,1723048200.0
1723048200.0,404.744995,404.839996,400.089996,401.170013,1944323.000000,1723051800.0
1723051800.0,401.174988,402.100006,399.200012,400.059998,2030046.000000,1723055400.0
1723055400.0,399.980011,401.049988,398.260010,400.121796,2130825.000000,1723059000.0
1723059000.0,400.000000,400.709991,397.470001,398.200012,2139089.000000,1723062600.0
1723123800.0,402.399994,405.679993,399.940704,405.445007,3498367.000000,1723127400.0
1723127400.0,405.445007,405.859985,402.299988,403.225006,2140891.000000,1723131000.0
1723131000.0,403.230011,404.750000,402.100006,402.794006,1284808.000000,1723134600.0
1723134600.0,402.799988,404.079987,401.170013,403.798615,1169976.000000,1723138200.0
1723138200.0,403.940002,405.570007,403.779999,404.350006,1224520.000000,1723141800.0
1723141800.0,404.359985,405.250000,401.470001,401.489990,2131781.000000,1723145400.0
1723145400.0,401.600006,403.309998,400.250000,403.019989,2226559.000000,1723149000.0
1723210200.0,404.000000,406.000000,403.149994,403.910004,3978590.000000,1723213800.0
1723213800.0,403.799988,406.160004,402.262390,404.165009,1678257.000000,1723217400.0
1723217400.0,404.299988,405.549988,403.410004,403.679993,988547.000000,1723221000.0
1723221000.0,403.649994,407.579987,403.649994,407.579987,1756898.000000,1723224600.0
1723224600.0,407.614990,408.019989,406.000000,406.470001,882558.000000,1723228200.0
1723228200.0,406.434998,407.070007,405.959991,406.220001,993456.000000,1723231800.0
1723231800.0,406.225006,407.189911,405.750000,406.019989,1726466.000000,1723235400.0
1723469400.0,407.239990,408.320007,404.243408,405.799988,3791158.000000,1723473000.0
1723473000.0,405.760010,408.135010,404.350006,405.391510,1726616.000000,1723476600.0
1723476600.0,405.369995,408.760010,405.179993,407.841705,1637931.000000,1723480200.0
1723480200.0,407.839294,408.190002,405.299988,406.791992,947650.000000,1723483800.0
1723483800.0,406.799896,407.225006,405.510010,405.779999,854071.000000,1723487400.0
1723487400.0,405.750000,406.359894,405.200012,405.500000,875104.000000,1723491000.0
1723491000.0,405.500000,406.959991,405.140015,406.920013,1386801.000000,1723494600.0
1723555800.0,410.079987,412.859985,409.700012,410.600006,2884175.000000,1723559400.0
1723559400.0,410.589996,413.769989,409.929993,413.279999,1712727.000000,1723563000.0
1723563000.0,413.158997,413.899994,412.600006,413.380096,1094731.000000,1723566600.0
1723566600.0,413.359985,414.950012,413.130005,414.325012,1035228.000000,1723570200.0
1723570200.0,414.390015,414.762390,412.850006,414.279999,1028907.000000,1723573800.0
1723573800.0,414.269989,414.839996,413.670013,413.879913,972772.000000,1723577400.0
1723577400.0,413.829315,414.089996,412.519989,413.959991,2605575.000000,1723581000.0
1723642200.0,415.869995,416.636993,413.489990,414.274994,2790070.000000,1723645800.0
1723645800.0,414.190002,416.283203,412.445587,416.283203,3185430.000000,1723649400.0
1723649400.0,416.329987,417.559998,415.244202,415.859985,1496586.000000,1723653000.0
1723653000.0,415.875000,416.709991,415.109985,416.429993,709171.000000,1723656600.0
1723656600.0,416.420013,417.038300,415.734985,416.160004,837649.000000,1723660200.0
1723660200.0,416.130005,416.595490,415.140015,415.669006,821754.000000,1723663800.0
1723663800.0,415.654785,417.720001,415.549988,416.619995,2030722.000000,1723667400.0
1723728600.0,419.250000,420.936005,417.660004,419.869110,3117739.000000,1723732200.0
1723732200.0,419.829987,419.899994,417.950012,418.734985,1930276.000000,1723735800.0
1723735800.0,418.730011,420.549988,418.440002,420.054993,1867446.000000,1723739400.0
1723739400.0,420.100006,420.135010,418.540009,419.114990,2021348.000000,1723743000.0
1723743000.0,419.119995,420.260010,419.119995,420.032990,902939.000000,1723746600.0
1723746600.0,420.040009,420.179993,419.470001,419.980011,1011943.000000,1723750200.0
1723750200.0,419.959991,421.109985,419.119995,421.100006,2119254.000000,1723753800.0
1723815000.0,420.850006,421.339996,417.299988,417.850006,6855322.000000,1723818600.0
1723818600.0,417.820007,418.540009,417.309998,417.950012,1632459.000000,1723822200.0
1723822200.0,418.000000,419.450012,417.670013,419.140106,1160147.000000,1723825800.0
1723825800.0,419.149994,419.674988,418.980011,419.500000,1373757.000000,1723829400.0
1723829400.0,419.510010,419.679993,418.410004,418.910004,823603.000000,1723833000.0
1723833000.0,418.940002,419.140015,418.519989,418.829987,1426394.000000,1723836600.0
1723836600.0,418.899994,419.220001,418.329987,418.540009,2536112.000000,1723840200.0
1724074200.0,419.070007,419.869995,416.470001,417.809998,2550194.000000,1724077800.0
1724077800.0,417.774994,418.700012,417.059998,417.970001,1149859.000000,1724081400.0
1724081400.0,417.964996,418.179993,417.089996,418.125000,904506.000000,1724085000.0
1724085000.0,418.149994,419.200012,417.970001,418.570007,763014.000000,1724088600.0
1724088600.0,418.570007,419.500000,418.440002,419.420013,1388529.000000,1724092200.0
1724092200.0,419.449890,420.600006,419.359985,419.640015,1563630.000000,1724095800.0
1724095800.0,419.600006,421.609985,419.470001,421.579987,1751143.000000,1724099400.0
1724160600.0,421.899994,423.654999,421.640015,422.549988,3601065.000000,1724164200.0
1724164200.0,422.570007,423.355011,421.820007,422.013092,1418514.000000,1724167800.0
1724167800.0,421.910004,423.089996,421.869995,423.079987,905706.000000,1724171400.0
1724171400.0,423.065002,423.992798,422.899994,423.765015,1138855.000000,1724175000.0
1724175000.0,423.739990,425.859985,423.429993,425.239990,1787719.000000,1724178600.0
1724178600.0,425.239990,425.510010,424.309998,424.309998,1203129.000000,1724182200.0
1724182200.0,424.309692,425.440002,424.265015,424.869995,1711493.000000,1724185800.0
1724247000.0,424.149994,425.049988,422.619995,424.214996,2344721.000000,1724250600.0
1724250600.0,424.140106,426.399994,422.960297,423.815002,1734891.000000,1724254200.0
1724254200.0,423.804993,423.804993,421.720001,423.059998,1618049.000000,1724257800.0
1724257800.0,423.049988,424.070007,423.000000,423.975006,723550.000000,1724261400.0
1724261400.0,423.989990,424.545013,423.380005,424.179993,716168.000000,1724265000.0
1724265000.0,424.269989,424.559906,422.757507,423.230591,1044155.000000,1724268600.0
1724268600.0,423.230011,424.220001,422.880005,424.100006,1437717.000000,1724272200.0
1724333400.0,424.359985,426.779999,423.459991,423.800110,2609955.000000,1724337000.0
1724337000.0,423.790009,423.790009,419.190002,419.274994,1786356.000000,1724340600.0
1724340600.0,419.227692,420.080414,417.600006,419.931488,1557401.000000,1724344200.0
1724344200.0,419.929993,420.209991,416.390015,416.453308,1230380.000000,1724347800.0
1724347800.0,416.440002,416.690002,414.640015,416.547302,1404549.000000,1724351400.0
1724351400.0,416.570007,416.660004,414.670013,414.829987,1433099.000000,1724355000.0
1724355000.0,414.910004,416.320007,414.609985,415.619995,2603779.000000,1724358600.0
1724419800.0,416.980011,419.260010,416.279999,418.179993,3845211.000000,1724423400.0
1724423400.0,418.190002,418.309998,412.920013,415.509003,2351068.000000,1724427000.0
1724427000.0,415.600006,416.809998,412.399994,412.850006,1317579.000000,1724430600.0
1724430600.0,412.859985,414.709900,412.089996,414.500488,1088377.000000,1724434200.0
1724434200.0,414.549988,415.529999,414.260010,414.695007,929965.000000,1724437800.0
1724437800.0,414.660004,416.304596,414.070007,416.209991,1190152.000000,1724441400.0
1724441400.0,416.274994,417.140015,414.940002,416.579987,2055567.000000,1724445000.0
1724679000.0,416.750000,417.279907,413.820007,414.200012,2338182.000000,1724682600.0
1724682600.0,414.174988,415.130005,412.172089,414.570007,1271806.000000,1724686200.0
1724686200.0,414.450012,414.454987,412.994995,413.980011,1268346.000000,1724689800.0
1724689800.0,413.980011,414.339996,413.239990,413.450012,642994.000000,1724693400.0
1724693400.0,413.489899,413.739990,411.339996,412.779999,926448.000000,1724697000.0
1724697000.0,412.709991,413.619904,412.649994,413.239990,903939.000000,1724700600.0
1724700600.0,413.269989,413.630005,412.325012,413.609985,1420628.000000,1724704200.0
1724765400.0,413.000000,414.089996,410.250000,414.079987,2572701.000000,1724769000.0
1724769000.0,414.059998,414.359985,411.420013,411.420013,1199720.000000,1724772600.0
1724772600.0,411.410004,412.200012,410.470001,412.130005,1167556.000000,1724776200.0
1724776200.0,412.119995,412.750000,411.220001,412.710693,710175.000000,1724779800.0
1724779800.0,412.730011,414.019989,412.720001,413.940002,854093.000000,1724783400.0
1724783400.0,413.964996,414.209991,413.209991,413.688995,781165.000000,1724787000.0
1724787000.0,413.575012,414.079987,413.000000,413.850006,1246977.000000,1724790600.0
1724851800.0,415.000000,415.000000,411.440002,412.420013,1920010.000000,1724855400.0
1724855400.0,412.410004,412.654999,407.734985,409.177307,1811585.000000,1724859000.0
1724859000.0,409.080994,409.570007,408.260010,409.010010,1031812.000000,1724862600.0
1724862600.0,408.980011,410.549988,408.959991,409.950012,768268.000000,1724866200.0
1724866200.0,409.989990,410.399994,407.309998,408.600006,1052326.000000,1724869800.0
1724869800.0,408.600006,410.730011,408.329987,410.545990,1225898.000000,1724873400.0
1724873400.0,410.549988,411.799988,410.140015,410.500000,1696690.000000,1724877000.0
1724938200.0,414.494995,422.018005,414.494995,419.778687,4384765.000000,1724941800.0
1724941800.0,419.864990,421.649597,410.600006,419.394989,1721647.000000,1724945400.0
1724945400.0,419.385010,420.029999,418.570007,419.320007,1080472.000000,1724949000.0
1724949000.0,419.315002,420.329987,417.920013,418.165009,893554.000000,1724952600.0
1724952600.0,418.170013,418.258209,415.057892,415.424988,998260.000000,1724956200.0
1724956200.0,415.394989,415.394989,412.690002,413.910004,1613596.000000,1724959800.0
1724959800.0,413.915009,414.679993,411.929993,413.140015,2144767.000000,1724963400.0
1725024600.0,415.829987,417.390015,414.190002,415.950012,3398811.000000,1725028200.0
1725028200.0,415.940002,416.839996,413.950012,415.314606,1185894.000000,1725031800.0
1725031800.0,415.239990,415.480011,412.850006,412.964996,1120864.000000,1725035400.0
1725035400.0,413.040100,414.670013,412.130005,413.600006,887889.000000,1725039000.0
1725039000.0,413.589996,413.989990,412.190002,412.970001,975874.000000,1725042600.0
1725042600.0,413.019989,414.559998,412.959991,414.290100,1445205.000000,1725046200.0
1725046200.0,414.315002,417.450012,413.679993,417.140015,2895397.000000,1725049800.0
1725370200.0,417.989990,419.880005,415.339996,417.600006,3548220.000000,1725373800.0
1725373800.0,417.505005,417.505005,412.529999,413.359985,2278004.000000,1725377400.0
1725377400.0,413.369995,413.709991,411.269989,411.505005,1266564.000000,1725381000.0
1725381000.0,411.489990,412.029999,410.855011,411.700012,1076310.000000,1725384600.0
1725384600.0,411.690002,411.765015,408.890015,409.429993,1314848.000000,1725388200.0
1725388200.0,409.420013,410.529999,409.410004,409.787506,1346475.000000,1725391800.0
1725391800.0,409.809998,409.970001,407.029999,409.540009,2662269.000000,1725395400.0
1725456600.0,405.277405,408.220001,404.369995,408.220001,3630130.000000,1725460200.0
1725460200.0,408.239990,411.239990,407.834991,409.200012,2005253.000000,1725463800.0
1725463800.0,409.204987,409.940002,408.640015,409.760010,1087435.000000,1725467400.0
1725467400.0,409.739990,410.739990,407.980011,408.149994,1430355.000000,1725471000.0
1725471000.0,408.165009,409.690002,408.079987,409.410004,925315.000000,1725474600.0
1725474600.0,409.410004,409.706207,408.329987,409.609985,940499.000000,1725478200.0
1725478200.0,409.614990,410.920013,408.709991,408.769989,1687747.000000,1725481800.0
1725543000.0,408.149994,413.089996,407.950012,411.989990,3074995.000000,1725546600.0
1725546600.0,412.079987,413.100006,407.440002,407.649994,1723193.000000,1725550200.0
1725550200.0,407.627686,407.950012,406.130005,407.450012,1294970.000000,1725553800.0
1725553800.0,407.464996,407.690002,406.260010,406.295013,965475.000000,1725557400.0
1725557400.0,406.269989,409.415009,406.239990,408.230011,1181881.000000,1725561000.0
1725561000.0,408.239990,409.029999,406.339996,407.718506,1079801.000000,1725564600.0
1725564600.0,407.714996,408.649994,406.970001,408.359985,1734288.000000,1725568200.0
1725629400.0,409.059998,410.649994,405.709991,405.709991,2571651.000000,1725633000.0
1725633000.0,405.739990,406.000000,401.920013,402.619995,2563345.000000,1725636600.0
1725636600.0,402.660004,403.760010,401.462006,401.609985,1942699.000000,1725640200.0
1725640200.0,401.674988,403.899994,401.579987,402.519989,1265613.000000,1725643800.0
1725643800.0,402.489990,402.540009,401.079987,401.519989,930894.000000,1725647400.0
1725647400.0,401.459991,402.660004,400.799988,401.910004,1482238.000000,1725651000.0
1725651000.0,401.899994,402.649994,401.000000,401.720001,2065044.000000,1725654600.0
1725888600.0,407.239990,408.649994,404.000000,404.309998,3257394.000000,1725892200.0
1725892200.0,404.290100,404.380005,402.160004,403.299988,1679040.000000,1725895800.0
1725895800.0,403.295013,405.540009,403.109985,405.430908,1010474.000000,1725899400.0
1725899400.0,405.408997,405.940002,404.579987,405.200012,1060529.000000,1725903000.0
1725903000.0,405.173615,405.429993,402.970001,403.320007,937667.000000,1725906600.0
1725906600.0,403.299988,403.929993,402.829987,403.500000,1536912.000000,1725910200.0
1725910200.0,403.500000,405.910004,403.390015,405.720001,1995406.000000,1725913800.0
1725975000.0,408.179993,416.329987,407.700012,415.269989,4379217.000000,1725978600.0
1725978600.0,415.285004,415.459991,411.910004,413.640015,1662437.000000,1725982200.0
1725982200.0,413.640015,414.065002,408.799988,409.809998,1496708.000000,1725985800.0
1725985800.0,409.779999,412.257507,409.399994,411.570007,992372.000000,1725989400.0
1725989400.0,411.570099,412.820007,411.570099,412.290009,1204215.000000,1725993000.0
1725993000.0,412.295013,412.769989,411.834991,412.149994,1968266.000000,1725996600.0
1725996600.0,412.140015,414.739990,411.859985,414.230011,2447478.000000,1726000200.0
1726061400.0,415.200012,417.000000,411.839996,411.910004,2977698.000000,1726065000.0
1726065000.0,411.959991,412.149994,409.579987,411.600006,1637936.000000,1726068600.0
1726068600.0,411.579987,416.000000,411.190002,415.959991,1369829.000000,1726072200.0
1726072200.0,415.989990,417.209991,415.340088,417.059998,1218155.000000,1726075800.0
1726075800.0,417.089996,420.119995,417.019989,419.929993,1654709.000000,1726079400.0
1726079400.0,419.954987,421.489990,419.799988,421.393005,1796290.000000,1726083000.0
1726083000.0,421.399994,423.989990,420.369995,422.940002,2684472.000000,1726086600.0
1726147800.0,423.339996,424.010010,420.149994,421.579987,3158682.000000,1726151400.0
1726151400.0,421.609985,422.250000,419.750000,420.529999,1680948.000000,1726155000.0
1726155000.0,420.529999,421.140015,419.769989,421.140015,1187183.000000,1726158600.0
1726158600.0,421.080292,424.170013,420.799988,423.959991,1225749.000000,1726162200.0
1726162200.0,423.989990,427.265015,423.973999,427.179993,1846481.000000,1726165800.0
1726165800.0,427.130005,427.369202,424.260010,426.230011,1332510.000000,1726169400.0
1726169400.0,426.209991,427.149994,425.399994,427.089996,2135954.000000,1726173000.0
1726234200.0,425.649994,428.739990,425.459991,427.290009,2326175.000000,1726237800.0
1726237800.0,427.299988,429.000000,426.541412,428.470001,1479798.000000,1726241400.0
1726241400.0,428.530792,429.489990,428.079987,428.572388,1247514.000000,1726245000.0
1726245000.0,428.554993,431.509796,428.545013,431.290009,1421577.000000,1726248600.0
1726248600.0,431.290009,431.820007,430.100098,430.459991,1122736.000000,1726252200.0
1726252200.0,430.480011,430.899994,429.679993,430.702698,926657.000000,1726255800.0
1726255800.0,430.739990,431.219910,430.350006,430.570007,2317295.000000,1726259400.0
1726493400.0,430.589996,433.529999,428.220001,431.149994,2987286.000000,1726497000.0
1726497000.0,431.130005,431.859985,428.920013,431.070007,2146747.000000,1726500600.0
1726500600.0,431.065002,431.179993,428.820007,429.737000,1447396.000000,1726504200.0
1726504200.0,429.700104,430.320007,429.149994,429.940002,1010100.000000,1726507800.0
1726507800.0,429.950012,431.709991,429.890015,430.899994,868106.000000,1726511400.0
1726511400.0,430.877991,430.877991,430.050293,430.549988,742849.000000,1726515000.0
1726515000.0,430.769989,431.619995,430.609985,431.440002,1226477.000000,1726518600.0
1726579800.0,440.230011,441.850006,436.329987,437.660004,6213202.000000,1726583400.0
1726583400.0,437.609985,439.190002,435.769989,435.799988,1762875.000000,1726587000.0
1726587000.0,435.784302,436.149994,432.820007,434.019989,2182915.000000,1726590600.0
1726590600.0,434.010010,435.010010,432.304504,434.915009,1479914.000000,1726594200.0
1726594200.0,434.869995,435.644989,433.149994,435.369995,1100243.000000,1726597800.0
1726597800.0,435.364990,435.605011,434.063812,434.600006,1035836.000000,1726601400.0
1726601400.0,434.540009,435.190002,434.160004,435.160004,1578866.000000,1726605000.0
1726666200.0,435.279999,435.714996,431.380005,432.185608,2576468.000000,1726669800.0
1726669800.0,432.184998,432.799988,431.299988,431.900085,1256369.000000,1726673400.0
1726673400.0,431.945007,432.559998,430.450012,432.550110,1134442.000000,1726677000.0
1726677000.0,432.570007,432.919800,431.630005,432.559998,1835934.000000,1726680600.0
1726680600.0,432.630005,436.029999,431.200012,434.545013,2274565.000000,1726684200.0
1726684200.0,434.535004,435.440002,431.119995,434.420013,3401097.000000,1726687800.0
1726687800.0,434.420013,434.809998,430.450012,430.750000,1921414.000000,1726691400.0
1726752600.0,440.429993,441.250000,436.899994,439.579987,4895292.000000,1726756200.0
1726756200.0,439.765015,440.029999,437.290009,439.350006,1762621.000000,1726759800.0
1726759800.0,439.350006,439.829987,438.619995,439.399994,1300911.000000,1726763400.0
1726763400.0,439.390015,439.769989,438.070007,438.250000,1845032.000000,1726767000.0
1726767000.0,438.352386,439.880005,437.809998,438.940002,1356813.000000,1726770600.0
1726770600.0,438.929993,439.600006,438.440094,438.980011,1358448.000000,1726774200.0
1726774200.0,438.984985,439.320007,437.709991,438.679993,1830188.000000,1726777800.0
1726839000.0,437.220001,439.209991,435.690002,435.834991,8013715.000000,1726842600.0
1726842600.0,435.820007,436.449402,434.220001,434.770691,1418654.000000,1726846200.0
1726846200.0,434.704987,437.510010,434.670013,437.295013,1502472.000000,1726849800.0
1726849800.0,437.250000,437.929993,436.690002,436.890015,1143570.000000,1726853400.0
1726853400.0,436.899994,437.470001,436.089996,436.220001,1130877.000000,1726857000.0
1726857000.0,436.179993,437.049988,435.540009,436.279999,1703844.000000,1726860600.0
1726860600.0,436.290009,437.920013,435.149994,435.230011,3308823.000000,1726864200.0
1727098200.0,434.149994,435.000000,430.388885,434.459991,3641449.000000,1727101800.0
1727101800.0,434.600006,435.899994,433.799988,435.595001,1183600.000000,1727105400.0
1727105400.0,435.589996,436.459991,434.049988,434.540100,850880.000000,1727109000.0
1727109000.0,434.619995,434.720001,432.545898,432.989990,840194.000000,1727112600.0
1727112600.0,433.000000,434.158997,432.950104,433.644989,671927.000000,1727116200.0
1727116200.0,433.600006,434.429993,433.420013,433.920013,564848.000000,1727119800.0
1727119800.0,433.980011,434.331207,433.114990,433.369995,1112296.000000,1727123400.0
1727184600.0,433.000000,433.319000,426.630005,426.850006,3425805.000000,1727188200.0
1727188200.0,426.869995,429.730011,426.136597,429.127197,2007847.000000,1727191800.0
1727191800.0,429.209991,430.539612,428.269989,429.894989,1151643.000000,1727195400.0
1727195400.0,429.839996,430.359985,428.820007,428.970001,747907.000000,1727199000.0
1727199000.0,428.989990,429.500000,428.248810,428.359985,717938.000000,1727202600.0
1727202600.0,428.244293,429.200012,427.589996,428.950012,1080058.000000,1727206200.0
1727206200.0,428.950012,429.410004,428.279999,429.309998,1742327.000000,1727209800.0
1727271000.0,429.899994,431.679993,428.600006,430.519989,2962395.000000,1727274600.0
1727274600.0,430.399994,431.725006,430.181793,431.720001,1359673.000000,1727278200.0
1727278200.0,431.670013,433.118988,431.180115,431.899994,1222162.000000,1727281800.0
1727281800.0,431.890015,432.299988,430.709991,432.149994,771651.000000,1727285400.0
1727285400.0,432.100006,432.559998,430.950012,431.750000,766687.000000,1727289000.0
1727289000.0,431.700012,432.259888,431.220001,431.940002,760986.000000,1727292600.0
1727292600.0,431.945007,432.279999,431.429993,432.040009,1371050.000000,1727296200.0
1727357400.0,435.084991,435.239990,430.670013,430.815002,3391413.000000,1727361000.0
1727361000.0,430.829987,431.559998,429.750000,430.470001,1467836.000000,1727364600.0
1727364600.0,430.429993,431.519989,429.734985,430.019989,984302.000000,1727368200.0
1727368200.0,430.040100,430.380005,429.130005,429.650085,792774.000000,1727371800.0
1727371800.0,429.649994,430.839996,429.519989,430.480011,1284685.000000,1727375400.0
1727375400.0,430.440002,430.820007,429.700012,430.700012,1047410.000000,1727379000.0
1727379000.0,430.700012,431.600006,430.500000,431.309998,1499475.000000,1727382600.0
1727443800.0,431.519989,431.829987,429.899994,431.214996,2811829.000000,1727447400.0
1727447400.0,431.079987,431.339996,429.980011,430.209991,1054390.000000,1727451000.0
1727451000.0,430.260010,430.260010,427.470001,428.588196,3217550.000000,1727454600.0
1727454600.0,428.570007,429.570007,428.320007,428.785004,223297.000000,1727458200.0
1727458200.0,428.769989,430.137207,428.600006,428.619995,118666.000000,1727461800.0
1727461800.0,428.679993,429.130005,427.899994,428.859985,1039217.000000,1727465400.0
1727465400.0,428.859985,429.109985,427.540009,428.029999,1669317.000000,1727469000.0
1727703000.0,426.625000,429.570496,425.570007,426.619995,3247108.000000,1727706600.0
1727706600.0,426.670013,427.924988,425.809998,427.921997,1201008.000000,1727710200.0
1727710200.0,428.152008,428.910004,426.920013,428.649902,848718.000000,1727713800.0
1727713800.0,428.630005,428.749908,427.255005,427.459991,607128.000000,1727717400.0
1727717400.0,427.535004,428.250000,425.369995,425.920013,808838.000000,1727721000.0
1727721000.0,425.820007,427.640015,425.679993,427.204987,1052863.000000,1727724600.0
1727724600.0,427.179993,430.350006,427.019989,430.339996,2514758.000000,1727728200.0
1727789400.0,428.380005,428.470001,420.350403,421.100006,4178893.000000,1727793000.0
1727793000.0,421.130005,421.890015,418.825012,420.030792,2627682.000000,1727796600.0
1727796600.0,420.054993,422.359985,419.750000,421.820007,1435702.000000,1727800200.0
1727800200.0,421.799988,421.970001,419.589996,420.049988,1232017.000000,1727803800.0
1727803800.0,419.994995,423.619995,419.940002,423.559387,1236654.000000,1727807400.0
1727807400.0,423.579987,423.730011,422.269989,422.679993,1080390.000000,1727811000.0
1727811000.0,422.660004,422.970001,420.309998,420.730011,1761479.000000,1727814600.0
1727875800.0,422.589996,422.769989,416.709991,419.079987,3675867.000000,1727879400.0
1727879400.0,419.130005,419.334991,417.609985,418.929993,1988441.000000,1727883000.0
1727883000.0,418.890015,419.399994,417.959991,419.179993,1417574.000000,1727886600.0
1727886600.0,419.140015,419.140015,417.010010,418.200012,1109595.000000,1727890200.0
1727890200.0,418.160004,418.729889,417.200012,417.730011,1090437.000000,1727893800.0
1727893800.0,417.734985,418.959991,417.480011,418.880005,1074301.000000,1727897400.0
1727897400.0,418.899994,418.929993,417.029999,417.119995,1963625.000000,1727901000.0
1727962200.0,417.859985,419.549896,415.761292,416.318787,3136182.000000,1727965800.0
1727965800.0,416.179993,418.220001,415.899994,416.769989,1471587.000000,1727969400.0
1727969400.0,416.779999,418.000000,416.755005,417.459991,823547.000000,1727973000.0
1727973000.0,417.429993,417.429993,414.299988,415.535004,1469816.000000,1727976600.0
1727976600.0,415.450012,417.040009,415.214508,416.164307,927923.000000,1727980200.0
1727980200.0,416.170013,416.339996,414.989990,415.260010,1104762.000000,1727983800.0
1727983800.0,415.260010,417.059998,415.165985,416.540009,1641333.000000,1727987400.0
1728048600.0,418.035004,419.750000,415.109985,415.426300,3198276.000000,1728052200.0
1728052200.0,415.529999,418.170013,414.970001,416.148499,1947654.000000,1728055800.0
1728055800.0,416.226013,418.000000,415.820801,417.725006,963002.000000,1728059400.0
1728059400.0,417.709991,418.989899,417.550293,418.140015,909749.000000,1728063000.0
1728063000.0,418.049988,418.329987,416.799988,417.929993,987651.000000,1728066600.0
1728066600.0,417.929993,418.160004,417.049988,417.119995,1188584.000000,1728070200.0
1728070200.0,417.109985,417.660004,416.000000,416.019989,2447165.000000,1728073800.0
1728307800.0,416.000000,417.109985,414.200012,415.820007,3952266.000000,1728311400.0
1728311400.0,415.829987,416.369995,414.690002,415.369995,1767877.000000,1728315000.0
1728315000.0,415.440002,415.619995,413.959991,414.424988,1185942.000000,1728318600.0
1728318600.0,414.429993,414.459991,413.081390,413.359985,1368571.000000,1728322200.0
1728322200.0,413.334991,413.665009,412.359985,412.390015,1404939.000000,1728325800.0
1728325800.0,412.369995,412.390015,409.190002,410.207397,2479742.000000,1728329400.0
1728329400.0,410.200012,410.290009,409.000000,409.660004,2335387.000000,1728333000.0
1728394200.0,410.695007,413.989990,408.190002,412.959991,5586487.000000,1728397800.0
1728397800.0,412.989990,414.850006,412.850006,413.549988,1968489.000000,1728401400.0
1728401400.0,413.570007,414.719910,413.350006,414.265015,1600474.000000,1728405000.0
1728405000.0,414.216003,414.720001,412.269989,412.880005,1092900.000000,1728408600.0
1728408600.0,412.924988,413.529999,412.600006,413.510010,1011473.000000,1728412200.0
1728412200.0,413.519989,414.404999,413.339996,413.900208,1486877.000000,1728415800.0
1728415800.0,413.885895,415.649994,413.829987,414.779999,1938757.000000,1728419400.0
1728480600.0,415.859985,417.500000,414.299988,416.789886,3043804.000000,1728484200.0
1728484200.0,416.730103,419.649994,416.529999,419.140015,1801109.000000,1728487800.0
1728487800.0,419.209991,420.380005,417.869995,418.590088,1850377.000000,1728491400.0
1728491400.0,418.649994,418.849915,417.339996,418.519897,1259892.000000,1728495000.0
1728495000.0,418.459991,418.540009,416.600006,417.799988,1105768.000000,1728498600.0
1728498600.0,417.799988,417.859985,416.959991,417.470001,998266.000000,1728502200.0
1728502200.0,417.450012,418.220001,417.350006,417.459991,1606318.000000,1728505800.0
1728567000.0,415.225006,416.250000,413.149994,415.130005,2806542.000000,1728570600.0
1728570600.0,415.125000,416.079987,413.890015,415.989990,1612131.000000,1728574200.0
1728574200.0,415.969604,417.350006,415.410004,416.644989,1239817.000000,1728577800.0
1728577800.0,416.625000,416.859985,415.500000,416.135010,839417.000000,1728581400.0
1728581400.0,416.160004,416.260010,414.700012,415.315002,987007.000000,1728585000.0
1728585000.0,415.309998,415.549988,414.717590,415.339996,1006299.000000,1728588600.0
1728588600.0,415.304993,416.260010,415.299988,415.841003,1775235.000000,1728592200.0
1728653400.0,415.910004,417.108612,413.269989,416.859985,2721220.000000,1728657000.0
1728657000.0,416.829987,417.109894,414.800110,415.309998,2031221.000000,1728660600.0
1728660600.0,415.350006,415.980011,413.320099,413.850006,1540028.000000,1728664200.0
1728664200.0,413.825012,414.690002,413.350311,414.679993,1101610.000000,1728667800.0
1728667800.0,414.690002,415.372589,414.420013,415.220001,676061.000000,1728671400.0
1728671400.0,415.260010,416.165497,414.770111,416.149994,1026451.000000,1728675000.0
1728675000.0,416.119995,416.510010,415.630005,416.390015,1723702.000000,1728678600.0
1728912600.0,417.730103,424.040009,417.620087,423.595001,3743589.000000,1728916200.0
1728916200.0,423.589996,423.720001,419.160004,419.429993,2184625.000000,1728919800.0
1728919800.0,419.260101,420.779999,419.010010,419.982697,1178381.000000,1728923400.0
1728923400.0,420.000000,420.540009,419.839996,420.440002,774048.000000,1728927000.0
1728927000.0,420.464996,420.665009,419.299988,419.899994,1167042.000000,1728930600.0
1728930600.0,419.899994,420.700012,419.869995,420.329987,1221228.000000,1728934200.0
1728934200.0,420.299988,421.309998,419.000000,419.100006,2488989.000000,1728937800.0
1728999000.0,422.179993,422.480011,418.049988,418.109985,4174497.000000,1729002600.0
1729002600.0,418.029999,418.149994,415.260010,416.690002,2327121.000000,1729006200.0
1729006200.0,416.670013,417.329712,415.640015,416.540009,1361578.000000,1729009800.0
1729009800.0,416.619995,417.959991,416.540100,416.929993,939605.000000,1729013400.0
1729013400.0,416.899994,417.754791,416.635010,417.489990,724150.000000,1729017000.0
1729017000.0,417.470001,417.649994,416.359985,417.089996,1150836.000000,1729020600.0
1729020600.0,417.119995,418.904999,416.450012,418.779999,2226642.000000,1729024200.0
1729085400.0,415.019989,415.839996,410.480011,413.329987,3944661.000000,1729089000.0
1729089000.0,413.299988,415.399994,412.345001,415.380005,1621889.000000,1729092600.0
1729092600.0,415.380005,415.820007,414.040009,414.984985,1162958.000000,1729096200.0
1729096200.0,414.989990,416.000000,414.600006,414.760010,1143422.000000,1729099800.0
1729099800.0,414.700012,416.100006,414.250092,415.929993,1254373.000000,1729103400.0
1729103400.0,415.829987,416.089996,415.380005,415.725006,885737.000000,1729107000.0
1729107000.0,415.739990,416.359985,415.260010,416.130005,1467524.000000,1729110600.0
1729171800.0,422.500000,422.500000,416.250305,417.826996,3278395.000000,1729175400.0
1729175400.0,417.750000,417.900085,415.600006,417.595306,2059185.000000,1729179000.0
1729179000.0,417.630005,418.850006,416.899994,417.899994,1008833.000000,1729182600.0
1729182600.0,417.859985,418.299988,417.299988,417.599701,680455.000000,1729186200.0
1729186200.0,417.600006,418.139801,415.596191,416.000000,1853867.000000,1729189800.0
1729189800.0,416.041809,417.670013,415.750092,416.730011,806140.000000,1729193400.0
1729193400.0,416.720001,417.109894,416.380005,416.720001,1336362.000000,1729197000.0
1729258200.0,417.225006,419.648987,416.700012,417.513092,6249009.000000,1729261800.0
1729261800.0,417.519989,418.278198,416.270294,418.259888,1083707.000000,1729265400.0
1729265400.0,418.234985,418.730011,416.260101,416.691895,1058270.000000,1729269000.0
1729269000.0,416.720001,417.760010,416.563995,417.359985,976951.000000,1729272600.0
1729272600.0,417.390015,418.070007,416.899994,417.856598,776021.000000,1729276200.0
1729276200.0,417.890015,417.989990,417.100006,417.790009,760233.000000,1729279800.0
1729279800.0,417.785004,418.220001,417.200012,418.170013,1341000.000000,1729283400.0
1729517400.0,416.119995,418.100006,415.399994,417.074585,2491261.000000,1729521000.0
1729521000.0,417.065002,417.130005,413.809998,413.950012,1837616.000000,1729524600.0
1729524600.0,413.950012,415.429993,413.799988,415.149994,1126517.000000,1729528200.0
1729528200.0,415.184998,416.609985,415.184998,416.354004,929326.000000,1729531800.0
1729531800.0,416.394989,417.334290,416.329987,416.684998,806309.000000,1729535400.0
1729535400.0,416.700012,417.660004,416.619995,417.394989,780848.000000,1729539000.0
1729539000.0,417.380005,418.959991,417.000000,418.829987,1462139.000000,1729542600.0
1729603800.0,419.000000,428.380005,418.047913,428.070007,7236351.000000,1729607400.0
1729607400.0,428.140015,429.420013,426.049988,426.209991,3137660.000000,1729611000.0
1729611000.0,426.200012,427.540009,425.730011,425.929993,1554613.000000,1729614600.0
1729614600.0,425.929993,427.760010,425.760010,427.350006,1064219.000000,1729618200.0
1729618200.0,427.390015,430.570007,427.160004,429.695007,1914903.000000,1729621800.0
1729621800.0,429.720001,429.789886,428.657990,429.160004,1208801.000000,1729625400.0
1729625400.0,429.119995,429.904999,427.399994,427.459991,2404315.000000,1729629000.0
1729690200.0,430.855011,431.079987,426.700012,429.059998,5138816.000000,1729693800.0
1729693800.0,429.059998,430.589996,427.940002,428.000000,2012530.000000,1729697400.0
1729697400.0,428.000000,429.480011,427.119995,427.385315,1416067.000000,1729701000.0
1729701000.0,427.380005,427.589996,424.613007,425.139404,1431345.000000,1729704600.0
1729704600.0,425.089996,425.089996,422.529999,423.429993,1316425.000000,1729708200.0
1729708200.0,423.399994,425.019989,423.089996,424.549988,1448600.000000,1729711800.0
1729711800.0,424.540009,425.570007,424.109985,424.619995,1677172.000000,1729715400.0
1729776600.0,425.325012,425.950195,423.200012,424.170013,2610295.000000,1729780200.0
1729780200.0,424.119995,425.179993,423.710602,424.450012,1136208.000000,1729783800.0
1729783800.0,424.429993,424.829987,422.399994,423.640015,977379.000000,1729787400.0
1729787400.0,423.630005,425.220001,423.630005,424.654999,1434096.000000,1729791000.0
1729791000.0,424.609985,424.929993,423.589996,424.315002,707791.000000,1729794600.0
1729794600.0,424.359985,425.250000,423.869995,424.899994,895747.000000,1729798200.0
1729798200.0,424.940002,425.239990,424.492004,424.679993,1071344.000000,1729801800.0
1729863000.0,426.899994,432.489990,426.600006,431.000092,4066963.000000,1729866600.0
1729866600.0,431.000000,431.799713,430.279999,430.774994,1486381.000000,1729870200.0
1729870200.0,430.819000,430.932312,429.477203,430.683807,2458473.000000,1729873800.0
1729873800.0,430.661713,430.785004,428.410004,428.470215,1077503.000000,1729877400.0
1729877400.0,428.410004,428.859985,426.970001,428.649994,1070053.000000,1729881000.0
1729881000.0,428.690002,429.304993,427.809998,428.492493,1496883.000000,1729884600.0
1729884600.0,428.510010,428.600006,427.420013,428.320007,1735115.000000,1729888200.0
1730122200.0,431.654999,431.940002,428.170990,429.830109,2528317.000000,1730125800.0
1730125800.0,429.855011,430.809998,428.029999,429.040009,2137301.000000,1730129400.0
1730129400.0,429.024994,429.209991,428.089996,428.494995,1204222.000000,1730133000.0
1730133000.0,428.480011,428.730011,427.010498,427.565002,1175094.000000,1730136600.0
1730136600.0,427.605011,428.092285,427.359985,427.480011,980094.000000,1730140200.0
1730140200.0,427.499908,427.540009,426.739990,427.350006,997794.000000,1730143800.0
1730143800.0,427.345001,427.440002,426.339996,426.709991,1978503.000000,1730147400.0
1730208600.0,427.970001,429.279999,425.800110,428.222290,2489024.000000,1730212200.0
1730212200.0,428.250000,430.179901,428.079987,429.529999,1991068.000000,1730215800.0
1730215800.0,429.489990,430.660004,429.381195,430.019989,1173696.000000,1730219400.0
1730219400.0,430.019989,432.209991,429.570007,431.170013,1135551.000000,1730223000.0
1730223000.0,431.233185,432.439911,430.730011,432.399994,1079979.000000,1730226600.0
1730226600.0,432.404999,433.170013,432.029999,433.059998,1167469.000000,1730230200.0
1730230200.0,433.040009,433.170013,431.709991,431.970001,2384538.000000,1730233800.0
1730295000.0,437.434998,438.500000,432.579987,437.869995,6001246.000000,1730298600.0
1730298600.0,437.852509,438.290009,435.640106,436.789886,2581612.000000,1730302200.0
1730302200.0,436.790009,437.179993,435.410004,436.329895,1890664.000000,1730305800.0
1730305800.0,436.315002,437.589996,436.239990,437.424988,1845612.000000,1730309400.0
1730309400.0,437.399994,437.450012,434.089996,434.529999,2345058.000000,1730313000.0
1730313000.0,434.540009,435.359894,434.250000,434.920013,2045460.000000,1730316600.0
1730316600.0,434.924988,435.369995,432.230011,433.630005,3839288.000000,1730320200.0
1730381400.0,415.959991,416.065002,407.390015,407.739990,16456133.000000,1730385000.0
1730385000.0,407.690002,409.149994,406.299988,407.929993,6102831.000000,1730388600.0
1730388600.0,407.929993,409.380005,406.890015,408.899994,4371842.000000,1730392200.0
1730392200.0,408.875000,410.889893,408.269989,408.869385,3460597.000000,1730395800.0
1730395800.0,408.859985,409.359985,407.850006,408.545013,2993059.000000,1730399400.0
1730399400.0,408.570007,410.915009,408.079987,409.920013,3467516.000000,1730403000.0
1730403000.0,409.910004,411.220001,406.299988,406.329987,5605787.000000,1730406600.0
1730467800.0,409.010010,411.950012,407.799988,411.880005,6916680.000000,1730471400.0
1730471400.0,411.880005,415.130005,411.429993,414.940002,4192503.000000,1730475000.0
1730475000.0,415.000000,415.500000,413.519989,413.774994,2254632.000000,1730478600.0
1730478600.0,413.869995,414.950012,412.750000,414.512085,1440838.000000,1730482200.0
1730482200.0,414.519989,414.559906,411.359985,412.079987,1387238.000000,1730485800.0
1730485800.0,412.000000,412.850006,411.589996,411.605011,1119423.000000,1730489400.0
1730489400.0,411.589996,411.749908,409.839996,410.010010,2010233.000000,1730493000.0
1730730600.0,409.855011,410.220001,405.575012,409.774994,3846406.000000,1730734200.0
1730734200.0,409.779999,410.410004,408.089996,408.089996,1864943.000000,1730737800.0
1730737800.0,408.070007,408.244995,405.869995,407.084991,1661131.000000,1730741400.0
1730741400.0,407.125000,408.079895,406.570007,407.570007,1309856.000000,1730745000.0
1730745000.0,407.575012,408.399994,407.420105,407.880005,1011991.000000,1730748600.0
1730748600.0,407.869995,408.363800,407.380005,407.470001,1120940.000000,1730752200.0
1730752200.0,407.470001,408.829987,406.929993,408.660004,2076364.000000,1730755800.0
1730817000.0,408.329987,413.529999,408.329987,412.494995,3772101.000000,1730820600.0
1730820600.0,412.480011,413.940002,411.385895,413.589996,2273496.000000,1730824200.0
1730824200.0,413.586395,414.899994,412.800110,414.285004,2287406.000000,1730827800.0
1730827800.0,414.309998,414.700012,411.769989,411.779999,1460418.000000,1730831400.0
1730831400.0,411.785004,412.149994,410.959991,411.325287,1165743.000000,1730835000.0
1730835000.0,411.315002,412.355011,411.049988,412.000000,1008797.000000,1730838600.0
1730838600.0,411.970001,412.350006,410.750000,411.480011,1770264.000000,1730842200.0
1730903400.0,412.429993,419.989990,410.519989,419.940002,7880143.000000,1730907000.0
1730907000.0,419.910004,420.390015,415.260010,415.730011,2932181.000000,1730910600.0
1730910600.0,415.880005,416.662811,414.779999,415.739990,1871827.000000,1730914200.0
1730914200.0,415.750000,417.000000,415.549988,416.964996,1537589.000000,1730917800.0
1730917800.0,417.000000,419.040009,416.984985,418.915009,1527034.000000,1730921400.0
1730921400.0,418.929993,420.089996,418.810791,419.510010,1645236.000000,1730925000.0
1730925000.0,419.500000,420.429993,419.054993,420.209991,2517628.000000,1730928600.0
1730989800.0,421.119995,423.179993,419.880005,422.780090,3936523.000000,1730993400.0
1730993400.0,422.779999,425.628204,421.679993,425.540009,2317290.000000,1730997000.0
1730997000.0,425.559906,426.420013,424.080109,424.621002,1433134.000000,1731000600.0
1731000600.0,424.609985,424.882202,423.769989,424.859985,1016265.000000,1731004200.0
1731004200.0,424.820007,425.760010,423.809998,425.169800,1188719.000000,1731007800.0
1731007800.0,425.230011,426.739990,424.730011,426.260010,1585306.000000,1731011400.0
1731011400.0,426.325012,426.850006,424.630005,425.510010,2268522.000000,1731015000.0
1731076200.0,425.395996,426.500000,423.880005,424.149994,3275296.000000,1731079800.0
1731079800.0,424.179993,424.869995,423.058197,423.679993,1662331.000000,1731083400.0
1731083400.0,423.695007,424.369995,422.149994,422.434998,1362408.000000,1731087000.0
1731087000.0,422.420013,423.170013,421.850006,422.464996,1086533.000000,1731090600.0
1731090600.0,422.489990,423.909912,422.470001,423.584991,910536.000000,1731094200.0
1731094200.0,423.559998,424.079987,422.765015,422.780212,1085809.000000,1731097800.0
1731097800.0,422.809998,422.959900,421.779999,422.929993,1693285.000000,1731101400.0
1731335400.0,422.565002,424.809998,420.220001,420.345001,3724172.000000,1731339000.0
1731339000.0,420.350006,421.188995,416.000000,417.140015,3212433.000000,1731342600.0
1731342600.0,417.140015,419.160004,416.959991,418.829987,1637683.000000,1731346200.0
1731346200.0,418.799988,418.820007,416.690002,418.799988,1338448.000000,1731349800.0
1731349800.0,418.799988,419.920013,418.690002,419.342102,1758220.000000,1731353400.0
1731353400.0,419.375610,419.640015,418.730103,418.855011,1680833.000000,1731357000.0
1731357000.0,418.855011,418.890015,417.109985,418.190002,2108398.000000,1731360600.0
1731421800.0,418.250000,420.589905,417.209991,418.989990,3379526.000000,1731425400.0
1731425400.0,418.980011,420.429993,418.750000,419.769989,1804486.000000,1731429000.0
1731429000.0,419.769989,421.351196,419.380005,421.095001,1467825.000000,1731432600.0
1731432600.0,421.059998,421.760010,419.654999,421.760010,1270080.000000,1731436200.0
1731436200.0,421.739990,423.589996,421.679993,423.250000,1364165.000000,1731439800.0
1731439800.0,423.309998,424.439911,422.899994,423.552002,1457267.000000,1731443400.0
1731443400.0,423.489990,424.440002,422.660004,423.130005,2240469.000000,1731447000.0
1731508200.0,421.299988,422.470001,418.209991,419.149994,3087716.000000,1731511800.0
1731511800.0,419.179993,422.899994,419.149994,422.769989,1523277.000000,1731515400.0
1731515400.0,422.760010,427.130005,422.267090,426.690002,2696450.000000,1731519000.0
1731519000.0,426.739990,428.899994,426.649994,428.391510,2397713.000000,1731522600.0
1731522600.0,428.380005,429.325012,426.770996,427.220001,1846877.000000,1731526200.0
1731526200.0,427.239899,427.462402,424.890503,425.100006,1489296.000000,1731529800.0
1731529800.0,425.109985,425.638489,423.709991,425.339996,2445246.000000,1731533400.0
1731594600.0,424.799988,428.029999,423.750000,426.000000,5252587.000000,1731598200.0
1731598200.0,425.959991,427.309998,424.651215,425.644989,1628277.000000,1731601800.0
1731601800.0,425.654999,427.820007,425.630005,427.519989,1546202.000000,1731605400.0
1731605400.0,427.519989,428.160004,420.000000,426.519989,4880381.000000,1731609000.0
1731609000.0,426.589996,427.600006,426.003387,427.170013,1369909.000000,1731612600.0
1731612600.0,427.170013,427.700012,425.950012,426.035004,2306389.000000,1731616200.0
1731616200.0,426.035004,427.730011,425.850006,426.730011,2075138.000000,1731619800.0
1731681000.0,420.250000,422.799988,417.310089,417.649902,6660048.000000,1731684600.0
1731684600.0,417.704987,418.035004,416.160004,416.839600,2887212.000000,1731688200.0
1731688200.0,416.799988,417.174988,414.225891,415.170013,2468472.000000,1731691800.0
1731691800.0,415.160004,415.409912,413.640015,415.059998,2805675.000000,1731695400.0
1731695400.0,415.059998,415.399994,413.890106,414.029999,1419228.000000,1731699000.0
1731699000.0,414.005005,415.350006,413.839996,414.734497,1928497.000000,1731702600.0
1731702600.0,414.709991,415.700012,414.190002,414.809998,2611448.000000,1731706200.0
1731940200.0,414.869995,417.469910,412.100006,417.434998,3610453.000000,1731943800.0
1731943800.0,417.399994,418.403687,416.390015,416.390015,1446646.000000,1731947400.0
1731947400.0,416.380005,417.000000,414.915009,415.047089,942908.000000,1731951000.0
1731951000.0,415.075012,416.320007,414.700012,415.636414,1126450.000000,1731954600.0
1731954600.0,415.700012,416.201111,414.839996,416.000000,1153254.000000,1731958200.0
1731958200.0,416.035004,416.744995,415.670013,415.739990,1241597.000000,1731961800.0
1731961800.0,415.755005,416.084991,415.209991,415.750000,1695142.000000,1731965400.0
1732026600.0,413.647491,414.000000,411.549988,413.119995,3165687.000000,1732030200.0
1732030200.0,413.089996,413.959991,412.679993,413.920013,1548847.000000,1732033800.0
1732033800.0,413.940002,415.390015,413.815002,415.100006,2692594.000000,1732037400.0
1732037400.0,415.149994,416.720001,415.059998,416.500000,1137954.000000,1732041000.0
1732041000.0,416.515015,417.940002,416.470001,416.524994,1134070.000000,1732044600.0
1732044600.0,416.540009,416.890015,415.459991,416.838013,1503404.000000,1732048200.0
1732048200.0,416.815002,417.809998,416.710114,417.630005,1638684.000000,1732051800.0
1732113000.0,416.869995,417.084991,410.579987,411.274994,3495824.000000,1732116600.0
1732116600.0,411.274994,413.579895,411.179993,413.209991,1507920.000000,1732120200.0
1732120200.0,413.230011,416.220001,413.064087,414.019897,1206677.000000,1732123800.0
1732123800.0,413.950012,414.649994,413.199005,414.320007,953198.000000,1732127400.0
1732127400.0,414.309998,414.320007,413.040009,413.339996,1164161.000000,1732131000.0
1732131000.0,413.309998,414.549988,413.109985,414.540009,1598461.000000,1732134600.0
1732134600.0,414.570007,416.260010,414.549988,415.369995,2480210.000000,1732138200.0
1732199400.0,419.500000,419.779999,411.010010,411.207886,3934855.000000,1732203000.0
1732203000.0,411.114990,415.598999,410.288696,415.515015,2465804.000000,1732206600.0
1732206600.0,415.540009,415.579987,411.779999,414.239990,1411390.000000,1732210200.0
1732210200.0,414.250000,415.940002,414.200012,415.450012,1208514.000000,1732213800.0
1732213800.0,415.450012,415.980011,412.350006,412.825012,1902371.000000,1732217400.0
1732217400.0,412.825012,413.989990,412.529999,413.760010,1914781.000000,1732221000.0
1732221000.0,413.760010,414.480011,412.799988,412.825012,1759462.000000,1732224600.0
1732285800.0,411.364990,415.595001,411.059998,411.959991,5010128.000000,1732289400.0
1732289400.0,412.053894,413.899994,411.759308,413.049988,2095950.000000,1732293000.0
1732293000.0,412.929993,414.579987,412.279999,414.107391,1499858.000000,1732296600.0
1732296600.0,414.160004,415.239990,413.329987,414.530090,1138815.000000,1732300200.0
1732300200.0,414.584991,415.200012,414.350006,414.579987,2228665.000000,1732303800.0
1732303800.0,414.565002,415.258789,414.000000,414.530304,1458619.000000,1732307400.0
1732307400.0,414.529999,417.399994,414.059998,416.829987,2925161.000000,1732311000.0
1732545000.0,418.190002,421.059998,414.890015,415.690002,5833522.000000,1732548600.0
1732548600.0,415.635010,416.750000,414.950012,416.500000,1464379.000000,1732552200.0
1732552200.0,416.489990,417.299988,415.170013,415.369995,1112928.000000,1732555800.0
1732555800.0,415.380005,416.799896,414.864990,416.630005,920193.000000,1732559400.0
1732559400.0,416.640015,417.168915,415.950012,416.339996,915708.000000,1732563000.0
1732563000.0,416.339996,416.920013,416.010010,416.575012,1217448.000000,1732566600.0
1732566600.0,416.609985,419.329987,416.519989,418.779999,1935279.000000,1732570200.0
1732631400.0,419.584991,425.290009,418.929993,424.707489,6451347.000000,1732635000.0
1732635000.0,424.765015,427.250000,424.709991,425.410004,2648100.000000,1732638600.0
1732638600.0,425.410004,426.459991,425.140015,425.480011,1194683.000000,1732642200.0
1732642200.0,425.475006,426.950012,425.429993,426.109985,1129355.000000,1732645800.0
1732645800.0,426.109985,427.000000,426.100006,426.390015,1267993.000000,1732649400.0
1732649400.0,426.399994,428.329987,426.269989,428.299988,1692644.000000,1732653000.0
1732653000.0,428.299988,429.041412,427.470001,427.670013,2743641.000000,1732656600.0
1732717800.0,425.105011,427.229889,424.140015,425.554993,3574603.000000,1732721400.0
1732721400.0,425.574188,426.089996,422.989990,424.575012,1579376.000000,1732725000.0
1732725000.0,424.529999,425.005005,423.279999,423.869995,1102404.000000,1732728600.0
1732728600.0,423.859985,424.200012,423.170013,423.750000,882423.000000,1732732200.0
1732732200.0,423.730011,424.649994,423.700012,424.378510,978304.000000,1732735800.0
1732735800.0,424.350006,424.899994,423.695007,423.867798,979922.000000,1732739400.0
1732739400.0,423.820007,424.399994,422.019989,422.910004,2261695.000000,1732743000.0
1732890600.0,420.029999,421.619995,417.799988,421.533386,5757104.000000,1732894200.0
1732894200.0,421.559998,423.540009,421.450012,423.024994,1613349.000000,1732897800.0
1732897800.0,423.109985,424.783112,422.725006,424.250000,1447262.000000,1732901400.0
1733149800.0,421.540009,430.679993,421.309998,430.579987,3899831.000000,1733153400.0
1733153400.0,430.605804,432.779999,430.119995,430.295990,2328424.000000,1733157000.0
1733157000.0,430.334991,431.769989,429.760010,430.924988,2223879.000000,1733160600.0
1733160600.0,430.959991,431.350006,430.244995,430.740997,1023632.000000,1733164200.0
1733164200.0,430.739990,431.729889,430.399994,431.290009,1054645.000000,1733167800.0
1733167800.0,431.290009,431.940002,431.000000,431.570007,1204936.000000,1733171400.0
1733171400.0,431.609985,431.690002,430.049988,430.970001,1731851.000000,1733175000.0
1733236200.0,429.839996,432.470001,428.600006,429.660004,4273516.000000,1733239800.0
1733239800.0,429.609985,431.928986,429.510010,431.394989,1256278.000000,1733243400.0
1733243400.0,431.440002,431.739990,429.928711,430.089996,1013520.000000,1733247000.0
1733247000.0,430.075012,430.670013,429.580597,429.994995,883272.000000,1733250600.0
1733250600.0,429.989990,430.670013,427.739990,429.559998,1598379.000000,1733254200.0
1733254200.0,429.600006,430.559998,429.429993,430.527405,1129437.000000,1733257800.0
1733257800.0,430.540009,431.500000,430.440002,431.140015,1573616.000000,1733261400.0
1733322600.0,432.915009,439.545013,432.630005,438.119995,6605292.000000,1733326200.0
1733326200.0,438.114990,439.583496,437.151306,437.454987,2109552.000000,1733329800.0
1733329800.0,437.445007,437.720001,436.329987,437.500000,1975807.000000,1733333400.0
1733333400.0,437.515015,437.700012,436.559998,437.230011,991971.000000,1733337000.0
1733337000.0,437.170013,438.140015,436.089996,437.940002,1566958.000000,1733340600.0
1733340600.0,437.940002,438.619995,437.609985,437.679993,2037773.000000,1733344200.0
1733344200.0,437.660004,438.369995,436.890015,437.329987,2911876.000000,1733347800.0
1733409000.0,437.920013,439.940002,436.170990,438.000000,3312902.000000,1733412600.0
1733412600.0,438.109985,439.880005,437.864594,439.640015,1556106.000000,1733416200.0
1733416200.0,439.665009,443.799988,439.290009,442.845001,3275028.000000,1733419800.0
1733419800.0,442.839996,444.660004,442.359985,443.380005,2015915.000000,1733423400.0
1733423400.0,443.375000,444.434998,442.340088,442.990112,1941367.000000,1733427000.0
1733427000.0,443.049988,443.500000,442.100006,442.424011,1478752.000000,1733430600.0
1733430600.0,442.429993,443.760010,441.989990,442.630005,2908008.000000,1733434200.0
1733495400.0,442.000000,446.089996,442.000000,444.820007,3829787.000000,1733499000.0
1733499000.0,444.855011,444.855011,442.649994,444.315002,1415687.000000,1733502600.0
1733502600.0,444.325012,444.670013,441.770294,442.970001,1758170.000000,1733506200.0
1733506200.0,443.010010,443.879913,442.209991,443.279999,1365637.000000,1733509800.0
1733509800.0,443.350006,443.760010,443.010010,443.059998,972313.000000,1733513400.0
1733513400.0,443.040985,444.630005,442.950012,444.274994,1340215.000000,1733517000.0
1733517000.0,444.269989,444.769989,443.359985,443.519989,1984374.000000,1733520600.0
1733754600.0,443.000000,445.128113,440.500000,443.734985,3119993.000000,1733758200.0
1733758200.0,443.670013,447.589996,443.540009,447.065002,2292346.000000,1733761800.0
1733761800.0,447.040009,448.320007,445.554901,447.269989,1550360.000000,1733765400.0
1733765400.0,447.265015,447.279999,445.780090,446.160004,941955.000000,1733769000.0
1733769000.0,446.109985,447.200012,445.769989,446.095001,885606.000000,1733772600.0
1733772600.0,446.140015,446.500000,445.070007,446.029999,1489223.000000,1733776200.0
1733776200.0,446.040009,446.500000,444.899994,445.899994,2442301.000000,1733779800.0
1733841000.0,444.500000,449.619995,443.869995,448.210114,3244928.000000,1733844600.0
1733844600.0,448.209991,449.299988,446.049988,446.464996,1724507.000000,1733848200.0
1733848200.0,446.454987,447.709991,445.549988,447.024994,1385642.000000,1733851800.0
1733851800.0,447.024994,447.500000,444.859985,446.000000,917916.000000,1733855400.0
1733855400.0,446.035004,446.055511,443.510010,443.920013,1070058.000000,1733859000.0
1733859000.0,443.915009,444.250000,441.600006,441.890015,1993165.000000,1733862600.0
1733862600.0,441.899994,443.600006,441.690002,443.489990,1545807.000000,1733866200.0
1733927400.0,444.049988,448.390015,444.049988,447.529999,3004353.000000,1733931000.0
1733931000.0,447.589996,450.350006,447.589996,449.899994,2494289.000000,1733934600.0
1733934600.0,449.890015,450.040009,449.000092,449.474792,1177405.000000,1733938200.0
1733938200.0,449.464813,449.629395,448.670013,449.149994,727560.000000,1733941800.0
1733941800.0,449.160004,449.929993,448.520111,448.640015,876207.000000,1733945400.0
1733945400.0,448.679993,449.359985,447.850098,449.087097,1029317.000000,1733949000.0
1733949000.0,449.019989,449.720001,448.774994,449.000000,1437348.000000,1733952600.0
1734013800.0,449.554993,453.899994,449.220001,453.000000,5140031.000000,1734017400.0
1734017400.0,453.000000,456.164795,452.820099,454.549988,2526987.000000,1734021000.0
1734021000.0,454.609985,455.239990,452.850006,454.159698,1436753.000000,1734024600.0
1734024600.0,454.154999,454.750000,453.350098,453.950012,956440.000000,1734028200.0
1734028200.0,453.878601,454.029999,452.100098,452.355011,1021162.000000,1734031800.0
1734031800.0,452.354614,452.690002,451.300110,451.552490,1094604.000000,1734035400.0
1734035400.0,451.570007,452.170013,449.130005,449.475006,2430268.000000,1734039000.0
1734100200.0,448.250000,451.429993,447.899994,448.684998,3093334.000000,1734103800.0
1734103800.0,448.720001,449.730011,446.820007,447.125000,1828388.000000,1734107400.0
1734107400.0,447.135010,447.850006,446.119995,446.244995,3213433.000000,1734111000.0
1734111000.0,446.209991,447.440002,445.579987,447.429108,2146259.000000,1734114600.0
1734114600.0,447.415009,447.975006,446.979706,447.140015,877665.000000,1734118200.0
1734118200.0,447.120209,447.920013,446.950012,447.459991,1668554.000000,1734121800.0
1734121800.0,447.459991,448.249908,446.920013,447.260010,1232851.000000,1734125400.0
1734359400.0,446.635010,449.149994,445.279999,446.394989,3997880.000000,1734363000.0
1734363000.0,446.390015,448.640015,445.850006,448.075012,1938515.000000,1734366600.0
1734366600.0,448.040009,448.579987,446.549988,447.950012,1461546.000000,1734370200.0
1734370200.0,447.980011,449.609985,447.609985,449.130005,1181013.000000,1734373800.0
1734373800.0,449.130005,449.886292,448.549988,449.779999,1143515.000000,1734377400.0
1734377400.0,449.795013,451.880005,449.430115,451.760010,1516402.000000,1734381000.0
1734381000.0,451.799988,452.161407,450.090088,451.709991,2188642.000000,1734384600.0
1734445800.0,451.105011,452.799988,449.570007,451.790009,3193905.000000,1734449400.0
1734449400.0,451.820007,454.726410,451.280792,453.614990,2300716.000000,1734453000.0
1734453000.0,453.559998,455.279999,453.510010,454.355011,1513477.000000,1734456600.0
1734456600.0,454.429993,454.890015,453.170013,453.730011,931934.000000,1734460200.0
1734460200.0,453.670013,454.260010,453.144989,453.730011,912727.000000,1734463800.0
1734463800.0,453.730011,454.540009,453.300110,453.920013,1302124.000000,1734467400.0
1734467400.0,453.959991,455.250000,453.774994,454.480011,2294256.000000,1734471000.0
1734532200.0,451.399994,452.309998,446.159912,450.369995,4011115.000000,1734535800.0
1734535800.0,450.369995,452.260010,449.279999,452.114990,1633450.000000,1734539400.0
1734539400.0,452.114990,452.619995,451.500000,451.579987,1067016.000000,1734543000.0
1734543000.0,451.549988,452.649994,451.288910,451.543488,1257069.000000,1734546600.0
1734546600.0,451.540009,451.980011,448.252808,448.290009,1302995.000000,1734550200.0
1734550200.0,448.380005,448.970001,442.679993,443.200012,2896230.000000,1734553800.0
1734553800.0,443.144989,443.820007,437.019989,437.250000,4342755.000000,1734557400.0
1734618600.0,441.619995,442.969299,438.329987,441.079987,3817750.000000,1734622200.0
1734622200.0,440.850006,442.649994,439.850006,442.279999,1806775.000000,1734625800.0
1734625800.0,442.070007,443.183411,439.829987,439.881989,1267077.000000,1734629400.0
1734629400.0,439.899994,440.839996,438.929993,440.124512,1107420.000000,1734633000.0
1734633000.0,440.184998,440.739990,439.500000,440.049988,1534323.000000,1734636600.0
1734636600.0,440.008514,440.036713,437.470001,438.584991,2112089.000000,1734640200.0
1734640200.0,438.559998,439.149994,436.329987,437.100006,2508337.000000,1734643800.0
1734705000.0,431.299988,434.420013,428.630005,434.315002,11028051.000000,1734708600.0
1734708600.0,434.345001,440.329987,434.079987,440.250000,2443975.000000,1734712200.0
1734712200.0,440.230011,443.720306,440.140015,443.350006,2235085.000000,1734715800.0
1734715800.0,443.390015,443.464996,439.480011,439.559998,2122624.000000,1734719400.0
1734719400.0,439.549988,440.279999,438.220001,439.415009,1869323.000000,1734723000.0
1734723000.0,439.429993,440.119995,436.290009,436.779999,1788958.000000,1734726600.0
1734726600.0,436.834991,437.904999,434.839996,436.970001,2935621.000000,1734730200.0
1734964200.0,436.690002,437.649994,433.540100,433.760010,2517233.000000,1734967800.0
1734967800.0,433.779999,434.669586,432.910004,433.700012,1281447.000000,1734971400.0
1734971400.0,433.700012,434.929993,432.829987,433.980011,1720561.000000,1734975000.0
1734975000.0,434.040009,435.354492,433.880005,435.285004,1051736.000000,1734978600.0
1734978600.0,435.255005,436.459991,435.149994,435.730011,822676.000000,1734982200.0
1734982200.0,435.679993,436.149597,433.649994,434.127502,1099739.000000,1734985800.0
1734985800.0,434.107513,436.309998,434.005005,435.220001,1897700.000000,1734989400.0
1735050600.0,434.720001,437.600006,434.190002,437.269989,1956012.000000,1735054200.0
1735054200.0,437.255005,438.670013,437.140015,437.529999,979099.000000,1735057800.0
1735057800.0,437.470001,438.625000,437.369995,438.529999,797974.000000,1735061400.0
1735223400.0,439.079987,440.920013,436.630005,438.190704,1719598.000000,1735227000.0
1735227000.0,438.239990,439.140015,437.340088,438.790009,1013258.000000,1735230600.0
1735230600.0,438.679993,439.909393,438.679993,438.993805,730541.000000,1735234200.0
1735234200.0,439.019989,439.570007,438.029999,439.154999,630941.000000,1735237800.0
1735237800.0,439.144989,439.269989,438.561401,439.000000,514416.000000,1735241400.0
1735241400.0,438.980011,439.970001,438.920013,439.559998,546198.000000,1735245000.0
1735245000.0,439.549988,439.779999,438.079987,438.119995,945923.000000,1735248600.0
1735309800.0,434.910004,435.220001,427.359985,428.339996,3065756.000000,1735313400.0
1735313400.0,428.230011,429.750000,427.450012,429.684998,2647876.000000,1735317000.0
1735317000.0,429.690002,429.916412,426.524994,426.841095,1582834.000000,1735320600.0
1735320600.0,426.834991,428.480011,426.350006,428.274994,997809.000000,1735324200.0
1735324200.0,428.269989,430.329987,428.200104,429.820007,854678.000000,1735327800.0
1735327800.0,429.869995,430.774994,428.809998,429.206390,1238269.000000,1735331400.0
1735331400.0,429.149994,430.989990,428.730011,430.700012,2601616.000000,1735335000.0
1735569000.0,426.059998,426.109985,421.899994,423.260010,2881026.000000,1735572600.0
1735572600.0,423.330292,425.790009,423.250000,425.190002,1611197.000000,1735576200.0
1735576200.0,425.190002,426.589996,424.970001,426.540009,1068797.000000,1735579800.0
1735579800.0,426.579498,427.529999,425.500092,426.109985,942129.000000,1735583400.0
1735583400.0,426.079987,427.299988,425.915009,426.600006,937051.000000,1735587000.0
1735587000.0,426.554993,427.429993,426.054993,426.135010,981079.000000,1735590600.0
1735590600.0,426.149994,426.959991,424.820007,424.820007,1439050.000000,1735594200.0
1735655400.0,426.100006,426.730011,424.204987,425.200012,1712187.000000,1735659000.0
1735659000.0,425.119995,425.605011,422.850006,423.481293,852070.000000,1735662600.0
1735662600.0,423.320007,423.950012,422.260010,422.329987,789580.000000,1735666200.0
1735666200.0,422.347198,423.859985,421.709991,421.929993,1030075.000000,1735669800.0
1735669800.0,421.904999,422.945587,421.549988,422.019989,737922.000000,1735673400.0
1735673400.0,421.989990,423.190002,421.600006,423.190002,1016646.000000,1735677000.0
1735677000.0,423.160004,423.390015,420.660004,421.290985,2660498.000000,1735680600.0
1735828200.0,425.529999,426.070007,422.260010,423.190002,3224271.000000,1735831800.0
1735831800.0,423.119995,423.364990,420.329987,421.480011,1539350.000000,1735835400.0
1735835400.0,421.489990,422.359985,418.059998,418.339996,1613253.000000,1735839000.0
1735839000.0,418.220001,418.318787,414.850006,416.230011,1859616.000000,1735842600.0
1735842600.0,416.200012,417.320007,414.959991,417.070007,1408676.000000,1735846200.0
1735846200.0,416.950012,418.529999,416.309998,418.190002,1207886.000000,1735849800.0
1735849800.0,418.250000,418.950012,417.869995,418.690002,1705054.000000,1735853400.0
1735914600.0,421.024994,423.739990,420.149994,420.920013,2820593.000000,1735918200.0
1735918200.0,420.910004,422.089996,419.550110,421.403015,1541080.000000,1735921800.0
1735921800.0,421.359985,422.654999,421.070007,421.070007,1191455.000000,1735925400.0
1735925400.0,421.109985,422.679993,420.950012,422.654999,1426864.000000,1735929000.0
1735929000.0,422.679993,423.880005,422.280914,423.510010,2019241.000000,1735932600.0
1735932600.0,423.600006,424.019989,422.445007,422.660004,1128323.000000,1735936200.0
1735936200.0,422.630005,423.880005,421.600006,423.350006,1944507.000000,1735939800.0
1736173800.0,428.079987,434.320007,426.769989,432.648499,5536957.000000,1736177400.0
1736177400.0,432.647491,432.820007,430.950012,431.875000,1910655.000000,1736181000.0
1736181000.0,431.875000,432.190002,430.140015,430.369995,1241464.000000,1736184600.0
1736184600.0,430.329987,430.619995,427.660614,428.005005,1407583.000000,1736188200.0
1736188200.0,428.005005,428.338104,425.500000,427.006012,1252507.000000,1736191800.0
1736191800.0,427.040009,427.125000,425.850006,426.619995,995980.000000,1736195400.0
1736195400.0,426.630005,428.079987,426.570007,428.070007,1636851.000000,1736199000.0
1736260200.0,429.429993,430.649994,427.154999,429.184998,3280164.000000,1736263800.0
1736263800.0,427.855011,428.309998,425.200012,426.089905,2084926.000000,1736267400.0
1736267400.0,426.000000,427.850006,423.350098,423.589996,1455605.000000,1736271000.0
1736271000.0,423.570007,424.526703,422.760010,424.170013,892687.000000,1736274600.0
1736274600.0,424.165009,424.640015,422.940002,424.459991,799010.000000,1736278200.0
1736278200.0,424.459991,424.589905,421.950012,422.090088,951710.000000,1736281800.0
1736281800.0,422.119995,422.869995,420.799988,422.489990,1580930.000000,1736285400.0
1736346600.0,423.880005,426.970001,422.790009,425.910004,3080187.000000,1736350200.0
1736350200.0,425.839996,426.500000,424.339996,424.739990,1140983.000000,1736353800.0
1736353800.0,424.769989,425.809998,421.559998,421.799988,1055071.000000,1736357400.0
1736357400.0,421.809998,424.579987,421.540009,424.239990,900257.000000,1736361000.0
1736361000.0,424.239990,425.329987,422.779999,425.067505,855287.000000,1736364600.0
1736364600.0,425.010010,425.010010,423.049988,424.230896,949368.000000,1736368200.0
1736368200.0,424.230011,425.140015,423.600006,424.700012,2001836.000000,1736371800.0
1736519400.0,424.609985,424.695007,415.019989,417.864990,4879879.000000,1736523000.0
1736523000.0,417.864990,419.889893,415.029999,417.540009,2308409.000000,1736526600.0
1736526600.0,417.459991,418.345001,416.149994,418.279999,1383492.000000,1736530200.0
1736530200.0,418.320007,422.750000,418.140015,422.059998,1344736.000000,1736533800.0
1736533800.0,422.209991,423.320007,420.760010,421.670013,1183601.000000,1736537400.0
1736537400.0,421.739990,421.739990,420.079987,420.160004,1157415.000000,1736541000.0
1736541000.0,420.250000,420.750000,418.799988,418.899994,2003261.000000,1736544600.0
1736778600.0,415.230011,418.500000,413.829987,414.334991,3258647.000000,1736782200.0
1736782200.0,414.334991,416.079987,413.300995,413.500000,2711722.000000,1736785800.0
1736785800.0,413.440002,414.629303,412.339996,414.225006,1453157.000000,1736789400.0
1736789400.0,414.225006,415.700012,413.859985,415.000000,966229.000000,1736793000.0
1736793000.0,415.084991,416.089996,414.070007,416.070007,1146873.000000,1736796600.0
1736796600.0,416.029999,417.049988,415.790009,416.119995,1323544.000000,1736800200.0
1736800200.0,416.160004,417.630005,415.959991,417.230011,1477778.000000,1736803800.0
1736865000.0,417.149994,419.739990,416.609985,416.910095,2920202.000000,1736868600.0
1736868600.0,416.989990,417.950012,415.269989,415.739990,1427338.000000,1736872200.0
1736872200.0,415.779999,416.259888,414.160889,415.040009,1039623.000000,1736875800.0
1736875800.0,414.975006,416.500000,413.910004,416.200012,823505.000000,1736879400.0
1736879400.0,416.160004,417.793213,415.950012,417.000000,976834.000000,1736883000.0
1736883000.0,417.029999,417.482605,410.720001,411.954987,2532666.000000,1736886600.0
1736886600.0,411.899994,415.750000,411.489990,415.679993,2271407.000000,1736890200.0
1736951400.0,419.130005,425.500000,418.265015,425.274994,4026379.000000,1736955000.0
1736955000.0,425.309998,427.420013,424.739990,426.285004,1964699.000000,1736958600.0
1736958600.0,426.220001,426.306000,424.369995,425.220001,1126610.000000,1736962200.0
1736962200.0,425.160004,426.449890,424.609985,425.670013,1092078.000000,1736965800.0
1736965800.0,425.680389,426.674988,425.250000,426.589996,954071.000000,1736969400.0
1736969400.0,426.649994,428.142212,426.549988,427.769989,1464859.000000,1736973000.0
1736973000.0,427.765503,427.765503,426.089996,426.260010,2070702.000000,1736976600.0
1737037800.0,428.695007,429.489990,425.026398,426.135010,3088969.000000,1737041400.0
1737041400.0,426.089996,428.220001,425.869995,427.070007,1391036.000000,1737045000.0
1737045000.0,427.075012,427.440002,426.029999,427.360199,1430295.000000,1737048600.0
1737048600.0,427.350006,427.589996,426.250000,426.350006,732000.000000,1737052200.0
1737052200.0,426.334991,427.440002,425.114197,427.037994,1739961.000000,1737055800.0
1737055800.0,427.070007,428.079987,426.570007,426.755005,1098885.000000,1737059400.0
1737059400.0,426.709991,427.010010,424.390015,424.540009,1401072.000000,1737063000.0
1737124200.0,434.089996,434.390015,428.170013,429.184998,8511004.000000,1737127800.0
1737127800.0,429.165009,429.989990,428.480011,429.894989,1645569.000000,1737131400.0
1737131400.0,429.934998,430.769989,428.549988,430.649994,2771080.000000,1737135000.0
1737135000.0,430.679993,432.200012,430.420013,431.983795,1536784.000000,1737138600.0
1737138600.0,431.937805,431.989990,428.809998,430.102386,1665416.000000,1737142200.0
1737142200.0,430.105011,430.769989,429.535004,430.285004,1615061.000000,1737145800.0
1737145800.0,430.230011,431.190002,428.390015,428.910004,3016441.000000,1737149400.0
1737469800.0,430.040009,430.790009,425.595001,428.470001,4607395.000000,1737473400.0
1737473400.0,428.420013,428.939911,427.010010,428.010010,1321631.000000,1737477000.0
1737477000.0,428.003998,428.950012,427.709991,428.559998,1260019.000000,1737480600.0
1737480600.0,428.559998,430.899902,428.549988,429.359985,1471297.000000,1737484200.0
1737484200.0,429.359985,429.519989,427.420013,429.260010,1975165.000000,1737487800.0
1737487800.0,429.234985,429.239990,427.510406,429.049988,1665201.000000,1737491400.0
1737491400.0,429.024994,429.117889,427.859985,428.619995,2150912.000000,1737495000.0
1737556200.0,437.470001,441.899994,436.000000,439.765015,7524059.000000,1737559800.0
1737559800.0,439.765015,443.299988,439.690002,442.540009,2824249.000000,1737563400.0
1737563400.0,442.579987,445.950012,442.329987,444.760010,2684760.000000,1737567000.0
1737567000.0,444.739990,445.790009,443.950012,444.295013,1622027.000000,1737570600.0
1737570600.0,444.309998,445.839996,443.649994,445.559998,1564180.000000,1737574200.0
1737574200.0,445.559998,445.890015,444.579987,445.429993,1491858.000000,1737577800.0
1737577800.0,445.429993,447.269989,444.859985,446.160004,2990904.000000,1737581400.0
1737642600.0,442.000000,444.480011,441.504791,443.170105,2830204.000000,1737646200.0
1737646200.0,443.190002,443.880005,442.250000,443.553986,1571462.000000,1737649800.0
1737649800.0,443.599487,444.140015,442.779999,443.100006,1090792.000000,1737653400.0
1737653400.0,443.070007,443.250000,442.430298,443.114990,1414880.000000,1737657000.0
1737657000.0,443.140015,444.500000,443.119995,444.309906,1373338.000000,1737660600.0
1737660600.0,444.320007,445.679993,444.285004,445.109894,1239043.000000,1737664200.0
1737664200.0,445.089996,446.739990,444.720001,446.700012,1952999.000000,1737667800.0
1737729000.0,445.160004,445.935608,441.399994,443.731812,3432323.000000,1737732600.0
1737732600.0,443.700012,446.321808,443.660004,446.295013,1235172.000000,1737736200.0
1737736200.0,446.295013,446.649994,444.480011,444.820007,1213726.000000,1737739800.0
1737739800.0,444.853210,445.119995,443.709991,443.940002,828931.000000,1737743400.0
1737743400.0,443.970001,444.140900,441.700012,442.429993,1289901.000000,1737747000.0
1737747000.0,442.424988,442.880005,441.899994,442.679993,939953.000000,1737750600.0
1737750600.0,442.700012,444.290009,442.605011,443.980011,1390915.000000,1737754200.0
1737988200.0,424.209991,431.209991,423.500000,431.149994,11861441.000000,1737991800.0
1737991800.0,431.149994,433.959991,426.589996,427.399994,3652017.000000,1737995400.0
1737995400.0,427.269989,428.480011,426.260010,427.380005,2761319.000000,1737999000.0
1737999000.0,427.380005,429.899994,426.750000,429.415009,2061310.000000,1738002600.0
1738002600.0,429.394989,434.790009,429.320007,434.410004,2327430.000000,1738006200.0
1738006200.0,434.440002,434.790009,432.500092,434.320007,2274436.000000,1738009800.0
1738009800.0,434.339996,435.190002,433.529999,434.570007,2994249.000000,1738013400.0
1738074600.0,432.799988,443.010010,431.424988,442.265015,4996797.000000,1738078200.0
1738078200.0,442.329987,443.174988,439.934998,442.000000,2458461.000000,1738081800.0
1738081800.0,442.000000,444.700012,441.500000,444.589996,1669462.000000,1738085400.0
1738085400.0,444.595001,446.630005,444.174988,446.170013,2031533.000000,1738089000.0
1738089000.0,446.079987,446.950012,445.070099,446.859985,1862259.000000,1738092600.0
1738092600.0,446.809998,448.380005,446.399994,446.630005,2334690.000000,1738096200.0
1738096200.0,446.619995,447.920013,445.679993,447.019989,2943298.000000,1738099800.0
1738161000.0,446.690002,446.880005,440.399994,441.989990,3626183.000000,1738164600.0
1738164600.0,442.019989,443.489990,441.457611,442.418610,1437427.000000,1738168200.0
1738168200.0,442.411987,445.089996,442.256989,443.590210,1759338.000000,1738171800.0
1738171800.0,443.644989,444.279999,440.910004,443.000000,1239287.000000,1738175400.0
1738175400.0,443.154999,443.239990,441.510010,442.065002,1495208.000000,1738179000.0
1738179000.0,441.989990,445.500000,441.950012,444.975494,2852815.000000,1738182600.0
1738182600.0,444.970001,445.179993,441.630005,441.790009,2277400.000000,1738186200.0
1738247400.0,418.480011,422.859985,414.170013,415.229889,19845932.000000,1738251000.0
1738251000.0,415.220001,416.929993,413.160004,415.250000,6473993.000000,1738254600.0
1738254600.0,415.274994,417.089996,414.350006,414.504486,4468191.000000,1738258200.0
1738258200.0,414.510010,416.119995,414.269989,415.720001,3328651.000000,1738261800.0
1738261800.0,415.720001,416.440002,414.250000,415.209991,3789874.000000,1738265400.0
1738265400.0,415.260010,416.079987,414.959991,415.968292,4145334.000000,1738269000.0
1738269000.0,416.000000,417.040009,414.070099,414.859985,6743605.000000,1738272600.0
1738333800.0,418.730011,420.679993,416.549988,417.387390,8115976.000000,1738337400.0
1738337400.0,417.386993,418.130005,415.929993,416.144989,4327504.000000,1738341000.0
1738341000.0,416.130005,418.600006,415.230011,418.529999,2803581.000000,1738344600.0
1738344600.0,418.554993,419.170013,417.270111,417.549988,2217597.000000,1738348200.0
1738348200.0,417.489990,417.959991,415.899994,416.434387,2230352.000000,1738351800.0
1738351800.0,416.404999,417.010010,415.059998,416.140015,2462028.000000,1738355400.0
1738355400.0,416.160004,417.250000,414.910004,414.970001,3572557.000000,1738359000.0
1738593000.0,411.760010,414.720001,408.670013,411.674988,7272229.000000,1738596600.0
1738596600.0,411.649994,413.649994,411.109985,411.799988,2600785.000000,1738600200.0
1738600200.0,411.785004,412.559998,410.369995,411.690002,1924842.000000,1738603800.0
1738603800.0,411.649994,413.399994,410.549988,413.029999,2052373.000000,1738607400.0
1738607400.0,413.089996,415.410004,413.000000,415.059998,1797119.000000,1738611000.0
1738611000.0,415.089996,415.195007,413.100006,413.584991,1773907.000000,1738614600.0
1738614600.0,413.609985,414.279999,410.769989,411.010010,2856575.000000,1738618200.0
1738679400.0,412.170013,413.440002,409.760010,413.179993,4886293.000000,1738683000.0
1738683000.0,413.170013,413.899994,412.239990,413.130005,2412962.000000,1738686600.0
1738686600.0,413.140015,413.625000,411.000000,411.059998,1574211.000000,1738690200.0
1738690200.0,411.070007,411.799988,410.660004,411.755005,1785144.000000,1738693800.0
1738693800.0,411.739990,412.660004,411.280090,412.497803,1345147.000000,1738697400.0
1738697400.0,412.459991,412.880005,411.890015,411.959991,1751273.000000,1738701000.0
1738701000.0,411.945007,412.929993,411.359985,412.309998,2288571.000000,1738704600.0
1738765800.0,411.635010,413.700012,410.500000,411.510010,4018690.000000,1738769400.0
1738769400.0,411.575012,412.720001,411.119995,412.619995,1908154.000000,1738773000.0
1738773000.0,412.625000,413.826996,412.420105,413.069000,1584209.000000,1738776600.0
1738776600.0,413.070007,413.239990,411.769989,412.040009,1094357.000000,1738780200.0
1738780200.0,412.059998,413.500000,411.964996,412.989990,1085708.000000,1738783800.0
1738783800.0,412.929993,413.305603,412.652710,413.056000,1062320.000000,1738787400.0
1738787400.0,413.070007,413.500000,412.000000,413.279999,1906257.000000,1738791000.0
1738852200.0,414.385010,418.049988,414.089996,417.040009,3499696.000000,1738855800.0
1738855800.0,417.059998,418.200012,416.399994,417.664215,1771473.000000,1738859400.0
1738859400.0,417.635010,417.640015,415.908813,415.994995,1178620.000000,1738863000.0
1738863000.0,416.000000,417.249908,415.760010,416.084991,1176406.000000,1738866600.0
1738866600.0,416.100006,416.369995,415.380005,415.882904,946415.000000,1738870200.0
1738870200.0,415.920013,415.920013,413.290009,414.882904,1201479.000000,1738873800.0
1738873800.0,414.959991,415.980011,414.100006,415.910004,2206111.000000,1738877400.0
1738938600.0,416.480011,418.649994,412.609985,412.609985,4826075.000000,1738942200.0
1738942200.0,412.600006,413.670013,410.655914,411.339996,2646284.000000,1738945800.0
1738945800.0,411.359985,411.660004,409.559998,410.180115,2450726.000000,1738949400.0
1738949400.0,410.179993,411.339996,410.179993,410.709991,1559172.000000,1738953000.0
1738953000.0,410.694397,411.141998,408.279999,408.285004,1948018.000000,1738956600.0
1738956600.0,408.269989,409.159912,408.100006,408.875000,1847588.000000,1738960200.0
1738960200.0,408.859985,410.350006,408.809998,409.760010,2749459.000000,1738963800.0
1739197800.0,413.684998,414.519989,411.730011,414.190002,3240056.000000,1739201400.0
1739201400.0,414.130005,415.462402,414.019989,415.085785,2556070.000000,1739205000.0
1739205000.0,415.119995,415.119995,412.059998,412.075012,1108477.000000,1739208600.0
1739208600.0,412.089996,413.049988,411.869995,412.799988,915183.000000,1739212200.0
1739212200.0,412.815002,413.089996,411.880005,412.059998,906278.000000,1739215800.0
1739215800.0,412.083801,412.459991,410.920013,411.494995,1468404.000000,1739219400.0
1739219400.0,411.480011,412.600006,411.350006,412.209991,1904567.000000,1739223000.0
1739284200.0,409.640015,412.489594,409.299988,412.200012,3753602.000000,1739287800.0
1739287800.0,412.209991,412.364197,410.540009,410.549988,1105353.000000,1739291400.0
1739291400.0,410.584503,411.140015,409.549988,410.287903,1654952.000000,1739295000.0
1739295000.0,410.329987,410.559998,409.549988,409.980011,878416.000000,1739298600.0
1739298600.0,409.954987,410.719910,409.899994,410.559998,724699.000000,1739302200.0
1739302200.0,410.595001,411.899994,410.429993,411.650391,1070129.000000,1739305800.0
1739305800.0,411.630005,411.829987,411.019989,411.549988,1114861.000000,1739309400.0
1739370600.0,407.880005,409.609985,404.367310,409.023499,4966590.000000,1739374200.0
1739374200.0,409.019989,409.930786,407.200012,407.575012,1678944.000000,1739377800.0
1739377800.0,407.635010,409.579987,407.635010,409.230713,1352756.000000,1739381400.0
1739381400.0,409.209991,410.750000,408.950012,410.339203,1099885.000000,1739385000.0
1739385000.0,410.329987,410.376007,409.320007,409.450714,912385.000000,1739388600.0
1739388600.0,409.475006,410.399994,408.149994,408.209991,1335594.000000,1739392200.0
1739392200.0,408.209991,409.130005,408.049988,408.950012,1538718.000000,1739395800.0
1739457000.0,407.032013,409.000000,406.359985,407.970001,5421961.000000,1739460600.0
1739460600.0,407.964996,410.410004,407.790009,408.640015,2041698.000000,1739464200.0
1739464200.0,408.614990,408.947906,407.579987,408.285004,1234545.000000,1739467800.0
1739467800.0,408.304993,408.500000,407.484985,408.079987,901742.000000,1739471400.0
1739471400.0,408.079987,409.750000,407.640808,409.670105,1310705.000000,1739475000.0
1739475000.0,409.670013,411.000000,409.660004,410.712799,1246903.000000,1739478600.0
1739478600.0,410.679993,410.790009,409.859985,410.519989,1994486.000000,1739482200.0
1739543400.0,407.649994,408.709991,406.170013,406.239990,5998336.000000,1739547000.0
1739547000.0,406.239990,407.989990,405.896393,407.820709,3520505.000000,1739550600.0
1739550600.0,407.821198,408.324890,407.410095,407.519989,1644699.000000,1739554200.0
1739554200.0,407.549988,408.049988,407.394989,407.820007,1129722.000000,1739557800.0
1739557800.0,407.799988,408.730011,407.589996,407.720001,1104260.000000,1739561400.0
1739561400.0,407.739990,407.940002,406.690002,406.845001,1456368.000000,1739565000.0
1739565000.0,406.849304,408.829987,406.811188,408.329987,2012295.000000,1739568600.0
1739889000.0,408.195007,410.596985,407.869995,408.050293,4275678.000000,1739892600.0
1739892600.0,408.040009,409.282898,407.790009,408.920105,1572351.000000,1739896200.0
1739896200.0,408.970001,409.450012,408.179993,408.334991,1689165.000000,1739899800.0
1739899800.0,408.328003,408.959991,407.609985,408.066010,1487080.000000,1739903400.0
1739903400.0,408.049988,408.200012,406.500000,407.429993,1392145.000000,1739907000.0
1739907000.0,407.489990,407.695801,406.980011,407.589996,1000425.000000,1739910600.0
1739910600.0,407.570007,409.640015,407.464996,409.640015,1969530.000000,1739914200.0
1739975400.0,408.359985,409.929993,407.739990,408.250000,2771500.000000,1739979000.0
1739979000.0,408.269989,411.848694,407.959991,410.429199,4292680.000000,1739982600.0
1739982600.0,410.385010,411.559998,409.910004,410.470001,3799673.000000,1739986200.0
1739986200.0,410.450012,411.989990,410.224487,411.565002,1335974.000000,1739989800.0
1739989800.0,411.589996,414.429993,411.589996,413.957397,2155218.000000,1739993400.0
1739993400.0,413.984985,415.390015,413.855011,414.500000,2588471.000000,1739997000.0
1739997000.0,414.584991,415.489990,414.260010,414.820007,2170030.000000,1740000600.0
1740061800.0,415.529999,417.309906,412.540009,416.109985,5991810.000000,1740065400.0
1740065400.0,416.089996,419.309998,415.640015,417.920105,3746871.000000,1740069000.0
1740069000.0,418.049988,418.380005,415.700012,417.660004,1961215.000000,1740072600.0
1740072600.0,417.679993,418.220001,417.220001,417.549591,1321705.000000,1740076200.0
1740076200.0,417.529999,417.920013,416.390015,417.630005,2355643.000000,1740079800.0
1740079800.0,417.595001,417.600006,414.929993,415.790009,1903736.000000,1740083400.0
1740083400.0,415.790009,416.290009,415.260010,416.130005,1745988.000000,1740087000.0
1740148200.0,417.334991,418.048004,412.899994,413.290009,5777922.000000,1740151800.0
1740151800.0,413.230011,414.549011,412.269989,413.540009,2001419.000000,1740155400.0
1740155400.0,413.540009,414.290009,412.720001,413.269989,2510622.000000,1740159000.0
1740159000.0,413.290009,413.670013,412.459991,412.529999,2770743.000000,1740162600.0
1740162600.0,412.535004,412.561096,409.005005,409.089996,2340001.000000,1740166200.0
1740166200.0,409.059998,409.679993,408.359985,409.059998,2140719.000000,1740169800.0
1740169800.0,409.059998,409.454803,407.890015,408.140015,3286452.000000,1740173400.0
1740407400.0,408.510010,409.369995,399.320007,399.790009,8856290.000000,1740411000.0
1740411000.0,399.815002,404.390015,399.660004,403.260010,3226560.000000,1740414600.0
1740414600.0,403.269989,404.545013,402.500000,403.950012,1517228.000000,1740418200.0
1740418200.0,403.959991,404.970001,403.744995,404.600006,1031282.000000,1740421800.0
1740421800.0,404.630005,404.679993,403.640015,403.790009,1216882.000000,1740425400.0
1740425400.0,403.795013,405.369995,403.739990,404.730011,1638553.000000,1740429000.0
1740429000.0,404.760010,405.095001,403.029999,404.079987,2524324.000000,1740432600.0
1740493800.0,401.100006,401.915009,397.690002,398.489990,6568913.000000,1740497400.0
1740497400.0,398.480011,400.820007,397.880005,397.880005,3442420.000000,1740501000.0
1740501000.0,397.920013,400.000000,396.700012,399.951508,2425868.000000,1740504600.0
1740504600.0,399.899994,400.480011,398.200012,398.285004,2544318.000000,1740508200.0
1740508200.0,398.287506,399.299988,397.329987,397.535004,1841833.000000,1740511800.0
1740511800.0,397.524994,399.290009,397.010010,398.841492,2545333.000000,1740515400.0
1740515400.0,398.864990,398.980011,397.380005,397.994995,3225438.000000,1740519000.0
1740580200.0,398.010010,403.059998,394.244995,402.019989,8046631.000000,1740583800.0
1740583800.0,402.100006,403.440002,402.079987,402.769989,1872535.000000,1740587400.0
1740587400.0,402.760010,403.600006,402.305511,402.739990,939874.000000,1740591000.0
1740591000.0,402.739990,402.970001,400.110107,400.128510,1177213.000000,1740594600.0
1740594600.0,400.100006,400.649994,398.299988,398.940002,1250686.000000,1740598200.0
1740598200.0,398.880005,399.500000,398.239990,398.691895,1128824.000000,1740601800.0
1740601800.0,398.679993,400.000000,398.429993,399.640900,1222164.000000,1740605400.0
1740666600.0,401.265015,405.739990,397.930115,399.484985,5096507.000000,1740670200.0
1740670200.0,399.440002,400.399902,397.630005,398.130005,1435803.000000,1740673800.0
1740673800.0,398.130005,398.600006,396.630005,397.790009,1353995.000000,1740677400.0
1740677400.0,397.820007,398.744995,396.820007,398.375000,1245338.000000,1740681000.0
1740681000.0,398.399994,398.559998,395.920013,396.010315,1073146.000000,1740684600.0
1740684600.0,396.040009,396.059998,393.299988,393.795013,2518214.000000,1740688200.0
1740688200.0,393.809998,394.440002,392.220001,392.579987,3187549.000000,1740691800.0
1740753000.0,392.755005,392.899994,386.575500,391.760010,5544842.000000,1740756600.0
1740756600.0,391.730011,392.730011,389.399994,389.489990,2147422.000000,1740760200.0
1740760200.0,389.459991,392.459991,389.320007,391.850006,1622006.000000,1740763800.0
1740763800.0,391.850006,391.850006,389.359985,391.289886,2248560.000000,1740767400.0
1740767400.0,391.170013,392.048096,389.579987,390.859985,1731176.000000,1740771000.0
1740771000.0,390.855011,393.119904,390.567596,393.070007,2275590.000000,1740774600.0
1740774600.0,393.070007,397.630005,391.570007,397.142487,3857564.000000,1740778200.0
1741012200.0,398.820007,398.820007,392.144989,394.625000,4388305.000000,1741015800.0
1741015800.0,394.614990,395.850006,393.549988,393.809998,1670583.000000,1741019400.0
1741019400.0,393.765015,395.269989,393.079987,394.944489,1255967.000000,1741023000.0
1741023000.0,394.959991,395.980011,393.040009,393.209991,1463003.000000,1741026600.0
1741026600.0,393.164612,394.339996,392.165009,393.410004,1331973.000000,1741030200.0
1741030200.0,393.424988,395.049988,389.371887,389.589996,2595683.000000,1741033800.0
1741033800.0,389.529999,390.345001,386.160004,388.529999,4252162.000000,1741037400.0
1741098600.0,383.859985,387.529999,381.000000,383.200012,7930694.000000,1741102200.0
1741102200.0,383.165009,385.769989,383.065002,384.184998,2755202.000000,1741105800.0
1741105800.0,384.170013,386.100006,384.131195,386.100006,2431433.000000,1741109400.0
1741109400.0,386.024994,387.250000,384.220001,385.470001,1854773.000000,1741113000.0
1741113000.0,385.459991,389.369995,385.165009,388.316406,1893145.000000,1741116600.0
1741116600.0,388.410004,392.579987,388.149994,391.899994,2764395.000000,1741120200.0
1741120200.0,391.850006,392.026489,387.079987,388.720001,2781009.000000,1741123800.0
1741185000.0,389.339996,393.179993,388.809998,391.540009,3834083.000000,1741188600.0
1741188600.0,391.575012,393.359985,390.130005,392.049286,1693878.000000,1741192200.0
1741192200.0,392.089996,394.771515,390.320007,394.771515,1775608.000000,1741195800.0
1741195800.0,394.739990,397.170013,394.309998,395.500000,2222224.000000,1741199400.0
1741199400.0,395.540009,399.358795,394.250000,398.540009,2306588.000000,1741203000.0
1741203000.0,398.589996,401.669586,397.440002,400.829987,3177883.000000,1741206600.0
1741206600.0,400.799988,401.670013,398.880005,401.130005,2780428.000000,1741210200.0
1741271400.0,394.279999,402.149994,393.299988,401.230011,4799850.000000,1741275000.0
1741275000.0,401.220001,402.040009,398.779999,399.899994,2285216.000000,1741278600.0
1741278600.0,399.885010,400.899902,395.190002,395.642792,1797907.000000,1741282200.0
1741282200.0,395.720001,398.250000,395.307007,397.230011,1487768.000000,1741285800.0
1741285800.0,397.200012,397.589996,394.880005,395.302399,1749188.000000,1741289400.0
1741289400.0,395.299988,397.099915,394.230011,396.920013,2628568.000000,1741293000.0
1741293000.0,396.880005,397.910004,394.950012,397.029999,2311475.000000,1741296600.0
1741357800.0,392.089996,394.799988,391.250000,391.390015,4408914.000000,1741361400.0
1741361400.0,391.385010,391.809998,387.375000,387.902588,2742436.000000,1741365000.0
1741365000.0,387.970001,388.260010,385.540009,387.730011,2456335.000000,1741368600.0
1741368600.0,387.739990,391.160004,387.119995,390.170013,1768973.000000,1741372200.0
1741372200.0,390.040009,394.135010,389.809998,393.649994,1696575.000000,1741375800.0
1741375800.0,393.660004,394.250000,391.890106,392.420013,1504364.000000,1741379400.0
1741379400.0,392.350006,394.239990,390.350006,393.320007,2726312.000000,1741383000.0
1741613400.0,384.160004,386.399994,383.299988,384.950012,4793736.000000,1741617000.0
1741617000.0,384.890015,385.679993,378.910004,380.679993,5116081.000000,1741620600.0
1741620600.0,380.709991,382.399292,380.214996,381.927185,2894999.000000,1741624200.0
1741624200.0,381.989990,382.640015,379.890015,380.500000,2418051.000000,1741627800.0
1741627800.0,380.549988,380.720001,378.220001,379.910004,2536485.000000,1741631400.0
1741631400.0,379.910004,380.232910,377.230011,378.445007,3255757.000000,1741635000.0
1741635000.0,378.410004,380.799988,378.400909,380.239990,3982501.000000,1741638600.0
1741699800.0,379.000000,383.859985,378.650513,383.000000,5783938.000000,1741703400.0
1741703400.0,382.959991,385.959991,381.680115,382.940796,3435330.000000,1741707000.0
1741707000.0,382.950012,383.898895,379.564606,381.174988,2051605.000000,1741710600.0
1741710600.0,381.304993,381.790009,376.910004,377.209991,1861716.000000,1741714200.0
1741714200.0,377.160004,382.549988,377.055908,381.799988,1935193.000000,1741717800.0
1741717800.0,381.815002,385.390015,381.255005,383.119995,2655760.000000,1741721400.0
1741721400.0,383.179993,383.359985,380.179993,380.220001,2012368.000000,1741725000.0
1741786200.0,382.851990,384.839996,379.410004,380.489990,4734699.000000,1741789800.0
1741789800.0,380.482513,382.109985,378.950714,381.570099,2347197.000000,1741793400.0
1741793400.0,381.649994,384.753693,381.290009,384.065002,1986142.000000,1741797000.0
1741797000.0,384.149994,385.216492,382.880005,384.144989,1657669.000000,1741800600.0
1741800600.0,384.119995,384.380005,381.459991,382.785004,1826002.000000,1741804200.0
1741804200.0,382.820007,385.000000,380.600006,383.269989,3565974.000000,1741807800.0
1741807800.0,383.304993,384.350006,382.389496,383.279999,2523290.000000,1741811400.0
1741872600.0,383.154999,385.309906,380.089996,382.475006,4052004.000000,1741876200.0
1741876200.0,382.491791,383.070007,379.670013,379.809998,2098988.000000,1741879800.0
1741879800.0,379.769989,380.519989,378.686401,379.286896,2223144.000000,1741883400.0
1741883400.0,379.274994,380.720001,378.049988,378.760010,1958087.000000,1741887000.0
1741887000.0,378.670013,380.015015,377.800110,380.015015,1536625.000000,1741890600.0
1741890600.0,380.010010,380.505005,378.359985,378.820007,1605704.000000,1741894200.0
1741894200.0,378.820007,379.000000,377.450012,378.829987,2196019.000000,1741897800.0
1741959000.0,381.035004,384.390015,379.510010,381.535004,3632759.000000,1741962600.0
1741962600.0,381.535004,385.940002,381.399994,385.234985,2047577.000000,1741966200.0
1741966200.0,385.279999,387.399994,385.070007,386.184998,1850065.000000,1741969800.0
1741969800.0,386.095001,388.299988,385.903503,387.690002,1332648.000000,1741973400.0
1741973400.0,387.662903,387.959991,386.774292,387.054993,1285310.000000,1741977000.0
1741977000.0,387.070007,388.609985,387.070007,388.089996,1536053.000000,1741980600.0
1741980600.0,388.125000,389.790009,387.940002,388.480011,2694185.000000,1741984200.0
1742218200.0,386.769989,390.310699,385.929993,389.144989,3148977.000000,1742221800.0
1742221800.0,389.049988,389.440002,386.739990,386.760010,2098410.000000,1742225400.0
1742225400.0,386.769989,387.454102,385.570007,386.959991,1194179.000000,1742229000.0
1742229000.0,387.000000,388.599915,386.917999,388.309998,1207593.000000,1742232600.0
1742232600.0,388.390015,392.059998,388.325012,391.781586,1654724.000000,1742236200.0
1742236200.0,391.739990,392.704987,390.779999,391.192291,1837084.000000,1742239800.0
1742239800.0,391.170013,391.899994,388.589996,388.779999,2880792.000000,1742243400.0
1742304600.0,386.107391,387.369995,382.500000,384.000000,3412004.000000,1742308200.0
1742308200.0,383.950012,384.140015,382.209991,382.500000,1478924.000000,1742311800.0
1742311800.0,382.540009,384.065002,382.019989,383.595001,1423493.000000,1742315400.0
1742315400.0,383.529999,383.589996,381.140015,382.380493,1488316.000000,1742319000.0
1742319000.0,382.403992,383.429993,381.760101,382.899994,1132081.000000,1742322600.0
1742322600.0,383.000000,383.899994,382.500000,383.000000,1503471.000000,1742326200.0
1742326200.0,383.029999,383.940002,382.369995,383.579987,1734101.000000,1742329800.0
1742391000.0,385.524994,387.920013,384.000000,387.119995,3701386.000000,1742394600.0
1742394600.0,387.140015,387.230011,385.399994,386.149994,1121488.000000,1742398200.0
1742398200.0,386.125000,387.969391,385.970001,387.179993,1072122.000000,1742401800.0
1742401800.0,387.190002,387.255005,385.050110,385.149994,980802.000000,1742405400.0
1742405400.0,385.109985,387.000000,384.640015,385.685913,1409182.000000,1742409000.0
1742409000.0,385.720001,389.679993,385.720001,387.459991,2112792.000000,1742412600.0
1742412600.0,387.470001,388.970001,387.010010,387.790009,1927862.000000,1742416200.0
1742477400.0,385.734985,391.588989,383.290009,390.835297,2754872.000000,1742481000.0
1742481000.0,390.855011,391.785004,388.420013,388.489990,1513697.000000,1742484600.0
1742484600.0,388.579987,388.940002,386.690002,386.825012,1430172.000000,1742488200.0
1742488200.0,386.829987,387.609985,385.644989,385.644989,1314741.000000,1742491800.0
1742491800.0,385.649994,387.170013,384.730011,384.839996,1191016.000000,1742495400.0
1742495400.0,384.829987,387.109802,384.610107,385.869995,1111904.000000,1742499000.0
1742499000.0,385.885010,388.140015,385.640015,386.809998,2519603.000000,1742502600.0
1742563800.0,384.915009,385.779999,383.000000,384.850006,8617188.000000,1742567400.0
1742567400.0,384.799011,385.140015,383.605011,383.904999,1496425.000000,1742571000.0
1742571000.0,383.904114,385.929993,382.850006,385.559998,2900455.000000,1742574600.0
1742574600.0,385.540009,386.200012,384.450012,384.709991,1349854.000000,1742578200.0
1742578200.0,384.730011,386.720001,384.440002,385.260010,1358361.000000,1742581800.0
1742581800.0,385.264191,386.309906,385.109985,385.515015,1979907.000000,1742585400.0
1742585400.0,385.489990,391.739990,385.140015,391.309998,5848330.000000,1742589000.0
1742823000.0,395.399994,395.399994,389.809998,391.742004,5170719.000000,1742826600.0
1742826600.0,391.739990,393.339996,391.191711,393.045807,1721432.000000,1742830200.0
1742830200.0,393.019989,393.463104,392.390015,392.576599,2012907.000000,1742833800.0
1742833800.0,392.480011,393.000000,391.910004,392.549988,1140285.000000,1742837400.0
1742837400.0,392.540009,392.700012,391.670013,392.000000,1027383.000000,1742841000.0
1742841000.0,391.994995,393.149994,391.690002,392.869995,1480259.000000,1742844600.0
1742844600.0,392.880005,393.748993,392.279999,392.910004,2712334.000000,1742848200.0
1742909400.0,393.915009,395.799988,392.640015,394.993500,3508809.000000,1742913000.0
1742913000.0,394.929993,396.359985,394.143005,395.410004,1571892.000000,1742916600.0
1742916600.0,395.434998,395.459991,394.059998,394.404999,1128760.000000,1742920200.0
1742920200.0,394.380005,394.890015,393.079987,394.595001,948055.000000,1742923800.0
1742923800.0,394.589996,395.730011,394.399994,395.339996,911508.000000,1742927400.0
1742927400.0,395.390015,395.459991,393.355011,393.959991,1288762.000000,1742931000.0
1742931000.0,393.940002,395.420013,393.940002,395.100006,1604650.000000,1742934600.0
1742995800.0,395.010010,395.309998,392.179993,392.989990,3450189.000000,1742999400.0
1742999400.0,392.940002,394.609985,392.570007,393.825012,1308503.000000,1743003000.0
1743003000.0,393.809998,394.184998,392.140015,392.809998,1397758.000000,1743006600.0
1743006600.0,392.779999,393.123993,391.470001,391.720001,1192848.000000,1743010200.0
1743010200.0,391.644989,391.679993,389.829987,390.309998,1276603.000000,1743013800.0
1743013800.0,390.309998,390.450012,388.570007,389.396301,1560893.000000,1743017400.0
1743017400.0,389.470001,390.563690,389.230011,389.820007,1913921.000000,1743021000.0
1743082200.0,390.130005,391.200012,387.399994,390.700012,2967202.000000,1743085800.0
1743085800.0,390.730011,391.190002,389.670013,390.630005,1276207.000000,1743089400.0
1743089400.0,390.630005,391.790009,389.709991,390.679993,908662.000000,1743093000.0
1743093000.0,390.720001,391.434998,389.410004,389.820007,1062729.000000,1743096600.0
1743096600.0,389.779999,391.230011,389.595001,390.989990,1022181.000000,1743100200.0
1743100200.0,391.005005,392.239990,390.869995,392.000000,932198.000000,1743103800.0
1743103800.0,392.014191,392.014191,390.181091,390.529999,1535159.000000,1743107400.0
1743168600.0,388.079987,389.130005,384.170013,384.325012,2961124.000000,1743172200.0
1743172200.0,384.329987,384.797302,381.470001,382.619995,2096208.000000,1743175800.0
1743175800.0,382.565002,383.045013,380.549988,380.664795,1471225.000000,1743179400.0
1743179400.0,380.614990,381.113495,377.600006,377.640015,2524365.000000,1743183000.0
1743183000.0,377.640015,379.619385,377.399994,379.369995,1872327.000000,1743186600.0
1743186600.0,379.369995,379.630005,377.491486,377.745789,2217488.000000,1743190200.0
1743190200.0,377.864990,379.540009,376.929993,378.820007,3022265.000000,1743193800.0
1743427800.0,372.535004,372.751801,367.630005,367.834015,6476947.000000,1743431400.0
1743431400.0,367.795013,369.970001,367.239990,369.339996,3133015.000000,1743435000.0
1743435000.0,369.279999,372.000000,368.910004,371.989990,2004504.000000,1743438600.0
1743438600.0,371.989197,372.429993,369.679993,371.230011,2129377.000000,1743442200.0
1743442200.0,371.250000,373.040009,370.119995,372.434998,1650219.000000,1743445800.0
1743445800.0,372.434998,374.040009,371.500000,372.869995,1816197.000000,1743449400.0
1743449400.0,372.880005,377.059998,372.750000,374.869995,5345776.000000,1743453000.0
1743514200.0,374.654999,378.679993,373.230011,377.519989,4630533.000000,1743517800.0
1743517800.0,377.475006,381.890015,377.323792,381.109985,2482993.000000,1743521400.0
1743521400.0,381.154999,382.325012,380.029999,380.809998,1720989.000000,1743525000.0
1743525000.0,380.779999,381.700012,379.649994,380.865906,1288762.000000,1743528600.0
1743528600.0,380.825012,381.260010,378.279999,378.690002,1281073.000000,1743532200.0
1743532200.0,378.769989,380.910004,378.630005,380.424988,1377331.000000,1743535800.0
1743535800.0,380.424988,382.850006,380.250000,382.079987,2432467.000000,1743539400.0
1743600600.0,377.964996,382.459991,376.619995,381.494995,2909437.000000,1743604200.0
1743604200.0,381.470001,382.670013,380.880005,382.459991,1482457.000000,1743607800.0
1743607800.0,382.399994,383.255005,380.239990,383.255005,1326983.000000,1743611400.0
1743611400.0,383.255005,385.079987,382.190002,383.980011,1298372.000000,1743615000.0
1743615000.0,383.964996,384.019989,380.420013,380.450012,1586243.000000,1743618600.0
1743618600.0,380.359985,382.440002,380.260010,382.350006,1359117.000000,1743622200.0
1743622200.0,382.364990,384.029999,381.950012,382.109985,2324716.000000,1743625800.0
1743687000.0,374.785004,375.989990,369.350006,373.524994,7937127.000000,1743690600.0
1743690600.0,373.489990,374.989990,371.170013,374.160004,3146206.000000,1743694200.0
1743694200.0,374.040009,376.880005,373.815887,376.845001,2210651.000000,1743697800.0
1743697800.0,376.869995,377.450012,375.720001,375.760010,1762442.000000,1743701400.0
1743701400.0,375.750000,377.104187,375.021301,375.454987,2215640.000000,1743705000.0
1743705000.0,375.475006,376.230011,373.779999,374.910004,2384478.000000,1743708600.0
1743708600.0,374.910004,375.779999,372.609985,373.119995,3563727.000000,1743712200.0
1743773400.0,364.125000,374.589996,364.000000,370.547913,11335072.000000,1743777000.0
1743777000.0,370.507507,372.850006,365.510986,366.774994,7325880.000000,1743780600.0
1743780600.0,366.779999,370.329987,364.200012,364.605011,3343059.000000,1743784200.0
1743784200.0,364.500000,365.989990,362.850006,364.502686,3294797.000000,1743787800.0
1743787800.0,364.545013,366.679993,362.250000,362.660004,3032637.000000,1743791400.0
1743791400.0,362.694305,364.320007,360.089996,363.269989,4126799.000000,1743795000.0
1743795000.0,363.269989,365.899994,359.489990,359.750000,5294801.000000,1743798600.0
1744032600.0,352.750000,370.999908,344.790009,355.152496,16300930.000000,1744036200.0
1744036200.0,355.220001,362.089996,350.010010,352.994995,6891340.000000,1744039800.0
1744039800.0,352.904999,358.700012,352.809998,356.024994,3394371.000000,1744043400.0
1744043400.0,355.929993,359.329987,352.160004,359.130005,3301512.000000,1744047000.0
1744047000.0,359.130005,361.640015,357.029999,357.920013,3922602.000000,1744050600.0
1744050600.0,357.980011,361.000000,355.040009,355.265015,3666021.000000,1744054200.0
1744054200.0,355.265015,358.910004,354.809998,357.750000,3966753.000000,1744057800.0
1744119000.0,368.255005,373.649994,366.899994,372.119995,8394253.000000,1744122600.0
1744122600.0,372.119995,372.519989,366.869995,367.005005,3623284.000000,1744126200.0
1744126200.0,367.079987,369.239990,363.000000,364.626587,2430922.000000,1744129800.0
1744129800.0,364.690002,365.000000,358.149994,358.464996,3327105.000000,1744133400.0
1744133400.0,358.464996,362.640015,357.940002,358.299988,2482062.000000,1744137000.0
1744137000.0,358.390015,361.369995,353.029999,355.908508,3235607.000000,1744140600.0
1744140600.0,355.869995,356.010010,350.250000,355.570007,4809554.000000,1744144200.0
1744205400.0,353.380005,363.064789,353.309998,361.045013,6235376.000000,1744209000.0
1744209000.0,361.040009,362.959991,357.369995,361.040009,2924725.000000,1744212600.0
1744212600.0,361.070007,364.670013,359.429993,363.749908,2760921.000000,1744216200.0
1744216200.0,363.684998,384.700012,362.920013,379.059998,6419894.000000,1744219800.0
1744219800.0,379.089996,387.070007,369.500000,385.119995,7834275.000000,1744223400.0
1744223400.0,385.135010,388.799988,382.089996,387.839996,4585044.000000,1744227000.0
1744227000.0,387.795013,393.225006,387.522003,390.429993,6338154.000000,1744230600.0
1744291800.0,382.369995,383.899994,377.609985,377.769989,6160944.000000,1744295400.0
1744295400.0,377.769989,381.245300,377.040009,377.549988,2981830.000000,1744299000.0
1744299000.0,377.510010,378.049988,367.820007,369.572510,4005125.000000,1744302600.0
1744302600.0,369.480011,377.829987,369.010010,373.994995,3478100.000000,1744306200.0
1744306200.0,373.984985,379.839996,373.214996,379.535004,3482786.000000,1744309800.0
1744309800.0,379.549988,383.529999,376.700012,379.600006,4562815.000000,1744313400.0
1744313400.0,379.619995,383.149994,377.380005,381.140015,4111100.000000,1744317000.0
1744378200.0,380.635010,386.029999,378.890015,379.595001,4269507.000000,1744381800.0
1744381800.0,379.549988,385.119995,379.160004,382.570007,2280322.000000,1744385400.0
1744385400.0,382.440002,387.549988,382.130005,386.209991,2324844.000000,1744389000.0
1744389000.0,386.209991,388.100006,384.994995,385.429993,1877397.000000,1744392600.0
1744392600.0,385.510010,390.049988,384.959991,388.350006,2167783.000000,1744396200.0
1744396200.0,388.329987,389.779999,387.869995,388.399994,1802390.000000,1744399800.0
1744399800.0,388.480011,389.459991,387.459991,387.989990,3152602.000000,1744403400.0
1744637400.0,393.220001,393.220001,390.519989,392.929993,3953371.000000,1744641000.0
1744641000.0,392.959991,394.640015,388.610107,388.679993,1999256.000000,1744644600.0
1744644600.0,388.727509,389.790009,384.556305,385.809998,2406231.000000,1744648200.0
1744648200.0,385.850006,387.279999,384.209991,386.329987,1499087.000000,1744651800.0
1744651800.0,386.350006,388.755005,385.579987,388.482513,1175053.000000,1744655400.0
1744655400.0,388.429993,390.311890,388.059998,389.340088,2146037.000000,1744659000.0
1744659000.0,389.350006,389.719910,387.214996,388.049988,1882216.000000,1744662600.0
1744723800.0,388.505005,391.890015,385.899994,386.880005,3719902.000000,1744727400.0
1744727400.0,386.910004,389.570007,386.820007,387.880005,2181431.000000,1744731000.0
1744731000.0,387.825012,388.790009,386.355011,388.390015,1784589.000000,1744734600.0
1744734600.0,388.345001,388.559998,384.500000,384.790009,1414660.000000,1744738200.0
1744738200.0,384.799988,386.000000,384.500000,385.679993,1224280.000000,1744741800.0
1744741800.0,385.670013,386.420013,384.760010,385.489990,1408824.000000,1744745400.0
1744745400.0,385.481598,386.209991,384.209991,385.604004,1750182.000000,1744749000.0
1744810200.0,380.494995,381.609985,375.899994,378.635010,3564334.000000,1744813800.0
1744813800.0,378.660004,380.066589,377.769989,379.630005,1832861.000000,1744817400.0
1744817400.0,379.690002,379.690002,376.429993,377.355011,1422317.000000,1744821000.0
1744821000.0,377.309998,377.750000,376.250000,377.489990,1131709.000000,1744824600.0
1744824600.0,377.510010,377.540009,372.010010,373.130005,2656695.000000,1744828200.0
1744828200.0,373.070007,373.209991,368.200012,368.640015,2466266.000000,1744831800.0
1744831800.0,368.649994,372.200012,368.410004,371.609985,3536103.000000,1744835400.0
1744896600.0,373.440002,374.321503,369.589996,370.315002,4962523.000000,1744900200.0
1744900200.0,370.339996,372.459991,368.625000,370.394989,1959447.000000,1744903800.0
1744903800.0,370.450012,372.529999,370.340088,371.829987,1567911.000000,1744907400.0
1744907400.0,371.875000,372.200012,369.799988,370.299988,1805839.000000,1744911000.0
1744911000.0,370.339996,371.920013,370.339996,370.579987,1785322.000000,1744914600.0
1744914600.0,370.579987,371.160004,367.750000,368.410004,2473898.000000,1744918200.0
1744918200.0,368.470001,369.010010,366.890015,367.600006,2395861.000000,1744921800.0
1745242200.0,363.119995,364.480011,359.559998,360.239990,3180717.000000,1745245800.0
1745245800.0,360.220001,361.529999,359.440002,359.549988,1882631.000000,1745249400.0
1745249400.0,359.510010,359.760010,357.750000,358.256897,2021684.000000,1745253000.0
1745253000.0,358.200012,359.690002,358.179993,358.540009,1417594.000000,1745256600.0
1745256600.0,358.489990,358.950012,356.899994,357.359985,1245593.000000,1745260200.0
1745260200.0,357.390015,357.929993,355.673798,357.045013,1659057.000000,1745263800.0
1745263800.0,357.089996,359.750000,357.024994,359.140015,2440055.000000,1745267400.0
1745328600.0,363.420013,363.500000,359.860199,362.859985,3345439.000000,1745332200.0
1745332200.0,362.934998,365.119995,362.239990,364.230011,1843433.000000,1745335800.0
1745335800.0,364.200012,367.760010,363.701996,367.434998,1727623.000000,1745339400.0
1745339400.0,367.394897,367.720001,363.429993,363.644989,1677155.000000,1745343000.0
1745343000.0,363.640015,365.920013,362.769989,365.540009,1430454.000000,1745346600.0
1745346600.0,365.540009,366.910004,364.269989,364.558594,1668559.000000,1745350200.0
1745350200.0,364.480011,367.380005,364.250000,366.739990,2181455.000000,1745353800.0
1745415000.0,376.299988,379.980011,375.264496,378.869995,5169715.000000,1745418600.0
1745418600.0,378.820007,380.390015,376.000000,376.799988,2199835.000000,1745422200.0
1745422200.0,376.829987,377.170013,373.640015,375.079987,1430413.000000,1745425800.0
1745425800.0,375.109985,377.769989,374.750000,377.000000,1307025.000000,1745429400.0
1745429400.0,377.049988,378.000000,375.820007,375.972198,1233031.000000,1745433000.0
1745433000.0,376.019989,376.690002,373.829987,374.329987,1403697.000000,1745436600.0
1745436600.0,374.269989,375.779999,373.029999,374.049988,2703787.000000,1745440200.0
1745501400.0,375.989990,383.089996,375.190002,382.964996,3177318.000000,1745505000.0
1745505000.0,382.950012,384.459991,382.559998,383.584991,2017293.000000,1745508600.0
1745508600.0,383.649994,385.109985,382.738098,384.579987,1555154.000000,1745512200.0
1745512200.0,384.510010,385.179993,383.700012,385.059998,1651609.000000,1745515800.0
1745515800.0,385.071808,386.250000,384.540009,386.229187,1612802.000000,1745519400.0
1745519400.0,386.220001,387.589996,385.799988,385.799988,1941595.000000,1745523000.0
1745523000.0,385.859894,388.450012,385.779999,387.269989,2841112.000000,1745526600.0
1745587800.0,387.000000,389.225006,384.600006,386.109985,3043501.000000,1745591400.0
1745591400.0,386.119995,387.890015,385.369995,386.984985,1130366.000000,1745595000.0
1745595000.0,387.019989,388.200012,386.240112,388.048615,950045.000000,1745598600.0
1745598600.0,387.998413,390.899994,387.654999,390.559998,2353378.000000,1745602200.0
1745602200.0,390.559998,390.649994,389.019989,390.315002,1764828.000000,1745605800.0
1745605800.0,390.260010,391.049988,389.790009,390.510010,1371483.000000,1745609400.0
1745609400.0,390.369995,392.160004,389.940002,391.619995,2300428.000000,1745613000.0
1745847000.0,391.660004,392.000000,387.649994,389.445007,3646324.000000,1745850600.0
1745850600.0,389.475006,390.890015,387.730011,388.170013,1419217.000000,1745854200.0
1745854200.0,388.170013,388.859985,386.708496,386.989990,976009.000000,1745857800.0
1745857800.0,387.040009,388.279999,386.638000,387.140015,890290.000000,1745861400.0
1745861400.0,387.140015,391.011993,386.950012,390.929993,1341507.000000,1745865000.0
1745865000.0,390.959991,392.000000,390.230011,391.470001,1351389.000000,1745868600.0
1745868600.0,391.519989,392.739990,390.890015,391.160004,1838512.000000,1745872200.0
1745933400.0,391.299988,394.829987,390.380005,393.570007,2713041.000000,1745937000.0
1745937000.0,393.579987,394.820007,392.489990,393.154999,1291405.000000,1745940600.0
1745940600.0,393.165009,394.130005,392.119995,393.399994,851380.000000,1745944200.0
1745944200.0,393.483795,393.727386,391.350006,392.609985,965993.000000,1745947800.0
1745947800.0,392.659912,394.200012,392.510010,394.079987,1154574.000000,1745951400.0
1745951400.0,394.084991,394.420013,393.359985,394.000000,1273823.000000,1745955000.0
1745955000.0,394.000000,395.000000,393.450012,393.980011,1994958.000000,1745958600.0
1746019800.0,390.304993,390.304993,384.440002,388.505005,5503097.000000,1746023400.0
1746023400.0,388.505005,390.769989,387.549988,390.440002,1920679.000000,1746027000.0
1746027000.0,390.440002,391.040009,389.220001,389.399994,1663770.000000,1746030600.0
1746030600.0,389.390015,390.529999,387.980011,390.040009,1654216.000000,1746034200.0
1746034200.0,390.040009,392.820007,389.809998,390.579987,1854632.000000,1746037800.0
1746037800.0,390.579987,391.174988,389.399994,390.220001,2119834.000000,1746041400.0
1746041400.0,390.239990,396.649994,389.890015,392.399994,5565135.000000,1746045000.0
1746106200.0,431.109985,436.989990,428.559998,431.135010,23899164.000000,1746109800.0
1746109800.0,431.070007,433.570007,430.010010,432.250000,7082494.000000,1746113400.0
1746113400.0,432.200012,432.290009,427.827515,429.299988,5449302.000000,1746117000.0
1746117000.0,429.269989,430.339996,427.640015,429.079987,3391893.000000,1746120600.0
1746120600.0,429.095001,431.140015,427.964996,429.911407,3338250.000000,1746124200.0
1746124200.0,429.910004,431.899994,429.799988,429.989990,3458119.000000,1746127800.0
1746127800.0,429.989990,430.380005,424.920013,425.130005,5249357.000000,1746131400.0
1746192600.0,431.709991,439.440002,429.984985,437.850006,10160256.000000,1746196200.0
1746196200.0,437.890015,437.899994,434.179993,434.899994,3551306.000000,1746199800.0
1746199800.0,434.904999,438.190002,433.938202,437.130005,2746092.000000,1746203400.0
1746203400.0,437.130005,438.170013,436.109985,436.510010,1976788.000000,1746207000.0
1746207000.0,436.470001,437.309998,435.630096,436.210510,1822505.000000,1746210600.0
1746210600.0,436.195007,436.730011,434.769989,435.684998,3510278.000000,1746214200.0
1746214200.0,435.659607,435.970001,434.600006,435.100006,2775337.000000,1746217800.0
1746451800.0,432.756989,437.170013,432.113007,435.089996,3618977.000000,1746455400.0
1746455400.0,435.194214,438.059998,434.470001,436.500000,1845412.000000,1746459000.0
1746459000.0,436.589996,439.380005,436.385010,439.315002,1487599.000000,1746462600.0
1746462600.0,439.280090,439.500000,438.609985,438.885010,1409534.000000,1746466200.0
1746466200.0,438.859985,439.019714,437.750000,437.785004,1448537.000000,1746469800.0
1746469800.0,437.799988,438.649994,436.769989,436.850006,1263082.000000,1746473400.0
1746473400.0,436.829987,437.670013,435.100006,436.019989,1890913.000000,1746477000.0
1746538200.0,432.929993,435.100006,432.339996,434.850006,3694678.000000,1746541800.0
1746541800.0,434.890015,436.449402,434.600006,436.339996,1416116.000000,1746545400.0
1746545400.0,436.312500,437.730011,435.070007,435.965210,1274006.000000,1746549000.0
1746549000.0,435.959991,436.880005,435.551208,435.886108,1072379.000000,1746552600.0
1746552600.0,435.850006,436.239990,434.350006,435.750000,1008009.000000,1746556200.0
1746556200.0,435.635010,436.000000,434.570007,435.480011,1028665.000000,1746559800.0
1746559800.0,435.480011,435.769989,433.220001,433.290009,1536819.000000,1746563400.0
1746624600.0,433.839996,435.709991,432.329987,435.234985,3829406.000000,1746628200.0
1746628200.0,435.369995,435.519989,431.110291,433.250488,2574321.000000,1746631800.0
1746631800.0,433.255005,434.720001,432.769989,434.304993,1223148.000000,1746635400.0
1746635400.0,434.339996,436.190002,434.279999,435.635010,1297650.000000,1746639000.0
1746639000.0,435.640015,435.829987,432.150604,433.480011,1255931.000000,1746642600.0
1746642600.0,433.510010,436.299988,432.980011,433.839996,1594788.000000,1746646200.0
1746646200.0,433.920013,438.119995,433.000000,433.489990,2472620.000000,1746649800.0
1746711000.0,437.929993,441.100006,436.500000,437.739990,6215915.000000,1746714600.0
1746714600.0,437.809998,440.968903,435.660004,439.890015,1963412.000000,1746718200.0
1746718200.0,440.000000,443.489990,439.459991,442.096497,2548336.000000,1746721800.0
1746721800.0,442.049988,443.670013,441.815002,443.535004,1368501.000000,1746725400.0
1746725400.0,443.540009,443.589996,441.799988,442.329987,1737946.000000,1746729000.0
1746729000.0,442.263214,443.375000,441.234497,442.119995,1489862.000000,1746732600.0
1746732600.0,442.170013,442.179993,437.670013,438.251007,2509683.000000,1746736200.0
1746797400.0,440.279999,440.579987,436.902710,437.295013,4951202.000000,1746801000.0
1746801000.0,437.309998,437.929993,436.239990,437.359985,1212041.000000,1746804600.0
1746804600.0,437.149994,437.760010,435.880005,436.450012,1084089.000000,1746808200.0
1746808200.0,436.369995,437.279999,436.149994,436.779999,789790.000000,1746811800.0
1746811800.0,436.785004,438.209991,436.450012,437.920013,965438.000000,1746815400.0
1746815400.0,437.890015,439.720001,437.829987,439.040009,1357505.000000,1746819000.0
1746819000.0,439.079987,439.459991,438.429993,438.850006,1482937.000000,1746822600.0
1747056600.0,444.929993,446.040009,439.779999,443.929993,6429733.000000,1747060200.0
1747060200.0,443.940002,444.420013,442.463989,443.744995,1945650.000000,1747063800.0
1747063800.0,443.760010,444.299988,442.725006,444.000000,1317847.000000,1747067400.0
1747067400.0,443.809998,447.140015,443.809998,446.320007,1703225.000000,1747071000.0
1747071000.0,446.325012,448.089996,446.325012,447.899994,1394765.000000,1747074600.0
1747074600.0,447.924988,448.410004,446.674011,447.000000,1516702.000000,1747078200.0
1747078200.0,447.019989,449.299988,445.850006,449.160004,3123878.000000,1747081800.0
1747143000.0,447.989990,450.673309,445.359985,448.764313,4533667.000000,1747146600.0
1747146600.0,448.779999,449.095001,446.630005,448.114990,3566612.000000,1747150200.0
1747150200.0,448.079987,448.777588,447.269989,447.809998,2720069.000000,1747153800.0
1747153800.0,447.769989,449.220001,447.561005,448.494995,1318590.000000,1747157400.0
1747157400.0,448.500610,449.309998,447.390015,447.390015,1429493.000000,1747161000.0
1747161000.0,447.450012,449.489990,447.350006,449.390015,1749355.000000,1747164600.0
1747164600.0,449.390015,450.154999,448.559998,448.910004,2944046.000000,1747168200.0
1747229400.0,448.269989,453.739990,448.230011,452.859985,4881232.000000,1747233000.0
1747233000.0,452.910004,453.899994,451.619995,452.695007,2202521.000000,1747236600.0
1747236600.0,452.709991,453.559998,451.799988,452.339996,1631234.000000,1747240200.0
1747240200.0,452.325287,452.528595,450.029999,450.765015,1035778.000000,1747243800.0
1747243800.0,450.820007,451.850006,450.402802,451.540009,883694.000000,1747247400.0
1747247400.0,451.519989,452.609985,450.954987,451.279999,1347004.000000,1747251000.0
1747251000.0,451.260010,453.299988,451.239990,452.899994,2914094.000000,1747254600.0
1747315800.0,450.765015,454.250000,450.430115,453.640503,3219468.000000,1747319400.0
1747319400.0,453.720001,455.510010,452.290009,454.926300,2331143.000000,1747323000.0
1747323000.0,454.929993,455.980011,454.220093,455.257996,1854694.000000,1747326600.0
1747326600.0,455.250000,456.190002,454.750000,456.029297,2098882.000000,1747330200.0
1747330200.0,456.010010,456.049988,452.690002,453.595001,1723217.000000,1747333800.0
1747333800.0,453.540100,454.209991,451.089996,451.359985,1554771.000000,1747337400.0
1747337400.0,451.410004,453.670013,451.410004,453.049988,2932018.000000,1747341000.0
1747402200.0,452.355011,453.000000,449.170013,449.619995,5707030.000000,1747405800.0
1747405800.0,449.570007,450.390015,448.736908,449.730011,1744181.000000,1747409400.0
1747409400.0,449.750000,450.799988,449.394989,450.650085,2572333.000000,1747413000.0
1747413000.0,450.714996,450.880005,449.799988,450.537506,1493635.000000,1747416600.0
1747416600.0,450.630005,453.260010,450.589996,452.829987,1541183.000000,1747420200.0
1747420200.0,452.880005,453.450012,452.471100,453.000000,1306543.000000,1747423800.0
1747423800.0,452.959991,454.350006,451.770111,454.260010,2743204.000000,1747427400.0
1747661400.0,450.875000,458.660004,450.875000,455.790009,5292542.000000,1747665000.0
1747665000.0,455.709991,457.440002,455.420013,456.690002,2426229.000000,1747668600.0
1747668600.0,456.630005,458.100006,456.619995,458.070007,1443629.000000,1747672200.0
1747672200.0,458.100006,459.584991,457.636993,458.739990,2007982.000000,1747675800.0
1747675800.0,458.760010,459.350006,457.825012,458.059998,1166840.000000,1747679400.0
1747679400.0,458.010010,458.709991,457.630005,458.075012,1123480.000000,1747683000.0
1747683000.0,458.059998,459.079987,457.186096,458.859985,1755798.000000,1747686600.0
1747747800.0,455.589996,457.059998,454.320099,455.510010,3493900.000000,1747751400.0
1747751400.0,455.440002,456.730011,455.084991,456.209991,2494806.000000,1747755000.0
1747755000.0,456.239990,456.679993,455.695007,456.589996,859510.000000,1747758600.0
1747758600.0,456.609985,457.559998,456.589996,457.355011,1051240.000000,1747762200.0
1747762200.0,457.369995,457.459991,455.010010,455.279999,1092825.000000,1747765800.0
1747765800.0,455.260010,456.950012,455.049988,456.625000,1280293.000000,1747769400.0
1747769400.0,456.640015,458.339996,456.524994,458.329987,1765524.000000,1747773000.0
1747834200.0,454.940002,457.500000,454.250000,455.945007,3826640.000000,1747837800.0
1747837800.0,456.000000,457.244995,455.239990,456.915009,1598782.000000,1747841400.0
1747841400.0,456.915009,457.779999,456.459991,456.920013,1478012.000000,1747845000.0
1747845000.0,456.970001,457.160004,452.369995,452.454987,1904501.000000,1747848600.0
1747848600.0,452.450012,454.899994,451.813995,453.725006,1753785.000000,1747852200.0
1747852200.0,453.725006,454.679993,451.931610,452.350006,1505337.000000,1747855800.0
1747855800.0,452.410004,454.089996,452.380005,452.380005,1828265.000000,1747859400.0
1747920600.0,455.315002,460.244995,454.160004,457.809998,4547459.000000,1747924200.0
1747924200.0,457.799988,458.500000,455.074402,455.089996,1872542.000000,1747927800.0
1747927800.0,455.049988,456.875000,454.890015,456.300415,1534655.000000,1747931400.0
1747931400.0,456.299988,456.350006,453.910004,455.744995,1267373.000000,1747935000.0
1747935000.0,455.720001,456.760010,454.880096,456.500000,1429113.000000,1747938600.0
1747938600.0,456.410004,457.140015,455.809998,456.589996,1311001.000000,1747942200.0
1747942200.0,456.574005,457.000000,454.200104,455.059998,2291590.000000,1747945800.0
1748007000.0,449.760010,452.359985,448.910004,451.429993,4123398.000000,1748010600.0
1748010600.0,451.420013,452.029999,449.934998,450.755005,1333116.000000,1748014200.0
1748014200.0,450.750000,451.799988,450.045288,451.174988,1814301.000000,1748017800.0
1748017800.0,451.130005,452.989990,450.545807,452.910004,1348371.000000,1748021400.0
1748021400.0,452.920013,453.690002,452.180115,452.250000,1288132.000000,1748025000.0
1748025000.0,452.290009,452.864990,451.190002,451.528900,1137539.000000,1748028600.0
1748028600.0,451.505005,452.369995,450.000000,450.190002,2531935.000000,1748032200.0
1748352600.0,456.480011,460.200012,456.114990,457.970001,4617834.000000,1748356200.0
1748356200.0,457.989990,458.540009,456.980103,457.877106,1638449.000000,1748359800.0
1748359800.0,457.850006,458.880005,457.214996,458.279999,2419982.000000,1748363400.0
1748363400.0,458.269989,459.390015,458.224609,459.079987,1375877.000000,1748367000.0
1748367000.0,459.040009,459.869995,458.660004,459.631104,1250456.000000,1748370600.0
1748370600.0,459.609985,459.929413,459.079987,459.429993,1905586.000000,1748374200.0
1748374200.0,459.459991,460.950012,459.220001,460.690002,3580847.000000,1748377800.0
1748439000.0,461.220001,462.519989,459.359985,459.605011,3257490.000000,1748442600.0
1748442600.0,459.600006,460.130005,459.130005,459.519989,1394813.000000,1748446200.0
1748446200.0,459.510010,459.704803,458.297699,458.859100,1347415.000000,1748449800.0
1748449800.0,458.859985,458.980011,457.739990,457.924988,1290697.000000,1748453400.0
1748453400.0,457.869995,458.572998,457.134308,458.554993,905345.000000,1748457000.0
1748457000.0,458.554993,458.899994,456.940002,457.850006,1322373.000000,1748460600.0
1748460600.0,457.829987,458.390015,457.049988,457.380005,1858681.000000,1748464200.0
1748525400.0,461.510010,461.720001,456.760010,458.769989,3215890.000000,1748529000.0
1748529000.0,458.730011,459.910004,458.260315,459.269989,1233465.000000,1748532600.0
1748532600.0,459.269989,459.450012,455.310486,458.549988,1159366.000000,1748536200.0
1748536200.0,458.544495,459.559998,458.399994,458.537201,989685.000000,1748539800.0
1748539800.0,458.554993,458.859985,457.279999,457.510010,1043938.000000,1748543400.0
1748543400.0,457.589996,458.670013,457.500000,458.075012,1017421.000000,1748547000.0
1748547000.0,458.070007,459.970001,457.619995,458.450012,1780044.000000,1748550600.0
1748611800.0,459.714996,460.214996,457.600098,459.415009,2183957.000000,1748615400.0
1748615400.0,459.412506,459.412506,458.350006,459.167511,1259428.000000,1748619000.0
1748619000.0,459.174988,459.760010,456.119995,456.470001,1106623.000000,1748622600.0
1748622600.0,456.480011,457.579987,455.540009,457.089996,1440298.000000,1748626200.0
1748626200.0,457.109985,459.167786,456.640808,458.750000,1233215.000000,1748629800.0
1748629800.0,458.799988,460.804199,458.410004,460.570007,1740987.000000,1748633400.0
1748633400.0,460.609985,461.679993,458.670013,459.589996,5077471.000000,1748637000.0
1748871000.0,457.000000,461.140015,456.890015,460.635010,3436444.000000,1748874600.0
1748874600.0,460.630005,461.449890,459.940002,460.570007,1639823.000000,1748878200.0
1748878200.0,460.549988,461.549988,460.035004,460.850006,2061511.000000,1748881800.0
1748881800.0,460.859985,462.059998,460.579987,460.980011,599538.000000,1748885400.0
1748885400.0,460.970001,461.700012,460.190002,461.445007,1414499.000000,1748889000.0
1748889000.0,461.480011,461.910004,461.113800,461.649994,977305.000000,1748892600.0
1748892600.0,461.570007,462.109985,460.929993,462.019989,1757847.000000,1748896200.0
1748957400.0,461.470001,464.114990,461.350006,461.779999,3549225.000000,1748961000.0
1748961000.0,461.825012,462.820007,460.862213,462.359985,2152194.000000,1748964600.0
1748964600.0,462.369995,462.899994,462.000000,462.500000,1030212.000000,1748968200.0
1748968200.0,462.500000,463.250000,462.456207,463.029999,863220.000000,1748971800.0
1748971800.0,463.059998,463.450012,461.785004,463.390015,1169409.000000,1748975400.0
1748975400.0,463.415009,463.619995,462.989990,463.364990,1324059.000000,1748979000.0
1748979000.0,463.339996,463.489990,462.660004,463.140015,2009092.000000,1748982600.0
1749043800.0,464.000000,465.640015,463.020111,464.920105,3207738.000000,1749047400.0
1749047400.0,464.920013,465.149994,463.769989,464.631897,1513356.000000,1749051000.0
1749051000.0,464.660004,465.089996,463.739990,463.760010,948127.000000,1749054600.0
1749054600.0,463.739990,464.820007,463.665009,464.700012,1090878.000000,1749058200.0
1749058200.0,464.690002,465.100006,464.170013,464.760010,767012.000000,1749061800.0
1749061800.0,464.760010,464.859985,463.869995,464.359985,1126226.000000,1749065400.0
1749065400.0,464.329987,464.549988,463.269989,463.889008,1577754.000000,1749069000.0
1749130200.0,465.000000,467.359985,464.290009,466.404999,2472971.000000,1749133800.0
1749133800.0,466.399994,467.862488,464.510010,467.640015,1897334.000000,1749137400.0
1749137400.0,467.660004,468.749298,467.239990,468.184998,2364176.000000,1749141000.0
1749141000.0,468.184998,468.480011,466.243103,467.290009,1535482.000000,1749144600.0
1749144600.0,467.290009,469.135010,466.480011,468.961609,1880216.000000,1749148200.0
1749148200.0,468.945007,469.649994,467.109985,467.429993,2292488.000000,1749151800.0
1749151800.0,467.579987,469.339996,466.774994,467.609985,2163465.000000,1749155400.0
1749216600.0,470.309998,473.334991,469.130005,471.750000,4469626.000000,1749220200.0
1749220200.0,471.809998,472.339996,469.579987,470.670013,1906767.000000,1749223800.0
1749223800.0,470.549988,471.225006,470.100006,470.214996,878376.000000,1749227400.0
1749227400.0,470.170013,470.720001,468.809998,470.595001,1037223.000000,1749231000.0
1749231000.0,470.579987,471.540009,470.559998,471.230011,1217322.000000,1749234600.0
1749234600.0,471.230011,471.829987,470.390015,470.440002,1274002.000000,1749238200.0
1749238200.0,470.420013,471.010010,470.080109,470.160004,1591511.000000,1749241800.0
1749475800.0,470.535004,471.225006,468.619995,470.369995,2649076.000000,1749479400.0
1749479400.0,470.410004,471.079987,469.779999,470.149994,1269282.000000,1749483000.0
1749483000.0,470.160004,471.200012,469.750000,470.690002,1545804.000000,1749486600.0
1749486600.0,470.720001,472.539886,470.620605,472.399994,1217422.000000,1749490200.0
1749490200.0,472.375000,473.100006,472.299988,472.896790,860448.000000,1749493800.0
1749493800.0,472.890015,473.429993,472.620087,473.247498,1198681.000000,1749497400.0
1749497400.0,473.239990,473.420013,472.234985,472.760010,2619291.000000,1749501000.0
1749562200.0,471.184998,472.799988,468.330109,469.869995,3430209.000000,1749565800.0
1749565800.0,469.850006,469.891113,468.285004,469.049988,1703557.000000,1749569400.0
1749569400.0,469.040009,469.570007,466.959991,469.511810,1550612.000000,1749573000.0
1749573000.0,469.515015,470.170898,469.265015,469.498413,896462.000000,1749576600.0
1749576600.0,469.484985,469.500000,467.910004,468.225006,967277.000000,1749580200.0
1749580200.0,468.225006,470.640015,468.200012,470.250000,1503425.000000,1749583800.0
1749583800.0,470.265015,471.029999,469.709991,470.929993,1910790.000000,1749587400.0
1749648600.0,470.119995,474.918488,469.654999,474.669891,3665319.000000,1749652200.0
1749652200.0,474.690613,475.459991,474.374207,474.684998,2017880.000000,1749655800.0
1749655800.0,474.765015,474.970001,473.239990,474.051514,1329456.000000,1749659400.0
1749659400.0,474.089996,475.190002,474.019989,474.571503,1025939.000000,1749663000.0
1749663000.0,474.600006,474.779999,470.950012,471.850006,1334651.000000,1749666600.0
1749666600.0,471.790009,472.970001,471.329987,472.179993,1611717.000000,1749670200.0
1749670200.0,472.170013,473.000000,471.690002,472.899994,1634641.000000,1749673800.0
1749735000.0,475.019989,477.019989,472.619995,476.519989,3515200.000000,1749738600.0
1749738600.0,476.529999,478.083588,475.760010,476.989990,1902830.000000,1749742200.0
1749742200.0,476.980011,478.815002,476.579987,478.700012,1508095.000000,1749745800.0
1749745800.0,478.529999,479.989990,477.834991,479.286896,1871505.000000,1749749400.0
1749749400.0,479.299988,480.140015,479.119995,479.484894,1492085.000000,1749753000.0
1749753000.0,479.500000,480.399994,478.989990,479.739990,1846685.000000,1749756600.0
1749756600.0,479.709991,479.720001,477.989990,479.029999,2289477.000000,1749760200.0
1749821400.0,475.765015,479.179993,475.130005,475.220001,3739157.000000,1749825000.0
1749825000.0,475.345001,477.220001,474.950012,476.394989,1731672.000000,1749828600.0
1749828600.0,476.375000,478.079987,475.730011,477.160004,1275926.000000,1749832200.0
1749832200.0,477.174988,477.350006,475.429993,475.559998,1125014.000000,1749835800.0
1749835800.0,475.510010,476.040009,473.901794,474.049988,1322252.000000,1749839400.0
1749839400.0,474.035004,474.720001,472.799988,474.214996,1525556.000000,1749843000.0
1749843000.0,474.234985,475.179993,473.700012,474.959991,2676651.000000,1749846600.0
1750080600.0,478.107300,480.694305,476.549988,480.079987,4119214.000000,1750084200.0
1750084200.0,480.080109,480.440002,479.200012,480.019989,1576924.000000,1750087800.0
1750087800.0,479.970001,480.649902,479.630005,479.829987,1158777.000000,1750091400.0
1750091400.0,479.899994,480.319214,479.399994,480.120697,764530.000000,1750095000.0
1750095000.0,480.170013,480.309998,478.380005,478.579987,912368.000000,1750098600.0
1750098600.0,478.612488,479.000000,477.762787,478.540009,1193522.000000,1750102200.0
1750102200.0,478.510010,479.329987,477.970001,479.049988,2065086.000000,1750105800.0
1750167000.0,475.350006,476.609985,474.100006,476.149994,2755038.000000,1750170600.0
1750170600.0,476.122009,477.100006,475.459991,476.839996,1172110.000000,1750174200.0
1750174200.0,476.839996,478.040009,476.734802,477.679993,1186453.000000,1750177800.0
1750177800.0,477.641815,478.739899,476.614990,476.614990,1104756.000000,1750181400.0
1750181400.0,476.589996,477.269989,475.390015,476.435089,1220898.000000,1750185000.0
1750185000.0,476.329987,477.640015,475.994995,477.565002,1049636.000000,1750188600.0
1750188600.0,477.609985,478.679993,477.329987,478.040009,2017897.000000,1750192200.0
1750253400.0,478.000000,478.649994,474.459991,478.364990,2656179.000000,1750257000.0
1750257000.0,478.380005,479.494995,477.309998,478.809998,1311040.000000,1750260600.0
1750260600.0,479.220001,479.690002,478.779999,478.989990,986629.000000,1750264200.0
1750264200.0,478.970001,479.799988,478.429993,478.429993,816997.000000,1750267800.0
1750267800.0,478.470001,480.339996,477.980011,479.315002,1352118.000000,1750271400.0
1750271400.0,479.195007,480.670013,477.850006,478.540009,1689336.000000,1750275000.0
1750275000.0,478.540009,481.000000,478.369995,480.239990,2982104.000000,1750278600.0
1750426200.0,482.100006,483.440002,479.140015,479.600006,9570529.000000,1750429800.0
1750429800.0,479.619995,480.730011,478.899994,479.869995,2405635.000000,1750433400.0
1750433400.0,479.890015,481.010010,479.390015,479.760010,2377744.000000,1750437000.0
1750437000.0,479.700012,481.359985,478.799988,478.859985,1642530.000000,1750440600.0
1750440600.0,478.804993,479.189911,478.119995,478.734985,1722341.000000,1750444200.0
1750444200.0,478.795013,478.940002,477.149994,477.350006,1317608.000000,1750447800.0
1750447800.0,477.390015,478.769989,476.869995,477.227509,2905206.000000,1750451400.0
1750685400.0,474.859985,476.809998,472.510010,475.649994,3994341.000000,1750689000.0
1750689000.0,475.649994,479.540009,475.269989,478.984985,2555313.000000,1750692600.0
1750692600.0,478.994995,481.579987,478.940094,480.619995,2511957.000000,1750696200.0
1750696200.0,480.600006,486.320007,478.700012,485.904999,3477553.000000,1750699800.0
1750699800.0,486.035004,487.750000,485.794006,486.769989,2640026.000000,1750703400.0
1750703400.0,486.809998,487.489990,485.161499,486.470001,1904017.000000,1750707000.0
1750707000.0,486.468506,487.099915,485.540009,485.920013,2320956.000000,1750710600.0
1750771800.0,488.630005,489.660004,486.795013,487.545013,3369979.000000,1750775400.0
1750775400.0,487.570007,490.549988,487.459991,490.447510,2911520.000000,1750779000.0
1750779000.0,490.519989,491.489990,489.940002,490.700012,2263085.000000,1750782600.0
1750782600.0,490.660004,491.410004,489.940002,490.470001,2121710.000000,1750786200.0
1750786200.0,490.450012,491.848999,490.420013,491.239990,2371837.000000,1750789800.0
1750789800.0,491.209991,491.209991,490.329987,490.839996,1958058.000000,1750793400.0
1750793400.0,490.820007,491.070007,489.510010,490.119995,2808087.000000,1750797000.0
1750858200.0,491.609985,494.555603,491.609985,493.535004,3820122.000000,1750861800.0
1750861800.0,493.619995,493.959991,492.440002,492.589996,1648889.000000,1750865400.0
1750865400.0,492.570007,492.709991,491.149994,491.614990,1207466.000000,1750869000.0
1750869000.0,491.630005,491.659912,490.109985,490.640015,1174224.000000,1750872600.0
1750872600.0,490.609985,490.799988,489.390015,490.479797,1147401.000000,1750876200.0
1750876200.0,490.480011,491.589996,490.089996,491.160004,1691434.000000,1750879800.0
1750879800.0,491.130005,492.440002,490.950012,492.440002,2775326.000000,1750883400.0
1750944600.0,495.089996,496.959991,493.765015,495.250000,3604451.000000,1750948200.0
1750948200.0,495.250000,495.910004,492.920013,493.244995,1881445.000000,1750951800.0
1750951800.0,493.225006,494.600006,493.040009,493.869995,1052293.000000,1750955400.0
1750955400.0,493.869995,496.429993,493.779999,495.910797,1510253.000000,1750959000.0
1750959000.0,495.970001,497.799988,495.970001,497.690002,1596488.000000,1750962600.0
1750962600.0,497.700012,498.029999,496.929993,497.429993,3294413.000000,1750966200.0
1750966200.0,497.390015,497.954987,496.500000,497.309998,4011519.000000,1750969800.0
1751031000.0,498.019989,498.170013,496.209991,497.720001,4449164.000000,1751034600.0
1751034600.0,497.750000,498.059998,496.309998,497.924988,1982871.000000,1751038200.0
1751038200.0,497.915588,499.290009,497.839996,497.970001,2324832.000000,1751041800.0
1751041800.0,497.975006,498.350006,497.194214,497.480011,1703457.000000,1751045400.0
1751045400.0,497.470001,498.029999,495.624695,495.656006,2160358.000000,1751049000.0
1751049000.0,495.660004,496.230011,494.464203,494.890015,1979342.000000,1751052600.0
1751052600.0,494.924988,496.630005,493.029999,495.880005,5101328.000000,1751056200.0
1751290200.0,497.410004,498.000000,495.589996,496.057709,3787722.000000,1751293800.0
1751293800.0,496.075012,497.500000,495.329987,497.387512,2905614.000000,1751297400.0
1751297400.0,497.429993,499.309998,497.250000,497.829987,2236419.000000,1751301000.0
1751301000.0,497.815002,498.760010,497.269989,497.679413,1180009.000000,1751304600.0
1751304600.0,497.675110,498.329987,496.970001,498.029999,1096881.000000,1751308200.0
1751308200.0,498.030701,499.380005,497.690002,499.045013,1511686.000000,1751311800.0
1751311800.0,499.045013,500.760010,497.160004,497.160004,3696249.000000,1751315400.0
1751376600.0,496.470001,498.040009,495.640015,497.154999,3087427.000000,1751380200.0
1751380200.0,497.130005,497.140015,491.829987,493.804993,3404883.000000,1751383800.0
1751383800.0,493.769989,493.950012,490.980011,491.880005,2106132.000000,1751387400.0
1751387400.0,491.779999,494.049988,491.589996,493.254211,1574802.000000,1751391000.0
1751391000.0,493.269989,493.350006,492.230011,492.549988,1218345.000000,1751394600.0
1751394600.0,492.540009,492.940002,491.190002,492.290009,1901285.000000,1751398200.0
1751398200.0,492.295013,493.015015,491.804993,492.019989,2122391.000000,1751401800.0
1751463000.0,489.989990,493.500000,488.700012,491.765015,3826395.000000,1751466600.0
1751466600.0,491.799988,492.760010,491.119995,491.940002,2076825.000000,1751470200.0
1751470200.0,491.959991,492.679993,491.239990,492.175995,1349460.000000,1751473800.0
1751473800.0,492.149994,492.209991,490.151001,490.234985,1100922.000000,1751477400.0
1751477400.0,490.230011,490.589996,489.850006,490.070007,1298902.000000,1751481000.0
1751481000.0,490.040009,490.600006,489.720001,490.200012,1322610.000000,1751484600.0
1751484600.0,490.244995,492.000000,490.015015,490.970001,2181186.000000,1751488200.0
1751549400.0,493.494995,499.039886,493.440002,498.276215,4196311.000000,1751553000.0
1751553000.0,498.309998,499.679993,497.567993,498.429993,2446083.000000,1751556600.0
1751556600.0,498.450012,500.119995,498.324707,498.928497,2341629.000000,1751560200.0
1751895000.0,497.380005,498.390015,495.982697,497.605011,2587118.000000,1751898600.0
1751898600.0,497.619995,498.125000,496.975006,497.839996,1262929.000000,1751902200.0
1751902200.0,497.779999,498.750000,496.451202,497.589996,1280306.000000,1751905800.0
1751905800.0,497.570007,498.010010,496.274994,496.459991,888969.000000,1751909400.0
1751909400.0,496.440002,497.410004,495.269989,495.269989,1261302.000000,1751913000.0
1751913000.0,495.260010,497.250000,495.225006,496.630096,1181384.000000,1751916600.0
1751916600.0,496.644989,497.970001,496.644989,497.829987,1517930.000000,1751920200.0
1751981400.0,497.679993,498.170013,495.559998,495.950012,2085863.000000,1751985000.0
1751985000.0,495.945007,497.062897,494.109985,494.875000,1537849.000000,1751988600.0
1751988600.0,494.839996,496.250000,494.540100,496.000885,746140.000000,1751992200.0
1751992200.0,496.000092,496.070007,494.690002,495.859985,773019.000000,1751995800.0
1751995800.0,495.989990,496.640015,495.600006,496.027496,850138.000000,1751999400.0
1751999400.0,496.059998,496.299988,495.605011,496.059998,769382.000000,1752003000.0
1752003000.0,496.040009,496.899994,495.700012,496.660004,1612289.000000,1752006600.0
1752067800.0,500.109985,506.779999,500.079987,504.559998,6225865.000000,1752071400.0
1752071400.0,504.559998,504.609985,500.450012,501.529999,2298593.000000,1752075000.0
1752075000.0,501.489990,501.619995,499.739990,501.089996,1688431.000000,1752078600.0
1752078600.0,501.070007,501.669891,500.000000,501.470001,1311636.000000,1752082200.0
1752082200.0,501.459991,503.100006,501.230011,502.795013,1090738.000000,1752085800.0
1752085800.0,502.769989,502.950012,502.299988,502.320007,1200663.000000,1752089400.0
1752089400.0,502.300903,503.529999,502.160004,503.480011,1966465.000000,1752093000.0
1752154200.0,503.049988,504.440002,498.350006,498.540009,4267835.000000,1752157800.0
1752157800.0,498.500000,500.480011,497.750000,500.065002,1937257.000000,1752161400.0
1752161400.0,500.149994,500.640015,499.070007,500.274994,1330656.000000,1752165000.0
1752165000.0,500.290009,501.040009,499.549988,500.915009,1007739.000000,1752168600.0
1752168600.0,500.924988,501.809906,500.730011,501.390015,982570.000000,1752172200.0
1752172200.0,501.420013,502.029999,501.019989,501.549988,1164058.000000,1752175800.0
1752175800.0,501.559998,502.184998,500.399994,501.519989,1628636.000000,1752179400.0
1752240600.0,498.470001,502.390015,497.825012,501.500000,2877217.000000,1752244200.0
1752244200.0,501.470001,502.940002,501.049988,502.790009,2444927.000000,1752247800.0
1752247800.0,502.760010,505.029999,502.739990,504.709991,1801470.000000,1752251400.0
1752251400.0,504.670013,504.929993,503.954987,504.545013,1006534.000000,1752255000.0
1752255000.0,504.529999,504.630005,503.290009,504.279999,975125.000000,1752258600.0
1752258600.0,504.274109,504.549988,502.559998,503.402893,1201048.000000,1752262200.0
1752262200.0,503.337494,504.079987,503.070007,503.170013,2108867.000000,1752265800.0
1752499800.0,501.515015,502.890015,501.029999,501.549988,2455527.000000,1752503400.0
1752503400.0,501.589996,503.970001,501.100006,502.964996,1402972.000000,1752507000.0
1752507000.0,503.029999,503.380005,502.332703,502.480011,893862.000000,1752510600.0
1752510600.0,502.459991,503.070007,502.160004,502.720001,751759.000000,1752514200.0
1752514200.0,502.730011,503.060303,502.167114,502.899994,1079306.000000,1752517800.0
1752517800.0,502.910004,503.450012,502.579987,502.970001,1082094.000000,1752521400.0
1752521400.0,502.920013,503.429993,502.800110,502.940002,1517534.000000,1752525000.0
1752586200.0,503.010010,506.290009,502.790009,505.649994,2984019.000000,1752589800.0
1752589800.0,505.674988,507.279999,504.370087,507.279999,1660226.000000,1752593400.0
1752593400.0,507.250397,507.390015,506.220001,507.320007,1526678.000000,1752597000.0
1752597000.0,507.343201,507.739899,506.295013,506.869995,1512476.000000,1752600600.0
1752600600.0,506.859985,508.190002,506.809998,507.950012,994272.000000,1752604200.0
1752604200.0,507.950012,508.299988,506.250000,506.579987,1181689.000000,1752607800.0
1752607800.0,506.600006,507.039490,505.630005,505.630005,1770142.000000,1752611400.0
1752672600.0,505.000000,505.500000,502.431000,503.720001,2815828.000000,1752676200.0
1752676200.0,503.809998,505.149994,502.640015,504.447510,1874645.000000,1752679800.0
1752679800.0,504.250000,505.359985,501.890015,503.890015,1714796.000000,1752683400.0
1752683400.0,503.864990,505.730011,503.260010,505.450012,909056.000000,1752687000.0
1752687000.0,505.429993,505.839996,504.929993,505.769989,900219.000000,1752690600.0
1752690600.0,505.829987,506.339996,505.529999,505.820007,901349.000000,1752694200.0
1752694200.0,505.801910,506.720001,505.510010,505.529999,2048038.000000,1752697800.0
1752759000.0,505.679993,510.950012,505.619995,510.075012,3526513.000000,1752762600.0
1752762600.0,510.029999,512.330017,509.920013,511.890015,2035906.000000,1752766200.0
1752766200.0,511.894989,513.369995,511.809998,512.844971,1638126.000000,1752769800.0
1752769800.0,512.849976,513.299988,512.349976,512.817505,1175407.000000,1752773400.0
1752773400.0,512.780029,513.000000,511.880096,512.143616,1212651.000000,1752777000.0
1752777000.0,512.130005,512.359985,511.440002,512.090027,1340292.000000,1752780600.0
1752780600.0,512.070007,512.602173,511.279999,511.850006,3228040.000000,1752784200.0
1752845400.0,514.479980,514.640015,510.329987,510.535004,5740455.000000,1752849000.0
1752849000.0,510.529999,511.450012,509.527008,510.350006,2105198.000000,1752852600.0
1752852600.0,510.361694,510.774994,508.329987,508.765015,1621963.000000,1752856200.0
1752856200.0,508.730011,511.019989,508.434998,510.904999,2842711.000000,1752859800.0
1752859800.0,510.970001,511.549988,510.440002,511.541504,1281892.000000,1752863400.0
1752863400.0,511.540009,511.959991,510.048615,510.079987,1056191.000000,1752867000.0
1752867000.0,510.084991,510.790009,509.170013,509.959991,2610803.000000,1752870600.0
1753104600.0,506.704987,512.070007,505.589996,511.309998,3398958.000000,1753108200.0
1753108200.0,511.334991,512.059998,509.989990,510.434998,1549479.000000,1753111800.0
1753111800.0,510.434998,510.809998,509.799988,510.388214,1097768.000000,1753115400.0
1753115400.0,510.357513,511.369904,510.160004,510.910095,1733834.000000,1753119000.0
1753119000.0,510.934998,511.048492,509.970001,510.500000,785055.000000,1753122600.0
1753122600.0,510.494995,510.799988,509.980011,510.119995,905243.000000,1753126200.0
1753126200.0,510.119995,510.260010,509.500000,510.200012,1750091.000000,1753129800.0
1753191000.0,510.214996,511.200012,507.429993,508.946899,2700904.000000,1753194600.0
1753194600.0,508.920013,509.589203,507.899994,508.239990,1575317.000000,1753198200.0
1753198200.0,508.220001,508.559998,506.649994,506.769989,1365351.000000,1753201800.0
1753201800.0,506.720001,507.720001,506.350006,507.559998,755741.000000,1753205400.0
1753205400.0,507.589996,507.640015,505.459991,505.999390,1140879.000000,1753209000.0
1753209000.0,505.959991,506.420013,505.660004,505.929993,1195577.000000,1753212600.0
1753212600.0,505.910004,506.329987,505.269989,505.390015,1960233.000000,1753216200.0
1753277400.0,506.500000,506.750092,500.700012,502.630005,4012030.000000,1753281000.0
1753281000.0,502.630005,502.859314,501.402893,502.394989,1975807.000000,1753284600.0
1753284600.0,502.391998,505.500000,502.130005,503.309998,1535064.000000,1753288200.0
1753288200.0,503.339996,504.619995,503.242706,504.199402,902918.000000,1753291800.0
1753291800.0,504.170013,505.750000,504.140015,505.350006,1039098.000000,1753295400.0
1753295400.0,505.369995,505.584412,504.549988,505.394989,1333592.000000,1753299000.0
1753299000.0,505.385010,506.070007,504.399994,505.970001,1930767.000000,1753302600.0
1753363800.0,509.431091,510.000000,507.299988,508.839996,3208505.000000,1753367400.0
1753367400.0,508.880005,510.799988,508.350006,510.549988,1504648.000000,1753371000.0
1753371000.0,510.560089,512.400024,510.560089,511.679993,1397121.000000,1753374600.0
1753374600.0,511.721588,513.219971,511.480011,512.659973,1234834.000000,1753378200.0
1753378200.0,512.659973,512.919983,511.890015,512.590027,991386.000000,1753381800.0
1753381800.0,512.619995,512.669983,511.369995,511.660004,1415830.000000,1753385400.0
1753385400.0,511.679993,513.099976,510.649994,510.850006,2591044.000000,1753389000.0
1753450200.0,511.119995,512.849976,510.359192,512.565002,2747023.000000,1753453800.0
1753453800.0,512.570007,514.125000,512.110107,514.020020,2697812.000000,1753457400.0
1753457400.0,514.000000,514.500000,513.059998,514.405029,2102740.000000,1753461000.0
1753461000.0,514.419983,515.429993,513.669983,515.380005,1366145.000000,1753464600.0
1753464600.0,515.369995,517.900024,515.190002,517.219971,2414795.000000,1753468200.0
1753468200.0,517.229980,518.289978,516.500000,516.510010,1781196.000000,1753471800.0
1753471800.0,516.525024,516.809998,513.125000,513.770020,3020337.000000,1753475400.0
1753709400.0,514.080017,515.000000,512.359985,514.080017,3543126.000000,1753713000.0
1753713000.0,514.119995,514.239990,511.554993,512.658020,1683837.000000,1753716600.0
1753716600.0,512.655029,512.830017,511.720001,512.119995,969355.000000,1753720200.0
1753720200.0,512.135010,512.440002,511.109985,511.165009,844926.000000,1753723800.0
1753723800.0,511.174988,511.880005,510.459991,510.549988,1078889.000000,1753727400.0
1753727400.0,510.529999,510.869995,510.135010,510.790009,1303998.000000,1753731000.0
1753731000.0,510.834991,512.520020,510.709991,512.520020,2010106.000000,1753734600.0
1753795800.0,515.690002,517.619995,513.730103,514.309998,3787079.000000,1753799400.0
1753799400.0,514.344971,514.390015,512.702576,513.320007,1754693.000000,1753803000.0
1753803000.0,513.335022,514.729980,512.390015,512.799988,1451949.000000,1753806600.0
1753806600.0,512.784973,513.840027,512.150024,512.840027,1065684.000000,1753810200.0
1753810200.0,512.849976,512.880005,511.559998,511.584991,1063005.000000,1753813800.0
1753813800.0,511.595001,512.799988,511.589996,512.280029,1228789.000000,1753817400.0
1753817400.0,512.299988,512.950012,511.709991,512.950012,2391989.000000,1753821000.0
1753882200.0,513.885010,513.885010,510.671387,513.299988,3632272.000000,1753885800.0
1753885800.0,513.390015,514.319885,512.432495,513.059998,1821143.000000,1753889400.0
1753889400.0,513.070007,513.570007,512.494995,513.239990,2120461.000000,1753893000.0
1753893000.0,513.320007,513.429993,512.669983,512.900024,1240299.000000,1753896600.0
1753896600.0,512.900024,513.299988,512.169983,512.736816,1594020.000000,1753900200.0
1753900200.0,512.750000,513.429993,509.440002,511.250000,3235952.000000,1753903800.0
1753903800.0,511.239990,514.179993,510.369995,514.179993,3057062.000000,1753907400.0
1753968600.0,546.705017,555.450012,535.669983,537.700073,20637289.000000,1753972200.0
1753972200.0,537.760010,538.969971,534.409973,537.000000,6145472.000000,1753975800.0
1753975800.0,537.039978,537.697998,535.260010,536.458008,3188351.000000,1753979400.0
1753979400.0,536.450012,537.149902,533.664978,534.496704,2976092.000000,1753983000.0
1753983000.0,534.510010,535.500000,532.540100,534.369995,2787802.000000,1753986600.0
1753986600.0,534.299988,534.890015,532.200012,532.210022,2919130.000000,1753990200.0
1753990200.0,532.244995,535.200012,531.900024,533.565002,4948243.000000,1753993800.0
1754055000.0,535.315002,535.799988,526.830017,527.950012,7628330.000000,1754058600.0
1754058600.0,528.000000,529.249878,523.300110,523.625000,3664293.000000,1754062200.0
1754062200.0,523.625000,524.849976,522.640015,524.280029,2916874.000000,1754065800.0
1754065800.0,524.219971,524.259399,520.859985,523.284973,3010129.000000,1754069400.0
1754069400.0,523.239990,524.429993,522.400024,524.270020,2149370.000000,1754073000.0
1754073000.0,524.275024,524.974976,523.640015,524.130005,2080860.000000,1754076600.0
1754076600.0,524.054993,525.890015,523.219971,524.000000,2883378.000000,1754080200.0
1754314200.0,528.190002,536.460022,528.135010,535.046814,5974073.000000,1754317800.0
1754317800.0,535.015015,536.890015,533.190002,533.630005,2653560.000000,1754321400.0
1754321400.0,533.650024,537.309998,533.299988,536.729980,2262479.000000,1754325000.0
1754325000.0,536.789978,537.539978,536.559998,537.299988,1407307.000000,1754328600.0
1754328600.0,537.340027,538.250000,536.650024,537.510010,2330501.000000,1754332200.0
1754332200.0,537.503113,537.789978,534.960022,535.049988,2485270.000000,1754335800.0
1754335800.0,534.770020,535.679993,534.080017,535.469971,3548991.000000,1754339400.0
1754400600.0,537.219971,537.219971,533.469971,534.070007,4415740.000000,1754404200.0
1754404200.0,534.059998,534.070007,531.469971,532.368530,2531107.000000,1754407800.0
1754407800.0,532.309998,533.190002,530.700012,532.940002,1409356.000000,1754411400.0
1754411400.0,532.914978,533.190002,531.280029,531.594971,1184909.000000,1754415000.0
1754415000.0,531.575012,532.554993,530.500000,530.559998,1166718.000000,1754418600.0
1754418600.0,530.549988,530.549988,528.390015,529.000000,2262201.000000,1754422200.0
1754422200.0,529.000000,529.429993,527.239990,527.719971,2331489.000000,1754425800.0
1754487000.0,530.820007,531.700012,525.099976,526.320007,4565076.000000,1754490600.0
1754490600.0,526.320007,526.789978,524.594971,525.664978,2808174.000000,1754494200.0
1754494200.0,525.650024,527.200012,525.270020,526.789978,1635775.000000,1754497800.0
1754497800.0,526.793213,526.817505,525.250000,525.849976,1282919.000000,1754501400.0
1754501400.0,525.840027,526.419983,525.320007,526.260010,1695558.000000,1754505000.0
1754505000.0,526.270020,526.739990,525.400024,525.460022,1961535.000000,1754508600.0
1754508600.0,525.460022,525.500000,524.030029,524.840027,2877140.000000,1754512200.0
1754573400.0,526.570007,528.030029,523.450012,524.580017,3694576.000000,1754577000.0
1754577000.0,524.539978,526.422913,524.195007,524.489990,1458217.000000,1754580600.0
1754580600.0,524.489990,524.854980,521.150024,522.294983,1464616.000000,1754584200.0
1754584200.0,522.270020,524.940002,520.570007,520.960022,1113730.000000,1754587800.0
1754587800.0,520.994995,521.309875,517.551086,518.697021,1663538.000000,1754591400.0
1754591400.0,518.669983,519.440002,518.210022,519.284973,1470381.000000,1754595000.0
1754595000.0,519.309998,521.099976,518.789978,521.099976,1934989.000000,1754598600.0
1754659800.0,523.960022,524.481506,522.119995,522.955017,3213769.000000,1754663400.0
1754663400.0,522.955017,523.080017,520.690002,521.330017,1971295.000000,1754667000.0
1754667000.0,521.309998,521.690002,519.409973,521.070007,1346818.000000,1754670600.0
1754670600.0,521.063599,522.270020,520.940002,521.940002,944739.000000,1754674200.0
1754674200.0,521.958984,523.250000,521.880005,522.580017,1495953.000000,1754677800.0
1754677800.0,522.599976,522.770020,521.898621,521.974976,1238835.000000,1754681400.0
1754681400.0,521.989990,522.229980,520.130005,522.119995,2561633.000000,1754685000.0
1754919000.0,522.460022,525.099915,519.719971,522.950012,4150456.000000,1754922600.0
1754922600.0,523.000000,526.690002,522.900024,524.940002,1891080.000000,1754926200.0
1754926200.0,524.940002,527.549988,524.049988,526.965027,1605553.000000,1754929800.0
1754929800.0,526.965027,527.320007,525.380005,525.640015,990227.000000,1754933400.0
1754933400.0,525.590027,526.080017,522.430115,522.515015,1424565.000000,1754937000.0
1754937000.0,522.549988,522.580017,520.919983,521.359985,1603813.000000,1754940600.0
1754940600.0,521.380005,522.099976,520.229980,521.750000,2916478.000000,1754944200.0
1755005400.0,523.880005,527.590027,522.710022,526.119995,4118871.000000,1755009000.0
1755009000.0,526.195007,527.049988,524.349976,526.424988,1807974.000000,1755012600.0
1755012600.0,526.520020,528.200012,525.929993,527.929993,1547373.000000,1755016200.0
1755016200.0,527.929993,529.079895,527.250000,528.169983,1189259.000000,1755019800.0
1755019800.0,528.200012,530.979980,527.650024,530.039978,1843122.000000,1755023400.0
1755023400.0,530.080017,530.090027,528.880005,529.760010,1351640.000000,1755027000.0
1755027000.0,529.729980,530.799927,529.000000,529.460022,1888672.000000,1755030600.0
1755091800.0,530.809998,532.700012,528.890686,529.750000,3226016.000000,1755095400.0
1755095400.0,529.770020,530.705017,526.860107,527.349976,2081517.000000,1755099000.0
1755099000.0,527.289978,528.599976,526.280029,526.354980,1227523.000000,1755102600.0
1755102600.0,526.382019,526.382019,524.450012,525.210022,1614853.000000,1755106200.0
1755106200.0,525.215027,525.221130,523.650024,523.875000,1680213.000000,1755109800.0
1755109800.0,523.885010,523.919983,521.570007,522.400024,2396161.000000,1755113400.0
1755113400.0,522.450012,522.559998,519.369995,520.690002,4018019.000000,1755117000.0
1755178200.0,522.405029,524.369873,520.155029,523.429993,3777358.000000,1755181800.0
1755181800.0,523.429993,525.949890,523.100098,523.100098,2663221.000000,1755185400.0
1755185400.0,523.130005,524.510010,521.799988,524.382507,1446271.000000,1755189000.0
1755189000.0,524.520020,525.070007,523.820007,524.059998,1681822.000000,1755192600.0
1755192600.0,524.039978,524.039978,520.830017,520.890015,1856218.000000,1755196200.0
1755196200.0,520.859985,522.034973,520.140015,521.460022,2000093.000000,1755199800.0
1755199800.0,521.440002,523.130005,521.320007,522.510010,2447362.000000,1755203400.0
1755264600.0,521.385010,524.510010,520.859985,523.145020,5122671.000000,1755268200.0
1755268200.0,523.150024,523.419983,521.330017,522.909973,1523152.000000,1755271800.0
1755271800.0,522.989990,524.853699,522.090027,523.905029,1827759.000000,1755275400.0
1755275400.0,523.880005,525.250000,523.849976,524.854980,1092972.000000,1755279000.0
1755279000.0,524.862000,526.099976,523.760010,523.989990,1475052.000000,1755282600.0
1755282600.0,523.989990,524.020020,522.391113,523.140015,1759623.000000,1755286200.0
1755286200.0,523.140015,523.375000,519.090027,520.140015,4200767.000000,1755289800.0
1755523800.0,521.830017,522.820007,517.890076,517.989990,3164468.000000,1755527400.0
1755527400.0,517.849976,518.489990,516.570007,516.677490,2627893.000000,1755531000.0
1755531000.0,516.679993,517.349976,515.799988,517.190002,2046241.000000,1755534600.0
1755534600.0,517.187622,517.849487,515.760010,516.359985,1867331.000000,1755538200.0
1755538200.0,516.349976,517.000000,515.239990,516.085022,1757514.000000,1755541800.0
1755541800.0,516.080017,516.349976,514.250000,514.299988,3268465.000000,1755545400.0
1755545400.0,514.304993,517.304993,514.020020,517.140015,3880270.000000,1755549000.0
1755610200.0,515.000000,515.164124,510.959991,511.220001,3684145.000000,1755613800.0
1755613800.0,511.174988,511.869995,508.570007,509.540100,3719024.000000,1755617400.0
1755617400.0,509.549988,510.979889,509.200012,510.459991,2051709.000000,1755621000.0
1755621000.0,510.417603,511.329987,509.680115,511.304993,1533483.000000,1755624600.0
1755624600.0,511.269989,511.910004,510.101715,510.700012,1382429.000000,1755628200.0
1755628200.0,510.690002,510.869995,508.649994,508.970001,2192348.000000,1755631800.0
1755631800.0,508.989990,509.829987,508.549988,509.709991,2060303.000000,1755635400.0
1755696600.0,509.864990,510.980011,506.204987,507.371613,4930654.000000,1755700200.0
1755700200.0,507.380005,508.190002,505.500000,505.829987,4238046.000000,1755703800.0
1755703800.0,505.885010,507.000000,504.440002,506.085388,2951419.000000,1755707400.0
1755707400.0,506.087494,506.500000,504.739990,505.920013,1776546.000000,1755711000.0
1755711000.0,505.890015,507.619995,504.869995,505.399994,2501665.000000,1755714600.0
1755714600.0,505.380005,507.465515,504.760010,507.000000,2503236.000000,1755718200.0
1755718200.0,506.980011,507.410004,505.200012,505.459991,2502319.000000,1755721800.0
1755783000.0,503.690002,507.630005,502.720093,507.518585,2924694.000000,1755786600.0
1755786600.0,507.519989,507.519989,505.450012,506.779999,1211066.000000,1755790200.0
1755790200.0,506.750000,507.139893,505.320007,505.390015,1111826.000000,1755793800.0
1755793800.0,505.429993,505.750000,503.899994,504.470001,2118689.000000,1755797400.0
1755797400.0,504.429993,506.010010,504.420013,505.244995,2541225.000000,1755801000.0
1755801000.0,505.250000,506.459991,504.850006,506.119995,2003239.000000,1755804600.0
1755804600.0,506.109985,506.179993,504.109985,504.149994,2555877.000000,1755808200.0
1755869400.0,504.250000,509.369995,502.410004,508.200012,4486605.000000,1755873000.0
1755873000.0,508.230011,510.730011,508.130005,508.299896,4624859.000000,1755876600.0
1755876600.0,508.260010,509.470001,506.370087,506.945007,2403225.000000,1755880200.0
1755880200.0,506.890015,507.928009,506.059998,507.859985,2385218.000000,1755883800.0
1755883800.0,507.866394,508.559998,507.329987,507.887299,1538715.000000,1755887400.0
1755887400.0,507.899994,508.255005,506.910004,507.105011,2000134.000000,1755891000.0
1755891000.0,507.109985,507.899994,505.760010,507.100006,3032307.000000,1755894600.0
1756128600.0,506.630005,508.179901,504.589996,507.209991,4359778.000000,1756132200.0
1756132200.0,507.177490,508.190002,506.730011,507.399994,1748637.000000,1756135800.0
1756135800.0,507.369995,507.820007,506.700012,507.250000,1589172.000000,1756139400.0
1756139400.0,507.220001,507.409088,505.769989,505.799988,3092749.000000,1756143000.0
1756143000.0,505.795013,505.910004,504.779999,505.494995,1701907.000000,1756146600.0
1756146600.0,505.500000,505.579407,504.500000,505.239990,1632315.000000,1756150200.0
1756150200.0,505.265015,505.475006,504.119995,504.380005,4575983.000000,1756153800.0
1756215000.0,504.355011,504.977814,502.109985,504.450012,2787772.000000,1756218600.0
1756218600.0,504.420013,504.445007,502.540009,502.700012,1180725.000000,1756222200.0
1756222200.0,502.623413,502.799988,502.089996,502.290009,1159677.000000,1756225800.0
1756225800.0,502.225006,502.260010,500.230011,500.380005,2096200.000000,1756229400.0
1756229400.0,500.420013,500.569885,498.640015,498.820007,2570335.000000,1756233000.0
1756233000.0,498.829987,500.100006,498.510010,499.829987,2208399.000000,1756236600.0
1756236600.0,499.820007,503.350006,498.549988,501.929993,5489015.000000,1756240200.0
1756301400.0,502.000000,504.140015,499.899994,504.140015,3932780.000000,1756305000.0
1756305000.0,504.114990,505.119995,503.500000,504.500000,2030936.000000,1756308600.0
1756308600.0,504.519989,504.839996,503.454987,504.029999,1182506.000000,1756312200.0
1756312200.0,504.059998,505.643402,503.994995,505.374390,1063108.000000,1756315800.0
1756315800.0,505.399994,506.839996,505.320007,506.725006,1200594.000000,1756319400.0
1756319400.0,506.709991,506.770203,504.915100,505.970001,1094812.000000,1756323000.0
1756323000.0,505.977509,507.290009,505.975006,506.679993,2321308.000000,1756326600.0
1756387800.0,507.054993,510.238800,505.500000,506.029999,3563439.000000,1756391400.0
1756391400.0,506.045013,508.679993,505.832214,507.230011,1535556.000000,1756395000.0
1756395000.0,507.230011,509.010010,507.149994,508.970001,1342233.000000,1756398600.0
1756398600.0,508.954987,509.000000,507.519989,508.625000,887473.000000,1756402200.0
1756402200.0,508.614990,509.380005,508.029999,509.125000,1187718.000000,1756405800.0
1756405800.0,509.167114,510.000000,508.970001,509.720001,1078179.000000,1756409400.0
1756409400.0,509.700012,510.859985,509.350006,509.660004,2349690.000000,1756413000.0
1756474200.0,508.799988,509.600006,504.491486,506.079987,3232361.000000,1756477800.0
1756477800.0,505.954987,508.359985,505.640015,508.119995,1282086.000000,1756481400.0
1756481400.0,508.130005,508.195007,507.119995,507.429993,2009834.000000,1756485000.0
1756485000.0,507.424988,508.799988,507.269989,508.095001,1526928.000000,1756488600.0
1756488600.0,508.070007,509.000000,507.609985,508.730011,1027873.000000,1756492200.0
1756492200.0,508.709991,509.010010,507.649994,508.739990,1575890.000000,1756495800.0
1756495800.0,508.690002,509.000000,505.802002,506.920013,2742262.000000,1756499400.0
1756819800.0,500.000000,505.350006,496.809998,505.250000,4093552.000000,1756823400.0
1756823400.0,505.290009,505.429199,500.500000,501.040009,1923280.000000,1756827000.0
1756827000.0,501.029999,501.670013,500.309998,500.959991,1256160.000000,1756830600.0
1756830600.0,500.964996,502.242004,500.281799,501.859985,1711518.000000,1756834200.0
1756834200.0,501.899994,503.070007,501.390015,501.394989,1436081.000000,1756837800.0
1756837800.0,501.410004,503.950012,501.390411,503.850006,1074271.000000,1756841400.0
1756841400.0,503.859985,505.920013,503.528595,505.079987,2341938.000000,1756845000.0
1756906200.0,503.885010,507.790009,503.049988,504.700012,2961059.000000,1756909800.0
1756909800.0,504.739990,507.040009,504.690002,505.214996,1446102.000000,1756913400.0
1756913400.0,505.170013,505.929901,504.119995,504.480011,1049112.000000,1756917000.0
1756917000.0,504.497803,504.739990,503.500000,504.054993,1029192.000000,1756920600.0
1756920600.0,504.040009,504.399994,502.829987,503.260010,802207.000000,1756924200.0
1756924200.0,503.209991,503.549988,502.320007,503.200012,1105906.000000,1756927800.0
1756927800.0,503.200012,505.549988,503.200012,505.390991,2893041.000000,1756931400.0
1756992600.0,504.350006,506.899902,503.149994,505.480194,2840027.000000,1756996200.0
1756996200.0,505.459991,508.049988,505.459991,507.674988,1582084.000000,1756999800.0
1756999800.0,507.730011,507.739990,505.834412,506.000000,1156850.000000,1757003400.0
1757003400.0,506.040009,507.089996,505.970001,506.750000,788143.000000,1757007000.0
1757007000.0,506.744995,507.673004,506.589996,507.070007,1079156.000000,1757010600.0
1757010600.0,507.109985,508.149994,506.559998,506.614990,1833185.000000,1757014200.0
1757014200.0,506.609985,507.980011,506.309998,507.980011,2418058.000000,1757017800.0
1757079000.0,509.070007,511.940002,498.179993,499.209991,7561684.000000,1757082600.0
1757082600.0,499.140015,499.600006,494.500000,497.114990,4118724.000000,1757086200.0
1757086200.0,497.114807,497.739990,495.779999,496.845001,2386405.000000,1757089800.0
1757089800.0,496.864990,497.010406,494.000000,494.545013,3163218.000000,1757093400.0
1757093400.0,494.549988,495.315002,492.839996,494.637909,2609293.000000,1757097000.0
1757097000.0,494.690002,495.120514,492.369995,494.489990,3528065.000000,1757100600.0
1757100600.0,494.500000,495.040009,493.049988,495.015289,3753313.000000,1757104200.0
1757338200.0,498.105011,500.649994,495.510010,500.600006,4610220.000000,1757341800.0
1757341800.0,500.600006,500.859985,499.390015,500.660004,1884958.000000,1757345400.0
1757345400.0,500.635010,501.195007,498.500000,498.799988,1300388.000000,1757349000.0
1757349000.0,498.799988,498.918701,497.779999,498.309998,939581.000000,1757352600.0
1757352600.0,498.304993,498.500000,497.510010,498.440002,972842.000000,1757356200.0
1757356200.0,498.480011,498.575897,497.290009,497.350006,1161770.000000,1757359800.0
1757359800.0,497.347504,498.429993,497.000000,498.250000,2703776.000000,1757363400.0
1757424600.0,501.519989,502.250000,499.440002,500.904999,2960723.000000,1757428200.0
1757428200.0,500.970001,501.095001,498.829987,499.515015,1207963.000000,1757431800.0
1757431800.0,499.475006,500.100006,498.359985,498.640015,1260424.000000,1757435400.0
1757435400.0,498.609985,499.609985,498.250000,499.140015,1123433.000000,1757439000.0
1757439000.0,499.130005,499.415009,498.500000,498.640015,1310085.000000,1757442600.0
1757442600.0,498.614990,499.232697,498.059998,498.160004,1691835.000000,1757446200.0
1757446200.0,498.149994,498.859985,497.709991,498.450012,1679671.000000,1757449800.0
1757511000.0,502.980011,503.229889,496.739990,501.473511,6952655.000000,1757514600.0
1757514600.0,501.470001,502.825012,498.500000,500.704987,3037966.000000,1757518200.0
1757518200.0,500.704987,501.546600,499.100098,499.244995,1678182.000000,1757521800.0
1757521800.0,499.239990,501.399994,498.839996,499.714996,1267729.000000,1757525400.0
1757525400.0,499.714996,501.320007,499.570007,501.100006,1248645.000000,1757529000.0
1757529000.0,501.100006,501.882507,499.070007,499.387512,1395395.000000,1757532600.0
1757532600.0,499.410004,500.579987,499.299988,500.209991,2206694.000000,1757536200.0
1757597400.0,502.260010,502.799988,497.880005,502.239990,3600904.000000,1757601000.0
1757601000.0,502.250000,503.170013,500.220001,502.790009,220358.000000,1757604600.0
1757604600.0,502.679993,503.119995,500.859985,502.279999,2634933.000000,1757608200.0
1757608200.0,502.350006,502.719910,500.100006,500.149994,1421335.000000,1757611800.0
1757611800.0,500.144989,500.819214,499.670013,499.980011,1404442.000000,1757615400.0
1757615400.0,500.000000,501.200012,499.950012,500.799988,1613259.000000,1757619000.0
1757619000.0,500.799988,502.260010,500.170013,501.200012,2287612.000000,1757622600.0
1757683800.0,504.149994,508.335388,503.868408,507.140015,5211999.000000,1757687400.0
1757687400.0,507.290009,511.285004,507.151611,510.670898,2928847.000000,1757691000.0
1757691000.0,510.679993,512.219971,510.130096,511.893799,2600593.000000,1757694600.0
1757694600.0,511.899994,512.549988,511.284912,512.025024,1969303.000000,1757698200.0
1757698200.0,512.039978,512.249878,510.670105,511.304993,2110923.000000,1757701800.0
1757701800.0,511.269989,512.500000,510.339996,510.679993,2010413.000000,1757705400.0
1757705400.0,510.630005,511.069885,509.850006,509.850006,2159909.000000,1757709000.0
1757943000.0,508.750000,512.369995,507.000000,510.649994,3815794.000000,1757946600.0
1757946600.0,510.709991,514.223511,510.200012,512.429993,1968433.000000,1757950200.0
1757950200.0,512.475891,514.000000,512.190002,512.510010,1285781.000000,1757953800.0
1757953800.0,512.424988,513.133179,511.762512,511.980011,1017913.000000,1757957400.0
1757957400.0,511.937805,513.330017,511.399994,513.164978,847622.000000,1757961000.0
1757961000.0,513.200012,513.849976,512.540100,513.710022,1020150.000000,1757964600.0
1757964600.0,513.734985,515.450012,513.619995,515.450012,2323007.000000,1757968200.0
1758029400.0,516.880005,517.229980,510.600006,513.469971,4305872.000000,1758033000.0
1758033000.0,513.309998,513.950012,511.890015,512.570007,1336794.000000,1758036600.0
1758036600.0,512.554993,513.679993,512.119995,513.289978,811870.000000,1758040200.0
1758040200.0,513.265015,514.223389,512.619995,513.542480,914842.000000,1758043800.0
1758043800.0,513.562500,513.918213,511.359985,511.434998,1494641.000000,1758047400.0
1758047400.0,511.450012,511.869995,510.000000,510.390015,2188986.000000,1758051000.0
1758051000.0,510.410004,510.529999,508.600006,509.148987,3633917.000000,1758054600.0
1758115800.0,510.640015,510.820007,505.940002,508.208496,3411517.000000,1758119400.0
1758119400.0,508.171814,508.630005,506.959991,507.109985,1033860.000000,1758123000.0
1758123000.0,507.029999,508.670013,506.829987,508.654999,832741.000000,1758126600.0
1758126600.0,508.570007,508.850006,507.929993,508.489990,713619.000000,1758130200.0
1758130200.0,508.480011,510.420013,506.690002,508.869995,1482199.000000,1758133800.0
1758133800.0,508.920013,511.209900,506.540009,510.820007,1841156.000000,1758137400.0
1758137400.0,510.839996,511.290009,509.030090,509.910004,1943717.000000,1758141000.0
1758202200.0,511.489990,512.000000,507.684998,511.635010,4061679.000000,1758205800.0
1758205800.0,511.765015,513.070007,510.019989,510.519989,1794783.000000,1758209400.0
1758209400.0,510.542999,510.779907,507.875000,508.894012,1490607.000000,1758213000.0
1758213000.0,508.890106,510.089996,508.739990,509.209991,1211551.000000,1758216600.0
1758216600.0,509.195007,509.239990,507.894989,508.189911,1372106.000000,1758220200.0
1758220200.0,508.170013,509.651001,507.878998,508.801392,1708947.000000,1758223800.0
1758223800.0,508.790009,508.910004,508.079987,508.429993,2103916.000000,1758227400.0
1758288600.0,510.609985,514.880005,510.320007,513.109985,11054918.000000,1758292200.0
1758292200.0,513.030029,513.955017,511.875000,512.190002,2538111.000000,1758295800.0
1758295800.0,512.224976,513.359985,511.320007,512.859985,1461133.000000,1758299400.0
1758299400.0,512.852173,512.960022,511.450012,511.690002,1671579.000000,1758303000.0
1758303000.0,511.690002,511.779999,510.350006,510.690002,1658869.000000,1758306600.0
1758306600.0,510.679993,511.939911,510.539703,511.170013,2292485.000000,1758310200.0
1758310200.0,511.190002,519.299988,510.829987,518.000000,7650302.000000,1758313800.0
1758547800.0,515.590027,517.739990,512.544983,514.570007,4415586.000000,1758551400.0
1758551400.0,514.575012,516.599976,514.539978,515.034973,1923079.000000,1758555000.0
1758555000.0,515.119995,515.500000,512.580017,514.574097,1775315.000000,1758558600.0
1758558600.0,514.599976,515.945984,514.445007,515.140015,1353822.000000,1758562200.0
1758562200.0,515.070007,515.275024,514.409973,515.039978,1003240.000000,1758565800.0
1758565800.0,515.059998,515.565002,513.190002,514.434998,1943135.000000,1758569400.0
1758569400.0,514.419983,514.780029,513.780029,514.369995,2192849.000000,1758573000.0
1758634200.0,513.799988,514.559998,510.375000,511.554993,2475893.000000,1758637800.0
1758637800.0,511.600006,511.750000,510.839996,510.910004,986760.000000,1758641400.0
1758641400.0,510.940002,511.190002,509.839996,510.379211,1016393.000000,1758645000.0
1758645000.0,510.309998,511.359985,509.070007,509.940002,1048490.000000,1758648600.0
1758648600.0,509.890015,510.271790,508.890106,509.989990,1237538.000000,1758652200.0
1758652200.0,509.950012,510.589905,507.309998,508.765015,4809691.000000,1758655800.0
1758655800.0,508.799988,509.894989,508.600006,509.619995,2177366.000000,1758659400.0
1758720600.0,510.619995,512.479980,507.220001,510.049988,2090658.000000,1758724200.0
1758724200.0,510.029999,510.890015,509.040009,509.584991,827674.000000,1758727800.0
1758727800.0,509.640015,509.760010,507.619995,508.078400,912531.000000,1758731400.0
1758731400.0,508.104095,508.499908,506.920013,508.010010,645212.000000,1758735000.0
1758735000.0,508.070007,508.309998,507.100006,508.049988,471726.000000,1758738600.0
1758738600.0,508.100006,510.170013,507.989990,509.211609,751906.000000,1758742200.0
1758742200.0,509.218994,510.524994,509.020111,509.980011,1115515.000000,1758745800.0
1758807000.0,507.209991,509.269989,505.040009,508.160004,3121608.000000,1758810600.0
1758810600.0,508.200012,510.010010,507.678009,507.984985,1074027.000000,1758814200.0
1758814200.0,508.070007,509.059998,507.940094,508.079987,646898.000000,1758817800.0
1758817800.0,508.079987,508.720001,507.201996,507.970001,589458.000000,1758821400.0
1758821400.0,507.950012,508.079987,506.500000,506.820007,584217.000000,1758825000.0
1758825000.0,506.799988,507.750000,506.420013,506.519989,882775.000000,1758828600.0
1758828600.0,506.510010,507.299988,506.174988,506.959991,1147980.000000,1758832200.0
1758893400.0,509.750000,513.940002,507.179993,508.334991,3051399.000000,1758897000.0
1758897000.0,508.334991,508.820007,506.619995,508.070007,1078891.000000,1758900600.0
1758900600.0,508.130005,508.739990,506.670013,508.269989,689066.000000,1758904200.0
1758904200.0,508.269989,509.796997,508.140106,509.459991,569747.000000,1758907800.0
1758907800.0,509.470001,510.389191,508.250000,509.859985,556469.000000,1758911400.0
1758911400.0,509.890015,511.871613,509.834991,511.654999,985427.000000,1758915000.0
1758915000.0,511.670013,512.119995,510.529999,511.548004,1430233.000000,1758918600.0
1759152600.0,511.220001,516.844971,509.014008,515.734985,2677103.000000,1759156200.0
1759156200.0,515.640015,515.659973,512.400024,512.969971,1032601.000000,1759159800.0
1759159800.0,513.000000,515.445007,512.919983,515.260010,805371.000000,1759163400.0
1759163400.0,515.250000,515.729919,514.395020,514.960022,753657.000000,1759167000.0
1759167000.0,515.000000,515.000000,513.979980,514.880005,657353.000000,1759170600.0
1759170600.0,514.849976,515.020020,513.864990,514.739990,884473.000000,1759174200.0
1759174200.0,514.719971,514.919983,513.775024,514.679993,1204140.000000,1759177800.0
1759239000.0,513.000000,513.799988,509.660004,513.054688,2275856.000000,1759242600.0
1759242600.0,513.049988,517.630005,512.909973,514.650024,1734814.000000,1759246200.0
1759246200.0,514.659973,516.799988,514.530029,515.864990,943759.000000,1759249800.0
1759249800.0,515.979980,516.010010,514.575012,514.960022,723626.000000,1759253400.0
1759253400.0,514.929993,516.979980,514.190002,516.953003,964458.000000,1759257000.0
1759257000.0,516.945007,518.030029,516.250000,517.020020,1179942.000000,1759260600.0
1759260600.0,517.010010,518.070007,516.419983,517.950012,1687715.000000,1759264200.0
1759325400.0,514.799988,517.229980,511.690002,512.625000,2942102.000000,1759329000.0
1759329000.0,512.659973,515.289978,512.289978,514.510010,1396736.000000,1759332600.0
1759332600.0,514.580017,516.119995,513.650024,516.109985,1126750.000000,1759336200.0
1759336200.0,516.104980,518.900024,515.630005,518.724976,1068357.000000,1759339800.0
1759339800.0,518.724976,519.500000,517.210022,518.804993,4977438.000000,1759343400.0
1759343400.0,518.919983,519.869995,518.260010,518.744995,1548191.000000,1759347000.0
1759347000.0,518.729980,520.505005,518.344971,519.599976,2645748.000000,1759350600.0
1759411800.0,517.640015,521.599976,516.500000,516.930115,3841453.000000,1759415400.0
1759415400.0,516.929993,519.099976,510.679108,511.535004,5633143.000000,1759419000.0
1759419000.0,511.500000,514.559998,510.730011,513.859985,1831287.000000,1759422600.0
1759422600.0,513.864807,516.200012,513.739990,515.760010,1321212.000000,1759426200.0
1759426200.0,515.765015,517.554993,515.659973,517.380005,1220524.000000,1759429800.0
1759429800.0,517.414978,517.429993,516.580017,517.041016,1207210.000000,1759433400.0
1759433400.0,517.054993,517.073914,515.059998,515.609985,2359433.000000,1759437000.0
1759498200.0,517.099976,519.130005,515.000000,518.315002,2998284.000000,1759501800.0
1759501800.0,518.224976,520.049988,518.224976,519.630005,1461907.000000,1759505400.0
1759505400.0,519.594971,520.429993,519.275024,520.145020,1076327.000000,1759509000.0
1759509000.0,520.145020,520.489990,518.030029,518.054993,1733785.000000,1759512600.0
1759512600.0,518.030029,518.950012,516.674988,518.369995,1408224.000000,1759516200.0
1759516200.0,518.375000,518.412598,516.880005,517.719971,1561315.000000,1759519800.0
1759519800.0,517.690002,517.820007,516.765015,517.349976,1461405.000000,1759523400.0
1759757400.0,518.919983,524.250000,518.359985,522.690002,3750874.000000,1759761000.0
1759761000.0,522.520020,524.570007,522.450012,523.742126,1790916.000000,1759764600.0
1759764600.0,523.760010,525.390015,523.309998,523.419983,1557499.000000,1759768200.0
1759768200.0,523.424988,525.349976,523.340027,524.867493,1159684.000000,1759771800.0
1759771800.0,524.890015,530.049988,524.760010,529.945007,2861334.000000,1759775400.0
1759775400.0,529.929993,530.690002,528.570618,528.760010,2694947.000000,1759779000.0
1759779000.0,528.770020,531.000000,528.419983,528.520020,2891472.000000,1759782600.0
1759843800.0,528.284973,529.369995,524.059998,526.325012,3400915.000000,1759847400.0
1759847400.0,526.268982,527.500000,524.099976,524.787170,2023420.000000,1759851000.0
1759851000.0,524.700012,524.834290,522.304016,523.294983,1967542.000000,1759854600.0
1759854600.0,523.330017,524.450012,521.849976,522.409729,1330957.000000,1759858200.0
1759858200.0,522.409973,522.750000,521.465027,522.349976,766179.000000,1759861800.0
1759861800.0,522.320007,524.260010,522.270020,523.780029,885028.000000,1759865400.0
1759865400.0,523.765015,524.525024,523.500122,523.969971,1261607.000000,1759869000.0
1759930200.0,523.099976,526.950012,523.090027,525.140015,2822570.000000,1759933800.0
1759933800.0,525.169983,526.130005,524.270020,525.030029,1219037.000000,1759937400.0
1759937400.0,525.034973,525.159973,523.840027,524.145020,975742.000000,1759941000.0
1759941000.0,524.190002,524.849976,523.659973,524.289978,815936.000000,1759944600.0
1759944600.0,524.316589,525.270020,523.559998,524.570007,1057450.000000,1759948200.0
1759948200.0,524.585022,524.585022,523.270081,524.130493,912412.000000,1759951800.0
1759951800.0,524.109985,525.309998,523.885010,524.900024,1852528.000000,1759955400.0
1760016600.0,522.335022,524.325012,519.869995,522.359985,3338195.000000,1760020200.0
1760020200.0,522.280029,522.669983,519.419983,519.765015,2118314.000000,1760023800.0
1760023800.0,519.760010,520.239990,518.125000,519.515015,2108503.000000,1760027400.0
1760027400.0,519.497375,519.750000,517.659973,518.929993,1364935.000000,1760031000.0
1760031000.0,518.895020,520.364990,518.429993,519.565002,970171.000000,1760034600.0
1760034600.0,519.565002,521.534973,517.400024,521.520020,2613850.000000,1760038200.0
1760038200.0,521.534973,522.479980,520.380005,522.239990,2234456.000000,1760041800.0
1760103000.0,519.739990,523.580017,519.599976,521.340027,2759554.000000,1760106600.0
1760106600.0,521.239990,521.559875,515.750000,516.554993,2970761.000000,1760110200.0
1760110200.0,516.469971,518.059998,514.050110,515.690002,2425188.000000,1760113800.0
1760113800.0,515.669983,516.500000,513.260010,514.515015,1433144.000000,1760117400.0
1760117400.0,514.518005,515.880005,513.549988,515.070007,2162876.000000,1760121000.0
1760121000.0,515.090027,515.650024,512.380005,513.059998,1956616.000000,1760124600.0
1760124600.0,513.130005,513.549988,509.630005,511.359985,3509062.000000,1760128200.0
1760362200.0,516.409973,516.409973,512.700012,515.070007,3395248.000000,1760365800.0
1760365800.0,515.000000,515.479919,511.679993,512.840027,1997000.000000,1760369400.0
1760369400.0,513.000000,514.344971,512.299988,513.790100,1111421.000000,1760373000.0
1760373000.0,513.869995,514.630005,512.952087,513.210022,1166458.000000,1760376600.0
1760376600.0,513.219971,514.599976,512.179993,514.150024,860804.000000,1760380200.0
1760380200.0,514.148315,514.770020,513.052307,514.030029,918209.000000,1760383800.0
1760383800.0,513.960022,514.950012,513.429993,513.969971,1865453.000000,1760387400.0
1760448600.0,509.850006,510.690002,506.000000,510.690002,3324161.000000,1760452200.0
1760452200.0,510.679108,511.375000,509.200012,510.678406,1222596.000000,1760455800.0
1760455800.0,510.609985,512.830017,510.279999,512.602478,1116753.000000,1760459400.0
1760459400.0,512.659973,514.358276,512.380005,514.030029,931542.000000,1760463000.0
1760463000.0,514.000000,515.020020,513.869995,514.559998,1028915.000000,1760466600.0
1760466600.0,514.559998,515.281982,513.460022,513.520020,1163736.000000,1760470200.0
1760470200.0,513.460022,514.010010,510.880005,513.710022,1965774.000000,1760473800.0
1760535000.0,514.554993,517.179993,513.679993,515.900024,3140864.000000,1760538600.0
1760538600.0,515.950012,517.130005,514.909973,515.885010,1825967.000000,1760542200.0
1760542200.0,515.914978,516.359985,513.750000,514.171387,1297644.000000,1760545800.0
1760545800.0,514.179993,514.489990,510.000000,511.050293,1105826.000000,1760549400.0
1760549400.0,511.010010,513.510010,510.910004,513.169983,753872.000000,1760553000.0
1760553000.0,513.039978,514.390015,512.984985,514.260010,711766.000000,1760556600.0
1760556600.0,514.200012,514.239990,511.109985,513.739990,1962185.000000,1760560200.0
1760621400.0,512.729980,515.590027,511.649994,514.880005,2558038.000000,1760625000.0
1760625000.0,514.969971,516.849976,514.200012,514.280090,1242972.000000,1760628600.0
1760628600.0,514.289978,515.000000,512.199402,512.244995,1049445.000000,1760632200.0
1760632200.0,512.299988,513.215027,509.890015,511.644989,1414332.000000,1760635800.0
1760635800.0,511.679993,512.130005,508.130005,508.799988,1663331.000000,1760639400.0
1760639400.0,508.779999,510.799988,508.200012,509.489990,1414332.000000,1760643000.0
1760643000.0,509.500000,512.099976,509.040009,511.549988,1762010.000000,1760646600.0
1760707800.0,509.040009,512.655029,507.329987,511.250000,5712422.000000,1760711400.0
1760711400.0,511.486603,511.536987,509.040009,509.755005,1806229.000000,1760715000.0
1760715000.0,509.839996,513.799988,508.679993,513.530029,2053048.000000,1760718600.0
1760718600.0,513.489990,514.365479,511.450012,511.779999,1180531.000000,1760722200.0
1760722200.0,511.760010,515.297974,511.260010,514.979980,1457732.000000,1760725800.0
1760725800.0,514.967529,515.479980,514.080017,515.210022,1209219.000000,1760729400.0
1760729400.0,515.090027,515.117493,513.270020,513.510010,1924644.000000,1760733000.0
1760967000.0,514.635010,516.909973,513.440002,516.479980,2698905.000000,1760970600.0
1760970600.0,516.469971,518.700012,515.979980,517.242371,1615533.000000,1760974200.0
1760974200.0,517.280029,517.803589,516.299988,516.570007,1004947.000000,1760977800.0
1760977800.0,516.599976,517.789978,516.039978,517.565002,819523.000000,1760981400.0
1760981400.0,517.570007,518.089905,517.429993,517.640015,883236.000000,1760985000.0
1760985000.0,517.580017,517.659973,515.700012,516.344971,1199478.000000,1760988600.0
1760988600.0,516.359985,517.109985,516.007690,516.830017,1402913.000000,1760992200.0
1761053400.0,517.760010,518.690002,514.750000,514.854980,2982387.000000,1761057000.0
1761057000.0,514.854980,517.559998,514.099976,516.049988,1652036.000000,1761060600.0
1761060600.0,516.075989,516.210022,515.549988,515.729980,1015481.000000,1761064200.0
1761064200.0,515.729980,515.889893,513.039978,514.210022,1727603.000000,1761067800.0
1761067800.0,514.234985,516.440002,513.640015,516.015015,1385330.000000,1761071400.0
1761071400.0,516.039978,517.630005,515.880005,517.195007,2009027.000000,1761075000.0
1761075000.0,517.159973,518.349976,516.979980,517.739990,1583770.000000,1761078600.0
1761139800.0,521.150024,524.210022,519.070007,523.465027,4145652.000000,1761143400.0
1761143400.0,523.510010,525.219971,521.200012,522.710022,2936035.000000,1761147000.0
1761147000.0,522.692017,524.169983,522.080017,523.005005,1597372.000000,1761150600.0
1761150600.0,523.059998,523.469971,520.099976,520.554626,1956352.000000,1761154200.0
1761154200.0,520.460022,520.460022,517.710022,519.330017,1278842.000000,1761157800.0
1761157800.0,519.340027,520.179504,518.955017,520.010010,1171299.000000,1761161400.0
1761161400.0,520.030029,520.975403,519.599976,520.479980,1455128.000000,1761165000.0
1761226200.0,522.299988,523.200012,518.630005,521.405090,2797429.000000,1761229800.0
1761229800.0,521.349976,523.234985,521.255005,523.158203,1388216.000000,1761233400.0
1761233400.0,523.169983,523.950012,521.450012,522.489990,1129335.000000,1761237000.0
1761237000.0,522.510010,523.109985,521.630005,522.059998,856388.000000,1761240600.0
1761240600.0,522.090027,523.315002,522.010010,523.190002,866501.000000,1761244200.0
1761244200.0,523.169983,523.619995,522.349976,522.570007,1159348.000000,1761247800.0
1761247800.0,522.489990,522.929993,520.140015,520.674988,1863494.000000,1761251400.0
1761312600.0,522.489990,525.049988,520.710022,523.114990,3190181.000000,1761316200.0
1761316200.0,523.030029,523.780029,522.000000,523.205017,1462281.000000,1761319800.0
1761319800.0,523.200012,523.940002,522.140015,523.940002,1041340.000000,1761323400.0
1761323400.0,523.880005,525.020020,523.349976,523.784973,1173752.000000,1761327000.0
1761327000.0,523.770020,525.099976,523.669983,524.820007,1097997.000000,1761330600.0
1761330600.0,524.840027,525.344971,524.671082,524.854980,1206189.000000,1761334200.0
1761334200.0,524.830017,525.260010,522.950012,523.500000,2676795.000000,1761337800.0
1761571800.0,531.709106,533.799927,529.010010,533.224976,4991642.000000,1761575400.0
1761575400.0,533.260010,534.580017,532.239990,532.665100,2235243.000000,1761579000.0
1761579000.0,532.647522,533.380005,531.599976,531.719971,1341774.000000,1761582600.0
1761582600.0,531.760193,531.830017,530.445007,530.794983,1119767.000000,1761586200.0
1761586200.0,530.820007,532.570984,530.701172,532.520020,1203788.000000,1761589800.0
1761589800.0,532.500000,533.630005,532.200012,532.830017,1427951.000000,1761593400.0
1761593400.0,532.810120,533.440002,531.270020,531.409973,2146625.000000,1761597000.0
1761658200.0,550.289978,553.719971,542.460022,545.609985,10934438.000000,1761661800.0
1761661800.0,545.601685,545.989990,542.179993,543.390991,3026807.000000,1761665400.0
1761665400.0,543.369995,544.539978,540.770020,542.539978,2821643.000000,1761669000.0
1761669000.0,542.700012,543.513977,541.830017,542.940002,1806998.000000,1761672600.0
1761672600.0,542.969482,544.849976,541.929993,543.770874,2093281.000000,1761676200.0
1761676200.0,543.744019,545.500000,543.170105,544.609985,2785468.000000,1761679800.0
1761679800.0,544.599976,544.659729,541.799988,542.010010,2627395.000000,1761683400.0
1761744600.0,544.940002,546.270020,537.170105,538.195007,5940543.000000,1761748200.0
1761748200.0,538.169983,539.570007,537.500000,537.630005,2905116.000000,1761751800.0
1761751800.0,537.575012,539.419983,536.728699,538.405029,2621314.000000,1761755400.0
1761755400.0,538.405029,539.579895,538.130005,538.830017,1760561.000000,1761759000.0
1761759000.0,538.679993,539.919983,537.900024,539.822815,2162474.000000,1761762600.0
1761762600.0,539.840027,540.549988,536.950012,538.900024,3517064.000000,1761766200.0
1761766200.0,538.820007,543.150024,538.179993,542.559998,3634678.000000,1761769800.0
1761831000.0,530.494995,534.969971,524.109985,528.520020,10090514.000000,1761834600.0
1761834600.0,528.489990,530.969971,524.119995,525.270020,3610549.000000,1761838200.0
1761838200.0,525.344971,527.770020,522.159973,526.655029,3543001.000000,1761841800.0
1761841800.0,526.650024,527.494995,524.570007,526.872620,1591692.000000,1761845400.0
1761845400.0,526.849976,527.719971,522.890015,523.684998,1774311.000000,1761849000.0
1761849000.0,523.710022,524.450012,522.119995,523.820007,1974664.000000,1761852600.0
1761852600.0,523.880005,526.648621,523.280029,525.780029,2478256.000000,1761856200.0
1761917400.0,528.804993,529.320007,515.099976,518.000000,6106325.000000,1761921000.0
1761921000.0,517.919983,522.000000,517.500000,519.395020,2637621.000000,1761924600.0
1761924600.0,519.469971,520.440002,515.910095,517.689880,2263470.000000,1761928200.0
1761928200.0,517.625000,518.639526,515.920105,516.500000,1322871.000000,1761931800.0
1761931800.0,516.525024,518.409973,515.940002,517.122681,1326487.000000,1761935400.0
1761935400.0,517.099976,518.799927,516.080017,518.710022,1515990.000000,1761939000.0
1761939000.0,518.669983,519.619995,517.000000,517.815002,2921575.000000,1761942600.0
1762180200.0,519.804993,524.960022,519.309998,519.460022,4259658.000000,1762183800.0
1762183800.0,519.409973,520.390015,518.390015,518.669983,1356149.000000,1762187400.0
1762187400.0,518.650024,520.440002,517.770020,518.640015,1144711.000000,1762191000.0
1762191000.0,518.640076,519.799988,517.261719,517.445007,1062423.000000,1762194600.0
1762194600.0,517.460022,517.890015,516.000000,516.215027,1128633.000000,1762198200.0
1762198200.0,516.200012,516.880005,515.419983,515.440002,1455877.000000,1762201800.0
1762201800.0,515.440002,517.119995,514.590027,516.909973,1803386.000000,1762205400.0
1762266600.0,511.829987,515.090027,507.839996,514.630005,3452262.000000,1762270200.0
1762270200.0,514.585022,515.549988,513.239990,513.320007,1261718.000000,1762273800.0
1762273800.0,513.280029,513.940002,511.750000,512.469971,1044561.000000,1762277400.0
1762277400.0,512.440125,513.070007,509.929993,510.239990,1003815.000000,1762281000.0
1762281000.0,510.250000,513.020020,510.220001,512.340027,960243.000000,1762284600.0
1762284600.0,512.340027,514.020020,511.410004,513.755005,1131231.000000,1762288200.0
1762288200.0,513.760010,514.994995,513.400024,514.750000,2191464.000000,1762291800.0
1762353000.0,513.320007,514.830017,511.109985,514.250000,2532951.000000,1762356600.0
1762356600.0,514.280029,514.315002,508.760010,510.100006,1818451.000000,1762360200.0
1762360200.0,510.049988,510.100006,508.220001,508.730011,1649556.000000,1762363800.0
1762363800.0,508.759888,509.630005,508.268188,508.845001,1161479.000000,1762367400.0
1762367400.0,508.839996,509.559998,507.779388,508.429993,1249553.000000,1762371000.0
1762371000.0,508.411713,508.459991,507.540009,507.804993,1484425.000000,1762374600.0
1762374600.0,507.820007,508.149994,506.589996,506.989990,2456430.000000,1762378200.0
1762439400.0,505.359985,505.700012,498.500000,501.265015,4315178.000000,1762443000.0
1762443000.0,501.399689,501.440002,495.809998,498.195099,2786191.000000,1762446600.0
1762446600.0,498.200012,498.549988,496.850006,497.670013,1444250.000000,1762450200.0
1762450200.0,497.696411,498.350006,496.450012,497.600006,1178727.000000,1762453800.0
1762453800.0,497.579987,500.000000,497.579987,499.709991,1110075.000000,1762457400.0
1762457400.0,499.695007,500.679993,498.595001,498.820007,1378318.000000,1762461000.0
1762461000.0,498.809998,499.114990,496.149994,497.359985,2904840.000000,1762464600.0
1762525800.0,496.679993,499.377014,493.250000,496.028412,3751026.000000,1762529400.0
1762529400.0,496.059998,496.820007,493.869995,495.190002,1522456.000000,1762533000.0
1762533000.0,495.190002,495.690002,494.179993,494.855011,1209896.000000,1762536600.0
1762536600.0,494.815002,495.579987,493.609985,495.575012,1001105.000000,1762540200.0
1762540200.0,495.575012,496.640015,494.559998,495.769989,1061095.000000,1762543800.0
1762543800.0,495.790009,497.459991,495.149994,496.702515,1645935.000000,1762547400.0
1762547400.0,496.730011,498.299988,495.609985,496.920013,2409941.000000,1762551000.0
1762785000.0,499.850006,506.489990,498.799988,504.500000,3813082.000000,1762788600.0
1762788600.0,504.500000,504.670013,501.579987,502.075012,1363021.000000,1762792200.0
1762792200.0,502.075012,502.209808,499.989990,501.334991,1363650.000000,1762795800.0
1762795800.0,501.371490,504.734314,501.299988,504.471985,1000194.000000,1762799400.0
1762799400.0,504.510010,505.929993,503.959991,504.800110,1033927.000000,1762803000.0
1762803000.0,504.850006,506.769989,504.829987,505.809998,1169626.000000,1762806600.0
1762806600.0,505.809998,506.709991,505.019989,506.000000,10316610.000000,1762810200.0
1762871400.0,504.799988,506.200012,502.600006,504.729492,1795578.000000,1762875000.0
1762875000.0,504.720001,504.820007,502.348785,503.450012,1090927.000000,1762878600.0
1762878600.0,503.450012,505.440002,502.950012,504.700012,681031.000000,1762882200.0
1762882200.0,504.704987,506.790009,504.339996,506.630005,662169.000000,1762885800.0
1762885800.0,506.700012,509.201385,506.611694,509.159912,1020976.000000,1762889400.0
1762889400.0,509.149994,509.559998,508.640015,508.920013,875916.000000,1762893000.0
1762893000.0,508.910004,509.600006,508.029999,508.820007,1464317.000000,1762896600.0
1762957800.0,509.059998,509.250000,504.750000,505.695007,3026898.000000,1762961400.0
1762961400.0,505.704987,505.760010,499.750000,501.704987,2115827.000000,1762965000.0
1762965000.0,501.690002,502.529999,499.120087,501.910004,1543142.000000,1762968600.0
1762968600.0,501.910004,508.500000,501.750000,508.230011,1973662.000000,1762972200.0
1762972200.0,508.239990,510.070007,507.850006,509.510010,1361268.000000,1762975800.0
1762975800.0,509.540009,511.470001,509.440002,510.804993,1661864.000000,1762979400.0
1762979400.0,510.804993,511.670013,510.220001,511.390015,2261909.000000,1762983000.0
1763044200.0,510.309998,513.500000,505.450012,511.653595,4251762.000000,1763047800.0
1763047800.0,511.649994,512.940002,509.269989,509.915009,1796323.000000,1763051400.0
1763051400.0,509.970001,510.450012,508.010010,509.704987,1119963.000000,1763055000.0
1763055000.0,509.779999,510.037292,506.760010,506.929993,782745.000000,1763058600.0
1763058600.0,506.929993,506.940002,502.940002,504.640015,1616304.000000,1763062200.0
1763062200.0,504.640015,504.910004,501.290009,502.779999,1684269.000000,1763065800.0
1763065800.0,502.790009,504.144989,501.830902,503.276001,1982063.000000,1763069400.0
1763130600.0,498.230011,506.225006,497.440002,505.417297,5508611.000000,1763134200.0
1763134200.0,505.369995,509.500000,504.899994,509.500000,1606836.000000,1763137800.0
1763137800.0,509.510010,511.410004,508.119995,509.640015,1398752.000000,1763141400.0
1763141400.0,509.649994,509.899902,507.410004,508.010101,910012.000000,1763145000.0
1763145000.0,508.010010,510.779999,507.619995,510.440002,1427094.000000,1763148600.0
1763148600.0,510.459991,511.600006,509.600006,510.059998,1335354.000000,1763152200.0
1763152200.0,510.040009,510.403595,508.709991,510.369995,1492674.000000,1763155800.0
1763389800.0,508.445007,512.119995,506.179993,507.480011,2904674.000000,1763393400.0
1763393400.0,507.499390,508.369995,505.600006,507.329987,977864.000000,1763397000.0
1763397000.0,507.320007,510.799988,507.230011,510.315002,858375.000000,1763400600.0
1763400600.0,510.329987,510.529999,507.285004,507.989990,617804.000000,1763404200.0
1763404200.0,507.959991,509.200012,506.109985,506.890015,662204.000000,1763407800.0
1763407800.0,506.869995,507.260010,504.920013,506.329987,1084632.000000,1763411400.0
1763411400.0,506.355011,507.720001,505.989990,507.489990,1380646.000000,1763415000.0
1763476200.0,495.089996,502.980011,492.500000,493.540009,6497012.000000,1763479800.0
1763479800.0,493.540009,494.000000,486.779999,492.230011,3690111.000000,1763483400.0
1763483400.0,492.204987,494.440002,488.630005,488.849915,2283365.000000,1763487000.0
1763487000.0,488.804993,493.329987,487.899994,492.130005,1607862.000000,1763490600.0
1763490600.0,492.160004,493.470001,491.605011,493.079987,1125959.000000,1763494200.0
1763494200.0,493.130005,495.269989,492.810089,495.260010,1562396.000000,1763497800.0
1763497800.0,495.260010,495.739899,493.500000,493.799988,9271064.000000,1763501400.0
1763562600.0,490.100006,495.187195,488.950012,494.700012,3013167.000000,1763566200.0
1763566200.0,494.684998,494.850006,487.829987,489.195099,1780414.000000,1763569800.0
1763569800.0,489.109985,489.609985,486.125000,487.371307,1456044.000000,1763573400.0
1763573400.0,487.369995,487.399994,484.200012,486.200989,1636881.000000,1763577000.0
1763577000.0,486.149994,487.320007,484.280090,484.339996,1248171.000000,1763580600.0
1763580600.0,484.320007,487.852997,482.829987,487.529999,1613253.000000,1763584200.0
1763584200.0,487.510010,488.630005,485.769989,486.980011,1871706.000000,1763587800.0
1763649000.0,492.709991,493.519989,489.799988,492.809998,3562081.000000,1763652600.0
1763652600.0,492.820007,493.109985,485.959991,486.670013,1967094.000000,1763656200.0
1763656200.0,486.600006,487.144989,480.359985,481.769989,2294172.000000,1763659800.0
1763659800.0,481.790009,483.369995,479.190002,482.000000,1790301.000000,1763663400.0
1763663400.0,481.899994,482.350006,478.290009,479.945007,1377606.000000,1763667000.0
1763667000.0,479.910004,480.600006,478.329987,478.980011,1513301.000000,1763670600.0
1763670600.0,478.989990,479.429993,476.059998,478.290009,2407589.000000,1763674200.0
1763735400.0,478.390015,478.920013,469.359985,473.315002,7564442.000000,1763739000.0
1763739000.0,473.279999,474.045013,468.269989,471.045013,2770253.000000,1763742600.0
1763742600.0,471.063995,475.769989,469.929993,474.260010,1872762.000000,1763746200.0
1763746200.0,474.380005,475.434998,471.000000,472.820007,1260590.000000,1763749800.0
1763749800.0,472.820007,476.899994,472.649994,476.570007,1386177.000000,1763753400.0
1763753400.0,476.609985,476.820007,473.385010,473.390015,1441643.000000,1763757000.0
1763757000.0,473.390015,474.190002,470.707489,472.220001,2090107.000000,1763760600.0
1763994600.0,475.000000,476.179993,468.019989,472.420013,5626447.000000,1763998200.0
1763998200.0,472.459991,475.720001,472.000000,475.329987,1866844.000000,1764001800.0
1764001800.0,475.375000,476.899994,474.630005,475.809998,2328420.000000,1764005400.0
1764005400.0,475.845093,476.380005,474.890015,475.320007,1129854.000000,1764009000.0
1764009000.0,475.279999,475.399994,473.869995,474.119995,1120119.000000,1764012600.0
1764012600.0,474.144012,475.049988,473.829987,474.299988,1240769.000000,1764016200.0
1764016200.0,474.279999,476.510010,473.549988,473.790009,2390272.000000,1764019800.0
1764081000.0,474.394989,474.459991,464.891815,468.380005,4558757.000000,1764084600.0
1764084600.0,468.380005,472.359985,468.337006,472.149994,1948411.000000,1764088200.0
1764088200.0,472.200012,477.059998,472.190002,475.989990,1822911.000000,1764091800.0
1764091800.0,476.010010,477.209900,475.420013,476.744995,1113246.000000,1764095400.0
1764095400.0,476.750000,477.760010,476.190002,476.380005,1040166.000000,1764099000.0
1764099000.0,476.384003,477.379913,475.394989,477.088501,1286865.000000,1764102600.0
1764102600.0,477.119995,478.970001,476.739990,476.929993,7486043.000000,1764106200.0
1764167400.0,486.049988,487.970001,481.209991,483.239990,4843496.000000,1764171000.0
1764171000.0,483.309998,487.005005,483.299988,486.785492,1859391.000000,1764174600.0
1764174600.0,486.839996,488.303009,486.329987,486.790009,1474580.000000,1764178200.0
1764178200.0,486.829987,487.820007,485.630005,486.831604,1283809.000000,1764181800.0
1764181800.0,486.829987,487.184998,485.850006,486.820007,1100010.000000,1764185400.0
1764185400.0,486.917999,487.679993,485.589996,487.250000,1214849.000000,1764189000.0
1764189000.0,487.239990,487.630005,485.000000,485.489990,1838870.000000,1764192600.0
1764340200.0,487.595001,491.799988,486.649994,490.579987,3707413.000000,1764343800.0
1764343800.0,490.579987,492.630005,490.549988,491.299988,1310232.000000,1764347400.0
1764347400.0,491.339996,492.420013,490.890015,491.144989,1045697.000000,1764351000.0
1764599400.0,487.959991,488.759186,484.647491,486.799988,3532361.000000,1764603000.0
1764603000.0,486.790009,489.017487,485.700104,488.304993,1278138.000000,1764606600.0
1764606600.0,488.290009,489.859894,487.660004,488.910004,785583.000000,1764610200.0
1764610200.0,488.890015,489.390015,488.494995,488.665009,787685.000000,1764613800.0
1764613800.0,488.670013,489.059998,487.769989,487.859985,822496.000000,1764617400.0
1764617400.0,487.839996,487.949890,486.760010,487.809998,898825.000000,1764621000.0
1764621000.0,487.809998,488.130005,485.670013,486.829987,1956383.000000,1764624600.0
1764685800.0,486.679993,491.510010,486.320007,490.524994,2714639.000000,1764689400.0
1764689400.0,490.549988,492.279999,489.451294,489.600006,1563473.000000,1764693000.0
1764693000.0,489.579987,493.499908,489.040009,493.209991,1011496.000000,1764696600.0
1764696600.0,493.214996,493.450012,489.670013,490.089996,1015404.000000,1764700200.0
1764700200.0,490.070007,490.679901,489.144989,489.848511,796441.000000,1764703800.0
1764703800.0,489.809998,490.480011,489.579987,490.230011,780550.000000,1764707400.0
1764707400.0,490.230011,490.820007,488.529999,490.059998,1093944.000000,1764711000.0
1764772200.0,476.290009,479.959900,475.200012,478.320007,7007422.000000,1764775800.0
1764775800.0,478.320007,484.239990,478.181091,480.130005,4823205.000000,1764779400.0
1764779400.0,480.070007,482.429993,479.470001,482.420013,1867393.000000,1764783000.0
1764783000.0,482.399994,483.829895,481.450012,481.700012,1312554.000000,1764786600.0
1764786600.0,481.769989,481.959991,480.239990,481.730011,1141313.000000,1764790200.0
1764790200.0,481.730011,483.190002,481.635010,482.329987,1195436.000000,1764793800.0
1764793800.0,482.334991,482.484985,477.559998,477.739990,3135949.000000,1764797400.0
1764858600.0,479.309998,481.321991,476.661591,478.045013,3444491.000000,1764862200.0
1764862200.0,478.045013,478.989899,476.489990,478.179993,1294765.000000,1764865800.0
1764865800.0,478.125000,478.999908,477.549988,478.279999,1051770.000000,1764869400.0
1764869400.0,478.279999,480.130005,477.359985,478.975006,1249476.000000,1764873000.0
1764873000.0,478.989990,479.140015,476.700012,477.210114,1220192.000000,1764876600.0
1764876600.0,477.279999,479.970001,477.130005,479.507996,1547941.000000,1764880200.0
1764880200.0,479.500000,480.970001,479.279999,480.820007,1212123.000000,1764883800.0
1764945000.0,482.500000,483.260010,480.350006,483.125000,2995600.000000,1764948600.0
1764948600.0,483.130005,483.399994,478.950012,479.276398,1771912.000000,1764952200.0
1764952200.0,479.279999,480.561188,478.880096,480.329987,1018934.000000,1764955800.0
1764955800.0,480.325012,481.420013,479.859985,481.359985,749322.000000,1764959400.0
1764959400.0,481.390015,482.070007,481.100098,481.829987,897324.000000,1764963000.0
1764963000.0,481.829987,482.174988,481.420013,481.940002,861329.000000,1764966600.0
1764966600.0,481.950012,483.339996,481.519989,483.029999,6424468.000000,1764970200.0
1765204200.0,484.885010,490.519989,484.380005,489.077209,3442595.000000,1765207800.0
1765207800.0,489.075012,492.299988,488.390015,491.489990,1631887.000000,1765211400.0
1765211400.0,491.529999,491.640015,490.519989,490.640015,1057622.000000,1765215000.0
1765215000.0,490.656006,492.059998,490.100006,490.890503,1131610.000000,1765218600.0
1765218600.0,490.809998,491.047485,489.380096,490.390015,857571.000000,1765222200.0
1765222200.0,490.359985,490.359985,489.311707,489.894989,1078837.000000,1765225800.0
1765225800.0,489.890015,491.200012,488.970001,491.119995,1521777.000000,1765229400.0
1765290600.0,491.019989,491.940002,488.500092,490.470001,2206572.000000,1765294200.0
1765294200.0,490.470001,491.130005,489.839996,490.720001,858330.000000,1765297800.0
1765297800.0,490.720001,492.100006,489.950012,489.950012,760850.000000,1765301400.0
1765301400.0,489.980011,490.489990,489.500000,490.380005,958263.000000,1765305000.0
1765305000.0,490.380005,491.190002,490.220001,490.890015,527622.000000,1765308600.0
1765308600.0,490.890015,491.369995,489.980011,490.954987,671392.000000,1765312200.0
1765312200.0,490.954987,492.100006,490.820007,492.059998,3546772.000000,1765315800.0
1765377000.0,484.029999,484.250000,478.609985,480.390015,4407586.000000,1765380600.0
1765380600.0,480.399994,480.600006,478.089996,480.364990,2242212.000000,1765384200.0
1765384200.0,480.399994,481.769989,480.109985,481.600006,1205981.000000,1765387800.0
1765387800.0,481.600006,482.412109,476.850006,477.290009,2257500.000000,1765391400.0
1765391400.0,477.279999,479.190002,476.040009,476.470001,2388387.000000,1765395000.0
1765395000.0,476.473297,479.649994,475.079987,478.059998,3137199.000000,1765398600.0
1765398600.0,478.109985,479.440002,476.649994,478.521515,3156115.000000,1765402200.0
1765463400.0,476.559998,482.140015,475.859985,480.350006,3902934.000000,1765467000.0
1765467000.0,480.385010,481.220001,478.929993,478.951904,1387331.000000,1765470600.0
1765470600.0,478.950012,481.535004,478.920013,480.666809,1074923.000000,1765474200.0
1765474200.0,480.700012,484.329987,479.799988,482.010010,1680983.000000,1765477800.0
1765477800.0,482.035004,486.029999,481.530090,485.450012,1967481.000000,1765481400.0
1765481400.0,485.464996,485.749908,484.299988,484.380005,1089784.000000,1765485000.0
1765485000.0,484.394989,484.394989,482.323608,483.690002,1534951.000000,1765488600.0
1765549800.0,480.619995,482.450012,478.329987,478.445007,2999847.000000,1765553400.0
1765553400.0,478.440002,480.600006,476.359985,477.768494,2058673.000000,1765557000.0
1765557000.0,477.690002,478.720001,476.839996,477.765015,1289724.000000,1765560600.0
1765560600.0,477.760010,479.420013,477.170013,478.829987,1111781.000000,1765564200.0
1765564200.0,478.850006,479.415009,478.230011,478.950104,764406.000000,1765567800.0
1765567800.0,478.980011,479.290009,477.769989,478.255005,1011975.000000,1765571400.0
1765571400.0,478.250000,478.950012,477.350006,478.470001,1603990.000000,1765575000.0
1765809000.0,480.100006,480.720490,472.519989,473.000000,3522559.000000,1765812600.0
1765812600.0,472.994995,475.549988,472.795013,475.260010,1523327.000000,1765816200.0
1765816200.0,475.299988,475.519989,473.500000,474.399994,1090007.000000,1765819800.0
1765819800.0,474.415009,475.160004,473.200012,473.619995,919758.000000,1765823400.0
1765823400.0,473.619995,474.932312,473.250000,474.100006,999011.000000,1765827000.0
1765827000.0,474.100006,474.690002,473.579987,474.617493,1820957.000000,1765830600.0
1765830600.0,474.660004,476.480011,474.415009,474.820007,5631677.000000,1765834200.0
1765895400.0,471.904999,475.190002,470.880005,474.010010,2993923.000000,1765899000.0
1765899000.0,474.010010,475.119995,472.109985,473.554993,1381039.000000,1765902600.0
1765902600.0,473.540009,475.339996,472.959991,474.320007,976490.000000,1765906200.0
1765906200.0,474.320007,474.899994,472.269989,473.059998,1009496.000000,1765909800.0
1765909800.0,473.029999,476.000000,473.029999,475.230011,998640.000000,1765913400.0
1765913400.0,475.209991,477.304993,475.078491,476.549988,1277220.000000,1765917000.0
1765917000.0,476.549988,477.890015,476.057495,476.239990,1442659.000000,1765920600.0
1765981800.0,476.904999,478.529999,475.321289,477.739990,2376611.000000,1765985400.0
1765985400.0,477.670013,478.010010,475.429993,477.100006,1539535.000000,1765989000.0
1765989000.0,477.070007,477.759888,475.220001,477.255005,1345771.000000,1765992600.0
1765992600.0,477.250000,478.954987,476.709991,478.549988,1265886.000000,1765996200.0
1765996200.0,478.531586,479.209991,477.579987,478.834991,1012360.000000,1765999800.0
1765999800.0,478.825012,479.880005,478.040009,478.190002,1316054.000000,1766003400.0
1766003400.0,478.220001,478.839996,476.000000,476.075012,2428450.000000,1766007000.0
1766068200.0,478.190002,485.394989,477.890015,484.739990,3656603.000000,1766071800.0
1766071800.0,484.739990,488.075012,484.290588,487.649994,2252036.000000,1766075400.0
1766075400.0,487.600006,489.600006,484.190002,484.927490,1600888.000000,1766079000.0
1766079000.0,484.959991,487.149994,484.772308,486.480103,1566031.000000,1766082600.0
1766082600.0,486.570007,487.435486,484.970001,485.549988,987969.000000,1766086200.0
1766086200.0,485.560089,485.660004,483.390015,484.598511,1040538.000000,1766089800.0
1766089800.0,484.609985,486.019989,483.850006,483.880005,1427741.000000,1766093400.0
1766154600.0,487.359985,487.850006,482.950012,485.530304,9943215.000000,1766158200.0
1766158200.0,485.510010,486.782501,484.109985,485.168488,1197890.000000,1766161800.0
1766161800.0,485.149994,486.129913,484.239990,485.875000,1175839.000000,1766165400.0
1766165400.0,485.875000,485.875000,484.649994,485.250000,816890.000000,1766169000.0
1766169000.0,485.244995,485.329987,484.040009,484.245514,923877.000000,1766172600.0
1766172600.0,484.255005,484.559998,482.605011,482.929993,1204265.000000,1766176200.0
1766176200.0,482.910004,487.149994,482.489990,486.059998,3360694.000000,1766179800.0
1766413800.0,486.679993,488.730011,482.690002,484.605011,3106486.000000,1766417400.0
1766417400.0,484.619995,486.089996,484.047485,485.649506,1250076.000000,1766421000.0
1766421000.0,485.644989,486.514801,484.929993,485.850006,979729.000000,1766424600.0
1766424600.0,485.839996,486.329987,485.582489,485.750000,651705.000000,1766428200.0
1766428200.0,485.750000,486.290009,485.424988,485.880005,707111.000000,1766431800.0
1766431800.0,485.869995,486.000000,484.660004,484.970001,1098508.000000,1766435400.0
1766435400.0,484.970001,485.380005,484.369995,484.850006,1200081.000000,1766439000.0
1766500200.0,486.359985,487.829895,485.019989,485.894989,2204097.000000,1766503800.0
1766503800.0,485.880005,487.105011,485.730011,486.809998,1091161.000000,1766507400.0
1766507400.0,486.809998,487.290009,486.260010,486.670013,812263.000000,1766511000.0
1766511000.0,486.660004,486.820007,486.030090,486.480011,636202.000000,1766514600.0
1766514600.0,486.480011,487.278992,486.250000,487.089996,719231.000000,1766518200.0
1766518200.0,487.084991,487.470001,486.989990,487.274994,871880.000000,1766521800.0
1766521800.0,487.265015,487.500000,486.450012,486.500000,1101226.000000,1766525400.0
1766586600.0,485.799988,487.980011,484.829987,487.798798,1308100.000000,1766590200.0
1766590200.0,487.809998,488.534790,487.269989,488.440002,753356.000000,1766593800.0
1766593800.0,488.450012,489.162506,488.250000,488.609985,905891.000000,1766597400.0
1766759400.0,486.704987,488.119995,485.959991,486.619995,1300726.000000,1766763000.0
1766763000.0,486.619995,487.369995,486.350006,487.342590,658260.000000,1766766600.0
1766766600.0,487.339996,488.100006,486.899994,487.934998,571546.000000,1766770200.0
1766770200.0,487.890015,487.924988,486.247498,486.799988,615640.000000,1766773800.0
1766773800.0,486.799988,487.890015,486.799988,487.450012,420288.000000,1766777400.0
1766777400.0,487.450012,487.600006,486.899994,487.220001,493344.000000,1766781000.0
1766781000.0,487.230011,487.880005,487.109985,487.785004,712739.000000,1766784600.0
1767018600.0,484.855011,488.350006,484.179993,487.359985,1576069.000000,1767022200.0
1767022200.0,487.385010,488.000000,485.399994,485.744995,838236.000000,1767025800.0
1767025800.0,485.700012,485.899811,484.730011,484.940002,584818.000000,1767029400.0
1767029400.0,484.940002,485.695007,484.739990,485.625000,1794777.000000,1767033000.0
1767033000.0,485.609985,486.350006,485.119995,486.329987,0.000000,1767036600.0
1767036600.0,486.359985,487.609985,486.269989,487.070007,599093.000000,1767040200.0
1767040200.0,487.070007,487.315002,486.399994,487.101013,2713923.000000,1767043800.0
1767105000.0,486.125000,489.140015,486.091187,487.380005,2288112.000000,1767108600.0
1767108600.0,487.350006,489.670013,487.089996,488.579987,986267.000000,1767112200.0
1767112200.0,488.575012,488.859894,487.820007,488.079987,644724.000000,1767115800.0
1767115800.0,488.079987,488.570007,487.950012,488.209991,639132.000000,1767119400.0
1767119400.0,488.179993,488.859985,488.170013,488.549896,658606.000000,1767123000.0
1767123000.0,488.559998,488.665009,487.390015,487.804993,695978.000000,1767126600.0
1767126600.0,487.804993,488.660004,487.429993,487.549988,1213290.000000,1767130200.0
1767191400.0,487.250000,488.140015,485.230011,485.654999,1874790.000000,1767195000.0
1767195000.0,485.630005,485.700012,484.290009,485.269989,997432.000000,1767198600.0
1767198600.0,485.279999,485.899994,484.799988,485.096008,672479.000000,1767202200.0
1767202200.0,485.076385,485.890015,484.980011,485.878510,487595.000000,1767205800.0
1767205800.0,485.885010,486.695007,485.709991,485.730011,643407.000000,1767209400.0
1767209400.0,485.760010,485.809998,483.300110,483.500000,753120.000000,1767213000.0
1767213000.0,483.480011,484.440002,483.299988,483.649994,1251465.000000,1767216600.0
1767364200.0,483.000000,484.660004,474.880005,475.364990,3773820.000000,1767367800.0
1767367800.0,475.320007,476.799988,472.420013,473.153015,2402721.000000,1767371400.0
1767371400.0,473.119995,473.920013,472.709991,473.885010,1749730.000000,1767375000.0
1767375000.0,473.904999,474.070007,471.779999,471.859985,1265993.000000,1767378600.0
1767378600.0,471.850006,472.799988,470.160004,472.589996,1555439.000000,1767382200.0
1767382200.0,472.579987,473.339996,471.760010,472.524994,1417082.000000,1767385800.0
1767385800.0,472.510010,473.000000,471.230011,472.929993,2054665.000000,1767389400.0
1767623400.0,473.260010,473.559998,469.510010,473.069885,4126530.000000,1767627000.0
1767627000.0,473.070007,474.299988,471.809998,474.179993,2038527.000000,1767630600.0
1767630600.0,474.160004,476.052887,474.126892,475.399994,1581258.000000,1767634200.0
1767634200.0,475.404999,475.959991,473.739990,474.825012,1394687.000000,1767637800.0
1767637800.0,474.829987,475.920013,474.570007,474.720001,1242072.000000,1767641400.0
1767641400.0,474.690002,474.850006,473.399994,473.704987,1515580.000000,1767645000.0
1767645000.0,473.712494,474.500000,472.040009,472.920013,1899395.000000,1767648600.0
1767709800.0,473.750000,473.950012,469.750000,471.695007,3045187.000000,1767713400.0
1767713400.0,471.670013,472.644989,471.519989,472.214996,1476731.000000,1767717000.0
1767717000.0,472.214996,473.119995,471.119995,472.720001,994325.000000,1767720600.0
1767720600.0,472.750000,475.739990,472.730011,474.174988,1391933.000000,1767724200.0
1767724200.0,474.049988,476.981293,474.010590,476.850006,1092382.000000,1767727800.0
1767727800.0,476.429993,477.838501,476.179993,477.200012,1202016.000000,1767731400.0
1767731400.0,477.157013,478.480011,476.869995,478.070007,891428.000000,1767735000.0
1767796200.0,479.559998,485.119995,477.950012,483.410004,3656227.000000,1767799800.0
1767799800.0,483.380005,489.699493,483.359985,487.730011,2660134.000000,1767803400.0
1767803400.0,487.730011,488.809998,486.799988,488.230011,1537954.000000,1767807000.0
1767807000.0,488.190002,489.165009,487.660004,488.320099,1195671.000000,1767810600.0
1767810600.0,488.359985,488.850006,485.200104,485.489990,1156359.000000,1767814200.0
1767814200.0,485.480011,485.500000,484.140015,484.559998,1030233.000000,1767817800.0
1767817800.0,484.519989,484.559998,483.019989,483.470001,1505080.000000,1767821400.0
1767882600.0,482.250000,482.660004,475.859985,478.600006,2634773.000000,1767886200.0
1767886200.0,478.540009,478.730011,477.026489,477.589996,1303043.000000,1767889800.0
1767889800.0,477.589996,478.950012,476.475006,477.605011,965365.000000,1767893400.0
1767893400.0,477.589996,478.820007,477.059998,477.584991,810369.000000,1767897000.0
1767897000.0,477.559998,477.980011,476.109985,476.795013,760579.000000,1767900600.0
1767900600.0,476.791809,478.339996,476.079987,478.260010,1064948.000000,1767904200.0
1767904200.0,478.239990,478.859985,477.500000,478.040009,1271896.000000,1767907800.0
1767969000.0,476.000000,476.339996,472.200104,475.779999,3387349.000000,1767972600.0
1767972600.0,475.779999,476.750000,473.630096,476.470001,1719057.000000,1767976200.0
1767976200.0,476.480011,478.100006,476.119995,477.549988,1029134.000000,1767979800.0
1767979800.0,477.540009,477.820007,475.875000,476.850006,905362.000000,1767983400.0
1767983400.0,476.809998,479.260010,476.785004,478.445007,945673.000000,1767987000.0
1767987000.0,478.480011,479.690002,478.260010,479.579987,928333.000000,1767990600.0
1767990600.0,479.559998,479.820007,478.890015,479.200012,1077870.000000,1767994200.0
1768228200.0,476.670013,480.959991,475.680298,478.574097,3161780.000000,1768231800.0
1768231800.0,478.581390,479.720001,478.059998,478.785614,1140609.000000,1768235400.0
1768235400.0,478.779999,479.850006,478.119995,478.459991,1059575.000000,1768239000.0
1768239000.0,478.459991,478.887512,477.970001,478.529999,769808.000000,1768242600.0
1768242600.0,478.510010,479.290009,477.869995,479.140015,903532.000000,1768246200.0
1768246200.0,479.149994,480.660004,479.049988,479.239990,1192696.000000,1768249800.0
1768249800.0,479.230011,479.230011,476.700012,477.190002,1711089.000000,1768253400.0
1768314600.0,474.674988,475.760010,467.609985,468.239990,4239307.000000,1768318200.0
1768318200.0,468.239990,468.970001,465.950012,468.739990,3118109.000000,1768321800.0
1768321800.0,468.739990,471.220001,468.390015,469.709991,1599397.000000,1768325400.0
1768325400.0,469.739990,470.089905,467.299988,468.709991,1454274.000000,1768329000.0
1768329000.0,468.690002,468.980011,465.989990,466.839996,1612073.000000,1768332600.0
1768332600.0,466.799988,468.399994,466.399994,468.239990,1893685.000000,1768336200.0
1768336200.0,468.239990,471.000000,467.424988,470.720001,2203688.000000,1768339800.0
1768401000.0,467.334991,468.170013,463.200012,464.692505,3705306.000000,1768404600.0
1768404600.0,464.679993,465.109985,461.190002,463.904999,2123491.000000,1768408200.0
1768408200.0,463.929993,464.291687,460.730011,461.619995,1699793.000000,1768411800.0
1768411800.0,461.589996,462.515015,460.250000,460.579987,1631373.000000,1768415400.0
1768415400.0,460.590790,460.739899,458.100006,458.829987,1981300.000000,1768419000.0
1768419000.0,458.869995,459.019989,457.170105,458.304993,2335750.000000,1768422600.0
1768422600.0,458.290009,459.859985,457.750000,459.380005,3150988.000000,1768426200.0
1768487400.0,462.644989,462.842499,457.899994,458.839996,4532481.000000,1768491000.0
1768491000.0,458.834991,460.929993,457.529999,460.049988,2129068.000000,1768494600.0
1768494600.0,460.019989,461.380005,459.660004,459.980011,1078351.000000,1768498200.0
1768498200.0,459.954315,460.200012,459.070007,459.470001,1109709.000000,1768501800.0
1768501800.0,459.450012,459.549988,456.700012,456.809998,1511930.000000,1768505400.0
1768505400.0,456.790009,457.929993,455.910004,456.636108,1835586.000000,1768509000.0
1768509000.0,456.660004,456.950012,456.029999,456.910004,1609744.000000,1768512600.0
1768573800.0,457.200012,460.359985,456.480011,459.760010,6417851.000000,1768577400.0
1768577400.0,459.756012,460.029999,457.980011,459.820007,1417223.000000,1768581000.0
1768581000.0,459.850006,462.299988,459.714996,460.609985,1648664.000000,1768584600.0
1768584600.0,460.609985,462.920013,460.119995,462.519989,1219088.000000,1768588200.0
1768588200.0,462.489990,463.190002,461.380005,461.959991,1110925.000000,1768591800.0
1768591800.0,461.940002,462.730011,461.075012,461.210114,2698214.000000,1768595400.0
1768595400.0,461.190002,461.559906,459.420013,459.869995,6609817.000000,1768599000.0
1768919400.0,451.429993,454.600006,449.279999,453.250000,4942848.000000,1768923000.0
1768923000.0,453.230011,455.549988,453.049988,455.475006,2248900.000000,1768926600.0
1768926600.0,455.500000,456.799988,453.970001,454.470001,1572081.000000,1768930200.0
1768930200.0,454.440002,454.440002,453.049988,453.579987,1144322.000000,1768933800.0
1768933800.0,453.529999,453.690002,452.489990,453.100006,1295909.000000,1768937400.0
1768937400.0,453.059998,455.119995,452.679993,454.779999,1537272.000000,1768941000.0
1768941000.0,454.779999,455.320007,453.609985,454.660004,1597753.000000,1768944600.0
1769005800.0,452.350006,452.689606,448.049988,450.200012,4424641.000000,1769009400.0
1769009400.0,450.200012,451.869995,448.510010,448.510010,2282438.000000,1769013000.0
1769013000.0,448.510010,448.799896,443.500000,444.334991,2967001.000000,1769016600.0
1769016600.0,444.299988,444.339996,439.229095,440.765015,3202072.000000,1769020200.0
1769020200.0,440.730011,442.100006,438.684998,441.589996,2793598.000000,1769023800.0
1769023800.0,441.602509,447.209991,441.589996,443.619995,3438247.000000,1769027400.0
1769027400.0,443.603790,444.359985,442.260010,444.149994,2430497.000000,1769031000.0
1769092200.0,447.000000,449.940002,444.734985,446.790009,4639681.000000,1769095800.0
1769095800.0,446.790009,449.190002,446.192688,449.160004,2198761.000000,1769099400.0
1769099400.0,449.165009,450.218506,448.519989,449.915009,1541367.000000,1769103000.0
1769103000.0,449.910004,452.839996,449.890015,451.890015,1463900.000000,1769106600.0
1769106600.0,451.859985,452.320007,450.839996,451.730011,1291747.000000,1769110200.0
1769110200.0,451.700012,451.790009,449.950012,450.394989,1481807.000000,1769113800.0
1769113800.0,450.390015,451.489990,449.660004,451.209991,1565895.000000,1769117400.0
1769178600.0,451.859985,463.709991,450.600006,463.122498,5901404.000000,1769182200.0
1769182200.0,463.130005,469.279999,463.130005,466.693207,5043452.000000,1769185800.0
1769185800.0,466.649994,470.169006,465.600006,469.829987,2960687.000000,1769189400.0
1769189400.0,469.829987,470.890015,467.700012,470.704987,2227380.000000,1769193000.0
1769193000.0,470.730011,471.100006,467.920013,469.519989,2213309.000000,1769196600.0
1769196600.0,469.535004,469.859985,467.040009,467.700012,1624458.000000,1769200200.0
1769200200.0,467.690002,468.679901,465.649994,465.850006,3041434.000000,1769203800.0
1769437800.0,465.304993,470.690002,462.000000,470.093201,4732905.000000,1769441400.0
1769441400.0,470.084991,472.700012,469.480011,472.230011,2376873.000000,1769445000.0
1769445000.0,472.200012,474.089996,471.809998,473.529999,2086373.000000,1769448600.0
1769448600.0,473.500000,473.970001,472.489990,473.890015,1289226.000000,1769452200.0
1769452200.0,473.859985,474.250000,472.140015,472.660004,1114752.000000,1769455800.0
1769455800.0,472.679993,473.279999,471.670013,471.899994,1254485.000000,1769459400.0
1769459400.0,471.897491,472.929993,469.950012,470.359985,2077189.000000,1769463000.0
1769524200.0,473.644989,478.720001,473.160004,476.109985,5056122.000000,1769527800.0
1769527800.0,476.089996,479.799988,475.850006,479.190002,2339407.000000,1769531400.0
1769531400.0,479.170013,480.890015,478.359985,479.799988,1790358.000000,1769535000.0
1769535000.0,479.799988,481.449005,479.739990,481.214996,1610758.000000,1769538600.0
1769538600.0,481.209991,482.869995,480.750000,482.079987,1550808.000000,1769542200.0
1769542200.0,482.089813,482.230011,480.519989,480.600006,1868607.000000,1769545800.0
1769545800.0,480.579987,481.380005,480.200012,480.579987,1910301.000000,1769549400.0
1769610600.0,483.130005,483.739990,479.290009,481.019989,3563925.000000,1769614200.0
1769614200.0,481.000000,481.130005,478.850006,479.443207,1961104.000000,1769617800.0
1769617800.0,479.429993,480.165009,478.000000,478.679993,1784618.000000,1769621400.0
1769621400.0,478.654999,479.440002,478.049988,478.834991,1117884.000000,1769625000.0
1769625000.0,478.859985,481.670013,478.820007,480.609985,2053891.000000,1769628600.0
1769628600.0,480.654999,481.470001,479.500000,479.790009,2041255.000000,1769632200.0
1769632200.0,479.779999,483.329987,479.209991,481.720001,3132276.000000,1769635800.0
1769697000.0,439.864990,442.299988,423.929993,426.329987,32232225.000000,1769700600.0
1769700600.0,426.369995,426.720001,421.019989,422.649994,12681488.000000,1769704200.0
1769704200.0,422.660004,425.399994,422.549988,424.781189,8695856.000000,1769707800.0
1769707800.0,424.769989,425.670013,423.010010,423.949707,6662649.000000,1769711400.0
1769711400.0,423.949585,424.829987,423.010010,423.820007,5196332.000000,1769715000.0
1769715000.0,423.799988,427.529999,423.120087,427.316711,6397372.000000,1769718600.0
1769718600.0,427.345001,433.489990,427.200012,433.480011,9830916.000000,1769722200.0
1769783400.0,439.170013,439.470001,432.410004,432.875000,10259309.000000,1769787000.0
1769787000.0,432.850006,433.519897,432.619995,433.234985,385549.000000,1769790600.0
1770057000.0,424.184998,424.510010,423.779999,423.950012,6686153.000000,1770060600.0
1770060600.0,423.929993,424.920013,422.250000,424.220001,3066764.000000,1770064200.0
1770064200.0,424.214996,424.799988,423.140015,423.309998,2808702.000000,1770067800.0
1770129000.0,422.010010,422.010010,412.110107,412.309998,9664099.000000,1770132600.0
1770132600.0,412.228394,414.679993,411.320007,413.220001,4965151.000000,1770136200.0
1770136200.0,413.250000,413.559998,411.059998,411.137512,3554420.000000,1770139800.0
1770139800.0,411.119995,412.809998,409.369995,412.350006,4159900.000000,1770143400.0
1770143400.0,412.299988,412.359985,409.428009,410.924988,3531600.000000,1770147000.0
1770147000.0,410.959991,411.079895,408.570007,409.709991,4278299.000000,1770150600.0
1770150600.0,409.670013,411.350006,409.014008,411.290009,3719015.000000,1770154200.0
1770215400.0,411.059998,418.089996,409.260010,417.975006,8375460.000000,1770219000.0
1770219000.0,418.010010,418.089996,414.029999,416.510101,3834841.000000,1770222600.0
1770222600.0,416.489990,416.539886,413.140015,413.299988,2426078.000000,1770226200.0
1770226200.0,413.290009,415.750000,412.450104,415.429993,2236296.000000,1770229800.0
1770229800.0,415.420013,418.320007,414.880005,417.410004,2266786.000000,1770233400.0
1770233400.0,417.429993,418.670013,415.140015,415.160004,2732693.000000,1770237000.0
1770237000.0,415.140015,415.880005,412.679993,414.220001,3200595.000000,1770240600.0
1770301800.0,407.769989,408.299988,397.700012,401.710510,12965242.000000,1770305400.0
1770305400.0,401.679993,404.700012,399.149994,404.329987,5289484.000000,1770309000.0
1770309000.0,404.380005,406.169891,403.459991,405.690002,3205716.000000,1770312600.0
1770312600.0,405.760010,406.309998,400.730011,401.309998,2947641.000000,1770316200.0
1770316200.0,401.320007,402.230011,397.809998,397.859985,3720446.000000,1770319800.0
1770319800.0,397.829987,398.399994,392.910004,393.424988,6583436.000000,1770323400.0
1770323400.0,393.420013,394.500000,392.329987,393.600006,5159805.000000,1770327000.0
1770388200.0,399.165009,400.100006,393.750000,395.614990,10439269.000000,1770391800.0
1770391800.0,395.579987,398.239990,393.540009,397.434998,4862424.000000,1770395400.0
1770395400.0,397.399994,398.380005,395.529999,397.950012,4175331.000000,1770399000.0
1770399000.0,397.950012,401.309998,397.089996,399.475006,3581161.000000,1770402600.0
1770402600.0,399.526306,400.089996,397.065002,399.140015,2862165.000000,1770406200.0
1770406200.0,399.160004,400.089996,398.964996,399.660004,2609571.000000,1770409800.0
1770409800.0,399.630005,401.790009,399.279999,400.809998,3108649.000000,1770413400.0
1770647400.0,404.799988,410.880005,400.869995,409.920013,8504910.000000,1770651000.0
1770651000.0,409.924988,412.160004,409.609985,412.015015,3314709.000000,1770654600.0
1770654600.0,412.000000,412.899994,411.450012,412.269989,2221907.000000,1770658200.0
1770658200.0,412.329987,412.920013,411.750000,411.984985,1866133.000000,1770661800.0
1770661800.0,411.980011,414.559998,411.880005,414.494995,2182804.000000,1770665400.0
1770665400.0,414.494995,414.890015,412.649994,412.980011,2343175.000000,1770669000.0
1770669000.0,412.975006,414.489990,412.450012,413.500000,12673351.000000,1770672600.0
1770733800.0,419.619995,423.679993,414.739990,420.825012,7609867.000000,1770737400.0
1770737400.0,420.769989,422.670013,419.440002,420.274994,3048851.000000,1770741000.0
1770741000.0,420.279999,420.779999,419.709991,420.219910,1779566.000000,1770744600.0
1770744600.0,420.200012,420.440002,416.059998,416.100006,1880684.000000,1770748200.0
1770748200.0,416.070007,417.620087,415.958008,416.684998,1663552.000000,1770751800.0
1770751800.0,416.730011,417.059998,413.380005,414.513611,2510821.000000,1770755400.0
1770755400.0,414.470001,414.968994,412.700012,413.339996,2062323.000000,1770759000.0
1770820200.0,416.093994,416.459991,402.820007,403.799988,7957976.000000,1770823800.0
1770823800.0,403.821594,405.670013,402.380005,402.396912,3719508.000000,1770827400.0
1770827400.0,402.360107,404.100006,401.010010,403.579987,3071258.000000,1770831000.0
1770831000.0,403.570007,404.489990,402.320007,404.065002,2572172.000000,1770834600.0
1770834600.0,404.065002,405.619995,403.739990,405.269989,2174009.000000,1770838200.0
1770838200.0,405.290009,405.320007,403.640015,403.979492,2133127.000000,1770841800.0
1770841800.0,403.959991,405.190002,403.028015,404.200012,12967994.000000,1770845400.0
1770906600.0,405.000000,405.339996,400.230011,402.434998,5688731.000000,1770910200.0
1770910200.0,402.440002,402.850006,398.010010,399.540009,3685033.000000,1770913800.0
1770913800.0,399.559998,402.934998,398.470001,402.429993,2719069.000000,1770917400.0
1770917400.0,402.415009,404.600006,402.329987,404.269989,2941652.000000,1770921000.0
1770921000.0,404.295013,406.200012,403.619995,405.265015,2930891.000000,1770924600.0
1770924600.0,405.265015,406.149994,403.329987,403.470001,2279771.000000,1770928200.0
1770928200.0,403.515015,404.149994,400.690002,401.880005,2361896.000000,1770931800.0
1770993000.0,404.170013,405.540009,400.329987,403.894989,5827870.000000,1770996600.0
1770996600.0,403.850006,404.940002,398.059998,399.660004,3912748.000000,1771000200.0
1771000200.0,399.649994,404.035004,399.250000,403.850006,2480401.000000,1771003800.0
1771003800.0,403.855011,404.899994,402.859985,404.554993,1604118.000000,1771007400.0
1771007400.0,404.540009,404.875000,402.910004,403.029999,1240710.000000,1771011000.0
1771011000.0,402.994995,403.660004,400.540009,400.730499,1649102.000000,1771014600.0
1771014600.0,400.720001,401.799988,400.079987,401.160004,1977210.000000,1771018200.0
1771338600.0,399.255005,400.059998,394.524994,396.899994,5274324.000000,1771342200.0
1771342200.0,396.959991,400.519989,395.510010,398.890015,2605751.000000,1771345800.0
1771345800.0,398.859985,399.480011,396.160004,397.600006,1795767.000000,1771349400.0
1771349400.0,397.579987,397.690002,394.700989,396.920013,2196661.000000,1771353000.0
1771353000.0,396.880005,398.140015,396.339996,396.501892,2035281.000000,1771356600.0
1771356600.0,396.519989,397.790009,396.369995,396.394989,1678421.000000,1771360200.0
1771360200.0,396.390015,397.869995,396.000000,396.790009,2169711.000000,1771363800.0
1771425000.0,398.200012,400.929993,396.320007,399.820007,3830107.000000,1771428600.0
1771428600.0,399.890015,402.559998,399.399994,401.380005,2291118.000000,1771432200.0
1771432200.0,401.359985,402.149994,400.774994,401.119995,1411165.000000,1771435800.0
1771435800.0,401.100006,401.910004,400.849609,401.220001,1022415.000000,1771439400.0
1771439400.0,401.209991,401.429993,399.730011,400.579987,1282848.000000,1771443000.0
1771443000.0,400.570007,400.799988,398.869995,399.369995,1499254.000000,1771446600.0
1771446600.0,399.329987,400.500000,399.329987,399.524994,1996962.000000,1771450200.0
1771511400.0,400.690002,404.429993,397.880005,400.600006,4423822.000000,1771515000.0
1771515000.0,400.619995,401.605011,399.799988,400.089996,3214342.000000,1771518600.0
1771518600.0,400.079987,400.239990,398.350006,399.070007,2352401.000000,1771522200.0
1771522200.0,399.075012,399.329987,397.100006,398.202301,1765910.000000,1771525800.0
1771525800.0,398.184998,398.489990,397.309998,397.679993,1492518.000000,1771529400.0
1771529400.0,397.676697,397.820007,396.670013,397.260010,1995904.000000,1771533000.0
1771533000.0,397.239990,398.649994,396.899994,398.410004,1886167.000000,1771536600.0
1771597800.0,396.149994,399.269989,395.160004,396.809998,6020820.000000,1771601400.0
1771601400.0,396.799988,400.115906,396.160004,397.559998,2775200.000000,1771605000.0
1771605000.0,397.520599,399.760010,395.989990,396.864990,2092283.000000,1771608600.0
1771608600.0,396.880005,397.839996,396.209991,396.984985,1746572.000000,1771612200.0
1771612200.0,396.950012,399.010010,396.519989,396.890015,1637767.000000,1771615800.0
1771615800.0,396.910004,397.869995,396.750000,396.820007,2006076.000000,1771619400.0
1771619400.0,396.809998,397.869995,396.524994,397.250000,1978409.000000,1771623000.0
1771857000.0,395.190002,395.309998,387.089996,388.429993,8504163.000000,1771860600.0
1771860600.0,388.390106,389.239990,385.100006,386.561005,4322641.000000,1771864200.0
1771864200.0,386.540009,386.950012,385.200012,386.440002,2416776.000000,1771867800.0
1771867800.0,386.429993,387.980011,385.920013,386.785004,2063242.000000,1771871400.0
1771871400.0,386.790009,387.529999,386.049988,386.170013,10142399.000000,1771875000.0
1771875000.0,386.181000,386.470001,383.209991,383.273102,0.000000,1771878600.0
1771878600.0,383.260010,384.640015,383.100006,384.519989,3114978.000000,1771882200.0
1771943400.0,384.140015,389.359985,381.739990,388.225006,7464227.000000,1771947000.0
1771947000.0,388.213806,388.260010,385.880005,386.684998,5931125.000000,1771950600.0
1771950600.0,386.684998,387.130005,385.600006,386.445007,0.000000,1771954200.0
1771954200.0,386.420013,387.709900,385.989990,386.399994,1762994.000000,1771957800.0
1771957800.0,386.410004,388.609985,386.170013,387.505005,1814880.000000,1771961400.0
1771961400.0,387.480011,388.500000,387.160004,388.159912,1807935.000000,1771965000.0
1771965000.0,388.140015,389.230011,387.920013,389.000000,2154608.000000,1771968600.0
1772029800.0,390.237488,399.399994,390.200012,398.940002,11611805.000000,1772033400.0
1772033400.0,398.934998,400.250000,396.589996,397.489990,0.000000,1772037000.0
1772037000.0,397.507996,398.119995,396.459991,397.329987,1996337.000000,1772040600.0
1772040600.0,397.359985,399.100006,397.049988,398.734985,1589440.000000,1772044200.0
1772044200.0,398.760010,399.940002,398.390015,398.700012,1565225.000000,1772047800.0
1772047800.0,398.721405,400.980011,397.940002,400.959991,2664626.000000,1772051400.0
1772051400.0,400.959991,401.470001,399.720001,400.489990,3269159.000000,1772055000.0
1772116200.0,404.635010,407.489990,400.366302,401.670013,7521901.000000,1772119800.0
1772119800.0,401.700012,404.179901,399.690002,400.980011,3004330.000000,1772123400.0
1772123400.0,400.940002,401.079987,398.739990,400.899994,2496292.000000,1772127000.0
1772127000.0,400.890015,401.449890,399.084991,400.170013,7926830.000000,1772130600.0
1772130600.0,400.070007,402.739899,400.070007,401.279999,0.000000,1772134200.0
1772134200.0,401.279999,402.899994,400.940002,401.309998,1627713.000000,1772137800.0
1772137800.0,401.290009,402.000000,401.059998,401.809998,1545066.000000,1772141400.0
1772202600.0,390.992493,395.269989,390.000000,394.149994,6234797.000000,1772206200.0
1772206200.0,394.079987,396.799988,393.619995,393.839996,2637499.000000,1772209800.0
1772209800.0,393.890015,395.807800,393.774994,394.839996,1940717.000000,1772213400.0
1772213400.0,394.839996,395.429993,393.370087,394.109985,1632874.000000,1772217000.0
1772217000.0,394.100006,394.243988,392.690002,393.029999,1771686.000000,1772220600.0
1772220600.0,393.059998,394.970001,392.420013,393.804993,2135684.000000,1772224200.0
1772224200.0,393.790009,394.119995,390.149994,392.679993,3822080.000000,1772227800.0
1772461800.0,392.760010,399.679993,390.630005,398.570007,9561349.000000,1772465400.0
1772465400.0,398.579987,400.130005,396.880005,397.085999,0.000000,1772469000.0
1772469000.0,397.100006,401.190002,396.310089,400.200012,2022978.000000,1772472600.0
1772472600.0,400.200012,400.790009,399.410004,400.290009,1328942.000000,1772476200.0
1772476200.0,400.309998,400.690002,398.500000,399.850006,1298805.000000,1772479800.0
1772479800.0,399.880005,399.964203,397.200012,397.239990,7695969.000000,1772483400.0
1772483400.0,397.260010,398.880005,396.619995,398.369995,3376900.000000,1772487000.0
1772548200.0,393.140015,399.179993,392.679993,393.760101,6946583.000000,1772551800.0
1772551800.0,393.760010,400.429993,393.739990,400.128204,4710587.000000,1772555400.0
1772555400.0,400.084991,402.329987,399.170013,401.915009,4186105.000000,1772559000.0
1772559000.0,401.915009,405.279999,400.654999,404.589996,3063480.000000,1772562600.0
1772562600.0,404.589905,406.700012,404.149994,405.765015,3698700.000000,1772566200.0
1772566200.0,405.779999,406.420013,403.140015,403.725006,3639224.000000,1772569800.0
1772569800.0,403.769989,404.500000,402.720001,403.779999,2916204.000000,1772573400.0
1772634600.0,401.161987,406.583405,400.309998,405.321411,7909555.000000,1772638200.0
1772638200.0,405.375000,405.730011,403.130005,405.630005,3348730.000000,1772641800.0
1772641800.0,405.630005,408.959991,404.730011,407.269989,4382828.000000,1772645400.0
1772645400.0,407.309998,410.489990,406.109985,410.070007,4077901.000000,1772649000.0
1772649000.0,410.045013,411.032593,408.670013,409.019989,2344408.000000,1772652600.0
1772652600.0,408.987000,409.929993,407.029999,407.983185,2222858.000000,1772656200.0
1772656200.0,407.970001,408.179993,405.000000,405.000000,4041187.000000,1772659800.0
1772721000.0,404.434998,411.609985,404.399994,407.359985,8885630.000000,1772724600.0
1772724600.0,407.410004,408.679993,405.489990,406.644989,3758018.000000,1772728200.0
1772728200.0,406.600006,411.600006,406.420013,409.290009,3650619.000000,1772731800.0
1772731800.0,409.290009,411.079987,408.119995,408.540009,3794975.000000,1772735400.0
1772735400.0,408.500000,409.739990,407.600006,409.250000,2316113.000000,1772739000.0
1772739000.0,409.170013,410.579987,407.833008,409.899994,4178524.000000,1772742600.0
1772742600.0,409.929993,411.309998,409.077911,410.720001,4229093.000000,1772746200.0
1772807400.0,409.299988,413.049988,408.950012,411.350006,7215500.000000,1772811000.0
1772811000.0,411.320007,412.980011,409.420013,412.070007,3174308.000000,1772814600.0
1772814600.0,412.027008,412.869995,410.200012,410.690002,2055504.000000,1772818200.0
1772818200.0,410.709991,411.161896,408.769989,409.790009,2290527.000000,1772821800.0
1772821800.0,409.829987,411.359985,409.649994,409.930511,2805124.000000,1772825400.0
1772825400.0,409.899994,411.579987,409.239990,409.334991,3156525.000000,1772829000.0
1772829000.0,409.320099,410.149994,408.510101,408.619995,4490328.000000,1772832600.0
1773063000.0,404.915009,408.500000,403.500000,405.070007,6513502.000000,1773066600.0
1773066600.0,405.054993,409.170013,404.630005,408.557495,3669988.000000,1773070200.0
1773070200.0,408.565002,409.044891,406.809998,406.882385,2753672.000000,1773073800.0
1773073800.0,406.940002,407.799988,405.049988,405.174988,2001830.000000,1773077400.0
1773077400.0,405.130005,405.489990,404.450012,405.010010,2235906.000000,1773081000.0
1773081000.0,404.970001,407.927002,404.399994,407.890015,2685957.000000,1773084600.0
1773084600.0,407.885010,410.209991,406.869995,409.450012,3249632.000000,1773088200.0
1773149400.0,410.029999,410.200012,402.940002,404.410004,7081213.000000,1773153000.0
1773153000.0,404.429993,406.660004,404.029999,406.059998,3540882.000000,1773156600.0
1773156600.0,406.049988,407.380005,405.200012,407.260010,2807861.000000,1773160200.0
1773160200.0,407.299988,407.940002,405.839996,406.380005,2375903.000000,1773163800.0
1773163800.0,406.364990,406.369995,404.140015,405.660004,2813916.000000,1773167400.0
1773167400.0,405.640015,405.959991,403.880005,404.700104,3153583.000000,1773171000.0
1773171000.0,404.700012,405.950012,404.260010,405.760010,2815406.000000,1773174600.0
1773235800.0,405.839996,409.010010,403.304993,404.450012,6111566.000000,1773239400.0
1773239400.0,404.450012,405.000000,401.589996,402.730011,3793624.000000,1773243000.0
1773243000.0,402.839996,403.614990,401.880005,403.279999,2231829.000000,1773246600.0
1773246600.0,403.250000,404.484985,403.000000,404.250000,1396663.000000,1773250200.0
1773250200.0,404.239990,404.399994,402.084991,403.635010,1680910.000000,1773253800.0
1773253800.0,403.649689,404.500000,403.269989,403.799988,1593658.000000,1773257400.0
1773257400.0,403.825012,405.154999,403.750000,404.820007,2111141.000000,1773261000.0
1773322200.0,404.839996,405.769989,401.815002,403.519989,4883766.000000,1773325800.0
1773325800.0,403.484985,405.809998,402.413208,403.649994,3236991.000000,1773329400.0
1773329400.0,403.640015,405.249908,402.679993,404.915009,2575754.000000,1773333000.0
1773333000.0,404.859985,406.119995,404.049988,404.320007,2956135.000000,1773336600.0
1773336600.0,404.350006,404.850006,402.630096,403.049988,1793533.000000,1773340200.0
1773340200.0,403.029999,404.070007,402.595001,403.839996,2182155.000000,1773343800.0
1773343800.0,403.834991,403.959991,401.709991,401.890015,2475445.000000,1773347400.0
1773408600.0,400.720001,404.799988,399.630005,401.019989,5455328.000000,1773412200.0
1773412200.0,401.130005,402.540009,397.529999,397.841888,3122281.000000,1773415800.0
1773415800.0,397.829987,398.189911,395.399994,396.464996,2971505.000000,1773419400.0
1773419400.0,396.450012,396.790009,394.899994,396.589996,2740230.000000,1773423000.0
1773423000.0,396.549988,397.380005,395.149994,396.070007,2426693.000000,1773426600.0
1773426600.0,396.070007,396.570007,394.510010,394.589996,2456234.000000,1773430200.0
1773430200.0,394.572510,395.760010,394.250000,395.609985,2762689.000000,1773433800.0
1773667800.0,397.945007,398.140015,394.790009,397.324005,4155673.000000,1773671400.0
1773671400.0,397.329987,398.079895,396.149994,397.709900,1967569.000000,1773675000.0
1773675000.0,397.695007,399.609894,397.670013,397.980011,1655427.000000,1773678600.0
1773678600.0,397.920013,399.515015,397.630005,398.815002,1776957.000000,1773682200.0
1773682200.0,398.815002,399.510010,397.665009,398.899994,1550679.000000,1773685800.0
1773685800.0,398.920013,400.630005,398.690002,399.845001,2222560.000000,1773689400.0
1773689400.0,399.809998,400.049988,398.760010,399.959991,7685998.000000,1773693000.0
1773754200.0,400.135010,404.399994,398.779999,400.375000,3485397.000000,1773757800.0
1773757800.0,400.359985,400.549988,398.459991,399.070007,2024458.000000,1773761400.0
1773761400.0,399.065002,399.591309,397.744995,398.565002,2202337.000000,1773765000.0
1773765000.0,398.565002,400.359985,398.565002,399.809998,1447494.000000,1773768600.0
1773768600.0,399.820007,399.959991,398.649994,398.799408,890553.000000,1773772200.0
1773772200.0,398.769989,399.359985,398.459991,398.813690,1106515.000000,1773775800.0
1773775800.0,398.839996,399.739990,398.714996,399.500000,1283765.000000,1773779400.0
1773840600.0,397.045013,398.000000,394.420013,394.614990,4301932.000000,1773844200.0
1773844200.0,394.596710,396.040009,394.329987,395.750000,419747.000000,1773847800.0
1773847800.0,395.720001,396.160004,393.660004,393.829987,1486278.000000,1773851400.0
1773851400.0,393.799988,393.970001,392.429993,392.739990,1594000.000000,1773855000.0
1773855000.0,392.760010,395.000000,392.540009,393.725006,1472723.000000,1773858600.0
1773858600.0,393.709991,393.809998,391.720001,392.320007,1914063.000000,1773862200.0
1773862200.0,392.315613,392.459991,391.000000,391.674988,2327937.000000,1773865800.0
1773927000.0,390.029999,392.489990,388.010010,388.769989,6224483.000000,1773930600.0
1773930600.0,388.785004,391.200012,388.674988,389.309998,0.000000,1773934200.0
1773934200.0,389.304993,390.119995,388.720001,388.950012,1365047.000000,1773937800.0
1773937800.0,389.000000,389.219910,387.510101,387.929993,1388263.000000,1773941400.0
1773941400.0,387.950012,388.470001,387.500000,387.630005,1340092.000000,1773945000.0
1773945000.0,387.630005,390.365997,387.059998,388.429993,7632892.000000,1773948600.0
1773948600.0,388.480011,389.450012,387.779999,388.877991,0.000000,1773952200.0
1774013400.0,386.260010,387.000000,382.260010,385.679993,12210169.000000,1774017000.0
1774017000.0,385.670013,385.864990,382.630005,383.399994,3554399.000000,1774020600.0
1774020600.0,383.399994,385.350006,383.200104,384.600006,2734645.000000,1774024200.0
1774024200.0,384.575012,384.679993,382.850006,383.369995,2413559.000000,1774027800.0
1774027800.0,383.299988,383.570007,382.038788,382.439789,2759668.000000,1774031400.0
1774031400.0,382.459991,382.510010,381.320007,382.095001,3296848.000000,1774035000.0
1774035000.0,382.109985,382.369995,380.119995,381.869995,4186008.000000,1774038600.0
1774272600.0,383.994995,387.209991,383.519989,385.489990,6951026.000000,1774276200.0
1774276200.0,385.489990,387.149994,384.950012,386.725006,2561412.000000,1774279800.0
1774279800.0,386.750000,386.929901,382.350006,382.529999,2977653.000000,1774283400.0
1774283400.0,382.500000,383.649902,381.679993,382.320007,2100590.000000,1774287000.0
1774287000.0,382.339996,384.015015,382.220001,382.465088,2285940.000000,1774290600.0
1774290600.0,382.464996,383.640015,382.359985,382.950012,2849171.000000,1774294200.0
1774294200.0,382.950012,384.075012,382.829987,382.980011,2635823.000000,1774297800.0
1774359000.0,382.410004,382.470001,372.399994,372.809998,10155933.000000,1774362600.0
1774362600.0,372.804993,376.160004,372.279999,373.536591,6504570.000000,1774366200.0
1774366200.0,373.540009,374.260010,372.149994,373.950012,3688699.000000,1774369800.0
1774369800.0,373.915009,374.230011,371.850006,372.829987,4137382.000000,1774373400.0
1774373400.0,372.829987,374.245514,372.410004,373.920013,2943711.000000,1774377000.0
1774377000.0,373.910004,375.440002,373.200012,373.970001,3202280.000000,1774380600.0
1774380600.0,373.980011,374.260010,372.000000,372.750000,3489541.000000,1774384200.0
1774445400.0,376.920013,377.059998,372.619995,373.739990,7303102.000000,1774449000.0
1774449000.0,373.750000,374.198792,369.739990,371.415009,4700371.000000,1774452600.0
1774452600.0,371.415009,371.570007,369.980011,370.875000,3360712.000000,1774456200.0
1774456200.0,370.875000,371.660004,370.420013,371.390015,2344854.000000,1774459800.0
1774459800.0,371.399994,371.510010,369.989990,370.029999,2852273.000000,1774463400.0
1774463400.0,370.040009,370.730011,369.630005,370.390015,3107405.000000,1774467000.0
1774467000.0,370.380005,371.359985,370.049988,371.029999,3182715.000000,1774470600.0
1774531800.0,370.815002,374.719910,369.290009,371.940002,7772418.000000,1774535400.0
1774535400.0,371.950012,372.399994,369.549988,369.980011,4382431.000000,1774539000.0
1774539000.0,369.980011,370.070007,367.049988,367.420013,4701559.000000,1774542600.0
1774542600.0,367.420013,368.559998,367.029999,368.440002,2943214.000000,1774546200.0
1774546200.0,368.420013,368.649994,366.390015,366.390015,2983561.000000,1774549800.0
1774549800.0,366.420013,366.769989,365.210114,365.549988,4208037.000000,1774553400.0
1774553400.0,365.559998,366.369995,365.190002,365.750000,3631623.000000,1774557000.0
1774618200.0,362.040009,362.424988,356.579987,358.350006,9856205.000000,1774621800.0
1774621800.0,358.355011,360.829987,358.290009,360.445007,4394603.000000,1774625400.0
1774625400.0,360.445007,360.959991,359.260010,359.970001,3197846.000000,1774629000.0
1774629000.0,360.000000,360.140015,358.700012,358.936798,3385536.000000,1774632600.0
1774632600.0,358.920013,359.439911,358.200012,358.797485,2611484.000000,1774636200.0
1774636200.0,358.804993,359.329987,356.899994,357.500000,3774913.000000,1774639800.0
1774639800.0,357.510010,357.820007,356.510010,356.649994,4129713.000000,1774643400.0
1774877400.0,361.894989,362.649994,358.369995,362.489990,7017162.000000,1774881000.0
1774881000.0,362.470001,365.350006,362.390015,362.989990,6507264.000000,1774884600.0
1774884600.0,362.970001,365.190002,361.970001,362.000000,3807589.000000,1774888200.0
1774888200.0,362.000000,362.309998,359.130005,359.779999,4195744.000000,1774891800.0
1774891800.0,359.785004,360.029999,357.809998,357.890015,4545297.000000,1774895400.0
1774895400.0,357.890015,360.239990,356.279999,356.975006,5453176.000000,1774899000.0
1774899000.0,356.989990,359.609985,356.829987,358.760010,4086386.000000,1774902600.0
1774963800.0,364.630005,368.149994,364.375000,365.450012,7000722.000000,1774967400.0
1774967400.0,365.460114,365.559998,363.070007,364.249786,5007375.000000,1774971000.0
1774971000.0,364.200012,365.149902,363.649994,365.049988,2101872.000000,1774974600.0
1774974600.0,365.045013,370.570007,364.295013,368.880005,5725968.000000,1774978200.0
1774978200.0,368.859985,370.149994,368.040009,369.846802,2992590.000000,1774981800.0
1774981800.0,369.809998,371.700012,369.429993,371.089996,4443339.000000,1774985400.0
1774985400.0,371.140015,372.899994,369.750000,370.160004,5401422.000000,1774989000.0
1775050200.0,373.160004,373.989990,368.200012,371.510010,8025495.000000,1775053800.0
1775053800.0,371.529999,372.500000,370.170013,371.234985,3421154.000000,1775057400.0
1775057400.0,371.239990,372.839996,370.750000,372.609985,2201625.000000,1775061000.0
1775061000.0,372.640015,372.880005,371.880005,371.890015,1953994.000000,1775064600.0
1775064600.0,371.906189,372.019989,368.940002,369.059998,2483962.000000,1775068200.0
1775068200.0,369.075012,369.910004,368.725006,369.285004,2615180.000000,1775071800.0
1775071800.0,369.285004,369.769989,368.869995,369.450012,2793573.000000,1775075400.0
1775136600.0,367.204987,367.609985,364.149994,366.704987,5143490.000000,1775140200.0
1775140200.0,366.690002,371.220001,366.549988,370.809998,3020771.000000,1775143800.0
1775143800.0,370.850006,371.299988,369.394989,369.747101,1777081.000000,1775147400.0
1775147400.0,369.734985,371.890015,369.464996,371.579987,1804536.000000,1775151000.0
1775151000.0,371.600006,371.839996,370.510010,371.049408,1477475.000000,1775154600.0
1775154600.0,371.019989,373.200012,370.725006,372.579895,2784197.000000,1775158200.0
1775158200.0,372.554993,373.600006,372.010101,373.500000,2887706.000000,1775161800.0
1775482200.0,373.244995,373.549988,369.501404,372.649994,4021452.000000,1775485800.0
1775485800.0,372.700012,372.989990,371.140015,371.369995,1908170.000000,1775489400.0
1775489400.0,371.399994,372.089996,370.829987,372.005005,1648559.000000,1775493000.0
1775493000.0,372.000000,373.000000,370.690094,372.265015,1615858.000000,1775496600.0
1775496600.0,372.250000,373.660004,371.480011,372.929993,1588204.000000,1775500200.0
1775500200.0,372.924988,373.320007,372.119995,372.410004,1235761.000000,1775503800.0
1775503800.0,372.380005,373.149994,371.769989,372.860992,1451220.000000,1775507400.0
1775568600.0,370.345001,371.480011,367.899994,369.734985,3888459.000000,1775572200.0
1775572200.0,369.734985,370.029999,366.570007,368.114990,2226986.000000,1775575800.0
1775575800.0,368.114990,370.859985,367.885010,370.709991,3191856.000000,1775579400.0
1775579400.0,370.679993,371.179993,370.079987,370.317291,1487260.000000,1775583000.0
1775583000.0,370.329987,371.779999,370.040009,370.249512,1249095.000000,1775586600.0
1775586600.0,370.260010,371.609985,368.649994,370.850006,2168085.000000,1775590200.0
1775590200.0,370.850006,372.450012,370.230011,372.269989,2165317.000000,1775593800.0
1775655000.0,384.980011,385.000000,378.250000,378.695007,8249328.000000,1775658600.0
1775658600.0,378.709991,379.419891,376.950012,377.429993,3391502.000000,1775662200.0
1775662200.0,377.480011,379.000000,377.109985,378.029999,2943097.000000,1775665800.0
1775665800.0,378.040009,378.799286,376.489990,376.760010,2179770.000000,1775669400.0
1775669400.0,376.760010,376.959991,373.880005,374.399994,3034189.000000,1775673000.0
1775673000.0,374.399994,374.500000,371.410004,371.470001,3571178.000000,1775676600.0
1775676600.0,371.450012,374.450012,371.429993,374.299988,3697429.000000,1775680200.0
1775741400.0,372.500000,372.959991,367.049988,367.559998,7338560.000000,1775745000.0
1775745000.0,367.519989,369.864990,367.059998,368.869995,3678552.000000,1775748600.0
1775748600.0,368.885010,372.010010,368.399994,371.309998,3017557.000000,1775752200.0
1775752200.0,371.299988,372.929993,371.045013,371.875000,2680678.000000,1775755800.0
1775755800.0,371.869995,372.809906,368.850006,369.570007,3187174.000000,1775759400.0
1775759400.0,369.589386,372.429993,369.420013,372.269989,2453984.000000,1775763000.0
1775763000.0,372.269989,373.500000,372.010010,373.010010,2919902.000000,1775766600.0
1775827800.0,372.899994,375.640015,371.100006,372.950012,6648639.000000,1775831400.0
1775831400.0,372.975006,374.290009,371.661194,372.179993,3319349.000000,1775835000.0
1775835000.0,372.179993,372.420013,370.149994,372.190002,3153405.000000,1775838600.0
1775838600.0,372.220001,372.239899,370.872009,370.920105,1786315.000000,1775842200.0
1775842200.0,370.890015,371.200012,370.029999,370.359985,2937458.000000,1775845800.0
1775845800.0,370.380005,371.755005,370.059998,371.480011,2213347.000000,1775849400.0
1775849400.0,371.489990,371.700012,370.589996,370.869995,2741481.000000,1775853000.0
1776087000.0,372.440002,377.910004,371.019989,377.434998,8391360.000000,1776090600.0
1776090600.0,377.475006,380.559998,375.970001,380.399994,4317429.000000,1776094200.0
1776094200.0,380.385010,381.570007,379.285004,381.410004,3457485.000000,1776097800.0
1776097800.0,381.424988,381.880005,380.045013,381.690002,2679365.000000,1776101400.0
1776101400.0,381.697998,382.320007,381.209991,381.809998,2702263.000000,1776105000.0
1776105000.0,381.815002,382.670013,381.590088,382.350006,3335714.000000,1776108600.0
1776108600.0,382.350006,384.540009,382.250000,384.369995,3817582.000000,1776112200.0
1776173400.0,387.839996,394.469910,386.519989,392.553802,10678286.000000,1776177000.0
1776177000.0,392.535095,393.589996,390.400085,391.640106,4022377.000000,1776180600.0
1776180600.0,391.679993,394.619995,391.660004,394.329987,3336871.000000,1776184200.0
1776184200.0,394.320007,394.630005,393.410004,394.154999,2582063.000000,1776187800.0
1776187800.0,394.160004,394.690002,390.314087,391.255005,3274349.000000,1776191400.0
1776191400.0,391.275085,392.429993,390.929993,392.285004,3265599.000000,1776195000.0
1776195000.0,392.279999,393.720001,392.140411,393.109985,4377569.000000,1776198600.0
1776259800.0,397.850006,406.880005,396.730011,406.089996,11181328.000000,1776263400.0
1776263400.0,406.095001,408.890015,405.440002,407.910004,5779570.000000,1776267000.0
1776267000.0,407.929993,409.450012,406.617493,409.179993,3540162.000000,1776270600.0
1776270600.0,409.160095,409.940002,407.459991,409.734985,3305556.000000,1776274200.0
1776274200.0,409.734985,412.670013,409.220001,412.420013,4254505.000000,1776277800.0
1776277800.0,412.429993,414.369904,412.429993,413.220001,5944879.000000,1776281400.0
1776281400.0,413.214996,413.214996,410.721405,411.272797,4546049.000000,1776285000.0
1776346200.0,419.989990,420.000000,412.140015,414.910004,11999707.000000,1776349800.0
1776349800.0,414.850006,418.119995,413.869995,416.570007,4434522.000000,1776353400.0
1776353400.0,416.500000,420.559998,416.290009,419.309998,4548994.000000,1776357000.0
1776357000.0,419.329987,420.029999,417.769989,419.084991,3209654.000000,1776360600.0
1776360600.0,419.109985,420.079987,417.010010,417.484985,2663450.000000,1776364200.0
1776364200.0,417.489990,419.689911,417.450012,418.350006,3459177.000000,1776367800.0
1776367800.0,418.339996,420.820007,418.074005,420.045013,4272466.000000,1776371400.0
1776432600.0,424.790009,426.209991,422.950012,425.845001,12485544.000000,1776436200.0
1776436200.0,425.869995,431.579987,425.869995,430.320007,7383510.000000,1776439800.0
1776439800.0,430.339996,430.750000,427.140015,428.609985,4986790.000000,1776443400.0
1776443400.0,428.619995,429.479889,423.309998,423.850006,4086346.000000,1776447000.0
1776447000.0,423.869995,425.239990,420.690002,420.929993,4346064.000000,1776450600.0
1776450600.0,420.940002,422.989990,420.940002,422.644989,3911733.000000,1776454200.0
1776454200.0,422.644989,423.750000,422.130005,422.600006,3527626.000000,1776457800.0
1776691800.0,421.144989,423.329987,417.109985,419.500000,6702225.000000,1776695400.0
1776695400.0,419.470001,419.686005,416.299988,418.149994,3544335.000000,1776699000.0
1776699000.0,417.984985,418.920013,416.609985,418.850006,2733264.000000,1776702600.0
1776702600.0,418.920013,420.160004,418.524506,419.160095,2218521.000000,1776706200.0
1776706200.0,419.130005,419.179901,417.809998,418.619995,1936655.000000,1776709800.0
1776709800.0,418.640015,418.679993,416.730011,417.329987,2393320.000000,1776713400.0
1776713400.0,417.329987,418.170013,416.799988,418.109985,3279805.000000,1776717000.0
1776778200.0,419.975006,425.390015,417.240112,425.125000,6269989.000000,1776781800.0
1776781800.0,425.148285,427.179993,422.920013,424.695007,5032056.000000,1776785400.0
1776785400.0,424.660004,426.920013,424.440002,424.950012,2810245.000000,1776789000.0
1776789000.0,424.929993,426.480011,423.410004,424.760010,3134333.000000,1776792600.0
1776792600.0,424.760010,426.899994,424.709991,425.790009,2672315.000000,1776796200.0
1776796200.0,425.799988,427.179993,425.290009,426.464111,2548742.000000,1776799800.0
1776799800.0,426.500000,426.559998,423.309998,424.250000,3947394.000000,1776803400.0
1776864600.0,426.174988,431.290009,423.670013,431.125000,6994974.000000,1776868200.0
1776868200.0,431.135010,432.319885,429.529999,432.135010,3823764.000000,1776871800.0
1776871800.0,432.135010,433.190002,431.390015,431.709991,2656942.000000,1776875400.0
1776875400.0,431.690002,432.279999,430.329987,431.309998,2034614.000000,1776879000.0
1776879000.0,431.320007,431.950012,430.630005,430.779999,1984653.000000,1776882600.0
1776882600.0,430.779999,432.190002,430.635010,431.904999,2056109.000000,1776886200.0
1776886200.0,431.890015,433.640015,431.790009,432.679993,3874375.000000,1776889800.0
1776951000.0,419.660004,432.899994,415.799988,418.815002,11257867.000000,1776954600.0
1776954600.0,418.859985,423.359985,418.320099,422.500000,3955128.000000,1776958200.0
1776958200.0,422.454987,423.000000,417.809998,417.929993,3460829.000000,1776961800.0
1776961800.0,417.910004,418.079987,414.494995,415.200012,3883027.000000,1776965400.0
1776965400.0,415.200012,415.790009,411.410095,415.090088,4123860.000000,1776969000.0
1776969000.0,415.095001,416.729889,414.160004,416.336304,3327677.000000,1776972600.0
1776972600.0,416.355011,416.679993,415.019989,415.750000,2912634.000000,1776976200.0
1777037400.0,416.984985,421.619995,415.799988,417.649902,5966443.000000,1777041000.0
1777041000.0,417.649994,420.017090,417.220001,419.880005,2541314.000000,1777044600.0
1777044600.0,419.909912,421.940002,418.255005,418.769989,3061601.000000,1777048200.0
1777048200.0,418.760010,419.950012,418.750000,418.820007,2083647.000000,1777051800.0
1777051800.0,418.834991,422.070007,418.649994,422.000000,1997403.000000,1777055400.0
1777055400.0,422.000000,424.450012,421.850006,423.609985,3061884.000000,1777059000.0
1777059000.0,423.649994,424.890015,423.170013,424.579987,3079854.000000,1777062600.0
1777296600.0,422.375000,424.674011,417.070099,424.618286,8655272.000000,1777300200.0
1777300200.0,424.584991,424.640015,421.369995,422.890015,3395861.000000,1777303800.0
1777303800.0,422.924988,424.019989,421.579987,423.619995,2140357.000000,1777307400.0
1777307400.0,423.600006,425.179993,423.200012,425.079987,1819194.000000,1777311000.0
1777311000.0,425.079987,426.849915,425.029999,426.640015,2191234.000000,1777314600.0
1777314600.0,426.638214,427.079987,424.279999,424.660004,2475589.000000,1777318200.0
1777318200.0,424.670013,426.179993,424.160004,425.059998,3086645.000000,1777321800.0
1777383000.0,424.720001,428.079987,421.899994,426.390106,6859940.000000,1777386600.0
1777386600.0,426.420013,426.980011,424.869995,425.800201,3134259.000000,1777390200.0
1777390200.0,425.750000,428.579987,425.550110,428.494995,4087614.000000,1777393800.0
1777393800.0,428.480011,429.190002,427.385010,428.730011,2187584.000000,1777397400.0
1777397400.0,428.739990,429.029999,426.309998,426.609985,2124864.000000,1777401000.0
1777401000.0,426.589996,429.059998,426.079987,428.994995,3605498.000000,1777404600.0
1777404600.0,429.009888,429.910004,428.600006,429.359985,3221736.000000,1777408200.0
1777469400.0,424.575012,426.820007,421.779999,425.200012,7244875.000000,1777473000.0
1777473000.0,425.230011,425.829987,424.040009,424.358307,2856451.000000,1777476600.0
1777476600.0,424.369995,425.295105,421.739990,422.010010,2733447.000000,1777480200.0
1777480200.0,422.000000,423.190002,420.290009,423.160004,2613587.000000,1777483800.0
1777483800.0,423.144989,424.225006,422.519989,423.654999,2275697.000000,1777487400.0
1777487400.0,423.654999,425.429993,422.980011,424.980011,3422105.000000,1777491000.0
1777491000.0,424.970001,425.200012,423.170013,424.589996,4139101.000000,1777494600.0
1777555800.0,413.000000,414.420013,400.130005,401.649994,19834660.000000,1777559400.0
1777559400.0,401.619995,406.970001,401.119995,403.049988,7818336.000000,1777563000.0
1777563000.0,403.084991,403.880005,400.850098,400.934998,5193311.000000,1777566600.0
1777566600.0,400.910004,401.670013,398.010010,401.019989,6219459.000000,1777570200.0
1777570200.0,400.980011,406.171814,400.930115,406.154999,5287522.000000,1777573800.0
1777573800.0,406.154999,408.940002,406.100006,408.339996,5536518.000000,1777577400.0
1777577400.0,408.315002,410.119995,407.500000,407.779999,6805448.000000,1777581000.0
1777642200.0,413.790009,416.269989,410.434998,412.295013,8478441.000000,1777645800.0
1777645800.0,412.369995,414.749908,411.079987,414.589996,4810770.000000,1777649400.0
1777649400.0,414.570007,417.109985,413.000000,414.325012,4024906.000000,1777653000.0
1777653000.0,414.309998,414.619995,412.760010,414.480011,1944469.000000,1777656600.0
1777656600.0,414.500000,416.000000,413.910004,415.586792,2215033.000000,1777660200.0
1777660200.0,415.549988,416.309998,414.410004,416.230011,2235578.000000,1777663800.0
1777663800.0,416.250000,417.089996,413.500000,414.510010,3455074.000000,1777667400.0
1777901400.0,412.424988,420.779999,412.299988,419.880005,7493876.000000,1777905000.0
1777905000.0,419.894989,420.500000,415.484985,415.899994,3295665.000000,1777908600.0
1777908600.0,415.929993,416.480011,413.019989,415.712097,2832640.000000,1777912200.0
1777912200.0,415.720001,416.290009,413.739990,414.575012,2220992.000000,1777915800.0
1777915800.0,414.575012,415.540009,414.179993,414.679993,1509850.000000,1777919400.0
1777919400.0,414.690002,414.769989,412.053192,413.170013,2382488.000000,1777923000.0
1777923000.0,413.170013,413.760010,411.980011,413.709991,3718725.000000,1777926600.0
1777987800.0,415.320007,416.779907,409.359985,410.600006,6431001.000000,1777991400.0
1777991400.0,410.500000,411.549896,409.660004,411.299988,2789830.000000,1777995000.0
1777995000.0,411.350006,411.600006,408.799988,409.779999,2519698.000000,1777998600.0
1777998600.0,409.790009,410.450012,409.029999,410.144989,2460233.000000,1778002200.0
1778002200.0,410.144989,410.949890,409.739990,410.000000,1541825.000000,1778005800.0
1778005800.0,409.845001,413.390015,409.670013,412.600006,2162122.000000,1778009400.0
1778009400.0,412.600006,412.774994,411.149994,411.269989,2009727.000000,1778013000.0
1778074200.0,407.950012,416.420013,405.109985,416.026398,9510405.000000,1778077800.0
1778077800.0,416.005005,418.422791,413.130005,413.410004,0.000000,1778081400.0
1778081400.0,413.489990,416.279999,413.459991,414.198090,15503186.000000,1778085000.0
1778085000.0,414.223389,414.299988,412.265015,413.450012,1641918.000000,1778088600.0
1778088600.0,413.430115,414.098511,412.260010,413.855011,1654075.000000,1778092200.0
1778092200.0,413.839996,414.390015,413.019989,413.274994,1678365.000000,1778095800.0
1778095800.0,413.274994,414.450012,412.619995,413.760010,2569770.000000,1778099400.0
1778160600.0,420.109985,427.980011,418.769989,424.244995,8565880.000000,1778164200.0
1778164200.0,424.415009,426.519989,422.630005,424.549988,4344103.000000,1778167800.0
1778167800.0,424.559998,426.549988,423.079987,424.885010,2617659.000000,1778171400.0
1778171400.0,424.839996,424.875000,420.620087,421.209198,2668261.000000,1778175000.0
1778175000.0,421.174988,423.649994,420.500000,423.190002,2983201.000000,1778178600.0
1778178600.0,423.190002,424.278809,421.000000,421.497498,4638742.000000,1778182200.0
1778182200.0,421.549988,422.089996,420.000000,420.989990,2763817.000000,1778185800.0
1778247000.0,417.385010,418.630005,414.980011,415.829987,7129817.000000,1778250600.0
1778250600.0,415.799988,417.229889,414.360107,416.920013,3749891.000000,1778254200.0
1778254200.0,416.920013,417.109985,415.350006,415.820007,2164087.000000,1778257800.0
1778257800.0,415.859985,417.399994,415.399994,417.200012,2135193.000000,1778261400.0
1778261400.0,417.200012,417.350006,415.369995,416.040009,2532844.000000,1778265000.0
1778265000.0,416.049988,416.119995,414.190002,414.829987,3307488.000000,1778268600.0
1778268600.0,414.850006,415.950012,414.000000,415.149994,4482518.000000,1778272200.0
1778506200.0,407.774994,411.480011,405.500000,410.670013,8560941.000000,1778509800.0
1778509800.0,410.670013,412.209106,408.959991,411.880005,3588750.000000,1778513400.0
1778513400.0,411.829987,411.846008,410.140015,410.910004,1920940.000000,1778517000.0
1778517000.0,410.910004,411.200012,408.583008,409.100006,2429203.000000,1778520600.0
1778520600.0,409.109985,411.940002,409.103394,411.380005,2029634.000000,1778524200.0
1778524200.0,411.390015,411.600006,409.700012,411.579010,1932936.000000,1778527800.0
1778527800.0,411.549988,412.679993,411.250092,412.679993,2154109.000000,1778531400.0
1778592600.0,414.415009,415.500000,406.649994,409.010101,7544349.000000,1778596200.0
1778596200.0,409.010406,409.649902,407.859985,408.329987,3105501.000000,1778599800.0
1778599800.0,408.359985,409.920013,407.390015,409.500000,2546370.000000,1778603400.0
1778603400.0,409.510010,410.440002,407.750000,408.885010,1956769.000000,1778607000.0
1778607000.0,408.859985,409.679993,407.920013,408.350006,1703801.000000,1778610600.0
1778610600.0,408.316010,409.079987,407.279999,408.950012,3356346.000000,1778614200.0
1778614200.0,408.969910,408.970001,407.160004,407.760010,3298310.000000,1778617800.0
1778679000.0,402.970001,404.776001,401.029999,403.040009,5979150.000000,1778682600.0
1778682600.0,403.119995,404.239990,402.049988,403.290009,3351925.000000,1778686200.0
1778686200.0,403.269989,405.859985,403.019989,405.654999,2377627.000000,1778689800.0
1778689800.0,405.630005,406.309998,404.019989,404.094299,1797026.000000,1778693400.0
1778693400.0,404.084991,405.350006,403.709991,405.350006,1883383.000000,1778697000.0
1778697000.0,405.329987,406.170013,404.410004,404.600006,2602360.000000,1778700600.0
1778700600.0,404.609985,405.898499,404.309998,405.119995,2445001.000000,1778704200.0
1778765400.0,404.480011,408.976105,400.880005,408.859497,6371080.000000,1778769000.0
1778769000.0,408.839996,411.645996,406.899994,411.385010,3846728.000000,1778772600.0
1778772600.0,411.359985,411.834991,407.250000,407.725006,2563778.000000,1778776200.0
1778776200.0,407.725006,409.079895,407.299988,409.079895,1872039.000000,1778779800.0
1778779800.0,409.049988,409.950012,408.250000,409.170013,2575426.000000,1778783400.0
1778783400.0,409.179993,409.809998,408.500000,408.970001,1337871.000000,1778787000.0
1778787000.0,408.970001,409.678711,408.929993,409.470001,1823217.000000,1778790600.0
1778851800.0,414.410004,419.059998,412.920013,418.470001,11363161.000000,1778855400.0
1778855400.0,418.470001,426.319885,418.470001,423.369995,9784781.000000,1778859000.0
1778859000.0,423.359985,426.440002,420.510010,426.040009,4901278.000000,1778862600.0
1778862600.0,425.980011,426.359985,423.760101,425.959991,2870122.000000,1778866200.0
1778866200.0,425.989990,428.160004,425.730011,425.904999,4173725.000000,1778869800.0
1778869800.0,425.929993,426.410004,423.760010,423.914886,2903762.000000,1778873400.0
1778873400.0,423.894989,424.899994,420.380005,422.040009,5063686.000000,1778877000.0
1779111000.0,416.101990,424.160004,415.609985,421.894989,7050026.000000,1779114600.0
1779114600.0,421.885010,422.299988,417.000000,417.630005,4205305.000000,1779118200.0
1779118200.0,417.625000,419.760010,417.119995,417.920013,2059307.000000,1779121800.0
1779121800.0,417.940002,423.099487,417.899994,423.010010,3194012.000000,1779125400.0
1779125400.0,422.934998,425.109985,422.410004,423.829987,3796407.000000,1779129000.0
1779129000.0,423.859985,424.140015,420.920105,422.450012,2538287.000000,1779132600.0
1779132600.0,422.459991,423.660004,421.959991,423.660004,2614087.000000,1779136200.0
1779197400.0,432.220001,432.700012,424.113586,425.040009,10128539.000000,1779201000.0
1779201000.0,425.029999,425.970001,420.929993,421.039886,3395417.000000,1779204600.0
1779204600.0,420.954987,422.109985,417.709991,417.714996,2763492.000000,1779208200.0
1779208200.0,417.722687,419.500000,417.100006,418.790009,2537754.000000,1779211800.0
1779211800.0,418.769989,419.869995,418.232513,419.160004,1545828.000000,1779215400.0
1779215400.0,419.149994,419.832001,417.559998,418.230011,2239957.000000,1779219000.0
1779219000.0,418.230011,418.440002,416.500000,417.559998,2791469.000000,1779222600.0
1779283800.0,413.985992,416.049988,411.300110,413.786896,6174594.000000,1779287400.0
1779287400.0,413.980011,418.000000,413.730011,416.404999,3050471.000000,1779291000.0
1779291000.0,416.399994,419.299988,416.399994,418.424988,2123311.000000,1779294600.0
1779294600.0,418.390015,419.700012,416.850006,419.342499,2495086.000000,1779298200.0
1779298200.0,419.325012,421.160004,418.890015,420.450012,2532937.000000,1779301800.0
1779301800.0,420.450012,420.739014,419.200012,420.459991,1943332.000000,1779305400.0
1779305400.0,420.489990,422.079987,420.260010,421.059998,2965185.000000,1779309000.0
1779370200.0,424.820007,426.339996,415.720001,417.320007,9099725.000000,1779373800.0
1779373800.0,417.309998,418.980011,416.299988,418.779999,2398012.000000,1779377400.0
1779377400.0,418.850006,419.040009,416.920105,417.190002,1686659.000000,1779381000.0
1779381000.0,417.179901,418.054993,416.019989,417.426788,2399815.000000,1779384600.0
1779384600.0,417.399994,420.269104,417.329987,418.959503,2354164.000000,1779388200.0
1779388200.0,418.890594,419.799988,418.000000,418.950012,1941428.000000,1779391800.0
1779391800.0,418.920013,419.890015,417.500000,419.040009,3013635.000000,1779395400.0
1779456600.0,419.480011,424.399994,416.339996,416.700012,6252762.000000,1779460200.0
1779460200.0,416.649994,419.519989,416.429993,419.385010,3522137.000000,1779463800.0
1779463800.0,419.394989,420.459991,418.250000,419.609985,1498011.000000,1779467400.0
1779467400.0,419.609985,419.953003,418.161011,418.810089,1357012.000000,1779471000.0
1779471000.0,418.855011,419.359985,417.250000,418.820007,1719577.000000,1779474600.0
1779474600.0,418.790009,419.899994,418.299988,418.299988,1448642.000000,1779478200.0
1779478200.0,418.369995,418.940002,418.010101,418.579987,1649791.000000,1779481800.0
1779802200.0,416.429993,419.769989,413.170013,418.984985,9244213.000000,1779805800.0
1779805800.0,419.019989,419.200012,414.149994,415.214996,3515826.000000,1779809400.0
1779809400.0,415.170013,416.399994,414.450012,415.989990,2414514.000000,1779813000.0
1779813000.0,416.000000,416.230011,413.309998,413.654999,2076792.000000,1779816600.0
1779816600.0,413.644989,415.839996,413.019989,415.114990,2009233.000000,1779820200.0
1779820200.0,415.119995,415.890015,414.589996,415.739990,2023790.000000,1779823800.0
1779823800.0,415.720001,416.350006,415.279999,416.149994,2261738.000000,1779827400.0
1779888600.0,411.045013,415.929993,409.589996,415.059998,8813589.000000,1779892200.0
1779892200.0,415.130005,415.700012,412.660004,412.850006,2755683.000000,1779895800.0
1779895800.0,412.850006,413.390015,412.404999,412.769989,1713831.000000,1779899400.0
1779899400.0,412.748413,414.059998,411.209991,411.440002,1893315.000000,1779903000.0
1779903000.0,411.459991,412.790009,411.380005,412.720001,1755802.000000,1779906600.0
1779906600.0,412.704987,413.470001,411.359985,413.410004,2610964.000000,1779910200.0
1779910200.0,413.450012,413.510010,411.970001,412.690002,2198937.000000,1779913800.0
1779975000.0,412.975006,429.489990,412.670013,425.256287,15053631.000000,1779978600.0
1779978600.0,425.248993,425.859985,422.250000,424.750000,4211975.000000,1779982200.0
1779982200.0,424.730011,426.429993,423.890015,425.845001,2706144.000000,1779985800.0
1779985800.0,425.859985,426.529999,422.700012,425.809998,2727558.000000,1779989400.0
1779989400.0,425.795013,429.154999,425.790009,426.500000,3500268.000000,1779993000.0
1779993000.0,426.519989,427.250000,425.609985,426.029999,2389951.000000,1779996600.0
1779996600.0,426.010010,427.029999,424.929993,427.019989,3391310.000000,1780000200.0
1780061400.0,432.712494,443.480011,432.359985,439.890015,13664027.000000,1780065000.0
1780065000.0,439.859985,445.640015,439.760010,443.640015,6571972.000000,1780068600.0
1780068600.0,443.630005,444.619995,442.119995,442.649994,3796492.000000,1780072200.0
1780072200.0,442.619995,444.979889,442.570007,443.630005,2780390.000000,1780075800.0
1780075800.0,443.630005,444.079987,441.810089,442.720001,2155090.000000,1780079400.0
1780079400.0,442.750000,443.779999,441.359985,443.529999,3274966.000000,1780083000.0
1780083000.0,443.529999,450.329987,442.500092,448.640015,10614082.000000,1780086600.0
1780320600.0,465.059998,466.320007,458.920013,461.795013,17895373.000000,1780324200.0
1780324200.0,461.829987,463.450012,459.170807,460.579987,6423476.000000,1780327800.0
1780327800.0,460.619995,463.910004,459.200012,461.760010,4871854.000000,1780331400.0
1780331400.0,461.760010,462.450012,459.589996,460.279999,3061170.000000,1780335000.0
1780335000.0,460.350006,461.700012,458.269989,460.869995,4257015.000000,1780338600.0
1780338600.0,460.859985,464.119995,460.059998,463.769989,3592662.000000,1780342200.0
1780342200.0,463.758514,464.149994,460.020386,460.570007,3640495.000000,1780345800.0
1780407000.0,447.169006,453.500000,443.500000,444.230011,10605001.000000,1780410600.0
1780410600.0,444.230011,445.259796,442.339996,443.570007,4862335.000000,1780414200.0
1780414200.0,443.549988,446.200012,443.179993,445.779999,2903136.000000,1780417800.0
1780417800.0,445.799988,445.899994,442.399994,444.470001,3251530.000000,1780421400.0
1780421400.0,444.470001,444.589996,441.439789,442.094788,2783822.000000,1780425000.0
1780425000.0,442.089996,442.829987,440.429993,441.690002,3010126.000000,1780428600.0
1780428600.0,441.709991,442.100006,440.720001,441.290009,3152055.000000,1780432200.0
1780493400.0,438.450012,440.390015,430.549988,430.815002,9367976.000000,1780497000.0
1780497000.0,430.815002,431.519989,425.850006,427.739990,5871937.000000,1780500600.0
1780500600.0,427.790009,427.790009,425.119995,425.475006,3020826.000000,1780504200.0
1780504200.0,425.459991,425.829987,424.250000,425.459900,3512091.000000,1780507800.0
1780507800.0,425.480011,428.299988,425.089996,428.149994,2538548.000000,1780511400.0
1780511400.0,428.190002,428.959991,427.369995,427.829987,2641197.000000,1780515000.0
1780515000.0,427.834991,428.739990,426.790009,427.579987,4334327.000000,1780518600.0
1780579800.0,435.994995,436.149994,428.750000,430.135101,7191457.000000,1780583400.0
1780583400.0,430.220001,431.559998,429.000000,430.290009,2447017.000000,1780587000.0
1780587000.0,430.390015,430.790009,427.744507,427.769989,2732327.000000,1780590600.0
1780590600.0,427.820007,428.950012,426.410004,426.929993,2056733.000000,1780594200.0
1780594200.0,426.975006,428.470001,426.700012,427.714691,1831947.000000,1780597800.0
1780597800.0,427.690002,429.000000,426.980011,427.684998,2281672.000000,1780601400.0
1780601400.0,427.665009,428.440002,427.000000,428.079987,2383020.000000,1780605000.0
1780666200.0,428.339996,429.470001,421.709991,423.056000,5532712.000000,1780669800.0
1780669800.0,422.998901,423.135010,420.700012,422.250092,3905078.000000,1780673400.0
1780673400.0,422.250000,422.380005,418.910004,419.799988,3441361.000000,1780677000.0
1780677000.0,419.820007,420.750000,418.580109,419.690002,2331915.000000,1780680600.0
1780680600.0,419.649994,421.519989,417.799988,418.290009,3203638.000000,1780684200.0
1780684200.0,418.279999,418.350006,414.399994,416.390015,4033474.000000,1780687800.0
1780687800.0,416.375000,417.480011,416.029999,416.679993,3674739.000000,1780691400.0
1780925400.0,414.160004,417.159912,411.290100,412.734985,6939242.000000,1780929000.0
1780929000.0,412.734985,413.600006,411.350006,411.420013,3206417.000000,1780932600.0
1780932600.0,411.399994,411.589996,409.820007,410.489990,2801780.000000,1780936200.0
1780936200.0,410.480011,410.779999,408.559998,410.010315,2519234.000000,1780939800.0
1780939800.0,409.989990,412.750000,409.630005,412.269989,2523666.000000,1780943400.0
1780943400.0,412.220001,413.000000,411.600494,412.290009,1973534.000000,1780947000.0
1780947000.0,412.290009,413.250000,411.179993,411.739990,2978824.000000,1780950600.0
1781011800.0,409.029999,411.980011,407.209991,409.484985,6855395.000000,1781015400.0
1781015400.0,409.459991,410.029999,403.519989,403.714996,3823575.000000,1781019000.0
1781019000.0,403.679993,403.910004,400.470093,401.130005,4154859.000000,1781022600.0
1781022600.0,401.049988,402.100006,398.481415,401.690002,4051363.000000,1781026200.0
1781026200.0,401.704987,403.961212,401.589996,403.640015,2371470.000000,1781029800.0
1781029800.0,403.899994,404.459991,402.428802,402.750000,2923013.000000,1781033400.0
1781033400.0,402.750000,404.250000,401.440002,403.100006,3408744.000000,1781037000.0
1781098200.0,398.410004,405.040009,397.470001,402.989990,7356319.000000,1781101800.0
1781101800.0,402.970001,403.549988,401.380005,401.649994,3148039.000000,1781105400.0
1781105400.0,401.679993,403.759888,401.070007,402.670013,2774179.000000,1781109000.0
1781109000.0,402.640015,403.790009,401.510010,401.739990,2143246.000000,1781112600.0
1781112600.0,401.720001,402.199890,400.340088,401.149994,1656867.000000,1781116200.0
1781116200.0,401.130005,401.130005,398.260010,398.359985,2029775.000000,1781119800.0
1781119800.0,398.339996,399.299988,397.179993,397.261292,4037814.000000,1781123400.0
1781184600.0,395.109985,396.850006,388.260010,389.709991,8707829.000000,1781188200.0
1781188200.0,389.734985,391.350006,386.369995,387.940002,4154555.000000,1781191800.0
1781191800.0,387.959991,389.309998,386.140015,387.980011,3823304.000000,1781195400.0
1781195400.0,387.929993,388.769989,384.000000,387.549988,5403718.000000,1781199000.0
1781199000.0,387.609985,389.760010,386.839996,388.809998,5214507.000000,1781202600.0
1781202600.0,388.832489,389.119995,386.589996,387.234985,4116125.000000,1781206200.0
1781206200.0,387.230011,391.309998,387.059998,390.029999,6089661.000000,1781209800.0
1781271000.0,391.420013,391.619995,382.269989,384.070007,10093037.000000,1781274600.0
1781274600.0,384.100006,389.970001,384.000000,388.899994,4900183.000000,1781278200.0
1781278200.0,388.890015,389.049988,386.589996,387.899994,4051361.000000,1781281800.0
1781281800.0,387.950012,388.929993,386.970001,388.200012,3853875.000000,1781285400.0
1781285400.0,388.200012,388.309998,386.519989,387.540100,2029819.000000,1781289000.0
1781289000.0,387.529999,389.739990,387.399994,389.420013,2572994.000000,1781292600.0
1781292600.0,389.399994,390.940002,389.029999,390.670013,2734465.000000,1781296200.0
1781530200.0,396.795013,399.600006,392.845001,398.329987,8332163.000000,1781533800.0
1781533800.0,398.309998,399.097595,397.250000,398.489990,3685411.000000,1781537400.0
1781537400.0,398.450012,401.640015,398.100006,401.575012,2872004.000000,1781541000.0
1781541000.0,401.565002,401.750000,398.679993,399.482391,1864257.000000,1781544600.0
1781544600.0,399.489990,399.959991,398.900085,398.975006,1425797.000000,1781548200.0
1781548200.0,398.989990,399.799988,398.260010,398.450104,2005478.000000,1781551800.0
1781551800.0,398.450012,400.609985,398.250000,399.970001,2673320.000000,1781555400.0
1781616600.0,395.779999,396.839996,390.929993,393.095001,7599247.000000,1781620200.0
1781620200.0,393.095001,394.375885,392.459991,393.420013,3128931.000000,1781623800.0
1781623800.0,393.470001,393.940002,391.380005,391.845001,2359810.000000,1781627400.0
1781627400.0,391.869995,392.609985,391.390015,391.500000,2448891.000000,1781631000.0
1781631000.0,391.480011,392.248993,390.690002,392.119995,2337592.000000,1781634600.0
1781634600.0,392.109985,393.559906,392.059998,393.119995,2434142.000000,1781638200.0
1781638200.0,393.119995,394.320007,392.940002,393.920013,3195853.000000,1781641800.0
1781703000.0,390.250000,390.369995,386.750000,387.380005,6405401.000000,1781706600.0
1781706600.0,387.390015,387.709991,384.635010,385.420013,4359730.000000,1781710200.0
1781710200.0,385.399994,386.630005,385.170013,385.375000,4788131.000000,1781713800.0
1781713800.0,385.359985,385.369995,383.380005,384.890015,3160640.000000,1781717400.0
1781717400.0,384.880005,385.980011,382.609985,383.019989,3431106.000000,1781721000.0
1781721000.0,383.001495,383.890015,378.880005,379.029999,5485628.000000,1781724600.0
1781724600.0,379.029999,381.641907,377.369995,378.869995,5527093.000000,1781728200.0
1781789400.0,377.915009,379.619995,373.279999,377.220001,16500165.000000,1781793000.0
1781793000.0,377.170013,378.449890,374.820007,375.165009,6303436.000000,1781796600.0
1781796600.0,375.200012,378.781494,375.049988,378.595001,3565636.000000,1781800200.0
1781800200.0,378.595001,381.369995,378.548187,379.695007,2972196.000000,1781803800.0
1781803800.0,379.679993,380.540009,377.600006,377.618011,2576951.000000,1781807400.0
1781807400.0,377.630005,378.500000,377.119110,378.029694,4180166.000000,1781811000.0
1781811000.0,378.015015,380.500000,377.500000,379.049988,4475343.000000,1781814600.0
1782135000.0,375.559998,381.630005,373.529999,373.630005,8099670.000000,1782138600.0
1782138600.0,373.589996,374.455414,370.570099,371.190002,5387510.000000,1782142200.0
1782142200.0,371.179993,372.089294,367.929993,368.410004,5071009.000000,1782145800.0
1782145800.0,368.424988,369.600006,368.000000,368.989990,4327177.000000,1782149400.0
1782149400.0,368.994995,370.656311,368.660797,370.355011,2687591.000000,1782153000.0
1782153000.0,370.364990,370.570007,369.000000,369.750000,3284719.000000,1782156600.0
1782156600.0,369.760010,370.450012,367.070007,367.179993,5863274.000000,1782160200.0
1782221400.0,371.000000,376.380005,370.804993,376.279999,9878894.000000,1782225000.0
1782225000.0,376.308014,377.220001,372.760010,372.959198,3930993.000000,1782228600.0
1782228600.0,372.920013,373.655090,371.609985,373.170105,3933016.000000,1782232200.0
1782232200.0,373.200012,373.540009,372.429993,373.015015,2629084.000000,1782235800.0
1782235800.0,373.019989,374.571503,372.600006,373.200012,2828867.000000,1782239400.0
1782239400.0,373.174988,374.199493,372.269989,373.946198,3234095.000000,1782243000.0
1782243000.0,373.950012,376.121185,373.399994,373.904999,4258242.000000,1782246600.0
1782307800.0,371.579987,378.880005,371.000000,374.799988,6117605.000000,1782311400.0
1782311400.0,374.799988,375.598206,372.540009,374.910004,3720059.000000,1782315000.0
1782315000.0,374.910004,375.100006,373.049988,373.119995,3312741.000000,1782318600.0
1782318600.0,373.119995,373.432190,370.799988,370.910004,2544282.000000,1782322200.0
1782322200.0,370.910004,372.296814,370.299988,370.609985,3045203.000000,1782325800.0
1782325800.0,370.635010,371.440002,368.399994,368.450012,4630287.000000,1782329400.0
1782329400.0,368.480011,368.690002,364.779999,365.450012,6623188.000000,1782333000.0
1782394200.0,362.700012,364.220001,356.600006,359.875000,10970146.000000,1782397800.0
1782397800.0,359.857513,359.989990,353.720001,356.059998,8100601.000000,1782401400.0
1782401400.0,356.092896,356.630005,352.369995,352.410004,6512816.000000,1782405000.0
1782405000.0,352.410004,352.600006,350.859985,351.619995,6615133.000000,1782408600.0
1782408600.0,351.619995,357.769989,349.200012,357.720001,7853978.000000,1782412200.0
1782412200.0,357.744995,357.779999,352.299988,352.619995,7123675.000000,1782415800.0
1782415800.0,352.619995,354.970001,351.640015,352.690002,8808114.000000,1782419400.0
1782480600.0,357.125000,367.760010,355.429993,367.070007,16936725.000000,1782484200.0
1782484200.0,367.070007,370.600006,365.309998,370.424988,9578369.000000,1782487800.0
1782487800.0,370.330109,371.519989,367.500000,367.980011,7849571.000000,1782491400.0
1782491400.0,368.000000,370.850006,367.720001,369.910004,5812369.000000,1782495000.0
1782495000.0,369.904999,371.799988,368.570007,370.445099,6218181.000000,1782498600.0
1782498600.0,370.445007,372.000000,369.410004,370.029999,9241440.000000,1782502200.0
1782502200.0,370.040009,376.609985,369.970001,371.359985,15290609.000000,1782505800.0
1782739800.0,377.500000,380.500000,374.529999,376.244995,11135583.000000,1782743400.0
1782743400.0,376.244995,377.179993,371.519989,373.285004,6506611.000000,1782747000.0
1782747000.0,373.329987,373.579987,367.739990,368.170013,5773515.000000,1782750600.0
1782750600.0,368.149994,370.279999,366.019989,369.630005,4798908.000000,1782754200.0
1782754200.0,369.649994,370.250000,367.559998,368.024994,3318340.000000,1782757800.0
1782757800.0,368.049988,369.589996,367.290009,367.429993,4807314.000000,1782761400.0
1782761400.0,367.420013,369.000000,366.829987,368.500000,6165408.000000,1782765000.0
1782826200.0,370.880005,372.600006,367.470001,371.961609,6993721.000000,1782829800.0
1782829800.0,371.959991,372.600006,368.160004,370.590088,3706906.000000,1782833400.0
1782833400.0,370.619995,371.429993,369.799988,370.915009,2678436.000000,1782837000.0
1782837000.0,370.880005,373.399994,370.545013,371.369995,3330997.000000,1782840600.0
1782840600.0,371.369995,371.459991,370.299988,370.779999,2425637.000000,1782844200.0
1782844200.0,370.769989,371.869995,369.816986,371.204987,3665503.000000,1782847800.0
1782847800.0,371.200012,374.149994,370.880005,372.839996,6348503.000000,1782851400.0
1782912600.0,380.825012,383.239990,374.890015,382.295013,10114863.000000,1782916200.0
1782916200.0,382.230103,387.809509,381.390106,386.720001,7413559.000000,1782919800.0
1782919800.0,386.720001,386.929993,383.799988,385.625000,4525897.000000,1782923400.0
1782923400.0,385.614990,388.149994,385.339996,387.829987,3084253.000000,1782927000.0
1782927000.0,387.880005,388.829987,386.570007,388.130005,3392722.000000,1782930600.0
1782930600.0,388.170013,388.349915,385.119995,385.184998,4927377.000000,1782934200.0
1782934200.0,385.200012,385.795013,382.959991,384.220001,5350010.000000,1782937800.0
1782999000.0,384.480011,389.799988,383.700012,388.654999,7748355.000000,1783002600.0
1783002600.0,388.654999,390.589996,386.310486,387.760010,6059140.000000,1783006200.0
1783006200.0,387.750000,390.940002,387.588013,390.907013,5014300.000000,1783009800.0
1783009800.0,390.967407,391.790009,388.750000,391.741394,3484900.000000,1783013400.0
1783013400.0,391.720001,392.079987,389.649994,390.950012,3190301.000000,1783017000.0
1783017000.0,390.920013,392.190002,390.130005,391.200012,3248661.000000,1783020600.0
1783020600.0,391.200012,391.519989,389.619995,389.619995,4495805.000000,1783024200.0
1783344600.0,386.809509,389.149994,381.220001,384.100006,7592111.000000,1783348200.0
1783348200.0,384.089996,386.880005,382.570007,386.769989,3758384.000000,1783351800.0
1783351800.0,386.700104,387.010010,383.670013,384.029999,2983388.000000,1783355400.0
1783355400.0,384.059998,386.149994,383.859985,385.809998,2851993.000000,1783359000.0
1783359000.0,385.825012,386.609985,384.119995,386.339996,2138809.000000,1783362600.0
1783362600.0,386.380005,386.779999,385.600006,386.309998,2536474.000000,1783366200.0
1783366200.0,386.299988,387.200012,385.964996,386.899994,2853872.000000,1783369800.0
1783431000.0,392.540009,395.570007,388.529999,393.920013,8715925.000000,1783434600.0
1783434600.0,393.877502,394.880005,391.470001,393.380005,3699166.000000,1783438200.0
1783438200.0,393.390015,394.380005,392.500000,394.059998,3131549.000000,1783441800.0
1783441800.0,394.130005,394.850006,392.950012,393.595001,2142293.000000,1783445400.0
1783445400.0,393.595001,393.595001,391.710114,391.825012,2355579.000000,1783449000.0
1783449000.0,391.850006,392.053711,389.410095,389.500000,2403703.000000,1783452600.0
1783452600.0,389.540009,390.160004,388.220001,388.829987,2593721.000000,1783456200.0
1783517400.0,384.075012,385.290009,381.329987,382.260010,5814519.000000,1783521000.0
1783521000.0,382.220001,383.850006,381.730011,382.059998,2595983.000000,1783524600.0
1783524600.0,382.067505,382.970001,381.559998,382.489990,1515923.000000,1783528200.0
1783528200.0,382.440002,383.589996,381.549988,383.489990,2857431.000000,1783531800.0
1783531800.0,383.489990,384.049988,382.994995,383.829987,1861676.000000,1783535400.0
1783535400.0,383.864014,384.559998,382.649994,383.469910,1742317.000000,1783539000.0
1783539000.0,383.450012,383.739990,382.670013,383.049988,2448865.000000,1783542600.0
1783603800.0,374.450012,379.320007,373.350006,376.545013,8028279.000000,1783607400.0
1783607400.0,376.545013,380.279999,376.105011,380.125000,2938166.000000,1783611000.0
1783611000.0,380.130005,380.600006,378.950104,379.670013,1924213.000000,1783614600.0
1783614600.0,379.659912,380.910004,379.170013,380.833496,1852275.000000,1783618200.0
1783618200.0,380.812988,381.250000,380.253815,380.640015,1956506.000000,1783621800.0
1783621800.0,380.660004,382.420013,380.420013,382.385010,3057536.000000,1783625400.0
1783625400.0,382.385010,384.649994,382.350006,384.350006,3247344.000000,1783629000.0
1783690200.0,387.799988,391.875000,383.489990,384.320007,5914770.000000,1783693800.0
1783693800.0,384.359985,384.589996,381.500000,382.910004,2603560.000000,1783697400.0
1783697400.0,382.910004,385.069885,382.890015,384.600006,2677118.000000,1783701000.0
1783701000.0,384.565002,385.760010,384.100006,384.149994,2056112.000000,1783704600.0
1783704600.0,384.149994,385.190002,383.122589,385.059998,1953041.000000,1783708200.0
1783708200.0,385.029999,385.640015,384.774994,385.119995,1920540.000000,1783711800.0
1783711800.0,385.101501,385.709991,384.779999,385.079987,1895310.000000,1783715400.0
1783949400.0,387.725006,391.049988,384.149994,385.600006,5574463.000000,1783953000.0
1783953000.0,385.660004,391.140015,385.420013,391.040009,3309142.000000,1783956600.0
1783956600.0,391.040009,392.445007,390.309998,392.290009,2846929.000000,1783960200.0
1783960200.0,392.329987,393.570007,391.570007,392.535004,3017238.000000,1783963800.0
1783963800.0,392.549988,392.779999,391.369995,392.369995,1816753.000000,1783967400.0
1783967400.0,392.369995,393.640015,390.359985,390.369995,2736876.000000,1783971000.0
1783971000.0,390.369995,391.640015,389.589996,390.980011,3056592.000000,1783974600.0
1784035800.0,382.505005,385.600006,378.649994,384.654999,7985625.000000,1784039400.0
1784039400.0,384.609985,387.749908,384.494995,385.850006,2938422.000000,1784043000.0
1784043000.0,385.859985,386.649994,384.140015,386.619995,2186300.000000,1784046600.0
1784046600.0,386.619995,388.190002,386.200012,386.744598,1965763.000000,1784050200.0
1784050200.0,386.720001,387.630005,386.260010,386.899994,1556580.000000,1784053800.0
1784053800.0,386.899994,386.950012,384.950012,386.130402,1815574.000000,1784057400.0
1784057400.0,386.105011,386.229492,384.730011,384.950012,3065468.000000,1784061000.0
1784122200.0,389.290009,397.640015,386.399994,395.040009,7982499.000000,1784125800.0
1784125800.0,395.010010,397.910004,393.650085,396.750000,4739366.000000,1784129400.0
1784129400.0,396.779999,398.959991,395.779999,397.654999,3822444.000000,1784133000.0
1784133000.0,397.690002,397.829987,394.179993,396.445007,2948650.000000,1784136600.0
1784136600.0,396.445007,397.149994,395.250000,396.515015,2772298.000000,1784140200.0
1784140200.0,396.500000,397.119995,394.829987,395.558502,2955006.000000,1784143800.0
1784143800.0,395.570007,396.380005,394.640015,395.619995,3166535.000000,1784147400.0
1784208600.0,398.079987,398.709991,392.050110,395.980011,6747822.000000,1784212200.0
1784212200.0,396.019989,399.640015,395.920013,398.929993,3175947.000000,1784215800.0
1784215800.0,398.994995,400.859985,395.630005,400.722687,2770783.000000,1784219400.0
1784219400.0,400.730011,404.450012,400.704987,403.750000,4130490.000000,1784223000.0
1784223000.0,403.750000,404.750000,402.000000,404.059906,3553226.000000,1784226600.0
1784226600.0,404.015015,405.989990,401.731995,401.750000,4810296.000000,1784230200.0
1784230200.0,401.750000,401.839996,399.000000,401.119995,4061571.000000,1784233800.0
1784295000.0,394.855011,398.390015,391.220001,392.929993,9850765.000000,1784298600.0
1784298600.0,392.940002,393.489990,389.390015,391.140015,4339882.000000,1784302200.0
1784302200.0,391.065002,393.019989,390.950012,392.619995,2465107.000000,1784305800.0
1784305800.0,392.600006,394.926086,392.410004,394.660004,2269010.000000,1784309400.0
1784309400.0,394.660004,395.970001,394.529999,394.795013,2021550.000000,1784313000.0
1784313000.0,394.739990,395.640015,393.950012,395.619995,2665740.000000,1784316600.0
1784316600.0,395.589996,395.899994,393.730011,393.769989,2702878.000000,1784320200.0
1784554200.0,390.079987,395.239990,389.730011,394.325012,5599843.000000,1784557800.0
1784557800.0,394.359985,398.130005,394.070496,397.746613,3154227.000000,1784561400.0
1784561400.0,397.690002,401.760010,397.070007,401.489990,2642229.000000,1784565000.0
1784565000.0,401.489990,403.179993,400.220093,401.890015,3070950.000000,1784568600.0
1784568600.0,401.920013,402.390015,400.800110,401.954987,1978133.000000,1784572200.0
1784572200.0,401.954987,402.230011,399.840088,401.230011,2702900.000000,1784575800.0
1784575800.0,401.239990,402.679993,400.700012,402.510010,3545264.000000,1784579400.0
1784640600.0,398.804993,401.470001,396.320007,401.079987,5441392.000000,1784644200.0
1784644200.0,401.029999,401.320007,398.049988,398.739990,3003287.000000,1784647800.0
1784647800.0,398.674988,400.049988,397.414215,398.019989,2576629.000000,1784651400.0
1784651400.0,398.000000,399.630005,397.714508,399.454987,1690620.000000,1784655000.0
1784655000.0,399.454987,399.549988,398.260010,398.790009,1301703.000000,1784658600.0
1784658600.0,398.765015,399.600006,397.980011,399.510010,1658113.000000,1784662200.0
1784662200.0,399.554993,399.649994,397.119995,397.640015,2152495.000000,1784665800.0
1784727000.0,395.579987,396.089996,389.500000,389.674988,5164460.000000,1784730600.0
1784730600.0,389.674988,390.339996,388.200104,389.630005,3282609.000000,1784734200.0
1784734200.0,389.630005,389.679993,388.089996,389.019989,2366510.000000,1784737800.0
1784737800.0,389.010010,389.600006,387.149994,387.810089,2815958.000000,1784741400.0
1784741400.0,387.950012,388.589996,386.970001,388.570007,1638887.000000,1784745000.0
1784745000.0,388.579987,389.890015,388.179993,389.420013,2603531.000000,1784748600.0
1784748600.0,389.399994,390.839996,388.290009,390.279999,3315679.000000,1784752200.0
1784813400.0,389.964996,391.779999,382.899994,383.220001,6941831.000000,1784817000.0
1784817000.0,383.200012,384.099915,377.399994,378.595001,5222903.000000,1784820600.0
1784820600.0,378.630005,381.149994,377.869995,380.628998,3212428.000000,1784824200.0
1784824200.0,380.529999,382.149994,379.839996,381.464996,1533998.000000,1784827800.0
1784827800.0,381.459991,381.739990,380.670013,381.609985,1697594.000000,1784831400.0
1784831400.0,381.584991,382.200104,380.690002,380.975006,2341738.000000,1784835000.0
1784835000.0,380.959991,382.450012,379.429993,381.429993,3233535.000000,1784838600.0
1784899800.0,386.548004,386.595001,380.649994,381.704987,7696715.000000,1784903400.0
1784903400.0,381.704987,386.029999,381.691895,385.220001,3438503.000000,1784907000.0
1784907000.0,385.226013,385.689911,383.489990,385.149994,1963676.000000,1784910600.0
1784910600.0,385.160004,385.289886,383.549988,384.179993,1797448.000000,1784914200.0
1784914200.0,384.199799,384.929993,383.700012,383.950012,1523825.000000,1784917800.0
1784917800.0,383.940002,384.950012,383.400299,383.400299,2211398.000000,1784921400.0
1784921400.0,383.399994,383.774994,381.420013,381.739990,3201612.000000,1784925000.0
1785159000.0,390.750000,393.342499,387.989990,390.359985,6774288.000000,1785162600.0
1785162600.0,390.359985,393.894989,389.230011,393.519989,3670617.000000,1785166200.0
1785166200.0,393.519989,393.739990,389.399994,390.459991,2658294.000000,1785169800.0
1785169800.0,390.459991,392.329987,390.290100,391.547913,1862338.000000,1785173400.0
1785173400.0,391.519989,394.200012,391.519989,392.720001,2815555.000000,1785177000.0
1785177000.0,392.721100,394.100006,391.200012,391.339996,2299083.000000,1785180600.0
1785180600.0,391.348785,391.500000,388.839996,389.130005,2951159.000000,1785184200.0
1785245400.0,393.160004,400.209991,391.299988,395.515015,9088311.000000,1785249000.0
1785249000.0,395.510010,400.165009,394.720001,399.959991,3839115.000000,1785252600.0
1785252600.0,399.959991,400.320007,396.119995,398.109985,3080438.000000,1785256200.0
1785256200.0,398.100006,398.920013,397.489990,398.070007,1816759.000000,1785259800.0
1785259800.0,398.089996,399.540009,396.950012,397.529999,2413457.000000,1785263400.0
1785263400.0,397.510010,398.000000,392.600006,392.869995,3421029.000000,1785267000.0
1785267000.0,392.829987,393.820007,392.369995,393.470001,3251958.000000,1785270600.0
1785331800.0,393.399994,394.279999,388.743011,392.489990,6478536.000000,1785335400.0
1785335400.0,392.519989,395.820007,392.329987,394.640015,3734853.000000,1785339000.0
1785339000.0,394.614990,395.660004,392.804993,395.660004,2912337.000000,1785342600.0
1785342600.0,395.660004,397.179993,393.630005,396.165009,4137541.000000,1785346200.0
1785346200.0,396.140015,399.135010,395.440002,398.660004,5501914.000000,1785349800.0
1785349800.0,398.690002,401.250000,395.820007,395.970001,4857493.000000,1785353400.0
1785353400.0,395.950012,396.290009,389.359985,392.399994,6213730.000000,1785357000.0
1785418200.0,438.500000,451.725006,432.440002,449.890015,45559586.000000,1785421800.0
1785421800.0,449.890015,452.234985,443.649994,444.489990,16504730.000000,1785425400.0
1785425400.0,444.484985,456.489990,444.369995,455.290009,10202996.000000,1785429000.0
1785429000.0,455.299988,456.450012,452.940002,455.950012,6255351.000000,1785432600.0
1785432600.0,455.989990,458.690002,455.360107,458.170013,6491131.000000,1785436200.0
1785436200.0,458.200012,458.290009,454.679993,456.760010,6401199.000000,1785439800.0
1785439800.0,456.760010,457.042603,450.369995,451.480011,8199295.000000,1785443400.0
1785504600.0,449.584991,462.950012,449.552002,453.315002,15052306.000000,1785508200.0
1785508200.0,453.390015,458.920013,450.690002,457.825012,6666607.000000,1785511800.0
1785511800.0,457.825012,464.799988,456.540009,463.654999,6488585.000000,1785515400.0
1785515400.0,463.609985,464.364990,461.029999,463.600006,4063238.000000,1785519000.0
1785519000.0,463.600006,463.760010,460.000000,462.929993,3571646.000000,1785522600.0
1785522600.0,462.910004,463.760010,461.109985,462.190002,4695694.000000,1785526200.0
1785526200.0,462.149994,466.839996,461.609985,464.920013,7705597.000000,1785529800.0
1785763800.0,478.369995,491.369995,476.380005,484.790009,22071432.000000,1785767400.0
1785767400.0,484.859985,487.600006,481.600098,485.625000,6923231.000000,1785771000.0
1785771000.0,485.630005,488.290009,483.029999,487.529999,4998641.000000,1785774600.0
1785774600.0,487.519989,489.964996,487.347504,489.109985,5348792.000000,1785778200.0
1785778200.0,489.105011,490.769989,487.630005,490.670013,4732362.000000,1785781800.0
1785781800.0,490.704987,491.640015,488.230011,490.045013,5290935.000000,1785785400.0
1785785400.0,490.049988,490.299988,487.000000,487.600006,5337570.000000,1785789000.0
1785850200.0,484.220001,495.880005,483.959991,493.700012,13763181.000000,1785853800.0
1785853800.0,493.734985,499.439911,493.579987,498.625000,7340485.000000,1785857400.0
1785857400.0,498.660004,498.730011,495.899994,495.940002,3510203.000000,1785861000.0
1785861000.0,495.890015,496.369995,494.200012,495.257599,2922550.000000,1785864600.0
1785864600.0,495.279999,497.540009,494.399994,497.330109,2511794.000000,1785868200.0
1785868200.0,497.369995,497.799988,495.910004,496.839996,3789756.000000,1785871800.0
1785871800.0,496.820007,497.190002,492.309998,492.820007,4710578.000000,1785875400.0
1785936600.0,496.355011,498.209991,487.211792,489.549988,7177177.000000,1785940200.0
1785940200.0,489.519989,492.529999,489.380005,492.440002,5702113.000000,1785943800.0
1785943800.0,492.339996,492.404999,487.679993,489.019989,2443334.000000,1785947400.0
1785947400.0,488.994995,489.500000,487.399994,488.339996,2066453.000000,1785951000.0
1785951000.0,488.269989,490.440002,485.679993,489.799896,3305182.000000,1785954600.0
1785954600.0,489.750000,491.070007,489.160004,489.959015,2438242.000000,1785958200.0
1785958200.0,489.890015,491.489990,487.179993,487.459991,3778458.000000,1785961800.0
1786023000.0,488.890015,498.480011,488.524994,496.589996,7852314.000000,1786026600.0
1786026600.0,496.510101,498.970001,494.600098,496.470001,4186992.000000,1786030200.0
1786030200.0,496.470001,496.760010,494.420013,494.750000,1847325.000000,1786033800.0
1786033800.0,494.709991,497.109985,493.500000,496.411987,2100255.000000,1786037400.0
1786037400.0,496.429993,497.790009,495.388611,497.339996,3219271.000000,1786041000.0
1786041000.0,497.339813,498.989990,496.350006,498.880005,3207604.000000,1786044600.0
1786044600.0,498.894989,501.554993,497.309998,499.859985,5933797.000000,1786048200.0
1786109400.0,500.000000,505.179993,499.609985,504.100006,6288752.000000,1786113000.0
1786113000.0,504.000000,504.850006,501.549988,502.029999,3026151.000000,1786116600.0
1786116600.0,502.008514,503.989990,501.920502,503.000000,2199260.000000,1786120200.0
1786120200.0,503.035004,503.250000,498.809998,499.760010,2293300.000000,1786123800.0
1786123800.0,499.753998,500.890015,498.730011,499.690002,1550901.000000,1786127400.0
1786127400.0,499.704987,501.929993,498.850006,501.179993,2030567.000000,1786131000.0
1786131000.0,501.179993,501.920013,499.690002,499.890015,2959331.000000,1786134600.0
1786368600.0,503.440002,512.789978,502.500000,512.428589,7846944.000000,1786372200.0
1786372200.0,512.400024,513.726013,507.739990,509.491089,3783264.000000,1786375800.0
1786375800.0,509.570007,511.154999,509.040009,509.839996,1997500.000000,1786379400.0
1786379400.0,509.799988,510.179993,506.500092,508.320007,3443925.000000,1786383000.0
1786383000.0,508.320007,508.589996,504.622986,505.007904,2361699.000000,1786386600.0
1786386600.0,505.024994,508.382507,504.325012,504.342987,2006767.000000,1786390200.0
1786390200.0,504.350006,506.980011,504.029999,505.970001,2456097.000000,1786393800.0
1786455000.0,504.005005,505.329987,499.549988,501.505005,4349286.000000,1786458600.0
1786458600.0,501.579987,504.500000,500.799988,501.559998,2504469.000000,1786462200.0
1786462200.0,501.559998,502.732605,500.269989,500.739990,1759743.000000,1786465800.0
1786465800.0,500.730011,502.704987,500.700104,502.619995,1543452.000000,1786469400.0
1786469400.0,502.640015,503.619995,501.899994,501.984009,1896573.000000,1786473000.0
1786473000.0,501.940094,503.730011,501.920013,502.953003,1955330.000000,1786476600.0
1786476600.0,502.859985,504.390015,502.079987,503.809998,2821072.000000,1786480200.0
1786541400.0,500.239990,501.500000,491.950104,495.875000,6816702.000000,1786545000.0
1786545000.0,495.828888,496.500000,492.880005,493.200012,2787539.000000,1786548600.0
1786548600.0,493.195007,494.019897,492.079987,493.920013,1820182.000000,1786552200.0
1786552200.0,493.910004,494.975006,493.089996,493.230011,1777064.000000,1786555800.0
1786555800.0,493.239990,493.589996,491.519989,492.125092,1669748.000000,1786559400.0
1786559400.0,492.135010,494.640015,491.800507,494.265015,2167446.000000,1786563000.0
1786563000.0,494.265015,494.470001,492.029999,492.440002,2575654.000000,1786566600.0
1786627800.0,493.265015,501.339996,493.250000,498.470001,5180602.000000,1786631400.0
1786631400.0,498.505005,499.420013,493.440002,493.855804,2454324.000000,1786635000.0
1786635000.0,493.885101,495.869995,493.779999,494.690002,2063282.000000,1786638600.0
1786638600.0,494.679993,494.920013,494.000000,494.500000,739556.000000,1786642200.0
1786642200.0,494.484985,494.559998,493.010010,493.135010,1642837.000000,1786645800.0
1786645800.0,493.132507,497.799988,493.109985,497.160004,2086166.000000,1786649400.0
1786649400.0,497.190002,498.549988,495.904999,496.809998,2590809.000000,1786653000.0
1786714200.0,496.355011,500.010010,493.924988,498.769989,3741032.000000,1786717800.0
1786717800.0,498.720001,499.640015,497.459991,497.649994,1788115.000000,1786721400.0
1786721400.0,497.704987,499.279999,496.799988,497.679993,1334999.000000,1786725000.0
1786725000.0,497.674988,497.799988,495.679993,495.809998,791522.000000,1786728600.0
1786728600.0,495.785004,496.339996,495.369995,495.429993,790699.000000,1786732200.0
1786732200.0,495.440002,495.769989,494.670013,495.359985,1047394.000000,1786735800.0
1786735800.0,495.359985,495.589996,494.649994,495.420013,1487162.000000,1786739400.0
