ts_open,o,h,l,c,v,ts_close
1695043800.0,42.748001,43.820000,42.000000,43.614002,19072098.000000,1695047400.0
1695047400.0,43.616199,43.900002,43.367001,43.653923,6896034.000000,1695051000.0
1695051000.0,43.653660,44.242001,43.581001,44.165009,5749042.000000,1695054600.0
1695054600.0,44.172001,44.198498,43.780998,44.015770,4397844.000000,1695058200.0
1695058200.0,44.023003,44.200001,43.959999,43.980499,3746589.000000,1695061800.0
1695061800.0,43.984001,44.124992,43.709999,43.797100,3992839.000000,1695065400.0
1695065400.0,43.799000,43.974998,43.688000,43.965000,3580799.000000,1695069000.0
1695130200.0,43.833000,43.966000,43.317490,43.556999,9946289.000000,1695133800.0
1695133800.0,43.548901,43.556499,43.088001,43.245003,6453854.000000,1695137400.0
1695137400.0,43.251991,43.334999,43.001999,43.193501,4148133.000000,1695141000.0
1695141000.0,43.192001,43.487999,43.154999,43.403000,3282758.000000,1695144600.0
1695144600.0,43.396679,43.696999,43.396679,43.586498,4193995.000000,1695148200.0
1695148200.0,43.580009,43.789989,43.381001,43.528603,5024523.000000,1695151800.0
1695151800.0,43.532997,43.623001,43.424999,43.508999,2375353.000000,1695155400.0
1695216600.0,43.599998,43.903000,43.283260,43.476997,8695671.000000,1695220200.0
1695220200.0,43.487991,43.638000,43.265999,43.336998,3978034.000000,1695223800.0
1695223800.0,43.329998,43.596001,43.315849,43.510002,3051856.000000,1695227400.0
1695227400.0,43.513000,43.564999,43.192001,43.207001,2450341.000000,1695231000.0
1695231000.0,43.208000,43.298000,42.913002,43.099998,4325141.000000,1695234600.0
1695234600.0,43.095497,43.387970,42.736000,42.839531,5816620.000000,1695238200.0
1695238200.0,42.833000,42.855610,42.223000,42.230999,5490754.000000,1695241800.0
1695303000.0,41.583000,42.099998,41.271000,41.795002,15177035.000000,1695306600.0
1695306600.0,41.793499,41.825001,41.394001,41.432831,6367408.000000,1695310200.0
1695310200.0,41.429001,41.601860,41.290001,41.461998,4260907.000000,1695313800.0
1695313800.0,41.463001,41.660000,41.315010,41.569000,3810792.000000,1695317400.0
1695317400.0,41.579998,41.644001,41.329998,41.374500,3038519.000000,1695321000.0
1695321000.0,41.370998,41.470001,41.021000,41.045998,5063932.000000,1695324600.0
1695324600.0,41.045002,41.267998,40.980000,41.006001,4809523.000000,1695328200.0
1695389400.0,41.571999,41.914001,41.230999,41.480499,12221215.000000,1695393000.0
1695393000.0,41.485001,42.114998,41.480247,42.004002,10330177.000000,1695396600.0
1695396600.0,42.007000,42.088001,41.799999,41.891502,4592126.000000,1695400200.0
1695400200.0,41.896999,41.973000,41.617401,41.660999,3830183.000000,1695403800.0
1695403800.0,41.661999,41.723167,41.299000,41.532501,5131823.000000,1695407400.0
1695407400.0,41.528999,41.979000,41.431999,41.868000,5010474.000000,1695411000.0
1695411000.0,41.879997,41.935001,41.529999,41.632000,3792813.000000,1695414600.0
1695648600.0,41.591000,42.535999,41.176998,42.178001,13493416.000000,1695652200.0
1695652200.0,42.170052,42.442001,41.875000,42.278000,6565481.000000,1695655800.0
1695655800.0,42.286999,42.461998,42.067207,42.364300,4658850.000000,1695659400.0
1695659400.0,42.368000,42.370003,42.017998,42.148998,3918621.000000,1695663000.0
1695663000.0,42.154999,42.236000,41.965000,42.010002,3402884.000000,1695666600.0
1695666600.0,42.010002,42.165001,41.760998,41.924500,4302578.000000,1695670200.0
1695670200.0,41.920002,42.253689,41.842003,42.229000,3246205.000000,1695673800.0
1695735000.0,42.000999,42.394989,41.654999,42.364002,10805123.000000,1695738600.0
1695738600.0,42.364002,42.820000,42.079998,42.090500,8255868.000000,1695742200.0
1695742200.0,42.096001,42.373901,42.018013,42.236500,4520156.000000,1695745800.0
1695745800.0,42.233498,42.379997,42.155010,42.180000,3164994.000000,1695749400.0
1695749400.0,42.183998,42.377998,41.984970,42.215992,3724057.000000,1695753000.0
1695753000.0,42.209499,42.232002,41.799999,41.868969,3985955.000000,1695756600.0
1695756600.0,41.870003,41.938000,41.760002,41.911999,3204543.000000,1695760200.0
1695821400.0,42.329998,42.654999,42.055000,42.346001,10644025.000000,1695825000.0
1695825000.0,42.364002,42.407997,41.885002,42.250000,6427200.000000,1695828600.0
1695828600.0,42.252998,42.262001,41.629009,41.834999,4983029.000000,1695832200.0
1695832200.0,41.847000,41.946590,41.680000,41.763000,3497162.000000,1695835800.0
1695835800.0,41.760002,42.230999,41.660000,42.202499,3761316.000000,1695839400.0
1695839400.0,42.204998,42.872002,42.204998,42.633999,8468898.000000,1695843000.0
1695843000.0,42.632999,42.710999,42.370998,42.467999,4100707.000000,1695846600.0
1695907800.0,42.459999,43.028000,42.114998,42.560009,12214690.000000,1695911400.0
1695911400.0,42.567001,42.974998,42.381001,42.920403,5883948.000000,1695915000.0
1695915000.0,42.917999,43.446312,42.907001,43.398998,6161096.000000,1695918600.0
1695918600.0,43.407997,43.417999,43.055000,43.162010,3777252.000000,1695922200.0
1695922200.0,43.170002,43.285988,42.963001,43.228989,3613362.000000,1695925800.0
1695925800.0,43.229000,43.310001,42.786999,43.288879,5622464.000000,1695929400.0
1695929400.0,43.285999,43.315990,42.980000,43.068001,3415422.000000,1695933000.0
1695994200.0,43.827000,44.144001,43.648003,43.774010,11695982.000000,1695997800.0
1695997800.0,43.779198,44.036999,43.771000,43.810001,5333904.000000,1696001400.0
1696001400.0,43.808498,43.837990,43.624161,43.718990,4058949.000000,1696005000.0
1696005000.0,43.717999,43.767990,43.392998,43.542000,3769543.000000,1696008600.0
1696008600.0,43.535999,43.603001,43.306938,43.382999,3739151.000000,1696012200.0
1696012200.0,43.385002,43.700001,43.367012,43.551998,4050094.000000,1696015800.0
1696015800.0,43.554001,43.722500,43.450001,43.487000,4064098.000000,1696019400.0
1696253400.0,44.029999,45.038002,43.861000,44.657001,14335903.000000,1696257000.0
1696257000.0,44.659000,45.160999,44.558998,45.145000,6337526.000000,1696260600.0
1696260600.0,45.150002,45.174999,44.579998,44.722000,5561964.000000,1696264200.0
1696264200.0,44.720001,44.790001,44.471001,44.790001,3886473.000000,1696267800.0
1696267800.0,44.783791,44.857002,44.381001,44.473499,3949976.000000,1696271400.0
1696271400.0,44.479839,44.543999,44.256001,44.489498,3797295.000000,1696275000.0
1696275000.0,44.489002,44.797001,44.439999,44.795998,3576213.000000,1696278600.0
1696339800.0,44.807999,45.129997,44.344002,44.384060,12931678.000000,1696343400.0
1696343400.0,44.382000,44.519558,43.614998,43.873497,8750969.000000,1696347000.0
1696347000.0,43.867001,43.981987,43.597000,43.945801,5234864.000000,1696350600.0
1696350600.0,43.946999,44.101997,43.554230,43.601501,4939929.000000,1696354200.0
1696354200.0,43.603722,43.779999,43.390999,43.505360,4657044.000000,1696357800.0
1696357800.0,43.502998,43.709991,43.342003,43.362000,4523729.000000,1696361400.0
1696361400.0,43.361332,43.595001,43.245998,43.534000,4103080.000000,1696365000.0
1696426200.0,43.742001,44.043991,43.292011,43.313000,10384532.000000,1696429800.0
1696429800.0,43.316002,43.950989,43.306080,43.870350,5789820.000000,1696433400.0
1696433400.0,43.874001,44.142998,43.803001,43.866001,4805856.000000,1696437000.0
1696437000.0,43.866001,43.995003,43.609001,43.624001,3226032.000000,1696440600.0
1696440600.0,43.612999,43.720001,43.450001,43.605499,3099158.000000,1696444200.0
1696444200.0,43.604889,43.969002,43.549999,43.931000,3212806.000000,1696447800.0
1696447800.0,43.939999,44.098999,43.895000,44.007000,3448877.000000,1696451400.0
1696512600.0,44.049999,44.526390,43.888000,44.487000,11360253.000000,1696516200.0
1696516200.0,44.481499,44.487999,44.056000,44.273998,5386738.000000,1696519800.0
1696519800.0,44.279999,44.592003,44.185009,44.537991,4801456.000000,1696523400.0
1696523400.0,44.532448,44.592999,44.313000,44.532001,3362941.000000,1696527000.0
1696527000.0,44.538002,44.900002,44.460011,44.744499,4816027.000000,1696530600.0
1696530600.0,44.745003,44.900002,44.632000,44.773041,4004630.000000,1696534200.0
1696534200.0,44.773998,44.855999,44.614002,44.680000,3324811.000000,1696537800.0
1696599000.0,44.193001,44.723999,44.026001,44.708000,10797241.000000,1696602600.0
1696602600.0,44.709000,45.045002,44.702000,45.013000,7341109.000000,1696606200.0
1696606200.0,45.028000,45.599998,45.014000,45.489998,6837184.000000,1696609800.0
1696609800.0,45.495003,45.640999,45.410000,45.567001,4144840.000000,1696613400.0
1696613400.0,45.570000,45.620911,45.426003,45.616001,3377738.000000,1696617000.0
1696617000.0,45.614998,45.709000,45.523998,45.693501,3769723.000000,1696620600.0
1696620600.0,45.693501,45.789001,45.652000,45.761631,4054622.000000,1696624200.0
1696858200.0,44.842003,45.049999,44.417999,44.709320,13162929.000000,1696861800.0
1696861800.0,44.719002,44.773903,44.368000,44.510002,4963964.000000,1696865400.0
1696865400.0,44.510002,44.862900,44.500000,44.775002,3473688.000000,1696869000.0
1696869000.0,44.778999,45.110001,44.710999,45.066010,3416864.000000,1696872600.0
1696872600.0,45.075001,45.560997,45.066170,45.419670,6002919.000000,1696876200.0
1696876200.0,45.420998,45.605000,45.291000,45.517002,4939165.000000,1696879800.0
1696879800.0,45.527992,45.535999,45.174000,45.273003,2921187.000000,1696883400.0
1696944600.0,45.310001,45.632999,45.088001,45.614998,9668942.000000,1696948200.0
1696948200.0,45.618999,46.142002,45.590000,46.077499,6641908.000000,1696951800.0
1696951800.0,46.079002,46.238991,46.012001,46.089001,4382237.000000,1696955400.0
1696955400.0,46.083000,46.258999,45.750000,45.986717,4589291.000000,1696959000.0
1696959000.0,45.987000,46.035000,45.807999,45.847988,3057459.000000,1696962600.0
1696962600.0,45.853500,46.047001,45.842999,45.953548,3314291.000000,1696966200.0
1696966200.0,45.954002,45.999001,45.768280,45.793999,2672125.000000,1696969800.0
1697031000.0,46.195999,46.555000,46.110001,46.375118,10299804.000000,1697034600.0
1697034600.0,46.378502,46.720001,46.249001,46.437008,6484776.000000,1697038200.0
1697038200.0,46.443001,46.504990,46.146999,46.314999,4663180.000000,1697041800.0
1697041800.0,46.317001,46.390999,46.105000,46.202000,2784488.000000,1697045400.0
1697045400.0,46.200001,46.500000,46.049999,46.376999,3558004.000000,1697049000.0
1697049000.0,46.379990,46.607002,46.367001,46.594002,3615116.000000,1697052600.0
1697052600.0,46.595001,46.859001,46.564003,46.808998,4449557.000000,1697056200.0
1697117400.0,46.777000,47.609001,46.660000,47.178501,13944825.000000,1697121000.0
1697121000.0,47.178501,47.469002,47.123001,47.220001,5872709.000000,1697124600.0
1697124600.0,47.217999,47.481609,47.144032,47.452049,4434602.000000,1697128200.0
1697128200.0,47.448997,47.560001,46.836998,46.928001,6729286.000000,1697131800.0
1697131800.0,46.920002,47.015991,46.329998,46.714001,7317313.000000,1697135400.0
1697135400.0,46.704998,46.985111,46.652012,46.870003,4792197.000000,1697139000.0
1697139000.0,46.866001,47.060001,46.861012,46.945999,3456452.000000,1697142600.0
1697203800.0,46.959999,47.116001,46.541000,46.590000,9190880.000000,1697207400.0
1697207400.0,46.590000,46.785000,46.014999,46.080360,7839883.000000,1697211000.0
1697211000.0,46.082001,46.299999,45.881001,46.143688,5853622.000000,1697214600.0
1697214600.0,46.148998,46.202991,45.450001,45.500999,5336556.000000,1697218200.0
1697218200.0,45.497078,45.650002,45.279999,45.379997,5353776.000000,1697221800.0
1697221800.0,45.382999,45.757000,45.359001,45.507999,6521057.000000,1697225400.0
1697225400.0,45.513000,45.563000,45.355000,45.458000,4958148.000000,1697229000.0
1697463000.0,45.063000,46.041611,44.911999,46.017498,12269008.000000,1697466600.0
1697466600.0,46.021999,46.125141,45.774010,46.047001,5512241.000000,1697470200.0
1697470200.0,46.048000,46.224998,45.731102,45.877998,4372176.000000,1697473800.0
1697473800.0,45.885990,46.058990,45.507999,45.652000,3717098.000000,1697477400.0
1697477400.0,45.654999,45.994987,45.596001,45.894501,3247660.000000,1697481000.0
1697481000.0,45.893257,46.151001,45.799999,46.142010,2754888.000000,1697484600.0
1697484600.0,46.147499,46.208000,46.025002,46.088001,3247901.000000,1697488200.0
1697549400.0,44.000000,44.179001,42.480000,43.732220,31411803.000000,1697553000.0
1697553000.0,43.732002,44.247002,43.719612,44.170998,12752818.000000,1697556600.0
1697556600.0,44.165001,44.754002,44.107998,44.724499,9181093.000000,1697560200.0
1697560200.0,44.719002,44.737000,44.013000,44.014999,6662514.000000,1697563800.0
1697563800.0,44.021500,44.021500,43.653999,43.963799,7747734.000000,1697567400.0
1697567400.0,43.964001,44.114998,43.642010,43.917000,6878414.000000,1697571000.0
1697571000.0,43.924999,44.036499,43.786800,43.954998,4050077.000000,1697574600.0
1697635800.0,42.591000,43.219002,42.323997,42.681999,21920516.000000,1697639400.0
1697639400.0,42.689999,42.737999,42.180000,42.361012,9144002.000000,1697643000.0
1697643000.0,42.363503,42.698002,42.239002,42.308750,6365198.000000,1697646600.0
1697646600.0,42.301003,42.493202,42.038002,42.370998,6159451.000000,1697650200.0
1697650200.0,42.368011,42.401199,42.120010,42.245010,4416233.000000,1697653800.0
1697653800.0,42.258400,42.327499,41.885002,42.021500,6853121.000000,1697657400.0
1697657400.0,42.023499,42.260998,41.825001,42.196999,5272873.000000,1697661000.0
1697722200.0,42.810997,43.297001,42.242001,42.661999,14662478.000000,1697725800.0
1697725800.0,42.660999,43.013290,42.541000,42.749428,6082356.000000,1697729400.0
1697729400.0,42.747520,43.139999,42.704002,42.848167,6329256.000000,1697733000.0
1697733000.0,42.857182,42.911999,42.409000,42.770000,5156987.000000,1697736600.0
1697736600.0,42.757999,42.773003,42.348000,42.412941,4326762.000000,1697740200.0
1697740200.0,42.407001,42.407001,41.882000,42.084000,6953738.000000,1697743800.0
1697743800.0,42.094269,42.232998,41.985001,42.084000,3563644.000000,1697747400.0
1697808600.0,41.889999,42.470001,41.772499,41.882999,11595847.000000,1697812200.0
1697812200.0,41.875999,41.911999,41.077999,41.216000,10881384.000000,1697815800.0
1697815800.0,41.220001,41.489002,41.201000,41.215500,5781273.000000,1697819400.0
1697819400.0,41.221001,41.850201,41.213509,41.713001,5520231.000000,1697823000.0
1697823000.0,41.720001,41.875000,41.455620,41.497501,4128754.000000,1697826600.0
1697826600.0,41.493999,41.646000,41.410610,41.495003,3797859.000000,1697830200.0
1697830200.0,41.493000,41.574989,41.355999,41.374001,3322758.000000,1697833800.0
1698067800.0,41.400002,42.430000,40.945000,42.359001,13032370.000000,1698071400.0
1698071400.0,42.348000,42.626999,42.114998,42.565498,8035149.000000,1698075000.0
1698075000.0,42.566002,42.938000,42.491001,42.827999,5753659.000000,1698078600.0
1698078600.0,42.827000,42.999001,42.627010,42.791000,4660907.000000,1698082200.0
1698082200.0,42.785999,42.964001,42.720001,42.861500,3245174.000000,1698085800.0
1698085800.0,42.862999,43.247990,42.745998,42.917999,6542394.000000,1698089400.0
1698089400.0,42.915001,43.057999,42.811020,42.979000,3858003.000000,1698093000.0
1698154200.0,43.077000,43.382988,42.691002,43.012749,12213852.000000,1698157800.0
1698157800.0,43.010002,43.267998,42.930000,43.033989,5339595.000000,1698161400.0
1698161400.0,43.021000,43.229000,42.879997,42.914001,3458183.000000,1698165000.0
1698165000.0,42.911999,43.116001,42.711998,43.111000,3738944.000000,1698168600.0
1698168600.0,43.114002,43.228001,43.030998,43.226002,2780840.000000,1698172200.0
1698172200.0,43.228001,43.612000,43.201050,43.545998,5029467.000000,1698175800.0
1698175800.0,43.554001,43.696999,43.543999,43.663002,3707148.000000,1698179400.0
1698240600.0,43.398003,43.650002,42.867001,43.346500,8451144.000000,1698244200.0
1698244200.0,43.351952,43.424999,42.728100,42.909000,4808377.000000,1698247800.0
1698247800.0,42.898998,42.976002,42.370998,42.530800,4334930.000000,1698251400.0
1698251400.0,42.529999,42.638988,41.951000,42.024799,4706050.000000,1698255000.0
1698255000.0,42.017002,42.150002,41.709000,41.998001,4999960.000000,1698258600.0
1698258600.0,41.989998,42.064999,41.555000,41.855000,5099932.000000,1698262200.0
1698262200.0,41.855999,41.944000,41.670097,41.760998,3705039.000000,1698265800.0
1698327000.0,41.853001,42.255550,40.674999,41.017002,13821838.000000,1698330600.0
1698330600.0,41.025501,41.325001,40.400002,40.413010,8283291.000000,1698334200.0
1698334200.0,40.421501,40.676003,40.105000,40.243000,6636070.000000,1698337800.0
1698337800.0,40.239498,40.420002,40.001999,40.082001,6018035.000000,1698341400.0
1698341400.0,40.083000,40.568001,39.880192,40.568001,6762917.000000,1698345000.0
1698345000.0,40.560501,40.985001,40.495678,40.736992,5495918.000000,1698348600.0
1698348600.0,40.729000,40.729000,40.242001,40.274498,4039638.000000,1698352200.0
1698413400.0,41.129997,41.206001,40.484001,40.716000,11155254.000000,1698417000.0
1698417000.0,40.719002,41.039001,40.422001,40.957500,6437651.000000,1698420600.0
1698420600.0,40.967003,40.980000,40.689003,40.767998,4331691.000000,1698424200.0
1698424200.0,40.771999,40.909992,40.379997,40.493000,3754810.000000,1698427800.0
1698427800.0,40.489002,40.498001,40.014999,40.120003,5052756.000000,1698431400.0
1698431400.0,40.125862,40.407001,40.079998,40.355999,5080211.000000,1698435000.0
1698435000.0,40.363991,40.535000,40.204002,40.504997,3780141.000000,1698438600.0
1698672600.0,41.086998,42.282001,40.736000,40.952999,10045144.000000,1698676200.0
1698676200.0,40.942001,41.029991,40.614002,40.734001,6070922.000000,1698679800.0
1698679800.0,40.739990,41.085869,40.660019,40.700001,3958393.000000,1698683400.0
1698683400.0,40.694893,40.905998,40.480999,40.861000,4023532.000000,1698687000.0
1698687000.0,40.870003,41.215000,40.817001,41.094002,4603095.000000,1698690600.0
1698690600.0,41.093498,41.499001,41.071999,41.360008,4740975.000000,1698694200.0
1698694200.0,41.362000,41.443001,41.128410,41.159000,3070055.000000,1698697800.0
1698759000.0,40.450001,40.520000,39.230011,39.886921,16969990.000000,1698762600.0
1698762600.0,39.887001,40.353340,39.510002,40.145000,8893345.000000,1698766200.0
1698766200.0,40.148998,40.342003,40.023003,40.185520,4868024.000000,1698769800.0
1698769800.0,40.189999,40.395000,40.060001,40.245003,4078482.000000,1698773400.0
1698773400.0,40.254997,40.667999,40.230999,40.420002,5094732.000000,1698777000.0
1698777000.0,40.417000,40.879002,40.410000,40.798000,5447963.000000,1698780600.0
1698780600.0,40.799000,40.848999,40.632011,40.782001,3935916.000000,1698784200.0
1698845400.0,40.883999,41.635990,40.868999,41.600010,9954026.000000,1698849000.0
1698849000.0,41.599998,42.038002,41.481010,41.812000,7313059.000000,1698852600.0
1698852600.0,41.807999,42.004990,41.679001,41.714001,3728137.000000,1698856200.0
1698856200.0,41.713001,41.799999,41.564003,41.657001,3267759.000000,1698859800.0
1698859800.0,41.648998,41.887001,41.455551,41.687500,3567431.000000,1698863400.0
1698863400.0,41.685997,42.235001,41.401009,42.160999,8399374.000000,1698867000.0
1698867000.0,42.163502,42.381001,42.107189,42.310001,4517600.000000,1698870600.0
1698931800.0,43.327999,43.590000,42.894001,43.424030,13116607.000000,1698935400.0
1698935400.0,43.428001,43.444000,43.165619,43.206001,5354129.000000,1698939000.0
1698939000.0,43.207001,43.284000,43.057999,43.150002,3495584.000000,1698942600.0
1698942600.0,43.157001,43.347000,43.105999,43.279999,2543106.000000,1698946200.0
1698946200.0,43.288002,43.469002,43.226002,43.460999,2966826.000000,1698949800.0
1698949800.0,43.458500,43.883999,43.385002,43.702648,6376121.000000,1698953400.0
1698953400.0,43.698997,43.749138,43.480999,43.510998,3956067.000000,1698957000.0
1699018200.0,44.020000,44.344002,43.723000,43.973999,10830814.000000,1699021800.0
1699021800.0,43.969009,44.520000,43.943001,44.469791,5612596.000000,1699025400.0
1699025400.0,44.478001,44.789001,44.459999,44.764999,4980352.000000,1699029000.0
1699029000.0,44.764500,44.858990,44.651001,44.737000,3895292.000000,1699032600.0
1699032600.0,44.742001,45.150002,44.742001,45.142998,5207066.000000,1699036200.0
1699036200.0,45.137001,45.308990,45.063000,45.096001,5191081.000000,1699039800.0
1699039800.0,45.094002,45.180000,44.951000,45.004002,4100897.000000,1699043400.0
1699281000.0,45.284500,45.935001,45.267998,45.500000,13297082.000000,1699284600.0
1699284600.0,45.500999,45.746990,45.401009,45.654999,4831904.000000,1699288200.0
1699288200.0,45.657997,45.754002,45.260002,45.348419,4018914.000000,1699291800.0
1699291800.0,45.342003,45.439999,44.898998,44.998001,4511377.000000,1699295400.0
1699295400.0,45.005989,45.418999,44.950001,45.375000,4081109.000000,1699299000.0
1699299000.0,45.373039,45.702000,45.351997,45.674999,4521166.000000,1699302600.0
1699302600.0,45.680000,45.768681,45.563000,45.755699,3182545.000000,1699306200.0
1699367400.0,45.719002,45.917000,45.157501,45.781990,9752640.000000,1699371000.0
1699371000.0,45.776001,46.217999,45.765900,46.073997,6599056.000000,1699374600.0
1699374600.0,46.079002,46.172001,45.791000,45.867500,3806302.000000,1699378200.0
1699378200.0,45.865681,46.117001,45.785999,46.019989,3054812.000000,1699381800.0
1699381800.0,46.020000,46.192001,45.976002,46.146000,2666225.000000,1699385400.0
1699385400.0,46.150002,46.215000,45.873001,46.051003,3696641.000000,1699389000.0
1699389000.0,46.053001,46.132000,45.875999,45.954002,2730086.000000,1699392600.0
1699453800.0,46.099998,46.607002,45.967999,46.187008,9894807.000000,1699457400.0
1699457400.0,46.187000,46.542000,46.079998,46.375500,4817623.000000,1699461000.0
1699461000.0,46.372711,46.564999,46.153000,46.323002,4209444.000000,1699464600.0
1699464600.0,46.310997,46.743999,46.226002,46.694500,4259705.000000,1699468200.0
1699468200.0,46.696201,46.867001,46.638000,46.807598,3713349.000000,1699471800.0
1699471800.0,46.806000,46.816231,46.443001,46.627689,3707712.000000,1699475400.0
1699475400.0,46.625999,46.633171,46.476002,46.583000,2306319.000000,1699479000.0
1699540200.0,47.467003,47.864998,47.180000,47.579998,15415579.000000,1699543800.0
1699543800.0,47.579998,47.999001,47.430000,47.810001,6076111.000000,1699547400.0
1699547400.0,47.806499,48.230000,47.765659,47.864990,6559536.000000,1699551000.0
1699551000.0,47.862000,48.141991,47.489998,47.926998,5952880.000000,1699554600.0
1699554600.0,47.926998,48.032001,47.254002,47.349998,5522644.000000,1699558200.0
1699558200.0,47.340000,47.420002,46.750000,46.987000,6996661.000000,1699561800.0
1699561800.0,46.997002,47.049000,46.795998,46.955498,3376554.000000,1699565400.0
1699626600.0,47.500000,47.935001,47.283012,47.495998,11888449.000000,1699630200.0
1699630200.0,47.495998,48.010002,47.424999,47.798470,6157665.000000,1699633800.0
1699633800.0,47.794807,48.001999,47.711010,47.941002,3722322.000000,1699637400.0
1699637400.0,47.946140,48.222000,47.910000,48.113503,4714711.000000,1699641000.0
1699641000.0,48.113503,48.333000,48.107002,48.283501,3608483.000000,1699644600.0
1699644600.0,48.282997,48.472000,48.201000,48.321499,4713970.000000,1699648200.0
1699648200.0,48.313499,48.400002,48.217999,48.340000,3478086.000000,1699651800.0
1699885800.0,48.320000,49.004997,48.099010,48.890999,13842443.000000,1699889400.0
1699889400.0,48.889000,48.984001,48.579998,48.889999,5738228.000000,1699893000.0
1699893000.0,48.889999,49.044109,48.671051,48.812000,4428514.000000,1699896600.0
1699896600.0,48.803501,48.910000,48.711998,48.722000,2611595.000000,1699900200.0
1699900200.0,48.723000,49.042999,48.690022,49.030010,3140976.000000,1699903800.0
1699903800.0,49.035999,49.116001,48.819000,49.056988,3758137.000000,1699907400.0
1699907400.0,49.056000,49.104000,48.586998,48.618000,3543238.000000,1699911000.0
1699972200.0,49.521999,49.763000,49.040009,49.419151,14418837.000000,1699975800.0
1699975800.0,49.417500,49.718990,49.392002,49.596001,6142222.000000,1699979400.0
1699979400.0,49.601997,49.602989,49.288002,49.489002,4249161.000000,1699983000.0
1699983000.0,49.493729,49.695000,49.484001,49.562500,3215067.000000,1699986600.0
1699986600.0,49.567001,49.599998,49.335999,49.575371,3385350.000000,1699990200.0
1699990200.0,49.578300,49.834000,49.540001,49.723499,4293060.000000,1699993800.0
1699993800.0,49.723999,49.827000,49.592999,49.653999,3523192.000000,1699997400.0
1700058600.0,49.935001,49.959999,48.664001,49.221001,15167633.000000,1700062200.0
1700062200.0,49.230999,49.334000,48.907997,49.301003,6781522.000000,1700065800.0
1700065800.0,49.308998,49.308998,48.521000,48.695000,5744771.000000,1700069400.0
1700069400.0,48.689999,48.914001,48.200001,48.596012,6156983.000000,1700073000.0
1700073000.0,48.596001,48.926998,48.570660,48.876228,4794690.000000,1700076600.0
1700076600.0,48.882988,48.999001,48.660999,48.718498,3703360.000000,1700080200.0
1700080200.0,48.723000,48.911999,48.666000,48.909000,2853231.000000,1700083800.0
1700145000.0,48.820400,49.099998,48.329998,48.960419,10432801.000000,1700148600.0
1700148600.0,48.959499,49.096001,48.626999,48.716000,4888365.000000,1700152200.0
1700152200.0,48.721001,49.247520,48.625481,49.174500,3933423.000000,1700155800.0
1700155800.0,49.176003,49.295998,49.011139,49.176998,3200294.000000,1700159400.0
1700159400.0,49.176998,49.220001,48.903000,49.086998,2751866.000000,1700163000.0
1700163000.0,49.086498,49.278000,49.060997,49.231861,2834232.000000,1700166600.0
1700166600.0,49.239002,49.524689,49.200001,49.487999,3624061.000000,1700170200.0
1700231400.0,49.523998,49.717003,49.143398,49.340000,9407298.000000,1700235000.0
1700235000.0,49.338001,49.371498,49.007000,49.319199,4817744.000000,1700238600.0
1700238600.0,49.323498,49.504002,49.200001,49.284000,3377214.000000,1700242200.0
1700242200.0,49.284008,49.556000,49.245003,49.532997,2851517.000000,1700245800.0
1700245800.0,49.535000,49.635002,49.351002,49.481228,3542738.000000,1700249400.0
1700249400.0,49.476997,49.510002,49.351040,49.407501,2855621.000000,1700253000.0
1700253000.0,49.408409,49.424999,49.129002,49.298000,3235035.000000,1700256600.0
1700490600.0,49.312000,49.959999,49.181007,49.766682,12118656.000000,1700494200.0
1700494200.0,49.777000,49.859993,49.632999,49.695999,4541820.000000,1700497800.0
1700497800.0,49.700001,49.887260,49.612000,49.830238,3637661.000000,1700501400.0
1700501400.0,49.829002,49.924000,49.720001,49.878502,3429648.000000,1700505000.0
1700505000.0,49.878899,50.459999,49.853001,50.424000,6278125.000000,1700508600.0
1700508600.0,50.421371,50.548000,50.305000,50.397221,4692675.000000,1700512200.0
1700512200.0,50.400002,50.498001,50.327000,50.409000,3438280.000000,1700515800.0
1700577000.0,50.125999,50.517002,49.252522,49.285000,14473862.000000,1700580600.0
1700580600.0,49.284000,49.835999,49.222000,49.719002,7369760.000000,1700584200.0
1700584200.0,49.716499,49.716751,49.482002,49.652000,4681119.000000,1700587800.0
1700587800.0,49.655109,49.796989,49.590000,49.701000,3897809.000000,1700591400.0
1700591400.0,49.696999,50.120003,49.648003,50.053501,4969119.000000,1700595000.0
1700595000.0,50.056999,50.098991,49.913002,50.023003,4440867.000000,1700598600.0
1700598600.0,50.023998,50.024952,49.818001,49.989491,4851514.000000,1700602200.0
1700663400.0,49.668999,50.334938,47.689999,48.219002,34422269.000000,1700667000.0
1700667000.0,48.229000,48.549999,48.079998,48.249001,10692912.000000,1700670600.0
1700670600.0,48.250000,48.914001,48.180000,48.868000,9021000.000000,1700674200.0
1700674200.0,48.870380,49.195999,48.567001,49.190681,9351608.000000,1700677800.0
1700677800.0,49.195000,49.448002,49.001999,49.206001,9168960.000000,1700681400.0
1700681400.0,49.213501,49.215992,48.549999,48.789001,10351193.000000,1700685000.0
1700685000.0,48.790001,48.836750,48.637001,48.706501,5323349.000000,1700688600.0
1700836200.0,48.470009,48.920998,47.939999,48.028500,13808920.000000,1700839800.0
1700839800.0,48.033810,48.264000,47.950001,48.160999,5759262.000000,1700843400.0
1700843400.0,48.163002,48.204998,47.930000,48.000000,4655571.000000,1700847000.0
1701095400.0,47.799999,48.320999,47.652000,48.183990,12350939.000000,1701099000.0
1701099000.0,48.176003,48.270000,47.867001,47.980000,5020291.000000,1701102600.0
1701102600.0,47.973999,48.195000,47.930000,48.125000,3591787.000000,1701106200.0
1701106200.0,48.126999,48.529999,48.056000,48.404999,5070670.000000,1701109800.0
1701109800.0,48.400002,48.466000,48.279999,48.370003,3463010.000000,1701113400.0
1701113400.0,48.374001,48.445999,48.173000,48.359001,3811047.000000,1701117000.0
1701117000.0,48.357002,48.426540,48.164001,48.234001,3379292.000000,1701120600.0
1701181800.0,48.236000,48.322899,47.532997,47.707001,10014624.000000,1701185400.0
1701185400.0,47.707500,48.045002,47.473000,48.019501,7305910.000000,1701189000.0
1701189000.0,48.014011,48.178001,47.975021,48.054230,5078394.000000,1701192600.0
1701192600.0,48.050251,48.054001,47.605999,47.687000,4314665.000000,1701196200.0
1701196200.0,47.695000,47.778999,47.535000,47.614002,3960102.000000,1701199800.0
1701199800.0,47.617001,47.730000,47.521999,47.613991,3562676.000000,1701203400.0
1701203400.0,47.609001,47.829002,47.585999,47.827000,3092169.000000,1701207000.0
1701268200.0,48.379002,48.762001,48.123001,48.325001,12452902.000000,1701271800.0
1701271800.0,48.324928,48.549999,47.941700,47.972500,5784194.000000,1701275400.0
1701275400.0,47.974998,48.223999,47.860001,48.220001,3871884.000000,1701279000.0
1701279000.0,48.217010,48.266991,48.067001,48.194500,2688636.000000,1701282600.0
1701282600.0,48.194500,48.234001,48.026001,48.151001,2320840.000000,1701286200.0
1701286200.0,48.150002,48.299999,48.040001,48.099499,3450282.000000,1701289800.0
1701289800.0,48.107002,48.230000,48.088070,48.135002,2636783.000000,1701293400.0
1701354600.0,48.023998,48.110001,47.361000,47.382000,10728014.000000,1701358200.0
1701358200.0,47.388771,47.534500,46.673000,46.720001,9074565.000000,1701361800.0
1701361800.0,46.730000,46.848000,46.549999,46.672501,4936525.000000,1701365400.0
1701365400.0,46.673500,46.882999,46.422001,46.489002,4941767.000000,1701369000.0
1701369000.0,46.489002,46.723000,46.422001,46.584000,3898290.000000,1701372600.0
1701372600.0,46.584000,46.834999,46.536999,46.575001,4490340.000000,1701376200.0
1701376200.0,46.572159,46.846001,46.534000,46.780998,4445150.000000,1701379800.0
1701441000.0,46.525002,46.993999,46.187000,46.368000,11953824.000000,1701444600.0
1701444600.0,46.358578,46.901001,46.270000,46.849998,5172530.000000,1701448200.0
1701448200.0,46.859001,47.079998,46.741001,46.944000,4569841.000000,1701451800.0
1701451800.0,46.945000,47.200001,46.885002,46.890999,3697078.000000,1701455400.0
1701455400.0,46.892998,46.965000,46.719002,46.799500,3195087.000000,1701459000.0
1701459000.0,46.802288,46.879997,46.679001,46.826000,3117942.000000,1701462600.0
1701462600.0,46.823997,46.829002,46.657001,46.760002,2725232.000000,1701466200.0
1701700200.0,45.750000,45.924999,45.206001,45.289497,13940047.000000,1701703800.0
1701703800.0,45.277000,45.388000,45.010002,45.306000,7404850.000000,1701707400.0
1701707400.0,45.303501,45.678001,45.168999,45.607990,4720700.000000,1701711000.0
1701711000.0,45.610001,45.709991,45.340000,45.353851,3600694.000000,1701714600.0
1701714600.0,45.348000,45.459999,45.123001,45.263969,3726418.000000,1701718200.0
1701718200.0,45.264999,45.332001,45.132000,45.263630,3633876.000000,1701721800.0
1701721800.0,45.267082,45.607998,45.264999,45.512001,3559709.000000,1701725400.0
1701786600.0,45.466000,46.560001,45.271000,46.234001,12749554.000000,1701790200.0
1701790200.0,46.243999,46.584999,45.967999,46.049999,5461895.000000,1701793800.0
1701793800.0,46.052498,46.183990,45.750000,46.159142,4531968.000000,1701797400.0
1701797400.0,46.168999,46.197170,45.907997,46.140499,2819263.000000,1701801000.0
1701801000.0,46.146999,46.424999,46.101997,46.398998,2844452.000000,1701804600.0
1701804600.0,46.394501,46.474998,46.217999,46.328468,2911852.000000,1701808200.0
1701808200.0,46.329002,46.599998,46.314003,46.568001,3363456.000000,1701811800.0
1701873000.0,47.214500,47.387001,46.361000,46.444000,11433656.000000,1701876600.0
1701876600.0,46.445999,46.626999,46.357998,46.407349,4046640.000000,1701880200.0
1701880200.0,46.403500,46.471001,46.213001,46.370003,3638041.000000,1701883800.0
1701883800.0,46.370003,46.382999,45.880638,45.935501,4095400.000000,1701887400.0
1701887400.0,45.939003,46.016510,45.711052,45.804501,3986907.000000,1701891000.0
1701891000.0,45.805000,45.924000,45.571999,45.672142,3785887.000000,1701894600.0
1701894600.0,45.670998,45.777992,45.411999,45.500000,3727038.000000,1701898200.0
1701959400.0,45.700001,46.246990,45.604000,46.146000,10538841.000000,1701963000.0
1701963000.0,46.146000,46.437000,46.021999,46.173500,4905713.000000,1701966600.0
1701966600.0,46.176998,46.429001,46.170120,46.412991,3181588.000000,1701970200.0
1701970200.0,46.413002,46.510002,46.250008,46.351002,3185477.000000,1701973800.0
1701973800.0,46.350609,46.525002,46.292999,46.484009,2794570.000000,1701977400.0
1701977400.0,46.489002,46.495968,46.355999,46.420002,2865516.000000,1701981000.0
1701981000.0,46.424999,46.629002,46.396999,46.598000,3007393.000000,1701984600.0
1702045800.0,46.595001,47.653988,46.549999,47.563850,11902596.000000,1702049400.0
1702049400.0,47.568001,47.740852,47.339001,47.582340,6023467.000000,1702053000.0
1702053000.0,47.586998,47.599998,47.163002,47.451191,4243006.000000,1702056600.0
1702056600.0,47.450500,47.632999,47.362999,47.571999,2907625.000000,1702060200.0
1702060200.0,47.571999,47.698002,47.478001,47.676003,2297571.000000,1702063800.0
1702063800.0,47.679001,47.683998,47.426998,47.513500,3191397.000000,1702067400.0
1702067400.0,47.510002,47.539001,47.457169,47.507999,2915504.000000,1702071000.0
1702305000.0,47.125000,47.167000,46.218727,46.260002,13709792.000000,1702308600.0
1702308600.0,46.265999,46.575600,45.859001,46.028000,9081247.000000,1702312200.0
1702312200.0,46.028999,46.250000,45.829998,46.223999,5742627.000000,1702315800.0
1702315800.0,46.224998,46.603001,45.588001,46.547501,4914916.000000,1702319400.0
1702319400.0,46.545498,46.959000,46.510010,46.827030,5675205.000000,1702323000.0
1702323000.0,46.825500,46.920998,46.526001,46.542500,3959483.000000,1702326600.0
1702326600.0,46.545002,46.651001,46.489998,46.638000,3370854.000000,1702330200.0
1702391400.0,46.045998,47.420998,46.045998,47.006001,12698128.000000,1702395000.0
1702395000.0,47.007500,47.299999,46.805000,47.070240,6159484.000000,1702398600.0
1702398600.0,47.070499,47.243500,46.861000,46.887993,3561986.000000,1702402200.0
1702402200.0,46.874840,47.028988,46.834000,46.943501,2206738.000000,1702405800.0
1702405800.0,46.944000,47.256001,46.907001,47.247002,2767515.000000,1702409400.0
1702409400.0,47.246109,47.535000,47.245998,47.476997,4314702.000000,1702413000.0
1702413000.0,47.473000,47.666000,47.435089,47.658379,2961647.000000,1702416600.0
1702477800.0,47.629002,48.594002,47.607998,48.340500,12989270.000000,1702481400.0
1702481400.0,48.340500,48.448002,48.107002,48.275002,5802459.000000,1702485000.0
1702485000.0,48.280499,48.286999,48.015999,48.135002,3208884.000000,1702488600.0
1702488600.0,48.135998,48.142990,47.801003,47.866001,3274421.000000,1702492200.0
1702492200.0,47.866001,48.532001,47.845001,48.320000,5477655.000000,1702495800.0
1702495800.0,48.314999,48.500000,47.779999,47.982998,7019288.000000,1702499400.0
1702499400.0,47.982502,48.126999,47.928001,48.090000,2919304.000000,1702503000.0
1702564200.0,48.474998,48.670002,48.001999,48.133999,11226465.000000,1702567800.0
1702567800.0,48.135002,48.424992,47.889000,48.207390,5984725.000000,1702571400.0
1702571400.0,48.207500,48.299999,48.040001,48.229988,2762631.000000,1702575000.0
1702575000.0,48.223000,48.229988,47.422001,47.563000,4671559.000000,1702578600.0
1702578600.0,47.566002,48.035000,47.458000,48.033501,4586744.000000,1702582200.0
1702582200.0,48.032001,48.200001,47.930012,48.120003,3586570.000000,1702585800.0
1702585800.0,48.111012,48.349998,48.111012,48.349998,3089453.000000,1702589400.0
1702650600.0,48.400002,49.292000,48.382999,49.273003,14546765.000000,1702654200.0
1702654200.0,49.275002,49.403999,48.993000,49.131001,6663584.000000,1702657800.0
1702657800.0,49.133999,49.176003,48.864780,49.087540,4023108.000000,1702661400.0
1702661400.0,49.092999,49.214001,48.849998,49.214001,4270837.000000,1702665000.0
1702665000.0,49.214001,49.292999,48.874001,48.972000,4106034.000000,1702668600.0
1702668600.0,48.970001,49.090000,48.906010,48.965000,2878087.000000,1702672200.0
1702672200.0,48.965000,49.066002,48.883999,48.944000,3527076.000000,1702675800.0
1702909800.0,49.400002,49.984001,49.150002,49.973000,11562338.000000,1702913400.0
1702913400.0,49.973000,50.000000,49.638000,49.795002,5422062.000000,1702917000.0
1702917000.0,49.791000,50.000000,49.720009,49.819500,3641837.000000,1702920600.0
1702920600.0,49.820431,49.966000,49.810001,49.920002,2638014.000000,1702924200.0
1702924200.0,49.924000,50.317001,49.892998,50.275002,6460840.000000,1702927800.0
1702927800.0,50.275002,50.400002,50.168999,50.394001,4677134.000000,1702931400.0
1702931400.0,50.400002,50.432991,50.063000,50.081001,4181888.000000,1702935000.0
1702996200.0,49.424000,49.700001,48.895000,49.549999,16121742.000000,1702999800.0
1702999800.0,49.553989,49.605000,48.928001,49.137501,7464012.000000,1703003400.0
1703003400.0,49.137001,49.381001,49.060001,49.301998,5191909.000000,1703007000.0
1703007000.0,49.296181,49.392998,49.075001,49.163002,3461659.000000,1703010600.0
1703010600.0,49.164001,49.463001,49.132999,49.463001,4898897.000000,1703014200.0
1703014200.0,49.459000,49.584999,49.416000,49.500000,4203261.000000,1703017800.0
1703017800.0,49.499001,49.617001,49.439999,49.612900,2999202.000000,1703021400.0
1703082600.0,49.654999,49.999001,49.463001,49.743999,9603459.000000,1703086200.0
1703086200.0,49.743999,49.932999,49.680000,49.812000,4122935.000000,1703089800.0
1703089800.0,49.810501,49.875000,49.734001,49.778999,2433495.000000,1703093400.0
1703093400.0,49.776501,49.864998,49.607998,49.841000,2574699.000000,1703097000.0
1703097000.0,49.844002,49.868000,49.465008,49.478371,2577280.000000,1703100600.0
1703100600.0,49.484993,49.484993,48.260998,48.362999,10167353.000000,1703104200.0
1703104200.0,48.372002,48.498001,48.098000,48.110001,4825415.000000,1703107800.0
1703169000.0,48.810997,49.095001,48.504002,48.642002,9640243.000000,1703172600.0
1703172600.0,48.651001,48.775002,48.570000,48.713001,3433450.000000,1703176200.0
1703176200.0,48.715000,48.935997,48.592999,48.654999,3342133.000000,1703179800.0
1703179800.0,48.650002,48.756001,48.418999,48.555000,3139968.000000,1703183400.0
1703183400.0,48.568001,48.625000,48.467003,48.612000,2950860.000000,1703187000.0
1703187000.0,48.614002,48.920002,48.579502,48.916000,3207962.000000,1703190600.0
1703190600.0,48.918999,49.045990,48.873001,48.997002,2931673.000000,1703194200.0
1703255400.0,49.195000,49.382999,49.001999,49.214001,6970989.000000,1703259000.0
1703259000.0,49.216000,49.312149,48.917999,49.045002,3893376.000000,1703262600.0
1703262600.0,49.042000,49.148003,48.848000,48.956989,2965818.000000,1703266200.0
1703266200.0,48.952999,49.045002,48.900002,49.028000,1790558.000000,1703269800.0
1703269800.0,49.026001,49.084000,48.467003,48.579128,3274642.000000,1703273400.0
1703273400.0,48.570999,48.842999,48.487999,48.812000,3110960.000000,1703277000.0
1703277000.0,48.813499,48.834999,48.664001,48.827000,1909037.000000,1703280600.0
1703601000.0,48.967999,49.599998,48.950001,49.385571,7720193.000000,1703604600.0
1703604600.0,49.402000,49.482998,49.197502,49.325001,3541279.000000,1703608200.0
1703608200.0,49.325001,49.481987,49.264999,49.350620,2851784.000000,1703611800.0
1703611800.0,49.350800,49.396999,49.314999,49.349388,1793762.000000,1703615400.0
1703615400.0,49.351002,49.392990,49.301003,49.334118,1517037.000000,1703619000.0
1703619000.0,49.334999,49.487000,49.314999,49.452000,2446308.000000,1703622600.0
1703622600.0,49.452000,49.478531,49.264999,49.280998,2101547.000000,1703626200.0
1703687400.0,49.510998,49.680000,49.084999,49.198498,7250328.000000,1703691000.0
1703691000.0,49.202000,49.362999,49.116009,49.362270,3679850.000000,1703694600.0
1703694600.0,49.361000,49.461998,49.350601,49.403000,2274030.000000,1703698200.0
1703698200.0,49.409000,49.496712,49.355000,49.426003,2089201.000000,1703701800.0
1703701800.0,49.426998,49.507999,49.282753,49.413010,2495820.000000,1703705400.0
1703705400.0,49.417999,49.424999,49.299999,49.373890,1984735.000000,1703709000.0
1703709000.0,49.377991,49.435001,49.323002,49.420998,1888260.000000,1703712600.0
1703773800.0,49.642998,49.771999,49.411999,49.603001,6805274.000000,1703777400.0
1703777400.0,49.604000,49.848999,49.598000,49.659039,4976212.000000,1703781000.0
1703781000.0,49.665001,49.735001,49.569099,49.723000,2344819.000000,1703784600.0
1703784600.0,49.724998,49.883991,49.637001,49.762001,3340363.000000,1703788200.0
1703788200.0,49.762260,49.799999,49.618999,49.626041,1468867.000000,1703791800.0
1703791800.0,49.627499,49.659081,49.470001,49.524361,2252697.000000,1703795400.0
1703795400.0,49.524509,49.706001,49.474998,49.520000,2122508.000000,1703799000.0
1703860200.0,49.813000,49.997002,49.731010,49.838001,7306253.000000,1703863800.0
1703863800.0,49.834999,49.857002,48.750999,48.812000,7641985.000000,1703867400.0
1703867400.0,48.807999,49.146999,48.790001,48.989998,4069694.000000,1703871000.0
1703871000.0,48.987000,49.442001,48.968681,49.422829,3787407.000000,1703874600.0
1703874600.0,49.424999,49.923000,49.411999,49.789497,5876346.000000,1703878200.0
1703878200.0,49.786800,49.950001,49.693001,49.734001,4808428.000000,1703881800.0
1703881800.0,49.732998,49.770000,49.445999,49.526001,3286870.000000,1703885400.0
1704205800.0,49.125000,49.266502,47.595001,47.667000,14594455.000000,1704209400.0
1704209400.0,47.670990,48.122002,47.601002,48.116020,5739769.000000,1704213000.0
1704213000.0,48.117500,48.263000,48.040001,48.108528,4327283.000000,1704216600.0
1704216600.0,48.115948,48.348000,47.879997,48.185997,4118649.000000,1704220200.0
1704220200.0,48.179008,48.239998,48.004902,48.188000,2905160.000000,1704223800.0
1704223800.0,48.180000,48.234600,47.820011,47.883999,3329151.000000,1704227400.0
1704227400.0,47.885998,48.208000,47.777000,48.185001,3450485.000000,1704231000.0
1704292200.0,47.450001,48.184101,47.320000,47.494488,10998649.000000,1704295800.0
1704295800.0,47.490501,47.926003,47.348000,47.751503,4999551.000000,1704299400.0
1704299400.0,47.750401,47.836990,47.653999,47.773991,2389099.000000,1704303000.0
1704303000.0,47.767998,47.879002,47.579998,47.624329,2458234.000000,1704306600.0
1704306600.0,47.629997,47.730000,47.445000,47.693001,3068400.000000,1704310200.0
1704310200.0,47.695000,47.810001,47.539001,47.652000,2466427.000000,1704313800.0
1704313800.0,47.648960,47.747002,47.450001,47.570000,2855411.000000,1704317400.0
1704378600.0,47.767002,48.064003,47.507999,47.954998,8061891.000000,1704382200.0
1704382200.0,47.947029,48.401001,47.945000,48.305660,5778816.000000,1704385800.0
1704385800.0,48.303009,48.500000,48.215000,48.269001,4061918.000000,1704389400.0
1704389400.0,48.268837,48.289001,48.053001,48.279999,2479489.000000,1704393000.0
1704393000.0,48.280998,48.392002,48.123001,48.144001,2472828.000000,1704396600.0
1704396600.0,48.144001,48.355000,48.089001,48.195869,2671030.000000,1704400200.0
1704400200.0,48.189999,48.260002,47.980000,47.993999,2878447.000000,1704403800.0
1704465000.0,48.461998,48.964870,48.306007,48.952000,10170620.000000,1704468600.0
1704468600.0,48.951000,49.547001,48.907997,49.387501,8336264.000000,1704472200.0
1704472200.0,49.389999,49.438000,48.987999,49.041252,5043687.000000,1704475800.0
1704475800.0,49.037010,49.245003,48.970009,49.155998,4164076.000000,1704479400.0
1704479400.0,49.151321,49.349998,49.145000,49.209938,3000157.000000,1704483000.0
1704483000.0,49.202999,49.261990,48.783020,48.868500,4554575.000000,1704486600.0
1704486600.0,48.862000,49.103001,48.805000,49.090000,3473997.000000,1704490200.0
1704724200.0,49.512001,51.515003,49.479000,51.326000,22741308.000000,1704727800.0
1704727800.0,51.327003,51.572998,51.062000,51.282001,8335157.000000,1704731400.0
1704731400.0,51.286858,51.546997,51.157001,51.186260,6400994.000000,1704735000.0
1704735000.0,51.187000,51.532001,51.103001,51.512001,4393512.000000,1704738600.0
1704738600.0,51.513000,51.799999,51.430000,51.740002,5907820.000000,1704742200.0
1704742200.0,51.743389,51.897999,51.606468,51.870350,6023125.000000,1704745800.0
1704745800.0,51.868999,52.275002,51.815998,52.254997,5924981.000000,1704749400.0
1704810600.0,52.401001,52.619896,51.690002,52.473633,19204795.000000,1704814200.0
1704814200.0,52.478996,52.901001,52.079998,52.859997,9961725.000000,1704817800.0
1704817800.0,52.852409,53.578999,52.770630,53.421581,10634586.000000,1704821400.0
1704821400.0,53.437000,54.071999,53.370003,53.870800,9841087.000000,1704825000.0
1704825000.0,53.866997,54.325001,53.730000,53.974998,8988418.000000,1704828600.0
1704828600.0,53.971001,54.101002,53.436012,53.558472,8243584.000000,1704832200.0
1704832200.0,53.553997,53.657001,53.018169,53.131001,7265096.000000,1704835800.0
1704897000.0,53.615997,54.365997,53.489002,54.148994,18112031.000000,1704900600.0
1704900600.0,54.150002,54.599998,54.084999,54.310497,9110179.000000,1704904200.0
1704904200.0,54.314503,54.379997,53.984997,54.191998,5140692.000000,1704907800.0
1704907800.0,54.199989,54.480000,54.140003,54.213001,4551805.000000,1704911400.0
1704911400.0,54.212456,54.480000,54.201000,54.211998,3873744.000000,1704915000.0
1704915000.0,54.210701,54.375999,54.040001,54.211498,5463821.000000,1704918600.0
1704918600.0,54.208000,54.365997,53.952007,54.349998,4504510.000000,1704922200.0
1704983400.0,54.999001,55.346001,53.882000,54.518501,17617566.000000,1704987000.0
1704987000.0,54.516998,54.641991,53.559998,53.855011,8414594.000000,1704990600.0
1704990600.0,53.849998,54.259991,53.605999,54.132599,6339827.000000,1704994200.0
1704994200.0,54.126221,55.099998,54.126221,54.933002,8134249.000000,1704997800.0
1704997800.0,54.931999,55.096992,54.711010,54.918999,6505633.000000,1705001400.0
1705001400.0,54.918999,55.200001,54.815002,54.876629,6188854.000000,1705005000.0
1705005000.0,54.875000,54.918041,54.600014,54.829998,4360177.000000,1705008600.0
1705069800.0,54.620003,54.970001,54.355000,54.737999,11140181.000000,1705073400.0
1705073400.0,54.745003,54.835991,54.330078,54.695019,6475778.000000,1705077000.0
1705077000.0,54.699501,54.736988,54.490490,54.614002,3950607.000000,1705080600.0
1705080600.0,54.614338,54.699150,54.549999,54.630058,2322889.000000,1705084200.0
1705084200.0,54.638000,54.914268,54.592934,54.747772,3694068.000000,1705087800.0
1705087800.0,54.741058,54.765003,54.540001,54.625011,3220345.000000,1705091400.0
1705091400.0,54.634510,54.747997,54.579998,54.708000,2230050.000000,1705095000.0
1705415400.0,55.099998,56.062000,55.053497,56.055000,12991490.000000,1705419000.0
1705419000.0,56.064003,56.700001,55.921040,56.569286,9227517.000000,1705422600.0
1705422600.0,56.581001,56.834991,56.160999,56.230988,5781117.000000,1705426200.0
1705426200.0,56.220001,56.379997,56.049999,56.367043,3592125.000000,1705429800.0
1705429800.0,56.375999,56.408001,56.025002,56.185997,4001190.000000,1705433400.0
1705433400.0,56.181000,56.359997,56.055016,56.105377,3099777.000000,1705437000.0
1705437000.0,56.107002,56.401001,56.030010,56.400002,3168916.000000,1705440600.0
1705501800.0,56.346996,56.470680,54.740002,55.415997,17761932.000000,1705505400.0
1705505400.0,55.415001,55.931988,55.236000,55.889000,7057353.000000,1705509000.0
1705509000.0,55.894001,56.015999,55.586998,55.635498,4845749.000000,1705512600.0
1705512600.0,55.630501,55.844002,55.509998,55.619499,3553640.000000,1705516200.0
1705516200.0,55.617500,56.063396,55.529999,56.043629,3841246.000000,1705519800.0
1705519800.0,56.044502,56.276001,55.681011,55.721508,5177424.000000,1705523400.0
1705523400.0,55.731121,56.190998,55.678997,56.051003,3354610.000000,1705527000.0
1705588200.0,57.259998,57.520000,56.888000,57.170002,13777044.000000,1705591800.0
1705591800.0,57.170002,57.594002,57.059998,57.521004,6948543.000000,1705595400.0
1705595400.0,57.528004,57.599998,56.840004,57.015999,6396026.000000,1705599000.0
1705599000.0,57.015503,57.095001,56.107002,56.281670,5667125.000000,1705602600.0
1705602600.0,56.282207,57.009998,56.264008,56.967999,5579463.000000,1705606200.0
1705606200.0,56.976002,57.054993,56.747997,56.944000,4125095.000000,1705609800.0
1705609800.0,56.950001,57.184998,56.840004,57.098213,3854374.000000,1705613400.0
1705674600.0,57.989002,58.000000,57.224998,57.892998,13704085.000000,1705678200.0
1705678200.0,57.884998,58.282001,57.771996,58.241997,6937273.000000,1705681800.0
1705681800.0,58.241901,58.900002,58.174000,58.884998,8595532.000000,1705685400.0
1705685400.0,58.884899,59.088001,58.741997,58.987999,5069151.000000,1705689000.0
1705689000.0,58.988396,59.184002,58.884003,58.971306,5695504.000000,1705692600.0
1705692600.0,58.971489,59.206001,58.835999,59.146004,5461776.000000,1705696200.0
1705696200.0,59.140007,59.500000,59.088001,59.500000,5139940.000000,1705699800.0
1705933800.0,59.750000,60.331001,59.170002,59.251503,16818994.000000,1705937400.0
1705937400.0,59.259998,59.979992,59.070000,59.939537,8607466.000000,1705941000.0
1705941000.0,59.935497,60.058002,59.569000,59.859001,4394654.000000,1705944600.0
1705944600.0,59.851002,59.940002,59.704998,59.766499,3168102.000000,1705948200.0
1705948200.0,59.759998,60.105000,59.745003,59.943501,3895400.000000,1705951800.0
1705951800.0,59.950001,60.000000,59.851006,59.984497,2520995.000000,1705955400.0
1705955400.0,59.983269,59.990997,59.650002,59.665001,2946422.000000,1705959000.0
1706020200.0,59.570000,59.637001,58.584999,59.420002,10650804.000000,1706023800.0
1706023800.0,59.417999,59.729992,59.305000,59.486000,4454181.000000,1706027400.0
1706027400.0,59.492989,59.654999,59.378002,59.487999,2562631.000000,1706031000.0
1706031000.0,59.480000,59.671001,59.452003,59.572498,1930547.000000,1706034600.0
1706034600.0,59.578999,59.584999,59.296001,59.377644,2101189.000000,1706038200.0
1706038200.0,59.321999,59.766998,59.294014,59.709999,3274760.000000,1706041800.0
1706041800.0,59.714001,59.909996,59.628998,59.871002,2760311.000000,1706045400.0
1706106600.0,60.303997,62.009998,59.938000,61.904308,15267540.000000,1706110200.0
1706110200.0,61.898998,62.003002,61.404999,61.638000,7556754.000000,1706113800.0
1706113800.0,61.630501,62.209999,61.585999,62.137501,4832062.000000,1706117400.0
1706117400.0,62.146004,62.848999,62.132000,62.659996,8309747.000000,1706121000.0
1706121000.0,62.670002,62.721996,61.649010,61.788502,6712153.000000,1706124600.0
1706124600.0,61.790001,62.233990,61.209999,61.227001,7275934.000000,1706128200.0
1706128200.0,61.228607,61.668999,61.171001,61.357002,3742686.000000,1706131800.0
1706193000.0,62.150002,62.639000,61.853996,62.600410,13276254.000000,1706196600.0
1706196600.0,62.611000,62.719002,62.224998,62.390003,5924704.000000,1706200200.0
1706200200.0,62.390491,62.559998,61.701000,61.924999,5867831.000000,1706203800.0
1706203800.0,61.926003,61.989990,61.323997,61.527504,5579607.000000,1706207400.0
1706207400.0,61.529999,61.779999,60.916023,61.276001,6446385.000000,1706211000.0
1706211000.0,61.276001,61.822998,61.210857,61.551003,4941540.000000,1706214600.0
1706214600.0,61.548500,61.730999,61.484997,61.644001,2909986.000000,1706218200.0
1706279400.0,60.959999,61.413002,60.572998,61.383068,12214046.000000,1706283000.0
1706283000.0,61.383503,61.783001,61.290001,61.374001,6120077.000000,1706286600.0
1706286600.0,61.390999,61.563000,61.121002,61.296650,4887593.000000,1706290200.0
1706290200.0,61.303497,61.303497,60.840996,61.111248,4008152.000000,1706293800.0
1706293800.0,61.115997,61.181000,60.743000,61.007362,3409289.000000,1706297400.0
1706297400.0,61.007771,61.400002,60.901001,61.085999,3768031.000000,1706301000.0
1706301000.0,61.082001,61.139992,60.921864,61.029999,2640645.000000,1706304600.0
1706538600.0,61.232002,61.875000,60.907001,61.738342,9502493.000000,1706542200.0
1706542200.0,61.733002,61.834999,61.290997,61.464600,4507985.000000,1706545800.0
1706545800.0,61.466999,61.698997,61.379997,61.615002,3022677.000000,1706549400.0
1706549400.0,61.622498,61.697998,61.471996,61.609993,1852068.000000,1706553000.0
1706553000.0,61.608177,61.969002,61.580650,61.935638,3144518.000000,1706556600.0
1706556600.0,61.939819,62.415997,61.861000,62.371254,5001895.000000,1706560200.0
1706560200.0,62.370003,62.489002,62.286999,62.473000,3483561.000000,1706563800.0
1706625000.0,62.900002,63.398998,62.540993,63.271996,12550935.000000,1706628600.0
1706628600.0,63.279999,63.365990,62.889000,63.078999,4905526.000000,1706632200.0
1706632200.0,63.078499,63.493000,62.759003,62.873890,5032649.000000,1706635800.0
1706635800.0,62.862999,62.896004,62.259998,62.667000,5254259.000000,1706639400.0
1706639400.0,62.676003,62.836987,62.283001,62.650951,3638639.000000,1706643000.0
1706643000.0,62.657928,63.021996,62.640999,62.929607,3575092.000000,1706646600.0
1706646600.0,62.934998,62.990002,62.654999,62.753002,2673235.000000,1706650200.0
1706711400.0,61.440002,62.075001,61.202003,61.221001,11412494.000000,1706715000.0
1706715000.0,61.216999,61.434002,60.700001,61.289001,8058493.000000,1706718600.0
1706718600.0,61.306999,61.793999,61.246998,61.652000,4267856.000000,1706722200.0
1706722200.0,61.655407,61.715996,61.358002,61.375999,3293875.000000,1706725800.0
1706725800.0,61.382202,61.706001,61.133003,61.577065,4146853.000000,1706729400.0
1706729400.0,61.581501,62.269020,61.254997,61.713001,7668877.000000,1706733000.0
1706733000.0,61.715004,61.740002,61.349998,61.500999,3390201.000000,1706736600.0
1706797800.0,62.099998,62.320000,61.650002,62.308971,10325451.000000,1706801400.0
1706801400.0,62.309399,62.482002,61.757000,61.912560,5487912.000000,1706805000.0
1706805000.0,61.926003,62.496998,61.819000,62.407001,3858331.000000,1706808600.0
1706808600.0,62.409996,62.730000,62.321999,62.678001,3850151.000000,1706812200.0
1706812200.0,62.674999,62.898998,62.600014,62.821999,3402407.000000,1706815800.0
1706815800.0,62.827003,63.113991,62.715004,63.094501,4088715.000000,1706819400.0
1706819400.0,63.096001,63.190998,62.868000,63.034996,3016432.000000,1706823000.0
1706884200.0,63.799999,65.435997,63.690002,65.068001,14432047.000000,1706887800.0
1706887800.0,65.075752,65.406998,64.852005,65.392403,5225743.000000,1706891400.0
1706891400.0,65.400002,66.571999,65.386902,66.571999,8179933.000000,1706895000.0
1706895000.0,66.574997,66.599998,65.903999,65.983505,5693234.000000,1706898600.0
1706898600.0,65.990997,66.330986,65.816917,66.150002,3898231.000000,1706902200.0
1706902200.0,66.149002,66.253998,65.930000,66.088501,4251081.000000,1706905800.0
1706905800.0,66.087997,66.275002,66.000000,66.150002,3290336.000000,1706909400.0
1707143400.0,67.699997,69.496994,67.699997,68.159729,24109963.000000,1707147000.0
1707147000.0,68.153999,68.370003,67.205002,68.139000,9631229.000000,1707150600.0
1707150600.0,68.134995,69.169991,68.126999,68.960999,7254954.000000,1707154200.0
1707154200.0,68.965004,69.180000,68.500000,68.882500,5901401.000000,1707157800.0
1707157800.0,68.871864,69.000000,68.614426,68.950500,4500914.000000,1707161400.0
1707161400.0,68.952347,69.349998,68.099998,68.760010,7591983.000000,1707165000.0
1707165000.0,68.764503,69.448997,68.701004,69.318001,5145660.000000,1707168600.0
1707229800.0,69.629997,69.753990,67.384995,67.933182,20596167.000000,1707233400.0
1707233400.0,67.931503,68.389000,67.419998,67.963791,7715868.000000,1707237000.0
1707237000.0,67.970001,68.033005,66.300003,66.842201,10702101.000000,1707240600.0
1707240600.0,66.843002,67.128998,66.501999,66.932701,6537650.000000,1707244200.0
1707244200.0,66.944504,67.674408,66.929008,67.530998,7512084.000000,1707247800.0
1707247800.0,67.546303,68.470001,67.531013,68.155014,8455480.000000,1707251400.0
1707251400.0,68.164505,68.406998,67.809998,68.219002,4789079.000000,1707255000.0
1707316200.0,68.319000,69.434998,67.599998,69.278000,15071810.000000,1707319800.0
1707319800.0,69.274353,69.499001,68.620003,68.853004,7008373.000000,1707323400.0
1707323400.0,68.862000,69.397995,68.800003,69.155846,4508981.000000,1707327000.0
1707327000.0,69.154999,69.496002,68.913002,69.453499,4371427.000000,1707330600.0
1707330600.0,69.459999,69.574997,69.280998,69.401001,3656838.000000,1707334200.0
1707334200.0,69.409004,70.197998,69.345001,70.175987,6697421.000000,1707337800.0
1707337800.0,70.175987,70.220001,69.940002,70.115997,4395767.000000,1707341400.0
1707402600.0,70.073997,70.793999,69.455002,69.853996,13273144.000000,1707406200.0
1707406200.0,69.850998,70.610001,69.669998,70.368301,7392905.000000,1707409800.0
1707409800.0,70.377502,70.573952,70.108002,70.265099,4057925.000000,1707413400.0
1707413400.0,70.262596,70.440994,69.972000,70.440994,3602736.000000,1707417000.0
1707417000.0,70.440994,70.650002,69.947998,69.961998,3836559.000000,1707420600.0
1707420600.0,69.955002,70.080002,69.705002,69.900002,3694404.000000,1707424200.0
1707424200.0,69.904999,70.000000,69.555000,69.639999,3041024.000000,1707427800.0
1707489000.0,70.533005,71.248001,70.211998,71.116997,13036372.000000,1707492600.0
1707492600.0,71.108879,71.814003,70.981003,71.434494,7560127.000000,1707496200.0
1707496200.0,71.447998,71.720001,71.271996,71.636497,4171127.000000,1707499800.0
1707499800.0,71.639000,71.800003,71.525002,71.770500,3221056.000000,1707503400.0
1707503400.0,71.775002,72.059998,71.710999,71.955986,4905651.000000,1707507000.0
1707507000.0,71.949905,72.027000,71.771004,71.934006,4033769.000000,1707510600.0
1707510600.0,71.940002,72.184998,71.830009,72.130997,4191234.000000,1707514200.0
1707748200.0,72.599998,73.496002,72.139999,73.136429,14869090.000000,1707751800.0
1707751800.0,73.130417,74.199997,73.013000,74.047981,9483690.000000,1707755400.0
1707755400.0,74.050842,74.611000,73.320007,73.590416,7362230.000000,1707759000.0
1707759000.0,73.594772,73.745003,72.656013,72.732002,5298221.000000,1707762600.0
1707762600.0,72.732002,72.740501,71.250000,72.155533,10989712.000000,1707766200.0
1707766200.0,72.128006,72.763000,71.879997,72.540001,6803291.000000,1707769800.0
1707769800.0,72.540199,72.680000,72.203995,72.292000,3337843.000000,1707773400.0
1707834600.0,70.400002,72.430000,69.620003,72.425003,19665605.000000,1707838200.0
1707838200.0,72.419502,73.449997,72.209999,73.090004,11474119.000000,1707841800.0
1707841800.0,73.089798,73.129990,72.128006,72.360001,5635053.000000,1707845400.0
1707845400.0,72.357803,72.809006,71.824997,72.333000,5234490.000000,1707849000.0
1707849000.0,72.334000,72.448967,71.761002,72.097000,4309732.000000,1707852600.0
1707852600.0,72.072998,72.468002,71.349998,71.615570,6172161.000000,1707856200.0
1707856200.0,71.623260,72.195892,71.422997,72.190002,4941467.000000,1707859800.0
1707921000.0,73.202003,74.236000,73.005997,74.110001,14491978.000000,1707924600.0
1707924600.0,74.099503,74.149002,71.938004,72.519943,9769137.000000,1707928200.0
1707928200.0,72.522018,72.909996,72.186996,72.866653,5366858.000000,1707931800.0
1707931800.0,72.883003,73.071999,72.449997,72.891998,4552996.000000,1707935400.0
1707935400.0,72.899002,73.179993,72.640007,73.092117,4101939.000000,1707939000.0
1707939000.0,73.094490,73.472000,73.001999,73.398750,4407749.000000,1707942600.0
1707942600.0,73.389999,73.906998,73.383003,73.854996,4480436.000000,1707946200.0
1708007400.0,73.869003,73.974998,72.400002,73.070000,14569301.000000,1708011000.0
1708011000.0,73.071999,73.499001,72.709999,73.121002,6583038.000000,1708014600.0
1708014600.0,73.117996,73.264000,72.710999,73.146996,4030155.000000,1708018200.0
1708018200.0,73.153999,73.375000,73.045410,73.304001,3375388.000000,1708021800.0
1708021800.0,73.314003,73.328995,72.860497,73.209000,3694241.000000,1708025400.0
1708025400.0,73.210068,73.283005,72.659996,72.853004,4022249.000000,1708029000.0
1708029000.0,72.859001,72.936996,72.572998,72.656998,3272555.000000,1708032600.0
1708093800.0,74.099998,74.402000,72.503998,73.236000,16443451.000000,1708097400.0
1708097400.0,73.236000,74.017998,72.808640,73.840004,6768419.000000,1708101000.0
1708101000.0,73.866997,74.137001,73.696503,73.903999,4572035.000000,1708104600.0
1708104600.0,73.910995,73.949997,73.041061,73.269501,4219312.000000,1708108200.0
1708108200.0,73.268997,74.095001,73.249008,73.787888,4926030.000000,1708111800.0
1708111800.0,73.796005,73.929001,73.016998,73.356003,4940793.000000,1708115400.0
1708115400.0,73.352005,73.392044,72.500999,72.600502,4978004.000000,1708119000.0
1708439400.0,71.599998,71.905998,68.210999,68.365501,24581853.000000,1708443000.0
1708443000.0,68.362503,69.199089,67.909004,68.642998,10541057.000000,1708446600.0
1708446600.0,68.619011,68.639000,67.734001,68.300003,7651911.000000,1708450200.0
1708450200.0,68.305748,68.459000,67.860001,68.276505,5561737.000000,1708453800.0
1708453800.0,68.287003,68.872993,67.947998,68.633255,5552768.000000,1708457400.0
1708457400.0,68.622147,69.598999,68.554001,69.185600,7421142.000000,1708461000.0
1708461000.0,69.193001,69.542000,68.945999,69.457001,5456405.000000,1708464600.0
1708525800.0,68.000000,68.888000,67.700012,67.912003,13298661.000000,1708529400.0
1708529400.0,67.912003,68.334999,67.765999,68.070999,5318878.000000,1708533000.0
1708533000.0,68.081001,68.208000,66.612999,67.130295,7946663.000000,1708536600.0
1708536600.0,67.125000,67.422997,66.869499,67.011002,5478248.000000,1708540200.0
1708540200.0,66.987877,67.495003,66.723999,66.820503,5470657.000000,1708543800.0
1708543800.0,66.821777,67.016998,66.248001,66.869499,8104741.000000,1708547400.0
1708547400.0,66.884995,67.599998,66.820007,67.495003,7182953.000000,1708551000.0
1708612200.0,74.800003,78.084999,74.220001,77.749496,38795056.000000,1708615800.0
1708615800.0,77.768997,78.080002,77.159996,77.646004,10529171.000000,1708619400.0
1708619400.0,77.651001,78.153999,77.400002,77.468201,7359895.000000,1708623000.0
1708623000.0,77.477005,77.646004,77.055000,77.396996,5508300.000000,1708626600.0
1708626600.0,77.399002,77.925003,77.287010,77.903496,5335014.000000,1708630200.0
1708630200.0,77.900002,78.376999,77.685997,78.172997,6922302.000000,1708633800.0
1708633800.0,78.171501,78.574997,78.028999,78.527000,6582620.000000,1708637400.0
1708698600.0,80.790001,82.393997,79.659996,79.699997,27888684.000000,1708702200.0
1708702200.0,79.708000,80.050003,77.570000,79.128006,17028128.000000,1708705800.0
1708705800.0,79.132004,80.444000,78.754997,79.607864,11111459.000000,1708709400.0
1708709400.0,79.649002,80.279999,79.132004,80.060997,6394801.000000,1708713000.0
1708713000.0,80.072197,80.284996,79.561996,79.677002,5191959.000000,1708716600.0
1708716600.0,79.694000,79.990005,78.650002,78.823997,6577690.000000,1708720200.0
1708720200.0,78.823997,79.309998,78.681000,78.815994,5502318.000000,1708723800.0
1708957800.0,80.000000,80.645988,78.504997,79.826004,17249471.000000,1708961400.0
1708961400.0,79.833000,79.995003,79.370003,79.954056,6189139.000000,1708965000.0
1708965000.0,79.953201,80.286049,79.603004,80.108505,5438356.000000,1708968600.0
1708968600.0,80.106873,80.263000,79.762001,79.862137,3966556.000000,1708972200.0
1708972200.0,79.862999,79.969002,79.139999,79.511002,5299396.000000,1708975800.0
1708975800.0,79.502930,79.675003,78.794998,79.179993,5862487.000000,1708979400.0
1708979400.0,79.166969,79.386002,79.048996,79.091103,3933486.000000,1708983000.0
1709044200.0,79.199997,79.440002,77.162003,78.619003,14829604.000000,1709047800.0
1709047800.0,78.603004,78.995003,78.414001,78.610001,4302284.000000,1709051400.0
1709051400.0,78.608002,79.298996,78.555000,79.172997,4711625.000000,1709055000.0
1709055000.0,79.192001,79.479996,78.715996,79.167686,4143598.000000,1709058600.0
1709058600.0,79.169296,79.283989,78.952003,79.122009,3397370.000000,1709062200.0
1709062200.0,79.142998,79.250000,78.839005,79.103004,3122546.000000,1709065800.0
1709065800.0,79.103004,79.116989,78.699997,78.699997,2567724.000000,1709069400.0
1709130600.0,77.620003,78.159996,77.222000,77.335999,12455975.000000,1709134200.0
1709134200.0,77.338600,78.327003,77.125000,78.228943,6079478.000000,1709137800.0
1709137800.0,78.246002,78.932999,78.219009,78.402000,5355832.000000,1709141400.0
1709141400.0,78.406204,78.469002,78.100998,78.415504,3233076.000000,1709145000.0
1709145000.0,78.422997,78.542999,78.153999,78.190002,2584919.000000,1709148600.0
1709148600.0,78.167000,78.327003,77.922997,78.215004,3361901.000000,1709152200.0
1709152200.0,78.209747,78.220787,77.500000,77.679001,2794577.000000,1709155800.0
1709217000.0,79.250000,79.829994,79.007004,79.348999,14019565.000000,1709220600.0
1709220600.0,79.346603,79.645004,78.829208,79.001999,5075589.000000,1709224200.0
1709224200.0,79.000000,79.240005,78.349998,78.909004,4843632.000000,1709227800.0
1709227800.0,78.910797,79.379997,78.847000,79.363998,3094226.000000,1709231400.0
1709231400.0,79.376999,79.514000,79.133011,79.328003,2924118.000000,1709235000.0
1709235000.0,79.319000,79.482002,79.175011,79.313004,2890914.000000,1709238600.0
1709238600.0,79.326080,79.990005,78.900002,79.218002,5385555.000000,1709242200.0
1709303400.0,80.116997,80.949997,79.435028,80.775536,9558052.000000,1709307000.0
1709307000.0,80.774002,81.964005,80.574997,81.964005,13632794.000000,1709310600.0
1709310600.0,81.974998,82.060997,81.426003,81.765503,6230382.000000,1709314200.0
1709314200.0,81.761002,81.956001,81.651001,81.772400,3397839.000000,1709317800.0
1709317800.0,81.766495,82.259003,81.687500,82.131454,4523162.000000,1709321400.0
1709321400.0,82.150002,82.184998,81.763016,81.998001,4096881.000000,1709325000.0
1709325000.0,81.995499,82.300003,81.837997,82.292999,3574458.000000,1709328600.0
1709562600.0,84.337502,85.308502,83.806503,84.828003,17164510.000000,1709566200.0
1709566200.0,84.813599,85.544998,84.802010,85.216164,0.000000,1709569800.0
1709569800.0,85.228004,86.078003,84.910995,86.033005,3941861.000000,1709573400.0
1709573400.0,86.046997,86.993988,85.801003,86.612999,5327134.000000,1709577000.0
1709577000.0,86.633377,87.449989,86.453499,87.143997,4719049.000000,1709580600.0
1709580600.0,87.140976,87.695000,86.551003,86.637047,5585209.000000,1709584200.0
1709584200.0,86.621994,86.833000,84.799889,85.250999,22062982.000000,1709587800.0
1709649000.0,85.300003,86.077003,84.051003,84.199997,16033694.000000,1709652600.0
1709652600.0,84.196999,84.731003,83.417007,84.630989,7994638.000000,1709656200.0
1709656200.0,84.467606,85.319992,84.313011,85.307724,0.000000,1709659800.0
1709659800.0,85.310402,85.405998,84.599998,84.800003,3246168.000000,1709663400.0
1709663400.0,84.800377,85.180984,84.459030,85.024002,3280186.000000,1709667000.0
1709667000.0,85.034004,85.209991,84.487000,84.740196,3361057.000000,1709670600.0
1709670600.0,84.722588,86.000000,84.712013,85.994003,17089094.000000,1709674200.0
1709735400.0,87.761002,88.932816,87.030014,88.271996,18173096.000000,1709739000.0
1709739000.0,88.278999,88.669998,88.004013,88.389000,0.000000,1709742600.0
1709742600.0,88.393501,88.887985,87.868011,88.783005,3623441.000000,1709746200.0
1709746200.0,88.794991,89.723999,88.511002,89.453003,4344532.000000,1709749800.0
1709749800.0,89.458382,89.597000,88.440994,89.291000,5264343.000000,1709753400.0
1709753400.0,89.301498,89.409004,88.051003,88.300644,4253541.000000,1709757000.0
1709757000.0,88.322998,88.745003,87.641853,88.744499,19538149.000000,1709760600.0
1709821800.0,90.158005,91.598999,89.602005,91.552750,19158572.000000,1709825400.0
1709825400.0,91.571999,92.275002,91.158005,92.143814,9127707.000000,1709829000.0
1709829000.0,92.149002,92.154999,91.550003,91.709000,5457234.000000,1709832600.0
1709832600.0,91.703003,91.979996,91.314003,91.871178,4496263.000000,1709836200.0
1709836200.0,91.879997,92.498001,91.729996,92.370270,5376423.000000,1709839800.0
1709839800.0,92.392990,92.499001,91.646011,92.205009,6114571.000000,1709843400.0
1709843400.0,92.214493,92.766998,92.141998,92.673996,5331304.000000,1709847000.0
1709908200.0,94.800003,97.209999,94.620003,97.209999,21881251.000000,1709911800.0
1709911800.0,97.223999,97.400002,90.159996,90.497803,25042101.000000,1709915400.0
1709915400.0,90.503853,91.460999,88.057999,89.579056,21364970.000000,1709919000.0
1709919000.0,89.577499,90.084000,87.077003,87.606003,12407589.000000,1709922600.0
1709922600.0,87.586319,88.488998,86.505997,88.140999,11312076.000000,1709926200.0
1709926200.0,88.175987,89.371002,87.794998,88.055748,10693960.000000,1709929800.0
1709929800.0,88.021011,88.518326,87.415001,87.501999,5829805.000000,1709933400.0
1710163800.0,87.599998,87.599998,84.166000,87.076004,23147114.000000,1710167400.0
1710167400.0,87.106003,88.796997,86.699997,86.718002,12189185.000000,1710171000.0
1710171000.0,86.718002,87.596054,86.501999,86.910995,6303053.000000,1710174600.0
1710174600.0,86.940002,87.500000,86.242996,86.734451,5193146.000000,1710178200.0
1710178200.0,86.745003,86.800003,85.705002,86.409004,5432802.000000,1710181800.0
1710181800.0,86.405998,86.887001,85.180000,85.546181,6046900.000000,1710185400.0
1710185400.0,85.524002,86.138000,85.349998,85.792000,4636272.000000,1710189000.0
1710250200.0,88.048996,88.666885,86.150101,88.579796,17053848.000000,1710253800.0
1710253800.0,88.593002,91.199997,88.456009,91.082977,13976254.000000,1710257400.0
1710257400.0,91.068596,91.109001,90.202003,90.462502,7061707.000000,1710261000.0
1710261000.0,90.448997,90.595001,89.042320,89.937500,7879400.000000,1710264600.0
1710264600.0,89.925011,90.649002,89.524933,90.319504,5282444.000000,1710268200.0
1710268200.0,90.319687,90.779999,89.934998,90.547501,5290694.000000,1710271800.0
1710271800.0,90.552002,91.959999,90.370003,91.938004,5590110.000000,1710275400.0
1710336600.0,91.055000,91.207001,88.434998,89.064926,21583378.000000,1710340200.0
1710340200.0,89.030998,90.047997,88.820000,88.926003,8676657.000000,1710343800.0
1710343800.0,88.929497,89.419991,88.619003,89.031502,5758617.000000,1710347400.0
1710347400.0,89.033005,90.333000,88.750000,90.332001,5715229.000000,1710351000.0
1710351000.0,90.331001,90.770004,89.830002,90.316498,6311628.000000,1710354600.0
1710354600.0,90.328003,91.503998,90.306999,90.620003,7508597.000000,1710358200.0
1710358200.0,90.627502,90.988998,90.438004,90.926003,4807886.000000,1710361800.0
1710423000.0,89.577003,90.646004,87.456001,88.679497,17586134.000000,1710426600.0
1710426600.0,88.675003,88.971001,87.643997,87.822495,7410472.000000,1710430200.0
1710430200.0,87.849998,88.154991,86.599998,87.577499,8330243.000000,1710433800.0
1710433800.0,87.577003,88.008003,86.806999,87.196724,5500170.000000,1710437400.0
1710437400.0,87.196060,88.620003,87.060997,88.169502,6601929.000000,1710441000.0
1710441000.0,88.164001,88.393990,86.905998,87.391998,6636584.000000,1710444600.0
1710444600.0,87.386002,88.104996,87.000000,88.035995,4905027.000000,1710448200.0
1710509400.0,87.000000,88.648994,86.257004,88.432503,12947111.000000,1710513000.0
1710513000.0,88.437500,89.538002,88.404999,89.203995,6241803.000000,1710516600.0
1710516600.0,89.201599,89.290001,88.412010,88.641998,3657846.000000,1710520200.0
1710520200.0,88.650497,89.147995,88.600998,88.823997,2992801.000000,1710523800.0
1710523800.0,88.822960,89.300003,88.599998,89.110001,2913426.000000,1710527400.0
1710527400.0,89.117874,89.546005,88.291008,88.569565,4211965.000000,1710531000.0
1710531000.0,88.574799,88.636078,87.640007,87.836502,4296884.000000,1710534600.0
1710768600.0,90.371002,92.404999,90.099998,90.704796,18489818.000000,1710772200.0
1710772200.0,90.741997,90.856003,88.268204,88.692390,11136091.000000,1710775800.0
1710775800.0,88.723000,89.000999,87.836998,88.377502,8430326.000000,1710779400.0
1710779400.0,88.377502,88.470001,87.084999,88.172989,7170627.000000,1710783000.0
1710783000.0,88.187202,88.887001,87.964005,88.857315,6112354.000000,1710786600.0
1710786600.0,88.841995,89.055000,88.320999,88.646599,6012741.000000,1710790200.0
1710790200.0,88.660995,88.994003,88.292000,88.459999,3910472.000000,1710793800.0
1710855000.0,86.599998,87.776001,85.012001,85.539421,18599093.000000,1710858600.0
1710858600.0,85.516495,87.154999,85.324997,86.884003,7980841.000000,1710862200.0
1710862200.0,86.906502,88.210632,86.514999,88.128494,6725559.000000,1710865800.0
1710865800.0,88.120003,89.699997,88.119003,89.159996,10271691.000000,1710869400.0
1710869400.0,89.173996,90.537003,89.102005,89.900497,8413817.000000,1710873000.0
1710873000.0,89.900002,90.298996,88.111000,88.535995,7613758.000000,1710876600.0
1710876600.0,88.531502,89.487999,88.410995,89.400002,4727076.000000,1710880200.0
1710941400.0,89.889999,90.409996,88.257660,89.308990,12011096.000000,1710945000.0
1710945000.0,89.307999,89.434998,88.634003,88.828995,4896476.000000,1710948600.0
1710948600.0,88.833176,89.085991,88.223000,88.525002,4475041.000000,1710952200.0
1710952200.0,88.520004,88.779900,88.290001,88.446999,2737821.000000,1710955800.0
1710955800.0,88.430000,89.917999,88.412003,89.768570,6580118.000000,1710959400.0
1710959400.0,89.800003,90.292000,88.959000,90.081001,9694196.000000,1710963000.0
1710963000.0,90.080498,90.400002,89.849998,90.352501,4641824.000000,1710966600.0
1711027800.0,92.285995,92.403999,90.404999,91.199997,15829363.000000,1711031400.0
1711031400.0,91.199989,91.953003,90.684998,91.926003,6445643.000000,1711035000.0
1711035000.0,91.921005,92.492996,91.780487,92.341629,6274560.000000,1711038600.0
1711038600.0,92.353004,92.620003,91.828003,92.189003,4788666.000000,1711042200.0
1711042200.0,92.178001,92.394989,91.180000,91.696007,4467857.000000,1711045800.0
1711045800.0,91.724998,91.724998,90.830002,91.548386,4803416.000000,1711049400.0
1711049400.0,91.559006,91.674461,91.270004,91.380997,3003044.000000,1711053000.0
1711114200.0,91.163002,93.129997,90.834007,92.814003,14278090.000000,1711117800.0
1711117800.0,92.849998,93.699997,92.283005,93.641304,8301821.000000,1711121400.0
1711121400.0,93.640999,94.697998,93.402008,94.403000,10057503.000000,1711125000.0
1711125000.0,94.410995,94.738998,93.917999,94.503998,6571867.000000,1711128600.0
1711128600.0,94.503998,94.777992,93.947998,94.395988,5301287.000000,1711132200.0
1711132200.0,94.390709,94.459000,93.443001,93.687668,6502701.000000,1711135800.0
1711135800.0,93.695000,94.484993,93.516998,94.245003,5294356.000000,1711139400.0
1711373400.0,94.000000,96.765991,93.509995,96.118660,18159186.000000,1711377000.0
1711377000.0,96.109497,96.496002,95.574997,95.778999,7623825.000000,1711380600.0
1711380600.0,95.766998,95.942001,94.755547,95.060997,7143010.000000,1711384200.0
1711384200.0,95.064499,95.739914,94.974998,95.698997,4697710.000000,1711387800.0
1711387800.0,95.716499,96.279999,95.620003,95.945503,5156318.000000,1711391400.0
1711391400.0,95.959000,96.270004,95.225998,95.442001,5154926.000000,1711395000.0
1711395000.0,95.443001,95.884995,94.990005,95.000000,4372648.000000,1711398600.0
1711459800.0,95.848000,96.375000,94.267998,94.275742,13617498.000000,1711463400.0
1711463400.0,94.302505,94.938858,94.044998,94.840683,8169772.000000,1711467000.0
1711467000.0,94.847427,95.029999,93.880997,94.373199,5489642.000000,1711470600.0
1711470600.0,94.360001,94.610992,94.051003,94.472496,3913653.000000,1711474200.0
1711474200.0,94.472496,95.255997,94.471001,94.921005,5087493.000000,1711477800.0
1711477800.0,94.920822,95.043045,93.917999,94.040001,4636445.000000,1711481400.0
1711481400.0,94.046997,94.072998,92.501999,92.572998,6908379.000000,1711485000.0
1711546200.0,93.099998,93.240005,89.123001,89.992996,21111426.000000,1711549800.0
1711549800.0,90.009499,90.485001,89.551926,89.570000,7781960.000000,1711553400.0
1711553400.0,89.561996,90.318817,89.313004,90.193001,6010683.000000,1711557000.0
1711557000.0,90.199997,90.439003,89.933098,90.170021,4092211.000000,1711560600.0
1711560600.0,90.170502,90.698997,89.982002,90.270500,5143725.000000,1711564200.0
1711564200.0,90.270500,90.374985,89.135010,89.590996,6348559.000000,1711567800.0
1711567800.0,89.599991,90.540001,89.501007,90.255997,5310502.000000,1711571400.0
1711632600.0,89.978004,91.297997,89.193001,90.565384,14171478.000000,1711636200.0
1711636200.0,90.570000,91.070000,90.481003,90.671188,5957085.000000,1711639800.0
1711639800.0,90.667999,90.817902,90.293999,90.633003,4161774.000000,1711643400.0
1711643400.0,90.634995,90.792000,90.442001,90.590996,3035618.000000,1711647000.0
1711647000.0,90.593002,90.753006,90.186501,90.383003,3864234.000000,1711650600.0
1711650600.0,90.400002,90.800003,90.181999,90.434837,4204489.000000,1711654200.0
1711654200.0,90.436996,90.528999,90.188004,90.317001,3839963.000000,1711657800.0
1711978200.0,90.366997,92.224998,90.180000,91.344612,13388447.000000,1711981800.0
1711981800.0,91.380997,91.758003,89.422997,89.982002,8557830.000000,1711985400.0
1711985400.0,89.979996,89.982986,89.203995,89.878998,5871940.000000,1711989000.0
1711989000.0,89.888000,90.184006,89.494003,89.904999,4339496.000000,1711992600.0
1711992600.0,89.897499,90.238998,89.774521,90.142998,3396714.000000,1711996200.0
1711996200.0,90.134995,90.470993,89.887009,89.986496,4300936.000000,1711999800.0
1711999800.0,89.986496,90.380997,89.662003,90.371994,3539796.000000,1712003400.0
1712064600.0,88.470001,88.932999,87.620003,88.026001,12995530.000000,1712068200.0
1712068200.0,88.039978,89.388000,87.830009,89.375999,6943037.000000,1712071800.0
1712071800.0,89.378181,89.602005,88.910995,89.121994,5056494.000000,1712075400.0
1712075400.0,89.111000,90.094002,89.083000,89.646996,5304505.000000,1712079000.0
1712079000.0,89.646500,89.754997,89.312515,89.547997,3774636.000000,1712082600.0
1712082600.0,89.547997,89.663002,89.212013,89.321678,3553182.000000,1712086200.0
1712086200.0,89.324501,89.669998,89.228012,89.446999,3035114.000000,1712089800.0
1712151000.0,88.426003,90.374001,88.400002,90.163002,11721406.000000,1712154600.0
1712154600.0,90.158501,90.349998,89.922997,90.185997,5018830.000000,1712158200.0
1712158200.0,90.186996,90.242996,89.139000,89.623657,5041564.000000,1712161800.0
1712161800.0,89.629997,90.125000,89.262009,90.038956,3974099.000000,1712165400.0
1712165400.0,90.059998,90.074997,89.753639,89.848000,2638943.000000,1712169000.0
1712169000.0,89.840004,89.931000,88.891998,89.137001,4097377.000000,1712172600.0
1712172600.0,89.124001,89.289001,88.810997,88.961998,3021267.000000,1712176200.0
1712237400.0,90.405998,90.633987,89.320999,89.807999,10286634.000000,1712241000.0
1712241000.0,89.821999,89.953499,89.306000,89.465996,4041663.000000,1712244600.0
1712244600.0,89.465996,89.718002,89.212997,89.659500,3424944.000000,1712248200.0
1712248200.0,89.658005,89.728996,89.449997,89.466499,1928585.000000,1712251800.0
1712251800.0,89.481003,89.599998,88.099998,88.169998,4980878.000000,1712255400.0
1712255400.0,88.165558,88.181000,86.449997,86.465996,9283874.000000,1712259000.0
1712259000.0,86.465996,86.796989,85.879997,85.902000,6173316.000000,1712262600.0
1712323800.0,86.703003,87.671005,85.926003,86.777000,12669302.000000,1712327400.0
1712327400.0,86.778000,87.861984,86.662003,87.509995,5815035.000000,1712331000.0
1712331000.0,87.514694,88.481003,87.445999,88.048996,5532455.000000,1712334600.0
1712334600.0,88.059006,88.415001,87.935013,88.159004,3319922.000000,1712338200.0
1712338200.0,88.164505,88.319000,87.310997,87.689499,4318479.000000,1712341800.0
1712341800.0,87.701004,88.030991,87.540009,87.732498,3186909.000000,1712345400.0
1712345400.0,87.731247,88.196999,87.625000,87.979996,3287389.000000,1712349000.0
1712583000.0,88.695999,88.820000,86.810997,87.800003,9808849.000000,1712586600.0
1712586600.0,87.812500,88.132988,87.384003,87.607002,3889233.000000,1712590200.0
1712590200.0,87.589005,87.714500,86.733002,86.995499,3709516.000000,1712593800.0
1712593800.0,86.984001,87.440002,86.945000,87.259003,2502910.000000,1712597400.0
1712597400.0,87.246140,87.290001,86.889000,87.223999,2073294.000000,1712601000.0
1712601000.0,87.219879,87.371994,87.026001,87.257500,1898744.000000,1712604600.0
1712604600.0,87.257004,87.470001,86.982002,87.188004,2275585.000000,1712608200.0
1712669400.0,87.430000,87.634995,84.279999,84.417007,12851336.000000,1712673000.0
1712673000.0,84.450500,84.479996,83.021996,83.976990,13165537.000000,1712676600.0
1712676600.0,83.944000,84.998001,83.500000,84.660995,6782422.000000,1712680200.0
1712680200.0,84.664001,84.971001,84.369003,84.628998,3996878.000000,1712683800.0
1712683800.0,84.620438,84.996002,84.528999,84.612999,3527084.000000,1712687400.0
1712687400.0,84.615273,84.975998,84.125000,84.952003,4249604.000000,1712691000.0
1712691000.0,84.940002,85.379997,84.667000,85.363998,4124070.000000,1712694600.0
1712755800.0,83.902000,87.199997,83.709000,86.561996,16804948.000000,1712759400.0
1712759400.0,86.578499,87.400002,86.250000,86.969002,7184004.000000,1712763000.0
1712763000.0,86.973000,86.988998,86.400002,86.533005,3206540.000000,1712766600.0
1712766600.0,86.565002,87.041870,86.320999,86.824997,3823066.000000,1712770200.0
1712770200.0,86.824501,87.000000,86.325874,86.649483,3522439.000000,1712773800.0
1712773800.0,86.667999,87.147995,85.353996,86.907204,3624584.000000,1712777400.0
1712777400.0,86.927002,87.207001,86.720871,86.984001,3197817.000000,1712781000.0
1712842200.0,87.400002,88.496002,86.926003,88.042496,11659307.000000,1712845800.0
1712845800.0,88.039001,88.996002,87.883011,88.738060,6635265.000000,1712849400.0
1712849400.0,88.710098,89.319992,88.525002,89.199875,4372921.000000,1712853000.0
1712853000.0,89.199997,89.870003,89.133003,89.787003,5062113.000000,1712856600.0
1712856600.0,89.802002,90.196999,89.520004,90.190201,4584684.000000,1712860200.0
1712860200.0,90.196999,90.239990,89.737999,90.181000,4258716.000000,1712863800.0
1712863800.0,90.163002,90.738991,90.107048,90.615997,4393722.000000,1712867400.0
1712928600.0,89.698997,90.174988,88.832001,89.216385,10690776.000000,1712932200.0
1712932200.0,89.199997,89.389999,88.292999,89.256180,6382270.000000,1712935800.0
1712935800.0,89.266998,89.550003,88.668999,88.724998,4626748.000000,1712939400.0
1712939400.0,88.736496,88.998001,88.400002,88.565002,3972086.000000,1712943000.0
1712943000.0,88.548996,88.753998,88.181000,88.305984,3725508.000000,1712946600.0
1712946600.0,88.296501,88.301727,87.529999,87.962181,5652576.000000,1712950200.0
1712950200.0,87.957504,88.470001,87.944672,88.229996,4243479.000000,1712953800.0
1713187800.0,89.128494,90.612999,88.229996,89.934441,13465397.000000,1713191400.0
1713191400.0,89.934006,90.121994,88.304001,88.680000,5705203.000000,1713195000.0
1713195000.0,88.686996,89.195648,88.305000,88.306267,3773827.000000,1713198600.0
1713198600.0,88.305000,88.351158,86.779999,86.857002,5231174.000000,1713202200.0
1713202200.0,86.884499,87.071884,86.333008,86.814003,5208986.000000,1713205800.0
1713205800.0,86.785995,87.278992,86.014000,86.025803,4653509.000000,1713209400.0
1713209400.0,86.034004,86.685898,85.929008,86.000999,3931664.000000,1713213000.0
1713274200.0,86.490005,87.900002,86.068008,87.082001,11953371.000000,1713277800.0
1713277800.0,87.059799,87.550003,86.612000,87.433510,5269247.000000,1713281400.0
1713281400.0,87.432999,87.465004,86.712997,86.999001,3206382.000000,1713285000.0
1713285000.0,86.987999,87.778000,86.905998,87.464920,3425265.000000,1713288600.0
1713288600.0,87.448013,88.113998,86.801003,87.332504,5109524.000000,1713292200.0
1713292200.0,87.315002,88.087997,87.315002,87.838509,3758915.000000,1713295800.0
1713295800.0,87.850502,87.879990,87.380013,87.413895,2586753.000000,1713299400.0
1713360600.0,88.300003,88.775002,86.031998,86.692001,12291620.000000,1713364200.0
1713364200.0,86.667007,86.839005,85.555008,86.176003,6471729.000000,1713367800.0
1713367800.0,86.196999,86.212997,84.759995,85.138000,6236433.000000,1713371400.0
1713371400.0,85.137924,85.392998,84.334999,85.033005,6449583.000000,1713375000.0
1713375000.0,85.052002,85.479996,84.934006,85.207001,4174293.000000,1713378600.0
1713378600.0,85.205002,85.784004,84.068008,84.100502,6893615.000000,1713382200.0
1713382200.0,84.111000,84.621132,83.949997,84.044998,4846461.000000,1713385800.0
1713447000.0,84.977005,85.099998,82.402000,84.588882,14959178.000000,1713450600.0
1713450600.0,84.617157,85.792000,84.604996,85.471001,6669444.000000,1713454200.0
1713454200.0,85.490005,86.189987,85.369011,86.026108,4698641.000000,1713457800.0
1713457800.0,86.025253,86.062378,84.099998,84.652000,5967598.000000,1713461400.0
1713461400.0,84.668999,84.876999,84.223000,84.654999,4181825.000000,1713465000.0
1713465000.0,84.615997,84.932999,84.315002,84.678001,3550707.000000,1713468600.0
1713468600.0,84.680000,85.166000,84.439003,84.658005,2948517.000000,1713472200.0
1713533400.0,83.150002,84.323997,81.514503,81.930496,15037144.000000,1713537000.0
1713537000.0,81.924500,82.669998,81.280998,81.868500,8920753.000000,1713540600.0
1713540600.0,81.878006,82.263504,80.208000,80.224998,9133739.000000,1713544200.0
1713544200.0,80.216995,81.409004,80.214005,80.363998,7164574.000000,1713547800.0
1713547800.0,80.354401,80.639999,78.123001,78.188004,13162918.000000,1713551400.0
1713551400.0,78.137001,78.646004,76.223000,76.944000,17355551.000000,1713555000.0
1713555000.0,76.959000,77.117996,75.606003,76.215004,12405866.000000,1713558600.0
1713792600.0,78.111000,79.625999,76.400002,77.140999,21154394.000000,1713796200.0
1713796200.0,77.133003,78.248001,76.199997,77.878006,8235510.000000,1713799800.0
1713799800.0,77.850998,78.900002,77.737999,78.484001,6387836.000000,1713803400.0
1713803400.0,78.500000,79.500000,78.156998,79.471001,4908690.000000,1713807000.0
1713807000.0,79.466995,80.070000,79.080009,79.638000,6280711.000000,1713810600.0
1713810600.0,79.643501,80.031998,79.126999,79.461998,5796357.000000,1713814200.0
1713814200.0,79.474503,79.654999,78.873001,79.509995,4398981.000000,1713817800.0
1713879000.0,80.794998,82.446999,80.264000,82.388702,14302588.000000,1713882600.0
1713882600.0,82.396996,82.757004,81.830009,82.439003,8320513.000000,1713886200.0
1713886200.0,82.418999,82.695000,81.917000,82.152000,3995282.000000,1713889800.0
1713889800.0,82.171852,82.228996,81.460999,81.875999,4082518.000000,1713893400.0
1713893400.0,81.881302,82.698990,81.769363,82.578003,3969161.000000,1713897000.0
1713897000.0,82.583000,82.676003,82.045006,82.625999,3655758.000000,1713900600.0
1713900600.0,82.625504,82.768936,82.152779,82.476898,2945559.000000,1713904200.0
1713965400.0,83.978004,84.082001,82.212997,82.979996,12066327.000000,1713969000.0
1713969000.0,82.979340,83.447998,81.640007,81.978004,6451448.000000,1713972600.0
1713972600.0,81.969498,82.206985,80.448761,80.709496,6919355.000000,1713976200.0
1713976200.0,80.719002,81.624985,80.065994,81.473953,5642180.000000,1713979800.0
1713979800.0,81.465004,81.886002,80.008003,80.032547,5318998.000000,1713983400.0
1713983400.0,80.041512,80.244003,79.182999,79.856003,7265097.000000,1713987000.0
1713987000.0,79.837814,80.030991,79.349998,79.699997,4248804.000000,1713990600.0
1714051800.0,78.868011,82.415001,78.223000,81.996994,15117301.000000,1714055400.0
1714055400.0,82.021996,82.138100,81.154999,81.653831,5122840.000000,1714059000.0
1714059000.0,81.651947,82.142998,81.040001,82.067001,3921732.000000,1714062600.0
1714062600.0,82.068001,82.659996,81.699997,82.444504,3876508.000000,1714066200.0
1714066200.0,82.440994,83.199997,82.431000,82.568001,4338588.000000,1714069800.0
1714069800.0,82.546005,83.322990,82.320000,82.938499,4019430.000000,1714073400.0
1714073400.0,82.959999,82.984528,82.386002,82.600998,2649432.000000,1714077000.0
1714138200.0,83.899002,86.979996,83.387001,86.216995,16754833.000000,1714141800.0
1714141800.0,86.215996,87.414093,86.116013,86.998642,8388977.000000,1714145400.0
1714145400.0,86.999001,87.162003,86.225998,87.015305,5324011.000000,1714149000.0
1714149000.0,87.001999,88.330933,86.870003,88.147682,6376014.000000,1714152600.0
1714152600.0,88.153999,88.175003,87.012001,87.573997,5931426.000000,1714156200.0
1714156200.0,87.585861,87.848526,86.886002,87.806999,5350161.000000,1714159800.0
1714159800.0,87.815994,87.857002,87.228004,87.690002,4237289.000000,1714163400.0
1714397400.0,87.595001,87.797997,85.357002,87.354660,14474578.000000,1714401000.0
1714401000.0,87.349998,87.651001,86.538048,86.999001,5837288.000000,1714404600.0
1714404600.0,86.981346,87.180000,86.452003,87.107864,3286033.000000,1714408200.0
1714408200.0,87.119987,87.952003,86.879997,87.904495,3226060.000000,1714411800.0
1714411800.0,87.904495,87.991997,87.202003,87.587502,3276434.000000,1714415400.0
1714415400.0,87.581497,87.581497,86.525002,87.086983,3451280.000000,1714419000.0
1714419000.0,87.110001,87.957962,87.080002,87.746994,2870984.000000,1714422600.0
1714483800.0,87.141998,88.813004,87.072777,87.489502,10654101.000000,1714487400.0
1714487400.0,87.449997,88.189987,87.009995,87.496002,4999835.000000,1714491000.0
1714491000.0,87.509995,87.546997,86.700027,87.349998,3728916.000000,1714494600.0
1714494600.0,87.367500,87.367500,86.300003,86.612000,3497432.000000,1714498200.0
1714498200.0,86.599998,87.153999,86.462997,86.707001,2632093.000000,1714501800.0
1714501800.0,86.701004,87.180000,86.659996,87.036751,2973648.000000,1714505400.0
1714505400.0,87.023460,87.389000,86.334999,86.370003,3194492.000000,1714509000.0
1714570200.0,85.050003,85.548996,83.008003,83.751999,11638731.000000,1714573800.0
1714573800.0,83.792000,84.413345,82.279999,82.710495,7344460.000000,1714577400.0
1714577400.0,82.695000,83.090004,81.254562,82.253998,7355081.000000,1714581000.0
1714581000.0,82.287003,82.353996,81.419998,82.098991,4155228.000000,1714584600.0
1714584600.0,82.099998,83.789001,81.967010,83.750000,6443657.000000,1714588200.0
1714588200.0,83.735001,85.999001,82.680000,85.035995,11032145.000000,1714591800.0
1714591800.0,85.028000,85.028000,83.000000,83.098000,5296868.000000,1714595400.0
1714656600.0,84.479996,85.655998,83.199997,84.250504,12477964.000000,1714660200.0
1714660200.0,84.246590,85.180000,83.820000,84.634003,5044262.000000,1714663800.0
1714663800.0,84.655998,85.165001,84.464005,84.720001,3328691.000000,1714667400.0
1714667400.0,84.715790,85.500000,84.224998,85.486000,3191249.000000,1714671000.0
1714671000.0,85.500000,85.768990,85.163002,85.289001,3587337.000000,1714674600.0
1714674600.0,85.298233,86.236000,85.259995,86.015503,4058031.000000,1714678200.0
1714678200.0,86.014999,86.158539,85.633011,85.815994,2925267.000000,1714681800.0
1714743000.0,87.789001,88.947464,87.040009,87.862000,13341628.000000,1714746600.0
1714746600.0,87.887001,88.540001,87.526009,88.024590,5760484.000000,1714750200.0
1714750200.0,88.050003,88.746994,87.988998,88.541000,4067185.000000,1714753800.0
1714753800.0,88.556267,89.110001,88.448013,88.823997,4038656.000000,1714757400.0
1714757400.0,88.823997,89.199997,88.610001,89.121994,3757541.000000,1714761000.0
1714761000.0,89.126503,89.280998,88.602005,88.862999,4036069.000000,1714764600.0
1714764600.0,88.878006,88.929993,88.597000,88.787003,2798449.000000,1714768200.0
1715002200.0,89.362000,91.687988,89.055000,91.238396,13365123.000000,1715005800.0
1715005800.0,91.237000,91.774986,88.789001,91.714005,5409258.000000,1715009400.0
1715009400.0,91.715622,91.962845,91.515007,91.603996,3855268.000000,1715013000.0
1715013000.0,91.628990,91.990997,91.445000,91.712997,3227923.000000,1715016600.0
1715016600.0,91.744987,91.932991,91.620010,91.921501,2461294.000000,1715020200.0
1715020200.0,91.923340,92.220001,91.818001,91.979996,4023801.000000,1715023800.0
1715023800.0,91.966995,92.165001,91.671005,92.160995,3045041.000000,1715027400.0
1715088600.0,91.085999,91.780991,89.012001,89.736000,14514969.000000,1715092200.0
1715092200.0,89.737999,90.834915,89.692001,90.427002,6142070.000000,1715095800.0
1715095800.0,90.431999,91.539993,90.315994,91.396996,4671059.000000,1715099400.0
1715099400.0,91.393997,91.682320,91.041008,91.597000,3687597.000000,1715103000.0
1715103000.0,91.629997,91.720001,89.900002,90.150002,5275592.000000,1715106600.0
1715106600.0,90.171989,90.659004,89.721001,90.353996,4487396.000000,1715110200.0
1715110200.0,90.359497,90.724998,90.125923,90.534996,2579940.000000,1715113800.0
1715175000.0,89.487999,91.194000,89.419998,90.983002,9952112.000000,1715178600.0
1715178600.0,91.000999,91.113998,89.531998,89.964500,5491736.000000,1715182200.0
1715182200.0,89.964500,90.217987,89.540504,90.145866,4181991.000000,1715185800.0
1715185800.0,90.147552,90.520004,89.933006,89.959000,2877581.000000,1715189400.0
1715189400.0,89.934006,90.534996,89.861000,90.514542,2632864.000000,1715193000.0
1715193000.0,90.518997,90.578003,90.060013,90.361000,2807993.000000,1715196600.0
1715196600.0,90.374985,90.550003,90.222000,90.317001,2157622.000000,1715200200.0
1715261400.0,90.537003,91.071999,88.231003,88.360001,12955958.000000,1715265000.0
1715265000.0,88.317001,89.582001,88.309998,89.540909,5855052.000000,1715268600.0
1715268600.0,89.550003,89.698997,88.680008,89.110001,4150344.000000,1715272200.0
1715272200.0,89.137642,89.495644,88.751999,89.207260,3867824.000000,1715275800.0
1715275800.0,89.231895,89.231895,88.717010,89.008003,2788887.000000,1715279400.0
1715279400.0,89.017998,89.239990,88.501999,88.676498,3380138.000000,1715283000.0
1715283000.0,88.684006,88.926003,88.449997,88.790001,3158411.000000,1715286600.0
1715347800.0,90.315994,91.400002,89.467010,89.516991,13410490.000000,1715351400.0
1715351400.0,89.530998,90.195000,89.360008,89.889908,5357027.000000,1715355000.0
1715355000.0,89.895004,90.047989,89.233002,89.771004,3495866.000000,1715358600.0
1715358600.0,89.777237,90.019897,89.458000,89.859001,2596655.000000,1715362200.0
1715362200.0,89.874001,90.121994,89.655998,89.938004,2634074.000000,1715365800.0
1715365800.0,89.932663,89.949501,89.569000,89.779999,2339161.000000,1715369400.0
1715369400.0,89.781998,89.985001,89.560997,89.886002,2172975.000000,1715373000.0
1715607000.0,90.470001,90.887001,88.528999,89.670502,9149207.000000,1715610600.0
1715610600.0,89.650002,90.343002,89.199997,89.979996,4570468.000000,1715614200.0
1715614200.0,89.957001,90.854996,89.820000,90.731003,3898833.000000,1715617800.0
1715617800.0,90.746994,90.996002,89.879997,90.214500,3596173.000000,1715621400.0
1715621400.0,90.212997,90.400002,89.972000,90.278000,2144173.000000,1715625000.0
1715625000.0,90.288498,90.375000,90.095840,90.296005,1818728.000000,1715628600.0
1715628600.0,90.274002,90.459999,90.133713,90.399002,2201433.000000,1715632200.0
1715693400.0,89.598999,90.820992,88.945000,90.690002,9062354.000000,1715697000.0
1715697000.0,90.710495,91.246002,90.167999,91.179497,4874465.000000,1715700600.0
1715700600.0,91.194992,91.195000,90.536011,90.679497,3072277.000000,1715704200.0
1715704200.0,90.682205,90.906998,90.509003,90.862999,1851276.000000,1715707800.0
1715707800.0,90.865005,91.541000,90.611000,91.349075,3301272.000000,1715711400.0
1715711400.0,91.349503,91.651001,91.277084,91.390007,3595928.000000,1715715000.0
1715715000.0,91.379997,91.598953,91.278999,91.375000,2367470.000000,1715718600.0
1715779800.0,92.472000,93.518997,91.598999,93.385216,12993381.000000,1715783400.0
1715783400.0,93.390999,94.477989,93.301003,94.051010,7100580.000000,1715787000.0
1715787000.0,94.069565,94.675003,94.029999,94.613998,4674616.000000,1715790600.0
1715790600.0,94.613998,94.686996,94.059998,94.543999,3522868.000000,1715794200.0
1715794200.0,94.537003,94.849998,94.356003,94.602005,3552414.000000,1715797800.0
1715797800.0,94.600533,94.765999,94.358002,94.590996,3775007.000000,1715801400.0
1715801400.0,94.585495,94.861000,94.519012,94.655998,3406565.000000,1715805000.0
1715866200.0,94.903000,95.818985,94.402000,95.233002,11327307.000000,1715869800.0
1715869800.0,95.257004,95.632004,95.037003,95.452988,3925194.000000,1715873400.0
1715873400.0,95.449997,95.541000,94.673996,94.957001,3450020.000000,1715877000.0
1715877000.0,94.968002,95.074989,94.103004,94.446999,3132610.000000,1715880600.0
1715880600.0,94.443222,94.722000,94.265121,94.443985,2471718.000000,1715884200.0
1715884200.0,94.424957,95.171997,94.414001,94.981003,3015965.000000,1715887800.0
1715887800.0,94.983002,95.003006,94.281998,94.371002,3073840.000000,1715891400.0
1715952600.0,94.494003,94.740005,92.903091,93.778999,9991138.000000,1715956200.0
1715956200.0,93.771164,94.115005,93.414009,93.663002,4228577.000000,1715959800.0
1715959800.0,93.671501,93.679001,93.099998,93.374001,3099130.000000,1715963400.0
1715963400.0,93.359001,93.455978,93.040359,93.199997,2250788.000000,1715967000.0
1715967000.0,93.198997,93.274002,91.809998,91.981499,5263249.000000,1715970600.0
1715970600.0,91.956924,92.822998,91.807999,92.781998,5069548.000000,1715974200.0
1715974200.0,92.778999,92.813004,92.306015,92.494003,2847044.000000,1715977800.0
1716211800.0,93.750000,95.199997,93.440002,94.821510,10082991.000000,1716215400.0
1716215400.0,94.821999,94.931999,94.208160,94.578087,4203112.000000,1716219000.0
1716219000.0,94.575500,94.693001,94.028999,94.543411,3505353.000000,1716222600.0
1716222600.0,94.524002,95.163002,94.479996,94.718002,3913351.000000,1716226200.0
1716226200.0,94.712502,94.882004,94.549202,94.860497,2524909.000000,1716229800.0
1716229800.0,94.873001,95.194000,94.809998,95.103996,3315956.000000,1716233400.0
1716233400.0,95.125000,95.180000,94.505997,94.834000,2552996.000000,1716237000.0
1716298200.0,93.598999,94.322899,93.180000,94.057144,10670317.000000,1716301800.0
1716301800.0,94.078003,94.996002,94.050003,94.859001,5294755.000000,1716305400.0
1716305400.0,94.871002,95.287003,94.592010,95.157249,3443525.000000,1716309000.0
1716309000.0,95.155998,95.196754,94.568001,94.856003,2697859.000000,1716312600.0
1716312600.0,94.865005,95.049103,94.779999,94.791008,2038795.000000,1716316200.0
1716316200.0,94.808990,95.123993,94.602776,95.093498,2813608.000000,1716319800.0
1716319800.0,95.081001,95.400002,95.012894,95.350998,3374158.000000,1716323400.0
1716384600.0,95.410995,96.017998,94.071999,94.454498,11782061.000000,1716388200.0
1716388200.0,94.445999,95.038780,94.323013,95.028000,3716495.000000,1716391800.0
1716391800.0,95.028000,95.180000,94.440002,94.981674,3631083.000000,1716395400.0
1716395400.0,94.971001,95.115005,94.746994,94.890999,3034884.000000,1716399000.0
1716399000.0,94.882004,94.893440,93.249001,93.413010,7369072.000000,1716402600.0
1716402600.0,93.415001,94.221001,93.304001,94.210999,5299540.000000,1716406200.0
1716406200.0,94.194000,94.959991,94.159996,94.870003,5370151.000000,1716409800.0
1716471000.0,102.000000,104.267006,101.520004,104.228004,28324817.000000,1716474600.0
1716474600.0,104.222496,104.727005,103.520004,104.594498,10495735.000000,1716478200.0
1716478200.0,104.599998,105.195999,104.410995,105.156998,7444822.000000,1716481800.0
1716481800.0,105.158798,105.973999,105.000000,105.949989,5960933.000000,1716485400.0
1716485400.0,105.933998,106.319992,103.670006,104.001404,10378322.000000,1716489000.0
1716489000.0,104.000000,104.332993,102.003006,102.544472,10620818.000000,1716492600.0
1716492600.0,102.561996,104.199997,102.561996,103.820999,6101258.000000,1716496200.0
1716557400.0,104.518005,104.727989,103.000000,103.972839,13346199.000000,1716561000.0
1716561000.0,104.000000,104.991005,103.875000,104.689003,5623090.000000,1716564600.0
1716564600.0,104.698769,104.866005,104.062195,104.568504,3444567.000000,1716568200.0
1716568200.0,104.582901,104.993004,104.510010,104.804001,3967046.000000,1716571800.0
1716571800.0,104.801003,105.789001,104.775002,105.537003,4802601.000000,1716575400.0
1716575400.0,105.547997,106.170998,105.125000,105.957764,4761643.000000,1716579000.0
1716579000.0,105.948997,106.474998,105.769997,106.438011,4048131.000000,1716582600.0
1716903000.0,110.228004,112.161987,109.887001,111.400002,18523713.000000,1716906600.0
1716906600.0,111.407761,112.400002,111.321999,112.164001,7092034.000000,1716910200.0
1716910200.0,112.160728,113.269997,111.969994,112.587997,6919380.000000,1716913800.0
1716913800.0,112.605301,114.438004,112.590004,114.383499,7528042.000000,1716917400.0
1716917400.0,114.391502,114.939003,113.156006,113.487999,7442477.000000,1716921000.0
1716921000.0,113.477005,114.285995,112.400002,113.873001,7868887.000000,1716924600.0
1716924600.0,113.898987,114.438988,112.931198,114.000000,5435573.000000,1716928200.0
1716989400.0,113.054504,113.948997,110.902016,113.652382,19424028.000000,1716993000.0
1716993000.0,113.678001,114.849998,113.402000,113.667519,7910847.000000,1716996600.0
1716996600.0,113.650002,114.330002,113.302002,114.243004,4629624.000000,1717000200.0
1717000200.0,114.231003,114.945999,114.120483,114.599304,4955865.000000,1717003800.0
1717003800.0,114.597488,115.492004,114.111008,114.920998,6205792.000000,1717007400.0
1717007400.0,114.907997,115.341003,114.656006,115.170998,4781516.000000,1717011000.0
1717011000.0,115.149498,115.349998,114.227005,114.756004,4332985.000000,1717014600.0
1717075800.0,114.617004,115.819153,114.020996,114.251503,12388074.000000,1717079400.0
1717079400.0,114.242004,114.457993,112.566002,113.235001,8774789.000000,1717083000.0
1717083000.0,113.232994,114.250000,113.151016,113.896606,4082517.000000,1717086600.0
1717086600.0,113.881996,114.042007,113.402000,113.940002,2739769.000000,1717090200.0
1717090200.0,113.907066,114.181992,113.250000,113.563309,3331178.000000,1717093800.0
1717093800.0,113.553505,113.720993,111.136009,111.880005,5874557.000000,1717097400.0
1717097400.0,111.903503,112.093994,109.671997,110.554001,7381077.000000,1717101000.0
1717162200.0,112.513000,112.717003,109.005005,109.503098,14971421.000000,1717165800.0
1717165800.0,109.449997,110.098984,108.287003,109.127098,8808834.000000,1717169400.0
1717169400.0,109.176132,109.290001,106.940002,107.219994,6756449.000000,1717173000.0
1717173000.0,107.225327,109.019997,107.173996,108.926003,5171444.000000,1717176600.0
1717176600.0,108.923996,109.050003,107.936646,108.219711,4211154.000000,1717180200.0
1717180200.0,108.217064,109.298996,108.113998,109.001999,4447439.000000,1717183800.0
1717183800.0,109.004005,110.375000,108.956009,109.745995,5843684.000000,1717187400.0
1717421400.0,113.589355,114.383995,113.019997,114.125000,13449425.000000,1717425000.0
1717425000.0,114.100014,114.134995,112.003006,113.085999,6430156.000000,1717428600.0
1717428600.0,113.068993,114.159988,112.718002,113.197952,5027979.000000,1717432200.0
1717432200.0,113.166000,113.649986,112.504005,113.615005,3816982.000000,1717435800.0
1717435800.0,113.604507,114.092003,113.396996,113.602005,3655323.000000,1717439400.0
1717439400.0,113.597000,114.599998,113.350998,114.503006,4079312.000000,1717443000.0
1717443000.0,114.516006,115.000000,114.108994,115.000000,4098723.000000,1717446600.0
1717507800.0,115.717003,116.123001,114.099998,114.619995,12767207.000000,1717511400.0
1717511400.0,114.600998,115.230003,114.228004,114.344498,4748219.000000,1717515000.0
1717515000.0,114.319992,114.900002,114.044998,114.851601,3357263.000000,1717518600.0
1717518600.0,114.862000,115.519997,114.677002,115.068993,3941669.000000,1717522200.0
1717522200.0,115.085999,115.900002,114.725014,115.880653,3303767.000000,1717525800.0
1717525800.0,115.884995,116.599998,115.550003,116.090660,6138587.000000,1717529400.0
1717529400.0,116.086998,116.526184,115.531998,116.443993,3711841.000000,1717533000.0
1717594200.0,118.371994,119.848984,117.468002,119.718201,15143536.000000,1717597800.0
1717597800.0,119.728004,119.993004,119.537003,119.813004,5697791.000000,1717601400.0
1717601400.0,119.830002,120.000000,119.699997,119.900002,3993333.000000,1717605000.0
1717605000.0,119.897507,121.229004,119.821999,120.868507,6793674.000000,1717608600.0
1717608600.0,120.879189,121.599998,120.854004,121.572594,5304707.000000,1717612200.0
1717612200.0,121.559998,122.358994,121.422997,121.826988,6296734.000000,1717615800.0
1717615800.0,121.811279,122.449501,121.605003,122.439003,4728006.000000,1717619400.0
1717680600.0,124.091003,125.586998,118.400002,121.089005,28192095.000000,1717684200.0
1717684200.0,121.173805,122.382996,120.045998,120.462479,8848457.000000,1717687800.0
1717687800.0,120.402000,120.869995,119.337524,119.727005,5825782.000000,1717691400.0
1717691400.0,119.679161,120.356003,118.319992,119.779503,7119419.000000,1717695000.0
1717695000.0,119.779503,120.375000,119.177757,119.599998,4158551.000000,1717698600.0
1717698600.0,119.598999,120.480003,119.474754,120.161499,4716411.000000,1717702200.0
1717702200.0,120.143997,121.401993,120.027039,120.941002,4673414.000000,1717705800.0
1717767000.0,119.839966,119.840004,118.022995,118.830307,11833822.000000,1717770600.0
1717770600.0,118.823654,119.451004,118.706017,119.006004,4379551.000000,1717774200.0
1717774200.0,119.025063,120.792007,119.000000,120.787003,4445828.000000,1717777800.0
1717777800.0,120.780006,121.691711,120.221008,120.997498,5194243.000000,1717781400.0
1717781400.0,120.975998,121.475632,119.405006,120.223495,4597849.000000,1717785000.0
1717785000.0,120.201004,120.993996,119.949997,120.639999,4110651.000000,1717788600.0
1717788600.0,120.639999,121.264999,120.500000,120.865005,4115987.000000,1717792200.0
1718026200.0,120.379997,121.250000,117.010002,119.930000,97470996.000000,1718029800.0
1718029800.0,119.919998,122.470001,119.559998,122.308296,52422800.000000,1718033400.0
1718033400.0,122.294998,122.730003,121.620003,122.230003,33786036.000000,1718037000.0
1718037000.0,122.230003,123.099998,121.889999,122.080002,29449166.000000,1718040600.0
1718040600.0,122.089401,122.790001,121.080002,121.175003,27349205.000000,1718044200.0
1718044200.0,121.169998,122.470001,120.529999,122.389999,33066431.000000,1718047800.0
1718047800.0,122.389999,122.389999,121.460503,121.650002,22007126.000000,1718051400.0
1718112600.0,121.790001,122.870003,120.660004,121.026802,65926569.000000,1718116200.0
1718116200.0,121.055000,121.400002,120.010002,120.669998,33197756.000000,1718119800.0
1718119800.0,120.679703,120.779999,118.739998,120.605003,40854838.000000,1718123400.0
1718123400.0,120.610001,120.870003,119.809998,120.279999,17406621.000000,1718127000.0
1718127000.0,120.289902,120.979897,120.040001,120.930000,15846329.000000,1718130600.0
1718130600.0,120.940002,121.290001,120.260002,120.370003,18277076.000000,1718134200.0
1718134200.0,120.364998,120.989998,120.300003,120.910004,14607752.000000,1718137800.0
1718199000.0,123.050003,126.839996,122.570000,126.839996,96498762.000000,1718202600.0
1718202600.0,126.834999,126.879997,124.769997,125.540001,47269209.000000,1718206200.0
1718206200.0,125.540001,125.949997,125.129997,125.580002,24754779.000000,1718209800.0
1718209800.0,125.570000,126.290001,125.480003,125.879402,22202179.000000,1718213400.0
1718213400.0,125.860100,126.110001,124.540001,125.650002,27222005.000000,1718217000.0
1718217000.0,125.639999,126.160004,124.169998,124.440102,29826604.000000,1718220600.0
1718220600.0,124.480003,125.729500,124.190002,125.269997,23271771.000000,1718224200.0
1718285400.0,129.399994,129.739395,127.400002,128.259995,91856336.000000,1718289000.0
1718289000.0,128.289993,129.059998,127.599998,128.005005,31939114.000000,1718292600.0
1718292600.0,128.005005,129.050003,127.720001,127.816002,24525940.000000,1718296200.0
1718296200.0,127.815002,128.600006,127.160004,128.408798,21278424.000000,1718299800.0
1718299800.0,128.409897,128.990005,128.050003,128.839996,17185929.000000,1718303400.0
1718303400.0,128.830002,129.720001,128.779999,129.089996,27268436.000000,1718307000.0
1718307000.0,129.089996,129.800003,128.899994,129.369995,19991914.000000,1718310600.0
1718371800.0,129.940002,132.750000,128.320007,132.639694,96646990.000000,1718375400.0
1718375400.0,132.639999,132.835007,130.429993,130.680405,45049456.000000,1718379000.0
1718379000.0,130.671402,131.399994,129.199997,130.670303,38365593.000000,1718382600.0
1718382600.0,130.669998,132.190002,130.460007,132.032394,28932111.000000,1718386200.0
1718386200.0,132.029999,132.580002,131.559998,131.817505,27131550.000000,1718389800.0
1718389800.0,131.815002,132.100006,131.399994,131.820007,28247358.000000,1718393400.0
1718393400.0,131.820007,132.070007,131.570007,131.979996,20092283.000000,1718397000.0
1718631000.0,132.904999,133.729996,129.580093,130.250000,104654313.000000,1718634600.0
1718634600.0,130.306503,131.460007,130.169998,131.210007,34285425.000000,1718638200.0
1718638200.0,131.220001,132.000000,130.449997,131.979996,28985968.000000,1718641800.0
1718641800.0,131.985001,132.460007,131.619995,131.940002,25974696.000000,1718645400.0
1718645400.0,131.940002,132.529999,131.830002,132.074997,21674725.000000,1718649000.0
1718649000.0,132.080002,132.580002,132.020004,132.250000,21273256.000000,1718652600.0
1718652600.0,132.240005,132.429993,130.960007,131.089996,24008812.000000,1718656200.0
1718717400.0,131.039993,133.719894,130.699997,133.059998,78263233.000000,1718721000.0
1718721000.0,133.070007,133.580002,132.699997,133.470001,31207876.000000,1718724600.0
1718724600.0,133.461807,134.800003,133.320007,134.445694,35425830.000000,1718728200.0
1718728200.0,134.440002,135.729996,134.250000,135.619995,34389569.000000,1718731800.0
1718731800.0,135.639893,136.330002,135.070007,135.875000,38022838.000000,1718735400.0
1718735400.0,135.865005,136.220001,135.339996,135.720001,28647978.000000,1718739000.0
1718739000.0,135.710098,136.000000,135.020004,135.679993,23745246.000000,1718742600.0
1718890200.0,139.850006,140.759995,136.130005,138.151596,146856803.000000,1718893800.0
1718893800.0,138.160004,139.529999,137.850006,138.988998,45306162.000000,1718897400.0
1718897400.0,138.985992,139.000000,134.070007,134.145004,58924575.000000,1718901000.0
1718901000.0,134.139999,134.570007,130.550003,131.240005,76306044.000000,1718904600.0
1718904600.0,131.243607,133.300003,129.529999,133.110306,63217513.000000,1718908200.0
1718908200.0,133.110001,133.289993,129.830002,131.298401,44957208.000000,1718911800.0
1718911800.0,131.299896,132.509995,130.600006,130.720001,35806912.000000,1718915400.0
1718976600.0,127.000000,128.779999,124.300003,125.680000,167898676.000000,1718980200.0
1718980200.0,125.640099,128.889999,125.129997,128.289993,57256665.000000,1718983800.0
1718983800.0,128.309906,130.630005,127.589996,129.089996,50080293.000000,1718987400.0
1718987400.0,129.095993,129.690002,126.449997,126.849998,40958655.000000,1718991000.0
1718991000.0,126.839996,127.109901,126.019997,126.665001,43201862.000000,1718994600.0
1718994600.0,126.660004,127.190002,126.150002,126.735001,32091365.000000,1718998200.0
1718998200.0,126.735001,127.070000,125.099998,127.059998,40322778.000000,1719001800.0
1719235800.0,122.940002,124.459999,120.739998,120.889999,118175409.000000,1719239400.0
1719239400.0,120.849998,121.889999,118.290001,119.820000,101678036.000000,1719243000.0
1719243000.0,119.824997,121.150002,119.379997,120.760002,44960252.000000,1719246600.0
1719246600.0,120.750000,121.320000,119.000000,119.315002,40844824.000000,1719250200.0
1719250200.0,119.315002,119.929199,118.510002,118.669998,36757889.000000,1719253800.0
1719253800.0,118.669998,120.680000,118.350098,120.379997,41572729.000000,1719257400.0
1719257400.0,120.370003,120.900002,118.040001,118.070000,40907632.000000,1719261000.0
1719322200.0,121.199997,122.620003,119.320000,121.999901,127924813.000000,1719325800.0
1719325800.0,121.984001,124.349998,121.419998,124.110001,59868901.000000,1719329400.0
1719329400.0,124.095001,125.589996,123.910004,124.570000,51742634.000000,1719333000.0
1719333000.0,124.570000,125.309998,123.040100,124.370003,40123900.000000,1719336600.0
1719336600.0,124.360001,125.169998,123.949997,125.129204,28842240.000000,1719340200.0
1719340200.0,125.120003,126.360001,124.620003,126.320000,34177398.000000,1719343800.0
1719343800.0,126.320000,126.500000,125.570000,126.250000,32599183.000000,1719347400.0
1719408600.0,126.150002,128.119995,124.379997,125.139900,106119299.000000,1719412200.0
1719412200.0,125.110001,125.860001,122.599998,123.410400,66126499.000000,1719415800.0
1719415800.0,123.419998,124.989998,122.910004,124.450104,36856476.000000,1719419400.0
1719419400.0,124.459999,124.879997,123.120003,123.870003,31378839.000000,1719423000.0
1719423000.0,123.870003,124.180000,123.269997,123.595901,22246109.000000,1719426600.0
1719426600.0,123.599899,124.449898,122.860001,124.393997,27273395.000000,1719430200.0
1719430200.0,124.389999,126.480003,124.220001,126.449997,37210223.000000,1719433800.0
1719495000.0,124.000000,126.404999,123.750000,124.555000,72053266.000000,1719498600.0
1719498600.0,124.559998,124.959999,123.330002,123.540001,35910486.000000,1719502200.0
1719502200.0,123.529999,124.180000,122.940002,124.160004,30796076.000000,1719505800.0
1719505800.0,124.150002,124.800003,124.029999,124.610001,25678151.000000,1719509400.0
1719509400.0,124.610001,125.080002,124.190002,124.529999,16594108.000000,1719513000.0
1719513000.0,124.525002,125.000000,123.870003,124.309998,20853277.000000,1719516600.0
1719516600.0,124.306900,124.379997,122.919998,124.089996,23652931.000000,1719520200.0
1719581400.0,124.574997,127.709999,123.419998,126.806000,78660336.000000,1719585000.0
1719585000.0,126.809998,127.199997,125.110001,125.959999,45426717.000000,1719588600.0
1719588600.0,125.955002,126.489998,124.269997,124.705002,31025455.000000,1719592200.0
1719592200.0,124.705002,124.839996,122.889999,124.084999,34866391.000000,1719595800.0
1719595800.0,124.089996,124.589996,123.770103,123.963997,20565057.000000,1719599400.0
1719599400.0,123.970001,124.419998,123.860001,123.874496,19840275.000000,1719603000.0
1719603000.0,123.879898,124.690002,122.750000,123.440002,31712827.000000,1719606600.0
1719840600.0,123.455002,123.779999,118.830002,121.862297,103223013.000000,1719844200.0
1719844200.0,121.879997,124.250000,121.320000,124.099899,42716633.000000,1719847800.0
1719847800.0,124.095001,124.839996,122.820000,124.309998,34102624.000000,1719851400.0
1719851400.0,124.320000,124.410004,122.849998,123.709999,23718918.000000,1719855000.0
1719855000.0,123.699997,124.500000,123.139999,124.019897,22398563.000000,1719858600.0
1719858600.0,124.010002,124.709999,123.800003,124.291100,19875552.000000,1719862200.0
1719862200.0,124.290001,124.529999,123.543999,124.180000,18142724.000000,1719865800.0
1719927000.0,121.089996,123.410004,121.029999,121.519897,70582013.000000,1719930600.0
1719930600.0,121.510002,122.250000,121.190002,121.730499,32799393.000000,1719934200.0
1719934200.0,121.739998,122.639999,121.559998,122.595001,21961386.000000,1719937800.0
1719937800.0,122.599998,123.360001,122.459999,122.999901,20690800.000000,1719941400.0
1719941400.0,123.000000,123.059998,122.320000,122.720001,16128516.000000,1719945000.0
1719945000.0,122.720001,122.889999,122.129997,122.319603,17250237.000000,1719948600.0
1719948600.0,122.309998,122.709999,121.779999,122.660004,18584269.000000,1719952200.0
1720013400.0,122.044998,122.760002,121.360001,121.790001,54930564.000000,1720017000.0
1720017000.0,121.800003,126.129997,121.589996,126.039902,60513686.000000,1720020600.0
1720020600.0,126.040001,128.009995,125.650002,127.995003,47482022.000000,1720024200.0
1720186200.0,127.669998,128.845200,125.680000,127.115700,68987172.000000,1720189800.0
1720189800.0,127.119598,127.529999,126.209999,126.955002,27962444.000000,1720193400.0
1720193400.0,126.959999,128.469604,126.750000,128.080002,24476857.000000,1720197000.0
1720197000.0,128.059998,128.169998,126.870499,127.440102,18096949.000000,1720200600.0
1720200600.0,127.449898,127.730003,126.910004,126.934998,15432455.000000,1720204200.0
1720204200.0,126.934998,127.239998,126.690002,127.029999,15743317.000000,1720207800.0
1720207800.0,127.019997,127.125000,125.790001,125.800003,18266267.000000,1720211400.0
1720445400.0,127.529999,130.770004,127.040001,128.960693,87597406.000000,1720449000.0
1720449000.0,128.960007,129.320007,127.139999,128.710007,38371522.000000,1720452600.0
1720452600.0,128.700104,129.190002,128.061996,128.367294,22899126.000000,1720456200.0
1720456200.0,128.361206,128.759995,127.650002,128.759995,15714135.000000,1720459800.0
1720459800.0,128.759598,129.199997,128.529999,129.029602,17193114.000000,1720463400.0
1720463400.0,129.020004,129.024994,127.695000,127.830002,17209747.000000,1720467000.0
1720467000.0,127.839897,128.389999,127.680000,128.190002,16886074.000000,1720470600.0
1720531800.0,130.309998,133.820007,130.261002,131.966003,98871596.000000,1720535400.0
1720535400.0,131.964996,133.210007,131.360001,131.570007,39801800.000000,1720539000.0
1720539000.0,131.576996,131.759995,130.880005,131.145004,25260665.000000,1720542600.0
1720542600.0,131.139999,131.279999,128.660004,129.815002,40099885.000000,1720546200.0
1720546200.0,129.800003,130.440002,129.789993,130.164993,17349387.000000,1720549800.0
1720549800.0,130.169998,131.380005,130.020004,130.750107,24140750.000000,1720553400.0
1720553400.0,130.750000,131.589996,130.610001,131.449997,17918459.000000,1720557000.0
1720618200.0,133.457108,134.389893,132.419998,134.116898,74908906.000000,1720621800.0
1720621800.0,134.119995,134.779999,133.279999,134.134995,36272180.000000,1720625400.0
1720625400.0,134.134995,134.830002,133.940002,134.729996,22686043.000000,1720629000.0
1720629000.0,134.729904,135.089996,134.100006,134.639999,25202781.000000,1720632600.0
1720632600.0,134.649994,134.910004,134.309998,134.425003,14820038.000000,1720636200.0
1720636200.0,134.419998,134.699997,133.830002,134.682007,19804980.000000,1720639800.0
1720639800.0,134.679993,135.089996,134.220001,134.845001,20238999.000000,1720643400.0
1720704600.0,135.979904,136.149994,130.260101,131.820007,101644252.000000,1720708200.0
1720708200.0,131.820007,132.500000,128.130005,128.139999,63998380.000000,1720711800.0
1720711800.0,128.130096,130.339996,127.599998,129.954407,55276495.000000,1720715400.0
1720715400.0,129.944397,129.990005,128.009995,128.929993,28150211.000000,1720719000.0
1720719000.0,128.919998,128.949997,127.050003,128.199997,28603554.000000,1720722600.0
1720722600.0,128.190002,129.729996,128.080002,128.166000,34630925.000000,1720726200.0
1720726200.0,128.160004,129.190002,127.160004,127.459999,29730261.000000,1720729800.0
1720791000.0,128.750000,130.330002,127.220001,129.020004,74832139.000000,1720794600.0
1720794600.0,129.029999,131.050003,128.699997,130.630005,37619263.000000,1720798200.0
1720798200.0,130.625000,130.759995,129.339996,129.975403,22538848.000000,1720801800.0
1720801800.0,129.960098,130.949997,129.860306,130.939896,16417316.000000,1720805400.0
1720805400.0,130.929993,131.490005,130.774994,131.440094,23158310.000000,1720809000.0
1720809000.0,131.464005,131.919998,130.679993,131.045898,24267008.000000,1720812600.0
1720812600.0,131.050003,131.050003,128.839996,129.169998,31584753.000000,1720816200.0
1721050200.0,130.910400,131.389999,128.050003,129.190002,59254878.000000,1721053800.0
1721053800.0,129.229996,130.690002,129.149994,129.980392,25346415.000000,1721057400.0
1721057400.0,129.720001,129.960007,127.260002,128.345001,33784588.000000,1721061000.0
1721061000.0,128.339996,128.884995,127.800003,128.110001,18844928.000000,1721064600.0
1721064600.0,128.100006,128.250000,127.379997,127.904602,20400803.000000,1721068200.0
1721068200.0,127.900002,128.500000,127.639999,128.169998,17233191.000000,1721071800.0
1721071800.0,128.160004,128.500000,127.180000,128.440002,16064452.000000,1721075400.0
1721136600.0,128.410004,129.039993,124.580002,125.860001,67705595.000000,1721140200.0
1721140200.0,125.867996,126.949997,125.650002,126.459999,28994426.000000,1721143800.0
1721143800.0,126.449997,126.949997,125.260002,125.480003,20771347.000000,1721147400.0
1721147400.0,125.485001,126.339996,125.180000,125.989998,20501787.000000,1721151000.0
1721151000.0,126.000000,126.300003,125.285004,125.779999,19849550.000000,1721154600.0
1721154600.0,125.779999,126.570000,125.590202,125.969902,17548359.000000,1721158200.0
1721158200.0,125.964996,126.650002,125.519997,126.315002,16818520.000000,1721161800.0
1721223000.0,121.339996,121.849998,118.120003,119.010002,118536934.000000,1721226600.0
1721226600.0,119.010002,120.339996,118.980003,119.779999,47616254.000000,1721230200.0
1721230200.0,119.790001,120.000000,117.449997,117.830002,47811674.000000,1721233800.0
1721233800.0,117.839996,118.480003,116.730003,118.235703,47435831.000000,1721237400.0
1721237400.0,118.235001,119.019997,117.839996,118.454201,30229069.000000,1721241000.0
1721241000.0,118.449997,118.949997,117.589996,118.927902,32007643.000000,1721244600.0
1721244600.0,118.919998,119.099998,117.800003,117.849998,30255002.000000,1721248200.0
1721309400.0,122.089996,122.400002,118.834000,119.980003,87415469.000000,1721313000.0
1721313000.0,119.980003,119.989998,116.559998,116.849998,59381800.000000,1721316600.0
1721316600.0,116.855003,119.589996,116.610100,119.520302,42273236.000000,1721320200.0
1721320200.0,119.529999,121.379997,119.260002,120.440002,34901585.000000,1721323800.0
1721323800.0,120.449997,120.940002,119.500000,120.315002,24825653.000000,1721327400.0
1721327400.0,120.309998,120.559998,118.949997,119.839996,26924135.000000,1721331000.0
1721331000.0,119.839996,121.459999,119.639999,121.110001,24196877.000000,1721334600.0
1721395800.0,120.339996,121.599998,119.010002,119.199997,54354646.000000,1721399400.0
1721399400.0,119.195000,120.269997,118.589996,119.305000,31053648.000000,1721403000.0
1721403000.0,119.305000,119.980003,118.750000,119.177299,19430625.000000,1721406600.0
1721406600.0,119.169998,119.309998,117.370003,118.014999,25397386.000000,1721410200.0
1721410200.0,118.000000,118.500000,117.639999,117.989998,21368087.000000,1721413800.0
1721413800.0,117.980003,118.849998,117.700203,118.775002,20177064.000000,1721417400.0
1721417400.0,118.769997,118.794998,117.750000,117.989998,21873094.000000,1721421000.0
1721655000.0,120.349998,123.279999,119.860001,122.851997,75041434.000000,1721658600.0
1721658600.0,122.860001,123.169998,120.650002,120.804802,34574339.000000,1721662200.0
1721662200.0,120.800003,121.919998,120.349998,121.769997,24045869.000000,1721665800.0
1721665800.0,121.775002,122.949997,121.540001,122.800003,20145140.000000,1721669400.0
1721669400.0,122.809998,124.070000,122.599998,123.514999,27192892.000000,1721673000.0
1721673000.0,123.517502,123.750000,122.610001,122.839996,25875275.000000,1721676600.0
1721676600.0,122.864998,123.750000,122.709999,123.739998,20012085.000000,1721680200.0
1721741400.0,122.779999,124.690002,122.699997,123.705002,48641719.000000,1721745000.0
1721745000.0,123.709999,124.430000,122.900002,124.019997,28169071.000000,1721748600.0
1721748600.0,124.029999,124.139999,123.110001,123.220901,18814566.000000,1721752200.0
1721752200.0,123.239998,123.529999,122.430000,122.849998,16864842.000000,1721755800.0
1721755800.0,122.870003,123.099998,122.099998,122.294998,13664206.000000,1721759400.0
1721759400.0,122.300003,123.050003,122.209999,122.904999,13701470.000000,1721763000.0
1721763000.0,122.900002,122.989998,122.239998,122.430000,12363261.000000,1721766600.0
1721827800.0,119.139999,119.940002,117.389999,118.519997,63484089.000000,1721831400.0
1721831400.0,118.519997,118.889999,117.550003,117.995003,28765995.000000,1721835000.0
1721835000.0,117.989998,118.120003,115.550003,115.919998,44012042.000000,1721838600.0
1721838600.0,115.919998,117.260002,115.679001,116.840103,28457659.000000,1721842200.0
1721842200.0,116.849899,117.330002,115.790001,115.879997,30564696.000000,1721845800.0
1721845800.0,115.875000,116.099899,113.879997,114.010002,46626863.000000,1721849400.0
1721849400.0,114.000000,115.739998,113.510002,114.423698,41195868.000000,1721853000.0
1721914200.0,113.080002,113.910004,106.300003,111.360001,163680513.000000,1721917800.0
1721917800.0,111.360001,115.660004,110.589996,114.635002,89477205.000000,1721921400.0
1721921400.0,114.632004,116.250000,112.930000,116.040001,47594475.000000,1721925000.0
1721925000.0,116.050003,116.629997,114.370003,114.809998,35712222.000000,1721928600.0
1721928600.0,114.820000,115.820000,114.099998,114.805000,28498920.000000,1721932200.0
1721932200.0,114.800003,115.250000,113.550003,114.750000,34405238.000000,1721935800.0
1721935800.0,114.760002,115.019997,112.080002,112.339996,32874816.000000,1721939400.0
1722000600.0,115.584999,115.930000,113.099998,113.800003,81172349.000000,1722004200.0
1722004200.0,113.820000,113.930000,112.010002,112.605003,42142091.000000,1722007800.0
1722007800.0,112.610001,114.129997,112.599998,113.790001,28688049.000000,1722011400.0
1722011400.0,113.794998,114.540001,113.745003,114.269997,30674884.000000,1722015000.0
1722015000.0,114.264999,114.440002,112.669998,113.096397,29045758.000000,1722018600.0
1722018600.0,113.089996,113.440002,111.580002,112.875000,32996270.000000,1722022200.0
1722022200.0,112.870003,113.160004,112.089996,113.059998,22079736.000000,1722025800.0
1722259800.0,113.620003,116.279999,113.320000,114.930000,69794891.000000,1722263400.0
1722263400.0,114.940002,115.000000,111.750000,112.534599,40052015.000000,1722267000.0
1722267000.0,112.525002,113.529999,111.430000,112.952003,31038965.000000,1722270600.0
1722270600.0,112.952003,113.709999,112.110001,112.110001,21225100.000000,1722274200.0
1722274200.0,112.129997,112.849998,111.750000,112.004997,22137199.000000,1722277800.0
1722277800.0,112.000000,112.290001,111.300003,112.000000,23617972.000000,1722281400.0
1722281400.0,111.989998,112.190002,111.379997,111.550003,16308431.000000,1722285000.0
1722346200.0,111.510002,111.989998,107.309998,107.493500,87709693.000000,1722349800.0
1722349800.0,107.495003,107.889999,104.269997,106.059998,88707559.000000,1722353400.0
1722353400.0,106.059998,106.110001,103.910004,104.589996,63047127.000000,1722357000.0
1722357000.0,104.589996,105.349998,102.540001,105.339996,60621384.000000,1722360600.0
1722360600.0,105.330002,106.290001,104.760002,105.929199,42720603.000000,1722364200.0
1722364200.0,105.930000,106.480003,104.279999,104.470001,41919527.000000,1722367800.0
1722367800.0,104.470001,104.709999,103.410004,103.707603,42864912.000000,1722371400.0
1722432600.0,112.299004,115.769997,110.879997,114.101700,143006186.000000,1722436200.0
1722436200.0,114.129997,115.889999,114.050003,115.739998,54324447.000000,1722439800.0
1722439800.0,115.730003,116.470001,115.410004,115.420601,41236682.000000,1722443400.0
1722443400.0,115.430000,116.029999,114.739998,115.519997,31361626.000000,1722447000.0
1722447000.0,115.529999,116.430000,114.250000,116.239998,37471590.000000,1722450600.0
1722450600.0,116.239998,118.339996,115.919998,116.074997,64526635.000000,1722454200.0
1722454200.0,116.125000,117.589996,116.010101,117.169998,35006763.000000,1722457800.0
1722519000.0,117.599998,120.160004,116.300003,116.390800,112132353.000000,1722522600.0
1722522600.0,116.410004,116.760002,113.059998,114.230003,70536021.000000,1722526200.0
1722526200.0,114.230003,114.345001,111.669998,112.010002,55098465.000000,1722529800.0
1722529800.0,112.004997,112.160004,108.430000,109.010101,64696302.000000,1722533400.0
1722533400.0,109.019997,109.970001,107.000000,107.587402,67144853.000000,1722537000.0
1722537000.0,107.574997,108.650002,106.810402,108.359901,60761865.000000,1722540600.0
1722540600.0,108.349998,109.489998,107.699997,109.330002,43726685.000000,1722544200.0
1722605400.0,103.283302,107.500000,101.370003,103.919998,156234641.000000,1722609000.0
1722609000.0,103.915001,106.279999,102.410004,105.933899,66201323.000000,1722612600.0
1722612600.0,105.970001,108.720001,105.730003,107.230797,71037703.000000,1722616200.0
1722616200.0,107.209999,107.360001,104.756500,104.834999,41520288.000000,1722619800.0
1722619800.0,104.824501,106.370003,104.559998,106.070000,36381667.000000,1722623400.0
1722623400.0,106.089996,106.449997,105.180000,106.040001,35049214.000000,1722627000.0
1722627000.0,106.040001,107.379997,105.620003,107.308800,32770218.000000,1722630600.0
1722864600.0,92.000000,102.360001,90.690002,98.915001,219717072.000000,1722868200.0
1722868200.0,98.900002,102.208900,98.599998,100.629997,69152526.000000,1722871800.0
1722871800.0,100.625000,103.400002,100.269997,103.190002,54584350.000000,1722875400.0
1722875400.0,103.160004,103.184998,100.040001,100.790001,46683520.000000,1722879000.0
1722879000.0,100.809998,102.099998,100.010002,100.525002,35946881.000000,1722882600.0
1722882600.0,100.529999,101.080002,98.559998,99.989998,49136746.000000,1722886200.0
1722886200.0,99.985001,100.760002,98.809998,100.599998,40986446.000000,1722889800.0
1722951000.0,103.839996,104.849998,100.550003,103.639999,112195260.000000,1722954600.0
1722954600.0,103.669998,106.355003,103.199997,103.894997,59079314.000000,1722958200.0
1722958200.0,103.900002,106.040001,103.875000,105.480003,36703353.000000,1722961800.0
1722961800.0,105.489998,107.430000,105.389999,106.949997,42109332.000000,1722965400.0
1722965400.0,106.949997,107.550003,106.199997,107.144997,31089587.000000,1722969000.0
1722969000.0,107.154999,107.709999,105.349998,106.283997,39578841.000000,1722972600.0
1722972600.0,106.279999,106.699997,104.000000,104.010002,35121723.000000,1722976200.0
1723037400.0,107.849998,108.800003,104.290001,104.730003,104921272.000000,1723041000.0
1723041000.0,104.730003,106.230003,104.449997,104.900002,43503035.000000,1723044600.0
1723044600.0,104.904999,105.139999,102.755997,103.800797,42109919.000000,1723048200.0
1723048200.0,103.809998,103.940002,101.570000,102.250000,37899748.000000,1723051800.0
1723051800.0,102.250000,102.800003,99.410004,100.410004,51727967.000000,1723055400.0
1723055400.0,100.400002,101.389999,99.260002,100.375000,51064882.000000,1723059000.0
1723059000.0,100.360001,100.580002,98.690002,98.750000,37695630.000000,1723062600.0
1723123800.0,101.550003,102.169998,97.519997,102.040001,115266613.000000,1723127400.0
1723127400.0,102.040001,103.000000,101.510002,102.734200,58817609.000000,1723131000.0
1723131000.0,102.750000,104.144997,102.519997,103.760002,42794431.000000,1723134600.0
1723134600.0,103.779999,104.605003,102.779999,104.589996,37590838.000000,1723138200.0
1723138200.0,104.580002,105.500000,104.459999,104.824699,36015368.000000,1723141800.0
1723141800.0,104.834999,105.339996,104.019997,104.205002,34403070.000000,1723145400.0
1723145400.0,104.230003,105.250000,103.660301,105.220001,31984281.000000,1723149000.0
1723210200.0,105.570000,106.599998,103.440002,104.190102,97584505.000000,1723213800.0
1723213800.0,104.190002,105.680000,103.870003,104.410004,41596572.000000,1723217400.0
1723217400.0,104.419998,104.790001,103.720001,104.210098,31396088.000000,1723221000.0
1723221000.0,104.209999,105.629997,104.050102,105.625000,29275091.000000,1723224600.0
1723224600.0,105.625504,105.829903,104.629997,105.153198,29262613.000000,1723228200.0
1723228200.0,105.150002,105.320000,104.300003,104.740097,25841030.000000,1723231800.0
1723231800.0,104.745003,105.040001,104.209999,104.709999,20572931.000000,1723235400.0
1723469400.0,107.550003,111.070000,106.580002,110.059998,102807482.000000,1723473000.0
1723473000.0,110.059998,110.682503,108.599998,109.230003,53335163.000000,1723476600.0
1723476600.0,109.220001,109.849998,108.169998,109.834999,39307878.000000,1723480200.0
1723480200.0,109.834999,110.379997,109.000000,109.789902,31852587.000000,1723483800.0
1723483800.0,109.785004,110.169998,109.059998,109.858498,24741071.000000,1723487400.0
1723487400.0,109.849998,110.110001,109.040001,109.330200,26293122.000000,1723491000.0
1723491000.0,109.315002,109.690002,108.680000,109.121597,23392058.000000,1723494600.0
1723555800.0,112.430000,114.620003,111.580002,113.825798,96042652.000000,1723559400.0
1723559400.0,113.820000,115.000000,113.309998,114.669998,39974137.000000,1723563000.0
1723563000.0,114.660004,114.910004,113.849998,114.514999,29325937.000000,1723566600.0
1723566600.0,114.519997,115.730003,114.330002,115.320000,29217929.000000,1723570200.0
1723570200.0,115.330002,115.570000,114.430099,115.470001,27138655.000000,1723573800.0
1723573800.0,115.480003,116.180000,115.140099,115.669998,31015798.000000,1723577400.0
1723577400.0,115.669998,116.230003,115.379997,116.169998,25299640.000000,1723581000.0
1723642200.0,118.489998,118.599998,114.070000,115.780098,122788831.000000,1723645800.0
1723645800.0,115.790001,117.360001,114.680000,117.183701,50832315.000000,1723649400.0
1723649400.0,117.189697,118.468002,116.550003,117.110497,45641634.000000,1723653000.0
1723653000.0,117.120003,117.589996,116.220001,117.119904,30744647.000000,1723656600.0
1723656600.0,117.089996,117.470001,116.510002,117.369698,20995569.000000,1723660200.0
1723660200.0,117.349998,117.680000,116.750000,117.110001,21308145.000000,1723663800.0
1723663800.0,117.120003,118.239998,116.824997,117.970001,23950233.000000,1723667400.0
1723728600.0,118.919998,121.059998,117.470001,120.879997,98148596.000000,1723732200.0
1723732200.0,120.889999,122.489998,120.669998,122.019203,51715874.000000,1723735800.0
1723735800.0,122.010101,122.489998,121.690002,122.455002,29671304.000000,1723739400.0
1723739400.0,122.449997,122.480003,121.839996,122.040100,24981794.000000,1723743000.0
1723743000.0,122.050003,123.209999,122.044998,122.930199,28762902.000000,1723746600.0
1723746600.0,122.939903,122.980003,122.099998,122.355003,25787258.000000,1723750200.0
1723750200.0,122.349998,122.970001,122.110001,122.910004,24826433.000000,1723753800.0
1723815000.0,121.353600,125.000000,121.180000,124.570000,99498826.000000,1723818600.0
1723818600.0,124.570000,125.000000,122.330002,123.089996,56374052.000000,1723822200.0
1723822200.0,123.080002,124.089996,122.919998,123.985001,31267985.000000,1723825800.0
1723825800.0,123.989998,124.669998,123.790001,124.574997,26750261.000000,1723829400.0
1723829400.0,124.570000,124.754997,124.029999,124.625000,22699616.000000,1723833000.0
1723833000.0,124.629799,124.699997,123.940002,124.349998,21378972.000000,1723836600.0
1723836600.0,124.359901,124.580002,123.849998,124.580002,20179270.000000,1723840200.0
1724074200.0,123.860001,125.639900,123.419998,124.953499,84933999.000000,1724077800.0
1724077800.0,124.955002,126.570000,124.830002,126.389999,38992239.000000,1724081400.0
1724081400.0,126.379997,127.659897,126.309998,127.044998,37095647.000000,1724085000.0
1724085000.0,127.050003,128.070007,126.449997,127.920097,30152231.000000,1724088600.0
1724088600.0,127.925003,129.289993,127.919998,129.220505,36078372.000000,1724092200.0
1724092200.0,129.220001,129.289993,128.580002,129.074997,30868847.000000,1724095800.0
1724095800.0,129.080002,130.000000,128.759995,129.990005,28861712.000000,1724099400.0
1724160600.0,128.399994,129.880005,126.669998,127.310204,99170806.000000,1724164200.0
1724164200.0,127.318802,127.870003,125.889999,127.279900,52939434.000000,1724167800.0
1724167800.0,127.259300,128.399994,127.209999,127.410004,33310018.000000,1724171400.0
1724171400.0,127.419998,127.620003,126.540001,127.440002,24478747.000000,1724175000.0
1724175000.0,127.459999,128.299896,127.209999,127.949997,21742292.000000,1724178600.0
1724178600.0,127.960098,128.559998,127.570000,127.620102,23727927.000000,1724182200.0
1724182200.0,127.639999,127.849998,127.120003,127.269997,18986615.000000,1724185800.0
1724247000.0,127.315002,128.880005,126.830002,128.043503,71460495.000000,1724250600.0
1724250600.0,128.044998,129.339996,127.199997,128.229904,47216731.000000,1724254200.0
1724254200.0,128.229996,128.240005,126.660004,127.674698,26783326.000000,1724257800.0
1724257800.0,127.660004,128.110001,127.430000,127.770401,16794654.000000,1724261400.0
1724261400.0,127.800003,129.149994,127.769997,129.106003,24352335.000000,1724265000.0
1724265000.0,129.095001,129.350006,127.660004,128.216003,30157959.000000,1724268600.0
1724268600.0,128.220001,128.615005,127.750000,128.449997,20809110.000000,1724272200.0
1724333400.0,130.029999,130.750000,128.229996,129.149307,85725568.000000,1724337000.0
1724337000.0,129.149902,129.149902,127.790001,127.864998,38000789.000000,1724340600.0
1724340600.0,127.839996,127.855003,124.430000,126.574997,63197769.000000,1724344200.0
1724344200.0,126.580002,126.902496,125.360001,126.198997,34041711.000000,1724347800.0
1724347800.0,126.190002,126.300003,123.800003,124.895103,42415090.000000,1724351400.0
1724351400.0,124.889999,125.154999,123.379997,123.510002,36751142.000000,1724355000.0
1724355000.0,123.519997,124.169998,123.099998,123.790001,36397787.000000,1724358600.0
1724419800.0,125.870003,129.600006,125.220001,129.485001,99471311.000000,1724423400.0
1724423400.0,129.479996,129.580002,126.510002,128.740005,57004779.000000,1724427000.0
1724427000.0,128.770004,129.179993,127.180000,127.525002,32240944.000000,1724430600.0
1724430600.0,127.510002,128.149902,126.620003,128.010605,25570577.000000,1724434200.0
1724434200.0,128.020004,128.779999,127.959999,128.669998,20085109.000000,1724437800.0
1724437800.0,128.669998,128.880005,127.875000,128.830002,22573146.000000,1724441400.0
1724441400.0,128.830002,129.320007,128.169998,129.279999,27582703.000000,1724445000.0
1724679000.0,129.600006,131.259995,126.660004,126.845001,103393486.000000,1724682600.0
1724682600.0,126.839996,127.349998,124.370003,127.070000,62728675.000000,1724686200.0
1724686200.0,127.059998,127.440002,125.930000,127.035004,32422470.000000,1724689800.0
1724689800.0,127.025002,127.540001,126.089996,126.489998,28331944.000000,1724693400.0
1724693400.0,126.489998,126.680000,125.550003,126.589996,27701959.000000,1724697000.0
1724697000.0,126.589996,126.989998,126.330002,126.639999,23016655.000000,1724700600.0
1724700600.0,126.639999,126.879997,126.120003,126.449997,22622718.000000,1724704200.0
1724765400.0,125.029999,127.610001,123.879997,127.201599,93846227.000000,1724769000.0
1724769000.0,127.205002,128.979996,127.000000,128.149994,50097633.000000,1724772600.0
1724772600.0,128.110107,128.229996,127.330002,127.974998,30391916.000000,1724776200.0
1724776200.0,127.964996,128.949997,127.519997,128.804993,24907233.000000,1724779800.0
1724779800.0,128.809296,129.199997,128.229996,128.475204,30212633.000000,1724783400.0
1724783400.0,128.470001,128.789993,128.119995,128.460007,22283933.000000,1724787000.0
1724787000.0,128.460007,128.750000,128.199997,128.339996,20730115.000000,1724790600.0
1724851800.0,128.119995,128.330002,126.080002,127.279999,74144659.000000,1724855400.0
1724855400.0,127.269997,127.570000,122.639999,123.990097,74409264.000000,1724859000.0
1724859000.0,123.970100,125.830002,123.910004,125.485001,50989670.000000,1724862600.0
1724862600.0,125.470001,126.029999,125.072998,125.675003,34442445.000000,1724866200.0
1724866200.0,125.669998,125.870003,123.880096,124.958000,34490261.000000,1724869800.0
1724869800.0,124.956802,126.349998,124.425003,126.169899,42699297.000000,1724873400.0
1724873400.0,126.160004,126.676201,125.449997,125.660004,35723996.000000,1724877000.0
1724938200.0,120.159302,124.430000,119.230003,120.739998,161150946.000000,1724941800.0
1724941800.0,120.730003,122.550003,120.489998,120.989998,59984693.000000,1724945400.0
1724945400.0,120.980003,121.839996,120.769997,121.290001,32040570.000000,1724949000.0
1724949000.0,121.279999,121.540001,120.230003,120.620003,29140644.000000,1724952600.0
1724952600.0,120.629997,121.160004,119.010002,119.214996,34442138.000000,1724956200.0
1724956200.0,119.209999,119.214996,116.720001,117.931297,65467182.000000,1724959800.0
1724959800.0,117.940002,119.080002,117.500000,117.590401,36214417.000000,1724963400.0
1725024600.0,119.480003,121.750000,118.449997,119.300003,99495892.000000,1725028200.0
1725028200.0,119.300003,120.209999,117.470001,117.859901,51928541.000000,1725031800.0
1725031800.0,117.849998,118.889999,117.220001,118.349602,35816370.000000,1725035400.0
1725035400.0,118.340103,118.709999,117.839996,118.229301,24962127.000000,1725039000.0
1725039000.0,118.230003,118.800003,117.980003,118.658501,19564723.000000,1725042600.0
1725042600.0,118.660004,119.230003,118.309998,119.036797,28437690.000000,1725046200.0
1725046200.0,119.040001,119.599998,118.370003,119.360001,26525908.000000,1725049800.0
1725370200.0,115.280197,115.300003,111.779999,112.180000,117228658.000000,1725373800.0
1725373800.0,112.173302,112.199997,109.394997,110.930000,89524867.000000,1725377400.0
1725377400.0,110.930000,111.419998,110.000000,110.240097,38413673.000000,1725381000.0
1725381000.0,110.245003,110.809998,109.800003,110.500000,30491299.000000,1725384600.0
1725384600.0,110.500000,110.660004,108.019997,108.285004,49654995.000000,1725388200.0
1725388200.0,108.290001,109.209999,108.020103,108.300003,47703463.000000,1725391800.0
1725391800.0,108.305000,108.480003,107.290001,107.980003,48690229.000000,1725395400.0
1725456600.0,105.379997,108.385002,104.120003,107.360100,129224432.000000,1725460200.0
1725460200.0,107.350098,109.989998,107.205002,108.269997,59060788.000000,1725463800.0
1725463800.0,108.262497,108.860001,107.520103,108.675003,34812666.000000,1725467400.0
1725467400.0,108.675003,109.510002,108.220001,109.010002,27408611.000000,1725471000.0
1725471000.0,109.010002,109.370003,107.720001,108.105003,26157057.000000,1725474600.0
1725474600.0,108.099998,108.150002,105.400002,105.955002,43755634.000000,1725478200.0
1725478200.0,105.959396,106.989998,105.562103,106.169998,33144531.000000,1725481800.0
1725543000.0,105.260002,109.650002,105.000000,109.079498,109306773.000000,1725546600.0
1725546600.0,109.105003,109.339996,106.220001,106.294998,49465467.000000,1725550200.0
1725550200.0,106.305000,107.599998,106.070000,107.410103,34225159.000000,1725553800.0
1725553800.0,107.419899,107.705101,106.315002,106.337502,21973973.000000,1725557400.0
1725557400.0,106.339996,107.750000,106.290001,106.985001,24341139.000000,1725561000.0
1725561000.0,106.980003,107.540001,106.550003,107.169998,21466526.000000,1725564600.0
1725564600.0,107.176003,107.400002,106.379997,107.239998,19508322.000000,1725568200.0
1725629400.0,107.904999,108.150002,103.599998,103.699997,107594986.000000,1725633000.0
1725633000.0,103.699997,104.000000,101.949997,102.320000,81532463.000000,1725636600.0
1725636600.0,102.320000,102.750000,100.949997,101.839996,54783731.000000,1725640200.0
1725640200.0,101.859001,103.269997,101.599998,102.614998,35350486.000000,1725643800.0
1725643800.0,102.599998,102.730003,101.779999,102.009903,30018251.000000,1725647400.0
1725647400.0,102.010002,103.570000,101.990196,103.385002,35575241.000000,1725651000.0
1725651000.0,103.400002,103.665001,102.489998,102.839996,27855515.000000,1725654600.0
1725888600.0,104.864998,106.550003,104.820000,105.042000,82098735.000000,1725892200.0
1725892200.0,105.019997,105.079903,103.690002,104.930000,42550860.000000,1725895800.0
1725895800.0,104.931000,105.680000,104.709999,105.570000,26639014.000000,1725899400.0
1725899400.0,105.570000,106.199997,105.190002,105.949997,24285051.000000,1725903000.0
1725903000.0,105.945000,105.945000,104.910004,104.940002,24252460.000000,1725906600.0
1725906600.0,104.940002,105.885002,104.680000,105.801399,22150277.000000,1725910200.0
1725910200.0,105.790001,106.550003,105.525002,106.480003,20173904.000000,1725913800.0
1725975000.0,107.975304,109.400002,105.959999,107.290001,87845460.000000,1725978600.0
1725978600.0,107.299896,107.544998,106.416000,107.117798,33241851.000000,1725982200.0
1725982200.0,107.099998,107.440002,104.949997,105.455002,36994246.000000,1725985800.0
1725985800.0,105.449997,106.650002,105.410004,106.199997,24532466.000000,1725989400.0
1725989400.0,106.195000,107.470001,106.120003,107.294197,22080720.000000,1725993000.0
1725993000.0,107.300003,107.580002,107.029999,107.549896,20222622.000000,1725996600.0
1725996600.0,107.544998,108.180000,107.330002,108.019997,20494338.000000,1726000200.0
1726061400.0,109.400002,111.930000,108.470001,109.315002,104156057.000000,1726065000.0
1726065000.0,109.309998,109.449997,107.419998,109.320000,50513326.000000,1726068600.0
1726068600.0,109.300003,112.870003,109.165001,112.827499,59793549.000000,1726072200.0
1726072200.0,112.820503,113.870003,111.709999,113.855003,50045657.000000,1726075800.0
1726075800.0,113.860001,115.370003,113.360001,115.276199,50208711.000000,1726079400.0
1726079400.0,115.285004,116.139999,114.559998,115.980003,48831566.000000,1726083000.0
1726083000.0,115.985001,117.180000,115.660004,116.849998,39897445.000000,1726086600.0
1726147800.0,116.875000,119.820000,115.379997,119.605003,110932880.000000,1726151400.0
1726151400.0,119.600098,120.239998,118.279999,118.669998,61988443.000000,1726155000.0
1726155000.0,118.675003,119.300003,117.769997,119.135002,39212589.000000,1726158600.0
1726158600.0,119.139397,119.959999,118.470001,119.840103,30068279.000000,1726162200.0
1726162200.0,119.855003,120.790001,119.467903,120.400101,38812810.000000,1726165800.0
1726165800.0,120.400002,120.489998,119.099998,119.949997,35025996.000000,1726169400.0
1726169400.0,119.959999,120.099998,119.019997,119.180000,25774270.000000,1726173000.0
1726234200.0,119.010002,119.955002,118.019997,118.370003,77115916.000000,1726237800.0
1726237800.0,118.370201,119.790001,117.599998,119.410202,41632945.000000,1726241400.0
1726241400.0,119.419998,119.550003,118.300003,118.714996,27707927.000000,1726245000.0
1726245000.0,118.720001,119.330002,118.445000,119.105003,21624083.000000,1726248600.0
1726248600.0,119.105003,119.169998,118.368797,118.614998,17701903.000000,1726252200.0
1726252200.0,118.620003,119.129997,118.419998,119.059998,20818196.000000,1726255800.0
1726255800.0,119.059998,119.139999,118.709999,119.070000,17327901.000000,1726259400.0
1726493400.0,116.809998,118.180000,114.360001,117.114998,88468816.000000,1726497000.0
1726497000.0,117.129997,117.249901,116.029999,116.625000,35852811.000000,1726500600.0
1726500600.0,116.625000,116.870003,115.710899,116.169899,26871447.000000,1726504200.0
1726504200.0,116.169998,116.790001,115.750000,116.620003,18889204.000000,1726507800.0
1726507800.0,116.620796,117.074997,116.450104,116.665001,17703890.000000,1726511400.0
1726511400.0,116.660599,116.684998,116.099998,116.350098,17752526.000000,1726515000.0
1726515000.0,116.350197,116.790001,116.230003,116.769997,14443184.000000,1726518600.0
1726579800.0,118.760002,118.800003,116.540001,117.749901,64854037.000000,1726583400.0
1726583400.0,117.739998,118.270599,117.180000,117.209999,28647718.000000,1726587000.0
1726587000.0,117.206001,117.519997,115.970001,116.529900,25503727.000000,1726590600.0
1726590600.0,116.519997,116.699997,115.669998,116.095001,26392736.000000,1726594200.0
1726594200.0,116.089996,116.260002,114.830002,115.379097,25990083.000000,1726597800.0
1726597800.0,115.375000,115.650002,114.855003,115.349998,21933744.000000,1726601400.0
1726601400.0,115.341202,115.650002,114.980003,115.584999,18718670.000000,1726605000.0
1726666200.0,116.026001,116.349998,114.610001,115.120003,54005037.000000,1726669800.0
1726669800.0,115.129303,115.439796,114.529999,114.829903,24486152.000000,1726673400.0
1726673400.0,114.822197,114.849998,113.680000,114.690002,27633139.000000,1726677000.0
1726677000.0,114.699997,115.330002,114.570000,115.099998,21073731.000000,1726680600.0
1726680600.0,115.095001,117.169998,114.629997,116.775002,49042417.000000,1726684200.0
1726684200.0,116.779999,117.699997,113.510002,115.389999,66458647.000000,1726687800.0
1726687800.0,115.389999,115.730003,113.220001,113.220001,32757218.000000,1726691400.0
1726752600.0,117.320000,119.470001,117.250000,119.220001,95723223.000000,1726756200.0
1726756200.0,119.300697,119.599998,118.510002,119.525200,36413875.000000,1726759800.0
1726759800.0,119.525002,119.660004,118.769997,119.160004,26693186.000000,1726763400.0
1726763400.0,119.169998,119.660004,118.940002,119.495003,23193470.000000,1726767000.0
1726767000.0,119.404999,119.489998,118.669998,119.124001,21799497.000000,1726770600.0
1726770600.0,119.129997,119.135002,117.610001,118.144997,29362719.000000,1726774200.0
1726774200.0,118.160004,118.650002,117.709999,117.980003,21695352.000000,1726777800.0
1726839000.0,117.059998,118.618103,116.709999,117.080002,76665867.000000,1726842600.0
1726842600.0,117.070000,117.419998,115.390099,115.739998,41470671.000000,1726846200.0
1726846200.0,115.739998,116.820000,115.699997,116.679398,31124714.000000,1726849800.0
1726849800.0,116.660004,116.669998,116.019997,116.190102,18720226.000000,1726853400.0
1726853400.0,116.190002,116.559998,115.500000,115.844498,25463820.000000,1726857000.0
1726857000.0,115.839996,116.720001,115.690002,116.620003,22337565.000000,1726860600.0
1726860600.0,116.625000,116.889999,115.720001,116.080002,27559179.000000,1726864200.0
1727098200.0,116.459999,116.989998,115.449997,116.175003,56701554.000000,1727101800.0
1727101800.0,116.175003,116.239998,114.860001,115.525002,32593605.000000,1727105400.0
1727105400.0,115.529999,116.349998,115.440002,115.495003,24615527.000000,1727109000.0
1727109000.0,115.489998,115.779999,115.269997,115.669998,18461327.000000,1727112600.0
1727112600.0,115.665001,116.229897,115.559998,116.110298,14762662.000000,1727116200.0
1727116200.0,116.110001,116.605003,115.910004,116.528999,15548684.000000,1727119800.0
1727119800.0,116.529404,116.570000,116.150002,116.239998,14358863.000000,1727123400.0
1727184600.0,116.514999,117.610001,115.839996,115.984100,56053899.000000,1727188200.0
1727188200.0,115.985001,117.449997,115.379997,117.379997,37634844.000000,1727191800.0
1727191800.0,117.389900,121.620003,117.379997,120.779999,94116304.000000,1727195400.0
1727195400.0,120.782097,121.470001,120.551697,121.294998,36259139.000000,1727199000.0
1727199000.0,121.315002,121.800003,121.099998,121.309998,30789973.000000,1727202600.0
1727202600.0,121.315002,121.400002,120.430000,120.431000,28892110.000000,1727206200.0
1727206200.0,120.434998,121.180000,120.099998,120.949997,28259500.000000,1727209800.0
1727271000.0,122.029999,124.930000,121.614998,124.565002,95740250.000000,1727274600.0
1727274600.0,124.565002,124.900002,124.010002,124.025200,41870989.000000,1727278200.0
1727278200.0,124.019997,124.250000,123.059998,123.797096,36973240.000000,1727281800.0
1727281800.0,123.800003,123.889999,122.760002,123.259903,27098149.000000,1727285400.0
1727285400.0,123.250000,123.599998,122.620003,123.599998,24210456.000000,1727289000.0
1727289000.0,123.597504,123.599998,123.209999,123.290001,15776500.000000,1727292600.0
1727292600.0,123.300003,123.589996,123.220001,123.559998,15319575.000000,1727296200.0
1727357400.0,126.779999,127.665001,125.529999,125.669998,90395504.000000,1727361000.0
1727361000.0,125.679901,125.839996,122.154999,123.539101,65540148.000000,1727364600.0
1727364600.0,123.525002,124.488503,122.949997,123.421700,31071894.000000,1727368200.0
1727368200.0,123.410103,123.550003,121.800003,122.639999,26191868.000000,1727371800.0
1727371800.0,122.640900,124.049797,122.550003,124.029297,26965092.000000,1727375400.0
1727375400.0,124.025002,124.449997,123.529999,124.129997,23400572.000000,1727379000.0
1727379000.0,124.139099,124.239899,123.650002,123.989998,16979294.000000,1727382600.0
1727443800.0,123.937500,124.000000,120.910004,121.380096,70060186.000000,1727447400.0
1727447400.0,121.300003,121.510002,119.820000,120.254997,47670657.000000,1727451000.0
1727451000.0,120.259201,120.955002,119.959999,120.830002,27820965.000000,1727454600.0
1727454600.0,120.830002,121.180000,120.199997,120.219200,19945637.000000,1727458200.0
1727458200.0,120.210800,120.959999,119.349998,119.349998,24732932.000000,1727461800.0
1727461800.0,119.370003,120.526001,119.260002,120.500000,27723104.000000,1727465400.0
1727465400.0,120.480103,121.970001,120.385002,121.400002,27623003.000000,1727469000.0
1727703000.0,118.294998,121.269997,118.150002,120.090797,66913853.000000,1727706600.0
1727706600.0,120.099998,120.973801,119.660004,120.973801,26448987.000000,1727710200.0
1727710200.0,121.065002,121.099998,120.260002,120.714996,21952911.000000,1727713800.0
1727713800.0,120.720001,120.809998,119.959999,120.100700,16099303.000000,1727717400.0
1727717400.0,120.105003,120.690002,119.180000,119.470001,21885081.000000,1727721000.0
1727721000.0,119.470001,120.360001,119.190002,120.084999,23135879.000000,1727724600.0
1727724600.0,120.080002,121.500000,119.819702,121.489998,22603713.000000,1727728200.0
1727789400.0,121.764999,122.434998,117.620003,117.889198,70408748.000000,1727793000.0
1727793000.0,117.870003,118.470001,116.199997,117.419998,49018494.000000,1727796600.0
1727796600.0,117.410004,118.089996,116.900002,117.480003,32494796.000000,1727800200.0
1727800200.0,117.480003,117.599998,115.790001,115.995003,36720338.000000,1727803800.0
1727803800.0,115.989899,117.945000,115.889999,117.810097,29536695.000000,1727807400.0
1727807400.0,117.814003,118.059998,117.239998,117.474998,24719590.000000,1727811000.0
1727811000.0,117.470001,117.470001,116.720001,116.949898,22720466.000000,1727814600.0
1727875800.0,116.419998,118.750000,115.139999,118.250000,66749149.000000,1727879400.0
1727879400.0,118.250000,119.239998,117.629997,118.872803,30144068.000000,1727883000.0
1727883000.0,118.879997,119.290001,118.570000,118.985001,23327842.000000,1727886600.0
1727886600.0,118.989998,118.989998,117.839996,118.379204,17473621.000000,1727890200.0
1727890200.0,118.360001,118.889999,117.760002,118.629997,17602525.000000,1727893800.0
1727893800.0,118.629997,119.160004,118.480003,119.040001,17840580.000000,1727897400.0
1727897400.0,119.050003,119.379997,118.760002,118.839897,16622500.000000,1727901000.0
1727962200.0,120.919998,124.360001,120.340103,122.260002,104618154.000000,1727965800.0
1727965800.0,122.260002,123.160004,121.779999,122.724998,41186772.000000,1727969400.0
1727969400.0,122.720001,123.330002,122.696800,123.040001,24893614.000000,1727973000.0
1727973000.0,123.050003,123.070000,121.459999,122.699997,29056405.000000,1727976600.0
1727976600.0,122.699997,123.199997,122.382004,122.745003,20102782.000000,1727980200.0
1727980200.0,122.745003,122.879898,122.112503,122.160500,18091694.000000,1727983800.0
1727983800.0,122.169998,123.000000,122.154999,122.839996,18226899.000000,1727987400.0
1728048600.0,124.808899,124.830002,121.900002,122.519997,80373372.000000,1728052200.0
1728052200.0,122.529999,124.099998,122.355003,123.589996,36945317.000000,1728055800.0
1728055800.0,123.580002,124.349998,123.260002,123.830002,25045462.000000,1728059400.0
1728059400.0,123.830002,124.489998,123.769997,124.035004,18530654.000000,1728063000.0
1728063000.0,124.040001,124.599998,123.760002,124.593399,22292813.000000,1728066600.0
1728066600.0,124.589996,124.699997,124.300003,124.555000,18383132.000000,1728070200.0
1728070200.0,124.555000,125.019997,124.480003,124.889999,24014244.000000,1728073800.0
1728307800.0,124.949997,127.809998,124.949997,127.245003,80097596.000000,1728311400.0
1728311400.0,127.245003,128.610001,126.510002,128.599197,47992679.000000,1728315000.0
1728315000.0,128.599899,129.649994,128.550003,129.556305,46140495.000000,1728318600.0
1728318600.0,129.559402,129.699997,128.809998,129.429703,29112870.000000,1728322200.0
1728322200.0,129.449799,130.639999,129.169998,129.729996,49595566.000000,1728325800.0
1728325800.0,129.729996,129.779907,127.940002,128.244995,43181861.000000,1728329400.0
1728329400.0,128.250000,128.619995,127.519997,127.790001,26902103.000000,1728333000.0
1728394200.0,130.330002,131.880005,129.419998,131.639801,88240738.000000,1728397800.0
1728397800.0,131.634995,132.919998,131.535004,131.893997,53037326.000000,1728401400.0
1728401400.0,131.900101,132.574997,131.610001,132.565002,27024947.000000,1728405000.0
1728405000.0,132.559998,132.690002,131.699997,132.050003,21136447.000000,1728408600.0
1728408600.0,132.064102,132.630600,131.999893,132.619293,17193286.000000,1728412200.0
1728412200.0,132.615005,133.300003,132.270004,133.289993,32581100.000000,1728415800.0
1728415800.0,133.289993,133.479996,132.744003,132.936005,23691861.000000,1728419400.0
1728480600.0,134.218796,134.300003,131.380005,133.909500,87025783.000000,1728484200.0
1728484200.0,133.904999,133.960007,132.509995,133.140594,36984056.000000,1728487800.0
1728487800.0,133.149307,133.429092,131.470001,132.309906,31493459.000000,1728491400.0
1728491400.0,132.303406,132.559998,131.669998,131.985001,20003973.000000,1728495000.0
1728495000.0,131.984604,132.679993,131.479996,132.630905,21393569.000000,1728498600.0
1728498600.0,132.639999,132.690002,132.119995,132.330902,17609317.000000,1728502200.0
1728502200.0,132.335007,132.839996,132.309998,132.625000,16425633.000000,1728505800.0
1728567000.0,131.520004,134.289993,131.301895,134.264999,73574479.000000,1728570600.0
1728570600.0,134.259995,134.770004,133.460007,134.080093,37325114.000000,1728574200.0
1728574200.0,134.085007,135.000000,133.940094,134.384705,27402661.000000,1728577800.0
1728577800.0,134.369995,134.899994,133.949997,134.795700,25312958.000000,1728581400.0
1728581400.0,134.809998,134.979996,134.130005,134.339996,18223135.000000,1728585000.0
1728585000.0,134.331406,134.750000,133.520004,134.645004,26083908.000000,1728588600.0
1728588600.0,134.639999,134.850006,134.164001,134.800003,17638828.000000,1728592200.0
1728653400.0,134.020004,135.779999,133.660004,135.029800,62079200.000000,1728657000.0
1728657000.0,135.029907,135.429993,134.179993,134.950104,29731851.000000,1728660600.0
1728660600.0,134.941498,135.250000,134.679993,135.119995,17430163.000000,1728664200.0
1728664200.0,135.130005,135.149994,134.669998,134.850006,12064169.000000,1728667800.0
1728667800.0,134.839996,135.149902,134.770004,134.899002,11584827.000000,1728671400.0
1728671400.0,134.899994,134.970001,134.559998,134.820007,12431698.000000,1728675000.0
1728675000.0,134.819107,134.929993,134.684998,134.750000,11468505.000000,1728678600.0
1728912600.0,136.429993,139.529999,136.300003,139.315002,80017009.000000,1728916200.0
1728916200.0,139.300003,139.600006,137.720001,138.020004,35801251.000000,1728919800.0
1728919800.0,138.020004,138.520004,137.429993,138.500000,22565261.000000,1728923400.0
1728923400.0,138.490005,138.739899,138.139999,138.589996,16453146.000000,1728927000.0
1728927000.0,138.589996,138.990005,138.490005,138.690796,13863861.000000,1728930600.0
1728930600.0,138.699997,139.050003,138.410004,138.740005,19238805.000000,1728934200.0
1728934200.0,138.740005,138.899994,137.860001,138.140106,20398623.000000,1728937800.0
1728999000.0,137.580002,138.570007,131.860001,132.110001,98327408.000000,1729002600.0
1729002600.0,132.104401,132.817993,128.740005,131.796005,96019919.000000,1729006200.0
1729006200.0,131.779999,132.395004,130.009995,130.835007,43374304.000000,1729009800.0
1729009800.0,130.839996,131.699997,130.833496,131.080002,27417003.000000,1729013400.0
1729013400.0,131.085007,132.250000,130.830002,131.839996,26669839.000000,1729017000.0
1729017000.0,131.830002,132.190002,130.645004,131.190903,28013192.000000,1729020600.0
1729020600.0,131.199997,131.979996,130.649994,131.610001,26366584.000000,1729024200.0
1729085400.0,133.955002,134.649994,131.580002,134.421997,76813534.000000,1729089000.0
1729089000.0,134.440002,134.779999,132.673004,134.160004,40168282.000000,1729092600.0
1729092600.0,134.160004,134.339996,133.740005,134.220001,22304078.000000,1729096200.0
1729096200.0,134.220093,135.695999,134.130005,135.477005,27949316.000000,1729099800.0
1729099800.0,135.479996,136.440002,135.470001,136.419998,30790484.000000,1729103400.0
1729103400.0,136.425003,136.619995,135.910004,136.026001,26041553.000000,1729107000.0
1729107000.0,136.029999,136.070007,135.310593,135.709900,19418534.000000,1729110600.0
1729171800.0,139.350006,140.889999,137.375000,139.590195,121602338.000000,1729175400.0
1729175400.0,139.639999,139.740005,138.389999,139.649994,40882687.000000,1729179000.0
1729179000.0,139.649994,140.251999,139.220001,139.460098,32335890.000000,1729182600.0
1729182600.0,139.464996,139.679993,138.893402,139.539902,21696482.000000,1729186200.0
1729186200.0,139.535004,139.919998,138.309998,138.664001,23245295.000000,1729189800.0
1729189800.0,138.664993,138.979996,137.910004,137.926193,23161284.000000,1729193400.0
1729193400.0,137.949997,138.169998,136.869995,136.919998,23689363.000000,1729197000.0
1729258200.0,138.145004,138.899994,137.380005,138.222702,59459699.000000,1729261800.0
1729261800.0,138.221100,138.350006,137.449997,137.964996,21659549.000000,1729265400.0
1729265400.0,137.979996,138.100006,137.279999,137.554001,15798333.000000,1729269000.0
1729269000.0,137.550003,138.669998,137.529999,138.339996,19479007.000000,1729272600.0
1729272600.0,138.339996,138.500000,138.009995,138.270004,12656560.000000,1729276200.0
1729276200.0,138.264999,138.330002,137.869995,138.180099,13544144.000000,1729279800.0
1729279800.0,138.184998,138.184998,137.889999,137.979996,12321477.000000,1729283400.0
1729517400.0,138.145004,141.800003,138.009995,141.429993,78715899.000000,1729521000.0
1729521000.0,141.430099,141.529999,139.940002,140.354996,37727208.000000,1729524600.0
1729524600.0,140.350006,141.550003,140.285004,141.076797,22578413.000000,1729528200.0
1729528200.0,141.089096,141.699997,140.690002,141.535706,17172594.000000,1729531800.0
1729531800.0,141.535004,142.460007,141.529999,142.069901,30023012.000000,1729535400.0
1729535400.0,142.060104,142.610001,141.779999,142.470001,21972410.000000,1729539000.0
1729539000.0,142.479996,143.710007,142.139999,143.699997,27144345.000000,1729542600.0
1729603800.0,142.289993,144.419998,141.779999,143.520004,79487338.000000,1729607400.0
1729607400.0,143.520004,143.750000,142.330002,143.260101,32440573.000000,1729611000.0
1729611000.0,143.266006,143.490005,142.529999,142.615005,17057980.000000,1729614600.0
1729614600.0,142.619995,143.419998,141.960007,143.419907,21629451.000000,1729618200.0
1729618200.0,143.419800,144.059906,143.300003,143.350006,22305926.000000,1729621800.0
1729621800.0,143.360001,143.750000,143.111496,143.740005,17050545.000000,1729625400.0
1729625400.0,143.740005,143.860001,143.449997,143.570007,14702197.000000,1729629000.0
1729690200.0,141.843002,142.429993,138.259995,140.339996,85128048.000000,1729693800.0
1729693800.0,140.350006,141.410004,139.660004,139.731995,40222146.000000,1729697400.0
1729697400.0,139.710007,140.699997,139.350006,139.404999,25775688.000000,1729701000.0
1729701000.0,139.399994,139.869995,137.699997,138.438797,31996546.000000,1729704600.0
1729704600.0,138.430801,138.500000,137.460007,138.445007,27671609.000000,1729708200.0
1729708200.0,138.445007,139.240005,138.220001,138.919998,30472018.000000,1729711800.0
1729711800.0,138.925003,139.859894,138.639999,139.570007,19363612.000000,1729715400.0
1729776600.0,140.820007,141.350006,138.460007,138.529999,57260778.000000,1729780200.0
1729780200.0,138.539993,140.029694,138.520004,139.705002,26348227.000000,1729783800.0
1729783800.0,139.699997,139.850006,138.789993,139.425003,17309886.000000,1729787400.0
1729787400.0,139.429993,140.059998,139.145004,139.537003,14765867.000000,1729791000.0
1729791000.0,139.539993,140.139999,139.259995,139.857193,12461923.000000,1729794600.0
1729794600.0,139.876007,140.539993,139.600006,140.529999,14405766.000000,1729798200.0
1729798200.0,140.524994,140.839996,140.250000,140.399994,13277656.000000,1729801800.0
1729863000.0,140.940002,143.550003,140.800003,143.450104,59191386.000000,1729866600.0
1729866600.0,143.460007,144.110001,143.020004,143.729904,30457488.000000,1729870200.0
1729870200.0,143.740005,144.050003,143.309998,143.619995,21337436.000000,1729873800.0
1729873800.0,143.619904,143.630005,142.509995,142.519897,16722765.000000,1729877400.0
1729877400.0,142.509995,142.740005,140.942001,141.959900,31614170.000000,1729881000.0
1729881000.0,141.960007,142.299896,141.675003,141.942902,15965833.000000,1729884600.0
1729884600.0,141.945007,142.190002,141.380005,141.470001,13457139.000000,1729888200.0
1730122200.0,142.369797,142.389999,140.889999,141.460007,50535052.000000,1730125800.0
1730125800.0,141.464905,141.699997,140.789993,141.015396,25699061.000000,1730129400.0
1730129400.0,141.029999,141.070007,140.050003,140.539993,23081781.000000,1730133000.0
1730133000.0,140.539993,141.279999,140.179993,141.169998,15707963.000000,1730136600.0
1730136600.0,141.179993,141.490005,141.009995,141.240005,13467263.000000,1730140200.0
1730140200.0,141.240005,141.330002,140.729996,141.230698,12228507.000000,1730143800.0
1730143800.0,141.235001,141.330002,140.399994,140.610001,13105912.000000,1730147400.0
1730208600.0,140.250000,140.729996,138.899994,140.330002,41937597.000000,1730212200.0
1730212200.0,140.330002,141.110001,140.199997,141.038895,19797823.000000,1730215800.0
1730215800.0,141.039993,142.000000,140.699997,141.680099,18853341.000000,1730219400.0
1730219400.0,141.695999,141.850006,141.197906,141.485001,14274390.000000,1730223000.0
1730223000.0,141.500000,141.759903,141.250000,141.699997,10575850.000000,1730226600.0
1730226600.0,141.690002,142.255005,141.619995,142.089996,14725585.000000,1730230200.0
1730230200.0,142.085007,142.138794,141.020004,141.199997,13662138.000000,1730233800.0
1730295000.0,139.440002,139.914993,136.809998,139.369995,61262191.000000,1730298600.0
1730298600.0,139.369995,140.179993,138.830002,140.179901,19613802.000000,1730302200.0
1730302200.0,140.169998,140.179993,139.470001,139.554993,14023471.000000,1730305800.0
1730305800.0,139.569901,140.330002,139.360001,139.829895,11933106.000000,1730309400.0
1730309400.0,139.809204,140.279999,138.960007,139.970001,14964589.000000,1730313000.0
1730313000.0,139.960007,140.160004,139.320007,139.419998,12164956.000000,1730316600.0
1730316600.0,139.414993,139.990005,139.130005,139.179993,14161047.000000,1730320200.0
1730381400.0,137.610001,137.610001,132.370102,133.809998,82137383.000000,1730385000.0
1730385000.0,133.809998,134.179993,133.020004,133.830505,31508825.000000,1730388600.0
1730388600.0,133.820007,133.940002,132.300003,133.585007,27711250.000000,1730392200.0
1730392200.0,133.580002,133.839996,133.229996,133.324997,14571145.000000,1730395800.0
1730395800.0,133.324997,133.429993,132.509995,132.645294,17674160.000000,1730399400.0
1730399400.0,132.649902,134.039993,132.113007,133.627899,26786914.000000,1730403000.0
1730403000.0,133.630005,134.550003,132.410004,132.695007,25757359.000000,1730406600.0
1730467800.0,134.660004,137.309998,134.570007,137.173996,61795417.000000,1730471400.0
1730471400.0,137.190002,137.229294,135.900497,137.006302,31891433.000000,1730475000.0
1730475000.0,137.009995,137.130005,136.090897,136.400101,16319752.000000,1730478600.0
1730478600.0,136.360001,136.684998,135.500000,136.330002,19585389.000000,1730482200.0
1730482200.0,136.324997,136.360001,134.949997,135.473999,18874792.000000,1730485800.0
1730485800.0,135.479095,136.080002,135.331100,135.595001,14485066.000000,1730489400.0
1730489400.0,135.589996,136.029999,135.035004,135.419998,14798805.000000,1730493000.0
1730730600.0,137.255600,137.995300,135.570007,137.824997,60781340.000000,1730734200.0
1730734200.0,137.809998,138.960007,137.210007,138.606094,25903089.000000,1730737800.0
1730737800.0,138.610001,138.729996,137.029999,137.751999,22303822.000000,1730741400.0
1730741400.0,137.759903,138.080002,137.320007,137.770004,15805625.000000,1730745000.0
1730745000.0,137.764999,138.389893,137.649994,137.879898,11550013.000000,1730748600.0
1730748600.0,137.869995,138.149994,137.490005,137.500000,14224016.000000,1730752200.0
1730752200.0,137.500000,137.550003,136.000000,136.080002,18100851.000000,1730755800.0
1730817000.0,137.429993,139.350006,137.350006,138.770096,44790395.000000,1730820600.0
1730820600.0,138.780899,139.729996,138.729996,139.645004,18847028.000000,1730824200.0
1730824200.0,139.649994,140.370102,139.619995,139.690399,20776294.000000,1730827800.0
1730827800.0,139.699097,139.970001,139.350006,139.560104,14092325.000000,1730831400.0
1730831400.0,139.570007,140.000000,139.080002,139.820007,14137270.000000,1730835000.0
1730835000.0,139.824997,139.949997,139.250107,139.873398,12962335.000000,1730838600.0
1730838600.0,139.860001,139.940002,139.129303,139.910004,14420996.000000,1730842200.0
1730903400.0,142.929993,144.630005,141.960007,144.065002,78272745.000000,1730907000.0
1730907000.0,144.065002,144.309998,143.229996,144.050003,23301199.000000,1730910600.0
1730910600.0,144.054993,145.000000,143.899994,144.881104,22389081.000000,1730914200.0
1730914200.0,144.881302,146.335007,144.679993,146.169998,33826579.000000,1730917800.0
1730917800.0,146.169998,146.229996,145.419998,146.020004,17108631.000000,1730921400.0
1730921400.0,145.990005,146.490005,145.899994,146.240005,20189742.000000,1730925000.0
1730925000.0,146.240005,146.339996,145.321594,145.619995,18744290.000000,1730928600.0
1730989800.0,146.360001,148.750000,146.169998,148.119995,61418565.000000,1730993400.0
1730993400.0,148.125000,148.380005,147.289993,147.961807,26539772.000000,1730997000.0
1730997000.0,147.960007,148.299896,147.710007,148.029999,14263951.000000,1731000600.0
1731000600.0,148.029999,148.250000,147.449997,147.789993,14763668.000000,1731004200.0
1731004200.0,147.785004,148.494995,147.649994,147.910004,16271871.000000,1731007800.0
1731007800.0,147.914993,148.479904,147.559998,148.274994,22875030.000000,1731011400.0
1731011400.0,148.270004,148.919998,148.059998,148.889999,16759777.000000,1731015000.0
1731076200.0,148.770004,149.759995,146.259995,147.089996,66970756.000000,1731079800.0
1731079800.0,147.080002,147.580002,146.350006,147.250000,23309931.000000,1731083400.0
1731083400.0,147.250000,147.970001,147.130005,147.520004,15218271.000000,1731087000.0
1731087000.0,147.514999,147.850006,147.220001,147.459900,9951775.000000,1731090600.0
1731090600.0,147.449997,147.729996,147.130096,147.300003,10606342.000000,1731094200.0
1731094200.0,147.294998,147.449997,146.850006,147.250107,12668465.000000,1731097800.0
1731097800.0,147.240005,147.839996,147.110001,147.500000,12861470.000000,1731101400.0
1731335400.0,148.679993,148.770004,143.570007,145.005493,69841367.000000,1731339000.0
1731339000.0,145.000000,146.490005,145.000000,145.469894,24566872.000000,1731342600.0
1731342600.0,145.470001,145.600006,144.695007,144.960098,16148542.000000,1731346200.0
1731346200.0,144.970001,145.600006,144.470001,144.887100,14842047.000000,1731349800.0
1731349800.0,144.889099,145.139999,144.630005,144.695007,10777542.000000,1731353400.0
1731353400.0,144.694107,145.899994,144.630005,145.345001,14414068.000000,1731357000.0
1731357000.0,145.345001,145.689896,144.884995,145.279999,11927016.000000,1731360600.0
1731421800.0,146.735001,149.550003,146.009995,149.220001,64287360.000000,1731425400.0
1731425400.0,149.210007,149.619995,147.929993,148.645004,28277149.000000,1731429000.0
1731429000.0,148.639999,149.369995,147.550003,148.085007,21174825.000000,1731432600.0
1731432600.0,148.070007,148.130005,146.580002,147.119995,19093300.000000,1731436200.0
1731436200.0,147.089005,148.559998,147.080002,148.230896,13856982.000000,1731439800.0
1731439800.0,148.225006,148.744995,147.550003,147.786194,12812037.000000,1731443400.0
1731443400.0,147.779999,148.529907,147.619995,148.399994,14689439.000000,1731447000.0
1731508200.0,149.050003,149.330002,146.720001,147.244003,52875837.000000,1731511800.0
1731511800.0,147.250000,147.759995,146.550003,147.324997,20146063.000000,1731515400.0
1731515400.0,147.303497,147.419998,145.899994,146.960007,21527509.000000,1731519000.0
1731519000.0,146.960007,147.339996,146.410004,147.024994,14159243.000000,1731522600.0
1731522600.0,147.024994,147.839996,146.529999,146.849899,14839533.000000,1731526200.0
1731526200.0,146.839996,147.199905,146.350006,146.490005,14872318.000000,1731529800.0
1731529800.0,146.475006,147.039993,145.949997,146.419998,15990383.000000,1731533400.0
1731594600.0,147.289993,148.570007,145.744995,148.315201,54272218.000000,1731598200.0
1731598200.0,148.309998,148.990005,147.690002,148.865005,25106650.000000,1731601800.0
1731601800.0,148.875000,149.000000,147.671204,147.755005,18098271.000000,1731605400.0
1731605400.0,147.753906,147.869995,147.270004,147.427505,16034380.000000,1731609000.0
1731609000.0,147.429993,147.520004,146.470001,146.802597,25311371.000000,1731612600.0
1731612600.0,146.800003,147.105194,145.850006,146.160004,19908657.000000,1731616200.0
1731616200.0,146.169998,146.890106,145.759995,146.800095,13599159.000000,1731619800.0
1731681000.0,144.869995,145.240005,141.809998,142.389999,67749741.000000,1731684600.0
1731684600.0,142.380005,143.529999,142.300003,142.970001,26200905.000000,1731688200.0
1731688200.0,142.960007,143.100006,140.839996,141.809998,29495799.000000,1731691800.0
1731691800.0,141.794998,142.190002,140.720001,141.235001,22083629.000000,1731695400.0
1731695400.0,141.220001,141.336105,140.080002,140.119995,24284572.000000,1731699000.0
1731699000.0,140.130005,142.339996,140.100006,142.070007,31079307.000000,1731702600.0
1731702600.0,142.050003,142.315002,141.544998,141.970306,20081701.000000,1731706200.0
1731940200.0,139.839996,140.130005,137.149994,140.009995,74926664.000000,1731943800.0
1731943800.0,140.009995,141.169998,139.639999,141.029999,24675009.000000,1731947400.0
1731947400.0,141.020004,141.279999,139.350006,139.529999,22706788.000000,1731951000.0
1731951000.0,139.529999,140.050003,138.880005,139.843506,16132498.000000,1731954600.0
1731954600.0,139.860001,140.399994,139.352997,139.710007,15415554.000000,1731958200.0
1731958200.0,139.720001,141.550003,139.559998,141.500000,15272534.000000,1731961800.0
1731961800.0,141.470001,141.500000,139.500000,140.199997,18040131.000000,1731965400.0
1732026600.0,141.500000,143.550003,140.990005,142.979996,59592508.000000,1732030200.0
1732030200.0,142.970001,144.550003,142.770004,143.679993,29728176.000000,1732033800.0
1732033800.0,143.680496,144.160004,143.160004,143.600006,17453921.000000,1732037400.0
1732037400.0,143.600006,144.660004,143.410004,144.606903,16232534.000000,1732041000.0
1732041000.0,144.610001,146.309998,144.509995,146.034607,25125970.000000,1732044600.0
1732044600.0,146.035004,146.970001,145.779999,146.634903,26511111.000000,1732048200.0
1732048200.0,146.630005,147.130005,146.130005,146.990005,21863148.000000,1732051800.0
1732113000.0,146.360001,147.380005,142.729996,143.834503,70469342.000000,1732116600.0
1732116600.0,143.830002,146.580002,143.789993,144.789993,39712714.000000,1732120200.0
1732120200.0,144.810806,146.220001,144.199997,145.310104,28787398.000000,1732123800.0
1732123800.0,145.315002,145.500000,144.380005,145.020996,19184166.000000,1732127400.0
1732127400.0,145.020004,145.050003,143.240005,143.470001,22144642.000000,1732131000.0
1732131000.0,143.460007,144.570007,143.410004,144.470001,25982186.000000,1732134600.0
1732134600.0,144.460007,146.160004,144.451096,145.929993,29516785.000000,1732138200.0
1732199400.0,149.315002,152.889999,141.020004,141.195999,161308642.000000,1732203000.0
1732203000.0,141.152298,145.089905,140.699997,144.981995,53973735.000000,1732206600.0
1732206600.0,144.990005,145.455002,143.149994,144.279999,36124960.000000,1732210200.0
1732210200.0,144.309998,145.419998,143.710007,145.179993,25072264.000000,1732213800.0
1732213800.0,145.199997,147.610001,145.190002,147.101593,40308019.000000,1732217400.0
1732217400.0,147.109894,148.550003,146.949997,148.175003,34275796.000000,1732221000.0
1732221000.0,148.175003,148.429993,146.300003,146.630005,24086105.000000,1732224600.0
1732285800.0,145.910004,147.160004,142.460007,142.744995,72309140.000000,1732289400.0
1732289400.0,142.759995,143.889999,142.009995,142.279907,35885016.000000,1732293000.0
1732293000.0,142.279999,142.380005,141.530106,142.097198,29752903.000000,1732296600.0
1732296600.0,142.089996,142.330002,141.789993,141.990005,17601923.000000,1732300200.0
1732300200.0,141.985001,142.169998,141.100006,141.460007,21078391.000000,1732303800.0
1732303800.0,141.464996,142.220001,141.430893,142.000000,20326048.000000,1732307400.0
1732307400.0,141.999893,142.130005,141.479996,141.899994,18195187.000000,1732311000.0
1732545000.0,141.970001,142.050003,136.490005,137.169998,93964898.000000,1732548600.0
1732548600.0,137.139999,138.339996,136.220001,138.279297,36654509.000000,1732552200.0
1732552200.0,138.285004,138.660004,136.639999,136.962006,26386230.000000,1732555800.0
1732555800.0,136.969894,137.889999,136.449997,137.089798,25854910.000000,1732559400.0
1732559400.0,137.080002,137.199997,136.300003,136.927002,21813470.000000,1732563000.0
1732563000.0,136.919998,137.414993,136.350006,136.725006,20414076.000000,1732566600.0
1732566600.0,136.729996,137.148300,135.820007,135.940002,25894894.000000,1732570200.0
1732631400.0,137.690002,139.300003,136.309998,136.963104,69441466.000000,1732635000.0
1732635000.0,136.979996,137.169998,136.169998,136.925003,27336608.000000,1732638600.0
1732638600.0,136.910004,137.139999,136.479996,136.816193,15867762.000000,1732642200.0
1732642200.0,136.824997,137.100006,136.375000,136.634995,12135169.000000,1732645800.0
1732645800.0,136.630005,136.854996,135.669998,135.960007,14953767.000000,1732649400.0
1732649400.0,135.949997,136.845001,135.809998,136.839905,13655903.000000,1732653000.0
1732653000.0,136.835007,137.100006,136.559998,136.820007,13840913.000000,1732656600.0
1732717800.0,135.009995,135.119995,132.250000,132.359894,72333292.000000,1732721400.0
1732721400.0,132.378098,133.080002,132.000000,132.414993,34349238.000000,1732725000.0
1732725000.0,132.410004,132.789993,131.899994,132.595001,20553359.000000,1732728600.0
1732728600.0,132.589996,133.659897,132.229996,133.659897,17619519.000000,1732732200.0
1732732200.0,133.650894,134.570007,133.619995,134.149994,19717594.000000,1732735800.0
1732735800.0,134.145004,135.169998,133.979996,134.439896,19235243.000000,1732739400.0
1732739400.0,134.434998,135.419998,134.179993,135.419998,14427684.000000,1732743000.0
1732890600.0,136.850006,139.350006,136.050003,138.675003,57723304.000000,1732894200.0
1732894200.0,138.669998,139.149994,138.199997,138.350006,23606266.000000,1732897800.0
1732897800.0,138.350006,139.080002,138.130005,138.820007,19259852.000000,1732901400.0
1733149800.0,138.839996,140.449997,138.089996,139.169998,53770929.000000,1733153400.0
1733153400.0,139.160004,139.270004,138.300003,138.994003,21944827.000000,1733157000.0
1733157000.0,138.989899,139.649902,138.720001,139.164993,14733385.000000,1733160600.0
1733160600.0,139.169998,139.229996,138.289993,138.294998,13513148.000000,1733164200.0
1733164200.0,138.300003,138.839996,137.824997,138.128601,14799496.000000,1733167800.0
1733167800.0,138.126099,138.869995,138.080002,138.798798,10879220.000000,1733171400.0
1733171400.0,138.794998,138.889999,137.889999,138.639999,14377830.000000,1733175000.0
1733236200.0,138.315002,140.539993,137.949997,138.529907,44241821.000000,1733239800.0
1733239800.0,138.529999,139.399994,138.100006,139.179199,20134225.000000,1733243400.0
1733243400.0,139.184998,139.449997,138.494995,138.779999,19621458.000000,1733247000.0
1733247000.0,138.785004,139.440002,138.509995,139.058701,14091472.000000,1733250600.0
1733250600.0,139.050003,139.399994,138.919998,139.265900,9524141.000000,1733254200.0
1733254200.0,139.270004,140.279999,139.264999,140.229996,15387277.000000,1733257800.0
1733257800.0,140.223602,140.279999,139.720001,140.250000,15928668.000000,1733261400.0
1733322600.0,142.020004,142.630005,140.289993,141.800003,50608437.000000,1733326200.0
1733326200.0,141.800003,143.000000,141.619995,142.949997,24494468.000000,1733329800.0
1733329800.0,142.941101,144.580002,142.910004,144.574997,32275847.000000,1733333400.0
1733333400.0,144.574997,144.619995,143.809998,143.830093,21547289.000000,1733337000.0
1733337000.0,143.833801,145.520004,143.753006,145.505005,24719833.000000,1733340600.0
1733340600.0,145.505005,145.789993,145.259995,145.380005,24269319.000000,1733344200.0
1733344200.0,145.369995,145.669998,144.580002,145.138199,20550348.000000,1733347800.0
1733409000.0,144.251007,145.960007,143.949997,144.610001,47984197.000000,1733412600.0
1733412600.0,144.610107,146.190002,144.240005,145.945007,23943465.000000,1733416200.0
1733416200.0,145.949799,146.539993,145.759995,146.000000,18441563.000000,1733419800.0
1733419800.0,145.990005,146.179901,144.660004,144.919998,18051433.000000,1733423400.0
1733423400.0,144.914993,145.171097,144.309998,144.876007,15370696.000000,1733427000.0
1733427000.0,144.860001,145.500000,144.850006,144.989899,12772741.000000,1733430600.0
1733430600.0,144.979996,145.250000,144.880005,145.009995,12218215.000000,1733434200.0
1733495400.0,144.630005,145.699997,144.175003,144.550003,44083095.000000,1733499000.0
1733499000.0,144.550003,144.705002,141.720001,142.690002,35632112.000000,1733502600.0
1733502600.0,142.679993,143.229996,141.309998,142.910995,27987480.000000,1733506200.0
1733506200.0,142.917099,142.929993,142.029999,142.670898,14468084.000000,1733509800.0
1733509800.0,142.679901,142.699997,142.179993,142.585007,11155484.000000,1733513400.0
1733513400.0,142.589996,142.710007,141.880005,142.104996,13885046.000000,1733517000.0
1733517000.0,142.104996,142.479996,141.789993,142.399994,14636169.000000,1733520600.0
1733754600.0,138.000000,139.949997,137.809998,138.660004,63026259.000000,1733758200.0
1733758200.0,138.660004,138.867294,137.130005,138.089996,31012042.000000,1733761800.0
1733761800.0,138.089996,138.710007,137.880005,138.449997,14990840.000000,1733765400.0
1733765400.0,138.455002,139.783005,138.430405,139.565002,14749724.000000,1733769000.0
1733769000.0,139.570007,139.839996,138.639999,138.679993,11428516.000000,1733772600.0
1733772600.0,138.690002,138.770004,138.050003,138.285004,12452486.000000,1733776200.0
1733776200.0,138.300003,139.139999,138.249893,138.804993,11453233.000000,1733779800.0
1733841000.0,138.899994,141.820007,138.809998,140.070007,46374574.000000,1733844600.0
1733844600.0,140.059998,140.160004,137.070007,137.179901,29845197.000000,1733848200.0
1733848200.0,137.190002,137.259995,135.764893,136.289993,26121686.000000,1733851800.0
1733851800.0,136.289993,136.850006,135.960098,136.410004,13846109.000000,1733855400.0
1733855400.0,136.410004,136.649994,135.630005,135.889999,14589609.000000,1733859000.0
1733859000.0,135.880096,135.969406,133.800003,134.580002,28768670.000000,1733862600.0
1733862600.0,134.589996,135.380005,134.440002,135.000000,19039483.000000,1733866200.0
1733927400.0,137.200104,138.050003,135.210007,136.205002,48972591.000000,1733931000.0
1733931000.0,136.197998,137.710007,135.429993,137.649994,22757958.000000,1733934600.0
1733934600.0,137.649994,139.050003,137.179993,138.630005,21971597.000000,1733938200.0
1733938200.0,138.639893,139.179993,138.229996,139.178802,14256316.000000,1733941800.0
1733941800.0,139.179794,139.929993,139.100006,139.454498,16419617.000000,1733945400.0
1733945400.0,139.450394,140.169998,139.350006,140.111603,18622791.000000,1733949000.0
1733949000.0,140.115005,140.115005,138.940002,139.270004,13537749.000000,1733952600.0
1734013800.0,137.100006,137.550003,135.800003,136.673996,52104111.000000,1734017400.0
1734017400.0,136.660004,137.529999,136.380005,136.720001,18884134.000000,1734021000.0
1734021000.0,136.729996,137.389999,136.090103,137.370102,13556780.000000,1734024600.0
1734024600.0,137.369995,138.410004,136.949997,138.205002,16490344.000000,1734028200.0
1734028200.0,138.205002,138.250000,137.320007,137.960907,13279870.000000,1734031800.0
1734031800.0,137.960007,138.119995,137.270004,137.384995,11982914.000000,1734035400.0
1734035400.0,137.389999,137.750000,137.000000,137.309998,9286520.000000,1734039000.0
1734100200.0,139.000000,139.600006,136.449997,136.490005,49347246.000000,1734103800.0
1734103800.0,136.509995,137.000000,132.539993,132.949997,55221021.000000,1734107400.0
1734107400.0,132.951706,134.149994,132.899994,133.279999,31987618.000000,1734111000.0
1734111000.0,133.300003,134.529999,132.850006,134.529495,18658386.000000,1734114600.0
1734114600.0,134.524994,134.750000,133.949997,134.634796,14065097.000000,1734118200.0
1734118200.0,134.632294,134.919998,133.649994,133.987000,22835599.000000,1734121800.0
1734121800.0,133.979996,134.309998,133.720001,134.220001,14372220.000000,1734125400.0
1734359400.0,134.164993,134.399994,130.419998,132.290100,73858692.000000,1734363000.0
1734363000.0,132.300003,132.460007,130.889999,130.929901,27169378.000000,1734366600.0
1734366600.0,130.920105,131.570007,130.440002,130.962997,23176778.000000,1734370200.0
1734370200.0,130.960007,132.039993,130.820007,131.318405,19102314.000000,1734373800.0
1734373800.0,131.309998,131.779999,130.710007,131.610001,23414928.000000,1734377400.0
1734377400.0,131.630005,132.779999,131.589996,132.399994,22170031.000000,1734381000.0
1734381000.0,132.389999,132.440002,131.520004,131.990005,16535776.000000,1734384600.0
1734445800.0,129.000000,129.610001,126.860001,127.620003,87462311.000000,1734449400.0
1734449400.0,127.620003,129.300003,127.620003,128.990005,33645194.000000,1734453000.0
1734453000.0,128.979996,131.210007,128.809998,131.190002,30929782.000000,1734456600.0
1734456600.0,131.199997,131.589996,129.710007,129.724304,20569000.000000,1734460200.0
1734460200.0,129.725006,130.199905,129.250000,129.899994,16935727.000000,1734463800.0
1734463800.0,129.899994,130.009995,129.100006,129.324905,15589185.000000,1734467400.0
1734467400.0,129.324997,130.410004,128.820007,130.350006,19970966.000000,1734471000.0
1734532200.0,133.869995,135.779999,132.809998,135.563705,63894115.000000,1734535800.0
1734535800.0,135.560104,136.699997,134.955002,135.250000,33075633.000000,1734539400.0
1734539400.0,135.270004,135.860001,134.660004,135.615005,18318841.000000,1734543000.0
1734543000.0,135.619904,136.419998,135.110001,135.985001,14292090.000000,1734546600.0
1734546600.0,135.979996,136.335007,133.740005,133.869995,24494848.000000,1734550200.0
1734550200.0,133.852005,134.449997,130.789993,130.970001,33555951.000000,1734553800.0
1734553800.0,130.955002,131.579895,128.279999,128.710007,36863879.000000,1734557400.0
1734618600.0,131.720001,132.059998,129.821701,130.220001,56394762.000000,1734622200.0
1734622200.0,130.220001,133.440002,129.550003,133.149902,33593760.000000,1734625800.0
1734625800.0,133.119995,134.029999,131.449997,131.617294,22742846.000000,1734629400.0
1734629400.0,131.604996,132.589996,131.520004,131.740005,18404115.000000,1734633000.0
1734633000.0,131.744995,132.949997,131.570007,132.040894,13856362.000000,1734636600.0
1734636600.0,132.059998,132.089996,130.949997,131.570099,15554561.000000,1734640200.0
1734640200.0,131.589996,131.899994,130.300003,130.671997,15479724.000000,1734643800.0
1734705000.0,129.809998,132.500000,128.220001,132.446793,73961621.000000,1734708600.0
1734708600.0,132.440506,134.149994,132.360001,133.910004,32066759.000000,1734712200.0
1734712200.0,133.910004,135.009995,133.820007,134.984894,25135974.000000,1734715800.0
1734715800.0,134.979996,135.279999,133.539993,133.690002,20457543.000000,1734719400.0
1734719400.0,133.697098,134.990005,133.580002,134.929703,16952324.000000,1734723000.0
1734723000.0,134.919998,135.029999,133.699997,133.889893,18593721.000000,1734726600.0
1734726600.0,133.889999,135.009995,132.899994,134.960007,24109566.000000,1734730200.0
1734964200.0,136.279999,137.820007,135.120102,136.199997,49997537.000000,1734967800.0
1734967800.0,136.199997,137.509995,135.830002,137.259903,19313071.000000,1734971400.0
1734971400.0,137.250000,138.470001,136.850006,137.929993,18596455.000000,1734975000.0
1734975000.0,137.929993,139.000000,137.755005,138.529999,16154943.000000,1734978600.0
1734978600.0,138.539902,139.699997,138.520004,139.350006,17563953.000000,1734982200.0
1734982200.0,139.359207,139.520004,138.339996,139.059998,18497265.000000,1734985800.0
1734985800.0,139.070007,139.789993,138.889999,139.654999,14565048.000000,1734989400.0
1735050600.0,139.895004,141.899994,139.310303,140.820099,44242434.000000,1735054200.0
1735054200.0,140.830002,141.409897,140.259995,141.395004,19811591.000000,1735057800.0
1735057800.0,141.399994,141.399994,140.460007,140.764496,14936424.000000,1735061400.0
1735223400.0,139.524994,140.850006,137.729996,138.720001,38224769.000000,1735227000.0
1735227000.0,138.710007,139.660004,138.406006,139.369995,16077919.000000,1735230600.0
1735230600.0,139.360107,140.440002,139.229996,139.940094,13461581.000000,1735234200.0
1735234200.0,139.960007,140.399994,139.360001,140.220001,11051236.000000,1735237800.0
1735237800.0,140.210007,140.350006,139.850006,139.990005,9968537.000000,1735241400.0
1735241400.0,140.000000,140.289993,139.850006,140.164993,8107739.000000,1735245000.0
1735245000.0,140.149994,140.279999,139.820007,139.889999,8622750.000000,1735248600.0
1735309800.0,138.554993,139.020004,134.710007,135.639893,51034871.000000,1735313400.0
1735313400.0,135.634995,136.869995,135.149994,136.863800,21330869.000000,1735317000.0
1735317000.0,136.860001,136.929993,135.179993,135.699997,18977464.000000,1735320600.0
1735320600.0,135.699997,136.569901,135.360001,135.959900,14807348.000000,1735324200.0
1735324200.0,135.941193,136.830002,135.854996,136.231293,11959118.000000,1735327800.0
1735327800.0,136.229996,136.990005,136.160004,136.768494,14163644.000000,1735331400.0
1735331400.0,136.770004,137.139999,136.300003,137.139999,16695144.000000,1735335000.0
1735569000.0,135.134399,138.669998,134.020004,136.710007,51292533.000000,1735572600.0
1735572600.0,136.699997,138.289993,136.649994,137.559906,21647966.000000,1735576200.0
1735576200.0,137.550003,139.070007,137.392395,139.020004,15602989.000000,1735579800.0
1735579800.0,139.029999,140.270004,138.899994,139.550003,22612504.000000,1735583400.0
1735583400.0,139.539993,139.940002,138.839996,139.011002,14240428.000000,1735587000.0
1735587000.0,139.020004,139.500000,138.570007,138.599899,14145908.000000,1735590600.0
1735590600.0,138.600006,138.824997,137.380005,137.410004,13996718.000000,1735594200.0
1735655400.0,137.600006,137.789993,135.669998,137.470001,37279333.000000,1735659000.0
1735659000.0,137.490005,137.625000,135.080002,135.110001,19151346.000000,1735662600.0
1735662600.0,135.100006,136.199997,134.929993,135.050003,16280814.000000,1735666200.0
1735666200.0,135.029999,135.722397,134.255997,134.429993,16882852.000000,1735669800.0
1735669800.0,134.439896,134.835007,133.831604,134.119995,14681046.000000,1735673400.0
1735673400.0,134.119995,135.619995,133.889999,135.461502,16433112.000000,1735677000.0
1735677000.0,135.449997,135.569901,134.000000,134.289993,16463481.000000,1735680600.0
1735828200.0,136.399994,138.369995,134.630005,136.979996,57155225.000000,1735831800.0
1735831800.0,136.979996,138.070007,136.410004,137.921295,22385014.000000,1735835400.0
1735835400.0,137.919998,138.880005,136.911499,137.009995,22996889.000000,1735839000.0
1735839000.0,137.000000,137.009705,135.160004,136.369904,23813747.000000,1735842600.0
1735842600.0,136.354996,137.360001,135.529999,137.302200,15287714.000000,1735846200.0
1735846200.0,137.289993,138.039993,136.649994,137.914993,16465639.000000,1735849800.0
1735849800.0,137.929993,138.626007,137.309998,138.279999,14882303.000000,1735853400.0
1735914600.0,140.020004,144.219894,139.770004,143.112701,79451070.000000,1735918200.0
1735918200.0,143.119995,143.720001,142.752899,143.460098,27317067.000000,1735921800.0
1735921800.0,143.470001,144.130005,143.180099,143.680298,19087152.000000,1735925400.0
1735925400.0,143.690002,144.740005,143.639999,144.495300,20329289.000000,1735929000.0
1735929000.0,144.500000,144.899994,143.820007,144.371002,19539730.000000,1735932600.0
1735932600.0,144.369995,144.550003,144.039993,144.320007,15989401.000000,1735936200.0
1735936200.0,144.300003,144.720001,144.059998,144.589996,17801822.000000,1735939800.0
1736173800.0,148.560104,151.699997,148.104996,151.531204,91209338.000000,1736177400.0
1736177400.0,151.520004,152.156006,151.035004,151.888794,34157939.000000,1736181000.0
1736181000.0,151.880005,151.918594,150.889999,151.309692,21844568.000000,1736184600.0
1736184600.0,151.301895,151.850006,150.809998,151.675003,19322484.000000,1736188200.0
1736188200.0,151.668793,151.838898,149.660004,150.294998,23113785.000000,1736191800.0
1736191800.0,150.300003,150.619995,149.369995,150.524994,18639381.000000,1736195400.0
1736195400.0,150.520004,150.830002,148.255005,149.510101,25098803.000000,1736199000.0
1736260200.0,152.199997,152.360001,143.734406,143.789993,115634781.000000,1736263800.0
1736263800.0,142.919998,143.130005,140.440002,142.766693,80981326.000000,1736267400.0
1736267400.0,142.759995,149.429993,141.119995,141.429001,32583750.000000,1736271000.0
1736271000.0,141.429993,143.449997,141.309998,143.115005,23029395.000000,1736274600.0
1736274600.0,143.110001,143.169998,141.399994,141.640106,18605910.000000,1736278200.0
1736278200.0,141.645004,141.660004,140.440002,140.604996,24935062.000000,1736281800.0
1736281800.0,140.610001,141.300003,140.009995,140.119995,25410017.000000,1736285400.0
1736346600.0,142.660004,143.949997,139.430099,140.589996,79113578.000000,1736350200.0
1736350200.0,140.580002,141.500000,139.429993,140.031006,27638578.000000,1736353800.0
1736353800.0,140.039993,140.850006,138.029999,138.129807,21229554.000000,1736357400.0
1736357400.0,138.139999,140.850006,137.889999,140.619995,22854066.000000,1736361000.0
1736361000.0,140.619995,141.020004,139.570007,140.710007,21783866.000000,1736364600.0
1736364600.0,140.699997,140.699997,139.700104,139.998901,15800747.000000,1736368200.0
1736368200.0,139.979996,140.270004,139.779999,140.059998,12892815.000000,1736371800.0
1736519400.0,137.369995,137.675003,134.220001,136.151306,71482682.000000,1736523000.0
1736523000.0,136.158997,137.419998,135.119995,135.619995,30235066.000000,1736526600.0
1736526600.0,135.610001,136.199997,135.000000,136.169998,19282492.000000,1736530200.0
1736530200.0,136.160004,136.895004,136.100006,136.529999,15418478.000000,1736533800.0
1736533800.0,136.520004,137.109894,135.770004,136.240005,15407385.000000,1736537400.0
1736537400.0,136.229996,136.466705,135.421402,135.649994,14690719.000000,1736541000.0
1736541000.0,135.639999,136.130005,135.419998,135.860001,13963294.000000,1736544600.0
1736778600.0,131.610001,132.610001,129.630005,130.749893,78759504.000000,1736782200.0
1736782200.0,130.720001,133.110001,130.720001,131.634995,27363869.000000,1736785800.0
1736785800.0,131.630005,132.839996,131.139999,132.630005,19761358.000000,1736789400.0
1736789400.0,132.630005,132.910004,131.955002,132.514999,13032729.000000,1736793000.0
1736793000.0,132.520004,132.630005,131.570007,132.294998,13159817.000000,1736796600.0
1736796600.0,132.299500,132.639893,131.940002,132.190796,14548338.000000,1736800200.0
1736800200.0,132.199997,133.490005,132.160004,133.240005,14212783.000000,1736803800.0
1736865000.0,136.059998,136.380005,132.514404,132.559998,56314616.000000,1736868600.0
1736868600.0,132.559998,132.950394,130.320007,130.981003,37323371.000000,1736872200.0
1736872200.0,130.990005,131.240005,130.449997,131.130005,16714373.000000,1736875800.0
1736875800.0,131.134995,131.789993,130.580002,131.656006,14111137.000000,1736879400.0
1736879400.0,131.655807,132.360001,131.460007,131.705002,16793453.000000,1736883000.0
1736883000.0,131.709503,132.039993,130.050003,130.795807,21614619.000000,1736886600.0
1736886600.0,130.794998,131.850006,130.460007,131.850006,15064220.000000,1736890200.0
1736951400.0,133.630005,134.550003,131.289993,134.199997,53514058.000000,1736955000.0
1736955000.0,134.210007,135.589996,133.940002,134.389893,28196095.000000,1736958600.0
1736958600.0,134.380005,134.910004,133.490005,134.881302,18294033.000000,1736962200.0
1736962200.0,134.884995,135.749893,134.860001,135.524704,17977109.000000,1736965800.0
1736965800.0,135.528702,135.970001,135.120102,135.939896,12270239.000000,1736969400.0
1736969400.0,135.938599,136.240005,135.259995,136.067001,15108793.000000,1736973000.0
1736973000.0,136.059998,136.425003,135.710007,136.199997,14667621.000000,1736976600.0
1737037800.0,137.500000,138.699997,136.294098,137.199997,59855103.000000,1737041400.0
1737041400.0,137.205002,137.380005,135.110001,135.240005,26007675.000000,1737045000.0
1737045000.0,135.250000,135.610001,134.110001,135.565704,22592545.000000,1737048600.0
1737048600.0,135.570007,135.669998,134.240005,134.259995,12856152.000000,1737052200.0
1737052200.0,134.259995,135.320007,133.550003,135.125000,26434872.000000,1737055800.0
1737055800.0,135.130005,135.868607,134.990005,135.200104,16984829.000000,1737059400.0
1737059400.0,135.205002,135.350006,133.500000,133.559998,16315423.000000,1737063000.0
1737124200.0,135.941498,137.629105,135.470001,136.750000,65138447.000000,1737127800.0
1737127800.0,136.750000,138.240005,136.720093,138.129196,27166921.000000,1737131400.0
1737131400.0,138.134995,138.220093,137.653793,137.968506,19344161.000000,1737135000.0
1737135000.0,137.964996,138.500000,137.580002,138.259995,13857648.000000,1737138600.0
1737138600.0,138.259995,138.309998,137.470001,138.089996,15651447.000000,1737142200.0
1737142200.0,138.080002,138.164993,137.309998,137.684998,16654190.000000,1737145800.0
1737145800.0,137.679993,138.100006,137.529999,137.729996,15314643.000000,1737149400.0
1737469800.0,139.160004,140.210007,137.089996,138.516602,52007076.000000,1737473400.0
1737473400.0,138.509995,139.220001,138.130005,138.979996,17474761.000000,1737477000.0
1737477000.0,138.970093,139.490005,138.330002,139.330093,12989005.000000,1737480600.0
1737480600.0,139.350006,141.830002,139.289993,141.579605,26808979.000000,1737484200.0
1737484200.0,141.580002,141.759995,140.762604,141.279999,17160453.000000,1737487800.0
1737487800.0,141.287506,141.589996,140.940002,141.580002,14044572.000000,1737491400.0
1737491400.0,141.574997,141.720001,140.580002,140.830002,13699719.000000,1737495000.0
1737556200.0,144.750000,147.429993,143.669998,146.378906,82029594.000000,1737559800.0
1737559800.0,146.375000,147.179993,145.550003,146.005005,31356657.000000,1737563400.0
1737563400.0,146.009903,146.929901,145.699997,146.759293,21005879.000000,1737567000.0
1737567000.0,146.759705,147.100006,146.380005,146.600006,15569337.000000,1737570600.0
1737570600.0,146.595001,147.710007,146.539993,147.370102,22193366.000000,1737574200.0
1737574200.0,147.380005,147.789993,147.029999,147.058105,18442995.000000,1737577800.0
1737577800.0,147.054993,147.449997,146.699997,147.039993,17907158.000000,1737581400.0
1737642600.0,145.020004,145.929993,143.720001,145.289993,49364950.000000,1737646200.0
1737646200.0,145.290497,146.289993,145.050003,145.714996,21234259.000000,1737649800.0
1737649800.0,145.710007,146.319901,145.279999,145.380005,12997316.000000,1737653400.0
1737653400.0,145.384995,146.110001,144.979996,145.904999,12459325.000000,1737657000.0
1737657000.0,145.899994,146.720001,145.880005,146.589905,12121155.000000,1737660600.0
1737660600.0,146.589996,146.860001,146.000000,146.479996,15219675.000000,1737664200.0
1737664200.0,146.475006,147.229996,146.070007,147.199997,15857774.000000,1737667800.0
1737729000.0,148.500000,148.539505,145.759995,146.050003,63266630.000000,1737732600.0
1737732600.0,146.039993,146.570007,144.919998,145.199997,27036979.000000,1737736200.0
1737736200.0,145.190002,145.399994,144.139999,144.434998,22004122.000000,1737739800.0
1737739800.0,144.429993,144.615402,142.619995,143.389999,25876751.000000,1737743400.0
1737743400.0,143.389999,143.570007,141.940094,142.310104,30513147.000000,1737747000.0
1737747000.0,142.309998,142.850006,141.880005,142.035004,20342241.000000,1737750600.0
1737750600.0,142.024994,142.835999,141.899994,142.600403,21485810.000000,1737754200.0
1737988200.0,124.790001,128.399994,123.050003,124.029999,243794418.000000,1737991800.0
1737991800.0,124.019997,124.959999,119.000000,119.150002,111922566.000000,1737995400.0
1737995400.0,119.144997,121.750000,117.260002,119.760002,119667017.000000,1737999000.0
1737999000.0,119.769997,121.015404,117.800003,117.875000,64458183.000000,1738002600.0
1738002600.0,117.870903,119.959999,117.360001,118.805000,65261226.000000,1738006200.0
1738006200.0,118.805000,119.470001,116.699997,117.779999,78086044.000000,1738009800.0
1738009800.0,117.779999,118.629997,117.775002,118.510002,61664583.000000,1738013400.0
1738074600.0,121.805000,122.000000,116.250000,121.769997,180037322.000000,1738078200.0
1738078200.0,121.769997,121.809998,119.360001,120.769997,63928166.000000,1738081800.0
1738081800.0,120.770103,126.639999,120.662003,126.019997,91004183.000000,1738085400.0
1738085400.0,126.014999,126.919998,124.917702,126.089996,61486818.000000,1738089000.0
1738089000.0,126.084999,127.400002,125.452400,126.775002,44202557.000000,1738092600.0
1738092600.0,126.769997,127.870003,126.639999,127.590103,46205682.000000,1738096200.0
1738096200.0,127.589996,129.000000,126.900002,128.980103,50320355.000000,1738099800.0
1738161000.0,126.461502,126.649902,123.714996,124.000000,97792943.000000,1738164600.0
1738164600.0,123.989998,124.349998,121.720001,122.981598,63372499.000000,1738168200.0
1738168200.0,122.980003,123.230003,121.879997,122.998398,37340162.000000,1738171800.0
1738171800.0,122.998001,123.489899,120.050003,121.589996,53048844.000000,1738175400.0
1738175400.0,121.589996,122.089996,120.300003,120.910004,37832248.000000,1738179000.0
1738179000.0,120.910004,123.349998,120.550003,123.150002,45222438.000000,1738182600.0
1738182600.0,123.169998,123.809998,121.610001,123.809998,37735388.000000,1738186200.0
1738247400.0,123.080002,124.150002,119.449997,119.570000,90528663.000000,1738251000.0
1738251000.0,119.581398,120.400002,118.099998,119.054703,63174251.000000,1738254600.0
1738254600.0,119.050102,120.889999,118.440002,119.290001,39697758.000000,1738258200.0
1738258200.0,119.285004,120.199997,119.110001,119.474998,23780625.000000,1738261800.0
1738261800.0,119.480003,121.570000,119.379997,121.455002,32649141.000000,1738265400.0
1738265400.0,121.454300,123.480003,121.000000,123.415001,43926561.000000,1738269000.0
1738269000.0,123.410004,125.000000,121.930000,124.910004,47647645.000000,1738272600.0
1738333800.0,123.809998,126.629997,123.209999,126.185997,84699752.000000,1738337400.0
1738337400.0,126.180000,127.849998,125.750000,126.750000,58838231.000000,1738341000.0
1738341000.0,126.739998,126.970001,124.059998,125.309998,44879038.000000,1738344600.0
1738344600.0,125.320000,125.954803,124.110001,124.169998,27608473.000000,1738348200.0
1738348200.0,124.151100,124.427597,122.570000,123.010002,34339688.000000,1738351800.0
1738351800.0,123.025002,123.129997,119.880096,120.109901,48003349.000000,1738355400.0
1738355400.0,120.105003,120.349998,119.190002,120.000000,40804602.000000,1738359000.0
1738593000.0,114.709999,116.389999,113.010002,115.760002,133603571.000000,1738596600.0
1738596600.0,115.750000,117.989998,115.419998,116.537003,54914957.000000,1738600200.0
1738600200.0,116.540001,117.400002,115.849998,115.889999,28736939.000000,1738603800.0
1738603800.0,115.879997,116.489998,115.510002,115.939903,28422904.000000,1738607400.0
1738607400.0,115.940002,118.570000,115.900002,117.644798,36003187.000000,1738611000.0
1738611000.0,117.644997,118.131401,117.150002,117.469902,27327687.000000,1738614600.0
1738614600.0,117.470001,117.930000,116.010002,116.660004,25588651.000000,1738618200.0
1738679400.0,116.940002,121.199997,116.699997,119.930000,77281308.000000,1738683000.0
1738683000.0,119.945000,120.360001,119.279999,120.110001,33499092.000000,1738686600.0
1738686600.0,120.110001,120.169998,117.860001,117.889999,29580724.000000,1738690200.0
1738690200.0,117.889999,119.330002,117.850098,119.090103,20084695.000000,1738693800.0
1738693800.0,119.089996,119.820000,119.000000,119.309998,17759010.000000,1738697400.0
1738697400.0,119.309998,119.599998,118.349998,118.464996,21662859.000000,1738701000.0
1738701000.0,118.466103,118.955002,118.080002,118.680000,17723334.000000,1738704600.0
1738765800.0,122.349998,123.300003,120.760002,122.309998,88881320.000000,1738769400.0
1738769400.0,122.315399,123.500000,122.029999,123.225998,32575720.000000,1738773000.0
1738773000.0,123.220001,124.639999,123.050003,124.035004,30969306.000000,1738776600.0
1738776600.0,124.040001,124.230003,122.900002,123.239899,19752387.000000,1738780200.0
1738780200.0,123.230003,123.550003,122.330002,123.324997,20373343.000000,1738783800.0
1738783800.0,123.330002,124.500000,123.199997,124.440002,20964315.000000,1738787400.0
1738787400.0,124.430000,125.000000,123.544998,124.955002,24966962.000000,1738791000.0
1738852200.0,127.419998,127.500000,125.209999,126.221603,72706327.000000,1738855800.0
1738855800.0,126.230003,127.000000,125.930000,126.860001,26067881.000000,1738859400.0
1738859400.0,126.860001,128.240005,126.599998,127.735298,36681781.000000,1738863000.0
1738863000.0,127.750000,128.320007,127.400002,128.110001,21309637.000000,1738866600.0
1738866600.0,128.104996,128.440002,127.480003,127.694801,20105477.000000,1738870200.0
1738870200.0,127.699997,128.250000,124.830002,128.125000,25923574.000000,1738873800.0
1738873800.0,128.130005,128.750000,127.925003,128.684998,19331163.000000,1738877400.0
1738938600.0,129.160004,130.369995,127.800003,129.110001,77600882.000000,1738942200.0
1738942200.0,129.100006,129.899994,128.229996,128.699997,32934587.000000,1738945800.0
1738945800.0,128.699997,129.059601,127.599998,128.235001,27757064.000000,1738949400.0
1738949400.0,128.229996,129.649994,128.020004,129.255005,17653887.000000,1738953000.0
1738953000.0,129.259903,129.429993,127.908798,128.130005,16675456.000000,1738956600.0
1738956600.0,128.139999,129.089905,127.970001,128.948502,16455557.000000,1738960200.0
1738960200.0,128.945007,130.000000,128.820007,129.860001,21996032.000000,1738963800.0
1739197800.0,130.050003,134.785004,129.970001,134.410004,77728736.000000,1739201400.0
1739201400.0,134.429993,134.839996,133.449997,133.475006,27521922.000000,1739205000.0
1739205000.0,133.500305,134.199997,132.990005,134.029007,20327925.000000,1739208600.0
1739208600.0,134.026001,134.490005,133.990005,134.330002,13224086.000000,1739212200.0
1739212200.0,134.330002,134.690002,134.110001,134.514999,15171778.000000,1739215800.0
1739215800.0,134.512100,135.000000,134.220001,134.519302,19896685.000000,1739219400.0
1739219400.0,134.509995,134.669998,133.389999,133.509995,17439170.000000,1739223000.0
1739284200.0,132.369995,134.479996,132.009995,133.945007,52677652.000000,1739287800.0
1739287800.0,133.940002,134.380005,133.649994,133.969894,18659627.000000,1739291400.0
1739291400.0,133.970001,134.089996,131.020004,132.710007,30097141.000000,1739295000.0
1739295000.0,132.720001,132.869995,131.910004,132.832306,14579500.000000,1739298600.0
1739298600.0,132.839996,133.899994,132.809998,133.035004,17292595.000000,1739302200.0
1739302200.0,133.029999,133.740005,132.979996,133.451401,13156103.000000,1739305800.0
1739305800.0,133.455002,133.509903,132.410004,132.869995,13494512.000000,1739309400.0
1739370600.0,130.009995,132.240005,129.080002,131.320206,53129779.000000,1739374200.0
1739374200.0,131.330002,132.000000,130.360001,130.619904,19227032.000000,1739377800.0
1739377800.0,130.610001,132.000000,130.610001,131.574997,17020004.000000,1739381400.0
1739381400.0,131.574997,131.619995,130.821198,130.975006,14244469.000000,1739385000.0
1739385000.0,130.979996,131.115601,130.190002,130.689896,13621244.000000,1739388600.0
1739388600.0,130.684998,131.705002,130.589996,131.524994,12791678.000000,1739392200.0
1739392200.0,131.509995,131.610001,130.970001,131.079895,11269249.000000,1739395800.0
1739457000.0,131.554993,134.949997,131.169998,134.550003,54411865.000000,1739460600.0
1739460600.0,134.550003,136.500000,134.546600,135.714996,36777123.000000,1739464200.0
1739464200.0,135.710007,135.979996,134.630005,135.009995,19354752.000000,1739467800.0
1739467800.0,135.005005,135.570007,133.420700,134.524994,18628170.000000,1739471400.0
1739471400.0,134.494995,135.289993,133.830002,135.120300,17283443.000000,1739475000.0
1739475000.0,135.125000,135.550003,134.970001,135.361298,15429824.000000,1739478600.0
1739478600.0,135.360001,135.389999,134.729996,135.250000,15333903.000000,1739482200.0
1739543400.0,136.880005,138.169998,135.500000,138.000107,57840894.000000,1739547000.0
1739547000.0,138.009995,138.309998,136.240005,136.580002,28584822.000000,1739550600.0
1739550600.0,136.589996,137.050003,136.009995,136.740097,17594915.000000,1739554200.0
1739554200.0,136.750000,137.740005,136.559998,137.337601,13675504.000000,1739557800.0
1739557800.0,137.330002,137.990005,137.080002,137.820007,13748369.000000,1739561400.0
1739561400.0,137.815002,138.479996,137.649994,138.365097,16155253.000000,1739565000.0
1739565000.0,138.369995,139.199997,138.350006,138.860001,24516052.000000,1739568600.0
1739889000.0,141.250000,143.440002,140.300003,140.660004,75623001.000000,1739892600.0
1739892600.0,140.664993,141.220001,138.979996,141.195007,34088399.000000,1739896200.0
1739896200.0,141.190002,141.190002,139.854904,139.964996,15582760.000000,1739899800.0
1739899800.0,139.964996,140.699997,139.949997,140.151398,12499776.000000,1739903400.0
1739903400.0,140.154999,140.399994,139.091995,139.574997,16587058.000000,1739907000.0
1739907000.0,139.567505,140.169907,139.429993,139.549896,12892226.000000,1739910600.0
1739910600.0,139.529999,139.720001,137.925003,139.410004,22832152.000000,1739914200.0
1739975400.0,139.509995,140.000000,137.220001,139.330002,43638802.000000,1739979000.0
1739979000.0,139.335007,140.500000,139.331894,139.948303,26073700.000000,1739982600.0
1739982600.0,139.940002,140.110001,139.490005,139.815002,13424823.000000,1739986200.0
1739986200.0,139.815002,141.360001,139.740005,140.639893,19599460.000000,1739989800.0
1739989800.0,140.639999,140.850006,140.119995,140.445099,13213960.000000,1739993400.0
1739993400.0,140.440002,140.845001,139.020004,139.319397,20162981.000000,1739997000.0
1739997000.0,139.320007,139.860001,138.772400,139.240005,14622733.000000,1740000600.0
1740061800.0,140.130005,140.529999,136.790100,138.620605,45160191.000000,1740065400.0
1740065400.0,138.610001,139.070007,137.110001,138.300003,20769192.000000,1740069000.0
1740069000.0,138.300003,139.970001,138.229996,139.580002,17027606.000000,1740072600.0
1740072600.0,139.560303,139.839600,139.089996,139.490005,11187948.000000,1740076200.0
1740076200.0,139.490005,140.000000,139.384995,139.804901,10655696.000000,1740079800.0
1740079800.0,139.789993,140.320007,139.380005,139.899994,14152452.000000,1740083400.0
1740083400.0,139.889999,140.199997,139.690002,140.119995,10091197.000000,1740087000.0
1740148200.0,140.000000,141.460007,138.949997,139.229996,48808452.000000,1740151800.0
1740151800.0,139.229996,139.720001,138.550003,139.199203,23381184.000000,1740155400.0
1740155400.0,139.190002,139.800003,138.369995,138.991104,15825238.000000,1740159000.0
1740159000.0,139.000000,139.059998,136.059998,137.169998,29842368.000000,1740162600.0
1740162600.0,137.169998,138.065002,135.345001,135.396698,24903198.000000,1740166200.0
1740166200.0,135.380005,136.259995,134.580002,135.100006,30385659.000000,1740169800.0
1740169800.0,135.100006,135.199997,134.039993,134.270004,25630708.000000,1740173400.0
1740407400.0,136.755005,138.589996,131.929993,132.929993,76292889.000000,1740411000.0
1740411000.0,132.919998,134.289993,130.610001,134.039993,37651734.000000,1740414600.0
1740414600.0,134.039993,134.990005,133.490005,134.600006,26471760.000000,1740418200.0
1740418200.0,134.600006,134.889999,134.190002,134.619995,13394332.000000,1740421800.0
1740421800.0,134.630005,134.875000,132.660004,132.720001,15517929.000000,1740425400.0
1740425400.0,132.710098,133.149994,131.919998,132.570007,18193639.000000,1740429000.0
1740429000.0,132.580002,133.080002,130.089798,130.100006,23873374.000000,1740432600.0
1740493800.0,129.960007,130.199997,124.440002,125.339996,85363681.000000,1740497400.0
1740497400.0,125.349998,127.339996,125.050003,126.190002,38552542.000000,1740501000.0
1740501000.0,126.199997,128.539993,125.750000,128.524994,26597121.000000,1740504600.0
1740504600.0,128.528702,129.889999,128.309998,128.369995,26234066.000000,1740508200.0
1740508200.0,128.380005,129.000000,127.040001,127.269997,22835671.000000,1740511800.0
1740511800.0,127.260002,129.380005,127.180000,128.815002,23200458.000000,1740515400.0
1740515400.0,128.820007,128.880005,126.190002,126.629997,25422556.000000,1740519000.0
1740580200.0,129.985001,131.609802,129.050003,130.449997,61026640.000000,1740583800.0
1740583800.0,130.470001,133.729996,130.449997,132.414993,39297221.000000,1740587400.0
1740587400.0,132.414993,133.000000,131.720001,132.556793,24467999.000000,1740591000.0
1740591000.0,132.579895,132.740005,130.350006,130.375198,25366254.000000,1740594600.0
1740594600.0,130.360001,131.119995,128.490005,129.889999,45619369.000000,1740598200.0
1740598200.0,129.880005,130.880005,128.960007,130.740005,26930195.000000,1740601800.0
1740601800.0,130.699997,132.089996,130.020004,131.520004,30301408.000000,1740605400.0
1740666600.0,135.000000,135.000000,125.279999,127.480003,139627459.000000,1740670200.0
1740670200.0,127.480003,128.069901,125.510002,126.279999,47154830.000000,1740673800.0
1740673800.0,126.290001,127.410004,125.650002,127.080002,31842499.000000,1740677400.0
1740677400.0,127.080002,128.449997,126.279999,127.610001,28567618.000000,1740681000.0
1740681000.0,127.614998,127.910004,123.690002,123.745003,40681735.000000,1740684600.0
1740684600.0,123.745003,124.690002,121.571404,121.910004,61051900.000000,1740688200.0
1740688200.0,121.904999,122.557297,120.010002,120.010002,47543937.000000,1740691800.0
1740753000.0,117.650002,122.775002,116.410004,122.730003,121634753.000000,1740756600.0
1740756600.0,122.735001,123.699997,121.419998,121.559998,53003489.000000,1740760200.0
1740760200.0,121.540001,122.800003,121.139999,122.181000,26114445.000000,1740763800.0
1740763800.0,122.190002,122.277603,118.845001,120.579903,36004561.000000,1740767400.0
1740767400.0,120.587601,121.230003,119.680000,120.470001,26592728.000000,1740771000.0
1740771000.0,120.463898,122.230003,120.290001,121.885002,29137364.000000,1740774600.0
1740774600.0,121.879997,125.070000,121.269997,125.050003,42867559.000000,1740778200.0
1741012200.0,123.504997,123.699997,118.300003,119.510002,90292423.000000,1741015800.0
1741015800.0,119.514999,120.199997,118.510002,119.220001,38941419.000000,1741019400.0
1741019400.0,119.239998,119.500000,118.250000,118.410004,30591168.000000,1741023000.0
1741023000.0,118.410004,118.430000,114.510002,115.239998,64601109.000000,1741026600.0
1741026600.0,115.244400,117.269997,115.040001,116.044998,40434891.000000,1741030200.0
1741030200.0,116.030098,117.620003,112.279999,113.169998,65189266.000000,1741033800.0
1741033800.0,113.160004,114.199997,112.500000,114.010002,44205633.000000,1741037400.0
1741098600.0,111.894997,115.139999,110.110001,111.610001,127887000.000000,1741102200.0
1741102200.0,111.599998,113.300003,110.900002,111.830002,46791250.000000,1741105800.0
1741105800.0,111.820000,116.599998,111.820000,116.010201,51255627.000000,1741109400.0
1741109400.0,116.014999,117.580002,115.099998,116.199997,40436938.000000,1741113000.0
1741113000.0,116.209999,118.250000,115.879997,117.769897,33842281.000000,1741116600.0
1741116600.0,117.764999,119.309998,117.040001,118.889999,34300518.000000,1741120200.0
1741120200.0,118.900002,119.014999,115.050003,115.959999,34552128.000000,1741123800.0
1741185000.0,117.519997,118.000000,114.639999,115.970001,78072523.000000,1741188600.0
1741188600.0,115.970001,116.860001,114.510002,115.409897,39193117.000000,1741192200.0
1741192200.0,115.400002,116.820000,114.519997,116.563103,29044947.000000,1741195800.0
1741195800.0,116.559998,117.910004,116.110001,116.269997,29662552.000000,1741199400.0
1741199400.0,116.300003,118.230003,115.820000,117.109802,26002248.000000,1741203000.0
1741203000.0,117.110001,118.278099,116.730003,117.660004,26217630.000000,1741206600.0
1741206600.0,117.625000,118.209000,117.169998,117.290001,20809411.000000,1741210200.0
1741271400.0,113.500000,115.349998,112.300003,114.844398,73446901.000000,1741275000.0
1741275000.0,114.839996,115.339996,113.570000,114.059998,34221965.000000,1741278600.0
1741278600.0,114.040001,114.760002,111.209999,111.635597,41307149.000000,1741282200.0
1741282200.0,111.639999,112.290001,110.949997,111.535004,33581282.000000,1741285800.0
1741285800.0,111.529999,111.904999,110.339996,110.529999,33771494.000000,1741289400.0
1741289400.0,110.519997,112.220001,110.220001,111.097198,39231805.000000,1741293000.0
1741293000.0,111.089996,111.499901,110.410004,110.580002,30010571.000000,1741296600.0
1741357800.0,111.180000,113.480003,110.730003,111.040001,76024654.000000,1741361400.0
1741361400.0,111.019997,111.790001,109.511902,109.699997,54624751.000000,1741365000.0
1741365000.0,109.705002,110.000000,107.559998,109.004997,51020128.000000,1741368600.0
1741368600.0,109.000000,111.290001,108.699997,110.508904,45996375.000000,1741372200.0
1741372200.0,110.529999,112.514999,110.330002,112.250000,34597993.000000,1741375800.0
1741375800.0,112.260002,112.919998,111.294998,112.605003,32459442.000000,1741379400.0
1741379400.0,112.599998,113.099998,111.035004,112.730003,29030527.000000,1741383000.0
1741613400.0,110.349998,111.849998,108.010002,108.064400,74631134.000000,1741617000.0
1741617000.0,108.070000,108.478996,106.180000,107.658203,62308207.000000,1741620600.0
1741620600.0,107.660103,108.919998,106.849998,108.084999,43453261.000000,1741624200.0
1741624200.0,108.089996,108.849998,106.510002,107.060097,36616744.000000,1741627800.0
1741627800.0,107.055000,107.296898,106.230003,106.760002,31503406.000000,1741631400.0
1741631400.0,106.760002,107.400002,105.459999,106.649902,44627698.000000,1741635000.0
1741635000.0,106.650002,107.910004,106.290001,107.019997,39086074.000000,1741638600.0
1741699800.0,107.004997,110.989998,106.099998,106.309998,97478690.000000,1741703400.0
1741703400.0,106.305000,109.470001,104.769997,108.894997,60995863.000000,1741707000.0
1741707000.0,108.879997,110.599998,108.279999,108.820000,36587643.000000,1741710600.0
1741710600.0,108.805000,109.400002,107.480003,107.559998,28235528.000000,1741714200.0
1741714200.0,107.565002,110.739998,107.449997,110.430000,32990769.000000,1741717800.0
1741717800.0,110.440002,112.236000,109.980003,110.808601,45716228.000000,1741721400.0
1741721400.0,110.809998,111.029900,108.639999,108.639999,24887618.000000,1741725000.0
1741786200.0,114.120003,116.760002,113.879997,114.650101,103960062.000000,1741789800.0
1741789800.0,114.650002,115.229103,112.879997,114.510002,47132903.000000,1741793400.0
1741793400.0,114.510902,116.190002,114.360100,115.834999,33633309.000000,1741797000.0
1741797000.0,115.849998,116.599998,115.440002,116.114998,31306972.000000,1741800600.0
1741800600.0,116.110001,116.260002,114.300003,115.555000,29673338.000000,1741804200.0
1741804200.0,115.559998,116.040001,115.080002,115.449997,25861035.000000,1741807800.0
1741807800.0,115.430000,115.979897,114.980003,115.739998,25027420.000000,1741811400.0
1741872600.0,117.019997,117.760002,113.790001,116.654999,85359507.000000,1741876200.0
1741876200.0,116.654999,117.250000,115.610001,116.080002,39262209.000000,1741879800.0
1741879800.0,116.080002,116.699997,115.410004,115.860901,31632519.000000,1741883400.0
1741883400.0,115.849998,116.800003,114.449997,115.264999,30548149.000000,1741887000.0
1741887000.0,115.264999,116.949997,115.110199,116.949997,28164566.000000,1741890600.0
1741890600.0,116.949997,117.730003,115.889999,116.004997,31767650.000000,1741894200.0
1741894200.0,116.010002,116.349998,115.120003,115.709999,26425577.000000,1741897800.0
1741959000.0,118.620003,120.565002,118.150002,119.524902,80054675.000000,1741962600.0
1741962600.0,119.528999,121.190002,119.500099,120.930000,37708775.000000,1741966200.0
1741966200.0,120.930000,121.879997,120.500000,120.514999,33893954.000000,1741969800.0
1741969800.0,120.510101,121.285004,120.360001,120.544998,22384234.000000,1741973400.0
1741973400.0,120.540001,120.859398,120.110001,120.275002,19595435.000000,1741977000.0
1741977000.0,120.279999,121.068497,120.250000,120.584999,23734973.000000,1741980600.0
1741980600.0,120.589996,121.800003,120.580002,121.449997,29113451.000000,1741984200.0
1742218200.0,122.737503,122.889999,119.500000,119.535004,74495804.000000,1742221800.0
1742221800.0,119.540001,120.269997,118.879997,119.294998,34677303.000000,1742225400.0
1742225400.0,119.305000,119.709999,118.279999,118.365097,24933399.000000,1742229000.0
1742229000.0,118.370003,119.250000,118.029999,119.174896,24739657.000000,1742232600.0
1742232600.0,119.175003,120.570000,119.000000,120.500000,24394177.000000,1742236200.0
1742236200.0,120.489998,121.080002,120.230003,120.364403,25289938.000000,1742239800.0
1742239800.0,120.360001,120.464996,119.419998,119.480003,21588433.000000,1742243400.0
1742304600.0,118.245003,118.519997,114.540001,115.839996,72291232.000000,1742308200.0
1742308200.0,115.830002,116.959999,115.480003,116.754997,33542033.000000,1742311800.0
1742311800.0,116.754997,117.680000,116.180199,117.639999,26841463.000000,1742315400.0
1742315400.0,117.639999,119.019997,116.940002,117.154999,37041485.000000,1742319000.0
1742319000.0,117.169998,117.650002,115.740700,116.638702,38658434.000000,1742322600.0
1742322600.0,116.639999,117.580002,115.970001,116.135002,32486323.000000,1742326200.0
1742326200.0,116.139999,116.290001,114.949997,115.580002,26592776.000000,1742329800.0
1742391000.0,117.305000,118.160004,115.680000,116.989998,64324915.000000,1742394600.0
1742394600.0,116.985703,117.419998,116.294998,117.245003,25356228.000000,1742398200.0
1742398200.0,117.245003,118.099998,117.000000,118.025002,26815588.000000,1742401800.0
1742401800.0,118.019997,118.250000,117.269997,117.458603,19938862.000000,1742405400.0
1742405400.0,117.459999,119.260002,117.336998,118.536003,31708228.000000,1742409000.0
1742409000.0,118.530998,120.445000,118.180000,118.250000,42933049.000000,1742412600.0
1742412600.0,118.264999,119.080002,117.389999,117.519997,28863345.000000,1742416200.0
1742477400.0,117.235001,119.440002,116.760002,118.900002,59212296.000000,1742481000.0
1742481000.0,118.910004,119.904999,118.680099,119.629997,29473663.000000,1742484600.0
1742484600.0,119.639801,120.199997,118.189903,118.290001,36312796.000000,1742488200.0
1742488200.0,118.309998,118.775002,117.820000,117.889000,29469743.000000,1742491800.0
1742491800.0,117.900002,119.070000,117.839996,118.079102,20595474.000000,1742495400.0
1742495400.0,118.065002,118.680000,117.739998,118.044998,21977978.000000,1742499000.0
1742499000.0,118.050003,118.919998,118.050003,118.470001,18320216.000000,1742502600.0
1742563800.0,116.958000,117.669998,115.419998,116.469398,77008403.000000,1742567400.0
1742567400.0,116.470001,117.050003,116.019997,116.290001,23739474.000000,1742571000.0
1742571000.0,116.294998,117.629997,116.269997,117.349998,22178576.000000,1742574600.0
1742574600.0,117.355003,117.989998,116.970001,117.065002,27230579.000000,1742578200.0
1742578200.0,117.065002,117.559998,116.820000,117.191101,14765667.000000,1742581800.0
1742581800.0,117.190002,117.410004,116.684998,116.785004,17897704.000000,1742585400.0
1742585400.0,116.779999,117.800003,116.400002,117.635002,23788360.000000,1742589000.0
1742823000.0,119.889999,121.070000,119.339996,120.480003,60100425.000000,1742826600.0
1742826600.0,120.470001,122.220001,120.330002,122.040001,34041886.000000,1742830200.0
1742830200.0,122.040100,122.220001,121.349998,121.750000,21429703.000000,1742833800.0
1742833800.0,121.754997,122.080002,121.379997,121.728798,15509433.000000,1742837400.0
1742837400.0,121.724998,121.980003,121.559998,121.815002,13064300.000000,1742841000.0
1742841000.0,121.815002,122.080002,121.650002,121.794998,16563480.000000,1742844600.0
1742844600.0,121.794998,122.009903,121.230003,121.230003,19638306.000000,1742848200.0
1742909400.0,120.567497,120.940002,118.919998,119.980003,54305819.000000,1742913000.0
1742913000.0,119.980003,120.440002,119.445000,120.261597,22280992.000000,1742916600.0
1742916600.0,120.269997,120.989998,120.040001,120.660202,18179130.000000,1742920200.0
1742920200.0,120.669998,121.410004,120.169998,120.235001,14869007.000000,1742923800.0
1742923800.0,120.239998,121.019997,120.236702,120.715103,13385816.000000,1742927400.0
1742927400.0,120.720001,120.949997,120.510002,120.695000,13173791.000000,1742931000.0
1742931000.0,120.695000,121.290001,120.510002,120.644997,13672618.000000,1742934600.0
1742995800.0,118.754997,118.839996,114.455002,115.114998,89092370.000000,1742999400.0
1742999400.0,115.114998,115.639999,114.739998,115.165001,34117276.000000,1743003000.0
1743003000.0,115.160004,115.400002,113.570000,114.035004,35802958.000000,1743006600.0
1743006600.0,114.035004,114.279999,113.389999,113.459999,28403778.000000,1743010200.0
1743010200.0,113.464996,113.790001,112.709999,113.644997,29558918.000000,1743013800.0
1743013800.0,113.650002,113.769997,112.764999,113.264999,26875607.000000,1743017400.0
1743017400.0,113.264999,114.150002,113.180000,113.699997,24048584.000000,1743021000.0
1743082200.0,111.345001,113.287399,110.669998,112.815002,68494954.000000,1743085800.0
1743085800.0,112.809998,114.449997,112.650002,113.550003,33925620.000000,1743089400.0
1743089400.0,113.550003,113.559998,111.959999,112.504997,28975493.000000,1743093000.0
1743093000.0,112.500000,112.790001,111.650002,111.691399,18461760.000000,1743096600.0
1743096600.0,111.690002,112.535004,111.519997,112.144997,18439363.000000,1743100200.0
1743100200.0,112.129997,112.970001,111.949997,112.669998,16703652.000000,1743103800.0
1743103800.0,112.663696,112.684998,111.180000,111.430000,19127222.000000,1743107400.0
1743168600.0,111.485001,112.870003,109.260002,109.278801,67383364.000000,1743172200.0
1743172200.0,109.279999,110.150002,109.079903,109.654999,30806013.000000,1743175800.0
1743175800.0,109.654999,110.183899,109.099998,109.584999,24313542.000000,1743179400.0
1743179400.0,109.580002,110.144997,109.239998,109.474998,22879578.000000,1743183000.0
1743183000.0,109.485001,110.418198,109.360001,110.014999,19879394.000000,1743186600.0
1743186600.0,110.011002,110.610001,109.860001,109.910004,21216107.000000,1743190200.0
1743190200.0,109.910004,110.078598,109.400002,109.639999,21276045.000000,1743193800.0
1743427800.0,105.110001,106.010002,103.650002,103.889999,87254622.000000,1743431400.0
1743431400.0,103.894997,105.529999,103.894997,105.189598,38342264.000000,1743435000.0
1743435000.0,105.180000,106.010002,104.769997,105.980003,26299485.000000,1743438600.0
1743438600.0,105.974998,106.250000,105.309998,105.720001,20941158.000000,1743442200.0
1743442200.0,105.728897,107.570000,105.559998,107.550102,21222498.000000,1743445800.0
1743445800.0,107.550003,108.139999,107.120003,107.239998,30430998.000000,1743449400.0
1743449400.0,107.250000,108.959999,107.130096,108.769997,30493185.000000,1743453000.0
1743514200.0,108.532501,109.093697,106.470001,107.129997,56995789.000000,1743517800.0
1743517800.0,107.143501,109.489998,107.074997,108.910896,31564223.000000,1743521400.0
1743521400.0,108.919998,109.929901,108.580002,109.400002,25262661.000000,1743525000.0
1743525000.0,109.410004,109.455002,108.449997,108.801201,19506598.000000,1743528600.0
1743528600.0,108.800003,109.230003,107.410004,107.719902,18839819.000000,1743532200.0
1743532200.0,107.709999,108.959999,107.639999,108.611298,20397955.000000,1743535800.0
1743535800.0,108.610001,110.199997,108.559998,110.150002,23879667.000000,1743539400.0
1743600600.0,107.300003,109.720001,106.790001,108.998596,52456911.000000,1743604200.0
1743604200.0,109.000000,110.489998,108.680000,110.250000,24990782.000000,1743607800.0
1743607800.0,110.239998,111.154999,109.610001,111.152397,20802108.000000,1743611400.0
1743611400.0,111.151299,111.980003,110.150002,111.235001,24736543.000000,1743615000.0
1743615000.0,111.220001,111.250000,109.320000,109.324997,23167039.000000,1743618600.0
1743618600.0,109.300003,110.129997,108.849998,109.650002,20996629.000000,1743622200.0
1743622200.0,109.644997,110.760002,109.389999,110.379997,18771615.000000,1743625800.0
1743687000.0,103.504997,105.629997,103.262199,105.150002,88390819.000000,1743690600.0
1743690600.0,105.150002,105.429100,102.010002,102.969902,61147077.000000,1743694200.0
1743694200.0,102.955002,104.190002,102.885002,103.661003,32422689.000000,1743697800.0
1743697800.0,103.669998,103.870003,102.750000,103.019997,30347849.000000,1743701400.0
1743701400.0,103.019897,103.360001,102.300003,102.625000,22282652.000000,1743705000.0
1743705000.0,102.629997,104.099998,102.535004,102.668503,33686143.000000,1743708600.0
1743708600.0,102.669998,103.010002,101.599998,101.809998,36062968.000000,1743712200.0
1743773400.0,98.940002,100.124100,94.559998,94.605797,144457921.000000,1743777000.0
1743777000.0,94.605003,96.570000,92.110001,95.099998,99663988.000000,1743780600.0
1743780600.0,95.099998,95.849998,93.629997,93.829903,50949073.000000,1743784200.0
1743784200.0,93.830002,94.580002,93.239998,94.100098,42350512.000000,1743787800.0
1743787800.0,94.110001,96.129898,93.665001,94.010002,43326237.000000,1743791400.0
1743791400.0,94.025002,95.559998,93.264900,95.165001,54075828.000000,1743795000.0
1743795000.0,95.169998,96.379997,94.209999,94.320000,48492823.000000,1743798600.0
1744032600.0,88.250000,101.739998,86.629997,93.480003,243187525.000000,1744036200.0
1744036200.0,93.480003,98.279999,92.019997,93.879997,98058048.000000,1744039800.0
1744039800.0,93.860001,97.739998,93.860001,95.870003,52286254.000000,1744043400.0
1744043400.0,95.860001,98.320000,94.811996,98.232903,44582320.000000,1744047000.0
1744047000.0,98.209999,99.690002,97.175003,97.410004,54154785.000000,1744050600.0
1744050600.0,97.430702,99.029999,96.419998,96.650002,41244887.000000,1744054200.0
1744054200.0,96.669998,98.370003,96.269997,97.709999,32364653.000000,1744057800.0
1744119000.0,103.805000,105.849998,102.589996,104.730003,131855772.000000,1744122600.0
1744122600.0,104.720001,105.230003,102.019997,102.059998,62175660.000000,1744126200.0
1744126200.0,102.059998,104.365700,100.949997,101.584999,53337417.000000,1744129800.0
1744129800.0,101.580002,101.820000,98.699997,98.779999,54463549.000000,1744133400.0
1744133400.0,98.754997,101.000000,98.580002,99.429901,37886532.000000,1744137000.0
1744137000.0,99.428299,101.000000,95.269997,96.320000,55183916.000000,1744140600.0
1744140600.0,96.309998,96.750000,94.459999,96.709999,44320325.000000,1744144200.0
1744205400.0,98.879997,101.180000,97.530098,99.979401,110121099.000000,1744209000.0
1744209000.0,99.970001,100.930000,97.739998,99.168800,48978408.000000,1744212600.0
1744212600.0,99.169998,99.709999,98.000000,99.440002,33664067.000000,1744216200.0
1744216200.0,99.440002,109.849998,99.150002,106.470001,86003341.000000,1744219800.0
1744219800.0,106.470001,112.989998,101.570000,112.029999,114934175.000000,1744223400.0
1744223400.0,112.029999,113.300003,110.099998,112.790001,79368009.000000,1744227000.0
1744227000.0,112.797600,115.099998,112.775002,114.250000,69889080.000000,1744230600.0
1744291800.0,109.320000,110.029999,106.940002,109.080002,103900783.000000,1744295400.0
1744295400.0,109.050003,110.860001,107.889999,107.894997,49359864.000000,1744299000.0
1744299000.0,107.891296,108.267998,103.010002,104.050003,64357100.000000,1744302600.0
1744302600.0,104.029999,108.370003,103.940002,106.470001,52957278.000000,1744306200.0
1744306200.0,106.449997,108.570000,106.050003,108.444000,43347805.000000,1744309800.0
1744309800.0,108.449997,108.938698,106.410004,106.440002,42888124.000000,1744313400.0
1744313400.0,106.440002,108.059998,105.500000,107.699997,39204146.000000,1744317000.0
1744378200.0,108.589996,110.690002,107.559998,107.699997,81909147.000000,1744381800.0
1744381800.0,107.709999,109.834999,107.480003,108.639999,41874415.000000,1744385400.0
1744385400.0,108.650002,109.989998,108.430000,109.440002,31153652.000000,1744389000.0
1744389000.0,109.470001,111.059998,109.430000,109.739998,35792537.000000,1744392600.0
1744392600.0,109.739998,111.549896,109.290100,110.349998,36180706.000000,1744396200.0
1744396200.0,110.360001,110.519997,109.580002,110.110001,24853430.000000,1744399800.0
1744399800.0,110.105003,111.000000,109.830002,110.690002,29628386.000000,1744403400.0
1744637400.0,114.139999,114.290001,111.380096,112.567001,82789779.000000,1744641000.0
1744641000.0,112.565002,112.989998,111.300003,111.333504,32614822.000000,1744644600.0
1744644600.0,111.349998,111.660004,109.070000,110.029999,42210370.000000,1744648200.0
1744648200.0,110.029999,111.190002,109.934998,110.440002,23588472.000000,1744651800.0
1744651800.0,110.430000,111.360001,109.779999,111.199997,21463425.000000,1744655400.0
1744655400.0,111.191101,111.879997,111.099998,111.349998,20101443.000000,1744659000.0
1744659000.0,111.360001,111.790001,110.639999,110.699997,21299355.000000,1744662600.0
1744723800.0,110.970001,112.760002,110.500000,111.014999,58803422.000000,1744727400.0
1744727400.0,111.040001,112.489998,111.000000,112.029999,26916127.000000,1744731000.0
1744731000.0,112.035004,113.614998,111.790001,113.264999,35167817.000000,1744734600.0
1744734600.0,113.269997,113.400002,111.730103,111.840103,22753728.000000,1744738200.0
1744738200.0,111.834999,112.639999,111.769997,112.120003,19596078.000000,1744741800.0
1744741800.0,112.114998,112.720001,111.995003,112.210098,17827629.000000,1744745400.0
1744745400.0,112.214996,112.349998,111.949997,112.099998,14052161.000000,1744749000.0
1744810200.0,104.550003,106.790001,104.349998,105.519997,101562531.000000,1744813800.0
1744813800.0,105.525002,105.584702,103.800003,105.175102,46612325.000000,1744817400.0
1744817400.0,105.180000,105.370003,103.580002,103.915001,32297195.000000,1744821000.0
1744821000.0,103.915001,104.160004,103.150002,103.934998,28022826.000000,1744824600.0
1744824600.0,103.940002,103.980003,101.741203,102.184998,46963938.000000,1744828200.0
1744828200.0,102.184998,102.254997,100.449997,101.004997,52578363.000000,1744831800.0
1744831800.0,101.010002,104.550003,101.010002,104.500000,48163675.000000,1744835400.0
1744896600.0,104.425003,104.470001,100.480003,100.495003,82712336.000000,1744900200.0
1744900200.0,100.495697,101.330002,100.050003,100.398201,50819134.000000,1744903800.0
1744903800.0,100.394997,101.400002,100.160004,101.235001,34589269.000000,1744907400.0
1744907400.0,101.235100,101.839996,100.751701,100.831200,26631436.000000,1744911000.0
1744911000.0,100.839996,102.379997,100.790001,102.156303,26656995.000000,1744914600.0
1744914600.0,102.160004,102.489998,101.019997,101.214996,27771508.000000,1744918200.0
1744918200.0,101.209999,101.699997,100.849998,101.410004,22752612.000000,1744921800.0
1745242200.0,99.269997,99.339996,95.570000,95.834999,83473343.000000,1745245800.0
1745245800.0,95.834999,96.570000,95.650002,95.889999,33159945.000000,1745249400.0
1745249400.0,95.889999,96.279999,95.739998,95.800003,23386474.000000,1745253000.0
1745253000.0,95.800003,96.389999,95.150002,95.368599,24254282.000000,1745256600.0
1745256600.0,95.360001,95.680000,95.040001,95.589996,21645802.000000,1745260200.0
1745260200.0,95.589996,95.860001,95.150002,95.599998,25081227.000000,1745263800.0
1745263800.0,95.599998,97.199997,95.599998,96.800003,28458934.000000,1745267400.0
1745328600.0,98.764999,99.379997,97.360001,99.028702,59768072.000000,1745332200.0
1745332200.0,99.025002,99.449997,98.350098,98.894997,29039264.000000,1745335800.0
1745335800.0,98.896400,99.810997,98.300003,99.650002,30596290.000000,1745339400.0
1745339400.0,99.654999,99.769997,97.959999,98.105003,28063300.000000,1745343000.0
1745343000.0,98.099998,98.559998,97.570000,98.485001,20303566.000000,1745346600.0
1745346600.0,98.495796,98.830002,97.599998,97.705002,17537365.000000,1745350200.0
1745350200.0,97.699997,99.000000,97.279999,98.879997,24642393.000000,1745353800.0
1745415000.0,104.520103,104.800003,102.580002,104.184998,83247065.000000,1745418600.0
1745418600.0,104.184998,104.739998,102.940002,103.137001,34974533.000000,1745422200.0
1745422200.0,103.150002,103.470001,102.620003,103.360001,25976963.000000,1745425800.0
1745425800.0,103.355003,104.330002,103.110001,103.959999,20566700.000000,1745429400.0
1745429400.0,103.970001,104.239998,103.559998,103.714996,15975552.000000,1745433000.0
1745433000.0,103.714996,103.919998,102.320000,102.419998,20008243.000000,1745436600.0
1745436600.0,102.419998,102.870003,102.019997,102.535004,20806368.000000,1745440200.0
1745501400.0,103.474998,105.385002,103.110001,105.368698,56039411.000000,1745505000.0
1745505000.0,105.364998,105.989998,104.730003,105.345001,31690192.000000,1745508600.0
1745508600.0,105.349998,105.879997,105.037903,105.748901,22022097.000000,1745512200.0
1745512200.0,105.739998,106.379997,105.669998,106.294998,24284792.000000,1745515800.0
1745515800.0,106.298302,106.459999,105.860001,106.334702,16704091.000000,1745519400.0
1745519400.0,106.330002,106.500000,105.510101,105.724998,18390301.000000,1745523000.0
1745523000.0,105.724998,106.540001,105.669998,106.379997,18998196.000000,1745526600.0
1745587800.0,106.860001,108.099998,105.730003,107.541000,56519423.000000,1745591400.0
1745591400.0,107.559998,108.980003,107.309998,108.660004,26933524.000000,1745595000.0
1745595000.0,108.660004,109.519997,108.480003,109.474998,24948783.000000,1745598600.0
1745598600.0,109.470001,111.919998,109.320000,111.870003,39255944.000000,1745602200.0
1745602200.0,111.859901,111.899498,109.821198,110.834999,33902808.000000,1745605800.0
1745605800.0,110.839996,111.440002,110.599998,110.735001,25044117.000000,1745609400.0
1745609400.0,110.739998,111.000000,110.199997,110.959999,23072925.000000,1745613000.0
1745847000.0,109.695000,110.369904,107.860001,108.525200,60413372.000000,1745850600.0
1745850600.0,108.529999,108.680000,106.384399,106.599998,30770324.000000,1745854200.0
1745854200.0,106.605003,107.529999,106.540199,106.550903,20240417.000000,1745857800.0
1745857800.0,106.559998,107.254997,106.019997,106.279999,18846051.000000,1745861400.0
1745861400.0,106.279999,107.400002,106.169998,107.300003,15472588.000000,1745865000.0
1745865000.0,107.294998,108.290001,107.080002,108.190002,16786692.000000,1745868600.0
1745868600.0,108.180000,108.849998,108.120003,108.639999,18093005.000000,1745872200.0
1745933400.0,107.870003,109.709999,107.820000,108.529999,45041087.000000,1745937000.0
1745937000.0,108.540001,109.099998,108.379997,108.809799,19083368.000000,1745940600.0
1745940600.0,108.809998,109.269997,108.535004,108.875000,13963878.000000,1745944200.0
1745944200.0,108.879997,109.080002,108.220001,108.735001,12800451.000000,1745947800.0
1745947800.0,108.739998,110.199898,108.739998,109.980103,21179656.000000,1745951400.0
1745951400.0,109.985199,110.080002,108.820099,109.400002,22598643.000000,1745955000.0
1745955000.0,109.400002,109.529999,108.769997,108.919998,16544045.000000,1745958600.0
1746019800.0,104.470001,106.120003,104.080002,105.985001,59488326.000000,1746023400.0
1746023400.0,105.980003,106.540001,105.669998,106.375000,23685269.000000,1746027000.0
1746027000.0,106.375000,106.904999,105.879997,106.055000,19101518.000000,1746030600.0
1746030600.0,106.059998,106.500000,105.639999,106.470001,14908641.000000,1746034200.0
1746034200.0,106.470100,107.769997,106.379997,107.195000,21407425.000000,1746037800.0
1746037800.0,107.190002,107.834999,107.040001,107.254997,16187996.000000,1746041400.0
1746041400.0,107.250000,108.879997,107.040001,108.775002,24138337.000000,1746045000.0
1746106200.0,113.099998,114.079803,112.080002,113.330002,69672901.000000,1746109800.0
1746109800.0,113.320000,114.940002,113.133698,114.324997,38782979.000000,1746113400.0
1746113400.0,114.330002,114.419998,113.050003,113.651802,28376525.000000,1746117000.0
1746117000.0,113.650002,113.870003,112.860001,113.564796,16605965.000000,1746120600.0
1746120600.0,113.570000,113.919998,112.900002,113.669998,15678013.000000,1746124200.0
1746124200.0,113.669998,113.750000,112.879997,113.000000,15249098.000000,1746127800.0
1746127800.0,113.000000,113.040001,111.320000,111.529999,22930513.000000,1746131400.0
1746192600.0,114.180000,115.400002,113.370003,113.904999,59365090.000000,1746196200.0
1746196200.0,113.900002,114.800003,113.489998,114.650101,23266857.000000,1746199800.0
1746199800.0,114.660004,115.250000,114.550003,114.745003,20729043.000000,1746203400.0
1746203400.0,114.745003,114.979897,113.949997,114.364502,15564881.000000,1746207000.0
1746207000.0,114.364998,114.879997,114.190002,114.800003,14510300.000000,1746210600.0
1746210600.0,114.809998,115.029999,114.220001,114.470001,19985024.000000,1746214200.0
1746214200.0,114.470001,114.629997,113.900002,114.389999,19368086.000000,1746217800.0
1746451800.0,112.904999,114.379997,112.769997,113.245003,38031331.000000,1746455400.0
1746455400.0,113.247002,113.970001,112.660004,113.919899,17940252.000000,1746459000.0
1746459000.0,113.919998,114.120003,113.400002,113.785004,13139046.000000,1746462600.0
1746462600.0,113.959999,114.160004,113.849998,114.129997,10787578.000000,1746466200.0
1746466200.0,114.135002,114.529999,114.099998,114.371002,9164969.000000,1746469800.0
1746469800.0,114.370003,114.660004,114.040001,114.374001,11760297.000000,1746473400.0
1746473400.0,114.360001,114.620003,113.669998,113.809998,11600077.000000,1746477000.0
1746538200.0,111.639999,112.970001,110.821999,112.654999,44297315.000000,1746541800.0
1746541800.0,112.650002,113.250000,112.563698,113.070000,18483594.000000,1746545400.0
1746545400.0,113.065002,113.790001,112.599998,113.017899,15157659.000000,1746549000.0
1746549000.0,113.010101,113.400002,112.610001,112.919998,13211868.000000,1746552600.0
1746552600.0,112.930000,113.779999,112.720001,113.680000,11895316.000000,1746556200.0
1746556200.0,113.669998,114.300003,113.559998,114.230003,16085333.000000,1746559800.0
1746559800.0,114.231400,114.739998,113.379997,113.445000,15975805.000000,1746563400.0
1746624600.0,113.044998,113.650002,112.614998,113.480301,36330539.000000,1746628200.0
1746628200.0,113.480003,113.669998,112.930099,113.294998,16245674.000000,1746631800.0
1746631800.0,113.290001,114.220001,113.230003,113.679901,15074340.000000,1746635400.0
1746635400.0,113.680000,114.129997,113.594902,113.945000,9835847.000000,1746639000.0
1746639000.0,113.949997,114.000000,112.281799,113.000099,20558834.000000,1746642600.0
1746642600.0,112.995003,113.879997,112.769997,113.235001,19343637.000000,1746646200.0
1746646200.0,113.230003,117.680000,113.190002,117.019997,63856483.000000,1746649800.0
1746711000.0,118.480003,118.589996,116.489998,117.239998,59707764.000000,1746714600.0
1746714600.0,117.230003,117.595001,115.849998,117.260002,31401104.000000,1746718200.0
1746718200.0,117.260002,118.449997,117.029999,118.049896,28059942.000000,1746721800.0
1746721800.0,118.044998,118.245003,117.730003,117.904900,13310250.000000,1746725400.0
1746725400.0,117.904999,118.191002,117.529999,117.974998,13827447.000000,1746729000.0
1746729000.0,117.974602,118.680000,117.860001,118.540497,15953072.000000,1746732600.0
1746732600.0,118.550003,118.599998,117.294998,117.370003,16200137.000000,1746736200.0
1746797400.0,117.345001,118.230003,115.849998,116.131599,41154488.000000,1746801000.0
1746801000.0,116.129997,116.769997,115.209999,116.377502,28264877.000000,1746804600.0
1746804600.0,116.379997,116.769997,115.980003,116.285004,12954336.000000,1746808200.0
1746808200.0,116.280197,116.669998,116.110001,116.430000,9605723.000000,1746811800.0
1746811800.0,116.421501,116.919998,116.230003,116.580002,9257679.000000,1746815400.0
1746815400.0,116.580200,116.800003,116.470001,116.725197,8950592.000000,1746819000.0
1746819000.0,116.724998,116.864998,116.430000,116.620697,11620676.000000,1746822600.0
1747056600.0,121.940002,122.820000,120.470001,120.860001,70528533.000000,1747060200.0
1747060200.0,120.860001,121.849998,120.279999,121.651398,28095532.000000,1747063800.0
1747063800.0,121.654999,122.720001,121.445000,122.371300,22575292.000000,1747067400.0
1747067400.0,122.394997,122.930000,122.330002,122.661499,17996416.000000,1747071000.0
1747071000.0,122.665001,122.940002,122.470001,122.735001,15972208.000000,1747074600.0
1747074600.0,122.735001,123.000000,122.470001,122.584999,19606969.000000,1747078200.0
1747078200.0,122.580002,123.000000,122.070099,122.989998,24973516.000000,1747081800.0
1747143000.0,124.720001,129.499893,124.470001,129.214996,97107956.000000,1747146600.0
1747146600.0,129.225006,130.830002,128.919998,129.830002,69868680.000000,1747150200.0
1747150200.0,129.835007,130.479996,129.320007,130.460007,33679000.000000,1747153800.0
1747153800.0,130.449997,130.990005,130.089996,130.835007,24889147.000000,1747157400.0
1747157400.0,130.835007,131.218903,129.860001,130.445007,29883803.000000,1747161000.0
1747161000.0,130.449997,130.675003,129.720001,130.214996,25419839.000000,1747164600.0
1747164600.0,130.214996,130.449997,129.820007,129.839996,22868247.000000,1747168200.0
1747229400.0,133.169998,134.860001,131.679993,132.660004,92146747.000000,1747233000.0
1747233000.0,132.639999,134.279999,132.369995,134.154999,35295196.000000,1747236600.0
1747236600.0,134.154999,135.110001,133.960007,134.970001,30186219.000000,1747240200.0
1747240200.0,134.978302,135.434998,133.960007,134.460007,25502850.000000,1747243800.0
1747243800.0,134.460907,135.149994,134.229996,134.559998,18795906.000000,1747247400.0
1747247400.0,134.554993,135.320007,134.551498,134.889999,21685495.000000,1747251000.0
1747251000.0,134.889999,135.395004,134.259995,135.347107,23440039.000000,1747254600.0
1747315800.0,133.852493,134.720001,132.660004,133.270004,64545441.000000,1747319400.0
1747319400.0,133.300003,134.490005,132.840103,134.384995,26958012.000000,1747323000.0
1747323000.0,134.399994,135.250000,134.210007,135.216599,22394144.000000,1747326600.0
1747326600.0,135.214996,136.300003,135.100006,136.220001,27539610.000000,1747330200.0
1747330200.0,136.220001,136.220001,134.759995,135.360001,22560474.000000,1747333800.0
1747333800.0,135.360001,135.589996,133.589996,133.735001,23291803.000000,1747337400.0
1747337400.0,133.735001,134.949997,133.729996,134.899994,19243632.000000,1747341000.0
1747402200.0,136.250000,136.309998,135.020004,135.425003,57460183.000000,1747405800.0
1747405800.0,135.425003,135.429993,133.460007,134.865005,34733736.000000,1747409400.0
1747409400.0,134.860001,135.330002,134.570007,134.794998,17561863.000000,1747413000.0
1747413000.0,134.800003,135.829895,134.429993,135.821793,19290065.000000,1747416600.0
1747416600.0,135.820099,136.250000,134.951996,135.035004,25639188.000000,1747420200.0
1747420200.0,135.035004,135.639999,135.014999,135.080307,17202833.000000,1747423800.0
1747423800.0,135.085007,135.419998,134.875000,135.320007,18371101.000000,1747427400.0
1747661400.0,132.410004,135.869995,132.410004,135.285004,70608935.000000,1747665000.0
1747665000.0,135.294998,135.399994,134.279999,134.925003,30377827.000000,1747668600.0
1747668600.0,134.919998,135.720001,132.850006,135.225006,17839663.000000,1747672200.0
1747672200.0,135.221100,135.699997,134.690002,135.274994,15733373.000000,1747675800.0
1747675800.0,135.279999,135.690002,133.000000,135.085007,13132000.000000,1747679400.0
1747679400.0,135.085007,135.470001,134.990005,135.119995,13714659.000000,1747683000.0
1747683000.0,135.119995,135.600006,135.080002,135.490005,13501113.000000,1747686600.0
1747747800.0,134.289993,134.580002,132.619995,132.949997,47478213.000000,1747751400.0
1747751400.0,132.940002,133.919998,132.750000,133.774994,23892925.000000,1747755000.0
1747755000.0,133.779999,134.259995,133.639999,134.084595,16269373.000000,1747758600.0
1747758600.0,134.085007,134.440002,134.029999,134.104996,12840545.000000,1747762200.0
1747762200.0,134.100006,134.240005,133.369995,133.449997,14347265.000000,1747765800.0
1747765800.0,133.449997,133.919998,133.029999,133.815002,16515666.000000,1747769400.0
1747769400.0,133.820007,134.460007,133.800003,134.380005,14603744.000000,1747773000.0
1747834200.0,133.657700,134.899994,133.445007,134.085007,43028055.000000,1747837800.0
1747837800.0,134.089996,135.979996,133.770004,135.875793,29055499.000000,1747841400.0
1747841400.0,135.875000,137.399994,135.720001,137.085007,35553645.000000,1747845000.0
1747845000.0,137.085007,137.399994,133.115005,133.214996,34652134.000000,1747848600.0
1747848600.0,133.229996,134.220001,132.284698,132.845001,43037831.000000,1747852200.0
1747852200.0,132.845001,133.445007,130.589996,131.078705,36210032.000000,1747855800.0
1747855800.0,131.080002,132.410004,131.070007,131.729996,23830741.000000,1747859400.0
1747920600.0,132.179993,133.949997,131.554794,133.039993,55798007.000000,1747924200.0
1747924200.0,133.039993,133.500000,132.529999,132.880005,25893008.000000,1747927800.0
1747927800.0,132.880005,133.850006,132.580002,133.395004,20481345.000000,1747931400.0
1747931400.0,133.404999,133.669998,133.009995,133.511002,16235179.000000,1747935000.0
1747935000.0,133.517303,133.720001,133.110001,133.335007,13441513.000000,1747938600.0
1747938600.0,133.330200,134.250000,133.214996,133.918701,20043231.000000,1747942200.0
1747942200.0,133.919998,133.970001,132.660004,132.789902,17337021.000000,1747945800.0
1748007000.0,129.990005,131.195007,129.169998,130.529999,60714536.000000,1748010600.0
1748010600.0,130.550003,131.479996,130.190002,130.979996,26901787.000000,1748014200.0
1748014200.0,130.960007,131.289993,130.630005,131.009995,19633301.000000,1748017800.0
1748017800.0,131.011093,132.098999,130.750000,131.949997,17553945.000000,1748021400.0
1748021400.0,131.949799,132.679993,131.419998,132.134995,23401439.000000,1748025000.0
1748025000.0,132.130005,132.389999,131.300003,131.623901,17163745.000000,1748028600.0
1748028600.0,131.625000,132.000000,131.139999,131.309998,18296554.000000,1748032200.0
1748352600.0,134.152496,135.399994,133.309998,135.291794,60714477.000000,1748356200.0
1748356200.0,135.300003,135.559998,134.940002,135.210007,25220857.000000,1748359800.0
1748359800.0,135.214996,135.449997,134.839996,135.261993,18583613.000000,1748363400.0
1748363400.0,135.264999,135.660004,135.179993,135.600006,15154754.000000,1748367000.0
1748367000.0,135.601196,135.649994,135.044998,135.251602,14567409.000000,1748370600.0
1748370600.0,135.255005,135.460007,135.009995,135.139999,16065055.000000,1748374200.0
1748374200.0,135.139999,135.500000,134.720001,135.490005,20197749.000000,1748377800.0
1748439000.0,136.050003,136.300003,135.000000,135.264999,54142058.000000,1748442600.0
1748442600.0,135.259995,135.630005,134.800003,135.591904,24001256.000000,1748446200.0
1748446200.0,135.595001,136.100006,135.479996,135.940308,21989816.000000,1748449800.0
1748449800.0,135.934998,136.500000,135.520004,136.449997,22906136.000000,1748453400.0
1748453400.0,136.449997,137.250000,136.240005,136.669998,27863769.000000,1748457000.0
1748457000.0,136.660004,137.190002,136.315002,136.830002,30892124.000000,1748460600.0
1748460600.0,136.830002,136.830002,134.789993,134.811600,34431570.000000,1748464200.0
1748525400.0,142.240005,143.490005,139.289993,140.619293,149521246.000000,1748529000.0
1748529000.0,140.615005,141.940002,140.179993,141.660004,50432815.000000,1748532600.0
1748532600.0,141.654999,141.710007,140.054993,140.570206,32266412.000000,1748536200.0
1748536200.0,140.570007,141.050003,139.679993,139.875000,24634864.000000,1748539800.0
1748539800.0,139.870102,139.990005,137.910004,138.444199,39127901.000000,1748543400.0
1748543400.0,138.445007,139.429993,138.440002,138.910004,29054162.000000,1748547000.0
1748547000.0,138.899994,139.460007,138.440002,139.179993,24908972.000000,1748550600.0
1748611800.0,138.990005,139.610001,135.800003,137.360001,70550253.000000,1748615400.0
1748615400.0,137.350006,137.449997,135.544998,136.104996,36076531.000000,1748619000.0
1748619000.0,136.104996,136.220001,133.389999,133.589996,41219309.000000,1748622600.0
1748622600.0,133.589996,134.910004,132.919998,134.462296,38667810.000000,1748626200.0
1748626200.0,134.460007,135.100006,133.789993,134.779999,25333394.000000,1748629800.0
1748629800.0,134.779999,135.470001,134.210007,135.264999,25676693.000000,1748633400.0
1748633400.0,135.270004,135.740005,134.419998,134.839996,30087974.000000,1748637000.0
1748871000.0,136.375000,137.660004,135.860001,136.660095,56937755.000000,1748874600.0
1748874600.0,136.660004,137.179993,136.000000,136.459900,23706991.000000,1748878200.0
1748878200.0,136.470001,137.639999,136.360001,137.407593,20963251.000000,1748881800.0
1748881800.0,137.389999,137.735001,137.059998,137.570007,14436996.000000,1748885400.0
1748885400.0,137.560104,138.119995,137.119995,138.031403,16905714.000000,1748889000.0
1748889000.0,138.039993,138.050003,137.509995,137.625000,14148724.000000,1748892600.0
1748892600.0,137.626694,137.699997,136.960007,137.369995,16432511.000000,1748896200.0
1748957400.0,138.762695,141.500000,137.955002,141.300003,72503390.000000,1748961000.0
1748961000.0,141.291702,142.000000,140.880005,141.819901,33656146.000000,1748964600.0
1748964600.0,141.809998,141.939896,140.320007,141.565002,21536837.000000,1748968200.0
1748968200.0,141.568207,141.860001,141.550003,141.615005,13738770.000000,1748971800.0
1748971800.0,141.616501,141.675003,140.259995,141.159805,22293768.000000,1748975400.0
1748975400.0,141.160004,141.529999,140.919998,141.449997,15855554.000000,1748979000.0
1748979000.0,141.445007,141.479996,141.039993,141.270004,18234984.000000,1748982600.0
1749043800.0,142.220001,142.389999,139.544998,140.985001,54713686.000000,1749047400.0
1749047400.0,140.985001,141.550003,140.710007,141.324997,22934690.000000,1749051000.0
1749051000.0,141.320007,141.419998,140.479996,140.510101,16773873.000000,1749054600.0
1749054600.0,140.509995,140.970001,140.350098,140.789993,13648099.000000,1749058200.0
1749058200.0,140.789993,141.630005,140.660004,141.618805,12028629.000000,1749061800.0
1749061800.0,141.619995,141.960007,141.421707,141.669998,16668260.000000,1749065400.0
1749065400.0,141.675003,141.970001,141.389999,141.830093,14052117.000000,1749069000.0
1749130200.0,143.003998,143.199997,140.740005,141.978302,47304437.000000,1749133800.0
1749133800.0,141.970001,143.250000,141.080002,143.038895,31955898.000000,1749137400.0
1749137400.0,143.031799,144.000000,142.589905,143.005005,32856742.000000,1749141000.0
1749141000.0,143.000000,143.074997,140.779999,141.578705,25643548.000000,1749144600.0
1749144600.0,141.573502,141.789902,139.789993,140.714996,21809449.000000,1749148200.0
1749148200.0,140.714996,141.125000,138.830002,139.590103,22827344.000000,1749151800.0
1749151800.0,139.610001,140.899994,139.570694,139.949997,18670737.000000,1749155400.0
1749216600.0,142.250000,143.270004,141.509995,141.645004,48131114.000000,1749220200.0
1749220200.0,141.820007,142.789993,141.559998,141.789993,22693222.000000,1749223800.0
1749223800.0,141.789993,142.880005,141.580002,142.259995,16272911.000000,1749227400.0
1749227400.0,142.319901,142.410004,141.539993,142.115005,12379647.000000,1749231000.0
1749231000.0,142.115005,142.729996,142.029999,142.365005,11651566.000000,1749234600.0
1749234600.0,142.361496,142.860001,141.960007,142.071793,13192321.000000,1749238200.0
1749238200.0,142.070007,142.110001,141.639999,141.690002,14850249.000000,1749241800.0
1749475800.0,143.199997,144.699997,142.899994,144.375000,46562468.000000,1749479400.0
1749479400.0,144.375000,145.000000,143.080002,143.180099,32958581.000000,1749483000.0
1749483000.0,143.190002,143.500107,142.028305,142.225006,35668047.000000,1749486600.0
1749486600.0,142.229996,143.045105,142.160004,142.770004,14458248.000000,1749490200.0
1749490200.0,142.774994,142.899994,141.970001,142.839905,12523340.000000,1749493800.0
1749493800.0,142.830002,143.029999,142.529999,142.774994,12378395.000000,1749497400.0
1749497400.0,142.770004,142.779999,142.190002,142.550003,14675807.000000,1749501000.0
1749562200.0,142.669998,143.070007,141.809998,142.800003,36348920.000000,1749565800.0
1749565800.0,142.794998,143.139801,142.309998,142.686996,19012075.000000,1749569400.0
1749569400.0,142.679993,143.149902,141.524994,143.115005,17762944.000000,1749573000.0
1749573000.0,143.110001,143.285004,142.649994,142.654999,11320481.000000,1749576600.0
1749576600.0,142.650101,143.130005,142.104996,143.119904,11735743.000000,1749580200.0
1749580200.0,143.119995,144.289993,142.889999,144.000000,21355092.000000,1749583800.0
1749583800.0,143.990005,144.000000,143.229996,143.949997,15565383.000000,1749587400.0
1749648600.0,144.610001,144.990005,143.020004,144.477295,49613839.000000,1749652200.0
1749652200.0,144.485001,144.689896,143.429993,144.150101,23256895.000000,1749655800.0
1749655800.0,144.119995,144.229996,142.772995,143.379898,18477391.000000,1749659400.0
1749659400.0,143.375900,143.850006,143.021805,143.710007,11585509.000000,1749663000.0
1749663000.0,143.725006,143.800003,142.020004,142.471603,18120336.000000,1749666600.0
1749666600.0,142.470001,142.960007,141.869995,142.399994,17550577.000000,1749670200.0
1749670200.0,142.395004,142.979996,142.289993,142.839996,13674586.000000,1749673800.0
1749735000.0,141.979996,144.179993,141.869995,144.065002,43378306.000000,1749738600.0
1749738600.0,144.070007,145.000000,143.994995,144.451202,33988311.000000,1749742200.0
1749742200.0,144.445007,144.720001,143.970001,144.449997,15078767.000000,1749745800.0
1749745800.0,144.455002,144.600006,144.029999,144.330002,11353255.000000,1749749400.0
1749749400.0,144.324997,144.835007,144.320007,144.475006,12360146.000000,1749753000.0
1749753000.0,144.475006,144.899994,144.250000,144.755005,14644653.000000,1749756600.0
1749756600.0,144.750000,145.000000,144.500000,145.000000,15549176.000000,1749760200.0
1749821400.0,143.369995,143.580002,141.074997,141.199997,51872162.000000,1749825000.0
1749825000.0,141.195007,142.940002,141.080002,142.916504,23127908.000000,1749828600.0
1749828600.0,142.914993,143.369995,142.871902,143.074997,13935311.000000,1749832200.0
1749832200.0,143.080002,143.360001,142.490005,142.654999,14462880.000000,1749835800.0
1749835800.0,142.654999,142.849899,141.565002,141.600006,16100745.000000,1749839400.0
1749839400.0,141.589996,142.080002,140.854996,141.505005,22482726.000000,1749843000.0
1749843000.0,141.505005,142.000000,141.460007,141.960007,20970591.000000,1749846600.0
1750080600.0,143.345001,144.889999,143.200104,144.479996,44856735.000000,1750084200.0
1750084200.0,144.475006,146.175003,144.020004,145.469803,42997672.000000,1750087800.0
1750087800.0,145.460007,146.059998,145.401901,145.955002,17537399.000000,1750091400.0
1750091400.0,146.000000,146.039993,145.360107,145.625000,15141052.000000,1750095000.0
1750095000.0,145.625000,145.699997,145.029999,145.229996,13046550.000000,1750098600.0
1750098600.0,145.221603,145.259995,144.710007,144.970001,15532334.000000,1750102200.0
1750102200.0,144.975006,145.000000,144.270004,144.669998,15755840.000000,1750105800.0
1750167000.0,144.875000,145.220001,144.039993,144.398605,35665612.000000,1750170600.0
1750170600.0,144.389999,144.949997,144.240005,144.509995,15413357.000000,1750174200.0
1750174200.0,144.509995,145.164993,144.220001,145.020004,15381526.000000,1750177800.0
1750177800.0,145.020004,145.125000,144.250000,144.830002,14502323.000000,1750181400.0
1750181400.0,144.820007,145.070007,143.960007,144.179993,16341184.000000,1750185000.0
1750185000.0,144.190002,144.500000,143.779999,144.276093,11499700.000000,1750188600.0
1750188600.0,144.274994,144.740005,144.009995,144.039993,12690439.000000,1750192200.0
1750253400.0,144.005005,145.330002,143.119995,145.220001,34846762.000000,1750257000.0
1750257000.0,145.220001,145.619995,144.869995,144.990005,18889032.000000,1750260600.0
1750260600.0,145.050003,145.600006,144.910004,145.279999,15092573.000000,1750264200.0
1750264200.0,145.274200,145.600006,145.089996,145.134995,9643794.000000,1750267800.0
1750267800.0,145.134995,145.500000,144.710007,145.050003,14648267.000000,1750271400.0
1750271400.0,145.028397,145.279999,143.910004,144.179901,21610193.000000,1750275000.0
1750275000.0,144.169998,145.600006,144.080002,145.470001,24050186.000000,1750278600.0
1750426200.0,145.434998,146.199997,144.100006,144.625000,67783997.000000,1750429800.0
1750429800.0,144.630005,145.029999,142.710007,143.899902,31508786.000000,1750433400.0
1750433400.0,143.878006,144.470001,143.679993,143.955002,24548725.000000,1750437000.0
1750437000.0,143.955002,144.339996,143.452393,143.485001,17667331.000000,1750440600.0
1750440600.0,143.490005,144.279999,143.220001,144.154999,12313905.000000,1750444200.0
1750444200.0,144.154999,144.320007,143.571793,143.789902,12939836.000000,1750447800.0
1750447800.0,143.789993,143.979996,143.139999,143.779999,17734749.000000,1750451400.0
1750685400.0,143.429993,144.300003,142.320007,143.630005,38498456.000000,1750689000.0
1750689000.0,143.639999,144.210007,143.529999,143.809998,16692515.000000,1750692600.0
1750692600.0,143.695007,144.050003,142.850006,142.929993,16739353.000000,1750696200.0
1750696200.0,142.929993,144.440002,142.029999,144.405807,24187562.000000,1750699800.0
1750699800.0,144.404999,144.740005,143.880005,143.909897,17966220.000000,1750703400.0
1750703400.0,143.910004,144.389999,143.750000,143.845001,11368715.000000,1750707000.0
1750707000.0,143.839996,144.369995,143.661804,144.175003,13348173.000000,1750710600.0
1750771800.0,145.860001,147.899994,145.690002,147.020004,57816010.000000,1750775400.0
1750775400.0,147.020004,147.429993,146.800003,146.904999,19347817.000000,1750779000.0
1750779000.0,146.910004,147.199997,146.550003,147.164993,18014469.000000,1750782600.0
1750782600.0,147.164993,147.449997,147.000000,147.195007,13836659.000000,1750786200.0
1750786200.0,147.190002,147.600006,147.184998,147.350098,12496972.000000,1750789800.0
1750789800.0,147.354996,147.539993,147.169998,147.228500,12406122.000000,1750793400.0
1750793400.0,147.225006,147.960007,147.184998,147.830002,18197811.000000,1750797000.0
1750858200.0,149.309998,152.559998,149.279999,152.205002,87631761.000000,1750861800.0
1750861800.0,152.205002,153.000000,151.529999,152.050003,34570654.000000,1750865400.0
1750865400.0,152.042999,152.199997,151.389999,152.141296,17980007.000000,1750869000.0
1750869000.0,152.145004,153.929993,151.970001,153.899994,29544691.000000,1750872600.0
1750872600.0,153.905899,154.009995,153.180206,153.932297,25802407.000000,1750876200.0
1750876200.0,153.940002,154.429993,153.360001,153.754395,27432674.000000,1750879800.0
1750879800.0,153.750000,154.410004,153.339996,154.309998,24556634.000000,1750883400.0
1750944600.0,155.380005,156.470001,154.035004,156.448593,71476728.000000,1750948200.0
1750948200.0,156.445007,156.714996,154.789993,154.959900,29246134.000000,1750951800.0
1750951800.0,154.949997,155.729904,154.809998,155.625000,16236689.000000,1750955400.0
1750955400.0,155.625000,156.179993,155.115005,156.029999,15834843.000000,1750959000.0
1750959000.0,156.039902,156.490005,155.759995,156.104797,15689997.000000,1750962600.0
1750962600.0,156.085007,156.089996,155.429993,155.464294,18052277.000000,1750966200.0
1750966200.0,155.460007,155.589905,154.875000,155.080002,16962532.000000,1750969800.0
1751031000.0,156.000000,157.445007,155.259995,157.420105,50511015.000000,1751034600.0
1751034600.0,157.425003,158.000000,156.779999,157.910095,28993628.000000,1751038200.0
1751038200.0,157.919998,158.710007,157.289993,157.690002,27167396.000000,1751041800.0
1751041800.0,157.678497,157.800003,156.960007,157.485001,18710941.000000,1751045400.0
1751045400.0,157.414993,157.580002,156.270004,156.304993,19409637.000000,1751049000.0
1751049000.0,156.304993,156.830002,155.460007,156.470001,25358639.000000,1751052600.0
1751052600.0,156.470001,157.850006,156.450104,157.750000,24317507.000000,1751056200.0
1751290200.0,158.404999,158.462402,155.960007,157.100006,45352612.000000,1751293800.0
1751293800.0,157.110001,157.589996,156.755005,157.049896,20595043.000000,1751297400.0
1751297400.0,157.050003,158.270004,156.955002,157.710007,18408929.000000,1751301000.0
1751301000.0,157.699997,158.169998,157.654999,157.825500,13452357.000000,1751304600.0
1751304600.0,157.824997,158.110001,157.539993,157.579895,10936075.000000,1751308200.0
1751308200.0,157.570007,158.100006,156.839996,157.945007,16748845.000000,1751311800.0
1751311800.0,157.945007,158.660004,157.830002,157.869995,18860588.000000,1751315400.0
1751376600.0,156.259995,157.199997,154.390106,154.630005,41736822.000000,1751380200.0
1751380200.0,154.634995,154.839996,151.490005,152.884995,49090512.000000,1751383800.0
1751383800.0,152.880005,153.490005,152.220001,153.395004,25783852.000000,1751387400.0
1751387400.0,153.395004,154.979996,153.310303,154.274994,21975374.000000,1751391000.0
1751391000.0,154.330002,154.880005,154.009995,154.351700,13955512.000000,1751394600.0
1751394600.0,154.350006,154.639999,152.910095,153.729996,19809769.000000,1751398200.0
1751398200.0,153.720001,154.125000,153.210007,153.279999,18863865.000000,1751401800.0
1751463000.0,153.029999,156.160004,152.979996,156.081406,45496358.000000,1751466600.0
1751466600.0,156.080002,157.600006,155.899994,156.365005,31796987.000000,1751470200.0
1751470200.0,156.365005,157.375000,156.060196,157.093506,18521442.000000,1751473800.0
1751473800.0,157.134995,157.570007,156.839996,157.205399,13905801.000000,1751477400.0
1751477400.0,157.205002,157.304993,156.705002,156.955002,11032900.000000,1751481000.0
1751481000.0,156.949997,157.394394,156.509995,156.934998,15050404.000000,1751484600.0
1751484600.0,156.839996,157.429993,156.830002,157.240005,15265742.000000,1751488200.0
1751549400.0,158.350006,160.979996,157.770004,160.630005,63107837.000000,1751553000.0
1751553000.0,160.634995,160.820007,159.179993,159.804993,31499036.000000,1751556600.0
1751556600.0,159.800003,159.970001,159.309998,159.379700,18434686.000000,1751560200.0
1751895000.0,158.199997,159.305405,158.029999,158.309998,38468204.000000,1751898600.0
1751898600.0,158.320007,158.619995,157.341995,158.279999,19739847.000000,1751902200.0
1751902200.0,158.130005,158.699997,157.696701,158.220001,20104320.000000,1751905800.0
1751905800.0,158.195007,158.589905,158.035004,158.318802,11668152.000000,1751909400.0
1751909400.0,158.314499,158.770004,157.729996,157.824997,11966286.000000,1751913000.0
1751913000.0,157.820007,158.630005,157.750000,158.300095,11449648.000000,1751916600.0
1751916600.0,158.309998,158.600006,158.080002,158.240005,11041631.000000,1751920200.0
1751981400.0,159.330002,159.740005,158.391602,159.070007,36806011.000000,1751985000.0
1751985000.0,159.066498,159.289993,158.669998,159.080002,18018628.000000,1751988600.0
1751988600.0,159.085007,159.869995,158.929993,159.729996,12403457.000000,1751992200.0
1751992200.0,159.740005,159.789993,159.279907,159.585007,12493506.000000,1751995800.0
1751995800.0,159.580002,160.220001,159.250000,159.539993,15155501.000000,1751999400.0
1751999400.0,159.550003,159.940002,159.365005,159.895004,11112506.000000,1752003000.0
1752003000.0,159.895004,160.080002,159.699997,160.000107,13626894.000000,1752006600.0
1752067800.0,161.190002,164.419998,161.160004,163.068695,64850584.000000,1752071400.0
1752071400.0,163.065002,163.449997,162.440002,163.350006,25988494.000000,1752075000.0
1752075000.0,163.345093,163.380005,162.899994,163.270004,16389704.000000,1752078600.0
1752078600.0,163.270294,163.369995,162.529999,162.565002,15282610.000000,1752082200.0
1752082200.0,162.559998,163.038406,162.490005,162.815002,11576319.000000,1752085800.0
1752085800.0,162.815002,163.210007,162.550003,162.850006,13576938.000000,1752089400.0
1752089400.0,162.845001,163.020004,162.570099,162.830002,16787843.000000,1752093000.0
1752154200.0,164.360001,164.369995,161.889999,162.410004,53282712.000000,1752157800.0
1752157800.0,162.399994,162.800003,161.610001,162.596695,23008245.000000,1752161400.0
1752161400.0,162.595001,163.320007,162.570007,163.274704,16064526.000000,1752165000.0
1752165000.0,163.279907,163.659897,163.000000,163.447693,12567265.000000,1752168600.0
1752168600.0,163.445007,164.490005,163.389999,163.729996,20190900.000000,1752172200.0
1752172200.0,163.725006,164.320007,163.649994,164.059998,14012071.000000,1752175800.0
1752175800.0,164.059998,164.279999,163.800003,164.104996,14867354.000000,1752179400.0
1752240600.0,163.714996,167.595001,163.520004,167.359894,58059074.000000,1752244200.0
1752244200.0,167.375000,167.889999,166.110001,166.494995,37872862.000000,1752247800.0
1752247800.0,166.490005,167.119995,165.929993,166.478699,19912075.000000,1752251400.0
1752251400.0,166.474792,166.690002,165.990005,166.182297,13148079.000000,1752255000.0
1752255000.0,166.190002,166.250000,165.369995,165.681503,15595742.000000,1752258600.0
1752258600.0,165.679993,166.089905,164.830002,165.095001,17912784.000000,1752262200.0
1752262200.0,165.099899,165.270004,164.869995,164.880005,14271548.000000,1752265800.0
1752499800.0,165.425003,165.490005,162.039993,163.720001,49921181.000000,1752503400.0
1752503400.0,163.725006,165.285004,163.339996,164.754700,23965559.000000,1752507000.0
1752507000.0,164.757599,165.250000,164.589996,164.970001,11859176.000000,1752510600.0
1752510600.0,164.975006,165.360001,164.570007,165.080093,9882041.000000,1752514200.0
1752514200.0,165.080002,165.220001,164.690002,164.820007,8199722.000000,1752517800.0
1752517800.0,164.800003,165.039993,164.320007,164.403305,11169702.000000,1752521400.0
1752521400.0,164.404999,164.529999,164.000000,164.070007,11699982.000000,1752525000.0
1752586200.0,170.359894,172.250000,169.198196,171.578400,97536358.000000,1752589800.0
1752589800.0,171.570297,172.399994,170.750000,171.384995,35052855.000000,1752593400.0
1752593400.0,171.389999,171.604996,171.029999,171.384995,14121272.000000,1752597000.0
1752597000.0,171.369995,171.550003,170.360001,170.524994,15343175.000000,1752600600.0
1752600600.0,170.529999,171.110001,170.250000,170.911804,15475030.000000,1752604200.0
1752604200.0,170.914993,170.960007,169.940002,170.199905,16779036.000000,1752607800.0
1752607800.0,170.195007,170.979996,170.139999,170.550003,16696416.000000,1752611400.0
1752672600.0,171.000000,171.750000,169.610001,169.964905,47018712.000000,1752676200.0
1752676200.0,169.964996,170.654999,169.287704,170.378601,25866268.000000,1752679800.0
1752679800.0,170.390106,170.684799,168.899994,170.395004,23472577.000000,1752683400.0
1752683400.0,170.384995,171.419998,170.330093,170.902298,13702209.000000,1752687000.0
1752687000.0,170.910004,171.095703,170.624100,171.005005,9660542.000000,1752690600.0
1752690600.0,171.005005,171.149994,170.675003,170.779999,11175077.000000,1752694200.0
1752694200.0,170.779999,171.449905,170.759995,171.339996,12791407.000000,1752697800.0
1752759000.0,172.059998,173.640198,170.830002,172.929993,53096486.000000,1752762600.0
1752762600.0,172.929993,173.345001,172.639999,173.115005,16964743.000000,1752766200.0
1752766200.0,173.110001,174.160004,172.934998,173.860107,20740420.000000,1752769800.0
1752769800.0,173.865005,173.979996,173.360001,173.720001,14631775.000000,1752773400.0
1752773400.0,173.714996,173.916702,173.080002,173.298996,13460577.000000,1752777000.0
1752777000.0,173.289993,173.688507,173.175003,173.285004,12203669.000000,1752780600.0
1752780600.0,173.285004,173.509995,173.009995,173.111404,14952193.000000,1752784200.0
1752845400.0,173.729996,174.240005,171.934998,172.089996,48486073.000000,1752849000.0
1752849000.0,172.089996,172.748398,171.259995,172.160095,25270061.000000,1752852600.0
1752852600.0,172.169998,172.580002,171.979996,172.154694,12708477.000000,1752856200.0
1752856200.0,172.160004,172.750000,171.800003,172.649994,11859350.000000,1752859800.0
1752859800.0,172.645203,172.735001,172.115005,172.414993,9307613.000000,1752863400.0
1752863400.0,172.415207,172.419998,171.889999,172.070007,9333832.000000,1752867000.0
1752867000.0,172.080002,172.425003,171.824997,172.389999,14900120.000000,1752870600.0
1753104600.0,172.735001,173.380005,171.679993,173.080093,34024091.000000,1753108200.0
1753108200.0,173.085007,173.139999,172.449997,172.698196,14503791.000000,1753111800.0
1753111800.0,172.690094,172.820007,171.449997,172.029404,16191347.000000,1753115400.0
1753115400.0,172.029999,172.619995,171.990005,172.554794,10114493.000000,1753119000.0
1753119000.0,172.558197,172.809998,172.470001,172.704803,6943501.000000,1753122600.0
1753122600.0,172.699997,172.729996,171.860001,171.960007,10195751.000000,1753126200.0
1753126200.0,171.960007,172.149994,171.059998,171.460007,11753089.000000,1753129800.0
1753191000.0,171.220001,171.350006,164.580002,166.084793,75042055.000000,1753194600.0
1753194600.0,166.080002,168.199997,166.080002,167.860001,27036246.000000,1753198200.0
1753198200.0,167.860001,168.639999,167.490005,167.550903,20199319.000000,1753201800.0
1753201800.0,167.550003,168.369995,167.350006,168.264999,14441058.000000,1753205400.0
1753205400.0,168.259995,168.419998,167.360107,167.900299,10662147.000000,1753209000.0
1753209000.0,167.899994,168.160004,167.729996,167.884995,10053490.000000,1753212600.0
1753212600.0,167.880005,168.000000,166.759995,167.009995,14282707.000000,1753216200.0
1753277400.0,169.520004,170.399994,167.970001,169.130005,46559663.000000,1753281000.0
1753281000.0,169.130005,169.800003,168.470001,169.523300,17365993.000000,1753284600.0
1753284600.0,169.505005,169.880005,168.529999,168.619995,14747305.000000,1753288200.0
1753288200.0,168.619995,169.279999,168.559998,169.035004,9774945.000000,1753291800.0
1753291800.0,169.039902,171.259995,168.979996,170.657501,20290549.000000,1753295400.0
1753295400.0,170.651306,171.059998,170.460007,170.710007,15108435.000000,1753299000.0
1753299000.0,170.699997,170.860001,170.170700,170.830002,13031395.000000,1753302600.0
1753363800.0,172.449997,173.449997,171.300003,172.089996,38225261.000000,1753367400.0
1753367400.0,172.089996,173.199905,171.990005,172.678497,18227398.000000,1753371000.0
1753371000.0,172.691895,173.089996,172.399994,172.945007,12437977.000000,1753374600.0
1753374600.0,172.940002,173.679993,172.770004,173.432404,13470296.000000,1753378200.0
1753378200.0,173.429993,173.830002,173.220001,173.455002,12804764.000000,1753381800.0
1753381800.0,173.455002,173.759995,173.259995,173.650101,9442160.000000,1753385400.0
1753385400.0,173.660004,173.820007,173.315002,173.779999,11284670.000000,1753389000.0
1753450200.0,173.615005,174.720001,172.964996,174.461899,38537566.000000,1753453800.0
1753453800.0,174.468201,174.679993,173.639999,174.068100,15660859.000000,1753457400.0
1753457400.0,174.100006,174.529999,173.750000,174.380005,13706268.000000,1753461000.0
1753461000.0,174.389999,174.500000,173.830002,173.884399,10462333.000000,1753464600.0
1753464600.0,173.884995,173.970001,173.009995,173.649994,11734143.000000,1753468200.0
1753468200.0,173.649994,174.059998,173.410004,173.794998,9810393.000000,1753471800.0
1753471800.0,173.789993,173.990005,173.250000,173.490005,11726836.000000,1753475400.0
1753709400.0,174.020004,175.570007,173.970001,174.925003,40106290.000000,1753713000.0
1753713000.0,174.919998,175.259995,174.255005,174.929993,15757910.000000,1753716600.0
1753716600.0,174.925003,175.139999,174.679993,175.029907,9614060.000000,1753720200.0
1753720200.0,175.020203,175.279999,174.699997,175.210007,8315414.000000,1753723800.0
1753723800.0,175.199997,175.695099,175.198700,175.475006,11462309.000000,1753727400.0
1753727400.0,175.479996,176.274994,175.210007,176.154999,15190206.000000,1753731000.0
1753731000.0,176.160004,176.979996,175.830002,176.750000,19019292.000000,1753734600.0
1753795800.0,177.960007,179.380005,177.630005,178.139999,47245091.000000,1753799400.0
1753799400.0,178.149994,178.699905,175.670105,175.859894,26997973.000000,1753803000.0
1753803000.0,175.854996,176.779999,175.169998,176.339996,21153065.000000,1753806600.0
1753806600.0,176.345001,176.660004,175.831696,176.195297,11231828.000000,1753810200.0
1753810200.0,176.199997,176.630005,175.800003,176.205002,9845570.000000,1753813800.0
1753813800.0,176.205002,176.575104,175.770004,175.824997,10067988.000000,1753817400.0
1753817400.0,175.830002,175.970398,175.237900,175.509995,14984039.000000,1753821000.0
1753882200.0,176.349503,178.740005,176.349503,178.460007,36121613.000000,1753885800.0
1753885800.0,178.460098,179.279999,178.190002,178.265198,20571627.000000,1753889400.0
1753889400.0,178.260193,179.199997,178.144699,178.804993,13706613.000000,1753893000.0
1753893000.0,178.800095,179.399994,178.800095,179.006699,14438209.000000,1753896600.0
1753896600.0,179.009995,179.679993,178.880005,179.554993,13260125.000000,1753900200.0
1753900200.0,179.554993,179.889999,177.559998,178.589996,28400674.000000,1753903800.0
1753903800.0,178.589996,179.399994,178.580002,179.289993,16698311.000000,1753907400.0
1753968600.0,182.929993,183.289993,180.399994,181.570007,58728773.000000,1753972200.0
1753972200.0,181.570099,181.720001,178.683502,179.889893,32906598.000000,1753975800.0
1753975800.0,179.889999,181.490005,179.800003,181.378006,16810132.000000,1753979400.0
1753979400.0,181.372299,181.494995,178.820007,179.020004,18524780.000000,1753983000.0
1753983000.0,179.000000,179.440002,175.929993,177.365005,27861825.000000,1753986600.0
1753986600.0,177.365005,178.169998,177.210007,177.419693,17966475.000000,1753990200.0
1753990200.0,177.425003,178.169998,177.145004,177.850006,16408484.000000,1753993800.0
1754055000.0,172.750000,175.035004,170.889999,174.975006,66875436.000000,1754058600.0
1754058600.0,174.979996,176.000000,174.339996,174.779999,26579583.000000,1754062200.0
1754062200.0,174.770004,176.539993,174.649994,175.820007,18229449.000000,1754065800.0
1754065800.0,175.820007,175.869995,172.664993,173.109894,19679327.000000,1754069400.0
1754069400.0,173.104996,173.699997,171.794998,173.279907,21601464.000000,1754073000.0
1754073000.0,173.274994,174.149994,172.729996,173.750000,18409216.000000,1754076600.0
1754076600.0,173.744995,174.699997,173.195007,173.589996,14884559.000000,1754080200.0
1754314200.0,175.160004,178.100006,174.559998,177.949997,40024836.000000,1754317800.0
1754317800.0,177.951401,178.100006,176.929993,177.849899,17929805.000000,1754321400.0
1754321400.0,177.830002,179.035294,177.649994,178.925003,14410982.000000,1754325000.0
1754325000.0,178.925003,179.100006,178.610001,179.029999,10199184.000000,1754328600.0
1754328600.0,179.039993,179.815002,178.690002,179.270004,14291109.000000,1754332200.0
1754332200.0,179.274796,179.660004,178.940002,179.313904,12966879.000000,1754335800.0
1754335800.0,179.310104,179.990005,179.110001,179.970001,14189742.000000,1754339400.0
1754400600.0,178.770004,180.259995,177.750000,178.240005,41827154.000000,1754404200.0
1754404200.0,178.250000,178.488297,175.899994,176.884995,30111029.000000,1754407800.0
1754407800.0,176.880005,178.264999,176.220001,177.929993,18008893.000000,1754411400.0
1754411400.0,177.919998,178.220001,177.009995,178.029999,12436982.000000,1754415000.0
1754415000.0,178.039993,179.114395,177.949997,178.509995,13221722.000000,1754418600.0
1754418600.0,178.510101,178.820007,177.651505,178.775208,14104085.000000,1754422200.0
1754422200.0,178.774994,178.975006,178.119995,178.259995,11063423.000000,1754425800.0
1754487000.0,176.324997,179.429993,176.250000,178.039993,37211087.000000,1754490600.0
1754490600.0,178.029999,178.399994,176.801895,178.149994,20699896.000000,1754494200.0
1754494200.0,178.149994,179.380005,178.020004,178.235001,14807008.000000,1754497800.0
1754497800.0,178.229996,178.449997,177.658096,178.429993,11344990.000000,1754501400.0
1754501400.0,178.419998,179.279999,178.268997,179.229996,10284555.000000,1754505000.0
1754505000.0,179.220001,179.860001,178.880005,179.664993,13334056.000000,1754508600.0
1754508600.0,179.660004,179.899994,179.320007,179.410004,11599106.000000,1754512200.0
1754573400.0,181.550003,183.880005,181.300003,182.479996,48813258.000000,1754577000.0
1754577000.0,182.338806,183.089996,181.149994,181.529999,19854693.000000,1754580600.0
1754580600.0,181.520004,182.024994,180.479996,181.149994,15244882.000000,1754584200.0
1754584200.0,181.135101,181.335007,179.419998,179.970001,15384202.000000,1754587800.0
1754587800.0,179.964996,180.270004,178.820007,179.420105,15509269.000000,1754591400.0
1754591400.0,179.425003,180.240005,179.119995,179.470001,13498015.000000,1754595000.0
1754595000.0,179.470001,180.889999,179.419998,180.869995,11101336.000000,1754598600.0
1754659800.0,181.550003,182.768997,180.399994,182.195007,35346711.000000,1754663400.0
1754663400.0,182.190002,183.300003,182.044495,183.014999,19263080.000000,1754667000.0
1754667000.0,183.005005,183.289993,182.250000,182.908096,13673296.000000,1754670600.0
1754670600.0,182.914993,182.919998,181.610001,181.884995,12839636.000000,1754674200.0
1754674200.0,181.880005,182.889999,181.850006,182.615005,10114146.000000,1754677800.0
1754677800.0,182.600098,183.059998,182.580093,182.695007,10238542.000000,1754681400.0
1754681400.0,182.695007,183.059998,182.164993,182.750000,11085190.000000,1754685000.0
1754919000.0,182.160004,183.660004,180.250000,183.345505,44896099.000000,1754922600.0
1754922600.0,183.345001,183.679993,182.369995,183.180099,16480275.000000,1754926200.0
1754926200.0,183.164398,183.839996,182.880005,183.735001,16486141.000000,1754929800.0
1754929800.0,183.735001,183.804993,182.854996,183.235504,10001941.000000,1754933400.0
1754933400.0,183.235001,183.464996,182.590103,182.899994,8923527.000000,1754937000.0
1754937000.0,182.910004,183.089996,182.100006,182.160004,9764807.000000,1754940600.0
1754940600.0,182.160004,182.580002,181.500000,182.085007,16433921.000000,1754944200.0
1755005400.0,182.960007,182.990005,179.460007,180.929993,53579929.000000,1755009000.0
1755009000.0,180.923294,182.559998,180.754501,182.014694,19016729.000000,1755012600.0
1755012600.0,182.010101,182.750000,181.760300,182.274994,12312308.000000,1755016200.0
1755016200.0,182.270004,182.699997,181.750000,182.240005,10381630.000000,1755019800.0
1755019800.0,182.240005,183.089996,182.175003,183.065002,10502042.000000,1755023400.0
1755023400.0,183.080002,183.330002,182.690002,182.784500,11225989.000000,1755027000.0
1755027000.0,182.789993,184.479996,182.259995,183.100006,12971517.000000,1755030600.0
1755091800.0,182.354996,183.968994,180.979996,181.410995,57183001.000000,1755095400.0
1755095400.0,181.395004,181.809296,179.350006,180.131805,31905250.000000,1755099000.0
1755099000.0,180.139893,181.089996,179.574997,180.050003,18665334.000000,1755102600.0
1755102600.0,180.039993,181.009995,179.399994,180.990005,15541217.000000,1755106200.0
1755106200.0,180.979996,181.660004,180.470001,181.329895,13188042.000000,1755109800.0
1755109800.0,181.324997,181.919998,181.061005,181.264999,13400589.000000,1755113400.0
1755113400.0,181.264999,181.649994,180.630005,181.570007,14629608.000000,1755117000.0
1755178200.0,179.794998,182.667007,179.460007,182.580002,41933654.000000,1755181800.0
1755181800.0,182.578506,182.975006,181.009995,181.380005,19906026.000000,1755185400.0
1755185400.0,181.380005,182.190002,180.960007,181.143494,15698784.000000,1755189000.0
1755189000.0,181.220093,182.199997,181.125000,182.164993,10084493.000000,1755192600.0
1755192600.0,182.164993,182.169998,181.449997,181.524994,8710122.000000,1755196200.0
1755196200.0,181.529999,182.059998,181.421707,181.960007,9628090.000000,1755199800.0
1755199800.0,181.955002,182.240005,181.789993,182.000000,12263611.000000,1755203400.0
1755264600.0,181.759995,181.899994,178.044693,179.920105,53746813.000000,1755268200.0
1755268200.0,179.925003,180.049896,178.750000,179.505005,19965791.000000,1755271800.0
1755271800.0,179.470001,179.610001,178.410004,178.929993,16053351.000000,1755275400.0
1755275400.0,178.925003,179.800003,178.835007,179.700104,10662845.000000,1755279000.0
1755279000.0,179.699997,180.309998,179.690002,180.179993,10132382.000000,1755282600.0
1755282600.0,180.184998,180.250000,179.485001,179.970001,11672960.000000,1755286200.0
1755286200.0,179.979996,180.539993,179.929993,180.440002,14420184.000000,1755289800.0
1755523800.0,180.649994,182.934998,180.604507,182.679993,41258508.000000,1755527400.0
1755527400.0,182.679993,182.695007,180.940002,181.151901,21186319.000000,1755531000.0
1755531000.0,181.160004,181.830002,181.070007,181.765793,10494508.000000,1755534600.0
1755534600.0,181.759995,181.910004,180.960007,181.499207,10564113.000000,1755538200.0
1755538200.0,181.485001,181.820007,181.134995,181.762100,9063596.000000,1755541800.0
1755541800.0,181.759995,182.610001,181.750107,182.195007,14116183.000000,1755545400.0
1755545400.0,182.195007,182.380005,181.970001,181.979996,8608391.000000,1755549000.0
1755610200.0,182.429993,182.500000,178.529999,178.664902,43099321.000000,1755613800.0
1755613800.0,178.660004,179.139999,177.300003,178.277496,31692135.000000,1755617400.0
1755617400.0,178.274994,178.664993,176.804993,177.539902,19758122.000000,1755621000.0
1755621000.0,177.539993,177.759995,175.750000,176.695099,23233166.000000,1755624600.0
1755624600.0,176.669998,177.229996,176.419998,176.574905,14572380.000000,1755628200.0
1755628200.0,176.580002,176.759995,175.660004,176.332504,17226419.000000,1755631800.0
1755631800.0,176.335007,176.580002,175.490005,175.649994,16724604.000000,1755635400.0
1755696600.0,175.100006,175.110001,168.800995,170.309998,75230669.000000,1755700200.0
1755700200.0,170.309998,172.479996,168.899994,172.425003,36403063.000000,1755703800.0
1755703800.0,172.419998,174.110001,171.699997,174.050003,25285992.000000,1755707400.0
1755707400.0,174.054993,174.080002,172.649994,173.475006,15454109.000000,1755711000.0
1755711000.0,173.470001,174.419998,172.560196,172.824997,16865512.000000,1755714600.0
1755714600.0,172.829895,174.860001,172.750000,174.580002,15941813.000000,1755718200.0
1755718200.0,174.580002,175.529907,174.429993,175.389999,15457138.000000,1755721800.0
1755783000.0,174.679993,176.899994,173.979996,176.475006,42477436.000000,1755786600.0
1755786600.0,176.471497,176.471497,174.600693,174.964996,17677407.000000,1755790200.0
1755790200.0,174.929993,175.639999,174.110001,174.225693,15131639.000000,1755793800.0
1755793800.0,174.220001,174.809998,173.809998,174.264999,14081487.000000,1755797400.0
1755797400.0,174.264999,175.190002,174.255005,174.744995,11047345.000000,1755801000.0
1755801000.0,174.759995,175.087204,174.270004,174.801895,10711465.000000,1755804600.0
1755804600.0,174.800003,175.130005,174.520004,174.970993,10228191.000000,1755808200.0
1755869400.0,171.443497,177.860001,171.199997,176.320007,59679892.000000,1755873000.0
1755873000.0,176.304993,178.300003,176.070007,178.130005,27365324.000000,1755876600.0
1755876600.0,178.125000,178.589996,176.880005,177.005798,19515607.000000,1755880200.0
1755880200.0,177.009995,178.300003,176.889999,178.294998,13484278.000000,1755883800.0
1755883800.0,178.294998,178.419998,177.830002,178.115005,11900337.000000,1755887400.0
1755887400.0,178.115005,178.539993,177.740005,178.060104,11391933.000000,1755891000.0
1755891000.0,178.065002,178.410004,177.639999,178.020004,13795946.000000,1755894600.0
1756128600.0,178.354996,179.409897,176.570007,178.990005,42237022.000000,1756132200.0
1756132200.0,178.979996,181.250000,178.864197,181.221405,28701803.000000,1756135800.0
1756135800.0,181.235001,181.910004,181.039993,181.524094,21214446.000000,1756139400.0
1756139400.0,181.509995,181.714996,180.619995,181.000000,14530987.000000,1756143000.0
1756143000.0,181.000107,181.479996,180.740005,181.339905,12209736.000000,1756146600.0
1756146600.0,181.335007,181.669998,180.919998,181.035004,12052092.000000,1756150200.0
1756150200.0,181.029999,181.250000,179.580002,179.839996,15481637.000000,1756153800.0
1756215000.0,180.009995,181.229996,178.809998,180.979996,41256978.000000,1756218600.0
1756218600.0,180.960007,181.759995,180.679993,180.880005,23689726.000000,1756222200.0
1756222200.0,180.869995,181.949997,180.779999,181.684998,13758007.000000,1756225800.0
1756225800.0,181.690002,181.750000,181.220001,181.619995,9254676.000000,1756229400.0
1756229400.0,181.615005,181.869995,180.889999,181.815002,10526629.000000,1756233000.0
1756233000.0,181.815002,182.270004,181.750000,182.025497,15952704.000000,1756236600.0
1756236600.0,182.020004,182.389999,181.529999,181.699997,14977172.000000,1756240200.0
1756301400.0,182.070007,182.070007,179.100204,181.059998,56038541.000000,1756305000.0
1756305000.0,181.061798,182.440002,181.059998,181.589996,27348415.000000,1756308600.0
1756308600.0,181.580002,182.229996,181.110001,181.404205,17369181.000000,1756312200.0
1756312200.0,181.399994,182.070007,181.289993,181.934998,14646358.000000,1756315800.0
1756315800.0,181.934998,182.490005,181.630005,182.222595,14657337.000000,1756319400.0
1756319400.0,182.220001,182.229996,180.929993,181.664597,19942375.000000,1756323000.0
1756323000.0,181.664993,181.830002,181.270004,181.600006,20299137.000000,1756326600.0
1756387800.0,183.904999,184.470001,176.410004,177.695007,115181721.000000,1756391400.0
1756391400.0,177.671906,180.604996,177.617493,179.156494,37722258.000000,1756395000.0
1756395000.0,179.154999,179.820007,178.380005,179.690002,21239947.000000,1756398600.0
1756398600.0,179.679993,179.970001,178.690002,179.914200,18458449.000000,1756402200.0
1756402200.0,179.914993,180.850006,179.791000,180.829697,18823778.000000,1756405800.0
1756405800.0,180.824997,181.550003,179.970001,180.080002,26267219.000000,1756409400.0
1756409400.0,180.085007,181.080002,179.990005,180.199997,20952896.000000,1756413000.0
1756474200.0,178.110001,178.110001,173.759995,175.065002,80744435.000000,1756477800.0
1756477800.0,175.059998,175.229996,173.369995,174.774994,35501745.000000,1756481400.0
1756481400.0,174.759995,174.849899,173.610001,174.149994,22530764.000000,1756485000.0
1756485000.0,174.149994,174.770004,173.145004,173.520004,19417117.000000,1756488600.0
1756488600.0,173.535004,174.289993,173.250000,173.556702,18216909.000000,1756492200.0
1756492200.0,173.574203,174.269897,173.565002,174.039993,16934957.000000,1756495800.0
1756495800.0,174.044998,174.509995,173.350006,174.279999,21927826.000000,1756499400.0
1756819800.0,169.000000,172.378998,168.649994,170.633606,67328024.000000,1756823400.0
1756823400.0,170.630005,170.639999,168.529999,169.059998,33206180.000000,1756827000.0
1756827000.0,169.050003,169.097305,167.220093,167.934998,35717985.000000,1756830600.0
1756830600.0,167.940002,169.350006,167.850006,169.235001,22695385.000000,1756834200.0
1756834200.0,169.229996,169.619995,168.979996,169.198196,15114674.000000,1756837800.0
1756837800.0,169.199997,170.440002,169.035004,170.294998,21361055.000000,1756841400.0
1756841400.0,170.289993,171.119995,170.279999,170.750000,18149057.000000,1756845000.0
1756906200.0,170.966003,171.820007,169.520004,171.350006,43886562.000000,1756909800.0
1756909800.0,171.350006,172.410004,170.580002,170.705902,22048727.000000,1756913400.0
1756913400.0,170.705795,171.779999,170.339996,171.524994,16505755.000000,1756917000.0
1756917000.0,171.529999,171.544998,170.570099,170.783493,11770942.000000,1756920600.0
1756920600.0,170.779999,170.949997,169.220001,169.360001,16683384.000000,1756924200.0
1756924200.0,169.365005,169.665405,168.875000,169.365005,15625408.000000,1756927800.0
1756927800.0,169.360001,170.634995,169.360001,170.630005,15586633.000000,1756931400.0
1756992600.0,170.550003,171.860001,169.410004,170.861496,41325410.000000,1756996200.0
1756996200.0,170.860001,171.308304,170.080002,170.800003,18117759.000000,1756999800.0
1756999800.0,170.808395,170.940002,170.210007,170.464203,12428337.000000,1757003400.0
1757003400.0,170.464996,171.179993,170.393494,170.449997,10774928.000000,1757007000.0
1757007000.0,170.455002,170.860001,170.350006,170.412201,11356223.000000,1757010600.0
1757010600.0,170.414993,171.130005,170.399994,170.904999,10743103.000000,1757014200.0
1757014200.0,170.889999,171.737595,170.830002,171.649994,14491186.000000,1757017800.0
1757079000.0,166.872498,169.029999,164.224792,165.137299,84959254.000000,1757082600.0
1757082600.0,165.130005,166.139999,164.070007,166.089996,38285700.000000,1757086200.0
1757086200.0,166.086807,166.990005,165.860001,166.365494,22932097.000000,1757089800.0
1757089800.0,166.369995,167.139999,166.259995,166.585007,14017812.000000,1757093400.0
1757093400.0,166.585007,166.889999,165.880005,166.760101,15004758.000000,1757097000.0
1757097000.0,166.759995,167.149994,166.029999,167.095001,16232638.000000,1757100600.0
1757100600.0,167.089996,167.195007,166.509995,167.039993,15720578.000000,1757104200.0
1757338200.0,167.559998,170.960007,167.449997,170.259995,53173407.000000,1757341800.0
1757341800.0,170.250000,170.455002,169.539993,169.969894,18395592.000000,1757345400.0
1757345400.0,169.960007,170.250000,169.250000,170.164993,15482659.000000,1757349000.0
1757349000.0,170.160004,170.195099,169.500000,169.865005,10722063.000000,1757352600.0
1757352600.0,169.869995,170.160004,169.529999,169.714996,10813107.000000,1757356200.0
1757356200.0,169.710007,169.910004,168.949997,169.145004,15257114.000000,1757359800.0
1757359800.0,169.149994,169.809998,168.110001,168.369995,21138361.000000,1757363400.0
1757424600.0,168.615005,169.639999,167.489899,168.080002,36489605.000000,1757428200.0
1757428200.0,168.070007,168.139999,166.740097,167.755005,23318993.000000,1757431800.0
1757431800.0,167.755005,168.929993,167.445007,168.705002,14592458.000000,1757435400.0
1757435400.0,168.710007,168.800003,167.935806,168.085007,11117131.000000,1757439000.0
1757439000.0,168.089996,168.595001,167.845001,168.244995,14638624.000000,1757442600.0
1757442600.0,168.259903,170.369995,168.130005,170.239899,18651732.000000,1757446200.0
1757446200.0,170.240005,170.979904,169.839996,170.758499,17249099.000000,1757449800.0
1757511000.0,176.649994,178.949997,175.479996,177.649994,82319968.000000,1757514600.0
1757514600.0,177.649994,179.289993,177.600006,178.614197,36684204.000000,1757518200.0
1757518200.0,178.619995,178.729996,177.479996,177.990005,20946072.000000,1757521800.0
1757521800.0,177.979996,178.149994,177.369995,178.005096,14456545.000000,1757525400.0
1757525400.0,178.005005,178.320007,176.149994,176.274994,18519526.000000,1757529000.0
1757529000.0,176.270004,176.765793,175.960007,176.725006,18537958.000000,1757532600.0
1757532600.0,176.729996,177.545105,176.679993,177.330002,18318589.000000,1757536200.0
1757597400.0,179.690002,180.000000,176.925003,177.255005,47832570.000000,1757601000.0
1757601000.0,177.255005,178.440002,177.149994,178.095001,384018.000000,1757604600.0
1757604600.0,178.089996,178.529999,177.429993,177.558105,35862018.000000,1757608200.0
1757608200.0,177.564194,177.699997,176.949997,177.094193,12011191.000000,1757611800.0
1757611800.0,177.095001,177.739899,176.479996,177.574997,16520716.000000,1757615400.0
1757615400.0,177.580002,177.740005,176.977295,177.119995,10922991.000000,1757619000.0
1757619000.0,177.119995,177.500000,176.899994,177.089996,10686498.000000,1757622600.0
1757683800.0,177.750107,178.080002,176.449997,177.774994,31281879.000000,1757687400.0
1757687400.0,177.776398,178.589996,177.639999,177.675003,18768373.000000,1757691000.0
1757691000.0,177.664993,178.179993,177.324997,178.110001,16940381.000000,1757694600.0
1757694600.0,178.100006,178.218399,177.500000,177.524994,9160585.000000,1757698200.0
1757698200.0,177.520004,177.950195,177.445007,177.470093,8744569.000000,1757701800.0
1757701800.0,177.472000,177.940002,177.410004,177.684998,10122889.000000,1757705400.0
1757705400.0,177.684204,178.000000,177.399994,177.789993,11842853.000000,1757709000.0
1757943000.0,175.660004,176.570007,174.509995,175.488998,45146345.000000,1757946600.0
1757946600.0,175.490005,177.250000,174.830002,177.021698,21808573.000000,1757950200.0
1757950200.0,177.029999,178.089996,176.770096,177.585007,19648158.000000,1757953800.0
1757953800.0,177.585007,178.279999,177.145004,177.270004,12971918.000000,1757957400.0
1757957400.0,177.271896,177.880005,177.254501,177.524994,9423651.000000,1757961000.0
1757961000.0,177.524994,177.850006,176.923401,177.195007,12982335.000000,1757964600.0
1757964600.0,177.192093,178.850006,176.914993,177.779999,14122964.000000,1757968200.0
1758029400.0,176.994995,177.500000,175.710007,176.315002,32526962.000000,1758033000.0
1758033000.0,176.309998,176.850006,175.820007,176.139999,17078775.000000,1758036600.0
1758036600.0,176.130005,176.195007,174.809998,175.264999,17647333.000000,1758040200.0
1758040200.0,175.264999,175.399994,174.949997,175.149994,12304080.000000,1758043800.0
1758043800.0,175.154297,175.179993,174.649994,174.774994,13033359.000000,1758047400.0
1758047400.0,174.779999,175.220001,174.679993,174.750000,12991542.000000,1758051000.0
1758051000.0,174.744995,175.160004,174.380005,174.830002,16323762.000000,1758054600.0
1758115800.0,172.580002,173.199997,169.764999,170.119995,56381360.000000,1758119400.0
1758119400.0,170.130005,170.779999,169.669998,170.404999,24501916.000000,1758123000.0
1758123000.0,170.399994,170.460007,169.309998,169.878403,19537478.000000,1758126600.0
1758126600.0,169.889999,170.279999,169.270004,170.235001,14559453.000000,1758130200.0
1758130200.0,170.250000,171.600006,168.649994,170.195801,28164845.000000,1758133800.0
1758133800.0,170.210007,171.399994,168.410004,171.188507,33136610.000000,1758137400.0
1758137400.0,171.196396,171.279999,170.119995,170.210007,16604213.000000,1758141000.0
1758202200.0,174.057007,175.800003,173.030899,175.774902,60722688.000000,1758205800.0
1758205800.0,175.770004,176.389999,175.089996,176.255005,28413878.000000,1758209400.0
1758209400.0,176.255707,176.570007,175.464996,176.259995,17798601.000000,1758213000.0
1758213000.0,176.251907,176.929993,176.199997,176.619995,14145107.000000,1758216600.0
1758216600.0,176.619995,176.729004,176.000000,176.554993,14897510.000000,1758220200.0
1758220200.0,176.554993,177.089996,176.289993,176.345001,15451038.000000,1758223800.0
1758223800.0,176.339996,177.100006,174.210007,176.279999,18968507.000000,1758227400.0
1758288600.0,176.100006,177.789307,175.179993,177.705002,56102590.000000,1758292200.0
1758292200.0,177.699997,178.080002,176.164993,176.300003,21800764.000000,1758295800.0
1758295800.0,176.298096,176.579895,175.800003,176.067703,16332882.000000,1758299400.0
1758299400.0,176.059998,176.100006,175.559998,175.884995,12387551.000000,1758303000.0
1758303000.0,175.884995,176.225006,175.572601,175.595001,13501140.000000,1758306600.0
1758306600.0,175.595001,176.479996,175.550003,176.315002,14306891.000000,1758310200.0
1758310200.0,176.309998,178.000000,175.830002,176.501907,18105830.000000,1758313800.0
1758547800.0,175.350006,176.070007,174.705307,175.419998,31865074.000000,1758551400.0
1758551400.0,175.419998,176.080002,175.270004,175.460098,16016014.000000,1758555000.0
1758555000.0,175.470001,182.490005,175.399994,182.199997,64690587.000000,1758558600.0
1758558600.0,182.199997,184.550003,182.029999,182.994995,61192196.000000,1758562200.0
1758562200.0,182.990005,183.690002,182.335007,182.684998,24015488.000000,1758565800.0
1758565800.0,182.684998,183.957397,182.520004,183.260101,24735631.000000,1758569400.0
1758569400.0,183.270004,183.800995,182.639999,183.610001,23741673.000000,1758573000.0
1758634200.0,181.940002,182.419998,179.145004,180.652298,41118404.000000,1758637800.0
1758637800.0,180.660004,180.770004,179.410995,180.214996,15283598.000000,1758641400.0
1758641400.0,180.229996,180.369995,179.345001,179.485596,11573277.000000,1758645000.0
1758645000.0,179.490005,179.750000,178.570007,178.690002,13191585.000000,1758648600.0
1758648600.0,178.690002,178.770004,177.300003,177.895004,16650287.000000,1758652200.0
1758652200.0,177.899994,178.610001,177.619995,178.100006,57636558.000000,1758655800.0
1758655800.0,178.110001,178.914993,176.210007,178.449997,14503114.000000,1758659400.0
1758720600.0,179.720001,179.779999,177.600006,178.494995,24773443.000000,1758724200.0
1758724200.0,178.479996,178.875000,177.919998,178.354202,11961544.000000,1758727800.0
1758727800.0,178.354996,178.380005,175.399994,176.244995,19802432.000000,1758731400.0
1758731400.0,176.255005,177.221298,175.740005,177.120102,10872730.000000,1758735000.0
1758735000.0,177.130005,177.339996,176.480103,176.720001,8798972.000000,1758738600.0
1758738600.0,176.735001,177.339996,176.545105,177.059998,7526968.000000,1758742200.0
1758742200.0,177.069901,177.220001,176.705002,176.880005,6585490.000000,1758745800.0
1758807000.0,174.479996,177.649994,173.130005,177.145004,35556731.000000,1758810600.0
1758810600.0,177.154999,178.570007,176.929993,178.030106,18681926.000000,1758814200.0
1758814200.0,178.029999,180.259995,178.029999,179.265106,20684301.000000,1758817800.0
1758817800.0,179.270004,179.757904,177.404404,177.979904,14562904.000000,1758821400.0
1758821400.0,177.975006,178.139999,175.548294,177.209900,18040186.000000,1758825000.0
1758825000.0,177.201797,177.750000,176.770004,177.074997,12699385.000000,1758828600.0
1758828600.0,177.080002,177.940002,176.839996,177.679993,9238888.000000,1758832200.0
1758893400.0,178.169998,178.639999,174.929993,175.589996,28263350.000000,1758897000.0
1758897000.0,175.590103,176.777695,175.365005,176.744995,16379330.000000,1758900600.0
1758900600.0,176.750000,176.899994,175.779999,176.529999,11014839.000000,1758904200.0
1758904200.0,176.526505,177.570007,176.169998,177.154999,11609712.000000,1758907800.0
1758907800.0,177.153397,177.919998,176.970505,177.734299,8400243.000000,1758911400.0
1758911400.0,177.740005,177.809998,177.179993,177.684998,8373700.000000,1758915000.0
1758915000.0,177.680099,178.279999,177.498993,178.190002,50759133.000000,1758918600.0
1759152600.0,180.434998,184.000000,180.350006,183.375000,41112749.000000,1759156200.0
1759156200.0,183.375000,183.880005,182.169998,182.324997,21215289.000000,1759159800.0
1759159800.0,182.324997,182.570007,181.440002,182.029999,13497978.000000,1759163400.0
1759163400.0,182.038193,182.307999,181.279999,181.903198,9240745.000000,1759167000.0
1759167000.0,181.899994,182.267395,181.690094,181.710007,7552876.000000,1759170600.0
1759170600.0,181.699997,181.845001,180.669998,180.895004,10601888.000000,1759174200.0
1759174200.0,180.889999,181.940002,180.869995,181.820007,9869077.000000,1759177800.0
1759239000.0,182.220001,184.940002,181.479996,184.739899,41216097.000000,1759242600.0
1759242600.0,184.735001,187.350006,184.559906,186.309906,38277144.000000,1759246200.0
1759246200.0,186.294998,187.119995,185.600006,186.735001,17575412.000000,1759249800.0
1759249800.0,186.735001,186.949997,185.320007,185.625000,14131551.000000,1759253400.0
1759253400.0,185.619995,186.460007,185.229996,186.272507,11551216.000000,1759257000.0
1759257000.0,186.270004,186.309998,185.009995,185.889999,12705176.000000,1759260600.0
1759260600.0,185.889999,186.770004,185.300003,186.559998,14524343.000000,1759264200.0
1759325400.0,185.210007,186.669998,183.899994,186.654999,36094855.000000,1759329000.0
1759329000.0,186.654999,187.865005,186.314697,186.559998,22794271.000000,1759332600.0
1759332600.0,186.559998,187.529999,186.419998,186.604996,10682992.000000,1759336200.0
1759336200.0,186.615005,188.139999,186.485001,187.570007,12818212.000000,1759339800.0
1759339800.0,187.580002,187.949997,187.300003,187.484406,44723479.000000,1759343400.0
1759343400.0,187.485001,187.690002,187.149994,187.183502,10013033.000000,1759347000.0
1759347000.0,187.179993,187.460007,186.360001,187.169998,15197176.000000,1759350600.0
1759411800.0,189.619995,191.050003,188.264999,190.104904,51136746.000000,1759415400.0
1759415400.0,190.104996,190.419998,188.899994,189.854996,20569176.000000,1759419000.0
1759419000.0,189.854996,189.891693,188.949997,189.210007,13336605.000000,1759422600.0
1759422600.0,189.184998,189.479996,188.770004,189.119293,10186660.000000,1759426200.0
1759426200.0,189.119995,189.240005,188.610001,188.875107,9326052.000000,1759429800.0
1759429800.0,188.869995,189.304993,188.710098,189.184998,10060451.000000,1759433400.0
1759433400.0,189.184998,189.240005,188.500000,188.919998,10344240.000000,1759437000.0
1759498200.0,189.184998,190.360001,188.330002,188.943695,31867298.000000,1759501800.0
1759501800.0,188.949997,189.800003,188.369995,189.473907,15378728.000000,1759505400.0
1759505400.0,189.470001,189.549301,188.419998,188.700195,12735312.000000,1759509000.0
1759509000.0,188.699997,188.699997,186.949997,187.177505,16666788.000000,1759512600.0
1759512600.0,187.160004,187.520004,185.380005,187.475006,20766990.000000,1759516200.0
1759516200.0,187.479996,187.744995,187.029999,187.324997,11927924.000000,1759519800.0
1759519800.0,187.320007,188.000000,186.229996,187.621002,11488859.000000,1759523400.0
1759757400.0,185.559998,187.229904,183.330002,185.500000,59311744.000000,1759761000.0
1759761000.0,185.539993,186.190002,184.210007,185.969894,22980670.000000,1759764600.0
1759764600.0,185.979996,187.229996,185.979996,186.929993,16569881.000000,1759768200.0
1759768200.0,186.933701,186.960007,186.009995,186.149902,9813634.000000,1759771800.0
1759771800.0,186.149994,186.210007,185.389999,185.589996,11195919.000000,1759775400.0
1759775400.0,185.597198,186.050003,185.490005,185.809998,9944365.000000,1759779000.0
1759779000.0,185.809998,186.028107,185.429993,185.529999,11119569.000000,1759782600.0
1759843800.0,186.259995,189.059998,186.199997,188.015106,36576448.000000,1759847400.0
1759847400.0,188.020004,188.570007,184.780106,185.240005,30950863.000000,1759851000.0
1759851000.0,185.240005,186.169998,184.404999,185.470001,22823701.000000,1759854600.0
1759854600.0,185.470001,186.414993,185.464996,185.909805,12411681.000000,1759858200.0
1759858200.0,185.865005,186.039993,185.149994,185.895004,8840682.000000,1759861800.0
1759861800.0,185.910004,185.964996,185.425095,185.586304,7925630.000000,1759865400.0
1759865400.0,185.589996,185.679993,184.509995,184.960007,9331222.000000,1759869000.0
1759930200.0,186.630005,189.419998,186.539993,189.044998,45810785.000000,1759933800.0
1759933800.0,189.044998,189.226196,187.744995,188.270004,16475937.000000,1759937400.0
1759937400.0,188.270004,188.395004,187.613800,188.184998,11866256.000000,1759941000.0
1759941000.0,188.179993,188.489807,187.764999,188.149994,9095911.000000,1759944600.0
1759944600.0,188.160004,188.889999,188.119995,188.422394,10444809.000000,1759948200.0
1759948200.0,188.429993,188.750000,187.985001,188.589996,9523320.000000,1759951800.0
1759951800.0,188.589996,189.190002,188.294998,189.070007,13031125.000000,1759955400.0
1760016600.0,192.279999,195.300003,191.059998,193.684998,69029669.000000,1760020200.0
1760020200.0,193.684204,194.719894,192.190002,193.759995,28515373.000000,1760023800.0
1760023800.0,193.764999,194.580002,193.365005,193.884995,17397407.000000,1760027400.0
1760027400.0,193.880005,194.050003,192.439102,192.660095,13991184.000000,1760031000.0
1760031000.0,192.679993,193.169998,192.179993,192.544998,12688036.000000,1760034600.0
1760034600.0,192.535004,193.539505,192.130005,192.740005,15942400.000000,1760038200.0
1760038200.0,192.729996,193.009995,191.899994,192.539993,12018618.000000,1760041800.0
1760103000.0,193.505005,195.490005,192.220001,195.248306,46230258.000000,1760106600.0
1760106600.0,195.244995,195.619995,188.339905,188.831604,51916107.000000,1760110200.0
1760110200.0,188.850006,190.199905,186.380005,189.149994,42140895.000000,1760113800.0
1760113800.0,189.139999,189.660004,186.640900,188.160004,22149826.000000,1760117400.0
1760117400.0,188.149994,188.460007,186.979996,187.720001,15772022.000000,1760121000.0
1760121000.0,187.720001,187.960007,186.110001,186.399994,17485987.000000,1760124600.0
1760124600.0,186.419998,186.559998,182.800003,183.139999,35832393.000000,1760128200.0
1760362200.0,187.964996,190.109894,187.389999,188.490005,53451703.000000,1760365800.0
1760365800.0,188.500000,188.774994,185.970001,188.274994,24205593.000000,1760369400.0
1760369400.0,188.279999,188.649994,187.690002,188.431793,13795160.000000,1760373000.0
1760373000.0,188.420898,189.429993,188.270096,188.550003,11823453.000000,1760376600.0
1760376600.0,188.550003,188.655807,187.660004,187.925003,10396598.000000,1760380200.0
1760380200.0,187.925003,188.179993,187.250000,187.802597,10500602.000000,1760383800.0
1760383800.0,187.800003,188.899994,187.520004,188.320007,13567029.000000,1760387400.0
1760448600.0,184.779999,184.800003,179.699997,182.384995,61673542.000000,1760452200.0
1760452200.0,182.380005,182.429993,180.945007,181.550003,24869258.000000,1760455800.0
1760455800.0,181.559998,183.535995,181.350006,183.436295,21469144.000000,1760459400.0
1760459400.0,183.440002,184.199997,182.910004,183.225006,20202579.000000,1760463000.0
1760463000.0,183.229996,183.309998,181.523499,182.179993,17686398.000000,1760466600.0
1760466600.0,182.179993,182.369995,181.720001,181.899902,13423471.000000,1760470200.0
1760470200.0,181.895996,181.919998,179.830002,180.070007,26666011.000000,1760473800.0
1760535000.0,184.839996,184.869995,181.020004,182.369904,52916810.000000,1760538600.0
1760538600.0,182.369797,183.210007,181.500000,181.710907,28256632.000000,1760542200.0
1760542200.0,181.710007,181.738998,179.860901,180.690201,29801481.000000,1760545800.0
1760545800.0,180.690002,180.740005,177.289993,178.179993,27094307.000000,1760549400.0
1760549400.0,178.179993,180.020706,178.085007,179.794907,18813172.000000,1760553000.0
1760553000.0,179.794998,180.679993,179.699997,180.160004,13746081.000000,1760556600.0
1760556600.0,180.169998,180.369995,178.604599,179.869995,19911874.000000,1760560200.0
1760621400.0,182.190002,183.020004,181.240005,182.410004,41938632.000000,1760625000.0
1760625000.0,182.419998,183.279999,181.970001,182.321396,22390005.000000,1760628600.0
1760628600.0,182.322495,182.789993,180.820007,180.964996,20255390.000000,1760632200.0
1760632200.0,180.970001,182.350006,179.770004,182.330002,23943118.000000,1760635800.0
1760635800.0,182.324997,182.520004,179.880005,180.339996,19387187.000000,1760639400.0
1760639400.0,180.340103,181.610001,179.820007,180.785004,18685762.000000,1760643000.0
1760643000.0,180.800003,182.009995,180.490005,181.811005,13969567.000000,1760646600.0
1760707800.0,179.860001,183.529999,179.800003,183.279999,52215912.000000,1760711400.0
1760711400.0,183.279999,183.354996,180.570007,180.871994,27029244.000000,1760715000.0
1760715000.0,180.880005,182.785095,180.020004,182.630005,20595635.000000,1760718600.0
1760718600.0,182.619995,182.970001,182.009995,182.360001,13910035.000000,1760722200.0
1760722200.0,182.369995,183.865005,181.929993,183.690002,16815195.000000,1760725800.0
1760725800.0,183.690994,184.100006,183.255005,183.710007,15059096.000000,1760729400.0
1760729400.0,183.710007,183.789993,182.839996,183.240005,12278827.000000,1760733000.0
1760967000.0,183.070007,185.054993,181.729996,184.944000,39741770.000000,1760970600.0
1760970600.0,184.940002,185.199997,183.130005,183.785004,21790430.000000,1760974200.0
1760974200.0,183.779999,183.880005,183.029999,183.809998,12556026.000000,1760977800.0
1760977800.0,183.809998,184.259903,183.479996,183.815994,10187702.000000,1760981400.0
1760981400.0,183.809998,183.964996,183.470001,183.634094,7966091.000000,1760985000.0
1760985000.0,183.625305,183.794998,182.600006,182.955307,11984910.000000,1760988600.0
1760988600.0,182.960007,183.130005,182.449997,182.570007,11294009.000000,1760992200.0
1761053400.0,182.779999,182.779999,179.934998,180.184998,36389148.000000,1761057000.0
1761057000.0,180.195999,182.186493,179.800003,181.910004,20754684.000000,1761060600.0
1761060600.0,181.910004,182.651001,181.460098,182.490005,12199927.000000,1761064200.0
1761064200.0,182.490005,182.495499,181.060104,181.479996,11885756.000000,1761067800.0
1761067800.0,181.480103,181.684998,180.970001,181.229996,8908090.000000,1761071400.0
1761071400.0,181.229996,181.470001,180.929993,181.335007,9096058.000000,1761075000.0
1761075000.0,181.335007,181.619904,181.080002,181.139999,7546853.000000,1761078600.0
1761139800.0,181.130005,183.440002,180.289993,180.396896,34186154.000000,1761143400.0
1761143400.0,180.419998,180.889999,178.789993,178.870102,29126012.000000,1761147000.0
1761147000.0,178.899994,179.960007,177.899994,179.220001,19190846.000000,1761150600.0
1761150600.0,179.220001,179.438797,177.229996,177.690002,19775065.000000,1761154200.0
1761154200.0,177.679993,178.046005,176.770004,177.705002,17739839.000000,1761157800.0
1761157800.0,177.690002,179.630005,177.589996,179.476700,15270067.000000,1761161400.0
1761161400.0,179.479996,180.389999,179.460007,180.289993,11283433.000000,1761165000.0
1761226200.0,180.375000,181.759995,179.790100,181.580093,31763740.000000,1761229800.0
1761229800.0,181.580002,182.399994,181.225006,181.994995,16283069.000000,1761233400.0
1761233400.0,182.000000,182.500000,181.354095,181.820007,10578688.000000,1761237000.0
1761237000.0,181.820007,182.289993,181.570007,181.785004,9233407.000000,1761240600.0
1761240600.0,181.779999,182.940994,181.744095,182.710007,10330473.000000,1761244200.0
1761244200.0,182.710007,183.029999,182.649994,182.785004,9634220.000000,1761247800.0
1761247800.0,182.785004,182.789993,181.880005,182.199997,8583605.000000,1761251400.0
1761312600.0,183.835007,186.029999,183.500000,184.615005,37413753.000000,1761316200.0
1761316200.0,184.600006,185.529999,184.330002,185.190002,16357048.000000,1761319800.0
1761319800.0,185.190002,185.600006,185.080002,185.089996,11016169.000000,1761323400.0
1761323400.0,185.089996,185.399994,184.899994,185.000000,7696934.000000,1761327000.0
1761327000.0,185.009995,185.649994,184.990097,185.274994,9319098.000000,1761330600.0
1761330600.0,185.270004,187.470001,185.014999,186.910004,21613138.000000,1761334200.0
1761334200.0,186.910004,187.000000,186.065002,186.259995,14808808.000000,1761337800.0
1761571800.0,189.979996,191.270004,188.431793,189.880005,47161860.000000,1761575400.0
1761575400.0,189.880005,191.470001,189.699997,190.924500,20726049.000000,1761579000.0
1761579000.0,190.924103,191.250000,190.721497,190.925003,12818888.000000,1761582600.0
1761582600.0,190.929993,191.774994,190.779999,191.334106,12280428.000000,1761586200.0
1761586200.0,191.335007,191.449997,190.539993,190.559998,11050962.000000,1761589800.0
1761589800.0,190.554993,190.925003,190.270004,190.725296,13555691.000000,1761593400.0
1761593400.0,190.729996,191.750000,190.710007,191.429993,15074766.000000,1761597000.0
1761658200.0,193.050003,195.468994,192.560104,192.824997,45569836.000000,1761661800.0
1761661800.0,192.824997,193.345001,192.199997,192.804993,15309085.000000,1761665400.0
1761665400.0,192.800003,194.210007,191.910004,193.700104,21440152.000000,1761669000.0
1761669000.0,193.705002,196.570007,193.268204,194.589294,44808829.000000,1761672600.0
1761672600.0,194.589996,199.539993,194.500000,199.311996,51096684.000000,1761676200.0
1761676200.0,199.315002,202.205902,199.059998,202.014999,58853278.000000,1761679800.0
1761679800.0,202.014999,203.149994,200.649994,201.029999,35924486.000000,1761683400.0
1761744600.0,207.979996,212.189896,207.089996,210.610001,113829055.000000,1761748200.0
1761748200.0,210.619995,211.600006,207.865005,208.794998,39423803.000000,1761751800.0
1761751800.0,208.789993,209.070007,205.029999,206.589996,34968460.000000,1761755400.0
1761755400.0,206.578995,207.789993,205.449997,206.789001,22268708.000000,1761759000.0
1761759000.0,206.779999,208.024994,206.229996,206.940002,20595473.000000,1761762600.0
1761762600.0,206.940002,207.399994,204.779999,207.039993,34988953.000000,1761766200.0
1761766200.0,207.024994,208.050003,206.520004,207.050003,19062261.000000,1761769800.0
1761831000.0,205.205002,206.149994,201.410004,202.205902,40981766.000000,1761834600.0
1761834600.0,202.199997,203.850006,202.050003,203.074997,16584564.000000,1761838200.0
1761838200.0,203.080002,203.839996,202.059998,203.429901,12480897.000000,1761841800.0
1761841800.0,203.429993,203.829895,202.440704,203.054993,9224051.000000,1761845400.0
1761845400.0,203.059998,204.479904,202.779999,203.590500,10066606.000000,1761849000.0
1761849000.0,203.585007,204.270004,201.880005,202.549896,11030647.000000,1761852600.0
1761852600.0,202.559998,203.139999,201.979996,202.800003,9738038.000000,1761856200.0
1761917400.0,206.449997,207.970001,204.619995,205.479996,26815362.000000,1761921000.0
1761921000.0,205.490005,206.619995,204.960007,205.280106,12951916.000000,1761924600.0
1761924600.0,205.289993,205.669998,203.229996,203.985001,14396998.000000,1761928200.0
1761928200.0,203.979996,204.380005,202.070007,202.836502,12054501.000000,1761931800.0
1761931800.0,202.809998,204.369904,202.429993,204.270004,9275762.000000,1761935400.0
1761935400.0,204.279999,204.770004,203.339996,204.410004,9598288.000000,1761939000.0
1761939000.0,204.410004,204.669998,202.389999,202.399994,12011826.000000,1761942600.0
1762180200.0,208.054993,209.449997,206.800003,207.794998,31975951.000000,1762183800.0
1762183800.0,207.794998,208.539993,207.029999,207.914993,13106502.000000,1762187400.0
1762187400.0,207.910004,209.889999,207.699997,209.419998,13815297.000000,1762191000.0
1762191000.0,209.419998,211.335007,209.389999,210.959900,17314585.000000,1762194600.0
1762194600.0,210.955002,211.050003,207.500000,207.705002,17239185.000000,1762198200.0
1762198200.0,207.690002,208.429993,206.830002,207.074997,15544676.000000,1762201800.0
1762201800.0,207.080002,207.389999,206.330002,207.020004,10320475.000000,1762205400.0
1762266600.0,202.945007,203.969894,200.899994,201.659500,31537039.000000,1762270200.0
1762270200.0,201.645004,202.399994,200.924103,201.850006,17357235.000000,1762273800.0
1762273800.0,201.850006,202.300003,199.800003,200.975006,15379806.000000,1762277400.0
1762277400.0,200.977600,201.240005,199.800003,199.825104,10260122.000000,1762281000.0
1762281000.0,199.820007,200.850006,199.200104,200.190002,12554670.000000,1762284600.0
1762284600.0,200.179993,200.229996,198.580002,199.884995,13670302.000000,1762288200.0
1762288200.0,199.889999,200.259995,197.929993,198.539993,13531541.000000,1762291800.0
1762353000.0,198.720001,201.020004,196.979996,200.630005,29256410.000000,1762356600.0
1762356600.0,200.630096,202.919998,200.339996,202.339996,15957621.000000,1762360200.0
1762360200.0,202.340103,202.399994,201.139999,201.270004,9158713.000000,1762363800.0
1762363800.0,201.274994,201.800003,200.679993,200.949997,7174505.000000,1762367400.0
1762367400.0,200.949997,202.274994,200.820007,201.035004,8374576.000000,1762371000.0
1762371000.0,201.039993,201.529999,199.149994,199.530106,9942383.000000,1762374600.0
1762374600.0,199.529999,199.535004,194.970001,195.149994,20756871.000000,1762378200.0
1762439400.0,196.354996,197.619995,192.009995,193.065002,34294010.000000,1762443000.0
1762443000.0,193.078201,193.309998,189.449997,190.699997,25489219.000000,1762446600.0
1762446600.0,190.684998,190.750000,186.380005,186.820007,23698146.000000,1762450200.0
1762450200.0,186.809998,189.684998,186.570007,189.206406,17626398.000000,1762453800.0
1762453800.0,189.190002,190.589996,188.335205,190.500000,14197269.000000,1762457400.0
1762457400.0,190.490005,190.690002,189.285004,189.820007,12207324.000000,1762461000.0
1762461000.0,189.815002,189.979996,187.100006,188.169998,15254119.000000,1762464600.0
1762525800.0,184.860001,185.699997,181.759995,182.427994,43489348.000000,1762529400.0
1762529400.0,182.434692,182.820007,178.919998,180.112198,31031004.000000,1762533000.0
1762533000.0,180.100006,182.615005,179.699997,182.059998,18278444.000000,1762536600.0
1762536600.0,182.039993,184.500000,181.529999,184.440002,16835961.000000,1762540200.0
1762540200.0,184.440002,185.479996,183.670197,184.985001,18717862.000000,1762543800.0
1762543800.0,184.990005,187.470001,184.949997,186.134995,21454529.000000,1762547400.0
1762547400.0,186.134995,188.309998,186.134995,188.244995,13946409.000000,1762551000.0
1762785000.0,195.110001,197.050003,193.919998,196.619995,38233320.000000,1762788600.0
1762788600.0,196.619995,197.669998,194.029999,194.121796,23017353.000000,1762792200.0
1762792200.0,194.119995,196.119995,193.789993,195.865601,13943848.000000,1762795800.0
1762795800.0,195.884995,197.268997,195.860107,196.711807,10659812.000000,1762799400.0
1762799400.0,196.725006,198.080002,196.585007,197.919998,13268511.000000,1762803000.0
1762803000.0,197.913895,198.919998,197.684998,198.740005,14263479.000000,1762806600.0
1762806600.0,198.735001,199.940002,198.630005,199.039993,16182022.000000,1762810200.0
1762871400.0,195.154999,195.419998,192.089996,192.529999,37526712.000000,1762875000.0
1762875000.0,192.539993,193.289902,191.559998,192.375000,18843337.000000,1762878600.0
1762878600.0,192.380005,193.220001,191.300003,192.419998,15368429.000000,1762882200.0
1762882200.0,192.414993,193.970001,192.274994,193.649994,12973699.000000,1762885800.0
1762885800.0,193.660004,194.630005,193.134995,193.975098,12912352.000000,1762889400.0
1762889400.0,193.979797,194.339905,193.559998,194.104996,9579599.000000,1762893000.0
1762893000.0,194.104996,194.300003,192.830002,193.229996,10666270.000000,1762896600.0
1762957800.0,195.695007,195.889999,191.590103,192.690002,32595058.000000,1762961400.0
1762961400.0,192.690002,193.147095,191.460007,193.100006,16898205.000000,1762965000.0
1762965000.0,193.085007,193.559998,191.669998,192.050003,13500602.000000,1762968600.0
1762968600.0,192.039993,193.115005,191.759995,192.630005,10499784.000000,1762972200.0
1762972200.0,192.608200,193.265900,192.020004,192.129898,9617343.000000,1762975800.0
1762975800.0,192.130005,192.479996,191.130005,192.410004,10740232.000000,1762979400.0
1762979400.0,192.399994,193.880005,192.320694,193.850006,10004331.000000,1762983000.0
1763044200.0,191.039993,191.440002,186.949997,188.096100,34364805.000000,1763047800.0
1763047800.0,188.100006,188.139999,185.380005,186.289993,23729370.000000,1763051400.0
1763051400.0,186.294998,187.169998,185.350006,186.929901,15881795.000000,1763055000.0
1763055000.0,186.919998,187.229996,184.565002,184.865005,14047159.000000,1763058600.0
1763058600.0,184.860001,186.044998,183.850006,186.009995,57161519.000000,1763062200.0
1763062200.0,186.000000,186.486694,185.020004,185.949997,0.000000,1763065800.0
1763065800.0,185.960007,187.199997,185.720001,186.949997,13785838.000000,1763069400.0
1763130600.0,182.860001,187.820007,180.580002,186.964401,45071493.000000,1763134200.0
1763134200.0,186.955093,190.570007,186.850006,189.979797,20026763.000000,1763137800.0
1763137800.0,189.979996,190.681793,189.339996,190.035004,12795289.000000,1763141400.0
1763141400.0,190.039993,190.279999,188.630005,189.199997,11150771.000000,1763145000.0
1763145000.0,189.190002,190.020004,188.399994,189.960007,10931312.000000,1763148600.0
1763148600.0,189.979996,191.009995,189.750000,190.100006,11899532.000000,1763152200.0
1763152200.0,190.100006,190.460007,189.360001,190.229996,10109310.000000,1763155800.0
1763389800.0,185.899994,189.000000,184.929993,187.550003,32446940.000000,1763393400.0
1763393400.0,187.550003,187.889999,185.740005,187.199997,15318699.000000,1763397000.0
1763397000.0,187.200104,188.300003,186.500000,187.580002,13228969.000000,1763400600.0
1763400600.0,187.589996,187.919998,186.270004,186.729996,10873398.000000,1763404200.0
1763404200.0,186.720001,187.550003,184.880005,185.330002,12268419.000000,1763407800.0
1763407800.0,185.330002,185.600006,184.320007,184.934998,14051559.000000,1763411400.0
1763411400.0,184.940002,186.789993,184.660004,186.589996,11922157.000000,1763415000.0
1763476200.0,183.330002,184.270004,179.649994,181.850006,48839802.000000,1763479800.0
1763479800.0,181.860001,183.080002,180.170105,182.889999,23708753.000000,1763483400.0
1763483400.0,182.899994,183.710007,181.434494,181.580002,17762717.000000,1763487000.0
1763487000.0,181.570007,184.610001,181.399994,183.619995,14657409.000000,1763490600.0
1763490600.0,183.639999,184.500000,183.130005,183.449997,12177112.000000,1763494200.0
1763494200.0,183.469894,184.649994,182.399994,182.910004,13305432.000000,1763497800.0
1763497800.0,182.889999,183.100006,181.190002,181.369995,60434304.000000,1763501400.0
1763562600.0,184.800003,187.809998,183.279999,187.630005,38469108.000000,1763566200.0
1763566200.0,187.635895,187.854095,184.869995,185.389999,21336004.000000,1763569800.0
1763569800.0,185.380005,185.490005,183.890396,184.389999,15792899.000000,1763573400.0
1763573400.0,184.384903,185.600006,182.830093,184.259995,16969053.000000,1763577000.0
1763577000.0,184.250000,185.880005,184.119995,184.630005,13831848.000000,1763580600.0
1763580600.0,184.630005,187.059998,184.360001,186.705002,17271695.000000,1763584200.0
1763584200.0,186.714996,187.345901,185.750000,186.779999,16646317.000000,1763587800.0
1763649000.0,195.949997,196.000000,192.289993,193.919998,62106291.000000,1763652600.0
1763652600.0,193.910004,194.649994,188.490005,189.759995,34578314.000000,1763656200.0
1763656200.0,189.730103,189.949905,182.350006,183.685196,45694421.000000,1763659800.0
1763659800.0,183.685303,185.880005,181.779999,184.509995,28824890.000000,1763663400.0
1763663400.0,184.500000,184.869995,180.949997,182.720001,22398571.000000,1763667000.0
1763667000.0,182.710007,183.750000,181.369995,182.380005,19768242.000000,1763670600.0
1763670600.0,182.384995,182.990005,179.850006,180.940002,18988723.000000,1763674200.0
1763735400.0,181.235001,182.300003,175.479996,175.789993,67502729.000000,1763739000.0
1763739000.0,175.809998,178.940002,172.940002,178.860001,46262440.000000,1763742600.0
1763742600.0,178.854706,181.410004,178.800003,181.070007,29829294.000000,1763746200.0
1763746200.0,181.080002,181.955002,178.610001,179.334702,19462417.000000,1763749800.0
1763749800.0,179.320007,184.559998,179.130005,184.190002,30711523.000000,1763753400.0
1763753400.0,184.193497,184.455002,180.350006,180.389999,22276052.000000,1763757000.0
1763757000.0,180.369995,180.910004,178.199997,178.940002,17142253.000000,1763760600.0
1763994600.0,179.500000,180.869995,176.479996,178.000000,43370401.000000,1763998200.0
1763998200.0,178.008606,182.320007,177.679993,182.089996,24840299.000000,1764001800.0
1764001800.0,182.059998,183.130005,181.610001,182.470001,17332798.000000,1764005400.0
1764005400.0,182.464996,183.369995,181.835007,182.100006,12407053.000000,1764009000.0
1764009000.0,182.095001,182.559998,181.279999,181.869995,12475956.000000,1764012600.0
1764012600.0,181.876205,182.479996,181.084000,181.669998,13511330.000000,1764016200.0
1764016200.0,181.669998,183.479996,181.210007,182.550003,65119838.000000,1764019800.0
1764081000.0,174.910004,175.000000,169.550003,171.074997,79887076.000000,1764084600.0
1764084600.0,171.070007,174.880005,171.028198,174.723801,33770896.000000,1764088200.0
1764088200.0,174.720001,175.990005,174.130096,175.535004,22733351.000000,1764091800.0
1764091800.0,175.529999,176.479996,175.070206,176.205002,16279741.000000,1764095400.0
1764095400.0,176.205002,176.839996,174.339996,174.774994,17449279.000000,1764099000.0
1764099000.0,174.779999,176.970001,173.619995,176.841705,23100143.000000,1764102600.0
1764102600.0,176.845001,178.160004,176.710007,177.800003,15031963.000000,1764106200.0
1764167400.0,181.630005,182.910004,178.240005,179.585007,45946959.000000,1764171000.0
1764171000.0,179.585007,181.110001,179.585007,180.910004,16924615.000000,1764174600.0
1764174600.0,180.919998,181.729996,180.125000,180.779999,14050216.000000,1764178200.0
1764178200.0,180.780304,181.500000,180.389999,180.809998,11563205.000000,1764181800.0
1764181800.0,180.809998,180.845001,179.793701,180.550003,10619635.000000,1764185400.0
1764185400.0,180.550003,180.759995,179.929993,180.509995,10611517.000000,1764189000.0
1764189000.0,180.505005,180.750000,179.875000,180.190002,9278599.000000,1764192600.0
1764340200.0,178.990005,179.289993,176.970001,177.289993,30011592.000000,1764343800.0
1764343800.0,177.240005,178.080002,176.750000,177.081406,17490994.000000,1764347400.0
1764347400.0,177.085007,177.339996,176.531403,177.134201,14456367.000000,1764351000.0
1764599400.0,174.699997,179.139999,173.679993,178.860001,41192309.000000,1764603000.0
1764603000.0,178.850006,180.009995,178.220001,178.960007,19055485.000000,1764606600.0
1764606600.0,178.940002,180.080002,178.830002,179.835007,13512472.000000,1764610200.0
1764610200.0,179.835007,180.300003,179.169998,179.404999,11026020.000000,1764613800.0
1764613800.0,179.410004,179.985397,178.860001,179.089996,9463328.000000,1764617400.0
1764617400.0,179.089996,179.479996,178.624893,179.379898,10803646.000000,1764621000.0
1764621000.0,179.380005,180.000000,179.220001,179.990005,9755933.000000,1764624600.0
1764685800.0,181.720001,185.660004,181.589996,183.255005,40993279.000000,1764689400.0
1764689400.0,183.225006,184.639999,180.169998,180.559998,26987007.000000,1764693000.0
1764693000.0,180.529999,182.259995,180.000000,182.160004,16599118.000000,1764696600.0
1764696600.0,182.160004,182.380005,181.080093,181.714996,11681277.000000,1764700200.0
1764700200.0,181.710007,181.845001,180.750000,181.000000,8886433.000000,1764703800.0
1764703800.0,180.979996,181.779999,180.934998,181.429993,8959159.000000,1764707400.0
1764707400.0,181.417496,181.699997,181.000000,181.360001,7888265.000000,1764711000.0
1764772200.0,181.065002,181.219193,179.110107,180.330002,31808430.000000,1764775800.0
1764775800.0,180.320007,182.419998,179.930099,180.550003,18136013.000000,1764779400.0
1764779400.0,180.544998,181.220001,179.820007,180.375000,10736030.000000,1764783000.0
1764783000.0,180.369995,180.979996,180.064499,180.649994,7611606.000000,1764786600.0
1764786600.0,180.660004,181.279999,180.442093,180.744995,9127929.000000,1764790200.0
1764790200.0,180.744095,180.960007,179.910004,180.020004,10015000.000000,1764793800.0
1764793800.0,180.020004,180.029999,179.279999,179.639999,49322097.000000,1764797400.0
1764858600.0,181.550003,183.110001,179.970001,181.080093,32979831.000000,1764862200.0
1764862200.0,181.085007,183.020004,181.009995,182.635101,18829532.000000,1764865800.0
1764865800.0,182.632599,184.514999,182.494995,183.544998,17920525.000000,1764869400.0
1764869400.0,183.539993,184.110001,183.059998,183.615005,9241513.000000,1764873000.0
1764873000.0,183.600006,183.789993,182.000000,182.315002,9737123.000000,1764876600.0
1764876600.0,182.310104,183.235901,182.250000,182.323502,9446805.000000,1764880200.0
1764880200.0,182.324997,183.479996,182.279999,183.399994,7290764.000000,1764883800.0
1764945000.0,183.860001,184.660004,180.910004,182.769897,31800007.000000,1764948600.0
1764948600.0,182.750000,183.345001,181.509995,182.059998,15107397.000000,1764952200.0
1764952200.0,182.070007,182.509995,181.494995,181.779800,9661576.000000,1764955800.0
1764955800.0,181.779999,182.369995,181.509995,182.240005,7846279.000000,1764959400.0
1764959400.0,182.229996,182.490005,181.149994,181.455093,9682336.000000,1764963000.0
1764963000.0,181.470001,182.080002,181.320007,181.857498,7419949.000000,1764966600.0
1764966600.0,181.839996,182.639999,181.300003,182.350006,9289965.000000,1764970200.0
1765204200.0,182.630005,185.699997,182.399994,183.050598,31629584.000000,1765207800.0
1765207800.0,183.050003,184.539902,182.860001,183.485001,15218096.000000,1765211400.0
1765211400.0,183.470001,183.689896,182.910004,183.404999,8622856.000000,1765215000.0
1765215000.0,183.403900,187.990005,182.899994,185.894104,28598668.000000,1765218600.0
1765218600.0,185.880005,186.080002,183.729996,184.706497,16919547.000000,1765222200.0
1765222200.0,184.700104,185.080002,184.310196,184.884995,11168209.000000,1765225800.0
1765225800.0,184.899994,185.600006,184.229996,185.580002,10293098.000000,1765229400.0
1765290600.0,185.550003,185.592499,183.320007,184.630005,34498889.000000,1765294200.0
1765294200.0,184.630005,185.716705,184.149994,185.070007,16816492.000000,1765297800.0
1765297800.0,185.070007,185.149994,184.279999,184.888000,9798280.000000,1765301400.0
1765301400.0,184.889999,185.179993,184.750000,184.858200,6431260.000000,1765305000.0
1765305000.0,184.850006,184.979996,184.479996,184.544998,6781968.000000,1765308600.0
1765308600.0,184.544998,184.750000,184.020004,184.330002,7998590.000000,1765312200.0
1765312200.0,184.330002,185.550003,184.194794,184.970001,42282644.000000,1765315800.0
1765377000.0,184.990005,185.479996,183.660004,183.859604,23220830.000000,1765380600.0
1765380600.0,183.850006,184.020004,182.035004,182.845505,16910743.000000,1765384200.0
1765384200.0,182.839996,182.940002,182.140106,182.570007,9730722.000000,1765387800.0
1765387800.0,182.565002,183.429993,182.360001,182.610001,8737291.000000,1765391400.0
1765391400.0,182.610001,183.860001,182.449997,183.095795,12230964.000000,1765395000.0
1765395000.0,183.130005,184.699997,182.494995,183.789993,17627934.000000,1765398600.0
1765398600.0,183.789993,184.050003,183.464996,183.779999,9467558.000000,1765402200.0
1765463400.0,180.274994,180.419998,176.619995,178.085007,37363624.000000,1765467000.0
1765467000.0,178.100006,178.270004,176.832001,177.059906,17316464.000000,1765470600.0
1765470600.0,177.050003,178.770004,176.925003,178.486206,12621994.000000,1765474200.0
1765474200.0,178.490005,179.770996,178.490005,179.304993,10408848.000000,1765477800.0
1765477800.0,179.300003,180.990005,179.020004,180.906494,12558029.000000,1765481400.0
1765481400.0,180.910004,181.320007,179.970001,180.369904,12050067.000000,1765485000.0
1765485000.0,180.360001,181.089996,180.134201,180.935501,7710478.000000,1765488600.0
1765549800.0,181.500000,182.820007,179.320007,179.539993,29530704.000000,1765553400.0
1765553400.0,179.529999,180.149994,175.839996,176.634995,26510600.000000,1765557000.0
1765557000.0,176.600006,177.389999,175.210007,176.520004,17972854.000000,1765560600.0
1765560600.0,176.529999,178.179993,176.210007,177.449997,17539226.000000,1765564200.0
1765564200.0,177.451508,177.785797,176.035004,176.213699,9884365.000000,1765567800.0
1765567800.0,176.210007,176.675003,175.679993,175.904999,10780310.000000,1765571400.0
1765571400.0,175.899994,176.014999,174.619995,174.990005,13955635.000000,1765575000.0
1765809000.0,177.089996,178.339905,175.031006,175.451599,33169711.000000,1765812600.0
1765812600.0,175.440002,178.414993,175.339996,178.251999,15840736.000000,1765816200.0
1765816200.0,178.259995,178.320007,177.179993,177.595001,10379090.000000,1765819800.0
1765819800.0,177.599899,177.970001,176.809998,177.125000,9608800.000000,1765823400.0
1765823400.0,177.110001,177.660004,176.679993,177.139999,8950468.000000,1765827000.0
1765827000.0,177.149994,177.244995,176.119995,176.330002,11198952.000000,1765830600.0
1765830600.0,176.330002,176.830002,175.910004,176.229996,11393170.000000,1765834200.0
1765895400.0,176.259995,177.490005,174.899994,176.150101,26259399.000000,1765899000.0
1765899000.0,176.149994,177.304993,175.570007,176.020004,14639694.000000,1765902600.0
1765902600.0,176.020004,177.091599,175.690094,176.485001,11094691.000000,1765906200.0
1765906200.0,176.479996,176.975006,176.100006,176.220001,8514374.000000,1765909800.0
1765909800.0,176.220001,177.679993,176.020004,176.740005,11202122.000000,1765913400.0
1765913400.0,176.744995,177.190002,176.505005,177.178802,8161125.000000,1765917000.0
1765917000.0,177.175003,178.195007,177.169998,177.509995,9954348.000000,1765920600.0
1765981800.0,176.100006,176.130005,173.384995,174.380005,35267097.000000,1765985400.0
1765985400.0,174.369995,174.449997,170.630005,171.134995,28410068.000000,1765989000.0
1765989000.0,171.130005,171.729996,170.309998,171.449905,18913757.000000,1765992600.0
1765992600.0,171.449997,172.820007,171.309998,172.250000,15329123.000000,1765996200.0
1765996200.0,172.240005,172.330002,170.850098,170.949905,12530990.000000,1765999800.0
1765999800.0,170.929993,171.690002,170.660095,171.190002,13027015.000000,1766003400.0
1766003400.0,171.190002,171.820007,170.750000,170.919998,13015782.000000,1766007000.0
1766068200.0,174.529999,175.250000,171.820007,175.039993,34559711.000000,1766071800.0
1766071800.0,175.039993,176.149994,174.759995,174.880096,18553063.000000,1766075400.0
1766075400.0,174.869995,176.039993,173.729996,174.039993,14253404.000000,1766079000.0
1766079000.0,174.029999,175.380005,173.910004,174.914398,9934049.000000,1766082600.0
1766082600.0,174.910004,175.229996,174.240005,174.550003,8742821.000000,1766086200.0
1766086200.0,174.559998,174.899994,173.660004,174.675003,9852863.000000,1766089800.0
1766089800.0,174.672501,174.960007,173.929993,174.009995,9023413.000000,1766093400.0
1766154600.0,176.664993,180.699997,176.350006,178.660004,59589348.000000,1766158200.0
1766158200.0,178.639999,179.570007,178.350006,179.300003,18218903.000000,1766161800.0
1766161800.0,179.320007,180.990005,179.270004,180.520096,17015994.000000,1766165400.0
1766165400.0,180.520096,181.070007,179.764999,179.964996,12073476.000000,1766169000.0
1766169000.0,179.964005,180.800003,179.429993,180.574203,10984702.000000,1766172600.0
1766172600.0,180.570007,180.979996,180.229996,180.448502,11564864.000000,1766176200.0
1766176200.0,180.440002,181.449997,179.940094,180.990005,15328254.000000,1766179800.0
1766413800.0,183.380005,183.940002,182.350006,183.399994,27990203.000000,1766417400.0
1766417400.0,183.410004,184.160004,182.669998,183.630005,13547290.000000,1766421000.0
1766421000.0,183.619995,183.664993,183.009995,183.100006,8157060.000000,1766424600.0
1766424600.0,183.104996,183.300003,182.789993,183.225601,6320882.000000,1766428200.0
1766428200.0,183.229996,183.485001,182.990005,183.380005,6294933.000000,1766431800.0
1766431800.0,183.389999,183.576797,183.199997,183.285004,6554015.000000,1766435400.0
1766435400.0,183.285004,183.800003,183.235001,183.610001,6999578.000000,1766439000.0
1766500200.0,184.394806,185.479996,183.500000,185.274994,26864696.000000,1766503800.0
1766503800.0,185.279999,188.050003,185.100006,187.910095,22108447.000000,1766507400.0
1766507400.0,187.914993,188.630005,187.119995,188.214401,16947493.000000,1766511000.0
1766511000.0,188.220001,188.479996,187.779999,187.994995,10350335.000000,1766514600.0
1766514600.0,187.994995,188.800003,187.899994,188.618103,9891144.000000,1766518200.0
1766518200.0,188.610001,188.860001,188.380005,188.786407,9766022.000000,1766521800.0
1766521800.0,188.779999,189.330002,188.710007,189.210007,11919210.000000,1766525400.0
1766586600.0,188.000107,188.720001,186.589996,187.229996,21232093.000000,1766590200.0
1766590200.0,187.226501,188.029999,186.950897,187.945007,10515515.000000,1766593800.0
1766593800.0,187.945007,188.479996,187.919998,188.225006,9095497.000000,1766597400.0
1766759400.0,190.000000,192.289993,189.610001,191.580002,32978539.000000,1766763000.0
1766763000.0,191.570007,192.190002,190.830002,191.024994,13650116.000000,1766766600.0
1766766600.0,191.037003,191.350006,190.460007,190.779694,8711783.000000,1766770200.0
1766770200.0,190.770004,191.559998,190.630005,191.532898,10091526.000000,1766773800.0
1766773800.0,191.535004,192.690002,191.490005,192.240005,12249349.000000,1766777400.0
1766777400.0,192.244400,192.309998,191.383804,191.429993,8713789.000000,1766781000.0
1766781000.0,191.419998,191.673004,190.419998,190.539993,41818252.000000,1766784600.0
1767018600.0,187.699997,188.755005,185.910004,187.255005,29356608.000000,1767022200.0
1767022200.0,187.259995,187.735001,186.479996,187.244598,13079563.000000,1767025800.0
1767025800.0,187.240005,187.580002,186.789993,186.880005,7754465.000000,1767029400.0
1767029400.0,186.879898,187.639893,186.809998,187.459900,6845200.000000,1767033000.0
1767033000.0,187.455002,187.839996,187.050003,187.375000,6599620.000000,1767036600.0
1767036600.0,187.380005,188.104996,187.369995,187.964493,7541351.000000,1767040200.0
1767040200.0,187.970001,188.399994,187.740097,188.229996,36852071.000000,1767043800.0
1767105000.0,188.457703,188.929993,186.929993,187.170303,19456481.000000,1767108600.0
1767108600.0,187.169998,188.509995,187.104996,188.259995,11898733.000000,1767112200.0
1767112200.0,188.250000,188.410004,187.729996,187.909897,7392734.000000,1767115800.0
1767115800.0,187.904999,188.250000,187.699997,188.216003,6543003.000000,1767119400.0
1767119400.0,188.210007,188.354996,187.900101,188.154205,5905084.000000,1767123000.0
1767123000.0,188.149994,188.199997,187.410004,187.580002,7428329.000000,1767126600.0
1767126600.0,187.580002,187.925003,187.500000,187.550003,5948220.000000,1767130200.0
1767191400.0,189.470001,190.559998,188.089996,189.014999,24722821.000000,1767195000.0
1767195000.0,189.009995,189.139999,188.158203,188.845993,10366144.000000,1767198600.0
1767198600.0,188.845001,189.279999,188.679993,188.919907,8109664.000000,1767202200.0
1767202200.0,188.916000,189.020004,188.500000,188.970001,6642986.000000,1767205800.0
1767205800.0,188.964996,189.054993,188.009995,188.044998,7697467.000000,1767209400.0
1767209400.0,188.050003,188.099899,187.089996,187.134995,8876958.000000,1767213000.0
1767213000.0,187.139999,187.470001,186.490005,186.490005,8547159.000000,1767216600.0
1767364200.0,190.179993,192.929901,189.730103,190.589005,32940503.000000,1767367800.0
1767367800.0,190.570007,191.735001,188.289993,189.599396,18539784.000000,1767371400.0
1767371400.0,189.600006,190.065002,189.080002,189.479996,9782720.000000,1767375000.0
1767375000.0,189.500000,189.940002,189.160004,189.361694,8182942.000000,1767378600.0
1767378600.0,189.369995,189.699997,188.259995,189.205704,10067165.000000,1767382200.0
1767382200.0,189.205002,189.619995,188.550003,188.955002,9185520.000000,1767385800.0
1767385800.0,188.949997,189.039993,188.479996,188.809906,7525907.000000,1767389400.0
1767623400.0,192.750000,193.630005,189.389999,190.074997,32125631.000000,1767627000.0
1767627000.0,190.070007,190.889999,189.259995,190.190002,16588778.000000,1767630600.0
1767630600.0,190.184998,190.490005,187.070007,187.619995,18571029.000000,1767634200.0
1767634200.0,187.610001,188.100006,186.994995,187.785004,13995168.000000,1767637800.0
1767637800.0,187.779999,188.240005,186.380005,186.643204,13535787.000000,1767641400.0
1767641400.0,186.649994,187.570007,186.149994,187.470001,14354077.000000,1767645000.0
1767645000.0,187.470001,188.160004,187.279999,188.110001,11088428.000000,1767648600.0
1767709800.0,190.500000,192.173996,188.979996,191.399994,34692681.000000,1767713400.0
1767713400.0,191.389603,191.524994,187.869995,188.589996,21434069.000000,1767717000.0
1767717000.0,188.589996,190.029999,188.395004,189.039902,16404130.000000,1767720600.0
1767720600.0,189.039993,189.699997,188.270004,188.289993,10313216.000000,1767724200.0
1767724200.0,188.179993,188.300003,187.520004,187.960007,11187185.000000,1767727800.0
1767727800.0,188.050003,188.279999,186.870102,186.940002,11264316.000000,1767731400.0
1767731400.0,186.940002,187.649994,186.820007,187.250000,6829507.000000,1767735000.0
1767796200.0,188.570007,191.360001,186.559998,191.014999,32512869.000000,1767799800.0
1767799800.0,191.020004,191.070999,188.470001,189.580002,20307873.000000,1767803400.0
1767803400.0,189.570007,190.600006,189.464996,190.003006,10444458.000000,1767807000.0
1767807000.0,190.005005,190.210007,189.580002,189.625000,6648717.000000,1767810600.0
1767810600.0,189.625000,190.000000,189.199997,189.280106,8125097.000000,1767814200.0
1767814200.0,189.285004,189.779999,188.750000,188.990005,8539006.000000,1767817800.0
1767817800.0,188.979996,189.259995,188.774994,189.240005,6965360.000000,1767821400.0
1767882600.0,189.000000,189.380005,184.660095,186.100006,31476671.000000,1767886200.0
1767886200.0,186.080002,186.949997,184.619995,184.880005,20521041.000000,1767889800.0
1767889800.0,184.869995,185.445007,184.059998,184.255798,12549620.000000,1767893400.0
1767893400.0,184.255005,184.880005,183.830002,184.750000,11927382.000000,1767897000.0
1767897000.0,184.740005,184.889999,183.710007,184.149994,10808506.000000,1767900600.0
1767900600.0,184.154999,185.270004,184.139999,185.186493,11122410.000000,1767904200.0
1767904200.0,185.210007,185.339996,184.649994,185.130005,51790464.000000,1767907800.0
1767969000.0,185.000000,185.820007,183.670105,184.962006,24696951.000000,1767972600.0
1767972600.0,184.990005,185.610001,184.309998,185.309998,13379947.000000,1767976200.0
1767976200.0,185.304993,185.699997,184.690002,184.954102,9302538.000000,1767979800.0
1767979800.0,184.949997,185.229996,184.639999,185.184998,8385501.000000,1767983400.0
1767983400.0,185.184998,186.339996,185.080002,185.880096,10340638.000000,1767987000.0
1767987000.0,185.884995,186.080002,185.509995,185.554993,8241985.000000,1767990600.0
1767990600.0,185.550003,185.639999,184.809998,184.850006,7572604.000000,1767994200.0
1768228200.0,183.190002,186.199997,183.020096,184.619995,22194605.000000,1768231800.0
1768231800.0,184.615494,185.285004,183.729996,185.239899,13447414.000000,1768235400.0
1768235400.0,185.235001,186.895004,184.639999,186.285004,12658198.000000,1768239000.0
1768239000.0,186.279999,186.880005,185.800003,186.780106,9970852.000000,1768242600.0
1768242600.0,186.779999,187.119995,186.514999,186.990005,9084157.000000,1768246200.0
1768246200.0,186.992401,187.000000,185.920105,186.009995,8960960.000000,1768249800.0
1768249800.0,186.005005,186.037506,184.550003,184.899994,7250258.000000,1768253400.0
1768314600.0,184.960007,185.139999,183.631302,183.917496,23396967.000000,1768318200.0
1768318200.0,183.910004,185.800003,183.410004,185.229996,17247104.000000,1768321800.0
1768321800.0,185.240005,188.109894,185.089996,186.399994,18595078.000000,1768325400.0
1768325400.0,186.399994,186.586502,184.589996,185.069901,12037560.000000,1768329000.0
1768329000.0,185.070007,185.169998,184.429993,184.789902,9161964.000000,1768332600.0
1768332600.0,184.779999,184.880005,184.214996,184.720001,10894475.000000,1768336200.0
1768336200.0,184.722702,185.850006,184.500107,185.820007,9301670.000000,1768339800.0
1768401000.0,183.785004,184.000000,180.910004,181.675003,31179261.000000,1768404600.0
1768404600.0,181.654602,182.630005,181.235001,181.985001,13745617.000000,1768408200.0
1768408200.0,181.991699,182.130005,181.362503,182.100006,10577549.000000,1768411800.0
1768411800.0,182.089996,182.320007,181.544998,182.220001,9658660.000000,1768415400.0
1768415400.0,182.220001,182.250000,181.550095,181.820007,8195076.000000,1768419000.0
1768419000.0,181.839996,182.610001,180.830002,182.149994,12799407.000000,1768422600.0
1768422600.0,182.149994,183.330002,182.070007,183.169998,10193733.000000,1768426200.0
1768487400.0,186.860001,189.179993,186.384995,187.600006,41062050.000000,1768491000.0
1768491000.0,187.600006,188.550003,186.830093,187.520096,15913647.000000,1768494600.0
1768494600.0,187.509995,189.289993,187.330002,188.613495,17182601.000000,1768498200.0
1768498200.0,188.619995,189.240005,188.149994,189.230103,11251165.000000,1768501800.0
1768501800.0,189.229996,189.699997,188.235001,188.395004,13200932.000000,1768505400.0
1768505400.0,188.389999,189.384995,187.179993,187.425003,16006085.000000,1768509000.0
1768509000.0,187.419998,187.529999,186.330002,187.139999,11812011.000000,1768512600.0
1768573800.0,188.839996,190.440002,187.620102,187.638397,38626121.000000,1768577400.0
1768577400.0,187.630096,188.169601,187.089996,187.990005,14426542.000000,1768581000.0
1768581000.0,187.985001,188.375000,187.630005,188.029999,10840609.000000,1768584600.0
1768584600.0,188.020004,188.250000,187.429993,187.934998,10212531.000000,1768588200.0
1768588200.0,187.940002,188.413696,187.645004,187.690002,8760813.000000,1768591800.0
1768591800.0,187.680099,188.024994,187.615005,187.740005,9080726.000000,1768595400.0
1768595400.0,187.740005,187.860001,186.080002,186.229996,11380197.000000,1768599000.0
1768919400.0,181.899994,182.375000,179.589996,180.800003,43771661.000000,1768923000.0
1768923000.0,180.770004,181.622696,179.815002,180.319901,22206399.000000,1768926600.0
1768926600.0,180.315002,180.479996,179.559998,180.019897,17266194.000000,1768930200.0
1768930200.0,180.009995,180.089996,179.270004,179.520004,11847931.000000,1768933800.0
1768933800.0,179.500000,179.979996,178.899994,179.434998,12605910.000000,1768937400.0
1768937400.0,179.410004,179.639999,178.354996,178.494995,12805916.000000,1768941000.0
1768941000.0,178.494995,178.929993,177.619995,178.210007,15204088.000000,1768944600.0
1769005800.0,179.050003,180.960098,178.399994,180.809998,29335836.000000,1769009400.0
1769009400.0,180.809998,183.740005,180.699997,182.735504,20623670.000000,1769013000.0
1769013000.0,182.720001,182.750000,179.350006,179.434998,17371067.000000,1769016600.0
1769016600.0,179.434998,180.509995,179.195007,180.244995,11214251.000000,1769020200.0
1769020200.0,180.260101,183.089996,180.140106,182.979996,11543309.000000,1769023800.0
1769023800.0,182.979996,185.378998,182.860001,183.789993,23163020.000000,1769027400.0
1769027400.0,183.779999,184.720001,183.184998,183.320007,12393974.000000,1769031000.0
1769092200.0,184.744995,186.160004,183.929993,184.869995,28406345.000000,1769095800.0
1769095800.0,184.869995,185.835007,184.479996,185.735504,12426040.000000,1769099400.0
1769099400.0,185.733994,186.169998,184.660004,184.975006,12791084.000000,1769103000.0
1769103000.0,184.979996,185.235001,184.414993,184.725494,10627960.000000,1769106600.0
1769106600.0,184.710007,184.880005,184.280594,184.654999,7722254.000000,1769110200.0
1769110200.0,184.649994,184.860001,184.089996,184.110001,9579552.000000,1769113800.0
1769113800.0,184.100006,184.869995,183.929993,184.830002,7630030.000000,1769117400.0
1769178600.0,187.485001,189.600006,186.823303,187.654999,31955472.000000,1769182200.0
1769182200.0,187.645004,188.089996,187.130005,187.759995,11124846.000000,1769185800.0
1769185800.0,187.750000,188.236099,187.195007,187.740097,10929600.000000,1769189400.0
1769189400.0,187.750000,188.095001,187.145004,187.895004,9086987.000000,1769193000.0
1769193000.0,187.899994,188.410004,187.514999,187.830002,8542009.000000,1769196600.0
1769196600.0,187.809998,188.029999,187.110001,187.229996,9352649.000000,1769200200.0
1769200200.0,187.220001,187.914993,187.139999,187.669998,7833862.000000,1769203800.0
1769437800.0,187.070007,189.119995,186.850006,187.345993,26709879.000000,1769441400.0
1769441400.0,187.334503,187.610001,186.009995,186.804993,14032874.000000,1769445000.0
1769445000.0,186.789993,187.240005,186.440002,186.660004,8942861.000000,1769448600.0
1769448600.0,186.639999,186.710007,185.990005,186.429993,8131157.000000,1769452200.0
1769452200.0,186.410004,187.080002,186.410004,186.574997,7632265.000000,1769455800.0
1769455800.0,186.568695,186.679993,186.000000,186.445007,7964393.000000,1769459400.0
1769459400.0,186.449997,186.800003,186.240005,186.389999,6378125.000000,1769463000.0
1769524200.0,187.240005,189.505005,185.699997,188.915100,26462339.000000,1769527800.0
1769527800.0,188.919998,190.000000,188.889999,189.705795,15491427.000000,1769531400.0
1769531400.0,189.710007,190.000000,189.410004,189.684998,9426192.000000,1769535000.0
1769535000.0,189.690002,190.000000,188.899994,189.485001,11268576.000000,1769538600.0
1769538600.0,189.490005,189.779999,189.044998,189.125000,9872166.000000,1769542200.0
1769542200.0,189.130005,189.720001,188.949997,189.425003,10276591.000000,1769545800.0
1769545800.0,189.419998,189.429993,188.472794,188.539993,7688049.000000,1769549400.0
1769610600.0,191.289993,192.350006,190.130005,191.404999,29505783.000000,1769614200.0
1769614200.0,191.404999,192.039902,190.723007,191.779999,14818854.000000,1769617800.0
1769617800.0,191.770004,191.770004,189.839996,191.095795,14169875.000000,1769621400.0
1769621400.0,191.085007,191.787994,190.824997,191.720001,9289559.000000,1769625000.0
1769625000.0,191.735001,192.210007,191.380005,191.520004,10051502.000000,1769628600.0
1769628600.0,191.509995,192.320007,190.903702,191.623001,12697817.000000,1769632200.0
1769632200.0,191.619995,191.789993,190.869995,191.539993,8804660.000000,1769635800.0
1769697000.0,191.339996,193.479996,188.350006,188.929993,31030481.000000,1769700600.0
1769700600.0,188.929993,189.000000,186.059998,187.835007,21813216.000000,1769704200.0
1769704200.0,187.830002,189.839996,187.690002,189.544998,13577127.000000,1769707800.0
1769707800.0,189.539993,190.690002,189.169998,190.054993,12734523.000000,1769711400.0
1769711400.0,190.059998,190.779999,189.705002,190.360001,9429560.000000,1769715000.0
1769715000.0,190.360001,191.449997,190.020004,190.945007,10769502.000000,1769718600.0
1769718600.0,190.934998,192.750000,190.860001,192.429993,12608559.000000,1769722200.0
1769783400.0,191.214996,193.429993,190.909607,191.654999,26075854.000000,1769787000.0
1769787000.0,191.645004,192.179993,191.225006,192.019394,1626247.000000,1769790600.0
1770057000.0,189.860001,190.100006,189.580002,189.919998,41108232.000000,1770060600.0
1770060600.0,189.914993,189.960007,186.080093,186.175003,16398097.000000,1770064200.0
1770064200.0,186.184998,186.309998,184.880005,185.690002,14576292.000000,1770067800.0
1770129000.0,186.235001,186.240005,179.559998,180.299896,36764666.000000,1770132600.0
1770132600.0,180.279999,180.960007,179.080002,179.100006,18459623.000000,1770136200.0
1770136200.0,179.090103,180.490005,179.090103,180.000107,13626585.000000,1770139800.0
1770139800.0,180.000000,180.074997,178.649994,179.158493,50779155.000000,1770143400.0
1770143400.0,179.145004,179.520004,178.050003,178.695007,0.000000,1770147000.0
1770147000.0,178.675003,179.020004,176.229996,178.697006,19572051.000000,1770150600.0
1770150600.0,178.695099,180.485001,178.679993,180.330002,12029640.000000,1770154200.0
1770215400.0,179.440002,179.570007,176.619995,177.195206,26799337.000000,1770219000.0
1770219000.0,177.199997,177.559998,174.484207,175.250000,20952975.000000,1770222600.0
1770222600.0,175.240005,175.300003,173.270004,173.350006,16589189.000000,1770226200.0
1770226200.0,173.339996,174.320007,171.910004,174.126602,18911010.000000,1770229800.0
1770229800.0,174.139999,175.009995,172.899994,174.940094,13287616.000000,1770233400.0
1770233400.0,174.929993,176.139999,174.250000,175.270996,15314438.000000,1770237000.0
1770237000.0,175.271103,175.889999,174.195007,174.199997,11531460.000000,1770240600.0
1770301800.0,174.925003,176.809998,171.309998,171.585007,35556583.000000,1770305400.0
1770305400.0,171.580002,174.259995,171.440002,174.255005,18782253.000000,1770309000.0
1770309000.0,174.270004,175.774796,174.179993,175.285004,14405499.000000,1770312600.0
1770312600.0,175.299896,175.699997,174.020004,174.330002,9909346.000000,1770316200.0
1770316200.0,174.309998,174.740005,172.899994,173.669998,11166823.000000,1770319800.0
1770319800.0,173.654999,174.220001,172.169998,172.260101,11241371.000000,1770323400.0
1770323400.0,172.250000,172.500000,171.029999,171.820007,11583645.000000,1770327000.0
1770388200.0,176.690002,182.884995,174.600006,182.649994,43992598.000000,1770391800.0
1770391800.0,182.642502,184.250000,181.925003,183.979996,23254485.000000,1770395400.0
1770395400.0,183.979996,184.645004,182.910004,184.531204,16217369.000000,1770399000.0
1770399000.0,184.520004,185.169998,184.210007,184.510300,13680434.000000,1770402600.0
1770402600.0,184.513504,185.020004,184.134995,184.445007,9404085.000000,1770406200.0
1770406200.0,184.449997,185.589996,184.300003,185.335007,14219330.000000,1770409800.0
1770409800.0,185.330002,187.000000,185.199997,185.410004,15861985.000000,1770413400.0
1770647400.0,184.100006,193.660004,184.000000,190.660004,52895611.000000,1770651000.0
1770651000.0,190.699997,192.149994,190.699997,191.824997,16568890.000000,1770654600.0
1770654600.0,191.809998,192.520004,191.304993,191.589996,13787785.000000,1770658200.0
1770658200.0,191.589996,192.059906,190.779999,190.992996,9397729.000000,1770661800.0
1770661800.0,190.985107,191.500000,190.639999,191.009995,9257464.000000,1770665400.0
1770665400.0,191.005005,198.725006,189.630005,189.899994,12988392.000000,1770669000.0
1770669000.0,189.889999,190.500000,189.535004,189.789993,10705934.000000,1770672600.0
1770733800.0,191.404999,192.479996,188.119995,189.173203,29239093.000000,1770737400.0
1770737400.0,189.160004,190.330002,188.845001,189.120102,13633209.000000,1770741000.0
1770741000.0,189.119995,190.160004,188.910004,189.690002,8843117.000000,1770744600.0
1770744600.0,189.679993,190.440002,189.190002,189.244995,8346711.000000,1770748200.0
1770748200.0,189.240005,189.600006,189.070007,189.214996,6039719.000000,1770751800.0
1770751800.0,189.220001,189.554993,188.419998,189.100006,9308355.000000,1770755400.0
1770755400.0,189.100006,189.429993,188.380005,188.610001,6982075.000000,1770759000.0
1770820200.0,192.419998,193.259995,188.770004,188.919998,32129202.000000,1770823800.0
1770823800.0,188.925003,192.184998,188.869995,191.289795,18144329.000000,1770827400.0
1770827400.0,191.279999,192.104996,190.369995,191.985001,11344285.000000,1770831000.0
1770831000.0,191.979996,192.279999,191.100006,191.431000,8748863.000000,1770834600.0
1770834600.0,191.440002,192.210007,190.970001,192.044998,7656291.000000,1770838200.0
1770838200.0,192.039993,192.154999,190.955002,191.059998,7857075.000000,1770841800.0
1770841800.0,191.050003,191.360001,189.960007,190.029999,7713715.000000,1770845400.0
1770906600.0,193.029999,193.600006,190.520004,191.690002,27666471.000000,1770910200.0
1770910200.0,191.700699,191.819901,187.240005,187.304993,20283149.000000,1770913800.0
1770913800.0,187.320007,189.979996,187.229996,189.574997,14914347.000000,1770917400.0
1770917400.0,189.559998,190.529999,188.539993,189.250000,12965171.000000,1770921000.0
1770921000.0,189.250000,190.000000,188.919998,189.050003,9508266.000000,1770924600.0
1770924600.0,189.070007,189.479996,187.509995,187.600006,10523188.000000,1770928200.0
1770928200.0,187.589996,187.979996,186.509995,186.910004,11600879.000000,1770931800.0
1770993000.0,187.464996,187.470001,182.179993,184.080002,36099600.000000,1770996600.0
1770996600.0,184.059998,185.179993,182.301300,183.595001,16832869.000000,1771000200.0
1771000200.0,183.589996,184.710007,183.085007,184.550003,9913912.000000,1771003800.0
1771003800.0,184.559998,184.979996,183.460007,184.220001,8906348.000000,1771007400.0
1771007400.0,184.240005,184.860001,183.559998,183.690002,6974694.000000,1771011000.0
1771011000.0,183.720001,184.279999,182.050003,182.305893,11523863.000000,1771014600.0
1771014600.0,182.294998,183.119995,181.589996,182.785004,11695004.000000,1771018200.0
1771338600.0,181.720001,183.419998,179.179993,180.410004,27099755.000000,1771342200.0
1771342200.0,180.399994,184.369995,179.270004,183.580002,18859264.000000,1771345800.0
1771345800.0,183.570007,184.750000,183.190002,184.705002,12755043.000000,1771349400.0
1771349400.0,184.744995,185.500000,183.619995,185.350006,12008333.000000,1771353000.0
1771353000.0,185.360001,186.449905,185.000000,186.417007,10075969.000000,1771356600.0
1771356600.0,186.429993,187.149994,185.330002,185.425003,11583987.000000,1771360200.0
1771360200.0,185.380005,185.500000,184.360001,184.979996,9243775.000000,1771363800.0
1771425000.0,188.750000,190.229904,187.350006,189.775696,45553682.000000,1771428600.0
1771428600.0,189.770004,190.369995,189.250000,189.774994,0.000000,1771432200.0
1771432200.0,189.770004,189.955002,188.660004,189.139893,11122908.000000,1771435800.0
1771435800.0,189.139893,189.695007,188.895004,188.940002,6705103.000000,1771439400.0
1771439400.0,188.940002,189.129898,188.199997,188.564194,9756650.000000,1771443000.0
1771443000.0,188.554993,188.669998,186.759995,186.970001,13920476.000000,1771446600.0
1771446600.0,186.960007,188.500000,186.910004,187.889999,55898935.000000,1771450200.0
1771511400.0,187.029999,188.289993,185.660004,187.619095,20569888.000000,1771515000.0
1771515000.0,187.610001,188.429993,186.919998,187.309998,12628047.000000,1771518600.0
1771518600.0,187.330002,187.789993,186.399994,186.630005,9760430.000000,1771522200.0
1771522200.0,186.619995,186.675003,185.789993,186.199402,8553635.000000,1771525800.0
1771525800.0,186.179993,187.059998,186.159393,186.529999,7010595.000000,1771529400.0
1771529400.0,186.521500,187.065002,186.362595,186.795105,7527474.000000,1771533000.0
1771533000.0,186.789993,187.938995,186.720001,187.889999,6612222.000000,1771536600.0
1771597800.0,186.520004,189.339996,185.937805,187.815002,27799788.000000,1771601400.0
1771601400.0,187.839996,190.330002,187.514999,188.794998,19072274.000000,1771605000.0
1771605000.0,188.794998,190.199997,187.630005,187.940002,14472955.000000,1771608600.0
1771608600.0,187.934998,188.979996,187.860001,188.679993,11926040.000000,1771612200.0
1771612200.0,188.699997,190.089996,188.330002,189.365005,11532581.000000,1771615800.0
1771615800.0,189.360001,189.889999,188.940002,189.419998,8798931.000000,1771619400.0
1771619400.0,189.429993,190.000000,189.369995,189.830002,7619446.000000,1771623000.0
1771857000.0,191.445007,193.949997,190.919998,191.320007,34473317.000000,1771860600.0
1771860600.0,191.330002,191.669601,189.574997,190.496597,17744253.000000,1771864200.0
1771864200.0,190.490005,191.320007,190.422302,190.949997,11613687.000000,1771867800.0
1771867800.0,190.940002,191.740005,189.725006,191.460007,12495769.000000,1771871400.0
1771871400.0,191.455902,191.750000,190.570007,190.580002,9658558.000000,1771875000.0
1771875000.0,190.570007,190.949997,190.190002,190.889999,10203395.000000,1771878600.0
1771878600.0,190.889999,191.649994,190.649994,191.610001,10753581.000000,1771882200.0
1771943400.0,191.485001,192.070007,187.399994,192.009995,31917690.000000,1771947000.0
1771947000.0,192.000000,193.250000,191.714996,192.149994,16931266.000000,1771950600.0
1771950600.0,192.150101,193.750000,191.880005,193.235001,13263753.000000,1771954200.0
1771954200.0,193.239899,193.600006,192.880005,192.940094,8116758.000000,1771957800.0
1771957800.0,192.945007,193.089996,192.160004,192.429993,8644384.000000,1771961400.0
1771961400.0,192.434998,193.050003,192.400101,192.785004,9349318.000000,1771965000.0
1771965000.0,192.789993,193.770004,192.660004,192.869995,10170522.000000,1771968600.0
1772029800.0,194.470001,196.559998,193.800003,196.045105,55504706.000000,1772033400.0
1772033400.0,196.040100,196.619995,195.500000,196.339996,0.000000,1772037000.0
1772037000.0,196.330002,197.629898,196.330002,197.360001,17167407.000000,1772040600.0
1772040600.0,197.350098,197.529999,196.604996,196.729904,48572207.000000,1772044200.0
1772044200.0,196.725006,197.449997,196.481003,197.099899,0.000000,1772047800.0
1772047800.0,197.089005,197.369995,196.679993,196.895004,13553001.000000,1772051400.0
1772051400.0,196.889999,197.210007,195.520004,195.880005,16776117.000000,1772055000.0
1772116200.0,194.210007,194.210007,185.580002,186.095001,79010681.000000,1772119800.0
1772119800.0,186.100006,187.939804,184.580002,187.824997,37958256.000000,1772123400.0
1772123400.0,187.779999,187.970001,185.850006,187.574997,21772751.000000,1772127000.0
1772127000.0,187.570007,188.119995,184.860001,185.354996,20471972.000000,1772130600.0
1772130600.0,185.345001,186.699997,184.822998,185.299896,20354965.000000,1772134200.0
1772134200.0,185.294998,185.820007,184.315002,184.689896,20238432.000000,1772137800.0
1772137800.0,184.679993,185.550003,184.339996,184.899994,17624324.000000,1772141400.0
1772202600.0,181.220001,182.580002,179.570007,181.835007,51155508.000000,1772206200.0
1772206200.0,181.839996,182.250000,181.000000,181.020004,17238608.000000,1772209800.0
1772209800.0,181.029999,181.460007,179.050003,179.914993,17647740.000000,1772213400.0
1772213400.0,179.925003,180.289993,178.649994,178.970001,14614608.000000,1772217000.0
1772217000.0,178.978897,179.309998,178.100006,178.664993,16081199.000000,1772220600.0
1772220600.0,178.669998,179.699997,178.419998,178.899994,16816888.000000,1772224200.0
1772224200.0,178.889999,178.985001,176.380005,177.160004,26068673.000000,1772227800.0
1772461800.0,174.800003,181.380005,174.639999,180.500000,45254437.000000,1772465400.0
1772465400.0,180.490005,181.809998,180.009995,180.919998,49699069.000000,1772469000.0
1772469000.0,180.934998,183.460007,180.839996,183.059998,0.000000,1772472600.0
1772472600.0,183.054993,183.056000,182.210007,182.445099,10237938.000000,1772476200.0
1772476200.0,182.449997,182.910004,181.949997,182.645004,55594090.000000,1772479800.0
1772479800.0,182.645004,183.050003,181.645004,182.149994,16411672.000000,1772483400.0
1772483400.0,182.169998,182.830002,181.990005,182.350006,15836427.000000,1772487000.0
1772548200.0,178.477493,180.529999,177.720001,177.770004,50710924.000000,1772551800.0
1772551800.0,177.759995,180.005005,176.919998,179.315002,31236634.000000,1772555400.0
1772555400.0,179.315002,180.649994,178.940002,180.104996,19302177.000000,1772559000.0
1772559000.0,180.100006,180.399994,178.979996,180.149994,14349165.000000,1772562600.0
1772562600.0,180.169998,180.899994,179.440002,179.550003,13694732.000000,1772566200.0
1772566200.0,179.559998,180.869995,179.149994,180.205002,17047547.000000,1772569800.0
1772569800.0,180.199997,180.565002,179.899994,180.080002,12169048.000000,1772573400.0
1772634600.0,180.369995,183.550003,180.059998,183.470001,49537596.000000,1772638200.0
1772638200.0,183.479996,183.639999,181.800003,182.399994,22335669.000000,1772641800.0
1772641800.0,182.399994,183.145004,182.320801,182.485001,14459566.000000,1772645400.0
1772645400.0,182.490005,183.360001,182.190002,183.049896,13044050.000000,1772649000.0
1772649000.0,183.039993,184.699997,182.979996,184.304993,21891737.000000,1772652600.0
1772652600.0,184.304993,184.339996,182.600006,183.070007,17483899.000000,1772656200.0
1772656200.0,183.074997,183.339996,182.600006,182.910004,17451882.000000,1772659800.0
1772721000.0,181.169998,182.789993,180.809998,181.695007,39187846.000000,1772724600.0
1772724600.0,181.699997,184.059998,180.854996,182.779999,26866863.000000,1772728200.0
1772728200.0,182.800003,183.830002,181.070007,181.070007,17633964.000000,1772731800.0
1772731800.0,181.070007,181.220001,177.889999,178.879898,36802356.000000,1772735400.0
1772735400.0,178.869995,181.020004,178.800003,180.729996,17972462.000000,1772739000.0
1772739000.0,180.729996,182.389999,179.889999,181.875000,20068545.000000,1772742600.0
1772742600.0,181.880005,183.419998,181.700104,183.330002,20535969.000000,1772746200.0
1772807400.0,179.839996,182.756104,179.639999,181.820099,42314271.000000,1772811000.0
1772811000.0,181.820007,182.404999,180.899994,181.710007,20012304.000000,1772814600.0
1772814600.0,181.718506,182.490005,181.029999,181.139999,17253066.000000,1772818200.0
1772818200.0,181.139999,181.824997,180.520004,181.460098,14392829.000000,1772821800.0
1772821800.0,181.449997,181.769897,180.190002,180.529999,15056438.000000,1772825400.0
1772825400.0,180.520004,180.770004,176.949997,177.130005,25886766.000000,1772829000.0
1772829000.0,177.139999,178.379898,176.820099,177.690002,26255790.000000,1772832600.0
1773063000.0,176.830002,178.509995,175.559998,178.110001,43221028.000000,1773066600.0
1773066600.0,178.089996,179.479996,177.990005,179.184998,19919743.000000,1773070200.0
1773070200.0,179.160004,180.627304,178.800003,180.490005,16780073.000000,1773073800.0
1773073800.0,180.490005,180.910004,179.179993,179.389999,15945158.000000,1773077400.0
1773077400.0,179.399994,180.220001,179.020004,179.910004,12583605.000000,1773081000.0
1773081000.0,179.899994,182.070007,179.289993,182.026093,21985315.000000,1773084600.0
1773084600.0,182.029999,182.910004,181.449997,182.639999,22182613.000000,1773088200.0
1773149400.0,182.399994,184.225006,182.010101,184.044998,36549411.000000,1773153000.0
1773153000.0,184.039993,186.440002,184.009995,185.949997,31283932.000000,1773156600.0
1773156600.0,185.970001,186.119995,185.049698,185.307693,19945381.000000,1773160200.0
1773160200.0,185.320007,186.225006,185.229996,186.134995,13122732.000000,1773163800.0
1773163800.0,186.130005,186.130005,184.100006,184.889893,17940859.000000,1773167400.0
1773167400.0,184.889999,185.270004,184.020004,184.399994,17479430.000000,1773171000.0
1773171000.0,184.399994,184.839996,183.250000,184.759995,20492139.000000,1773174600.0
1773235800.0,185.919998,187.619995,184.940002,186.910004,39795140.000000,1773239400.0
1773239400.0,186.890106,186.940002,185.060806,185.074997,20362143.000000,1773243000.0
1773243000.0,185.076096,185.806503,184.839996,185.554993,14151413.000000,1773246600.0
1773246600.0,185.550003,186.069901,185.250000,185.610001,10355965.000000,1773250200.0
1773250200.0,185.619995,185.699997,184.450104,185.154007,12728588.000000,1773253800.0
1773253800.0,185.160004,185.740005,185.020004,185.360001,10974433.000000,1773257400.0
1773257400.0,185.369904,186.039993,185.229996,186.009995,10325194.000000,1773261000.0
1773322200.0,184.050003,184.860001,182.050003,182.085007,36646581.000000,1773325800.0
1773325800.0,182.085007,182.960007,181.750000,182.880005,21123869.000000,1773329400.0
1773329400.0,182.869995,184.940002,182.770096,184.259995,21620770.000000,1773333000.0
1773333000.0,184.259995,184.720001,183.535004,183.759995,13929708.000000,1773336600.0
1773336600.0,183.770004,184.190002,183.169998,183.554993,12712518.000000,1773340200.0
1773340200.0,183.539993,183.619995,182.779999,183.440002,14025360.000000,1773343800.0
1773343800.0,183.434998,183.669998,182.720093,183.009995,12544443.000000,1773347400.0
1773408600.0,184.910004,186.089996,183.610001,183.922104,38715340.000000,1773412200.0
1773412200.0,183.925003,184.250000,181.660004,181.883408,27389127.000000,1773415800.0
1773415800.0,181.889999,182.250000,180.720001,181.139999,21151599.000000,1773419400.0
1773419400.0,181.134995,181.759995,180.929993,181.539993,14321948.000000,1773423000.0
1773423000.0,181.539993,181.589203,180.009995,180.544998,14153135.000000,1773426600.0
1773426600.0,180.539993,181.139999,180.279999,180.699997,14593908.000000,1773430200.0
1773430200.0,180.710007,180.824997,179.940002,180.264999,16337302.000000,1773433800.0
1773667800.0,182.970001,185.050003,182.874405,184.070007,25160321.000000,1773671400.0
1773671400.0,184.070007,184.919998,183.304993,184.727798,13947723.000000,1773675000.0
1773675000.0,184.720001,184.940002,183.630005,183.895004,10572265.000000,1773678600.0
1773678600.0,183.904999,185.059998,183.785004,184.760101,9780571.000000,1773682200.0
1773682200.0,184.770004,185.529999,184.270004,184.934998,12380863.000000,1773685800.0
1773685800.0,184.939896,188.869995,181.679993,181.833801,41293367.000000,1773689400.0
1773689400.0,181.850006,183.654999,181.410004,183.130005,18558112.000000,1773693000.0
1773754200.0,185.050003,185.399994,181.899994,183.089996,35838393.000000,1773757800.0
1773757800.0,183.080002,183.410004,182.240295,182.434998,36924089.000000,1773761400.0
1773761400.0,182.434998,183.100006,181.680405,182.698303,0.000000,1773765000.0
1773765000.0,182.699997,182.949997,181.869995,182.410004,43422500.000000,1773768600.0
1773768600.0,182.410004,183.470001,182.399994,183.039993,0.000000,1773772200.0
1773772200.0,183.029999,183.159897,182.059998,182.640106,10839212.000000,1773775800.0
1773775800.0,182.630096,182.929993,181.809998,181.960007,10549153.000000,1773779400.0
1773840600.0,182.490005,183.380005,180.729996,182.279495,27757729.000000,1773844200.0
1773844200.0,182.280594,183.235001,181.839996,182.539993,15580633.000000,1773847800.0
1773847800.0,182.539993,182.850006,182.320007,182.740005,9596417.000000,1773851400.0
1773851400.0,182.740005,182.755005,181.830002,182.070007,8508642.000000,1773855000.0
1773855000.0,182.070007,183.149994,181.820007,182.315002,10044595.000000,1773858600.0
1773858600.0,182.309998,182.395004,180.880005,181.244995,14439661.000000,1773862200.0
1773862200.0,181.229996,181.384995,180.330002,180.350006,9305558.000000,1773865800.0
1773927000.0,178.009995,178.399307,175.785004,177.589996,33648796.000000,1773930600.0
1773930600.0,177.589996,179.050003,177.554993,178.232193,15448637.000000,1773934200.0
1773934200.0,178.240005,178.940002,177.664993,178.785004,11424087.000000,1773937800.0
1773937800.0,178.789993,178.899994,177.559998,178.544998,41821467.000000,1773941400.0
1773941400.0,178.539993,179.240005,177.970001,178.969894,0.000000,1773945000.0
1773945000.0,178.979996,179.979996,178.089996,179.134995,13879376.000000,1773948600.0
1773948600.0,179.130005,179.149902,177.910004,178.500000,10911447.000000,1773952200.0
1774013400.0,178.000000,178.259995,175.429993,175.735001,54718351.000000,1774017000.0
1774017000.0,175.750000,176.250000,175.000000,175.695007,27274362.000000,1774020600.0
1774020600.0,175.699997,176.449997,175.559998,175.988495,14754297.000000,1774024200.0
1774024200.0,175.985001,175.985001,175.029999,175.070007,12073349.000000,1774027800.0
1774027800.0,175.065002,175.089996,173.960007,174.260101,20076641.000000,1774031400.0
1774031400.0,174.264999,174.339996,172.370102,172.429993,23159557.000000,1774035000.0
1774035000.0,172.425003,173.039993,171.725006,173.000000,24605650.000000,1774038600.0
1774272600.0,177.250000,178.227905,175.870102,177.875000,55566937.000000,1774276200.0
1774276200.0,177.865005,178.369995,177.229996,177.580002,23567711.000000,1774279800.0
1774279800.0,177.589996,177.770004,174.759995,174.809998,26157500.000000,1774283400.0
1774283400.0,174.815002,175.889999,174.803497,175.294998,14902798.000000,1774287000.0
1774287000.0,175.279999,176.410004,175.279999,176.104996,13473293.000000,1774290600.0
1774290600.0,176.100006,176.960007,176.089996,176.229996,15340354.000000,1774294200.0
1774294200.0,176.225006,176.699997,175.500000,175.509995,14875311.000000,1774297800.0
1774359000.0,174.761993,175.899902,173.979996,174.250000,31849095.000000,1774362600.0
1774362600.0,174.255005,176.160004,174.134995,175.615005,25114276.000000,1774366200.0
1774366200.0,175.610001,175.899399,174.919998,175.324997,14868329.000000,1774369800.0
1774369800.0,175.330002,175.479996,174.384995,174.707306,12064410.000000,1774373400.0
1774373400.0,174.699997,175.600006,174.419907,175.425003,11873453.000000,1774377000.0
1774377000.0,175.429993,176.220001,175.300003,175.514999,13983547.000000,1774380600.0
1774380600.0,175.517807,175.619995,174.860001,175.309998,13261358.000000,1774384200.0
1774445400.0,177.100006,180.309998,176.860001,180.059998,47087931.000000,1774449000.0
1774449000.0,180.050003,181.214996,179.199997,180.000000,31111269.000000,1774452600.0
1774452600.0,179.994995,180.055893,178.735001,179.119995,18161118.000000,1774456200.0
1774456200.0,179.110001,179.339706,178.509995,178.929993,12018365.000000,1774459800.0
1774459800.0,178.940002,179.570007,178.660004,179.020004,12686862.000000,1774463400.0
1774463400.0,179.020004,179.199997,177.830002,178.600006,15914397.000000,1774467000.0
1774467000.0,178.595001,179.119995,178.250000,178.669998,10187015.000000,1774470600.0
1774531800.0,176.169998,176.500000,174.809906,174.820007,36029353.000000,1774535400.0
1774535400.0,174.815002,175.159897,173.039993,174.070099,29537109.000000,1774539000.0
1774539000.0,174.065002,174.830002,173.705002,173.774994,18378166.000000,1774542600.0
1774542600.0,173.774994,174.000000,173.339996,173.540100,13236281.000000,1774546200.0
1774546200.0,173.539993,173.710007,171.839996,172.095001,22153880.000000,1774549800.0
1774549800.0,172.095001,172.500000,171.550003,172.125000,18593403.000000,1774553400.0
1774553400.0,172.123199,172.149994,171.139999,171.229996,17202750.000000,1774557000.0
1774618200.0,169.990005,170.970001,167.800003,167.850006,56166225.000000,1774621800.0
1774621800.0,167.830002,169.569901,167.550003,169.569901,27603646.000000,1774625400.0
1774625400.0,169.559998,169.940002,168.710007,168.820007,17521361.000000,1774629000.0
1774629000.0,168.809998,169.270004,167.830002,167.839996,16758151.000000,1774632600.0
1774632600.0,167.839996,168.240005,167.610001,168.000000,15062395.000000,1774636200.0
1774636200.0,168.005005,168.270004,167.220001,167.429993,17650366.000000,1774639800.0
1774639800.0,167.440002,167.929993,167.009995,167.460007,18119318.000000,1774643400.0
1774877400.0,168.735001,169.449997,166.210007,166.910004,44328928.000000,1774881000.0
1774881000.0,166.904999,168.250000,166.270004,167.005005,25106249.000000,1774884600.0
1774884600.0,167.000000,168.020004,166.350006,166.475006,19964516.000000,1774888200.0
1774888200.0,166.479996,166.919998,165.809998,165.875000,16368311.000000,1774891800.0
1774891800.0,165.869995,166.449997,165.589996,165.695007,14207997.000000,1774895400.0
1774895400.0,165.699997,166.070007,164.294998,164.463104,19702372.000000,1774899000.0
1774899000.0,164.464996,165.539993,164.270004,165.059998,18227730.000000,1774902600.0
1774963800.0,166.970001,171.074997,166.960007,170.979996,44954815.000000,1774967400.0
1774967400.0,170.979996,171.380005,169.559998,170.304993,25991642.000000,1774971000.0
1774971000.0,170.300003,171.279999,169.755005,171.050003,18531113.000000,1774974600.0
1774974600.0,171.050003,173.880005,170.755005,173.274994,33199113.000000,1774978200.0
1774978200.0,173.279999,173.729996,172.279999,173.264999,19348274.000000,1774981800.0
1774981800.0,173.259995,174.274994,173.020004,173.934998,21682792.000000,1774985400.0
1774985400.0,173.929993,174.619995,173.854996,174.380005,20307842.000000,1774989000.0
1775050200.0,176.000000,176.600006,174.759995,176.199997,46071243.000000,1775053800.0
1775053800.0,176.190002,177.115005,175.505005,176.485001,22675088.000000,1775057400.0
1775057400.0,176.479996,177.369995,176.399994,177.100006,15319849.000000,1775061000.0
1775061000.0,177.100006,177.164993,176.610001,176.664993,11191707.000000,1775064600.0
1775064600.0,176.664993,176.720001,174.869995,175.080002,16219900.000000,1775068200.0
1775068200.0,175.080002,176.320007,174.804993,176.009995,16485638.000000,1775071800.0
1775071800.0,176.005005,176.259995,175.500107,175.800003,11838090.000000,1775075400.0
1775136600.0,172.179993,175.100006,171.369995,174.044998,45441550.000000,1775140200.0
1775140200.0,174.029999,177.149994,173.919998,176.679993,24382227.000000,1775143800.0
1775143800.0,176.699997,177.020004,175.720001,176.125000,14120301.000000,1775147400.0
1775147400.0,176.119995,176.919998,175.770004,176.774994,9243660.000000,1775151000.0
1775151000.0,176.789993,177.050003,176.110107,176.539993,9736315.000000,1775154600.0
1775154600.0,176.550003,177.470001,176.520004,176.904999,12773281.000000,1775158200.0
1775158200.0,176.899994,177.479996,176.860001,177.399994,10781288.000000,1775161800.0
1775482200.0,177.080002,177.460007,175.759995,176.779999,31902106.000000,1775485800.0
1775485800.0,176.779999,176.955002,176.183502,176.486099,14423208.000000,1775489400.0
1775489400.0,176.490005,177.610001,176.449997,177.154999,10776969.000000,1775493000.0
1775493000.0,177.150101,177.440002,176.100006,176.934998,10043504.000000,1775496600.0
1775496600.0,176.932007,177.300003,176.445007,176.985001,10372408.000000,1775500200.0
1775500200.0,176.975006,177.419998,176.750000,177.220093,8384391.000000,1775503800.0
1775503800.0,177.220001,177.679993,177.074997,177.639999,8330957.000000,1775507400.0
1775568600.0,175.750000,176.990005,174.440002,175.080002,31133504.000000,1775572200.0
1775572200.0,175.089996,175.169998,173.660004,175.010101,18582815.000000,1775575800.0
1775575800.0,175.020004,175.949905,174.690002,175.410004,13773231.000000,1775579400.0
1775579400.0,175.399994,175.947098,175.279999,175.389999,9482355.000000,1775583000.0
1775583000.0,175.389999,176.179993,175.345001,175.699600,10391810.000000,1775586600.0
1775586600.0,175.695007,176.869995,174.980103,176.289993,13809826.000000,1775590200.0
1775590200.0,176.274994,178.205002,176.080002,178.095001,15240344.000000,1775593800.0
1775655000.0,184.449997,185.250000,181.255005,181.800003,51602936.000000,1775658600.0
1775658600.0,181.795105,181.929703,180.309998,181.300003,20915113.000000,1775662200.0
1775662200.0,181.300003,182.029999,181.130005,181.449997,11893338.000000,1775665800.0
1775665800.0,181.449997,181.809998,181.375000,181.445007,9159925.000000,1775669400.0
1775669400.0,181.445007,182.179993,181.294998,181.700302,10518995.000000,1775673000.0
1775673000.0,181.707596,182.050003,181.100006,181.705002,11151138.000000,1775676600.0
1775676600.0,181.699997,182.300003,181.649994,182.100006,11293205.000000,1775680200.0
1775741400.0,181.839996,182.259995,180.620102,181.625000,26761935.000000,1775745000.0
1775745000.0,181.610001,183.529999,181.389999,182.835007,18257065.000000,1775748600.0
1775748600.0,182.830002,183.960007,182.720001,183.535004,13985168.000000,1775752200.0
1775752200.0,183.529999,183.889999,183.100006,183.460007,9528547.000000,1775755800.0
1775755800.0,183.455002,183.739594,183.000000,183.100006,9518565.000000,1775759400.0
1775759400.0,183.080002,183.830002,182.919998,183.645004,9176370.000000,1775763000.0
1775763000.0,183.649994,184.080002,183.600006,183.850006,10974717.000000,1775766600.0
1775827800.0,184.419998,187.919998,184.300003,187.824997,41841686.000000,1775831400.0
1775831400.0,187.835007,190.000000,187.729996,189.479996,32319743.000000,1775835000.0
1775835000.0,189.485001,189.580002,188.095001,188.454697,17852756.000000,1775838600.0
1775838600.0,188.449997,188.619995,187.929993,188.147095,12587920.000000,1775842200.0
1775842200.0,188.139999,189.000000,187.960007,188.585007,10697184.000000,1775845800.0
1775845800.0,188.580002,189.690002,188.380096,189.389999,13701728.000000,1775849400.0
1775849400.0,189.384995,189.384995,188.110001,188.639999,14162426.000000,1775853000.0
1776087000.0,186.020004,188.479996,185.740005,188.419907,35943745.000000,1776090600.0
1776090600.0,188.410004,189.649994,188.134995,188.610794,18922601.000000,1776094200.0
1776094200.0,188.619995,188.899902,187.919998,188.445099,13963685.000000,1776097800.0
1776097800.0,188.440002,188.649902,187.850006,188.205002,11181831.000000,1776101400.0
1776101400.0,188.210007,188.419998,187.970001,188.019897,9120812.000000,1776105000.0
1776105000.0,188.009995,188.889999,187.990005,188.705002,10976974.000000,1776108600.0
1776108600.0,188.699997,189.455002,188.389999,189.210007,12534805.000000,1776112200.0
1776173400.0,190.830002,193.309998,190.800003,192.860001,43520464.000000,1776177000.0
1776177000.0,192.869995,193.729996,192.660004,193.445007,19306493.000000,1776180600.0
1776180600.0,193.445007,194.940002,193.330002,194.799896,18612294.000000,1776184200.0
1776184200.0,194.805893,194.990005,194.339996,194.725006,13990697.000000,1776187800.0
1776187800.0,194.729996,194.899994,194.389999,194.580002,8811868.000000,1776191400.0
1776191400.0,194.574997,196.339996,194.565002,196.209900,19309999.000000,1776195000.0
1776195000.0,196.199997,196.500000,195.570007,196.490005,16494329.000000,1776198600.0
1776259800.0,196.550003,199.580002,196.259995,199.240005,47272775.000000,1776263400.0
1776263400.0,199.259903,199.940002,199.020004,199.809998,23088432.000000,1776267000.0
1776267000.0,199.794998,200.399994,199.089996,199.125000,23311405.000000,1776270600.0
1776270600.0,199.120193,199.139999,196.139999,196.970001,22601798.000000,1776274200.0
1776274200.0,196.955002,197.710007,195.740005,196.969894,16412953.000000,1776277800.0
1776277800.0,196.960007,198.270004,196.952499,198.239899,14111714.000000,1776281400.0
1776281400.0,198.240005,199.169998,198.020004,198.867798,16516099.000000,1776285000.0
1776346200.0,197.429993,197.759995,195.809998,197.369995,34867030.000000,1776349800.0
1776349800.0,197.369995,199.850006,197.309998,199.009995,19694478.000000,1776353400.0
1776353400.0,199.020004,199.630005,198.400299,198.619995,14184255.000000,1776357000.0
1776357000.0,198.615005,198.850006,197.750000,198.414993,12103065.000000,1776360600.0
1776360600.0,198.417404,198.729904,197.300003,197.494995,11223279.000000,1776364200.0
1776364200.0,197.490005,198.389999,197.485001,198.119995,13497268.000000,1776367800.0
1776367800.0,198.119995,198.770004,198.095001,198.240005,11174544.000000,1776371400.0
1776432600.0,199.880005,201.679993,199.270004,200.375000,55123160.000000,1776436200.0
1776436200.0,200.375000,200.990005,200.020004,200.639999,17346281.000000,1776439800.0
1776439800.0,200.634995,201.399994,200.229996,200.690002,18546450.000000,1776443400.0
1776443400.0,200.699997,200.869995,199.470001,199.880005,13021821.000000,1776447000.0
1776447000.0,199.869995,200.885101,199.840103,200.649994,10962127.000000,1776450600.0
1776450600.0,200.660004,201.479996,200.550003,201.259995,11941766.000000,1776454200.0
1776454200.0,201.279999,201.699997,201.119995,201.649994,11970481.000000,1776457800.0
1776691800.0,199.979996,200.520004,198.419998,199.130005,31888414.000000,1776695400.0
1776695400.0,199.115005,199.419296,197.839706,199.270004,18660733.000000,1776699000.0
1776699000.0,199.259995,199.459900,198.419998,199.184998,12893600.000000,1776702600.0
1776702600.0,199.199997,199.800003,199.139999,199.529907,6997175.000000,1776706200.0
1776706200.0,199.529999,200.729996,199.449997,200.589996,13358656.000000,1776709800.0
1776709800.0,200.600006,201.240005,200.380005,201.130005,10484052.000000,1776713400.0
1776713400.0,201.130005,202.160004,201.089996,202.110001,12574882.000000,1776717000.0
1776778200.0,202.130005,202.750000,200.839996,201.889999,26931641.000000,1776781800.0
1776781800.0,201.889999,202.050003,200.570908,201.050003,13287102.000000,1776785400.0
1776785400.0,201.059998,201.380005,199.869995,199.895004,11146811.000000,1776789000.0
1776789000.0,199.889999,200.319107,199.000000,199.320007,10479999.000000,1776792600.0
1776792600.0,199.340103,200.380005,199.259995,199.931000,10018449.000000,1776796200.0
1776796200.0,199.949997,200.970001,199.949997,200.957001,9959608.000000,1776799800.0
1776799800.0,200.960007,201.160004,199.179993,199.910004,11675449.000000,1776803400.0
1776864600.0,201.000000,201.100006,199.320007,200.360001,25702217.000000,1776868200.0
1776868200.0,200.350098,201.869995,200.289993,201.600906,16102669.000000,1776871800.0
1776871800.0,201.600006,201.699997,200.929993,201.095001,8980435.000000,1776875400.0
1776875400.0,201.089996,201.979996,200.949997,201.744995,8787583.000000,1776879000.0
1776879000.0,201.759995,202.487503,201.619995,201.664993,11135412.000000,1776882600.0
1776882600.0,201.664993,202.020004,201.229996,201.675003,9664746.000000,1776886200.0
1776886200.0,201.669907,202.500000,201.595001,202.419998,11389298.000000,1776889800.0
1776951000.0,202.399994,203.828995,201.104996,201.760101,27402057.000000,1776954600.0
1776954600.0,201.788803,203.110001,201.760101,202.508499,12933498.000000,1776958200.0
1776958200.0,202.505005,202.720001,200.960007,201.106293,12307243.000000,1776961800.0
1776961800.0,201.104996,201.910004,199.210007,199.434998,11762619.000000,1776965400.0
1776965400.0,199.449997,200.139999,197.220596,199.139999,16660403.000000,1776969000.0
1776969000.0,199.139999,199.649994,198.185303,199.110001,8347959.000000,1776972600.0
1776972600.0,199.119995,199.710007,198.699997,199.710007,8139245.000000,1776976200.0
1777037400.0,199.960007,203.220001,199.809998,202.604996,36820806.000000,1777041000.0
1777041000.0,202.604996,209.740005,202.479996,208.915894,53306667.000000,1777044600.0
1777044600.0,208.919693,210.000000,208.330002,209.574997,31167268.000000,1777048200.0
1777048200.0,209.574997,210.949997,209.029999,209.330002,23047260.000000,1777051800.0
1777051800.0,209.309998,209.720001,208.149994,208.192703,14007833.000000,1777055400.0
1777055400.0,208.184998,209.279007,207.684998,208.518005,18107042.000000,1777059000.0
1777059000.0,208.509995,208.610001,207.550003,208.190002,16073082.000000,1777062600.0
1777296600.0,209.645004,211.949997,208.399994,208.695007,46698474.000000,1777300200.0
1777300200.0,208.699997,209.929993,207.380005,209.880005,18121354.000000,1777303800.0
1777303800.0,209.889999,211.639999,209.770004,211.455002,16541416.000000,1777307400.0
1777307400.0,211.460007,214.259995,211.404999,213.610001,25911233.000000,1777311000.0
1777311000.0,213.619995,216.259995,213.580002,215.699997,24409920.000000,1777314600.0
1777314600.0,215.664993,216.380005,214.820007,215.490005,20512380.000000,1777318200.0
1777318200.0,215.485001,216.820007,215.300003,216.630005,15881349.000000,1777321800.0
1777383000.0,209.505005,213.669998,208.199997,212.375000,57845453.000000,1777386600.0
1777386600.0,212.369995,212.740005,208.350006,209.100006,28861244.000000,1777390200.0
1777390200.0,209.109894,210.654999,208.589996,210.110001,15869340.000000,1777393800.0
1777393800.0,210.100006,210.955002,209.309998,210.789993,12687956.000000,1777397400.0
1777397400.0,210.789993,213.000000,210.785004,212.845001,13579691.000000,1777401000.0
1777401000.0,212.849899,214.729996,212.470001,214.065002,20176181.000000,1777404600.0
1777404600.0,214.059998,214.429993,213.000000,213.149994,12274582.000000,1777408200.0
1777469400.0,212.714996,212.714996,209.750000,211.110001,29242173.000000,1777473000.0
1777473000.0,211.110001,211.949997,210.375000,210.800003,14808343.000000,1777476600.0
1777476600.0,210.809998,211.399994,209.660004,209.669998,12425477.000000,1777480200.0
1777480200.0,209.660004,209.860001,208.559998,209.436996,12347642.000000,1777483800.0
1777483800.0,209.449997,209.690002,207.594193,208.044998,11516524.000000,1777487400.0
1777487400.0,208.050003,209.500000,207.575806,209.324997,12533817.000000,1777491000.0
1777491000.0,209.309998,209.440002,208.679993,209.300003,10885625.000000,1777494600.0
1777555800.0,209.938995,210.300003,199.779999,200.615005,0.000000,1777559400.0
1777559400.0,200.610001,202.460007,198.699997,201.320999,95178344.000000,1777563000.0
1777563000.0,201.300003,201.820007,199.419998,200.139999,20337941.000000,1777566600.0
1777566600.0,200.145004,201.050003,199.320007,200.479996,16011537.000000,1777570200.0
1777570200.0,200.479996,201.729996,200.259995,200.774994,15835799.000000,1777573800.0
1777573800.0,200.770004,202.000000,200.740005,200.820007,17412627.000000,1777577400.0
1777577400.0,200.589996,201.008499,199.500000,199.529999,19896461.000000,1777581000.0
1777642200.0,201.279999,203.000000,199.139999,199.300003,34778609.000000,1777645800.0
1777645800.0,199.304993,200.050003,197.119995,198.929993,23090131.000000,1777649400.0
1777649400.0,198.929993,199.850006,198.479996,198.654999,12209876.000000,1777653000.0
1777653000.0,198.642395,200.199997,198.559998,199.850006,9257551.000000,1777656600.0
1777656600.0,199.850006,200.289993,198.929993,199.130096,8524694.000000,1777660200.0
1777660200.0,199.130005,199.830002,198.179993,199.714996,12173166.000000,1777663800.0
1777663800.0,199.720001,199.919998,198.220001,198.419998,11233757.000000,1777667400.0
1777901400.0,198.520004,201.729996,197.339996,197.375000,34264236.000000,1777905000.0
1777905000.0,197.380005,198.399994,194.740005,195.755997,21273947.000000,1777908600.0
1777908600.0,195.800003,196.589401,194.860001,196.220001,16464990.000000,1777912200.0
1777912200.0,196.229797,197.820007,196.110001,197.300003,9864130.000000,1777915800.0
1777915800.0,197.289993,199.199997,196.910004,198.229996,12056404.000000,1777919400.0
1777919400.0,198.240005,198.729996,197.350006,198.639999,10678723.000000,1777923000.0
1777923000.0,198.630005,199.179993,198.000000,198.559998,9210772.000000,1777926600.0
1777987800.0,199.300003,200.240005,197.500000,198.524994,30544680.000000,1777991400.0
1777991400.0,198.520096,198.699997,196.660004,197.030197,16517108.000000,1777995000.0
1777995000.0,197.035004,198.500000,196.830093,197.975006,11108809.000000,1777998600.0
1777998600.0,197.969894,198.100006,197.149994,197.785004,7386811.000000,1778002200.0
1778002200.0,197.785004,197.979996,196.990005,197.500000,8102043.000000,1778005800.0
1778005800.0,197.500000,197.649994,196.240005,196.309998,11553147.000000,1778009400.0
1778009400.0,196.304993,196.600006,196.029999,196.500000,9641519.000000,1778013000.0
1778074200.0,199.809998,205.649994,198.610001,203.949997,57596744.000000,1778077800.0
1778077800.0,203.969406,206.799896,203.509995,206.350006,22958803.000000,1778081400.0
1778081400.0,206.380005,207.179993,204.600006,205.269897,16072083.000000,1778085000.0
1778085000.0,205.259995,205.520004,203.949997,205.069901,11073902.000000,1778088600.0
1778088600.0,205.070007,207.210007,204.960098,207.020004,12300158.000000,1778092200.0
1778092200.0,207.038803,208.050003,206.513000,207.619995,16853634.000000,1778095800.0
1778095800.0,207.610001,208.264999,206.889999,207.664993,17143139.000000,1778099400.0
1778160600.0,208.315002,214.029999,206.500000,213.130005,51861512.000000,1778164200.0
1778164200.0,213.130005,214.199997,210.729996,211.955994,25332727.000000,1778167800.0
1778167800.0,211.985001,213.860001,210.619995,213.574997,20878239.000000,1778171400.0
1778171400.0,213.570007,214.149994,210.949997,212.000000,15159207.000000,1778175000.0
1778175000.0,211.949997,213.198807,211.440002,212.788498,13016590.000000,1778178600.0
1778178600.0,212.770004,213.259995,211.419998,212.029999,11919279.000000,1778182200.0
1778182200.0,212.030701,212.580002,211.229996,211.509995,10318267.000000,1778185800.0
1778247000.0,213.029999,217.800003,212.889999,215.289993,43322899.000000,1778250600.0
1778250600.0,215.311203,216.800003,214.309998,216.259995,18072660.000000,1778254200.0
1778254200.0,216.279999,217.199997,215.160004,215.889999,13308112.000000,1778257800.0
1778257800.0,215.899994,216.099899,215.009995,215.675003,8779609.000000,1778261400.0
1778261400.0,215.684998,215.804993,214.850006,215.363007,8972004.000000,1778265000.0
1778265000.0,215.369995,215.820007,214.824997,214.850006,9641300.000000,1778268600.0
1778268600.0,214.850006,215.470001,214.679993,215.210007,11516279.000000,1778272200.0
1778506200.0,213.929993,220.899994,213.929993,217.970001,48204003.000000,1778509800.0
1778509800.0,217.985001,222.289993,217.369995,221.985001,29227300.000000,1778513400.0
1778513400.0,221.985001,222.300003,220.970001,221.988800,14795865.000000,1778517000.0
1778517000.0,221.981094,222.089996,219.880005,220.764999,11200648.000000,1778520600.0
1778520600.0,220.720001,221.440002,220.369995,221.428894,8563105.000000,1778524200.0
1778524200.0,221.410004,221.565002,218.940002,219.139999,12472914.000000,1778527800.0
1778527800.0,219.145004,219.589996,218.919998,219.479996,10509450.000000,1778531400.0
1778592600.0,218.544998,223.750000,217.009995,218.919998,45254879.000000,1778596200.0
1778596200.0,218.895004,219.100006,215.009995,215.460007,27061151.000000,1778599800.0
1778599800.0,215.419998,218.259995,215.139999,217.505005,15568727.000000,1778603400.0
1778603400.0,217.519897,218.089996,215.529999,217.720001,15677842.000000,1778607000.0
1778607000.0,217.720001,219.199997,217.669998,218.960007,9893599.000000,1778610600.0
1778610600.0,218.949997,221.139999,218.891693,220.729996,14638529.000000,1778614200.0
1778614200.0,220.740005,221.739899,220.149994,220.869995,12903996.000000,1778617800.0
1778679000.0,224.929993,227.160004,221.565308,224.440002,46864063.000000,1778682600.0
1778682600.0,224.460007,227.570007,223.699997,226.210007,24274192.000000,1778686200.0
1778686200.0,226.220001,227.839996,225.710007,227.330002,15288462.000000,1778689800.0
1778689800.0,227.300003,227.649994,226.660004,226.949997,10556665.000000,1778693400.0
1778693400.0,226.930099,227.429993,225.410004,226.960007,12329697.000000,1778697000.0
1778697000.0,226.960007,227.199997,226.300003,226.780106,9649273.000000,1778700600.0
1778700600.0,226.785095,226.809998,225.080002,225.869995,11059959.000000,1778704200.0
1778765400.0,229.729996,234.149994,229.350006,233.029999,58278680.000000,1778769000.0
1778769000.0,233.035004,236.050003,232.850006,235.039993,28689833.000000,1778772600.0
1778772600.0,235.070007,236.470001,234.570007,234.740097,19533747.000000,1778776200.0
1778776200.0,234.750000,235.911896,232.679993,234.125000,16396698.000000,1778779800.0
1778779800.0,234.110001,235.559998,233.750000,235.500702,11848175.000000,1778783400.0
1778783400.0,235.514999,236.539993,235.104996,235.630005,14911897.000000,1778787000.0
1778787000.0,235.610001,236.027496,235.139999,235.744995,12204261.000000,1778790600.0
1778851800.0,229.750000,230.050003,224.250000,226.604996,60322891.000000,1778855400.0
1778855400.0,226.660004,227.919907,225.679993,227.764999,16262111.000000,1778859000.0
1778859000.0,227.789993,229.179993,227.059998,228.300003,13927816.000000,1778862600.0
1778862600.0,228.319901,229.300003,227.630005,229.160095,10929378.000000,1778866200.0
1778866200.0,229.160004,231.500000,229.120102,229.849792,14668215.000000,1778869800.0
1778869800.0,229.539993,229.850006,226.710007,227.044998,14566675.000000,1778873400.0
1778873400.0,227.050003,227.550003,224.889999,225.229996,17202887.000000,1778877000.0
1779111000.0,229.820007,230.000000,222.419998,222.824997,45078463.000000,1779114600.0
1779114600.0,222.809998,223.429993,220.570007,221.679993,22071339.000000,1779118200.0
1779118200.0,221.600006,223.349899,220.259995,220.410004,11933786.000000,1779121800.0
1779121800.0,220.419998,222.539993,219.640198,221.479996,13115109.000000,1779125400.0
1779125400.0,221.470001,221.850006,219.220001,219.919998,10811721.000000,1779129000.0
1779129000.0,219.929993,221.649994,218.369995,220.184998,16325602.000000,1779132600.0
1779132600.0,220.190094,222.350006,220.119995,222.350006,11289743.000000,1779136200.0
1779197400.0,219.735001,223.330002,217.910004,218.574997,35894972.000000,1779201000.0
1779201000.0,218.600006,221.600006,218.149994,220.514999,16710773.000000,1779204600.0
1779204600.0,220.490005,222.009995,220.199997,221.904999,12185522.000000,1779208200.0
1779208200.0,221.860001,224.479996,221.750107,223.345001,13301572.000000,1779211800.0
1779211800.0,223.310104,224.130005,222.070007,222.649994,11000826.000000,1779215400.0
1779215400.0,222.639999,223.130005,221.190002,221.895996,11082503.000000,1779219000.0
1779219000.0,221.919998,222.479996,219.000000,220.630005,14725529.000000,1779222600.0
1779283800.0,223.100006,225.070007,220.494995,224.339905,41070380.000000,1779287400.0
1779287400.0,224.350006,226.130005,223.850006,225.244995,20816958.000000,1779291000.0
1779291000.0,225.250000,225.639999,223.800003,224.260101,12753450.000000,1779294600.0
1779294600.0,224.279999,225.119995,224.089996,224.919998,9989295.000000,1779298200.0
1779298200.0,224.919998,225.160004,223.860001,224.270004,10660551.000000,1779301800.0
1779301800.0,224.264999,224.319901,222.030701,222.880005,16972518.000000,1779305400.0
1779305400.0,222.889206,223.649994,222.589996,223.434998,15836751.000000,1779309000.0
1779370200.0,222.199997,227.399902,218.350006,218.970001,79656346.000000,1779373800.0
1779373800.0,218.929993,220.100006,217.929993,218.854996,26986727.000000,1779377400.0
1779377400.0,218.865005,220.324997,218.350006,219.535004,16169724.000000,1779381000.0
1779381000.0,219.539993,222.369995,218.929993,221.119904,16107400.000000,1779384600.0
1779384600.0,221.110001,221.850006,219.779999,220.259995,14242485.000000,1779388200.0
1779388200.0,220.250000,220.449997,218.619995,220.330002,18585308.000000,1779391800.0
1779391800.0,220.320007,220.630005,219.110001,219.500000,12663419.000000,1779395400.0
1779456600.0,220.904007,221.009995,215.160004,216.330002,50485470.000000,1779460200.0
1779460200.0,216.337006,218.304993,216.009995,218.154999,19893580.000000,1779463800.0
1779463800.0,218.149994,218.320007,216.710007,217.100006,13352896.000000,1779467400.0
1779467400.0,217.110001,218.490005,216.410004,218.240005,13514273.000000,1779471000.0
1779471000.0,218.240204,218.289993,215.449997,216.044998,16717248.000000,1779474600.0
1779474600.0,216.039993,216.330002,214.860001,215.335007,20907915.000000,1779478200.0
1779478200.0,215.324997,215.940002,215.110001,215.250000,13884597.000000,1779481800.0
1779802200.0,216.577499,217.699997,214.279999,217.570099,48336162.000000,1779805800.0
1779805800.0,217.600006,218.179993,213.610107,214.429993,25453169.000000,1779809400.0
1779809400.0,214.440002,214.759995,212.000000,213.100006,20920540.000000,1779813000.0
1779813000.0,213.119995,214.117004,212.882996,213.643005,11456634.000000,1779816600.0
1779816600.0,213.639999,214.449997,212.903305,213.884995,12363737.000000,1779820200.0
1779820200.0,213.884995,214.039993,212.839996,213.608002,12901212.000000,1779823800.0
1779823800.0,213.604996,214.860001,213.460007,214.830002,12961311.000000,1779827400.0
1779888600.0,214.119995,214.139999,209.489395,209.919998,50952450.000000,1779892200.0
1779892200.0,209.929993,210.389999,208.779999,209.789993,20195747.000000,1779895800.0
1779895800.0,209.800003,211.110001,209.335007,210.689896,15861098.000000,1779899400.0
1779899400.0,210.679993,212.119995,210.315002,211.970001,13301084.000000,1779903000.0
1779903000.0,211.970001,213.289993,211.800003,213.199997,12953088.000000,1779906600.0
1779906600.0,213.179993,213.320007,212.119995,212.440002,12247580.000000,1779910200.0
1779910200.0,212.449997,213.259995,212.160004,212.580002,10427471.000000,1779913800.0
1779975000.0,211.274994,214.289993,211.222000,212.451294,34321042.000000,1779978600.0
1779978600.0,212.470001,213.149994,211.509995,212.669998,15883778.000000,1779982200.0
1779982200.0,212.679993,213.320007,212.100006,212.994995,12354616.000000,1779985800.0
1779985800.0,212.997498,213.975006,212.449997,213.229996,11604811.000000,1779989400.0
1779989400.0,213.246002,215.519104,212.929993,214.380005,16226317.000000,1779993000.0
1779993000.0,214.364594,214.896896,213.860001,214.100006,11783954.000000,1779996600.0
1779996600.0,214.119995,214.490005,213.770004,214.300003,7963820.000000,1780000200.0
1780061400.0,214.449997,217.350006,212.809998,215.919998,40543469.000000,1780065000.0
1780065000.0,215.914993,217.020004,214.360001,215.389999,19932251.000000,1780068600.0
1780068600.0,215.419998,217.119995,214.770004,215.989899,11951156.000000,1780072200.0
1780072200.0,215.990005,217.520004,215.789902,216.279999,11200176.000000,1780075800.0
1780075800.0,216.289993,217.050003,215.289993,216.970001,11436702.000000,1780079400.0
1780079400.0,217.000000,217.859894,216.450302,216.990005,15770699.000000,1780083000.0
1780083000.0,216.994995,217.449997,211.130005,211.149994,37566793.000000,1780086600.0
1780320600.0,215.779999,222.169998,215.705002,221.369995,69982504.000000,1780324200.0
1780324200.0,221.339996,222.089996,218.990005,219.399994,24378990.000000,1780327800.0
1780327800.0,219.389999,222.369995,219.330002,221.949997,17133641.000000,1780331400.0
1780331400.0,221.940002,222.399994,220.970001,221.960007,15498968.000000,1780335000.0
1780335000.0,221.960007,224.660004,221.529999,224.615997,20858418.000000,1780338600.0
1780338600.0,224.610001,224.869995,223.669998,224.000000,17259685.000000,1780342200.0
1780342200.0,223.980698,224.434998,222.399994,224.419998,14416592.000000,1780345800.0
1780407000.0,227.190002,232.279999,225.050003,228.529907,63909850.000000,1780410600.0
1780410600.0,228.509995,228.949997,225.350098,225.938995,25956281.000000,1780414200.0
1780414200.0,225.949905,226.865005,224.149994,224.850006,18776428.000000,1780417800.0
1780417800.0,224.830002,225.630005,223.860001,224.160095,14668900.000000,1780421400.0
1780421400.0,224.161697,224.210007,222.559998,222.979996,15089002.000000,1780425000.0
1780425000.0,222.970001,223.466003,221.899994,222.630005,13667953.000000,1780428600.0
1780428600.0,222.619995,222.949997,221.350006,222.820007,12789493.000000,1780432200.0
1780493400.0,221.684998,222.820007,215.389999,216.169998,51590417.000000,1780497000.0
1780497000.0,216.169998,216.774994,214.580002,216.279999,21547548.000000,1780500600.0
1780500600.0,216.270004,217.550003,215.470001,215.639999,14790315.000000,1780504200.0
1780504200.0,215.630005,216.100006,214.820007,215.764999,11832778.000000,1780507800.0
1780507800.0,215.774994,216.080002,215.229996,215.994995,8460342.000000,1780511400.0
1780511400.0,215.994995,216.698593,215.009995,215.289993,10509694.000000,1780515000.0
1780515000.0,215.279999,215.940002,214.520004,214.835007,17490269.000000,1780518600.0
1780579800.0,213.904999,215.729996,210.970001,213.489899,42925735.000000,1780583400.0
1780583400.0,213.460007,216.210007,213.220001,215.976700,19099921.000000,1780587000.0
1780587000.0,215.985001,218.289993,215.679993,217.639801,22718163.000000,1780590600.0
1780590600.0,217.634995,219.469894,217.300003,218.850098,17539276.000000,1780594200.0
1780594200.0,218.860001,220.929993,218.720001,220.739899,14832395.000000,1780597800.0
1780597800.0,220.735001,221.600006,219.960007,220.220001,15369201.000000,1780601400.0
1780601400.0,220.229996,220.419998,214.750000,218.714996,12594102.000000,1780605000.0
1780666200.0,214.429993,214.869995,210.990005,211.255005,42751920.000000,1780669800.0
1780669800.0,211.240906,212.139999,208.490005,208.710007,25918107.000000,1780673400.0
1780673400.0,208.699997,209.380005,207.530106,208.729996,22985163.000000,1780677000.0
1780677000.0,208.749496,208.800003,206.639999,207.744995,22499860.000000,1780680600.0
1780680600.0,207.695007,208.970001,205.789993,206.014999,18338072.000000,1780684200.0
1780684200.0,206.009995,206.389999,204.339996,206.380005,26780351.000000,1780687800.0
1780687800.0,206.389893,206.759995,205.080002,205.104996,21464295.000000,1780691400.0
1780925400.0,210.179993,210.389893,206.000000,207.824997,44382183.000000,1780929000.0
1780929000.0,207.835007,208.899994,207.470001,207.669998,15007967.000000,1780932600.0
1780932600.0,207.669998,209.749100,207.179993,208.574997,14875777.000000,1780936200.0
1780936200.0,208.595001,208.960007,207.649994,208.610001,10832899.000000,1780939800.0
1780939800.0,208.589996,209.619995,208.047699,209.250000,8862843.000000,1780943400.0
1780943400.0,209.259995,209.350006,207.369995,207.815002,9310979.000000,1780947000.0
1780947000.0,207.835007,208.750000,207.669998,208.610001,9766347.000000,1780950600.0
1781011800.0,210.615005,211.389999,205.889999,206.975006,35104582.000000,1781015400.0
1781015400.0,206.960098,207.580002,203.309998,203.399994,20627423.000000,1781019000.0
1781019000.0,203.419998,205.529999,200.050003,201.479996,28728496.000000,1781022600.0
1781022600.0,201.470001,204.249893,199.339996,203.899994,24499652.000000,1781026200.0
1781026200.0,203.899994,206.460007,203.669998,206.457397,15381214.000000,1781029800.0
1781029800.0,206.440002,207.460007,204.539993,205.929993,18062171.000000,1781033400.0
1781033400.0,205.919998,208.279999,205.395004,208.190002,14414185.000000,1781037000.0
1781098200.0,204.425003,207.220001,204.304993,206.195007,37809466.000000,1781101800.0
1781101800.0,206.130005,206.820007,201.610001,202.725006,24089224.000000,1781105400.0
1781105400.0,202.725006,203.860001,201.869995,202.865005,16258127.000000,1781109000.0
1781109000.0,202.850006,203.949997,202.009995,202.509995,11358542.000000,1781112600.0
1781112600.0,202.520004,203.460007,201.865005,202.259995,12025403.000000,1781116200.0
1781116200.0,202.259995,202.354996,199.919998,200.206696,17915177.000000,1781119800.0
1781119800.0,200.210007,201.880005,200.130005,200.339996,15284450.000000,1781123400.0
1781184600.0,201.395004,203.649994,201.080002,202.345001,32266655.000000,1781188200.0
1781188200.0,202.360001,203.000000,199.539993,200.699997,16495119.000000,1781191800.0
1781191800.0,200.669998,202.044998,200.479996,201.330002,11152450.000000,1781195400.0
1781195400.0,201.315002,202.860001,199.710693,202.809998,12220334.000000,1781199000.0
1781199000.0,202.824997,204.470001,201.639999,202.759995,19155650.000000,1781202600.0
1781202600.0,202.789902,204.660004,201.979004,204.470001,15806431.000000,1781206200.0
1781206200.0,204.479996,205.660004,204.141998,204.669998,18111343.000000,1781209800.0
1781271000.0,204.729996,206.679993,203.438507,205.690002,28371615.000000,1781274600.0
1781274600.0,205.660004,207.070007,203.950195,206.955002,15070173.000000,1781278200.0
1781278200.0,206.960007,206.999695,203.910004,204.998993,14030065.000000,1781281800.0
1781281800.0,204.970001,205.580002,204.342697,205.029999,8790409.000000,1781285400.0
1781285400.0,205.069504,205.550003,204.195007,204.919998,8646872.000000,1781289000.0
1781289000.0,204.929993,205.324997,204.589996,204.750000,9541207.000000,1781292600.0
1781292600.0,204.720001,205.279999,203.910004,205.130005,10118712.000000,1781296200.0
1781530200.0,208.854996,210.990005,208.339996,209.395004,35221336.000000,1781533800.0
1781533800.0,209.399994,211.389999,209.229996,211.164993,18300746.000000,1781537400.0
1781537400.0,211.164993,212.710693,210.830002,212.345001,15277982.000000,1781541000.0
1781541000.0,212.350006,212.669998,211.852997,212.529999,8737594.000000,1781544600.0
1781544600.0,212.520004,212.649994,211.419998,211.940002,8729960.000000,1781548200.0
1781548200.0,211.960007,212.559998,211.619995,211.660004,10839617.000000,1781551800.0
1781551800.0,211.649994,212.600006,211.289993,212.460007,11139647.000000,1781555400.0
1781616600.0,211.115005,211.460007,208.550003,209.070007,30034891.000000,1781620200.0
1781620200.0,209.074997,210.320007,208.530106,209.149994,14305358.000000,1781623800.0
1781623800.0,209.160004,209.720001,208.522995,209.285004,13369494.000000,1781627400.0
1781627400.0,209.289993,209.320007,208.279999,209.100006,8556136.000000,1781631000.0
1781631000.0,209.095001,209.820007,208.860001,209.450104,6300814.000000,1781634600.0
1781634600.0,209.450104,209.494995,208.070007,208.930099,9483751.000000,1781638200.0
1781638200.0,208.929993,209.100006,207.289993,207.289993,12123602.000000,1781641800.0
1781703000.0,208.529999,209.210007,206.740005,207.894394,22060313.000000,1781706600.0
1781706600.0,207.899994,207.929993,205.919998,206.449997,16048970.000000,1781710200.0
1781710200.0,206.440002,207.659897,206.039993,207.429993,10199498.000000,1781713800.0
1781713800.0,207.425003,207.639999,206.600006,207.363998,6314626.000000,1781717400.0
1781717400.0,207.380005,207.910004,205.300003,205.964996,15129654.000000,1781721000.0
1781721000.0,205.960007,207.679993,204.440002,204.720001,15933371.000000,1781724600.0
1781724600.0,204.710007,205.169998,203.449997,204.677994,13761435.000000,1781728200.0
1781789400.0,207.274994,209.869995,206.500000,209.130096,51088536.000000,1781793000.0
1781793000.0,209.130005,209.779999,208.570007,208.884995,15929835.000000,1781796600.0
1781796600.0,208.899994,210.110001,207.639999,209.985001,14486519.000000,1781800200.0
1781800200.0,209.985001,211.199997,209.880005,210.059998,14248546.000000,1781803800.0
1781803800.0,210.065002,210.539993,209.610001,210.195007,10363083.000000,1781807400.0
1781807400.0,210.190002,210.500000,209.580093,209.854996,10980653.000000,1781811000.0
1781811000.0,209.850006,211.389999,209.520004,210.229996,15910016.000000,1781814600.0
1782135000.0,211.445007,213.990005,210.789993,211.110001,32277192.000000,1782138600.0
1782138600.0,211.119995,211.139999,208.619995,209.830002,18584286.000000,1782142200.0
1782142200.0,209.830002,210.889999,209.170593,209.764999,12023919.000000,1782145800.0
1782145800.0,209.759995,209.919998,208.880005,208.990005,7509506.000000,1782149400.0
1782149400.0,208.992004,209.270004,208.449997,208.750000,8350932.000000,1782153000.0
1782153000.0,208.759995,209.134995,207.949997,208.009995,9381436.000000,1782156600.0
1782156600.0,208.000107,208.850006,207.720001,208.559998,10038649.000000,1782160200.0
1782221400.0,200.804993,203.770004,200.039993,203.059998,36782681.000000,1782225000.0
1782225000.0,203.092804,203.449997,200.429993,200.764999,16748004.000000,1782228600.0
1782228600.0,200.759995,202.960999,200.619995,202.229996,12290930.000000,1782232200.0
1782232200.0,202.240005,202.800003,201.750000,202.509995,8274401.000000,1782235800.0
1782235800.0,202.500000,202.619995,201.440002,201.654999,7733859.000000,1782239400.0
1782239400.0,201.649994,201.718704,200.300003,201.225006,12239934.000000,1782243000.0
1782243000.0,201.210007,201.470001,200.000000,200.020996,16532889.000000,1782246600.0
1782307800.0,200.070007,201.649994,198.600006,199.869995,28008146.000000,1782311400.0
1782311400.0,199.879898,201.509995,199.869995,200.910004,12449494.000000,1782315000.0
1782315000.0,200.904999,201.250000,200.410004,200.735001,7326519.000000,1782318600.0
1782318600.0,200.740005,200.740005,197.860001,197.960007,13148832.000000,1782322200.0
1782322200.0,197.979004,198.770004,197.329895,198.570007,13660727.000000,1782325800.0
1782325800.0,198.585007,198.729996,196.580002,197.740005,14947301.000000,1782329400.0
1782329400.0,197.740005,199.229996,196.950104,199.089996,16049039.000000,1782333000.0
1782394200.0,199.964996,200.309998,192.130005,194.490005,44951770.000000,1782397800.0
1782397800.0,194.490097,196.679993,194.270004,195.169998,18843470.000000,1782401400.0
1782401400.0,195.179993,197.100006,195.120102,196.000000,12255382.000000,1782405000.0
1782405000.0,196.000000,196.014999,194.509995,195.395004,8772904.000000,1782408600.0
1782408600.0,195.399994,195.847595,193.724594,195.759995,11232048.000000,1782412200.0
1782412200.0,195.770004,195.770004,193.703293,194.380005,10930247.000000,1782415800.0
1782415800.0,194.369995,195.960007,193.899902,195.740005,13648157.000000,1782419400.0
1782480600.0,193.104996,194.529999,191.220001,193.720001,28961043.000000,1782484200.0
1782484200.0,193.733994,193.929993,192.485001,193.630005,14567534.000000,1782487800.0
1782487800.0,193.639999,195.250000,193.600006,194.169998,13745368.000000,1782491400.0
1782491400.0,194.169907,195.179993,193.930099,195.035004,9918426.000000,1782495000.0
1782495000.0,195.035004,195.550003,193.919998,194.020004,12982807.000000,1782498600.0
1782498600.0,194.024994,194.520004,193.399994,193.949997,11624906.000000,1782502200.0
1782502200.0,193.979996,195.179993,191.710007,191.720001,16613227.000000,1782505800.0
1782739800.0,192.125000,196.169998,189.800003,192.699997,38602241.000000,1782743400.0
1782743400.0,192.720001,195.119995,192.580002,194.259995,21746232.000000,1782747000.0
1782747000.0,194.270004,194.369995,192.750107,192.835007,12981698.000000,1782750600.0
1782750600.0,192.839996,194.789993,192.711197,194.669998,9754484.000000,1782754200.0
1782754200.0,194.669998,195.059998,193.690002,193.800003,8884834.000000,1782757800.0
1782757800.0,193.824997,194.869995,193.759995,194.710007,9205080.000000,1782761400.0
1782761400.0,194.710007,195.179993,194.520004,194.899994,13323532.000000,1782765000.0
1782826200.0,197.195007,199.059906,195.110001,197.699997,32380246.000000,1782829800.0
1782829800.0,197.720001,198.645004,196.429993,198.240005,12211124.000000,1782833400.0
1782833400.0,198.240005,198.649994,197.800003,197.949997,9172896.000000,1782837000.0
1782837000.0,197.949997,198.559998,197.645004,198.210007,8237126.000000,1782840600.0
1782840600.0,198.210007,199.469604,198.059998,198.929993,9699758.000000,1782844200.0
1782844200.0,198.929993,199.414993,198.100006,199.279999,14391369.000000,1782847800.0
1782847800.0,199.270004,200.630005,198.369995,199.770004,22100545.000000,1782851400.0
1782912600.0,196.169998,196.570007,193.449997,196.199997,33832957.000000,1782916200.0
1782916200.0,196.205002,196.990005,194.470001,196.929993,17244030.000000,1782919800.0
1782919800.0,196.930298,197.360001,196.570099,197.061996,11051098.000000,1782923400.0
1782923400.0,197.080002,198.479996,196.910400,198.205002,12076805.000000,1782927000.0
1782927000.0,198.199997,198.925003,197.679993,198.095001,11622565.000000,1782930600.0
1782930600.0,198.095001,199.850006,197.890106,199.300003,13205841.000000,1782934200.0
1782934200.0,199.300003,199.709900,197.229996,197.580002,16409561.000000,1782937800.0
1782999000.0,197.149994,200.054993,196.779999,197.850006,25455768.000000,1783002600.0
1783002600.0,197.889999,198.205002,194.419998,194.779495,20691466.000000,1783006200.0
1783006200.0,194.779999,196.000000,193.625000,193.789993,15015064.000000,1783009800.0
1783009800.0,193.789993,194.159897,192.761993,193.050003,12353010.000000,1783013400.0
1783013400.0,193.044998,193.860001,192.350006,193.762604,11468938.000000,1783017000.0
1783017000.0,193.759995,193.949997,192.529999,193.104996,11027767.000000,1783020600.0
1783020600.0,193.115005,195.000000,193.065002,194.619995,15092870.000000,1783024200.0
1783344600.0,194.389999,197.419998,194.000000,196.574005,24790156.000000,1783348200.0
1783348200.0,196.589905,196.759995,195.360001,196.513504,11070371.000000,1783351800.0
1783351800.0,196.500000,197.550003,196.029999,197.000000,10338717.000000,1783355400.0
1783355400.0,197.005096,197.240005,195.850006,195.970001,7095621.000000,1783359000.0
1783359000.0,195.970001,196.669998,195.630005,196.270004,7308554.000000,1783362600.0
1783362600.0,196.270004,197.139999,196.039993,196.850006,7906694.000000,1783366200.0
1783366200.0,196.854996,197.035004,195.419998,195.574997,11769018.000000,1783369800.0
1783431000.0,192.369995,193.500000,191.440002,191.860107,30891972.000000,1783434600.0
1783434600.0,191.869995,193.365005,191.149994,193.050003,14107434.000000,1783438200.0
1783438200.0,193.050003,197.589996,192.800095,197.389999,16102972.000000,1783441800.0
1783441800.0,197.389496,198.410004,196.630997,197.440002,15688038.000000,1783445400.0
1783445400.0,197.429993,198.250000,197.220001,197.274994,8714306.000000,1783449000.0
1783449000.0,197.279999,197.649994,195.699997,196.145004,11148682.000000,1783452600.0
1783452600.0,196.149994,197.050003,195.470001,196.929993,10579644.000000,1783456200.0
1783517400.0,195.130005,199.860001,195.104996,197.009995,24772824.000000,1783521000.0
1783521000.0,197.009995,199.449997,196.050003,196.589996,20952645.000000,1783524600.0
1783524600.0,196.550003,200.100006,196.550003,199.252808,13979919.000000,1783528200.0
1783528200.0,199.259995,203.128998,198.906494,203.080002,16353935.000000,1783531800.0
1783531800.0,203.089996,203.710007,201.899994,202.190002,15515856.000000,1783535400.0
1783535400.0,202.199997,204.830002,202.093002,204.455002,17705271.000000,1783539000.0
1783539000.0,204.455002,205.149994,203.770004,204.149994,15113069.000000,1783542600.0
1783603800.0,204.460007,204.460007,198.970001,200.235001,39934967.000000,1783607400.0
1783607400.0,200.248505,202.199997,199.309998,201.720001,16617266.000000,1783611000.0
1783611000.0,201.740005,202.508499,201.170303,202.176300,12019513.000000,1783614600.0
1783614600.0,202.190002,203.330002,201.639999,202.830002,9438328.000000,1783618200.0
1783618200.0,202.830002,203.550003,202.770004,203.509995,8857216.000000,1783621800.0
1783621800.0,203.529999,204.580002,202.970001,203.789993,12628428.000000,1783625400.0
1783625400.0,203.779999,204.130005,202.589996,202.729996,9554841.000000,1783629000.0
1783690200.0,201.919998,208.139999,201.919998,207.300003,36233936.000000,1783693800.0
1783693800.0,207.289993,208.800003,205.720001,208.570007,20223518.000000,1783697400.0
1783697400.0,208.589996,210.559998,207.660004,209.789993,21713068.000000,1783701000.0
1783701000.0,209.794998,210.380005,209.410004,210.190002,11647482.000000,1783704600.0
1783704600.0,210.190002,210.879898,209.929993,210.309998,13804151.000000,1783708200.0
1783708200.0,210.320007,210.739899,209.740005,209.966095,13506969.000000,1783711800.0
1783711800.0,209.970001,211.000000,209.559998,210.949997,13007287.000000,1783715400.0
1783949400.0,208.539993,210.570007,207.020004,208.630005,27014241.000000,1783953000.0
1783953000.0,208.630005,208.880005,206.639999,207.804993,13323007.000000,1783956600.0
1783956600.0,207.809998,208.029999,205.570007,205.919998,11983424.000000,1783960200.0
1783960200.0,205.919998,205.919998,203.839996,204.240005,12908962.000000,1783963800.0
1783963800.0,204.250000,204.449997,203.470001,203.630005,10329870.000000,1783967400.0
1783967400.0,203.615005,204.500000,203.350006,203.830002,9793873.000000,1783971000.0
1783971000.0,203.850006,204.500000,203.419998,203.479996,11656158.000000,1783974600.0
1784035800.0,208.199997,208.339996,203.800003,205.532196,25632188.000000,1784039400.0
1784039400.0,205.539993,209.139999,205.250000,209.100006,14604201.000000,1784043000.0
1784043000.0,209.119995,209.585007,208.310104,209.554993,12188634.000000,1784046600.0
1784046600.0,209.559998,211.520004,209.300003,211.029999,15022566.000000,1784050200.0
1784050200.0,211.029999,212.100006,210.509995,211.779694,11128924.000000,1784053800.0
1784053800.0,211.779999,212.539993,211.259995,211.274994,11614521.000000,1784057400.0
1784057400.0,211.279999,212.300003,211.020004,211.800003,12017876.000000,1784061000.0
1784122200.0,212.009995,213.809998,209.360001,210.679993,24516818.000000,1784125800.0
1784125800.0,210.679993,210.820007,208.369995,209.500000,14631685.000000,1784129400.0
1784129400.0,209.505005,209.737793,206.520004,206.860001,15327331.000000,1784133000.0
1784133000.0,206.854996,209.109894,206.039993,209.029999,13390113.000000,1784136600.0
1784136600.0,209.029999,211.000000,208.860001,210.470001,10112385.000000,1784140200.0
1784140200.0,210.490005,212.009995,209.850006,210.968506,11623451.000000,1784143800.0
1784143800.0,211.000000,212.569305,210.910004,212.490005,11587685.000000,1784147400.0
1784208600.0,210.264999,211.080002,207.179993,208.969894,24620465.000000,1784212200.0
1784212200.0,208.949997,209.149994,205.850006,207.059998,18003767.000000,1784215800.0
1784215800.0,207.029999,212.500000,206.464401,207.220001,10939067.000000,1784219400.0
1784219400.0,207.229996,207.815002,206.619995,207.322601,8899771.000000,1784223000.0
1784223000.0,207.330002,207.449997,205.875000,206.889999,11882319.000000,1784226600.0
1784226600.0,206.880005,207.660004,206.139999,206.470001,9956016.000000,1784230200.0
1784230200.0,206.460007,207.539993,205.940002,207.470001,14191211.000000,1784233800.0
1784295000.0,202.735001,206.199997,197.970001,203.800003,54332090.000000,1784298600.0
1784298600.0,203.820007,204.645004,202.369995,203.925003,16729585.000000,1784302200.0
1784302200.0,203.925003,205.399902,203.839996,204.835007,13260696.000000,1784305800.0
1784305800.0,204.824997,206.645004,204.559998,206.134995,10360412.000000,1784309400.0
1784309400.0,206.139999,206.229996,202.990005,203.395798,9230035.000000,1784313000.0
1784313000.0,203.360001,203.899994,201.630096,202.964996,11831616.000000,1784316600.0
1784316600.0,202.970001,203.820007,202.520004,202.639999,11012934.000000,1784320200.0
1784554200.0,205.975006,207.740005,204.660004,205.934998,21217575.000000,1784557800.0
1784557800.0,205.926102,206.505005,204.580093,206.490005,10233874.000000,1784561400.0
1784561400.0,206.460495,206.535004,204.779999,205.274994,8034257.000000,1784565000.0
1784565000.0,205.289993,205.360001,203.042603,203.789993,8684039.000000,1784568600.0
1784568600.0,203.789993,205.014999,203.650101,204.309998,6310147.000000,1784572200.0
1784572200.0,204.310593,204.315002,202.279999,202.959900,9559725.000000,1784575800.0
1784575800.0,202.949997,203.440002,202.580002,203.380005,7870520.000000,1784579400.0
1784640600.0,207.539993,208.649994,204.010101,205.389999,24526611.000000,1784644200.0
1784644200.0,205.369995,206.729996,204.700302,206.600006,11920887.000000,1784647800.0
1784647800.0,206.619995,206.820007,205.020004,205.085007,13342712.000000,1784651400.0
1784651400.0,205.080002,206.360001,204.830002,206.125000,11789499.000000,1784655000.0
1784655000.0,206.125000,206.964996,205.711197,206.250000,7310358.000000,1784658600.0
1784658600.0,206.249893,207.345001,206.220001,206.770004,10329363.000000,1784662200.0
1784662200.0,206.789993,207.820099,206.500000,207.179993,10439183.000000,1784665800.0
1784727000.0,205.804993,208.229996,204.949997,206.799500,20545500.000000,1784730600.0
1784730600.0,206.800003,213.545898,206.449997,212.199997,26786013.000000,1784734200.0
1784734200.0,212.225006,214.259995,211.839996,213.500000,19851505.000000,1784737800.0
1784737800.0,213.490005,214.389999,213.199997,213.759995,13149669.000000,1784741400.0
1784741400.0,213.770004,214.379898,213.460098,213.740005,9948041.000000,1784745000.0
1784745000.0,213.729996,214.205002,212.910004,213.350006,11609223.000000,1784748600.0
1784748600.0,213.350006,213.399994,211.720001,212.059906,13401761.000000,1784752200.0
1784813400.0,209.395004,210.868698,208.050003,208.576004,24237343.000000,1784817000.0
1784817000.0,208.539993,209.129898,206.040100,206.380005,15403198.000000,1784820600.0
1784820600.0,206.345001,209.815002,205.960007,209.630005,11580527.000000,1784824200.0
1784824200.0,209.639999,210.429993,209.179993,210.130005,9217654.000000,1784827800.0
1784827800.0,210.134995,210.199997,208.190002,208.570007,7295185.000000,1784831400.0
1784831400.0,208.579803,208.824997,207.119995,207.845001,9313061.000000,1784835000.0
1784835000.0,207.850006,208.979996,206.889999,208.699997,10705777.000000,1784838600.0
1784899800.0,207.559998,208.600006,205.669998,208.110001,20305939.000000,1784903400.0
1784903400.0,208.110001,210.360001,207.100006,209.210007,15086430.000000,1784907000.0
1784907000.0,209.210007,211.909897,208.979996,210.770004,14557643.000000,1784910600.0
1784910600.0,210.774994,210.880005,209.520004,210.250000,9038412.000000,1784914200.0
1784914200.0,210.270004,210.529999,207.729996,207.824997,7838822.000000,1784917800.0
1784917800.0,207.830002,207.885803,204.809998,205.606598,17993073.000000,1784921400.0
1784921400.0,205.600006,207.179993,205.289993,206.960007,13248396.000000,1784925000.0
1785159000.0,208.110001,208.750000,198.880005,198.945007,34792635.000000,1785162600.0
1785162600.0,198.949997,200.000000,196.770004,197.065002,27222128.000000,1785166200.0
1785166200.0,197.074997,198.539993,195.919998,197.779999,18304743.000000,1785169800.0
1785169800.0,197.779999,198.149994,195.440002,195.570007,12949732.000000,1785173400.0
1785173400.0,195.580002,197.080002,195.500000,196.705002,10165862.000000,1785177000.0
1785177000.0,196.695007,198.020004,196.089996,197.729996,12772277.000000,1785180600.0
1785180600.0,197.729996,197.830002,196.309998,196.520004,13711449.000000,1785184200.0
1785245400.0,194.949997,195.455002,192.740005,194.089996,36821242.000000,1785249000.0
1785249000.0,194.089996,197.850006,193.899994,196.720001,20666546.000000,1785252600.0
1785252600.0,196.699997,198.699997,196.440002,197.279999,13377269.000000,1785256200.0
1785256200.0,197.279999,198.244995,196.600006,197.699997,10884017.000000,1785259800.0
1785259800.0,197.690094,198.089905,196.649994,196.705002,6939840.000000,1785263400.0
1785263400.0,196.705002,198.029999,196.533096,197.889999,10170431.000000,1785267000.0
1785267000.0,197.910004,198.149994,196.750000,196.949997,13539085.000000,1785270600.0
1785331800.0,195.845001,197.074005,190.923004,191.634995,26776737.000000,1785335400.0
1785335400.0,191.610001,193.160004,190.960007,192.375000,13980503.000000,1785339000.0
1785339000.0,192.375000,192.600006,190.682007,191.589996,14222182.000000,1785342600.0
1785342600.0,191.574997,193.080002,191.279999,192.169495,12697362.000000,1785346200.0
1785346200.0,192.110107,194.057007,191.710007,193.199997,13691975.000000,1785349800.0
1785349800.0,193.171005,196.329895,192.565002,193.369995,15825181.000000,1785353400.0
1785353400.0,193.380005,193.755005,190.020004,190.059998,21014144.000000,1785357000.0
1785418200.0,193.449997,197.179993,191.520004,196.809998,33838063.000000,1785421800.0
1785421800.0,196.809998,197.250000,193.434998,193.509995,19038422.000000,1785425400.0
1785425400.0,193.509995,194.369995,192.729996,193.809998,13266492.000000,1785429000.0
1785429000.0,193.809998,194.014999,192.679993,193.619995,8373037.000000,1785432600.0
1785432600.0,193.619995,194.070007,193.060104,193.490005,7580624.000000,1785436200.0
1785436200.0,193.490005,194.925003,193.139999,194.054993,10395289.000000,1785439800.0
1785439800.0,194.039993,195.325500,193.990005,195.149994,11945984.000000,1785443400.0
1785504600.0,198.440506,200.089996,194.949997,196.994995,29866755.000000,1785508200.0
1785508200.0,197.000000,198.929993,195.320007,195.619995,14917314.000000,1785511800.0
1785511800.0,195.600006,198.020004,195.238693,198.020004,9730128.000000,1785515400.0
1785515400.0,198.044998,199.319901,197.500000,199.255005,9171395.000000,1785519000.0
1785519000.0,199.255005,199.970001,198.490005,198.550095,9755690.000000,1785522600.0
1785522600.0,198.595001,201.119995,198.259995,200.304993,15913383.000000,1785526200.0
1785526200.0,200.304993,201.970001,199.880005,200.809998,19652521.000000,1785529800.0
1785763800.0,198.500000,205.720001,198.089996,205.390106,33652814.000000,1785767400.0
1785767400.0,205.389999,207.399994,204.800095,206.414993,19086003.000000,1785771000.0
1785771000.0,206.419998,207.479996,206.270004,207.089996,11203186.000000,1785774600.0
1785774600.0,207.086807,208.679901,206.690002,208.595001,9609744.000000,1785778200.0
1785778200.0,208.599899,208.740005,207.570007,207.710007,10728882.000000,1785781800.0
1785781800.0,207.699997,208.720001,207.600006,207.839996,9701905.000000,1785785400.0
1785785400.0,207.850006,207.919998,205.919998,206.690002,11942945.000000,1785789000.0
1785850200.0,210.679993,212.170898,209.115005,210.262405,29989052.000000,1785853800.0
1785853800.0,210.240005,211.039902,209.050003,209.899994,14932802.000000,1785857400.0
1785857400.0,209.899994,210.949997,209.619995,210.220306,9540619.000000,1785861000.0
1785861000.0,210.220001,211.649994,209.940002,211.460007,9087924.000000,1785864600.0
1785864600.0,211.469894,212.649994,211.039993,212.559998,12059709.000000,1785868200.0
1785868200.0,212.570007,213.059998,212.199997,212.490005,13768942.000000,1785871800.0
1785871800.0,212.485001,212.979996,211.809998,211.839996,11957434.000000,1785875400.0
1785936600.0,216.860001,222.220001,216.399994,220.727798,54180378.000000,1785940200.0
1785940200.0,220.699997,220.729996,218.350006,219.110001,17737803.000000,1785943800.0
1785943800.0,219.098999,221.369995,218.440002,221.169998,14334618.000000,1785947400.0
1785947400.0,221.169998,221.600006,220.608200,221.050003,12081572.000000,1785951000.0
1785951000.0,221.059998,221.800003,220.590103,221.739807,9319375.000000,1785954600.0
1785954600.0,221.740005,222.179993,221.169998,221.835007,14860918.000000,1785958200.0
1785958200.0,221.830002,221.869995,218.850006,219.199997,15732584.000000,1785961800.0
1786023000.0,221.529999,223.627502,219.330093,219.815002,33560480.000000,1786026600.0
1786026600.0,219.821793,219.969894,217.710007,218.204102,17120226.000000,1786030200.0
1786030200.0,218.210007,219.130005,217.270004,218.529999,11943067.000000,1786033800.0
1786033800.0,218.539993,219.750000,218.479996,218.960007,8048183.000000,1786037400.0
1786037400.0,218.970001,220.910004,217.389999,220.410004,8250020.000000,1786041000.0
1786041000.0,220.414993,220.449997,219.410004,219.850006,9312481.000000,1786044600.0
1786044600.0,219.860001,220.289993,218.570007,218.990005,10008767.000000,1786048200.0
1786109400.0,222.000000,223.449997,220.660004,223.349899,24342350.000000,1786113000.0
1786113000.0,223.330002,224.649994,222.679993,224.199997,15850676.000000,1786116600.0
1786116600.0,224.210007,224.759995,222.250000,222.449997,12096313.000000,1786120200.0
1786120200.0,222.460007,222.649994,221.550400,221.824997,9554800.000000,1786123800.0
1786123800.0,221.824997,222.399994,221.679993,221.945007,5864404.000000,1786127400.0
1786127400.0,221.960007,223.139999,221.764999,223.039993,8282356.000000,1786131000.0
1786131000.0,223.039993,224.210007,222.389999,223.979996,11686341.000000,1786134600.0
1786368600.0,223.449997,224.137894,220.179993,220.400101,23836130.000000,1786372200.0
1786372200.0,220.399994,221.139999,218.929993,219.449997,14292207.000000,1786375800.0
1786375800.0,219.429993,220.600006,218.340103,218.340103,13335496.000000,1786379400.0
1786379400.0,218.360001,219.000000,216.770004,218.498093,17200195.000000,1786383000.0
1786383000.0,218.489899,219.044998,217.830002,218.539993,8173686.000000,1786386600.0
1786386600.0,218.544998,219.449997,218.369995,219.148804,8153843.000000,1786390200.0
1786390200.0,219.149994,219.214996,217.369995,217.559998,10481185.000000,1786393800.0
1786455000.0,222.149994,222.199997,218.830002,219.574997,25985660.000000,1786458600.0
1786458600.0,219.589996,220.559998,218.464996,219.080002,12698811.000000,1786462200.0
1786462200.0,219.089996,219.380005,218.250000,218.669998,7908260.000000,1786465800.0
1786465800.0,218.669998,219.269897,216.720001,217.285095,9786776.000000,1786469400.0
1786469400.0,217.285004,217.839996,216.300003,216.470001,7055894.000000,1786473000.0
1786473000.0,216.479996,217.970001,216.399994,217.854996,7567601.000000,1786476600.0
1786476600.0,217.860001,218.179993,216.892807,217.479996,11068340.000000,1786480200.0
1786541400.0,221.039993,224.729996,220.199997,224.476593,32684933.000000,1786545000.0
1786545000.0,224.449997,225.100006,223.350006,223.839905,15909944.000000,1786548600.0
1786548600.0,223.850006,223.940002,222.890106,223.220001,9441156.000000,1786552200.0
1786552200.0,223.220795,224.289993,222.670105,224.100098,8219260.000000,1786555800.0
1786555800.0,224.090500,224.220001,223.169998,224.119995,7219140.000000,1786559400.0
1786559400.0,224.119995,224.449997,222.809998,223.000000,7523883.000000,1786563000.0
1786563000.0,222.990005,224.349899,222.229996,224.130005,10766745.000000,1786566600.0
1786627800.0,225.054993,227.229996,224.134995,226.029999,29866520.000000,1786631400.0
1786631400.0,226.035004,226.479996,224.300003,224.449997,12534298.000000,1786635000.0
1786635000.0,224.448196,225.460007,223.710007,225.289993,8854908.000000,1786638600.0
1786638600.0,225.300003,225.909897,224.960007,225.345001,6232415.000000,1786642200.0
1786642200.0,225.345001,225.740005,225.039993,225.625000,5719340.000000,1786645800.0
1786645800.0,225.628494,226.240005,225.419998,225.779999,8365507.000000,1786649400.0
1786649400.0,225.759995,226.199997,224.850006,225.369995,10655293.000000,1786653000.0
1786714200.0,226.800003,227.490005,224.500000,225.115005,19626364.000000,1786717800.0
1786717800.0,225.115005,226.940002,224.929993,225.548004,10960396.000000,1786721400.0
1786721400.0,225.539993,225.800003,224.619995,225.649994,6741009.000000,1786725000.0
1786725000.0,225.639999,225.710007,224.949997,225.119995,5873716.000000,1786728600.0
1786728600.0,225.119995,226.500000,224.559998,224.720001,5731432.000000,1786732200.0
1786732200.0,224.699997,225.449997,224.649994,225.130005,6670272.000000,1786735800.0
1786735800.0,225.164993,225.929993,224.860001,225.160004,19538830.000000,1786739400.0
