ts_open,o,h,l,c,v,ts_close
916981200.0,0.043750,0.048828,0.038802,0.041016,2714688000.000000,917067600.0
917240400.0,0.044271,0.045833,0.041016,0.045313,510480000.000000,917326800.0
917326800.0,0.045833,0.046745,0.041146,0.041797,343200000.000000,917413200.0
917413200.0,0.041927,0.042969,0.039583,0.041667,244368000.000000,917499600.0
917499600.0,0.041667,0.041927,0.041276,0.041536,227520000.000000,917586000.0
917586000.0,0.041536,0.041667,0.039583,0.039583,244032000.000000,917672400.0
917845200.0,0.039583,0.040625,0.039583,0.040365,154704000.000000,917931600.0
917931600.0,0.039583,0.040625,0.036068,0.037240,264096000.000000,918018000.0
918018000.0,0.036719,0.038542,0.036458,0.038021,75120000.000000,918104400.0
918104400.0,0.038542,0.041146,0.038021,0.040104,181920000.000000,918190800.0
918190800.0,0.040755,0.041667,0.039714,0.041276,136848000.000000,918277200.0
918450000.0,0.041536,0.041667,0.039844,0.039844,154080000.000000,918536400.0
918536400.0,0.040625,0.040885,0.037760,0.038281,86976000.000000,918622800.0
918622800.0,0.038281,0.039323,0.037240,0.037891,148224000.000000,918709200.0
918709200.0,0.038021,0.042708,0.038021,0.041146,132240000.000000,918795600.0
918795600.0,0.041667,0.043750,0.041667,0.043490,109728000.000000,918882000.0
919141200.0,0.044271,0.046094,0.039323,0.043750,211008000.000000,919227600.0
919227600.0,0.042708,0.043229,0.040625,0.041406,67728000.000000,919314000.0
919314000.0,0.042708,0.043229,0.040885,0.042057,70704000.000000,919400400.0
919400400.0,0.041667,0.044271,0.041146,0.043490,75360000.000000,919486800.0
919659600.0,0.044271,0.044792,0.041406,0.043750,205248000.000000,919746000.0
919746000.0,0.044792,0.046745,0.042188,0.045833,138096000.000000,919832400.0
919832400.0,0.052604,0.054688,0.048307,0.049479,612768000.000000,919918800.0
919918800.0,0.051563,0.053125,0.047135,0.047917,149136000.000000,920005200.0
920005200.0,0.048438,0.050000,0.045313,0.045703,172608000.000000,920091600.0
920264400.0,0.046875,0.047917,0.043750,0.045964,92160000.000000,920350800.0
920350800.0,0.045833,0.046094,0.044792,0.045573,55248000.000000,920437200.0
920437200.0,0.045833,0.045833,0.042188,0.042448,61392000.000000,920523600.0
920523600.0,0.044531,0.044792,0.041146,0.041536,57360000.000000,920610000.0
920610000.0,0.041927,0.044010,0.041927,0.043880,78768000.000000,920696400.0
920869200.0,0.042708,0.045833,0.041927,0.044531,75888000.000000,920955600.0
920955600.0,0.044401,0.046615,0.044401,0.045964,143184000.000000,921042000.0
921042000.0,0.046615,0.046615,0.044531,0.045182,235344000.000000,921128400.0
921128400.0,0.044401,0.045182,0.043229,0.043229,54288000.000000,921214800.0
921214800.0,0.043490,0.043490,0.041667,0.042448,90768000.000000,921301200.0
921474000.0,0.043490,0.044792,0.043229,0.044271,108816000.000000,921560400.0
921560400.0,0.044531,0.045052,0.042448,0.042839,79152000.000000,921646800.0
921646800.0,0.043229,0.044010,0.042057,0.043099,51360000.000000,921733200.0
921733200.0,0.043229,0.044271,0.042188,0.043620,46320000.000000,921819600.0
921819600.0,0.043490,0.045052,0.043490,0.043750,105312000.000000,921906000.0
922078800.0,0.044661,0.044792,0.042448,0.042448,36672000.000000,922165200.0
922165200.0,0.042708,0.042708,0.039063,0.039844,163968000.000000,922251600.0
922251600.0,0.039583,0.039844,0.038021,0.039583,60864000.000000,922338000.0
922338000.0,0.039453,0.041667,0.039323,0.040104,40320000.000000,922424400.0
922424400.0,0.040625,0.043750,0.040625,0.043620,88272000.000000,922510800.0
922683600.0,0.044922,0.045964,0.044141,0.044922,65952000.000000,922770000.0
922770000.0,0.045052,0.045443,0.040885,0.041146,69504000.000000,922856400.0
922856400.0,0.042448,0.044531,0.040495,0.044010,153600000.000000,922942800.0
922942800.0,0.044010,0.044271,0.041927,0.042708,30432000.000000,923029200.0
923284800.0,0.042188,0.043229,0.041146,0.041406,98640000.000000,923371200.0
923371200.0,0.041797,0.041927,0.039583,0.040365,69696000.000000,923457600.0
923457600.0,0.040625,0.044010,0.040365,0.043750,89280000.000000,923544000.0
923544000.0,0.044010,0.045833,0.043490,0.044531,130128000.000000,923630400.0
923630400.0,0.044792,0.044792,0.043490,0.043750,48624000.000000,923716800.0
923889600.0,0.043229,0.043229,0.041146,0.041927,33312000.000000,923976000.0
923976000.0,0.042708,0.042708,0.039583,0.040234,36144000.000000,924062400.0
924062400.0,0.040104,0.041016,0.039063,0.039063,48288000.000000,924148800.0
924148800.0,0.040104,0.040104,0.039063,0.040104,35856000.000000,924235200.0
924235200.0,0.039844,0.042057,0.039844,0.041406,38928000.000000,924321600.0
924494400.0,0.041927,0.041927,0.039063,0.039583,31296000.000000,924580800.0
924580800.0,0.039583,0.041146,0.038411,0.038802,67680000.000000,924667200.0
924667200.0,0.038802,0.039583,0.038542,0.039453,37488000.000000,924753600.0
924753600.0,0.039583,0.039583,0.037370,0.037760,227184000.000000,924840000.0
924840000.0,0.037630,0.037760,0.035677,0.035938,126048000.000000,924926400.0
925099200.0,0.035938,0.036458,0.033333,0.034115,123504000.000000,925185600.0
925185600.0,0.034896,0.038021,0.034375,0.037760,226944000.000000,925272000.0
925272000.0,0.038021,0.038021,0.036328,0.037500,120096000.000000,925358400.0
925358400.0,0.037630,0.037760,0.036719,0.037500,48144000.000000,925444800.0
925444800.0,0.037891,0.039583,0.037630,0.038021,99312000.000000,925531200.0
925704000.0,0.038411,0.038411,0.037240,0.038281,33840000.000000,925790400.0
925790400.0,0.038281,0.038281,0.035417,0.036198,96048000.000000,925876800.0
925876800.0,0.036458,0.036979,0.034375,0.036979,144576000.000000,925963200.0
925963200.0,0.036719,0.037500,0.035156,0.036263,35616000.000000,926049600.0
926049600.0,0.035156,0.036719,0.035156,0.036458,25008000.000000,926136000.0
926308800.0,0.036198,0.037240,0.036198,0.036458,19680000.000000,926395200.0
926395200.0,0.038021,0.039583,0.037240,0.038411,171744000.000000,926481600.0
926481600.0,0.038802,0.039714,0.038281,0.039583,168480000.000000,926568000.0
926568000.0,0.039583,0.040625,0.039453,0.039583,69936000.000000,926654400.0
926654400.0,0.039583,0.039583,0.036979,0.037500,28464000.000000,926740800.0
926913600.0,0.036979,0.039323,0.036849,0.039323,35760000.000000,927000000.0
927000000.0,0.039714,0.041667,0.038542,0.041146,151536000.000000,927086400.0
927086400.0,0.042969,0.044531,0.038672,0.039323,451728000.000000,927172800.0
927172800.0,0.039583,0.039583,0.034766,0.036198,178176000.000000,927259200.0
927259200.0,0.035677,0.035677,0.034375,0.035417,303504000.000000,927345600.0
927518400.0,0.035677,0.036458,0.034766,0.035286,162624000.000000,927604800.0
927604800.0,0.035417,0.035938,0.035156,0.035547,130080000.000000,927691200.0
927691200.0,0.035417,0.037240,0.035417,0.035417,104736000.000000,927777600.0
927777600.0,0.035677,0.035677,0.035156,0.035156,82320000.000000,927864000.0
927864000.0,0.035677,0.035677,0.035156,0.035547,88656000.000000,927950400.0
928209600.0,0.035417,0.035677,0.034896,0.035677,98544000.000000,928296000.0
928296000.0,0.035677,0.035677,0.034375,0.034375,130128000.000000,928382400.0
928382400.0,0.035286,0.035547,0.034896,0.035286,41568000.000000,928468800.0
928468800.0,0.035547,0.035677,0.035286,0.035547,78912000.000000,928555200.0
928728000.0,0.035742,0.036458,0.035677,0.035938,125136000.000000,928814400.0
928814400.0,0.036068,0.037500,0.035938,0.036849,153312000.000000,928900800.0
928900800.0,0.036979,0.038281,0.036979,0.037500,95184000.000000,928987200.0
928987200.0,0.037500,0.037760,0.037240,0.037630,36096000.000000,929073600.0
929073600.0,0.037630,0.037760,0.035547,0.036849,61008000.000000,929160000.0
929332800.0,0.036914,0.036979,0.035156,0.035417,51648000.000000,929419200.0
929419200.0,0.035417,0.035677,0.034896,0.035417,49296000.000000,929505600.0
929505600.0,0.035938,0.037500,0.035417,0.036458,64416000.000000,929592000.0
929592000.0,0.036198,0.036719,0.035417,0.035417,74928000.000000,929678400.0
929678400.0,0.035677,0.035677,0.034115,0.034115,158736000.000000,929764800.0
929937600.0,0.035156,0.035938,0.034212,0.035938,83472000.000000,930024000.0
930024000.0,0.035938,0.035938,0.034505,0.035286,193056000.000000,930110400.0
930110400.0,0.034896,0.035938,0.034505,0.035938,210912000.000000,930196800.0
930196800.0,0.036198,0.036198,0.034896,0.035156,115200000.000000,930283200.0
930283200.0,0.034896,0.036068,0.034896,0.035677,73536000.000000,930369600.0
930542400.0,0.036849,0.036849,0.035417,0.036198,109152000.000000,930628800.0
930628800.0,0.036719,0.037109,0.036198,0.036589,92688000.000000,930715200.0
930715200.0,0.037760,0.039844,0.036979,0.039844,269232000.000000,930801600.0
930801600.0,0.039844,0.039844,0.035677,0.037760,88992000.000000,930888000.0
930888000.0,0.038281,0.040495,0.037500,0.040495,224880000.000000,930974400.0
931233600.0,0.040885,0.040885,0.040104,0.040625,198096000.000000,931320000.0
931320000.0,0.040885,0.040885,0.039844,0.039844,63120000.000000,931406400.0
931406400.0,0.040104,0.041406,0.038802,0.040755,186048000.000000,931492800.0
931492800.0,0.040625,0.044531,0.040625,0.044206,211728000.000000,931579200.0
931752000.0,0.046875,0.048177,0.045052,0.046224,401040000.000000,931838400.0
931838400.0,0.046745,0.047005,0.044271,0.046354,138864000.000000,931924800.0
931924800.0,0.046354,0.047396,0.044271,0.044531,137952000.000000,932011200.0
932011200.0,0.044922,0.046354,0.044792,0.044792,137040000.000000,932097600.0
932097600.0,0.045573,0.046094,0.044792,0.045703,103872000.000000,932184000.0
932356800.0,0.045833,0.045964,0.044271,0.044531,43632000.000000,932443200.0
932443200.0,0.044531,0.044531,0.042188,0.043750,178752000.000000,932529600.0
932529600.0,0.043229,0.043229,0.041146,0.042448,112080000.000000,932616000.0
932616000.0,0.042188,0.042188,0.040104,0.040495,213264000.000000,932702400.0
932702400.0,0.040365,0.041667,0.040365,0.040495,80256000.000000,932788800.0
932961600.0,0.041536,0.041536,0.040625,0.040625,60528000.000000,933048000.0
933048000.0,0.040625,0.040885,0.040104,0.040755,98592000.000000,933134400.0
933134400.0,0.040625,0.041927,0.040495,0.041406,244224000.000000,933220800.0
933220800.0,0.040625,0.041927,0.040365,0.041797,388800000.000000,933307200.0
933307200.0,0.041797,0.042969,0.041667,0.041927,452304000.000000,933393600.0
933566400.0,0.041927,0.042448,0.041667,0.042318,313344000.000000,933652800.0
933652800.0,0.042318,0.042318,0.040885,0.041276,255216000.000000,933739200.0
933739200.0,0.041536,0.041667,0.041146,0.041276,89952000.000000,933825600.0
933825600.0,0.041276,0.041927,0.040625,0.041927,240576000.000000,933912000.0
933912000.0,0.041797,0.042057,0.041667,0.041927,183984000.000000,933998400.0
934171200.0,0.042057,0.042448,0.041667,0.041927,31056000.000000,934257600.0
934257600.0,0.042188,0.044531,0.041927,0.042708,212064000.000000,934344000.0
934344000.0,0.043490,0.046094,0.042969,0.045573,197712000.000000,934430400.0
934430400.0,0.045833,0.048958,0.045573,0.047786,239616000.000000,934516800.0
934516800.0,0.047396,0.048307,0.046875,0.047266,84672000.000000,934603200.0
934776000.0,0.047656,0.047656,0.043880,0.045443,223440000.000000,934862400.0
934862400.0,0.045573,0.046354,0.044401,0.045573,193536000.000000,934948800.0
934948800.0,0.045052,0.047135,0.044141,0.046615,279888000.000000,935035200.0
935035200.0,0.049870,0.059115,0.048177,0.056510,1966992000.000000,935121600.0
935121600.0,0.056641,0.057031,0.053906,0.055990,353088000.000000,935208000.0
935380800.0,0.055208,0.055208,0.050781,0.052604,507984000.000000,935467200.0
935467200.0,0.051823,0.052865,0.049219,0.052344,398064000.000000,935553600.0
935553600.0,0.052474,0.052995,0.050000,0.052083,350352000.000000,935640000.0
935640000.0,0.052083,0.052865,0.050521,0.051302,275376000.000000,935726400.0
935726400.0,0.052344,0.056250,0.052083,0.054167,552384000.000000,935812800.0
935985600.0,0.055078,0.056120,0.051693,0.053971,158640000.000000,936072000.0
936072000.0,0.054167,0.058854,0.053125,0.058594,786864000.000000,936158400.0
936158400.0,0.058594,0.058594,0.054948,0.055859,565344000.000000,936244800.0
936244800.0,0.054036,0.055469,0.052865,0.055208,341088000.000000,936331200.0
936331200.0,0.056250,0.057031,0.055208,0.055599,258864000.000000,936417600.0
936676800.0,0.056510,0.056510,0.055078,0.055339,124416000.000000,936763200.0
936763200.0,0.055469,0.055859,0.055208,0.055208,170064000.000000,936849600.0
936849600.0,0.055729,0.056120,0.053385,0.054427,209472000.000000,936936000.0
936936000.0,0.055339,0.055990,0.054948,0.055208,167424000.000000,937022400.0
937195200.0,0.055469,0.055469,0.052865,0.053385,174432000.000000,937281600.0
937281600.0,0.053385,0.053385,0.051563,0.051823,250368000.000000,937368000.0
937368000.0,0.051172,0.052865,0.050781,0.052214,212736000.000000,937454400.0
937454400.0,0.051563,0.052083,0.050260,0.050911,158112000.000000,937540800.0
937540800.0,0.050586,0.051042,0.048958,0.050781,171648000.000000,937627200.0
937800000.0,0.049870,0.050521,0.048958,0.048958,229104000.000000,937886400.0
937886400.0,0.047917,0.048177,0.043620,0.044271,737328000.000000,937972800.0
937972800.0,0.044271,0.045573,0.041667,0.045313,375984000.000000,938059200.0
938059200.0,0.045443,0.045573,0.041146,0.041536,379584000.000000,938145600.0
938145600.0,0.041667,0.042708,0.034896,0.037760,684912000.000000,938232000.0
938404800.0,0.040234,0.040885,0.037760,0.040104,432000000.000000,938491200.0
938491200.0,0.040169,0.044271,0.040104,0.043750,413184000.000000,938577600.0
938577600.0,0.044661,0.046354,0.039583,0.040234,594048000.000000,938664000.0
938664000.0,0.041667,0.042969,0.039583,0.040104,342528000.000000,938750400.0
938750400.0,0.039453,0.040885,0.037760,0.039844,347760000.000000,938836800.0
939009600.0,0.041146,0.041276,0.040104,0.040625,177600000.000000,939096000.0
939096000.0,0.040625,0.044792,0.040625,0.044531,478080000.000000,939182400.0
939182400.0,0.044661,0.052083,0.044271,0.049870,1508736000.000000,939268800.0
939268800.0,0.051953,0.051953,0.046354,0.046615,487296000.000000,939355200.0
939355200.0,0.046615,0.050391,0.044792,0.048958,398928000.000000,939441600.0
939614400.0,0.049349,0.049479,0.046354,0.047656,544464000.000000,939700800.0
939700800.0,0.047917,0.048438,0.046875,0.047005,322992000.000000,939787200.0
939787200.0,0.046484,0.046484,0.044792,0.045703,280368000.000000,939873600.0
939873600.0,0.045833,0.045833,0.044271,0.044792,192336000.000000,939960000.0
939960000.0,0.042578,0.044792,0.042448,0.044531,210720000.000000,940046400.0
940219200.0,0.044661,0.044661,0.041927,0.042188,215184000.000000,940305600.0
940305600.0,0.043490,0.043490,0.039714,0.040495,308928000.000000,940392000.0
940392000.0,0.041146,0.042448,0.040495,0.041927,348720000.000000,940478400.0
940478400.0,0.041797,0.043880,0.040625,0.043880,382128000.000000,940564800.0
940564800.0,0.043750,0.046224,0.043750,0.044922,286752000.000000,940651200.0
940824000.0,0.044661,0.045313,0.042708,0.042708,213840000.000000,940910400.0
940910400.0,0.044531,0.048438,0.044271,0.046875,481248000.000000,940996800.0
940996800.0,0.047135,0.047396,0.044010,0.044792,214128000.000000,941083200.0
941083200.0,0.045052,0.045833,0.042448,0.042708,222768000.000000,941169600.0
941169600.0,0.043229,0.046875,0.042969,0.046094,330528000.000000,941256000.0
941432400.0,0.045313,0.050781,0.045313,0.048958,782544000.000000,941518800.0
941518800.0,0.049870,0.052344,0.049479,0.052083,837504000.000000,941605200.0
941605200.0,0.054167,0.058594,0.053776,0.057161,2011680000.000000,941691600.0
941691600.0,0.057813,0.062370,0.057813,0.060807,1260336000.000000,941778000.0
941778000.0,0.062500,0.063021,0.055990,0.058854,616368000.000000,941864400.0
942037200.0,0.057031,0.062240,0.055208,0.060547,470016000.000000,942123600.0
942123600.0,0.060417,0.060677,0.057292,0.059635,272352000.000000,942210000.0
942210000.0,0.059831,0.059896,0.057943,0.059115,144048000.000000,942296400.0
942296400.0,0.059115,0.066406,0.057813,0.063281,562704000.000000,942382800.0
942382800.0,0.066016,0.066667,0.062240,0.066667,501504000.000000,942469200.0
942642000.0,0.067122,0.069141,0.064323,0.065365,362208000.000000,942728400.0
942728400.0,0.066927,0.072917,0.066667,0.071615,723792000.000000,942814800.0
942814800.0,0.072917,0.078125,0.071875,0.074349,786384000.000000,942901200.0
942901200.0,0.075911,0.076563,0.073958,0.074609,235968000.000000,942987600.0
942987600.0,0.083594,0.092448,0.083333,0.089323,2165184000.000000,943074000.0
943246800.0,0.091602,0.091667,0.083854,0.089193,540192000.000000,943333200.0
943333200.0,0.080078,0.083724,0.079167,0.082813,553248000.000000,943419600.0
943419600.0,0.082422,0.083333,0.074089,0.080208,406848000.000000,943506000.0
943592400.0,0.079427,0.080208,0.077083,0.079688,71760000.000000,943678800.0
943851600.0,0.079427,0.080469,0.075000,0.076823,298608000.000000,943938000.0
943938000.0,0.077083,0.078385,0.072135,0.072135,314688000.000000,944024400.0
944024400.0,0.072135,0.076823,0.072135,0.075781,223536000.000000,944110800.0
944110800.0,0.076042,0.082422,0.076042,0.081380,309888000.000000,944197200.0
944197200.0,0.082161,0.083594,0.078385,0.079427,342768000.000000,944283600.0
944456400.0,0.079688,0.082031,0.079688,0.081641,178608000.000000,944542800.0
944542800.0,0.082292,0.082422,0.075781,0.078906,186384000.000000,944629200.0
944629200.0,0.078646,0.083203,0.078385,0.082422,201696000.000000,944715600.0
944715600.0,0.082292,0.084375,0.077083,0.079948,214944000.000000,944802000.0
944802000.0,0.081380,0.081771,0.077604,0.079036,98304000.000000,944888400.0
945061200.0,0.078125,0.080859,0.077083,0.078776,183840000.000000,945147600.0
945147600.0,0.078906,0.080859,0.076693,0.077474,273888000.000000,945234000.0
945234000.0,0.076953,0.077344,0.073177,0.075000,205968000.000000,945320400.0
945320400.0,0.075391,0.076563,0.074219,0.074479,132576000.000000,945406800.0
945406800.0,0.076563,0.079557,0.076172,0.078385,262080000.000000,945493200.0
945666000.0,0.078516,0.086426,0.075781,0.084896,402432000.000000,945752400.0
945752400.0,0.084896,0.088672,0.081771,0.088542,388368000.000000,945838800.0
945838800.0,0.088802,0.091667,0.085417,0.090625,251184000.000000,945925200.0
945925200.0,0.090755,0.096875,0.090365,0.096615,280224000.000000,946011600.0
946270800.0,0.098698,0.098828,0.091927,0.092969,202416000.000000,946357200.0
946357200.0,0.092969,0.096354,0.092448,0.092708,179184000.000000,946443600.0
946443600.0,0.092513,0.096875,0.092448,0.095833,132144000.000000,946530000.0
946530000.0,0.095833,0.097266,0.094271,0.096615,139776000.000000,946616400.0
946616400.0,0.096419,0.097917,0.096094,0.097786,127344000.000000,946702800.0
946875600.0,0.098438,0.099219,0.091927,0.097526,300912000.000000,946962000.0
946962000.0,0.095833,0.096094,0.090104,0.094922,300480000.000000,947048400.0
947048400.0,0.092188,0.093750,0.090495,0.091797,188352000.000000,947134800.0
947134800.0,0.091797,0.091797,0.082292,0.085807,120480000.000000,947221200.0
947221200.0,0.085417,0.088151,0.084115,0.087240,71184000.000000,947307600.0
947480400.0,0.087500,0.093750,0.085938,0.090104,239856000.000000,947566800.0
947566800.0,0.089583,0.090625,0.086458,0.086458,148128000.000000,947653200.0
947653200.0,0.086458,0.086589,0.083073,0.084245,123552000.000000,947739600.0
947739600.0,0.084115,0.088542,0.083073,0.087760,132192000.000000,947826000.0
947826000.0,0.089063,0.095182,0.088802,0.091536,604560000.000000,947912400.0
948171600.0,0.092708,0.095833,0.088542,0.095443,261648000.000000,948258000.0
948258000.0,0.095833,0.095833,0.093750,0.094531,164688000.000000,948344400.0
948344400.0,0.095313,0.100521,0.093490,0.094271,179568000.000000,948430800.0
948430800.0,0.094010,0.094401,0.090885,0.093229,544272000.000000,948517200.0
948690000.0,0.096224,0.096224,0.088542,0.089063,256944000.000000,948776400.0
948776400.0,0.089453,0.090365,0.085417,0.088281,237120000.000000,948862800.0
948862800.0,0.088281,0.090625,0.083073,0.084635,232464000.000000,948949200.0
948949200.0,0.085286,0.085286,0.077083,0.080208,458208000.000000,949035600.0
949035600.0,0.079167,0.079688,0.074740,0.077865,194448000.000000,949122000.0
949294800.0,0.078255,0.079948,0.072917,0.077214,182400000.000000,949381200.0
949381200.0,0.077344,0.079688,0.074479,0.079036,92976000.000000,949467600.0
949467600.0,0.079427,0.082813,0.079036,0.081250,149040000.000000,949554000.0
949554000.0,0.083854,0.085547,0.082031,0.082552,108240000.000000,949640400.0
949640400.0,0.085156,0.085156,0.082813,0.084505,123696000.000000,949726800.0
949899600.0,0.084896,0.084896,0.079167,0.079297,217488000.000000,949986000.0
949986000.0,0.081250,0.085938,0.079167,0.083073,468816000.000000,950072400.0
950072400.0,0.086198,0.087630,0.085026,0.085156,589056000.000000,950158800.0
950158800.0,0.090365,0.104167,0.090365,0.102604,970080000.000000,950245200.0
950245200.0,0.107682,0.107813,0.096615,0.104167,423792000.000000,950331600.0
950504400.0,0.104427,0.120833,0.103385,0.120833,650112000.000000,950590800.0
950590800.0,0.121094,0.121224,0.111198,0.116146,450480000.000000,950677200.0
950677200.0,0.117448,0.125521,0.116146,0.121484,1019568000.000000,950763600.0
950763600.0,0.121354,0.126563,0.119531,0.125781,535776000.000000,950850000.0
950850000.0,0.123958,0.142188,0.123047,0.140365,960864000.000000,950936400.0
951195600.0,0.135938,0.137760,0.131250,0.136458,542496000.000000,951282000.0
951282000.0,0.134896,0.138672,0.133203,0.137240,511392000.000000,951368400.0
951368400.0,0.138021,0.138932,0.130208,0.135938,244320000.000000,951454800.0
951454800.0,0.136068,0.136068,0.121875,0.127474,278736000.000000,951541200.0
951714000.0,0.126823,0.128125,0.124479,0.126563,517872000.000000,951800400.0
951800400.0,0.125781,0.134896,0.125781,0.133333,306048000.000000,951886800.0
951886800.0,0.133333,0.133333,0.127344,0.129427,383568000.000000,951973200.0
951973200.0,0.130469,0.130469,0.120313,0.120703,191040000.000000,952059600.0
952059600.0,0.120833,0.123958,0.119792,0.122656,273696000.000000,952146000.0
952318800.0,0.123438,0.132813,0.120833,0.121875,432096000.000000,952405200.0
952405200.0,0.156250,0.181771,0.149479,0.173568,1952208000.000000,952491600.0
952491600.0,0.173470,0.176563,0.160938,0.175000,668736000.000000,952578000.0
952578000.0,0.177083,0.225000,0.176563,0.208952,952944000.000000,952664400.0
952664400.0,0.219792,0.302083,0.218229,0.245833,2161200000.000000,952750800.0
952923600.0,0.222917,0.312500,0.220833,0.310938,2415168000.000000,953010000.0
953010000.0,0.309245,0.309245,0.225000,0.229427,1567776000.000000,953096400.0
953096400.0,0.245866,0.252214,0.212500,0.220052,995616000.000000,953182800.0
953182800.0,0.227083,0.234896,0.192969,0.196191,750384000.000000,953269200.0
953269200.0,0.191667,0.222917,0.191634,0.208073,557616000.000000,953355600.0
953528400.0,0.216276,0.223177,0.201302,0.207943,365280000.000000,953614800.0
953614800.0,0.208333,0.210156,0.181250,0.197656,536640000.000000,953701200.0
953701200.0,0.199219,0.205208,0.195833,0.199089,230592000.000000,953787600.0
953787600.0,0.197266,0.213542,0.196875,0.202604,309408000.000000,953874000.0
953874000.0,0.201302,0.210417,0.187500,0.194141,231600000.000000,953960400.0
954133200.0,0.193750,0.200000,0.179688,0.181380,388944000.000000,954219600.0
954219600.0,0.175130,0.177083,0.164583,0.167839,393312000.000000,954306000.0
954306000.0,0.168490,0.172396,0.150000,0.156771,469440000.000000,954392400.0
954392400.0,0.152083,0.170313,0.146875,0.155859,361920000.000000,954478800.0
954478800.0,0.166504,0.183073,0.163542,0.176009,962976000.000000,954565200.0
954734400.0,0.174414,0.175000,0.157682,0.162240,329952000.000000,954820800.0
954820800.0,0.170833,0.173698,0.118750,0.156250,513792000.000000,954907200.0
954907200.0,0.157813,0.203125,0.149740,0.191016,639600000.000000,954993600.0
954993600.0,0.199870,0.210026,0.190365,0.199870,404592000.000000,955080000.0
955080000.0,0.209896,0.218750,0.201042,0.213672,318576000.000000,955166400.0
955339200.0,0.217318,0.229948,0.190755,0.194792,395280000.000000,955425600.0
955425600.0,0.181217,0.197917,0.166667,0.183203,457584000.000000,955512000.0
955512000.0,0.183464,0.187500,0.163542,0.164193,313440000.000000,955598400.0
955598400.0,0.165495,0.171354,0.154427,0.157161,313296000.000000,955684800.0
955684800.0,0.147135,0.158464,0.136458,0.143327,421920000.000000,955771200.0
955944000.0,0.131250,0.156250,0.131250,0.150651,294096000.000000,956030400.0
956030400.0,0.165820,0.186979,0.160938,0.177344,477504000.000000,956116800.0
956116800.0,0.182943,0.185417,0.166667,0.168880,278352000.000000,956203200.0
956203200.0,0.173438,0.176693,0.165625,0.167969,153936000.000000,956289600.0
956548800.0,0.158333,0.165365,0.151302,0.159635,205968000.000000,956635200.0
956635200.0,0.166797,0.182292,0.166406,0.177083,249696000.000000,956721600.0
956721600.0,0.189453,0.193750,0.175000,0.175260,254112000.000000,956808000.0
956808000.0,0.163542,0.191406,0.162630,0.189583,280992000.000000,956894400.0
956894400.0,0.192578,0.200000,0.185677,0.185677,179040000.000000,956980800.0
957153600.0,0.192708,0.196875,0.187109,0.191667,119424000.000000,957240000.0
957240000.0,0.191667,0.202865,0.178906,0.184245,234000000.000000,957326400.0
957326400.0,0.183073,0.189063,0.166667,0.181250,329184000.000000,957412800.0
957412800.0,0.180859,0.191146,0.179297,0.183464,241200000.000000,957499200.0
957499200.0,0.182682,0.196354,0.180208,0.191927,170592000.000000,957585600.0
957758400.0,0.186979,0.193750,0.184635,0.184896,185136000.000000,957844800.0
957844800.0,0.188021,0.189583,0.177083,0.182292,176832000.000000,957931200.0
957931200.0,0.180469,0.180599,0.162760,0.164323,274080000.000000,958017600.0
958017600.0,0.166667,0.174349,0.164453,0.171354,245904000.000000,958104000.0
958104000.0,0.176042,0.185417,0.166146,0.166146,187824000.000000,958190400.0
958363200.0,0.165365,0.180469,0.157292,0.177604,282096000.000000,958449600.0
958449600.0,0.185417,0.201432,0.183333,0.195833,366432000.000000,958536000.0
958536000.0,0.206250,0.238802,0.206120,0.230208,1290624000.000000,958622400.0
958622400.0,0.231510,0.235286,0.213151,0.214583,509904000.000000,958708800.0
958708800.0,0.208333,0.219792,0.206771,0.212760,521184000.000000,958795200.0
958968000.0,0.210417,0.226563,0.191797,0.226563,517152000.000000,959054400.0
959054400.0,0.220833,0.245703,0.217188,0.224740,778560000.000000,959140800.0
959140800.0,0.224479,0.228125,0.192188,0.221875,739632000.000000,959227200.0
959227200.0,0.225130,0.238542,0.216016,0.218750,569184000.000000,959313600.0
959313600.0,0.219857,0.225911,0.206250,0.219857,183456000.000000,959400000.0
959659200.0,0.225781,0.234635,0.224740,0.228906,303648000.000000,959745600.0
959745600.0,0.228125,0.241667,0.228125,0.237760,469536000.000000,959832000.0
959832000.0,0.244792,0.247005,0.238281,0.244401,418992000.000000,959918400.0
959918400.0,0.249479,0.277083,0.249479,0.274089,592176000.000000,960004800.0
960177600.0,0.273698,0.293750,0.262760,0.279980,491904000.000000,960264000.0
960264000.0,0.280990,0.291406,0.264583,0.266016,375888000.000000,960350400.0
960350400.0,0.264063,0.266276,0.250260,0.254167,332352000.000000,960436800.0
960436800.0,0.260677,0.260938,0.245833,0.256120,460704000.000000,960523200.0
960523200.0,0.260938,0.275000,0.257031,0.263411,467280000.000000,960609600.0
960782400.0,0.264583,0.266797,0.250521,0.256380,380016000.000000,960868800.0
960868800.0,0.249219,0.264583,0.247917,0.264453,447840000.000000,960955200.0
960955200.0,0.269401,0.270833,0.260710,0.264193,275088000.000000,961041600.0
961041600.0,0.263411,0.271094,0.249219,0.271094,338592000.000000,961128000.0
961128000.0,0.270117,0.312500,0.270052,0.311979,987840000.000000,961214400.0
961387200.0,0.311198,0.356771,0.303385,0.331510,1052160000.000000,961473600.0
961473600.0,0.337240,0.341146,0.322917,0.327083,610272000.000000,961560000.0
961560000.0,0.322005,0.366667,0.322005,0.360286,614880000.000000,961646400.0
961646400.0,0.358724,0.366146,0.337240,0.340625,614352000.000000,961732800.0
961732800.0,0.331510,0.335677,0.308333,0.308464,607392000.000000,961819200.0
961992000.0,0.314583,0.347656,0.309635,0.345703,618288000.000000,962078400.0
962078400.0,0.342708,0.348438,0.287760,0.296875,604608000.000000,962164800.0
962164800.0,0.303125,0.314583,0.277083,0.285417,586608000.000000,962251200.0
962251200.0,0.280469,0.280469,0.239583,0.244271,1184880000.000000,962337600.0
962337600.0,0.255729,0.269271,0.243229,0.264844,1209192000.000000,962424000.0
962596800.0,0.266667,0.275000,0.252083,0.254688,232680000.000000,962683200.0
962769600.0,0.253646,0.254167,0.219792,0.227344,777936000.000000,962856000.0
962856000.0,0.227604,0.249479,0.222135,0.241146,603936000.000000,962942400.0
962942400.0,0.250000,0.254167,0.237500,0.242448,346560000.000000,963028800.0
963201600.0,0.238281,0.260938,0.235938,0.254948,351264000.000000,963288000.0
963288000.0,0.251563,0.288542,0.248698,0.275521,755304000.000000,963374400.0
963374400.0,0.286979,0.297656,0.277865,0.283333,388152000.000000,963460800.0
963460800.0,0.289323,0.311458,0.288802,0.309896,458736000.000000,963547200.0
963547200.0,0.316146,0.322135,0.300000,0.307552,280200000.000000,963633600.0
963806400.0,0.312240,0.312500,0.303125,0.304167,105552000.000000,963892800.0
963892800.0,0.287500,0.312500,0.287500,0.298177,183672000.000000,963979200.0
963979200.0,0.287500,0.289583,0.273177,0.279167,189504000.000000,964065600.0
964065600.0,0.278906,0.293750,0.278125,0.286719,142992000.000000,964152000.0
964152000.0,0.287500,0.295833,0.283333,0.290365,251928000.000000,964238400.0
964411200.0,0.290625,0.292708,0.254167,0.265625,281112000.000000,964497600.0
964497600.0,0.269792,0.271875,0.255208,0.255729,335304000.000000,964584000.0
964584000.0,0.255729,0.255729,0.229688,0.236719,380064000.000000,964670400.0
964670400.0,0.229167,0.232292,0.216667,0.219792,331560000.000000,964756800.0
964756800.0,0.220833,0.241406,0.208333,0.225000,512664000.000000,964843200.0
965016000.0,0.237500,0.250521,0.225000,0.250000,371232000.000000,965102400.0
965102400.0,0.250000,0.252083,0.243229,0.245052,350616000.000000,965188800.0
965188800.0,0.241667,0.254036,0.237760,0.250000,345432000.000000,965275200.0
965275200.0,0.225000,0.266667,0.225000,0.260938,368664000.000000,965361600.0
965361600.0,0.267188,0.270833,0.261458,0.265625,194784000.000000,965448000.0
965620800.0,0.267448,0.288802,0.266406,0.286458,246936000.000000,965707200.0
965707200.0,0.280208,0.295833,0.279167,0.280208,128112000.000000,965793600.0
965793600.0,0.283854,0.285677,0.267969,0.271875,136248000.000000,965880000.0
965880000.0,0.265625,0.281250,0.260417,0.275000,156432000.000000,965966400.0
965966400.0,0.275521,0.277604,0.255729,0.268490,131928000.000000,966052800.0
966225600.0,0.271875,0.274479,0.262500,0.271094,108576000.000000,966312000.0
966312000.0,0.272396,0.302083,0.271615,0.296680,443328000.000000,966398400.0
966398400.0,0.312760,0.312760,0.295052,0.304167,266232000.000000,966484800.0
966484800.0,0.300000,0.311458,0.298958,0.309896,129816000.000000,966571200.0
966571200.0,0.308594,0.324479,0.308073,0.320833,204720000.000000,966657600.0
966830400.0,0.332552,0.338281,0.325000,0.325781,464472000.000000,966916800.0
966916800.0,0.308854,0.315625,0.292188,0.295052,658872000.000000,967003200.0
967003200.0,0.290365,0.312760,0.284375,0.312240,352800000.000000,967089600.0
967089600.0,0.310417,0.323698,0.304688,0.320573,332616000.000000,967176000.0
967176000.0,0.317188,0.323958,0.310938,0.312500,153048000.000000,967262400.0
967435200.0,0.314063,0.329167,0.310417,0.325000,189264000.000000,967521600.0
967521600.0,0.326302,0.327083,0.320833,0.324219,149376000.000000,967608000.0
967608000.0,0.320573,0.331510,0.317188,0.327083,178080000.000000,967694400.0
967694400.0,0.332031,0.343750,0.325521,0.330729,388896000.000000,967780800.0
967780800.0,0.337500,0.340625,0.327604,0.331250,204144000.000000,967867200.0
968126400.0,0.339063,0.339323,0.329427,0.331771,246144000.000000,968212800.0
968212800.0,0.333073,0.333073,0.306250,0.308854,230136000.000000,968299200.0
968299200.0,0.313542,0.326042,0.300521,0.325521,239760000.000000,968385600.0
968385600.0,0.321875,0.329167,0.305208,0.306250,222648000.000000,968472000.0
968644800.0,0.302344,0.304167,0.282292,0.293750,285888000.000000,968731200.0
968731200.0,0.294010,0.309375,0.287500,0.291927,125976000.000000,968817600.0
968817600.0,0.291146,0.296615,0.284896,0.291797,239976000.000000,968904000.0
968904000.0,0.293229,0.306250,0.285417,0.289063,216336000.000000,968990400.0
968990400.0,0.287500,0.299479,0.285417,0.295378,242592000.000000,969076800.0
969249600.0,0.296094,0.297917,0.275000,0.278125,163488000.000000,969336000.0
969336000.0,0.265365,0.287500,0.262500,0.286719,301104000.000000,969422400.0
969422400.0,0.278906,0.284375,0.272917,0.277344,227568000.000000,969508800.0
969508800.0,0.279427,0.295573,0.279167,0.289258,346824000.000000,969595200.0
969595200.0,0.260677,0.297917,0.260417,0.294271,387264000.000000,969681600.0
969854400.0,0.303385,0.319792,0.301042,0.315365,467568000.000000,969940800.0
969940800.0,0.318750,0.326563,0.304167,0.322917,337344000.000000,970027200.0
970027200.0,0.320313,0.355729,0.320313,0.340625,676128000.000000,970113600.0
970113600.0,0.337500,0.353125,0.329167,0.351042,333816000.000000,970200000.0
970200000.0,0.341146,0.354167,0.335417,0.341146,373872000.000000,970286400.0
970459200.0,0.345833,0.359375,0.324479,0.333073,340584000.000000,970545600.0
970545600.0,0.334896,0.337500,0.312500,0.315104,300264000.000000,970632000.0
970632000.0,0.306771,0.316667,0.302604,0.311458,419568000.000000,970718400.0
970718400.0,0.313802,0.313802,0.297656,0.304167,525048000.000000,970804800.0
970804800.0,0.304948,0.307031,0.280990,0.285156,1027176000.000000,970891200.0
971064000.0,0.277865,0.295833,0.258333,0.291406,665256000.000000,971150400.0
971150400.0,0.279167,0.293229,0.266667,0.269271,415944000.000000,971236800.0
971236800.0,0.252865,0.286458,0.242708,0.271615,535776000.000000,971323200.0
971323200.0,0.277604,0.293750,0.258333,0.260938,401616000.000000,971409600.0
971409600.0,0.262760,0.279167,0.259961,0.271354,578976000.000000,971496000.0
971668800.0,0.271354,0.271354,0.258854,0.265104,339216000.000000,971755200.0
971755200.0,0.264063,0.265104,0.242969,0.245833,463248000.000000,971841600.0
971841600.0,0.229948,0.255990,0.219010,0.241927,416952000.000000,971928000.0
971928000.0,0.257552,0.268750,0.253646,0.265365,294888000.000000,972014400.0
972014400.0,0.259115,0.296875,0.257292,0.290104,387360000.000000,972100800.0
972273600.0,0.292448,0.294271,0.274479,0.283594,182112000.000000,972360000.0
972360000.0,0.282292,0.286979,0.273438,0.274479,193968000.000000,972446400.0
972446400.0,0.266927,0.270833,0.248698,0.250521,385512000.000000,972532800.0
972532800.0,0.252083,0.270833,0.234375,0.261198,265776000.000000,972619200.0
972619200.0,0.261458,0.267904,0.245833,0.255208,210960000.000000,972705600.0
972882000.0,0.251042,0.256706,0.236979,0.237240,192120000.000000,972968400.0
972968400.0,0.246615,0.263021,0.239063,0.258919,299256000.000000,973054800.0
973054800.0,0.252604,0.262500,0.243750,0.258854,304536000.000000,973141200.0
973141200.0,0.267969,0.285417,0.263542,0.278646,192888000.000000,973227600.0
973227600.0,0.275000,0.302083,0.272917,0.296875,268632000.000000,973314000.0
973486800.0,0.303906,0.333333,0.302083,0.319792,635040000.000000,973573200.0
973573200.0,0.314583,0.314583,0.287500,0.298177,258240000.000000,973659600.0
973659600.0,0.301563,0.301563,0.284896,0.289323,187080000.000000,973746000.0
973746000.0,0.271875,0.285417,0.246354,0.259115,564528000.000000,973832400.0
973832400.0,0.267969,0.281250,0.238542,0.245052,805248000.000000,973918800.0
974091600.0,0.232813,0.272917,0.225000,0.246094,530040000.000000,974178000.0
974178000.0,0.262500,0.293229,0.260417,0.291146,470736000.000000,974264400.0
974264400.0,0.285938,0.295052,0.274219,0.287305,423864000.000000,974350800.0
974350800.0,0.279167,0.286458,0.266667,0.269271,235536000.000000,974437200.0
974437200.0,0.271354,0.285156,0.255208,0.264063,178776000.000000,974523600.0
974696400.0,0.254297,0.254427,0.240885,0.243750,298752000.000000,974782800.0
974782800.0,0.254167,0.256250,0.226563,0.239063,382512000.000000,974869200.0
974869200.0,0.229167,0.236458,0.216667,0.226563,409752000.000000,974955600.0
975042000.0,0.229167,0.248438,0.229167,0.239583,165072000.000000,975128400.0
975301200.0,0.256771,0.258333,0.221940,0.231510,363864000.000000,975387600.0
975387600.0,0.235026,0.237500,0.209115,0.214258,382344000.000000,975474000.0
975474000.0,0.217448,0.217708,0.184896,0.201042,636408000.000000,975560400.0
975560400.0,0.183854,0.183854,0.151563,0.168750,981624000.000000,975646800.0
975646800.0,0.179167,0.203125,0.178125,0.185417,784080000.000000,975733200.0
975906000.0,0.186589,0.192708,0.173958,0.188281,474264000.000000,975992400.0
975992400.0,0.201563,0.208854,0.182813,0.200521,997224000.000000,976078800.0
976078800.0,0.196615,0.202083,0.170833,0.171875,950928000.000000,976165200.0
976165200.0,0.163542,0.177865,0.154688,0.168750,785184000.000000,976251600.0
976251600.0,0.186198,0.208333,0.168815,0.207292,853392000.000000,976338000.0
976510800.0,0.200521,0.211458,0.195313,0.207292,757632000.000000,976597200.0
976597200.0,0.202083,0.205729,0.194792,0.201563,409512000.000000,976683600.0
976683600.0,0.200781,0.204167,0.182292,0.185938,675072000.000000,976770000.0
976770000.0,0.184635,0.186198,0.168750,0.173177,569016000.000000,976856400.0
976856400.0,0.162240,0.172396,0.155208,0.155990,1094424000.000000,976942800.0
977115600.0,0.162500,0.166667,0.158854,0.161133,658872000.000000,977202000.0
977202000.0,0.163542,0.178125,0.145833,0.148958,946200000.000000,977288400.0
977288400.0,0.141406,0.161979,0.125521,0.132813,1105392000.000000,977374800.0
977374800.0,0.130990,0.148958,0.114583,0.116146,845256000.000000,977461200.0
977461200.0,0.125521,0.159375,0.125521,0.146094,949080000.000000,977547600.0
977806800.0,0.147917,0.149479,0.130729,0.140104,343824000.000000,977893200.0
977893200.0,0.138542,0.155208,0.132813,0.149479,339456000.000000,977979600.0
977979600.0,0.143490,0.154167,0.141146,0.150260,419232000.000000,978066000.0
978066000.0,0.150000,0.154948,0.133333,0.136523,495168000.000000,978152400.0
978411600.0,0.137500,0.139323,0.124219,0.124740,290808000.000000,978498000.0
978498000.0,0.120833,0.164323,0.117708,0.163021,910368000.000000,978584400.0
978584400.0,0.160156,0.185938,0.155729,0.181771,815448000.000000,978670800.0
978670800.0,0.180208,0.180990,0.151042,0.154557,432768000.000000,978757200.0
978930000.0,0.150260,0.176042,0.150260,0.169271,573768000.000000,979016400.0
979016400.0,0.171615,0.176042,0.163281,0.172656,302904000.000000,979102800.0
979102800.0,0.163802,0.185417,0.159896,0.184635,392928000.000000,979189200.0
979189200.0,0.180208,0.207813,0.177083,0.200000,447648000.000000,979275600.0
979275600.0,0.203385,0.215625,0.193750,0.195833,669000000.000000,979362000.0
979621200.0,0.196875,0.196875,0.177344,0.180469,414984000.000000,979707600.0
979707600.0,0.194271,0.200000,0.186198,0.186979,592584000.000000,979794000.0
979794000.0,0.186979,0.228125,0.182813,0.222852,948168000.000000,979880400.0
979880400.0,0.229167,0.237500,0.213542,0.216927,1018704000.000000,979966800.0
980139600.0,0.210417,0.218750,0.202344,0.208333,377712000.000000,980226000.0
980226000.0,0.205729,0.233333,0.204688,0.229102,433632000.000000,980312400.0
980312400.0,0.228906,0.231250,0.214844,0.228125,451728000.000000,980398800.0
980398800.0,0.220313,0.220833,0.200521,0.205208,440016000.000000,980485200.0
980485200.0,0.193750,0.214193,0.192318,0.211719,259248000.000000,980571600.0
980744400.0,0.205208,0.213021,0.197917,0.212760,354168000.000000,980830800.0
980830800.0,0.216146,0.222005,0.211979,0.217448,243720000.000000,980917200.0
980917200.0,0.217708,0.226042,0.210417,0.215104,358344000.000000,981003600.0
981003600.0,0.215104,0.217708,0.205729,0.216211,371856000.000000,981090000.0
981090000.0,0.216406,0.221354,0.193750,0.195313,320520000.000000,981176400.0
981349200.0,0.195052,0.196354,0.183594,0.195052,367584000.000000,981435600.0
981435600.0,0.191406,0.200000,0.190951,0.196094,250440000.000000,981522000.0
981522000.0,0.194792,0.196354,0.176563,0.186979,720384000.000000,981608400.0
981608400.0,0.188021,0.198698,0.185156,0.185938,384288000.000000,981694800.0
981694800.0,0.184375,0.185677,0.177865,0.184635,259608000.000000,981781200.0
981954000.0,0.182552,0.184635,0.170833,0.179688,354336000.000000,982040400.0
982040400.0,0.183073,0.193750,0.180990,0.185156,467736000.000000,982126800.0
982126800.0,0.182813,0.204167,0.175000,0.198698,690888000.000000,982213200.0
982213200.0,0.226042,0.239063,0.224479,0.235156,1108512000.000000,982299600.0
982299600.0,0.223177,0.254167,0.222917,0.247917,1081176000.000000,982386000.0
982645200.0,0.241667,0.246875,0.222917,0.223177,701304000.000000,982731600.0
982731600.0,0.214844,0.242708,0.212500,0.233333,646512000.000000,982818000.0
982818000.0,0.232031,0.250000,0.225000,0.243229,815304000.000000,982904400.0
982904400.0,0.241927,0.245833,0.218750,0.226432,1034664000.000000,982990800.0
983163600.0,0.219792,0.226042,0.211719,0.221354,751824000.000000,983250000.0
983250000.0,0.215885,0.224479,0.206771,0.208073,533832000.000000,983336400.0
983336400.0,0.206510,0.218750,0.182292,0.186198,784056000.000000,983422800.0
983422800.0,0.183854,0.204167,0.166667,0.200911,915288000.000000,983509200.0
983509200.0,0.186458,0.199740,0.179167,0.181576,1413504000.000000,983595600.0
983768400.0,0.174479,0.188021,0.173438,0.183333,742296000.000000,983854800.0
983854800.0,0.192708,0.207552,0.189453,0.201042,834408000.000000,983941200.0
983941200.0,0.205469,0.217708,0.201823,0.217188,938280000.000000,984027600.0
984027600.0,0.210938,0.226823,0.210938,0.224479,829344000.000000,984114000.0
984114000.0,0.212760,0.213802,0.189063,0.208594,1216776000.000000,984200400.0
984373200.0,0.201563,0.210938,0.192188,0.201042,762144000.000000,984459600.0
984459600.0,0.203646,0.228125,0.202604,0.225000,1082352000.000000,984546000.0
984546000.0,0.214844,0.238542,0.214844,0.237760,1351128000.000000,984632400.0
984632400.0,0.252344,0.265560,0.243229,0.249479,1875984000.000000,984718800.0
984718800.0,0.245573,0.255208,0.238281,0.248438,1225200000.000000,984805200.0
984978000.0,0.247135,0.264583,0.233659,0.262760,943896000.000000,985064400.0
985064400.0,0.259635,0.276042,0.235417,0.238281,1990560000.000000,985150800.0
985150800.0,0.238802,0.263021,0.237500,0.255990,1877352000.000000,985237200.0
985237200.0,0.258333,0.282813,0.256250,0.281771,1697760000.000000,985323600.0
985323600.0,0.286979,0.292188,0.265104,0.279167,1509672000.000000,985410000.0
985582800.0,0.279167,0.295833,0.279167,0.294271,1542960000.000000,985669200.0
985669200.0,0.288542,0.298698,0.271354,0.283594,1702152000.000000,985755600.0
985755600.0,0.275781,0.291146,0.275000,0.283789,1433280000.000000,985842000.0
985842000.0,0.281315,0.297917,0.275521,0.288021,1632960000.000000,985928400.0
985928400.0,0.285938,0.291406,0.268750,0.270508,1423176000.000000,986014800.0
986184000.0,0.269792,0.276302,0.255729,0.259115,1265160000.000000,986270400.0
986270400.0,0.255208,0.274740,0.254948,0.267708,1991616000.000000,986356800.0
986356800.0,0.257552,0.258073,0.224219,0.240104,3362472000.000000,986443200.0
986443200.0,0.255990,0.266406,0.248958,0.262240,1724760000.000000,986529600.0
986529600.0,0.258854,0.275000,0.254427,0.261198,1547664000.000000,986616000.0
986788800.0,0.266250,0.272708,0.244375,0.248500,1097160000.000000,986875200.0
986875200.0,0.254458,0.280000,0.252125,0.271958,1186416000.000000,986961600.0
986961600.0,0.288708,0.299167,0.280417,0.288375,1426872000.000000,987048000.0
987048000.0,0.283042,0.305208,0.277625,0.292708,1440264000.000000,987134400.0
987393600.0,0.287500,0.293542,0.280333,0.285583,764112000.000000,987480000.0
987480000.0,0.281375,0.301875,0.281250,0.299583,1112448000.000000,987566400.0
987566400.0,0.312208,0.351667,0.312208,0.321917,2301864000.000000,987652800.0
987652800.0,0.323750,0.355125,0.322292,0.349583,1632264000.000000,987739200.0
987739200.0,0.345375,0.374958,0.336250,0.362333,1773840000.000000,987825600.0
987998400.0,0.354458,0.354792,0.339583,0.343208,1239000000.000000,988084800.0
988084800.0,0.342250,0.367875,0.313542,0.318917,1828320000.000000,988171200.0
988171200.0,0.319750,0.344958,0.318542,0.333583,1423728000.000000,988257600.0
988257600.0,0.340833,0.340833,0.304167,0.307292,1486008000.000000,988344000.0
988344000.0,0.319167,0.330542,0.312958,0.329167,915672000.000000,988430400.0
988603200.0,0.338125,0.366458,0.330958,0.347083,1583280000.000000,988689600.0
988689600.0,0.348333,0.380417,0.342708,0.379500,1867368000.000000,988776000.0
988776000.0,0.389375,0.389375,0.365833,0.370792,1547784000.000000,988862400.0
988862400.0,0.359583,0.370833,0.357333,0.369167,960504000.000000,988948800.0
988948800.0,0.358333,0.380125,0.356667,0.374250,953520000.000000,989035200.0
989208000.0,0.372833,0.393750,0.368458,0.391042,975600000.000000,989294400.0
989294400.0,0.396833,0.397000,0.359417,0.362750,1620144000.000000,989380800.0
989380800.0,0.351208,0.358833,0.343333,0.345750,1319040000.000000,989467200.0
989467200.0,0.355750,0.359958,0.330000,0.334125,998904000.000000,989553600.0
989553600.0,0.333292,0.335417,0.318917,0.325583,921216000.000000,989640000.0
989812800.0,0.326542,0.332250,0.314792,0.328375,702432000.000000,989899200.0
989899200.0,0.331250,0.354167,0.327500,0.340167,1242600000.000000,989985600.0
989985600.0,0.332375,0.358333,0.330250,0.356208,957096000.000000,990072000.0
990072000.0,0.357375,0.372917,0.351875,0.362500,919056000.000000,990158400.0
990158400.0,0.361292,0.370833,0.352500,0.359583,575832000.000000,990244800.0
990417600.0,0.358792,0.383333,0.351583,0.375833,1064688000.000000,990504000.0
990504000.0,0.381333,0.390833,0.366667,0.387083,1049976000.000000,990590400.0
990590400.0,0.402292,0.416667,0.379167,0.383792,2244912000.000000,990676800.0
990676800.0,0.381250,0.399333,0.369792,0.389458,1680576000.000000,990763200.0
990763200.0,0.381625,0.387292,0.375000,0.382083,947952000.000000,990849600.0
991108800.0,0.379917,0.380000,0.361250,0.366417,920568000.000000,991195200.0
991195200.0,0.357792,0.375958,0.355833,0.359583,3308904000.000000,991281600.0
991281600.0,0.362458,0.364583,0.349000,0.356708,1262928000.000000,991368000.0
991368000.0,0.359167,0.379500,0.357083,0.376458,1022472000.000000,991454400.0
991627200.0,0.376708,0.378708,0.365667,0.370625,621552000.000000,991713600.0
991713600.0,0.370208,0.393958,0.369583,0.390083,987168000.000000,991800000.0
991800000.0,0.391542,0.396875,0.385833,0.391750,698976000.000000,991886400.0
991886400.0,0.388292,0.415000,0.385417,0.413875,1141152000.000000,991972800.0
991972800.0,0.412625,0.413250,0.398833,0.403125,712680000.000000,992059200.0
992232000.0,0.403708,0.404167,0.385083,0.391333,581928000.000000,992318400.0
992318400.0,0.383125,0.410208,0.382292,0.404375,1102728000.000000,992404800.0
992404800.0,0.407333,0.413500,0.387292,0.390792,938712000.000000,992491200.0
992491200.0,0.385750,0.396625,0.380208,0.389958,946152000.000000,992577600.0
992577600.0,0.385417,0.402917,0.378250,0.396042,1094544000.000000,992664000.0
992836800.0,0.395042,0.401458,0.376042,0.380375,856656000.000000,992923200.0
992923200.0,0.387542,0.396583,0.351875,0.359583,1513128000.000000,993009600.0
993009600.0,0.352958,0.379167,0.345625,0.375042,1759200000.000000,993096000.0
993096000.0,0.373542,0.388750,0.363542,0.382125,1484568000.000000,993182400.0
993182400.0,0.380208,0.390375,0.375417,0.380417,761184000.000000,993268800.0
993441600.0,0.384667,0.386250,0.368583,0.379667,640032000.000000,993528000.0
993528000.0,0.371250,0.392500,0.369792,0.390625,757920000.000000,993614400.0
993614400.0,0.388750,0.389583,0.371917,0.378542,895752000.000000,993700800.0
993700800.0,0.383625,0.388542,0.379167,0.383000,909336000.000000,993787200.0
993787200.0,0.384375,0.392500,0.380042,0.386458,730920000.000000,993873600.0
994046400.0,0.371167,0.374292,0.363750,0.369333,1040016000.000000,994132800.0
994132800.0,0.366792,0.377917,0.364917,0.374042,406296000.000000,994219200.0
994305600.0,0.369583,0.371875,0.346458,0.346917,1020096000.000000,994392000.0
994392000.0,0.341708,0.344375,0.329583,0.336250,802824000.000000,994478400.0
994651200.0,0.331875,0.339917,0.322083,0.325250,1014072000.000000,994737600.0
994737600.0,0.329583,0.333958,0.323958,0.327917,1221744000.000000,994824000.0
994824000.0,0.326667,0.332542,0.317167,0.327292,904632000.000000,994910400.0
994910400.0,0.342708,0.346875,0.334375,0.344458,981552000.000000,994996800.0
994996800.0,0.341917,0.345667,0.330208,0.337333,690144000.000000,995083200.0
995256000.0,0.333542,0.337500,0.308542,0.310208,1191696000.000000,995342400.0
995342400.0,0.305000,0.330583,0.302083,0.327542,1169904000.000000,995428800.0
995428800.0,0.319750,0.328583,0.309500,0.316208,840984000.000000,995515200.0
995515200.0,0.320792,0.334667,0.315875,0.321292,840024000.000000,995601600.0
995601600.0,0.313292,0.320417,0.302083,0.312042,742464000.000000,995688000.0
995860800.0,0.312500,0.312917,0.282125,0.282500,1547976000.000000,995947200.0
995947200.0,0.286292,0.301875,0.280250,0.301625,1365312000.000000,996033600.0
996033600.0,0.301083,0.301667,0.288667,0.298708,1245888000.000000,996120000.0
996120000.0,0.295875,0.331250,0.294375,0.329167,1714152000.000000,996206400.0
996206400.0,0.328542,0.341125,0.318750,0.337500,1094688000.000000,996292800.0
996465600.0,0.337917,0.339292,0.325833,0.329458,582288000.000000,996552000.0
996552000.0,0.329917,0.338542,0.317917,0.337083,1187760000.000000,996638400.0
996638400.0,0.343708,0.359417,0.341333,0.357667,1204944000.000000,996724800.0
996724800.0,0.362208,0.367458,0.349958,0.366167,1097928000.000000,996811200.0
996811200.0,0.362500,0.368917,0.355667,0.363292,820344000.000000,996897600.0
997070400.0,0.360708,0.378000,0.356833,0.374292,1292568000.000000,997156800.0
997156800.0,0.374208,0.376042,0.364375,0.368750,1088616000.000000,997243200.0
997243200.0,0.365542,0.375000,0.357750,0.359375,1125696000.000000,997329600.0
997329600.0,0.357708,0.364750,0.346667,0.353083,1643616000.000000,997416000.0
997416000.0,0.352917,0.357500,0.342083,0.352667,1036488000.000000,997502400.0
997675200.0,0.358708,0.371458,0.353375,0.367458,1514784000.000000,997761600.0
997761600.0,0.360792,0.363125,0.353167,0.357708,2321160000.000000,997848000.0
997848000.0,0.365792,0.370083,0.354958,0.358125,1816392000.000000,997934400.0
997934400.0,0.351542,0.373750,0.350125,0.373208,1026096000.000000,998020800.0
998020800.0,0.363750,0.368500,0.346083,0.349042,1668840000.000000,998107200.0
998280000.0,0.346833,0.350375,0.336000,0.346625,1183320000.000000,998366400.0
998366400.0,0.347500,0.356667,0.338792,0.339333,1186656000.000000,998452800.0
998452800.0,0.345333,0.353667,0.334375,0.353292,1498104000.000000,998539200.0
998539200.0,0.352083,0.356625,0.343750,0.345458,1013592000.000000,998625600.0
998625600.0,0.349167,0.362458,0.347125,0.355333,1110936000.000000,998712000.0
998884800.0,0.347375,0.372333,0.346042,0.367625,1279608000.000000,998971200.0
998971200.0,0.366625,0.374792,0.360000,0.362833,1178760000.000000,999057600.0
999057600.0,0.363833,0.366125,0.348125,0.351167,1435800000.000000,999144000.0
999144000.0,0.344583,0.352500,0.336458,0.350042,1431312000.000000,999230400.0
999230400.0,0.347708,0.356167,0.343125,0.352958,887904000.000000,999316800.0
999576000.0,0.352000,0.352000,0.325958,0.328417,1856136000.000000,999662400.0
999662400.0,0.328125,0.337917,0.314792,0.335417,2395584000.000000,999748800.0
999748800.0,0.328792,0.339167,0.320208,0.321708,1950768000.000000,999835200.0
999835200.0,0.316667,0.330000,0.315000,0.325083,1970256000.000000,999921600.0
1000094400.0,0.322333,0.327292,0.309125,0.315667,1872360000.000000,1000180800.0
1000699200.0,0.296000,0.303250,0.281833,0.283250,1138596000.000000,1000785600.0
1000785600.0,0.288750,0.290833,0.259750,0.266167,894372000.000000,1000872000.0
1000872000.0,0.267667,0.270750,0.225500,0.262917,1561908000.000000,1000958400.0
1000958400.0,0.248833,0.257917,0.233333,0.240667,1470696000.000000,1001044800.0
1001044800.0,0.222083,0.235667,0.216750,0.224750,1226304000.000000,1001131200.0
1001304000.0,0.242583,0.253667,0.231833,0.250000,1507500000.000000,1001390400.0
1001390400.0,0.250750,0.261583,0.239500,0.240250,941724000.000000,1001476800.0
1001476800.0,0.243333,0.244167,0.229167,0.231583,430812000.000000,1001563200.0
1001563200.0,0.230750,0.233333,0.212583,0.218750,907296000.000000,1001649600.0
1001649600.0,0.225000,0.240083,0.215417,0.228917,1044876000.000000,1001736000.0
1001908800.0,0.228750,0.232500,0.205833,0.209500,972804000.000000,1001995200.0
1001995200.0,0.209167,0.217500,0.188833,0.199000,1123032000.000000,1002081600.0
1002081600.0,0.198000,0.250750,0.198000,0.238167,1798824000.000000,1002168000.0
1002168000.0,0.250833,0.281667,0.242167,0.269083,1980576000.000000,1002254400.0
1002254400.0,0.265000,0.280750,0.254917,0.274167,1078212000.000000,1002340800.0
1002513600.0,0.263333,0.290750,0.263333,0.280333,765900000.000000,1002600000.0
1002600000.0,0.281083,0.286667,0.260167,0.268167,917556000.000000,1002686400.0
1002686400.0,0.263417,0.287500,0.261667,0.285417,968124000.000000,1002772800.0
1002772800.0,0.300667,0.317167,0.299083,0.316333,918000000.000000,1002859200.0
1002859200.0,0.308333,0.337500,0.307250,0.336917,1253100000.000000,1002945600.0
1003118400.0,0.327083,0.345833,0.317917,0.335417,908568000.000000,1003204800.0
1003204800.0,0.335000,0.371833,0.328083,0.369167,1383852000.000000,1003291200.0
1003291200.0,0.377333,0.377500,0.345833,0.347500,1695540000.000000,1003377600.0
1003377600.0,0.347500,0.365583,0.346667,0.362167,1020864000.000000,1003464000.0
1003464000.0,0.357000,0.375000,0.352500,0.369667,1059264000.000000,1003550400.0
1003723200.0,0.366917,0.383333,0.358750,0.378417,970824000.000000,1003809600.0
1003809600.0,0.383250,0.390083,0.363333,0.371750,953028000.000000,1003896000.0
1003896000.0,0.365000,0.389083,0.360833,0.388167,1212144000.000000,1003982400.0
1003982400.0,0.379167,0.417833,0.373333,0.410917,1152396000.000000,1004068800.0
1004068800.0,0.408083,0.420333,0.379167,0.381583,1097124000.000000,1004155200.0
1004331600.0,0.382917,0.389583,0.350167,0.350583,1004796000.000000,1004418000.0
1004418000.0,0.344167,0.366167,0.336250,0.350000,1153380000.000000,1004504400.0
1004504400.0,0.363083,0.372917,0.352083,0.357167,989292000.000000,1004590800.0
1004590800.0,0.361750,0.390583,0.356250,0.387667,1093776000.000000,1004677200.0
1004677200.0,0.385917,0.397833,0.371667,0.393083,1087248000.000000,1004763600.0
1004936400.0,0.399917,0.410833,0.392000,0.394500,933456000.000000,1005022800.0
1005022800.0,0.393750,0.423417,0.391667,0.421583,1415376000.000000,1005109200.0
1005109200.0,0.418333,0.438167,0.415917,0.421917,1419144000.000000,1005195600.0
1005195600.0,0.427167,0.432833,0.402083,0.414583,1915188000.000000,1005282000.0
1005282000.0,0.432917,0.443667,0.424917,0.443333,2270484000.000000,1005368400.0
1005541200.0,0.441667,0.466583,0.428167,0.455250,1458636000.000000,1005627600.0
1005627600.0,0.456667,0.456750,0.445000,0.451500,1446516000.000000,1005714000.0
1005714000.0,0.454833,0.459167,0.426667,0.438917,1150224000.000000,1005800400.0
1005800400.0,0.433917,0.447250,0.428417,0.441250,874944000.000000,1005886800.0
1005886800.0,0.441667,0.446333,0.431500,0.437417,496128000.000000,1005973200.0
1006146000.0,0.441750,0.445833,0.404167,0.427833,1943052000.000000,1006232400.0
1006232400.0,0.429917,0.437417,0.411083,0.415833,937884000.000000,1006318800.0
1006318800.0,0.408833,0.421417,0.398333,0.410500,728412000.000000,1006405200.0
1006491600.0,0.412083,0.416667,0.405000,0.416250,254016000.000000,1006578000.0
1006750800.0,0.423250,0.446583,0.422083,0.446000,1215780000.000000,1006837200.0
1006837200.0,0.445750,0.460833,0.437500,0.450750,1183992000.000000,1006923600.0
1006923600.0,0.445000,0.452417,0.427000,0.428000,740844000.000000,1007010000.0
1007010000.0,0.459083,0.461417,0.445000,0.446750,5135472000.000000,1007096400.0
1007096400.0,0.446583,0.458583,0.440000,0.455333,1034028000.000000,1007182800.0
1007355600.0,0.445750,0.451333,0.440417,0.448417,851496000.000000,1007442000.0
1007442000.0,0.450667,0.485000,0.450667,0.484500,1384644000.000000,1007528400.0
1007528400.0,0.488333,0.524583,0.487917,0.523583,1707036000.000000,1007614800.0
1007614800.0,0.519500,0.520833,0.502250,0.515333,1138944000.000000,1007701200.0
1007701200.0,0.511500,0.516167,0.490667,0.499583,807036000.000000,1007787600.0
1007960400.0,0.497083,0.516000,0.492917,0.504583,695868000.000000,1008046800.0
1008046800.0,0.513417,0.534583,0.508333,0.522667,792252000.000000,1008133200.0
1008133200.0,0.526667,0.539167,0.516500,0.538917,1004628000.000000,1008219600.0
1008219600.0,0.528333,0.535083,0.521333,0.523417,881400000.000000,1008306000.0
1008306000.0,0.523333,0.549583,0.520917,0.547000,754680000.000000,1008392400.0
1008565200.0,0.542833,0.574583,0.542833,0.566667,1080960000.000000,1008651600.0
1008651600.0,0.554250,0.562083,0.547417,0.552083,886968000.000000,1008738000.0
1008738000.0,0.543000,0.554083,0.534917,0.537000,854652000.000000,1008824400.0
1008824400.0,0.539167,0.548917,0.513917,0.515833,951228000.000000,1008910800.0
1008910800.0,0.527083,0.541667,0.521000,0.538167,723972000.000000,1008997200.0
1009170000.0,0.537917,0.554333,0.537667,0.551583,265308000.000000,1009256400.0
1009342800.0,0.554333,0.574500,0.554250,0.565083,642156000.000000,1009429200.0
1009429200.0,0.570000,0.580750,0.569167,0.578167,730152000.000000,1009515600.0
1009515600.0,0.581583,0.585417,0.558667,0.564250,757680000.000000,1009602000.0
1009774800.0,0.568417,0.571667,0.556250,0.557500,737580000.000000,1009861200.0
1009947600.0,0.559917,0.570417,0.545833,0.560833,1298904000.000000,1010034000.0
1010034000.0,0.562000,0.600000,0.561667,0.597583,1414752000.000000,1010120400.0
1010120400.0,0.605500,0.605500,0.570000,0.580167,936288000.000000,1010206800.0
1010379600.0,0.582500,0.583333,0.556750,0.564583,973068000.000000,1010466000.0
1010466000.0,0.563417,0.584833,0.561500,0.571250,774360000.000000,1010552400.0
1010552400.0,0.579167,0.589583,0.555417,0.563417,1141188000.000000,1010638800.0
1010638800.0,0.560417,0.568083,0.545000,0.549917,992508000.000000,1010725200.0
1010725200.0,0.553583,0.553750,0.523417,0.525583,1380852000.000000,1010811600.0
1010984400.0,0.524417,0.528083,0.498000,0.498000,1369560000.000000,1011070800.0
1011070800.0,0.518750,0.544833,0.518167,0.544500,1838808000.000000,1011157200.0
1011157200.0,0.537083,0.540583,0.521250,0.523250,1115388000.000000,1011243600.0
1011243600.0,0.540583,0.541667,0.521000,0.541583,1121544000.000000,1011330000.0
1011330000.0,0.521167,0.535417,0.520833,0.531667,803676000.000000,1011416400.0
1011675600.0,0.536667,0.538083,0.512333,0.518333,1085028000.000000,1011762000.0
1011762000.0,0.523000,0.531833,0.512667,0.528083,889164000.000000,1011848400.0
1011848400.0,0.533333,0.552500,0.522083,0.547000,1137684000.000000,1011934800.0
1011934800.0,0.539167,0.559167,0.532500,0.545583,817752000.000000,1012021200.0
1012194000.0,0.556250,0.566667,0.550750,0.566583,924288000.000000,1012280400.0
1012280400.0,0.567917,0.569583,0.530000,0.538833,1381932000.000000,1012366800.0
1012366800.0,0.541667,0.545750,0.528750,0.545333,1218456000.000000,1012453200.0
1012453200.0,0.552417,0.556667,0.529583,0.547833,973980000.000000,1012539600.0
1012539600.0,0.546917,0.552750,0.531250,0.534417,688272000.000000,1012626000.0
1012798800.0,0.533250,0.546250,0.508417,0.509250,1104864000.000000,1012885200.0
1012885200.0,0.505833,0.510250,0.484417,0.504250,1474620000.000000,1012971600.0
1012971600.0,0.517583,0.525750,0.507500,0.516833,1242528000.000000,1013058000.0
1013058000.0,0.517500,0.517500,0.497667,0.500083,964476000.000000,1013144400.0
1013144400.0,0.503417,0.506250,0.461917,0.481000,1871292000.000000,1013230800.0
1013403600.0,0.480250,0.508333,0.478500,0.507583,1249224000.000000,1013490000.0
1013490000.0,0.499917,0.527917,0.494167,0.518333,1216500000.000000,1013576400.0
1013576400.0,0.525000,0.533833,0.506667,0.511667,1230432000.000000,1013662800.0
1013662800.0,0.516000,0.528750,0.509500,0.518000,1225692000.000000,1013749200.0
1013749200.0,0.494167,0.497083,0.472917,0.477917,3988548000.000000,1013835600.0
1014094800.0,0.457500,0.462250,0.442583,0.446250,1972524000.000000,1014181200.0
1014181200.0,0.438333,0.474583,0.437500,0.469583,1838736000.000000,1014267600.0
1014267600.0,0.463167,0.463333,0.436917,0.437500,1531044000.000000,1014354000.0
1014354000.0,0.428750,0.433750,0.410417,0.416000,2585616000.000000,1014440400.0
1014613200.0,0.417917,0.451833,0.417833,0.448583,1599564000.000000,1014699600.0
1014699600.0,0.458417,0.466250,0.446250,0.458333,1902672000.000000,1014786000.0
1014786000.0,0.468750,0.470750,0.441667,0.442917,1723224000.000000,1014872400.0
1014872400.0,0.440000,0.447917,0.421333,0.425083,1585440000.000000,1014958800.0
1014958800.0,0.429167,0.466667,0.427917,0.466167,1311396000.000000,1015045200.0
1015218000.0,0.467583,0.497500,0.463083,0.492167,1484724000.000000,1015304400.0
1015304400.0,0.484583,0.504083,0.484167,0.490917,1379448000.000000,1015390800.0
1015390800.0,0.476250,0.481083,0.465250,0.475500,1446060000.000000,1015477200.0
1015477200.0,0.482250,0.483833,0.458500,0.471667,1346532000.000000,1015563600.0
1015563600.0,0.480667,0.495750,0.478333,0.485750,1270356000.000000,1015650000.0
1015822800.0,0.480417,0.485750,0.472083,0.480083,810540000.000000,1015909200.0
1015909200.0,0.465417,0.467917,0.451667,0.454917,1255032000.000000,1015995600.0
1015995600.0,0.450667,0.453917,0.445000,0.446667,1031616000.000000,1016082000.0
1016082000.0,0.443333,0.443333,0.421000,0.421917,1139460000.000000,1016168400.0
1016168400.0,0.424917,0.440250,0.416833,0.439750,1248288000.000000,1016254800.0
1016427600.0,0.447750,0.457417,0.434750,0.439750,1236996000.000000,1016514000.0
1016514000.0,0.442917,0.443750,0.427833,0.430417,846072000.000000,1016600400.0
1016600400.0,0.423333,0.424167,0.386250,0.387667,2292588000.000000,1016686800.0
1016686800.0,0.394250,0.412917,0.383833,0.408250,1721712000.000000,1016773200.0
1016773200.0,0.415583,0.415583,0.401667,0.404750,1249140000.000000,1016859600.0
1017032400.0,0.402833,0.403333,0.383333,0.383833,884160000.000000,1017118800.0
1017118800.0,0.379833,0.401417,0.377667,0.391667,1123512000.000000,1017205200.0
1017205200.0,0.385667,0.393500,0.372500,0.379167,1068012000.000000,1017291600.0
1017291600.0,0.381750,0.384167,0.348917,0.369667,3124080000.000000,1017378000.0
1017637200.0,0.349167,0.366417,0.338000,0.363583,2365344000.000000,1017723600.0
1017723600.0,0.352667,0.372417,0.352000,0.354083,1438008000.000000,1017810000.0
1017810000.0,0.355667,0.365333,0.348333,0.360750,1094640000.000000,1017896400.0
1017896400.0,0.358000,0.371250,0.353083,0.359000,1130964000.000000,1017982800.0
1017982800.0,0.361333,0.367167,0.347167,0.350833,1026900000.000000,1018069200.0
1018238400.0,0.334583,0.362583,0.334500,0.362583,1151316000.000000,1018324800.0
1018324800.0,0.366167,0.369167,0.338833,0.339667,1380768000.000000,1018411200.0
1018411200.0,0.342417,0.345000,0.296667,0.320917,3689724000.000000,1018497600.0
1018497600.0,0.318333,0.322417,0.303333,0.306833,1437288000.000000,1018584000.0
1018584000.0,0.313667,0.316167,0.296083,0.305667,1376880000.000000,1018670400.0
1018843200.0,0.311583,0.323250,0.310833,0.318000,1157208000.000000,1018929600.0
1018929600.0,0.332250,0.335667,0.325333,0.331833,854856000.000000,1019016000.0
1019016000.0,0.335750,0.340667,0.325250,0.335750,944484000.000000,1019102400.0
1019102400.0,0.332333,0.335917,0.322917,0.330167,693156000.000000,1019188800.0
1019188800.0,0.319000,0.322917,0.307250,0.307667,1125672000.000000,1019275200.0
1019448000.0,0.304250,0.315417,0.304167,0.309167,808176000.000000,1019534400.0
1019534400.0,0.311583,0.315167,0.293917,0.296667,773508000.000000,1019620800.0
1019620800.0,0.300083,0.304500,0.269917,0.270667,1582956000.000000,1019707200.0
1019707200.0,0.269583,0.286583,0.269500,0.281167,1168296000.000000,1019793600.0
1019793600.0,0.284250,0.284583,0.253083,0.253083,1191120000.000000,1019880000.0
1020052800.0,0.283000,0.299500,0.273500,0.295250,3930852000.000000,1020139200.0
1020139200.0,0.302250,0.306250,0.283750,0.290083,1776504000.000000,1020225600.0
1020225600.0,0.285333,0.299417,0.277917,0.295333,1718904000.000000,1020312000.0
1020312000.0,0.296750,0.304083,0.283333,0.283417,1125084000.000000,1020398400.0
1020398400.0,0.283750,0.285917,0.271500,0.272917,852756000.000000,1020484800.0
1020657600.0,0.265833,0.278333,0.260333,0.262500,1102044000.000000,1020744000.0
1020744000.0,0.268333,0.273917,0.255917,0.269083,1412448000.000000,1020830400.0
1020830400.0,0.287417,0.304667,0.278333,0.300000,1688688000.000000,1020916800.0
1020916800.0,0.299083,0.305250,0.286667,0.287167,1230840000.000000,1021003200.0
1021003200.0,0.293083,0.294167,0.262500,0.265667,1321548000.000000,1021089600.0
1021262400.0,0.268417,0.282667,0.266167,0.281750,800892000.000000,1021348800.0
1021348800.0,0.299750,0.312917,0.294583,0.309750,1526112000.000000,1021435200.0
1021435200.0,0.305000,0.321667,0.300750,0.315833,1504548000.000000,1021521600.0
1021521600.0,0.315917,0.322917,0.309500,0.316417,985560000.000000,1021608000.0
1021608000.0,0.325000,0.327333,0.316917,0.326417,934404000.000000,1021694400.0
1021867200.0,0.323667,0.332083,0.322167,0.329917,953412000.000000,1021953600.0
1021953600.0,0.334167,0.338750,0.304417,0.304750,1382604000.000000,1022040000.0
1022040000.0,0.307167,0.318917,0.306667,0.317083,1547988000.000000,1022126400.0
1022126400.0,0.318000,0.318667,0.288333,0.297750,2556780000.000000,1022212800.0
1022212800.0,0.292083,0.293583,0.285167,0.291917,737784000.000000,1022299200.0
1022558400.0,0.294500,0.294667,0.274500,0.280333,1367088000.000000,1022644800.0
1022644800.0,0.275833,0.292083,0.271583,0.290917,1311012000.000000,1022731200.0
1022731200.0,0.285000,0.293583,0.279417,0.286667,1066080000.000000,1022817600.0
1022817600.0,0.288333,0.289583,0.278333,0.278833,674112000.000000,1022904000.0
1023076800.0,0.272083,0.273333,0.259083,0.262417,901248000.000000,1023163200.0
1023163200.0,0.260750,0.277083,0.260333,0.275667,1095432000.000000,1023249600.0
1023249600.0,0.276250,0.276333,0.262083,0.271667,1114308000.000000,1023336000.0
1023336000.0,0.268833,0.275417,0.268750,0.271750,739356000.000000,1023422400.0
1023422400.0,0.249667,0.272500,0.249583,0.269167,1371300000.000000,1023508800.0
1023681600.0,0.272750,0.280333,0.266250,0.266917,749148000.000000,1023768000.0
1023768000.0,0.271333,0.272500,0.254250,0.254917,859308000.000000,1023854400.0
1023854400.0,0.248833,0.253333,0.222250,0.232917,2267544000.000000,1023940800.0
1023940800.0,0.234667,0.239000,0.223167,0.230500,1265892000.000000,1024027200.0
1024027200.0,0.222000,0.236583,0.214500,0.234833,1116444000.000000,1024113600.0
1024286400.0,0.240083,0.243167,0.232833,0.236917,1054140000.000000,1024372800.0
1024372800.0,0.234000,0.242500,0.231250,0.235667,1008300000.000000,1024459200.0
1024459200.0,0.224167,0.224167,0.197000,0.198750,2593620000.000000,1024545600.0
1024545600.0,0.199167,0.204583,0.194333,0.196917,1425048000.000000,1024632000.0
1024632000.0,0.195917,0.203500,0.184833,0.188833,1484364000.000000,1024718400.0
1024891200.0,0.184000,0.198250,0.178333,0.192333,1379592000.000000,1024977600.0
1024977600.0,0.195833,0.195833,0.175250,0.176417,1172232000.000000,1025064000.0
1025064000.0,0.156417,0.173167,0.152083,0.167250,2067828000.000000,1025150400.0
1025150400.0,0.173417,0.174750,0.140000,0.142333,3182808000.000000,1025236800.0
1025236800.0,0.140000,0.149083,0.136917,0.143167,1991184000.000000,1025323200.0
1025496000.0,0.142500,0.146667,0.139833,0.142833,1164372000.000000,1025582400.0
1025582400.0,0.141167,0.141667,0.130167,0.133833,1368180000.000000,1025668800.0
1025668800.0,0.133000,0.145667,0.132917,0.145417,1073304000.000000,1025755200.0
1025841600.0,0.155833,0.158333,0.151333,0.158250,739524000.000000,1025928000.0
1026100800.0,0.156417,0.168667,0.156250,0.163000,1587180000.000000,1026187200.0
1026187200.0,0.163417,0.165500,0.151500,0.155000,1075080000.000000,1026273600.0
1026273600.0,0.158750,0.160000,0.149667,0.150750,926988000.000000,1026360000.0
1026360000.0,0.149917,0.166667,0.148583,0.166083,1143948000.000000,1026446400.0
1026446400.0,0.175000,0.175667,0.162500,0.165917,1344900000.000000,1026532800.0
1026705600.0,0.166333,0.182500,0.158833,0.182417,1495272000.000000,1026792000.0
1026792000.0,0.177917,0.194583,0.174583,0.177500,1773432000.000000,1026878400.0
1026878400.0,0.173667,0.177083,0.155500,0.162417,1922364000.000000,1026964800.0
1026964800.0,0.159750,0.169167,0.157833,0.158250,1243188000.000000,1027051200.0
1027051200.0,0.153417,0.159500,0.150000,0.151083,845772000.000000,1027137600.0
1027310400.0,0.150417,0.154667,0.137917,0.144083,1290744000.000000,1027396800.0
1027396800.0,0.144917,0.145833,0.128417,0.133333,1409652000.000000,1027483200.0
1027483200.0,0.131500,0.144000,0.131417,0.141833,1175100000.000000,1027569600.0
1027569600.0,0.136333,0.136750,0.120917,0.125500,1796448000.000000,1027656000.0
1027656000.0,0.129167,0.132167,0.119167,0.122583,1221900000.000000,1027742400.0
1027915200.0,0.127667,0.128333,0.121917,0.126000,1227720000.000000,1028001600.0
1028001600.0,0.125417,0.141500,0.125000,0.135167,1818012000.000000,1028088000.0
1028088000.0,0.098500,0.100500,0.091167,0.092250,4837140000.000000,1028174400.0
1028174400.0,0.093000,0.093000,0.083333,0.083417,1725708000.000000,1028260800.0
1028260800.0,0.086083,0.086667,0.075833,0.077917,1795260000.000000,1028347200.0
1028520000.0,0.076750,0.076917,0.070750,0.071667,1330716000.000000,1028606400.0
1028606400.0,0.075000,0.078250,0.073833,0.075417,1168800000.000000,1028692800.0
1028692800.0,0.078750,0.079500,0.070833,0.073667,892980000.000000,1028779200.0
1028779200.0,0.074417,0.079833,0.072500,0.078500,755424000.000000,1028865600.0
1028865600.0,0.076417,0.079167,0.075083,0.076667,581304000.000000,1028952000.0
1029124800.0,0.075833,0.079583,0.073833,0.076667,592800000.000000,1029211200.0
1029211200.0,0.077167,0.080917,0.075000,0.075083,654420000.000000,1029297600.0
1029297600.0,0.076500,0.080833,0.075833,0.080167,632688000.000000,1029384000.0
1029384000.0,0.083167,0.087417,0.082333,0.085750,1140120000.000000,1029470400.0
1029470400.0,0.081167,0.092083,0.078667,0.089083,1657428000.000000,1029556800.0
1029729600.0,0.092917,0.112083,0.092750,0.105417,2243928000.000000,1029816000.0
1029816000.0,0.106250,0.108333,0.099417,0.100750,1429488000.000000,1029902400.0
1029902400.0,0.105333,0.107417,0.100417,0.106083,1194876000.000000,1029988800.0
1029988800.0,0.102917,0.107083,0.101833,0.102500,1358496000.000000,1030075200.0
1030075200.0,0.099583,0.100250,0.095167,0.095750,919932000.000000,1030161600.0
1030334400.0,0.097583,0.098250,0.092000,0.096500,698568000.000000,1030420800.0
1030420800.0,0.098167,0.098667,0.090417,0.091000,686712000.000000,1030507200.0
1030507200.0,0.090500,0.090667,0.085000,0.085333,700356000.000000,1030593600.0
1030593600.0,0.084250,0.090333,0.083583,0.086417,815520000.000000,1030680000.0
1030680000.0,0.085583,0.089167,0.082500,0.084167,1065888000.000000,1030766400.0
1031025600.0,0.080167,0.080583,0.077667,0.079000,847284000.000000,1031112000.0
1031112000.0,0.079250,0.081333,0.075083,0.078500,930552000.000000,1031198400.0
1031198400.0,0.077750,0.078083,0.075000,0.075500,714312000.000000,1031284800.0
1031284800.0,0.078667,0.079333,0.076000,0.077167,746460000.000000,1031371200.0
1031544000.0,0.076583,0.079500,0.074250,0.077083,578040000.000000,1031630400.0
1031630400.0,0.076667,0.092083,0.076583,0.088083,2317632000.000000,1031716800.0
1031716800.0,0.090833,0.099167,0.090833,0.092417,1657536000.000000,1031803200.0
1031803200.0,0.090167,0.095083,0.088500,0.089500,1294932000.000000,1031889600.0
1031889600.0,0.088583,0.092833,0.087500,0.088083,796872000.000000,1031976000.0
1032148800.0,0.086750,0.087083,0.080417,0.082500,925464000.000000,1032235200.0
1032235200.0,0.086167,0.088250,0.080750,0.081250,884052000.000000,1032321600.0
1032321600.0,0.080000,0.081583,0.076583,0.079000,811692000.000000,1032408000.0
1032408000.0,0.077250,0.080000,0.075917,0.076333,618492000.000000,1032494400.0
1032494400.0,0.076917,0.078500,0.075083,0.076750,687312000.000000,1032580800.0
1032753600.0,0.075500,0.076250,0.072917,0.073417,521676000.000000,1032840000.0
1032840000.0,0.072583,0.077500,0.071250,0.074000,624444000.000000,1032926400.0
1032926400.0,0.078333,0.079583,0.075250,0.078083,896616000.000000,1033012800.0
1033012800.0,0.079583,0.080417,0.072750,0.073917,739560000.000000,1033099200.0
1033099200.0,0.073750,0.075667,0.071250,0.071333,650688000.000000,1033185600.0
1033358400.0,0.071083,0.074417,0.069583,0.071333,584124000.000000,1033444800.0
1033444800.0,0.071917,0.075833,0.069333,0.075167,888360000.000000,1033531200.0
1033531200.0,0.075750,0.079583,0.075083,0.075083,749100000.000000,1033617600.0
1033617600.0,0.074167,0.075417,0.071250,0.071417,590568000.000000,1033704000.0
1033704000.0,0.071250,0.073500,0.066667,0.067833,529788000.000000,1033790400.0
1033963200.0,0.066917,0.068250,0.064000,0.064500,493068000.000000,1034049600.0
1034049600.0,0.066667,0.066833,0.060000,0.062583,714252000.000000,1034136000.0
1034136000.0,0.061667,0.065667,0.060333,0.061417,573132000.000000,1034222400.0
1034222400.0,0.060833,0.066583,0.060833,0.064583,538032000.000000,1034308800.0
1034308800.0,0.067083,0.074583,0.066667,0.073417,994140000.000000,1034395200.0
1034568000.0,0.071250,0.073417,0.069750,0.071250,611484000.000000,1034654400.0
1034654400.0,0.079167,0.082000,0.077583,0.078667,852768000.000000,1034740800.0
1034740800.0,0.073333,0.074000,0.070833,0.072083,578124000.000000,1034827200.0
1034827200.0,0.078333,0.081250,0.076417,0.077583,585792000.000000,1034913600.0
1034913600.0,0.077167,0.079167,0.074250,0.078333,498372000.000000,1035000000.0
1035172800.0,0.077250,0.088250,0.075500,0.085417,930624000.000000,1035259200.0
1035259200.0,0.081500,0.093333,0.081417,0.088250,1272168000.000000,1035345600.0
1035345600.0,0.089583,0.093083,0.088333,0.091833,925428000.000000,1035432000.0
1035432000.0,0.093667,0.094667,0.085833,0.087167,1055172000.000000,1035518400.0
1035518400.0,0.087500,0.092917,0.086333,0.092500,745956000.000000,1035604800.0
1035781200.0,0.096750,0.097500,0.092417,0.093000,1070544000.000000,1035867600.0
1035867600.0,0.093167,0.093833,0.084250,0.088917,772728000.000000,1035954000.0
1035954000.0,0.091750,0.096667,0.091417,0.093667,1139496000.000000,1036040400.0
1036040400.0,0.094333,0.099833,0.094083,0.099167,1255476000.000000,1036126800.0
1036126800.0,0.097667,0.118917,0.097500,0.117500,2128836000.000000,1036213200.0
1036386000.0,0.124583,0.137583,0.124250,0.130333,2688132000.000000,1036472400.0
1036472400.0,0.130000,0.132167,0.119583,0.125167,2034540000.000000,1036558800.0
1036558800.0,0.129417,0.135000,0.124333,0.134833,1646016000.000000,1036645200.0
1036645200.0,0.131333,0.131333,0.120500,0.121250,1660560000.000000,1036731600.0
1036731600.0,0.102500,0.108583,0.091750,0.094667,3798900000.000000,1036818000.0
1036990800.0,0.090167,0.091500,0.085167,0.087333,1378452000.000000,1037077200.0
1037077200.0,0.089417,0.098333,0.088667,0.095083,1381188000.000000,1037163600.0
1037163600.0,0.092833,0.100833,0.091000,0.098083,1802112000.000000,1037250000.0
1037250000.0,0.104583,0.106583,0.101417,0.104583,1138728000.000000,1037336400.0
1037336400.0,0.110000,0.115917,0.108750,0.112250,2054328000.000000,1037422800.0
1037595600.0,0.121250,0.121667,0.116083,0.116417,1982472000.000000,1037682000.0
1037682000.0,0.115750,0.124000,0.114500,0.118083,1971948000.000000,1037768400.0
1037768400.0,0.121667,0.125000,0.120083,0.124000,1292796000.000000,1037854800.0
1037854800.0,0.129000,0.140667,0.128750,0.134500,2053920000.000000,1037941200.0
1037941200.0,0.126333,0.133667,0.125000,0.131000,1251900000.000000,1038027600.0
1038200400.0,0.137083,0.139083,0.131750,0.135750,1230084000.000000,1038286800.0
1038286800.0,0.136417,0.139083,0.131667,0.132083,1084332000.000000,1038373200.0
1038373200.0,0.137667,0.144667,0.135917,0.142333,1088556000.000000,1038459600.0
1038546000.0,0.146083,0.148167,0.141667,0.142750,519396000.000000,1038632400.0
1038805200.0,0.150333,0.152250,0.141000,0.141667,1167504000.000000,1038891600.0
1038891600.0,0.139000,0.139333,0.132083,0.132333,1046220000.000000,1038978000.0
1038978000.0,0.123000,0.125000,0.116083,0.116500,2206548000.000000,1039064400.0
1039064400.0,0.124000,0.124833,0.114750,0.117583,1594872000.000000,1039150800.0
1039150800.0,0.112500,0.120000,0.110667,0.117750,1159224000.000000,1039237200.0
1039410000.0,0.113917,0.115750,0.107417,0.108333,969792000.000000,1039496400.0
1039496400.0,0.111083,0.119583,0.109667,0.117417,1389888000.000000,1039582800.0
1039582800.0,0.116583,0.120000,0.112667,0.116750,1364208000.000000,1039669200.0
1039669200.0,0.121083,0.122500,0.114583,0.114833,1302552000.000000,1039755600.0
1039755600.0,0.112750,0.112750,0.109500,0.110333,707724000.000000,1039842000.0
1040014800.0,0.114167,0.117500,0.111250,0.116833,1056972000.000000,1040101200.0
1040101200.0,0.118917,0.122917,0.115750,0.116667,1077744000.000000,1040187600.0
1040187600.0,0.113000,0.113167,0.107500,0.107750,1126836000.000000,1040274000.0
1040274000.0,0.105833,0.111417,0.104333,0.105417,1100604000.000000,1040360400.0
1040360400.0,0.108750,0.109917,0.101583,0.106833,804576000.000000,1040446800.0
1040619600.0,0.106583,0.110167,0.106250,0.107583,498648000.000000,1040706000.0
1040706000.0,0.108167,0.110333,0.104833,0.105417,300336000.000000,1040792400.0
1040878800.0,0.107167,0.108750,0.102583,0.103500,719760000.000000,1040965200.0
1040965200.0,0.106333,0.106583,0.098667,0.099583,702528000.000000,1041051600.0
1041224400.0,0.100000,0.101083,0.093833,0.096083,784740000.000000,1041310800.0
1041310800.0,0.095083,0.098333,0.093250,0.095917,825396000.000000,1041397200.0
1041483600.0,0.100000,0.103750,0.096583,0.102583,1302540000.000000,1041570000.0
1041570000.0,0.102917,0.106250,0.100833,0.102583,1037496000.000000,1041656400.0
1041829200.0,0.105083,0.112583,0.105000,0.110917,1033428000.000000,1041915600.0
1041915600.0,0.113083,0.115667,0.109333,0.110583,1498272000.000000,1042002000.0
1042002000.0,0.107750,0.110917,0.098833,0.099583,1852524000.000000,1042088400.0
1042088400.0,0.102667,0.103750,0.100333,0.101333,1436076000.000000,1042174800.0
1042174800.0,0.100000,0.104583,0.098667,0.103083,924492000.000000,1042261200.0
1042434000.0,0.107000,0.107917,0.101750,0.102250,849120000.000000,1042520400.0
1042520400.0,0.102583,0.104000,0.099917,0.103000,868524000.000000,1042606800.0
1042606800.0,0.103083,0.103917,0.099833,0.099833,904584000.000000,1042693200.0
1042693200.0,0.098333,0.099583,0.091750,0.093083,2039976000.000000,1042779600.0
1042779600.0,0.090583,0.091833,0.088417,0.089583,1058832000.000000,1042866000.0
1043125200.0,0.091250,0.093167,0.087083,0.087333,967356000.000000,1043211600.0
1043211600.0,0.087083,0.089667,0.086833,0.087417,550992000.000000,1043298000.0
1043298000.0,0.089750,0.091250,0.087417,0.089833,918456000.000000,1043384400.0
1043384400.0,0.089083,0.089500,0.083250,0.084750,897108000.000000,1043470800.0
1043643600.0,0.082917,0.087250,0.081417,0.083500,889116000.000000,1043730000.0
1043730000.0,0.082417,0.088083,0.079667,0.086500,1785480000.000000,1043816400.0
1043816400.0,0.084167,0.088917,0.084167,0.088250,1022040000.000000,1043902800.0
1043902800.0,0.090000,0.090750,0.083750,0.084667,743064000.000000,1043989200.0
1043989200.0,0.082167,0.088333,0.081417,0.086000,949656000.000000,1044075600.0
1044248400.0,0.087583,0.089333,0.085833,0.087667,755556000.000000,1044334800.0
1044334800.0,0.087083,0.087500,0.082500,0.083750,627720000.000000,1044421200.0
1044421200.0,0.085583,0.087917,0.084167,0.084500,581508000.000000,1044507600.0
1044507600.0,0.090333,0.090500,0.083750,0.085167,1226184000.000000,1044594000.0
1044594000.0,0.086833,0.087250,0.081167,0.081333,915156000.000000,1044680400.0
1044853200.0,0.081250,0.082917,0.077750,0.082333,982632000.000000,1044939600.0
1044939600.0,0.083000,0.085417,0.080417,0.080833,850716000.000000,1045026000.0
1045026000.0,0.080833,0.084250,0.080167,0.081250,641400000.000000,1045112400.0
1045112400.0,0.082667,0.083083,0.080417,0.082250,889164000.000000,1045198800.0
1045198800.0,0.093500,0.100417,0.091250,0.100333,3548844000.000000,1045285200.0
1045544400.0,0.104167,0.108083,0.102917,0.106083,1740516000.000000,1045630800.0
1045630800.0,0.105417,0.107750,0.104250,0.107083,1141212000.000000,1045717200.0
1045717200.0,0.107500,0.110333,0.106667,0.107083,978132000.000000,1045803600.0
1045803600.0,0.107000,0.107417,0.103333,0.107167,913260000.000000,1045890000.0
1046062800.0,0.106250,0.112417,0.105667,0.108500,1137012000.000000,1046149200.0
1046149200.0,0.105000,0.108333,0.103333,0.107833,1239204000.000000,1046235600.0
1046235600.0,0.106417,0.108167,0.102333,0.102583,746892000.000000,1046322000.0
1046322000.0,0.103583,0.105250,0.101917,0.104750,675312000.000000,1046408400.0
1046408400.0,0.101500,0.105417,0.098500,0.105167,1653336000.000000,1046494800.0
1046667600.0,0.106417,0.108333,0.102083,0.103417,702036000.000000,1046754000.0
1046754000.0,0.103750,0.104750,0.101583,0.102583,538392000.000000,1046840400.0
1046840400.0,0.101583,0.104833,0.101333,0.104250,522156000.000000,1046926800.0
1046926800.0,0.103417,0.104417,0.102083,0.102500,548064000.000000,1047013200.0
1047013200.0,0.100917,0.104417,0.100000,0.104083,581148000.000000,1047099600.0
1047272400.0,0.103000,0.103500,0.101000,0.101167,344796000.000000,1047358800.0
1047358800.0,0.101917,0.103583,0.100750,0.101917,417144000.000000,1047445200.0
1047445200.0,0.102750,0.105000,0.101833,0.104750,493920000.000000,1047531600.0
1047531600.0,0.107833,0.115833,0.107333,0.115167,1362732000.000000,1047618000.0
1047618000.0,0.115583,0.116667,0.111000,0.111833,1094220000.000000,1047704400.0
1047877200.0,0.110000,0.120583,0.109750,0.118333,1307808000.000000,1047963600.0
1047963600.0,0.117917,0.119250,0.115000,0.117417,932280000.000000,1048050000.0
1048050000.0,0.117667,0.118833,0.113833,0.118000,712992000.000000,1048136400.0
1048136400.0,0.118000,0.121583,0.114917,0.119083,780060000.000000,1048222800.0
1048222800.0,0.123167,0.123583,0.112667,0.118000,1681800000.000000,1048309200.0
1048482000.0,0.113167,0.116667,0.112500,0.113583,839016000.000000,1048568400.0
1048568400.0,0.113917,0.118583,0.113500,0.116833,672828000.000000,1048654800.0
1048654800.0,0.119417,0.122083,0.118500,0.120083,1107840000.000000,1048741200.0
1048741200.0,0.118500,0.121000,0.116333,0.116667,1392732000.000000,1048827600.0
1048827600.0,0.116667,0.117083,0.110083,0.111917,1290684000.000000,1048914000.0
1049086800.0,0.108500,0.109833,0.106833,0.107333,680508000.000000,1049173200.0
1049173200.0,0.109583,0.111667,0.107167,0.110500,533808000.000000,1049259600.0
1049259600.0,0.114250,0.116500,0.112750,0.114583,771900000.000000,1049346000.0
1049346000.0,0.116667,0.116667,0.113667,0.116083,702780000.000000,1049432400.0
1049432400.0,0.116417,0.116583,0.111083,0.111583,513840000.000000,1049518800.0
1049688000.0,0.119083,0.120000,0.111667,0.112750,671256000.000000,1049774400.0
1049774400.0,0.113750,0.114333,0.110917,0.111667,475032000.000000,1049860800.0
1049860800.0,0.112083,0.115083,0.110917,0.111083,694260000.000000,1049947200.0
1049947200.0,0.112583,0.112750,0.110583,0.111667,364104000.000000,1050033600.0
1050033600.0,0.112917,0.113833,0.109333,0.110417,374184000.000000,1050120000.0
1050292800.0,0.108750,0.112667,0.108417,0.112333,445776000.000000,1050379200.0
1050379200.0,0.111583,0.113167,0.108833,0.111750,490212000.000000,1050465600.0
1050465600.0,0.114333,0.114583,0.110833,0.111750,671988000.000000,1050552000.0
1050552000.0,0.112583,0.114000,0.110250,0.113750,520740000.000000,1050638400.0
1050897600.0,0.113917,0.117000,0.112833,0.116667,597144000.000000,1050984000.0
1050984000.0,0.116083,0.118250,0.114167,0.118167,787392000.000000,1051070400.0
1051070400.0,0.118000,0.121583,0.117083,0.120833,606204000.000000,1051156800.0
1051156800.0,0.120917,0.120917,0.115667,0.117250,660912000.000000,1051243200.0
1051243200.0,0.116583,0.118583,0.111833,0.112917,884652000.000000,1051329600.0
1051502400.0,0.114250,0.118417,0.112917,0.116333,674988000.000000,1051588800.0
1051588800.0,0.119000,0.121583,0.118083,0.119917,670344000.000000,1051675200.0
1051675200.0,0.119250,0.122500,0.118750,0.119417,466620000.000000,1051761600.0
1051761600.0,0.118583,0.121333,0.117917,0.120167,733368000.000000,1051848000.0
1051848000.0,0.121750,0.133333,0.121083,0.132500,1691088000.000000,1051934400.0
1052107200.0,0.133750,0.142000,0.131333,0.135750,1576164000.000000,1052193600.0
1052193600.0,0.135083,0.139417,0.133750,0.135917,1143864000.000000,1052280000.0
1052280000.0,0.133917,0.137083,0.131417,0.133750,897372000.000000,1052366400.0
1052366400.0,0.132083,0.139167,0.130417,0.133833,1957452000.000000,1052452800.0
1052452800.0,0.156917,0.179417,0.152500,0.178083,9230856000.000000,1052539200.0
1052712000.0,0.178500,0.182500,0.171667,0.173083,3007860000.000000,1052798400.0
1052798400.0,0.167167,0.172500,0.166167,0.169833,1824108000.000000,1052884800.0
1052884800.0,0.170417,0.172500,0.167500,0.169667,965580000.000000,1052971200.0
1052971200.0,0.172167,0.175833,0.171250,0.175500,1105656000.000000,1053057600.0
1053057600.0,0.173333,0.180250,0.173083,0.177167,1028916000.000000,1053144000.0
1053316800.0,0.174833,0.176500,0.165083,0.167167,1220484000.000000,1053403200.0
1053403200.0,0.167417,0.169583,0.166667,0.168333,884124000.000000,1053489600.0
1053489600.0,0.168417,0.174333,0.167500,0.174250,905472000.000000,1053576000.0
1053576000.0,0.174500,0.176417,0.170417,0.174833,888816000.000000,1053662400.0
1053662400.0,0.175000,0.178333,0.173167,0.173917,867612000.000000,1053748800.0
1054008000.0,0.172083,0.190000,0.168750,0.189333,1677408000.000000,1054094400.0
1054094400.0,0.188750,0.190833,0.184167,0.188833,1235556000.000000,1054180800.0
1054180800.0,0.188750,0.208167,0.188333,0.201750,2297736000.000000,1054267200.0
1054267200.0,0.220833,0.221917,0.215417,0.218083,2142312000.000000,1054353600.0
1054526400.0,0.223750,0.224000,0.204667,0.206000,1566144000.000000,1054612800.0
1054612800.0,0.203667,0.216500,0.201167,0.210250,1596804000.000000,1054699200.0
1054699200.0,0.209583,0.215417,0.206333,0.215250,1175604000.000000,1054785600.0
1054785600.0,0.212417,0.222167,0.209583,0.221417,1204404000.000000,1054872000.0
1054872000.0,0.230083,0.231250,0.213000,0.214667,1378836000.000000,1054958400.0
1055131200.0,0.213333,0.218833,0.208833,0.212083,720588000.000000,1055217600.0
1055217600.0,0.212083,0.215333,0.209750,0.215167,563304000.000000,1055304000.0
1055304000.0,0.213833,0.217250,0.210000,0.215333,943836000.000000,1055390400.0
1055390400.0,0.216833,0.219167,0.211417,0.212083,1046688000.000000,1055476800.0
1055476800.0,0.202917,0.208750,0.194167,0.195583,1826808000.000000,1055563200.0
1055736000.0,0.197917,0.202250,0.184833,0.199750,1904868000.000000,1055822400.0
1055822400.0,0.204333,0.205833,0.198333,0.204500,999852000.000000,1055908800.0
1055908800.0,0.202500,0.216417,0.200833,0.212333,1122072000.000000,1055995200.0
1055995200.0,0.213250,0.214333,0.198333,0.199417,1190532000.000000,1056081600.0
1056081600.0,0.201583,0.201667,0.194167,0.197333,937848000.000000,1056168000.0
1056340800.0,0.197167,0.198167,0.186417,0.190333,734784000.000000,1056427200.0
1056427200.0,0.189167,0.193333,0.183833,0.189917,1008816000.000000,1056513600.0
1056513600.0,0.190417,0.198167,0.189667,0.191167,1060620000.000000,1056600000.0
1056600000.0,0.191750,0.194000,0.185750,0.191417,960540000.000000,1056686400.0
1056686400.0,0.193667,0.195417,0.187083,0.188000,709104000.000000,1056772800.0
1056945600.0,0.190500,0.194250,0.188333,0.190917,544128000.000000,1057032000.0
1057032000.0,0.188500,0.199000,0.186750,0.198750,977016000.000000,1057118400.0
1057118400.0,0.200583,0.203167,0.195417,0.198167,846828000.000000,1057204800.0
1057204800.0,0.193583,0.201000,0.193167,0.195917,420912000.000000,1057291200.0
1057550400.0,0.198583,0.209833,0.198500,0.208750,832200000.000000,1057636800.0
1057636800.0,0.203000,0.209167,0.202500,0.206417,602856000.000000,1057723200.0
1057723200.0,0.206333,0.214583,0.206000,0.211167,755352000.000000,1057809600.0
1057809600.0,0.204583,0.207250,0.198917,0.202500,644568000.000000,1057896000.0
1057896000.0,0.204917,0.206167,0.201833,0.203583,495000000.000000,1057982400.0
1058155200.0,0.208750,0.210000,0.201000,0.202000,694344000.000000,1058241600.0
1058241600.0,0.205000,0.205917,0.193500,0.195417,1143456000.000000,1058328000.0
1058328000.0,0.199083,0.200000,0.188333,0.193000,880476000.000000,1058414400.0
1058414400.0,0.187167,0.189583,0.180833,0.183333,853764000.000000,1058500800.0
1058500800.0,0.179750,0.180333,0.170583,0.177167,1280832000.000000,1058587200.0
1058760000.0,0.178167,0.178750,0.170333,0.174500,985140000.000000,1058846400.0
1058846400.0,0.179417,0.180750,0.176417,0.177417,582444000.000000,1058932800.0
1058932800.0,0.177250,0.180833,0.171917,0.179750,605328000.000000,1059019200.0
1059019200.0,0.183000,0.184333,0.171250,0.172750,1116828000.000000,1059105600.0
1059105600.0,0.173083,0.176500,0.166667,0.175500,1002084000.000000,1059192000.0
1059364800.0,0.176917,0.177333,0.169333,0.170083,703752000.000000,1059451200.0
1059451200.0,0.154667,0.168000,0.153000,0.158917,2794788000.000000,1059537600.0
1059537600.0,0.158333,0.160167,0.156167,0.157167,788724000.000000,1059624000.0
1059624000.0,0.160833,0.163167,0.157417,0.159083,897600000.000000,1059710400.0
1059710400.0,0.159167,0.165667,0.157583,0.164333,767556000.000000,1059796800.0
1059969600.0,0.164167,0.173500,0.163167,0.170500,1428852000.000000,1060056000.0
1060056000.0,0.174917,0.178917,0.168583,0.170000,1063488000.000000,1060142400.0
1060142400.0,0.167750,0.170000,0.159000,0.163083,1025868000.000000,1060228800.0
1060228800.0,0.162667,0.165000,0.158667,0.160833,1040340000.000000,1060315200.0
1060315200.0,0.137917,0.138500,0.127167,0.129167,3767580000.000000,1060401600.0
1060574400.0,0.131250,0.137917,0.130417,0.136167,1675752000.000000,1060660800.0
1060660800.0,0.137917,0.139250,0.135667,0.138917,764160000.000000,1060747200.0
1060747200.0,0.139500,0.142083,0.136000,0.139833,693552000.000000,1060833600.0
1060833600.0,0.135167,0.137167,0.133500,0.135000,1527696000.000000,1060920000.0
1060920000.0,0.134167,0.135417,0.133333,0.134583,217716000.000000,1061006400.0
1061179200.0,0.136750,0.138583,0.134333,0.138583,717684000.000000,1061265600.0
1061265600.0,0.141667,0.150000,0.141583,0.149167,1403976000.000000,1061352000.0
1061352000.0,0.147083,0.149833,0.143833,0.147083,870348000.000000,1061438400.0
1061438400.0,0.150667,0.152500,0.148333,0.151083,644748000.000000,1061524800.0
1061524800.0,0.160167,0.162333,0.152083,0.152167,1002396000.000000,1061611200.0
1061784000.0,0.155083,0.155083,0.150000,0.151333,434028000.000000,1061870400.0
1061870400.0,0.149417,0.151667,0.144833,0.148917,768984000.000000,1061956800.0
1061956800.0,0.149917,0.155000,0.148333,0.153417,567816000.000000,1062043200.0
1062043200.0,0.154917,0.155750,0.147667,0.149417,828312000.000000,1062129600.0
1062129600.0,0.149167,0.152083,0.148583,0.151417,532884000.000000,1062216000.0
1062475200.0,0.154083,0.155417,0.149333,0.150083,711456000.000000,1062561600.0
1062561600.0,0.152333,0.152750,0.146417,0.147167,849972000.000000,1062648000.0
1062648000.0,0.147750,0.152083,0.146667,0.148583,740064000.000000,1062734400.0
1062734400.0,0.148833,0.159167,0.147083,0.155667,1198740000.000000,1062820800.0
1062993600.0,0.158167,0.164667,0.156250,0.162833,1508712000.000000,1063080000.0
1063080000.0,0.158333,0.178917,0.156167,0.172833,2489436000.000000,1063166400.0
1063166400.0,0.167917,0.172417,0.159667,0.161000,1380624000.000000,1063252800.0
1063252800.0,0.163167,0.167917,0.152500,0.158917,2612736000.000000,1063339200.0
1063339200.0,0.157583,0.164750,0.155833,0.161250,1162404000.000000,1063425600.0
1063598400.0,0.162583,0.163417,0.158000,0.158583,596028000.000000,1063684800.0
1063684800.0,0.158917,0.164000,0.158917,0.163500,620736000.000000,1063771200.0
1063771200.0,0.164500,0.168583,0.163167,0.165417,902784000.000000,1063857600.0
1063857600.0,0.164500,0.166750,0.162667,0.166667,603492000.000000,1063944000.0
1063944000.0,0.168583,0.169667,0.163833,0.165333,648096000.000000,1064030400.0
1064203200.0,0.162083,0.162417,0.157500,0.158833,735504000.000000,1064289600.0
1064289600.0,0.159083,0.161250,0.157000,0.160333,628932000.000000,1064376000.0
1064376000.0,0.156917,0.158333,0.147917,0.148167,1600668000.000000,1064462400.0
1064462400.0,0.149333,0.152000,0.145417,0.146083,736776000.000000,1064548800.0
1064548800.0,0.145667,0.146083,0.138583,0.140500,895908000.000000,1064635200.0
1064808000.0,0.133417,0.138167,0.130833,0.132917,1944996000.000000,1064894400.0
1064894400.0,0.131750,0.137583,0.131250,0.133083,1020888000.000000,1064980800.0
1064980800.0,0.133333,0.135750,0.133000,0.134167,877224000.000000,1065067200.0
1065067200.0,0.133333,0.138167,0.132917,0.136250,857628000.000000,1065153600.0
1065153600.0,0.140000,0.143333,0.137583,0.139833,862812000.000000,1065240000.0
1065412800.0,0.140083,0.141500,0.137583,0.138750,377028000.000000,1065499200.0
1065499200.0,0.138750,0.140000,0.136833,0.140000,510588000.000000,1065585600.0
1065585600.0,0.140000,0.141250,0.134250,0.135083,739440000.000000,1065672000.0
1065672000.0,0.137083,0.142333,0.135917,0.137000,852408000.000000,1065758400.0
1065758400.0,0.139167,0.140417,0.137500,0.139417,413976000.000000,1065844800.0
1066017600.0,0.141000,0.143750,0.139917,0.140833,434904000.000000,1066104000.0
1066104000.0,0.139333,0.143833,0.138500,0.143417,623556000.000000,1066190400.0
1066190400.0,0.145083,0.147750,0.140667,0.141583,703488000.000000,1066276800.0
1066276800.0,0.141750,0.143833,0.139583,0.143333,446088000.000000,1066363200.0
1066363200.0,0.142500,0.145250,0.138667,0.138833,459696000.000000,1066449600.0
1066622400.0,0.138917,0.142083,0.138083,0.141917,467388000.000000,1066708800.0
1066708800.0,0.144500,0.149000,0.142500,0.146250,758724000.000000,1066795200.0
1066795200.0,0.144000,0.147333,0.143000,0.143750,620952000.000000,1066881600.0
1066881600.0,0.141667,0.145833,0.141417,0.143083,451524000.000000,1066968000.0
1066968000.0,0.141667,0.143833,0.140333,0.142583,447084000.000000,1067054400.0
1067230800.0,0.143333,0.145000,0.142333,0.143333,254460000.000000,1067317200.0
1067317200.0,0.145250,0.153167,0.144583,0.152333,956064000.000000,1067403600.0
1067403600.0,0.147833,0.154167,0.147750,0.152333,494004000.000000,1067490000.0
1067490000.0,0.156250,0.156333,0.149250,0.149500,581256000.000000,1067576400.0
1067576400.0,0.150833,0.152083,0.145000,0.147333,598152000.000000,1067662800.0
1067835600.0,0.146583,0.152917,0.145917,0.150083,773724000.000000,1067922000.0
1067922000.0,0.153333,0.153750,0.149583,0.150583,700896000.000000,1068008400.0
1068008400.0,0.147500,0.152667,0.145083,0.151167,882024000.000000,1068094800.0
1068094800.0,0.153417,0.154167,0.148667,0.151417,1175280000.000000,1068181200.0
1068181200.0,0.180500,0.183833,0.176667,0.181250,4292820000.000000,1068267600.0
1068440400.0,0.181833,0.184333,0.179667,0.180750,1210056000.000000,1068526800.0
1068526800.0,0.176667,0.179750,0.173083,0.176250,799140000.000000,1068613200.0
1068613200.0,0.175667,0.179167,0.174833,0.178583,617664000.000000,1068699600.0
1068699600.0,0.178583,0.181167,0.177583,0.178667,580332000.000000,1068786000.0
1068786000.0,0.179167,0.179167,0.167583,0.168083,888420000.000000,1068872400.0
1069045200.0,0.164917,0.168333,0.163333,0.166333,599880000.000000,1069131600.0
1069131600.0,0.170417,0.172500,0.163333,0.163917,991428000.000000,1069218000.0
1069218000.0,0.165083,0.169167,0.164500,0.168500,567552000.000000,1069304400.0
1069304400.0,0.165833,0.169500,0.163333,0.164000,738852000.000000,1069390800.0
1069390800.0,0.166000,0.166250,0.161500,0.164667,543240000.000000,1069477200.0
1069650000.0,0.166250,0.175000,0.165083,0.174583,940644000.000000,1069736400.0
1069736400.0,0.175333,0.179083,0.173333,0.177583,822804000.000000,1069822800.0
1069822800.0,0.180500,0.181083,0.174417,0.177750,430032000.000000,1069909200.0
1069995600.0,0.177667,0.178167,0.175417,0.176917,206136000.000000,1070082000.0
1070254800.0,0.178917,0.180750,0.176833,0.179417,526980000.000000,1070341200.0
1070341200.0,0.178333,0.182333,0.177583,0.178667,574740000.000000,1070427600.0
1070427600.0,0.179167,0.185000,0.176417,0.176833,710028000.000000,1070514000.0
1070514000.0,0.177417,0.180583,0.171750,0.175917,521952000.000000,1070600400.0
1070600400.0,0.171750,0.176667,0.168833,0.170250,559848000.000000,1070686800.0
1070859600.0,0.170250,0.173250,0.168750,0.171500,340980000.000000,1070946000.0
1070946000.0,0.171167,0.172833,0.162500,0.162583,598128000.000000,1071032400.0
1071032400.0,0.162583,0.167083,0.162500,0.166167,568656000.000000,1071118800.0
1071118800.0,0.166083,0.176667,0.165750,0.174583,694872000.000000,1071205200.0
1071205200.0,0.176917,0.178083,0.170833,0.173667,700692000.000000,1071291600.0
1071464400.0,0.178750,0.179000,0.169667,0.170167,622752000.000000,1071550800.0
1071550800.0,0.169167,0.173583,0.166167,0.172500,601728000.000000,1071637200.0
1071637200.0,0.171083,0.171667,0.166333,0.169167,499116000.000000,1071723600.0
1071723600.0,0.169500,0.174750,0.169333,0.173000,436728000.000000,1071810000.0
1071810000.0,0.177333,0.180000,0.173667,0.175583,916956000.000000,1071896400.0
1072069200.0,0.173000,0.176250,0.171250,0.175833,371184000.000000,1072155600.0
1072155600.0,0.175167,0.184750,0.175083,0.183000,722760000.000000,1072242000.0
1072242000.0,0.182917,0.183500,0.181167,0.181667,210852000.000000,1072328400.0
1072414800.0,0.183083,0.190583,0.182333,0.189500,363960000.000000,1072501200.0
1072674000.0,0.193083,0.198167,0.192167,0.197500,756624000.000000,1072760400.0
1072760400.0,0.195417,0.201667,0.195250,0.197917,550884000.000000,1072846800.0
1072846800.0,0.197833,0.198750,0.190167,0.193333,497268000.000000,1072933200.0
1073019600.0,0.196417,0.199083,0.192333,0.192333,436416000.000000,1073106000.0
1073278800.0,0.195250,0.199917,0.193500,0.198583,575292000.000000,1073365200.0
1073365200.0,0.198000,0.209417,0.197083,0.206667,1093344000.000000,1073451600.0
1073451600.0,0.204333,0.209500,0.202917,0.208500,673032000.000000,1073538000.0
1073538000.0,0.211083,0.212083,0.207250,0.209250,433752000.000000,1073624400.0
1073624400.0,0.207833,0.214833,0.206167,0.212250,766584000.000000,1073710800.0
1073883600.0,0.213000,0.215333,0.211000,0.214667,541980000.000000,1073970000.0
1073970000.0,0.213583,0.215667,0.201333,0.203583,865800000.000000,1074056400.0
1074056400.0,0.204583,0.207500,0.200167,0.202083,544872000.000000,1074142800.0
1074142800.0,0.200583,0.204083,0.197000,0.202417,609204000.000000,1074229200.0
1074229200.0,0.204500,0.207250,0.202583,0.205500,451728000.000000,1074315600.0
1074574800.0,0.208000,0.211583,0.205667,0.211250,487764000.000000,1074661200.0
1074661200.0,0.209500,0.210333,0.201167,0.201500,494460000.000000,1074747600.0
1074747600.0,0.202583,0.205833,0.194417,0.196833,605724000.000000,1074834000.0
1074834000.0,0.195833,0.199750,0.192000,0.192417,482472000.000000,1074920400.0
1075093200.0,0.193667,0.200833,0.192167,0.200000,393684000.000000,1075179600.0
1075179600.0,0.196000,0.199167,0.187083,0.188583,934104000.000000,1075266000.0
1075266000.0,0.191000,0.194000,0.187083,0.188083,615204000.000000,1075352400.0
1075352400.0,0.188667,0.189583,0.176250,0.182583,929700000.000000,1075438800.0
1075438800.0,0.182167,0.189583,0.181083,0.185417,466464000.000000,1075525200.0
1075698000.0,0.186917,0.192083,0.185000,0.188417,560844000.000000,1075784400.0
1075784400.0,0.187917,0.191167,0.185250,0.187750,418032000.000000,1075870800.0
1075870800.0,0.185083,0.186583,0.182417,0.182667,436800000.000000,1075957200.0
1075957200.0,0.183667,0.187500,0.182500,0.185417,331980000.000000,1076043600.0
1076043600.0,0.187833,0.192333,0.186833,0.189667,471132000.000000,1076130000.0
1076302800.0,0.191083,0.194167,0.188250,0.188333,373992000.000000,1076389200.0
1076389200.0,0.188917,0.195417,0.188833,0.195250,509700000.000000,1076475600.0
1076475600.0,0.197750,0.202750,0.197083,0.202083,737808000.000000,1076562000.0
1076562000.0,0.201000,0.202083,0.192917,0.196000,974892000.000000,1076648400.0
1076648400.0,0.190833,0.199083,0.189167,0.194167,1747500000.000000,1076734800.0
1076994000.0,0.194917,0.196917,0.192250,0.196333,575976000.000000,1077080400.0
1077080400.0,0.196917,0.197917,0.195000,0.196333,320244000.000000,1077166800.0
1077166800.0,0.198750,0.202250,0.195833,0.196250,631032000.000000,1077253200.0
1077253200.0,0.195917,0.201667,0.194833,0.201167,618120000.000000,1077339600.0
1077512400.0,0.200833,0.201167,0.191500,0.194167,853332000.000000,1077598800.0
1077598800.0,0.190833,0.193250,0.184333,0.186417,708384000.000000,1077685200.0
1077685200.0,0.187583,0.191083,0.185500,0.187500,652512000.000000,1077771600.0
1077771600.0,0.190250,0.190583,0.186417,0.188750,344976000.000000,1077858000.0
1077858000.0,0.189167,0.189333,0.182583,0.185417,595548000.000000,1077944400.0
1078117200.0,0.184917,0.188500,0.184667,0.188167,506628000.000000,1078203600.0
1078203600.0,0.188417,0.189750,0.183917,0.184667,813348000.000000,1078290000.0
1078290000.0,0.184167,0.184167,0.179250,0.182250,552492000.000000,1078376400.0
1078376400.0,0.184083,0.186583,0.182583,0.186250,413352000.000000,1078462800.0
1078462800.0,0.182083,0.189167,0.181417,0.184917,354888000.000000,1078549200.0
1078722000.0,0.185000,0.187500,0.177083,0.178500,465168000.000000,1078808400.0
1078808400.0,0.180000,0.180167,0.174250,0.177250,371232000.000000,1078894800.0
1078894800.0,0.178417,0.180333,0.173417,0.174667,481692000.000000,1078981200.0
1078981200.0,0.172333,0.178500,0.172333,0.173333,526872000.000000,1079067600.0
1079067600.0,0.175667,0.179167,0.173750,0.177000,377952000.000000,1079154000.0
1079326800.0,0.175917,0.176667,0.171917,0.173000,421224000.000000,1079413200.0
1079413200.0,0.175167,0.181250,0.174000,0.180417,597504000.000000,1079499600.0
1079499600.0,0.183333,0.186583,0.182583,0.184833,524592000.000000,1079586000.0
1079586000.0,0.183833,0.189167,0.183333,0.186917,528048000.000000,1079672400.0
1079672400.0,0.185917,0.187833,0.183667,0.184750,452964000.000000,1079758800.0
1079931600.0,0.181917,0.184750,0.179167,0.183333,576708000.000000,1080018000.0
1080018000.0,0.185833,0.187833,0.182000,0.184083,576036000.000000,1080104400.0
1080104400.0,0.183750,0.195417,0.183333,0.192333,787344000.000000,1080190800.0
1080190800.0,0.194500,0.204500,0.194167,0.203500,997128000.000000,1080277200.0
1080277200.0,0.202917,0.206083,0.200167,0.202917,551604000.000000,1080363600.0
1080536400.0,0.205833,0.214417,0.205417,0.211667,985764000.000000,1080622800.0
1080622800.0,0.210250,0.219000,0.210083,0.218000,724956000.000000,1080709200.0
1080709200.0,0.219083,0.222333,0.217917,0.220000,604752000.000000,1080795600.0
1080795600.0,0.220250,0.224750,0.210583,0.216083,1319508000.000000,1080882000.0
1080882000.0,0.220833,0.222250,0.214167,0.219167,649740000.000000,1080968400.0
1081137600.0,0.218000,0.227917,0.218000,0.227000,576744000.000000,1081224000.0
1081224000.0,0.222500,0.224083,0.216667,0.217833,624096000.000000,1081310400.0
1081310400.0,0.219500,0.219583,0.212833,0.216667,447864000.000000,1081396800.0
1081396800.0,0.221500,0.225000,0.219833,0.222833,447096000.000000,1081483200.0
1081742400.0,0.224583,0.225583,0.217333,0.218667,443784000.000000,1081828800.0
1081828800.0,0.220667,0.220833,0.212500,0.213583,442704000.000000,1081915200.0
1081915200.0,0.212500,0.218667,0.210083,0.214667,512016000.000000,1082001600.0
1082001600.0,0.211750,0.212667,0.202500,0.203417,828084000.000000,1082088000.0
1082088000.0,0.202583,0.202667,0.196333,0.196750,654864000.000000,1082174400.0
1082347200.0,0.196583,0.197917,0.193000,0.196500,522804000.000000,1082433600.0
1082433600.0,0.197000,0.199167,0.188083,0.188167,513804000.000000,1082520000.0
1082520000.0,0.188917,0.195000,0.187000,0.188417,688812000.000000,1082606400.0
1082606400.0,0.186667,0.192667,0.182750,0.189500,695520000.000000,1082692800.0
1082692800.0,0.191833,0.196917,0.191250,0.193667,443928000.000000,1082779200.0
1082952000.0,0.194083,0.194917,0.185583,0.186083,429912000.000000,1083038400.0
1083038400.0,0.188250,0.193250,0.183833,0.184500,494568000.000000,1083124800.0
1083124800.0,0.184583,0.187417,0.182333,0.183750,468768000.000000,1083211200.0
1083211200.0,0.182667,0.183917,0.176250,0.178667,645048000.000000,1083297600.0
1083297600.0,0.177667,0.178750,0.170333,0.171000,512928000.000000,1083384000.0
1083556800.0,0.172833,0.174583,0.165833,0.168833,610668000.000000,1083643200.0
1083643200.0,0.171250,0.181750,0.170833,0.179583,772380000.000000,1083729600.0
1083729600.0,0.179750,0.182667,0.178250,0.181083,464280000.000000,1083816000.0
1083816000.0,0.179250,0.184000,0.175417,0.182583,711348000.000000,1083902400.0
1083902400.0,0.187917,0.191417,0.183000,0.184000,956772000.000000,1083988800.0
1084161600.0,0.179083,0.181000,0.172917,0.176833,669072000.000000,1084248000.0
1084248000.0,0.179083,0.182917,0.178333,0.181167,399936000.000000,1084334400.0
1084334400.0,0.180167,0.180417,0.172417,0.178667,482328000.000000,1084420800.0
1084420800.0,0.177167,0.182500,0.176667,0.179250,347952000.000000,1084507200.0
1084507200.0,0.180000,0.183167,0.178333,0.179250,459000000.000000,1084593600.0
1084766400.0,0.176667,0.179000,0.173750,0.176417,308340000.000000,1084852800.0
1084852800.0,0.178000,0.181333,0.177333,0.179250,204420000.000000,1084939200.0
1084939200.0,0.183250,0.185833,0.177917,0.178833,498276000.000000,1085025600.0
1085025600.0,0.178500,0.181500,0.175333,0.176250,421488000.000000,1085112000.0
1085112000.0,0.178333,0.178583,0.174250,0.176667,282096000.000000,1085198400.0
1085371200.0,0.176333,0.178083,0.174000,0.176083,301620000.000000,1085457600.0
1085457600.0,0.176833,0.184583,0.173250,0.183750,681264000.000000,1085544000.0
1085544000.0,0.183750,0.190000,0.182667,0.187500,524568000.000000,1085630400.0
1085630400.0,0.190583,0.193417,0.187833,0.188083,556548000.000000,1085716800.0
1085716800.0,0.190417,0.196500,0.188917,0.195417,637980000.000000,1085803200.0
1086062400.0,0.192083,0.197250,0.191833,0.195250,318420000.000000,1086148800.0
1086148800.0,0.200000,0.200917,0.193583,0.193750,643800000.000000,1086235200.0
1086235200.0,0.193833,0.194250,0.183833,0.184417,700824000.000000,1086321600.0
1086321600.0,0.188167,0.188583,0.182417,0.182583,649608000.000000,1086408000.0
1086580800.0,0.185583,0.189083,0.183250,0.187000,571956000.000000,1086667200.0
1086667200.0,0.185917,0.186250,0.180917,0.183667,615000000.000000,1086753600.0
1086753600.0,0.184750,0.185000,0.174500,0.175083,498336000.000000,1086840000.0
1086840000.0,0.177917,0.178250,0.171750,0.173333,564516000.000000,1086926400.0
1087185600.0,0.172417,0.172417,0.166583,0.167917,424752000.000000,1087272000.0
1087272000.0,0.170750,0.173000,0.168833,0.170417,394584000.000000,1087358400.0
1087358400.0,0.169917,0.171000,0.167083,0.167750,252576000.000000,1087444800.0
1087444800.0,0.166667,0.170750,0.163583,0.164417,482376000.000000,1087531200.0
1087531200.0,0.165333,0.169250,0.162500,0.164667,534336000.000000,1087617600.0
1087790400.0,0.164917,0.167500,0.160667,0.161750,266568000.000000,1087876800.0
1087876800.0,0.162667,0.167083,0.161583,0.166333,430308000.000000,1087963200.0
1087963200.0,0.165833,0.169833,0.165417,0.169167,264660000.000000,1088049600.0
1088049600.0,0.173667,0.174250,0.166417,0.167667,590652000.000000,1088136000.0
1088136000.0,0.168833,0.170750,0.166833,0.168750,329124000.000000,1088222400.0
1088395200.0,0.171167,0.171750,0.166667,0.167333,299376000.000000,1088481600.0
1088481600.0,0.168333,0.173333,0.167667,0.173083,363852000.000000,1088568000.0
1088568000.0,0.168500,0.173250,0.168500,0.170583,329268000.000000,1088654400.0
1088654400.0,0.172500,0.172750,0.162500,0.162750,505620000.000000,1088740800.0
1088740800.0,0.164500,0.164583,0.159250,0.160500,294948000.000000,1088827200.0
1089086400.0,0.158583,0.160250,0.149333,0.151083,575388000.000000,1089172800.0
1089172800.0,0.153000,0.156167,0.151083,0.151833,344136000.000000,1089259200.0
1089259200.0,0.150417,0.152917,0.146917,0.147167,430056000.000000,1089345600.0
1089345600.0,0.147000,0.147167,0.138083,0.140833,1114500000.000000,1089432000.0
1089604800.0,0.136917,0.140833,0.135750,0.137583,676044000.000000,1089691200.0
1089691200.0,0.139250,0.141667,0.135833,0.137333,567108000.000000,1089777600.0
1089777600.0,0.132500,0.136167,0.128583,0.131250,901608000.000000,1089864000.0
1089864000.0,0.132583,0.134000,0.129500,0.130333,611352000.000000,1089950400.0
1089950400.0,0.134333,0.134500,0.126500,0.126500,464700000.000000,1090036800.0
1090209600.0,0.126833,0.129333,0.125083,0.127917,461088000.000000,1090296000.0
1090296000.0,0.127833,0.131000,0.126583,0.130500,341544000.000000,1090382400.0
1090382400.0,0.132500,0.132667,0.122167,0.122583,613416000.000000,1090468800.0
1090468800.0,0.124000,0.125833,0.120000,0.125167,521460000.000000,1090555200.0
1090555200.0,0.126000,0.126167,0.121000,0.121833,371496000.000000,1090641600.0
1090814400.0,0.123417,0.124500,0.117250,0.118417,503208000.000000,1090900800.0
1090900800.0,0.119000,0.122667,0.115333,0.122333,789888000.000000,1090987200.0
1090987200.0,0.122083,0.122500,0.115833,0.119250,505116000.000000,1091073600.0
1091073600.0,0.120917,0.130167,0.120333,0.127083,747360000.000000,1091160000.0
1091160000.0,0.125500,0.130833,0.125250,0.128500,403956000.000000,1091246400.0
1091419200.0,0.128583,0.130667,0.126417,0.130167,420984000.000000,1091505600.0
1091505600.0,0.130750,0.130833,0.122417,0.123417,741540000.000000,1091592000.0
1091592000.0,0.122083,0.125917,0.121917,0.124750,507816000.000000,1091678400.0
1091678400.0,0.126083,0.126667,0.119167,0.121333,859920000.000000,1091764800.0
1091764800.0,0.084250,0.085000,0.077500,0.078583,5088948000.000000,1091851200.0
1092024000.0,0.080583,0.083917,0.079250,0.082083,1579212000.000000,1092110400.0
1092110400.0,0.086667,0.089417,0.085250,0.088583,2051916000.000000,1092196800.0
1092196800.0,0.087417,0.087417,0.085417,0.086000,963816000.000000,1092283200.0
1092283200.0,0.086250,0.086500,0.083833,0.084000,654384000.000000,1092369600.0
1092369600.0,0.086000,0.088083,0.085250,0.087500,815700000.000000,1092456000.0
1092628800.0,0.086500,0.088833,0.086000,0.086667,531732000.000000,1092715200.0
1092715200.0,0.088583,0.091917,0.087750,0.091417,744912000.000000,1092801600.0
1092801600.0,0.091833,0.097500,0.091083,0.097500,872424000.000000,1092888000.0
1092888000.0,0.096917,0.098667,0.095667,0.097167,724404000.000000,1092974400.0
1092974400.0,0.096667,0.104333,0.096333,0.102917,1199040000.000000,1093060800.0
1093233600.0,0.104583,0.106250,0.104000,0.105167,800028000.000000,1093320000.0
1093320000.0,0.106667,0.107167,0.099250,0.101250,939420000.000000,1093406400.0
1093406400.0,0.103500,0.106333,0.101583,0.105583,721308000.000000,1093492800.0
1093492800.0,0.105417,0.106500,0.104583,0.105833,612720000.000000,1093579200.0
1093579200.0,0.105917,0.109333,0.105833,0.107833,565128000.000000,1093665600.0
1093838400.0,0.107417,0.108000,0.104167,0.104250,628056000.000000,1093924800.0
1093924800.0,0.104667,0.105167,0.100583,0.103833,587064000.000000,1094011200.0
1094011200.0,0.102500,0.107333,0.101167,0.105833,591744000.000000,1094097600.0
1094097600.0,0.106333,0.111000,0.105333,0.110167,770088000.000000,1094184000.0
1094184000.0,0.106833,0.109000,0.105917,0.106833,715056000.000000,1094270400.0
1094529600.0,0.107500,0.109750,0.103417,0.104833,727332000.000000,1094616000.0
1094616000.0,0.104917,0.105833,0.102417,0.102667,834984000.000000,1094702400.0
1094702400.0,0.105167,0.114750,0.104667,0.112917,1299324000.000000,1094788800.0
1094788800.0,0.111000,0.117833,0.110667,0.117250,1039344000.000000,1094875200.0
1095048000.0,0.117083,0.121833,0.116917,0.119500,967752000.000000,1095134400.0
1095134400.0,0.118417,0.120833,0.117500,0.120000,683556000.000000,1095220800.0
1095220800.0,0.116333,0.116667,0.111833,0.113333,1163904000.000000,1095307200.0
1095307200.0,0.115250,0.118750,0.114833,0.117583,810024000.000000,1095393600.0
1095393600.0,0.118500,0.123083,0.117500,0.122417,1003800000.000000,1095480000.0
1095652800.0,0.120000,0.125750,0.118500,0.122250,794628000.000000,1095739200.0
1095739200.0,0.125000,0.126500,0.123500,0.125500,503904000.000000,1095825600.0
1095825600.0,0.122167,0.125167,0.119083,0.119667,625920000.000000,1095912000.0
1095912000.0,0.121083,0.121417,0.117583,0.120750,578664000.000000,1095998400.0
1095998400.0,0.121250,0.121417,0.115333,0.117083,476316000.000000,1096084800.0
1096257600.0,0.116167,0.117500,0.112917,0.115000,406020000.000000,1096344000.0
1096344000.0,0.114750,0.117667,0.113167,0.116667,474840000.000000,1096430400.0
1096430400.0,0.116583,0.122833,0.115083,0.119500,537228000.000000,1096516800.0
1096516800.0,0.120833,0.123750,0.118583,0.121000,619680000.000000,1096603200.0
1096603200.0,0.121583,0.126667,0.121000,0.126000,590412000.000000,1096689600.0
1096862400.0,0.127083,0.131250,0.126833,0.129583,673932000.000000,1096948800.0
1096948800.0,0.126417,0.129750,0.125500,0.126667,633180000.000000,1097035200.0
1097035200.0,0.126417,0.127750,0.123500,0.127167,498504000.000000,1097121600.0
1097121600.0,0.129500,0.132417,0.127250,0.127917,798072000.000000,1097208000.0
1097208000.0,0.126583,0.127083,0.119833,0.120917,693420000.000000,1097294400.0
1097467200.0,0.121083,0.123500,0.118917,0.121083,373848000.000000,1097553600.0
1097553600.0,0.117000,0.120250,0.115083,0.119333,827232000.000000,1097640000.0
1097640000.0,0.122917,0.124500,0.117583,0.118583,672816000.000000,1097726400.0
1097726400.0,0.119667,0.119667,0.114167,0.115000,513264000.000000,1097812800.0
1097812800.0,0.115250,0.115417,0.109000,0.111833,1280484000.000000,1097899200.0
1098072000.0,0.111167,0.115000,0.110250,0.113833,573972000.000000,1098158400.0
1098158400.0,0.116417,0.117583,0.112250,0.113083,618480000.000000,1098244800.0
1098244800.0,0.112750,0.114917,0.112083,0.114417,540204000.000000,1098331200.0
1098331200.0,0.115583,0.118500,0.114667,0.117000,1013964000.000000,1098417600.0
1098417600.0,0.118083,0.118333,0.110333,0.110667,686460000.000000,1098504000.0
1098676800.0,0.109750,0.113583,0.109500,0.111167,529164000.000000,1098763200.0
1098763200.0,0.122083,0.126583,0.118083,0.120750,2455776000.000000,1098849600.0
1098849600.0,0.118583,0.126333,0.118583,0.124083,1074036000.000000,1098936000.0
1098936000.0,0.122417,0.125000,0.121583,0.122750,561552000.000000,1099022400.0
1099022400.0,0.121583,0.123250,0.119500,0.120583,742860000.000000,1099108800.0
1099285200.0,0.122250,0.123250,0.120667,0.123167,653892000.000000,1099371600.0
1099371600.0,0.122833,0.127500,0.121833,0.124917,1095756000.000000,1099458000.0
1099458000.0,0.130000,0.130417,0.125417,0.126083,910356000.000000,1099544400.0
1099544400.0,0.127000,0.130000,0.124333,0.128417,995544000.000000,1099630800.0
1099630800.0,0.148333,0.156417,0.145333,0.147000,3849012000.000000,1099717200.0
1099890000.0,0.145417,0.150583,0.144750,0.148583,718620000.000000,1099976400.0
1099976400.0,0.146333,0.149833,0.146250,0.147667,615936000.000000,1100062800.0
1100062800.0,0.147500,0.149083,0.146833,0.147667,645912000.000000,1100149200.0
1100149200.0,0.148583,0.150583,0.147583,0.150583,507000000.000000,1100235600.0
1100235600.0,0.152917,0.153333,0.149333,0.150833,647076000.000000,1100322000.0
1100494800.0,0.149333,0.154167,0.148417,0.153083,536472000.000000,1100581200.0
1100581200.0,0.153583,0.155250,0.149750,0.152583,472728000.000000,1100667600.0
1100667600.0,0.155000,0.159250,0.153500,0.155167,602772000.000000,1100754000.0
1100754000.0,0.156500,0.158500,0.153250,0.157167,532524000.000000,1100840400.0
1100840400.0,0.169167,0.171083,0.156750,0.158000,2126052000.000000,1100926800.0
1101099600.0,0.158583,0.162500,0.157083,0.162500,733788000.000000,1101186000.0
1101186000.0,0.161167,0.164917,0.159833,0.163167,676896000.000000,1101272400.0
1101272400.0,0.163000,0.166500,0.162583,0.163833,428580000.000000,1101358800.0
1101445200.0,0.164583,0.167000,0.163167,0.165500,350760000.000000,1101531600.0
1101704400.0,0.166750,0.167917,0.160833,0.162250,704388000.000000,1101790800.0
1101790800.0,0.162917,0.163083,0.158500,0.159417,576540000.000000,1101877200.0
1101877200.0,0.160833,0.163417,0.159667,0.163417,514572000.000000,1101963600.0
1101963600.0,0.161833,0.166833,0.160583,0.165583,758652000.000000,1102050000.0
1102050000.0,0.169583,0.175000,0.169000,0.172750,1347312000.000000,1102136400.0
1102309200.0,0.173583,0.182417,0.170500,0.181000,970500000.000000,1102395600.0
1102395600.0,0.191583,0.208000,0.187833,0.190083,2927052000.000000,1102482000.0
1102482000.0,0.192750,0.195833,0.190833,0.192333,872724000.000000,1102568400.0
1102568400.0,0.188917,0.192583,0.185250,0.190583,869964000.000000,1102654800.0
1102654800.0,0.195000,0.196333,0.193083,0.194250,652848000.000000,1102741200.0
1102914000.0,0.191333,0.193833,0.188000,0.188917,738024000.000000,1103000400.0
1103000400.0,0.189083,0.192917,0.188750,0.192750,512988000.000000,1103086800.0
1103086800.0,0.194667,0.195083,0.191667,0.194500,432768000.000000,1103173200.0
1103173200.0,0.200167,0.207167,0.196750,0.197083,1524036000.000000,1103259600.0
1103259600.0,0.200750,0.201583,0.189917,0.192167,1214244000.000000,1103346000.0
1103518800.0,0.194417,0.197417,0.189083,0.190083,898728000.000000,1103605200.0
1103605200.0,0.190083,0.192833,0.185417,0.191500,899400000.000000,1103691600.0
1103691600.0,0.195333,0.196250,0.191333,0.191750,421824000.000000,1103778000.0
1103778000.0,0.190667,0.194417,0.189750,0.192250,366972000.000000,1103864400.0
1104123600.0,0.194917,0.195750,0.189583,0.190583,308208000.000000,1104210000.0
1104210000.0,0.191000,0.192500,0.188833,0.189583,291612000.000000,1104296400.0
1104296400.0,0.189000,0.193583,0.188500,0.191250,294732000.000000,1104382800.0
1104382800.0,0.191333,0.192917,0.189667,0.190500,259812000.000000,1104469200.0
1104469200.0,0.193250,0.197333,0.192500,0.196333,575964000.000000,1104555600.0
1104728400.0,0.203167,0.206000,0.195667,0.196500,1066716000.000000,1104814800.0
1104814800.0,0.197917,0.198250,0.184250,0.187250,790224000.000000,1104901200.0
1104901200.0,0.185250,0.191250,0.184250,0.189000,724812000.000000,1104987600.0
1104987600.0,0.192333,0.194583,0.185833,0.187167,563568000.000000,1105074000.0
1105074000.0,0.187583,0.189000,0.180833,0.183583,763092000.000000,1105160400.0
1105333200.0,0.184167,0.185833,0.182917,0.184000,579552000.000000,1105419600.0
1105419600.0,0.182250,0.183250,0.175583,0.178333,1093380000.000000,1105506000.0
1105506000.0,0.179917,0.180583,0.172500,0.176833,1057800000.000000,1105592400.0
1105592400.0,0.177250,0.183333,0.173333,0.178667,898764000.000000,1105678800.0
1105678800.0,0.182000,0.182417,0.177500,0.179250,573912000.000000,1105765200.0
1106024400.0,0.177250,0.182500,0.176833,0.182083,464556000.000000,1106110800.0
1106110800.0,0.182917,0.183333,0.177167,0.177917,336492000.000000,1106197200.0
1106197200.0,0.174333,0.182667,0.174333,0.178333,640080000.000000,1106283600.0
1106283600.0,0.178583,0.182167,0.178000,0.178667,596352000.000000,1106370000.0
1106542800.0,0.177667,0.180250,0.170500,0.171500,463704000.000000,1106629200.0
1106629200.0,0.172250,0.176917,0.171250,0.174500,439704000.000000,1106715600.0
1106715600.0,0.175083,0.179167,0.172167,0.176750,429120000.000000,1106802000.0
1106802000.0,0.177083,0.191750,0.176000,0.190917,1002912000.000000,1106888400.0
1106888400.0,0.191667,0.192417,0.186500,0.190667,671052000.000000,1106974800.0
1107147600.0,0.192250,0.194583,0.188333,0.191000,562968000.000000,1107234000.0
1107234000.0,0.190833,0.195417,0.189667,0.194583,507180000.000000,1107320400.0
1107320400.0,0.202250,0.207000,0.196500,0.205417,2035404000.000000,1107406800.0
1107406800.0,0.203250,0.204667,0.200417,0.203250,690120000.000000,1107493200.0
1107493200.0,0.203333,0.215500,0.203250,0.214917,806448000.000000,1107579600.0
1107752400.0,0.215167,0.219167,0.210417,0.212333,521628000.000000,1107838800.0
1107838800.0,0.211000,0.217833,0.210333,0.214417,455772000.000000,1107925200.0
1107925200.0,0.215000,0.215667,0.205833,0.206917,783756000.000000,1108011600.0
1108011600.0,0.208000,0.212833,0.207250,0.211750,602376000.000000,1108098000.0
1108098000.0,0.210417,0.219500,0.209667,0.217917,556512000.000000,1108184400.0
1108357200.0,0.217833,0.218667,0.212500,0.213333,432900000.000000,1108443600.0
1108443600.0,0.214750,0.222083,0.214417,0.215250,748500000.000000,1108530000.0
1108530000.0,0.214583,0.217667,0.210667,0.214500,466464000.000000,1108616400.0
1108616400.0,0.217417,0.217500,0.210917,0.212583,1017408000.000000,1108702800.0
1108702800.0,0.228917,0.235833,0.222583,0.235583,3132120000.000000,1108789200.0
1109048400.0,0.234000,0.244083,0.231917,0.238583,1420800000.000000,1109134800.0
1109134800.0,0.234750,0.237667,0.227000,0.230833,1107840000.000000,1109221200.0
1109221200.0,0.227667,0.237250,0.227667,0.236917,695496000.000000,1109307600.0
1109307600.0,0.237250,0.241583,0.234667,0.240333,525132000.000000,1109394000.0
1109566800.0,0.239167,0.241667,0.237083,0.241583,758064000.000000,1109653200.0
1109653200.0,0.242667,0.246667,0.238583,0.241000,737148000.000000,1109739600.0
1109739600.0,0.238333,0.239667,0.232500,0.233917,947460000.000000,1109826000.0
1109826000.0,0.233333,0.234833,0.227333,0.230750,761292000.000000,1109912400.0
1109912400.0,0.231417,0.233417,0.227833,0.229750,593124000.000000,1109998800.0
1110171600.0,0.230750,0.236917,0.229167,0.232083,511176000.000000,1110258000.0
1110258000.0,0.231500,0.232000,0.218833,0.220333,1332384000.000000,1110344400.0
1110344400.0,0.218917,0.223000,0.213917,0.214583,910140000.000000,1110430800.0
1110430800.0,0.215250,0.217167,0.211083,0.214500,689280000.000000,1110517200.0
1110517200.0,0.216417,0.216750,0.207750,0.209667,732180000.000000,1110603600.0
1110776400.0,0.214000,0.216500,0.212500,0.215583,572148000.000000,1110862800.0
1110862800.0,0.216667,0.218750,0.211083,0.211250,378108000.000000,1110949200.0
1110949200.0,0.210417,0.213750,0.207583,0.207667,535356000.000000,1111035600.0
1111035600.0,0.208333,0.209083,0.205083,0.205583,442584000.000000,1111122000.0
1111122000.0,0.205750,0.206417,0.197667,0.201417,639012000.000000,1111208400.0
1111381200.0,0.201333,0.208833,0.200083,0.208333,654456000.000000,1111467600.0
1111467600.0,0.208500,0.210417,0.203833,0.204583,622992000.000000,1111554000.0
1111554000.0,0.204333,0.210417,0.203917,0.209000,728784000.000000,1111640400.0
1111640400.0,0.209583,0.215250,0.209250,0.209417,865356000.000000,1111726800.0
1111986000.0,0.209500,0.212500,0.205083,0.207083,511188000.000000,1112072400.0
1112072400.0,0.206833,0.209167,0.201583,0.202500,587400000.000000,1112158800.0
1112158800.0,0.202583,0.205417,0.195583,0.202500,858708000.000000,1112245200.0
1112245200.0,0.201333,0.202750,0.197083,0.198000,518316000.000000,1112331600.0
1112331600.0,0.200417,0.201583,0.194917,0.196083,510756000.000000,1112418000.0
1112587200.0,0.195000,0.195583,0.190583,0.194917,421428000.000000,1112673600.0
1112673600.0,0.195000,0.199083,0.190333,0.191500,430128000.000000,1112760000.0
1112760000.0,0.195083,0.198333,0.193750,0.194417,567468000.000000,1112846400.0
1112846400.0,0.195417,0.200000,0.192083,0.198000,506352000.000000,1112932800.0
1112932800.0,0.198833,0.203250,0.195000,0.195417,621540000.000000,1113019200.0
1113192000.0,0.196833,0.197500,0.191000,0.191583,328380000.000000,1113278400.0
1113278400.0,0.191000,0.194250,0.186750,0.193917,512232000.000000,1113364800.0
1113364800.0,0.194167,0.194667,0.184583,0.185833,498408000.000000,1113451200.0
1113451200.0,0.186250,0.188000,0.183667,0.184333,352080000.000000,1113537600.0
1113537600.0,0.182000,0.183333,0.176250,0.177917,630156000.000000,1113624000.0
1113796800.0,0.176833,0.180667,0.175833,0.176667,473100000.000000,1113883200.0
1113883200.0,0.179583,0.184167,0.178750,0.182833,365460000.000000,1113969600.0
1113969600.0,0.185917,0.187083,0.177083,0.177250,564672000.000000,1114056000.0
1114056000.0,0.180833,0.187750,0.179250,0.187083,538152000.000000,1114142400.0
1114142400.0,0.185917,0.187167,0.183167,0.185333,336276000.000000,1114228800.0
1114401600.0,0.186917,0.189667,0.186000,0.188250,318168000.000000,1114488000.0
1114488000.0,0.188333,0.192250,0.183583,0.187417,353148000.000000,1114574400.0
1114574400.0,0.182500,0.183167,0.176500,0.180250,609348000.000000,1114660800.0
1114660800.0,0.179667,0.183250,0.177917,0.180833,372948000.000000,1114747200.0
1114747200.0,0.182583,0.184000,0.174333,0.182750,478356000.000000,1114833600.0
1115006400.0,0.184917,0.187000,0.179333,0.182083,334908000.000000,1115092800.0
1115092800.0,0.182250,0.185583,0.180333,0.181083,439512000.000000,1115179200.0
1115179200.0,0.181917,0.188167,0.181333,0.186833,468816000.000000,1115265600.0
1115265600.0,0.187917,0.192833,0.186917,0.190500,619272000.000000,1115352000.0
1115352000.0,0.192750,0.193167,0.188333,0.193083,355728000.000000,1115438400.0
1115611200.0,0.193917,0.198000,0.192750,0.196667,745332000.000000,1115697600.0
1115697600.0,0.194167,0.194250,0.186833,0.189000,735120000.000000,1115784000.0
1115784000.0,0.190000,0.190833,0.185500,0.185833,555420000.000000,1115870400.0
1115870400.0,0.185833,0.192417,0.185667,0.189917,835584000.000000,1115956800.0
1115956800.0,0.207083,0.212250,0.198333,0.211083,2650320000.000000,1116043200.0
1116216000.0,0.208583,0.213250,0.208500,0.211833,664104000.000000,1116302400.0
1116302400.0,0.210583,0.215167,0.210417,0.214167,639804000.000000,1116388800.0
1116388800.0,0.213667,0.216250,0.211417,0.215750,550056000.000000,1116475200.0
1116475200.0,0.216250,0.217167,0.212917,0.215333,452880000.000000,1116561600.0
1116561600.0,0.215083,0.219250,0.212583,0.219167,517008000.000000,1116648000.0
1116820800.0,0.220667,0.226500,0.220000,0.224250,703668000.000000,1116907200.0
1116907200.0,0.223167,0.228250,0.222083,0.227417,522192000.000000,1116993600.0
1116993600.0,0.226917,0.228083,0.222333,0.224500,535272000.000000,1117080000.0
1117080000.0,0.226500,0.232583,0.226083,0.230833,788784000.000000,1117166400.0
1117166400.0,0.231500,0.231500,0.226917,0.229333,322740000.000000,1117252800.0
1117512000.0,0.228333,0.230250,0.222083,0.225833,763176000.000000,1117598400.0
1117598400.0,0.224333,0.232083,0.221667,0.227917,796632000.000000,1117684800.0
1117684800.0,0.227083,0.236417,0.227083,0.236417,684348000.000000,1117771200.0
1117771200.0,0.235583,0.237750,0.233333,0.235833,559620000.000000,1117857600.0
1118030400.0,0.231583,0.236167,0.231417,0.233583,512892000.000000,1118116800.0
1118116800.0,0.232000,0.235833,0.227083,0.227917,974136000.000000,1118203200.0
1118203200.0,0.228500,0.231667,0.223917,0.226333,618720000.000000,1118289600.0
1118289600.0,0.224583,0.235917,0.224333,0.235833,619908000.000000,1118376000.0
1118376000.0,0.235583,0.235833,0.231583,0.233167,465096000.000000,1118462400.0
1118635200.0,0.233333,0.244917,0.232667,0.238333,1409916000.000000,1118721600.0
1118721600.0,0.238417,0.242333,0.216750,0.224250,2408412000.000000,1118808000.0
1118808000.0,0.222833,0.224583,0.214750,0.223583,1669788000.000000,1118894400.0
1118894400.0,0.223500,0.226250,0.220250,0.224750,489240000.000000,1118980800.0
1118980800.0,0.227500,0.227917,0.223667,0.224250,456348000.000000,1119067200.0
1119240000.0,0.224250,0.229167,0.220583,0.227667,606060000.000000,1119326400.0
1119326400.0,0.229167,0.230917,0.227000,0.229833,428172000.000000,1119412800.0
1119412800.0,0.232250,0.233833,0.226750,0.229583,700668000.000000,1119499200.0
1119499200.0,0.229167,0.236000,0.228333,0.233167,836976000.000000,1119585600.0
1119585600.0,0.232750,0.232833,0.224500,0.225750,475632000.000000,1119672000.0
1119844800.0,0.224333,0.226167,0.221917,0.223917,354588000.000000,1119931200.0
1119931200.0,0.224833,0.226833,0.222333,0.225333,262308000.000000,1120017600.0
1120017600.0,0.225417,0.225833,0.221417,0.223250,283572000.000000,1120104000.0
1120104000.0,0.224750,0.226833,0.220917,0.222667,593232000.000000,1120190400.0
1120190400.0,0.221917,0.224000,0.219167,0.223667,315168000.000000,1120276800.0
1120536000.0,0.224500,0.228083,0.222333,0.227167,388440000.000000,1120622400.0
1120622400.0,0.227917,0.234250,0.225333,0.233250,703632000.000000,1120708800.0
1120708800.0,0.229583,0.233333,0.228833,0.231583,465900000.000000,1120795200.0
1120795200.0,0.233000,0.235250,0.230000,0.234500,408132000.000000,1120881600.0
1121054400.0,0.236583,0.240417,0.235583,0.238000,399492000.000000,1121140800.0
1121140800.0,0.237833,0.238500,0.231833,0.236667,564252000.000000,1121227200.0
1121227200.0,0.237667,0.238333,0.233000,0.237000,594780000.000000,1121313600.0
1121313600.0,0.239500,0.244167,0.226167,0.226500,1871496000.000000,1121400000.0
1121400000.0,0.225833,0.226500,0.220167,0.224083,1223352000.000000,1121486400.0
1121659200.0,0.223417,0.223500,0.216250,0.218500,1044900000.000000,1121745600.0
1121745600.0,0.219833,0.222000,0.218167,0.221500,517896000.000000,1121832000.0
1121832000.0,0.218917,0.225750,0.215917,0.224833,526500000.000000,1121918400.0
1121918400.0,0.221917,0.222917,0.216417,0.221000,594528000.000000,1122004800.0
1122004800.0,0.222083,0.225250,0.213667,0.215250,699264000.000000,1122091200.0
1122264000.0,0.212750,0.223167,0.211833,0.216500,974952000.000000,1122350400.0
1122350400.0,0.215583,0.221333,0.214750,0.221000,759492000.000000,1122436800.0
1122436800.0,0.221333,0.226500,0.217583,0.225500,807828000.000000,1122523200.0
1122523200.0,0.225083,0.228333,0.222000,0.227250,411240000.000000,1122609600.0
1122609600.0,0.226333,0.228750,0.223667,0.225500,351660000.000000,1122696000.0
1122868800.0,0.226833,0.229917,0.225333,0.228917,389040000.000000,1122955200.0
1122955200.0,0.229167,0.232750,0.228833,0.232000,422652000.000000,1123041600.0
1123041600.0,0.232000,0.234167,0.229917,0.232000,518256000.000000,1123128000.0
1123128000.0,0.230250,0.231250,0.229083,0.229583,356424000.000000,1123214400.0
1123214400.0,0.229250,0.235917,0.227667,0.235417,684096000.000000,1123300800.0
1123473600.0,0.237000,0.241417,0.234583,0.236250,725544000.000000,1123560000.0
1123560000.0,0.236583,0.237167,0.233083,0.235667,291900000.000000,1123646400.0
1123646400.0,0.236667,0.237833,0.229750,0.232167,440556000.000000,1123732800.0
1123732800.0,0.232167,0.235833,0.229917,0.235417,701556000.000000,1123819200.0
1123819200.0,0.249250,0.251750,0.240750,0.249583,2295420000.000000,1123905600.0
1124078400.0,0.250417,0.258500,0.247250,0.255917,882804000.000000,1124164800.0
1124164800.0,0.253500,0.255750,0.249750,0.251583,637488000.000000,1124251200.0
1124251200.0,0.250500,0.254667,0.250333,0.251583,607572000.000000,1124337600.0
1124337600.0,0.249667,0.250917,0.244000,0.245083,822732000.000000,1124424000.0
1124424000.0,0.245500,0.246250,0.242583,0.243333,422232000.000000,1124510400.0
1124683200.0,0.242917,0.246833,0.238500,0.241333,547224000.000000,1124769600.0
1124769600.0,0.241083,0.244167,0.240250,0.242917,254460000.000000,1124856000.0
1124856000.0,0.241333,0.248250,0.240167,0.243083,514620000.000000,1124942400.0
1124942400.0,0.244167,0.246083,0.242083,0.244750,296484000.000000,1125028800.0
1125028800.0,0.245000,0.245000,0.238667,0.241000,323436000.000000,1125115200.0
1125288000.0,0.238750,0.241667,0.236833,0.241417,343392000.000000,1125374400.0
1125374400.0,0.241000,0.250667,0.240667,0.250083,948852000.000000,1125460800.0
1125460800.0,0.249500,0.258833,0.248750,0.255667,906804000.000000,1125547200.0
1125547200.0,0.254917,0.258083,0.253583,0.255750,556884000.000000,1125633600.0
1125633600.0,0.256250,0.256250,0.250750,0.251583,469800000.000000,1125720000.0
1125979200.0,0.252500,0.255000,0.248667,0.253667,423096000.000000,1126065600.0
1126065600.0,0.253333,0.262417,0.252667,0.261750,588012000.000000,1126152000.0
1126152000.0,0.260167,0.268083,0.260167,0.264833,646116000.000000,1126238400.0
1126238400.0,0.267667,0.268833,0.263333,0.268250,454236000.000000,1126324800.0
1126497600.0,0.268500,0.269333,0.264167,0.267333,556584000.000000,1126584000.0
1126584000.0,0.266083,0.276750,0.266083,0.275417,854724000.000000,1126670400.0
1126670400.0,0.273333,0.277000,0.270833,0.272083,503448000.000000,1126756800.0
1126756800.0,0.276250,0.280000,0.274583,0.276917,759756000.000000,1126843200.0
1126843200.0,0.279250,0.280750,0.274833,0.277083,519828000.000000,1126929600.0
1127102400.0,0.276750,0.277667,0.271667,0.273167,428316000.000000,1127188800.0
1127188800.0,0.275250,0.281583,0.274917,0.278500,522192000.000000,1127275200.0
1127275200.0,0.277417,0.282917,0.273667,0.276083,625656000.000000,1127361600.0
1127361600.0,0.276750,0.276750,0.263750,0.268667,739152000.000000,1127448000.0
1127448000.0,0.268083,0.274917,0.265833,0.272583,314640000.000000,1127534400.0
1127707200.0,0.274667,0.276750,0.269750,0.274833,406776000.000000,1127793600.0
1127793600.0,0.276000,0.278417,0.273667,0.275750,404160000.000000,1127880000.0
1127880000.0,0.276583,0.278167,0.273417,0.277417,353556000.000000,1127966400.0
1127966400.0,0.277500,0.283333,0.275250,0.283167,513372000.000000,1128052800.0
1128052800.0,0.283333,0.288250,0.282750,0.285667,458832000.000000,1128139200.0
1128312000.0,0.289000,0.295583,0.286667,0.293500,549888000.000000,1128398400.0
1128398400.0,0.294750,0.299583,0.289000,0.289667,514476000.000000,1128484800.0
1128484800.0,0.290000,0.290000,0.278333,0.280083,599184000.000000,1128571200.0
1128571200.0,0.279750,0.284083,0.270667,0.279083,685512000.000000,1128657600.0
1128657600.0,0.279583,0.282417,0.273333,0.275500,551952000.000000,1128744000.0
1128916800.0,0.276917,0.277417,0.268417,0.268500,459216000.000000,1129003200.0
1129003200.0,0.269500,0.271833,0.262083,0.265167,540048000.000000,1129089600.0
1129089600.0,0.264417,0.272417,0.264083,0.268333,657660000.000000,1129176000.0
1129176000.0,0.267750,0.268167,0.256667,0.266917,509304000.000000,1129262400.0
1129262400.0,0.268833,0.272167,0.262500,0.266917,311256000.000000,1129348800.0
1129521600.0,0.267083,0.272167,0.267083,0.269500,243912000.000000,1129608000.0
1129608000.0,0.270500,0.271000,0.263333,0.265083,299832000.000000,1129694400.0
1129694400.0,0.261667,0.263250,0.254250,0.262833,635952000.000000,1129780800.0
1129780800.0,0.263250,0.270167,0.262083,0.264667,359520000.000000,1129867200.0
1129867200.0,0.269167,0.270000,0.264333,0.266167,298368000.000000,1129953600.0
1130126400.0,0.268500,0.273417,0.266083,0.273417,291012000.000000,1130212800.0
1130212800.0,0.271583,0.276000,0.270417,0.275167,334680000.000000,1130299200.0
1130299200.0,0.275250,0.275833,0.267250,0.267667,415344000.000000,1130385600.0
1130385600.0,0.268167,0.269000,0.261250,0.262083,227784000.000000,1130472000.0
1130472000.0,0.262750,0.270667,0.256250,0.270167,464640000.000000,1130558400.0
1130734800.0,0.271250,0.281500,0.271250,0.279583,432420000.000000,1130821200.0
1130821200.0,0.279583,0.281667,0.274000,0.276167,400488000.000000,1130907600.0
1130907600.0,0.276250,0.292500,0.275000,0.292167,523668000.000000,1130994000.0
1130994000.0,0.294167,0.295833,0.286417,0.288750,465072000.000000,1131080400.0
1131080400.0,0.288917,0.289583,0.280833,0.283833,570276000.000000,1131166800.0
1131339600.0,0.285333,0.286333,0.281417,0.282583,370824000.000000,1131426000.0
1131426000.0,0.283667,0.283917,0.276083,0.277333,538968000.000000,1131512400.0
1131512400.0,0.277917,0.291667,0.274750,0.289833,818880000.000000,1131598800.0
1131598800.0,0.299917,0.306417,0.273667,0.279083,2503620000.000000,1131685200.0
1131685200.0,0.281500,0.287000,0.280250,0.283667,545928000.000000,1131771600.0
1131944400.0,0.283750,0.291667,0.279417,0.289667,493668000.000000,1132030800.0
1132030800.0,0.291417,0.294167,0.289417,0.290333,496200000.000000,1132117200.0
1132117200.0,0.290667,0.292250,0.283667,0.289333,455280000.000000,1132203600.0
1132203600.0,0.291750,0.302417,0.288333,0.302167,703260000.000000,1132290000.0
1132290000.0,0.303167,0.305667,0.295667,0.301583,465768000.000000,1132376400.0
1132549200.0,0.301917,0.307417,0.299917,0.306917,454704000.000000,1132635600.0
1132635600.0,0.308500,0.318083,0.306083,0.315083,731700000.000000,1132722000.0
1132722000.0,0.315417,0.318750,0.312500,0.314167,411948000.000000,1132808400.0
1132894800.0,0.315667,0.317750,0.313500,0.317250,116676000.000000,1132981200.0
1133154000.0,0.318083,0.320833,0.310000,0.315667,424524000.000000,1133240400.0
1133240400.0,0.297000,0.305417,0.294333,0.295667,1043136000.000000,1133326800.0
1133326800.0,0.293583,0.302750,0.293500,0.301250,575448000.000000,1133413200.0
1133413200.0,0.303750,0.306250,0.300500,0.304833,562032000.000000,1133499600.0
1133499600.0,0.306250,0.307000,0.300833,0.304917,334476000.000000,1133586000.0
1133758800.0,0.305583,0.305583,0.298250,0.299250,387708000.000000,1133845200.0
1133845200.0,0.299750,0.304583,0.299333,0.300500,375252000.000000,1133931600.0
1133931600.0,0.301667,0.303500,0.295833,0.301000,352668000.000000,1134018000.0
1134018000.0,0.299417,0.303333,0.295167,0.298583,386664000.000000,1134104400.0
1134104400.0,0.299500,0.303250,0.295333,0.302833,262896000.000000,1134190800.0
1134363600.0,0.303667,0.307917,0.303167,0.307250,281136000.000000,1134450000.0
1134450000.0,0.307833,0.313917,0.305583,0.311250,443412000.000000,1134536400.0
1134536400.0,0.308917,0.310417,0.304667,0.308333,287472000.000000,1134622800.0
1134622800.0,0.308083,0.310417,0.301250,0.304417,332724000.000000,1134709200.0
1134709200.0,0.305500,0.308417,0.302583,0.307083,1065600000.000000,1134795600.0
1134968400.0,0.307750,0.310000,0.301250,0.302000,292296000.000000,1135054800.0
1135054800.0,0.301667,0.306250,0.297833,0.301833,304356000.000000,1135141200.0
1135141200.0,0.303250,0.305750,0.298500,0.301250,289380000.000000,1135227600.0
1135227600.0,0.301000,0.310750,0.300917,0.310417,318336000.000000,1135314000.0
1135314000.0,0.311250,0.313250,0.309167,0.312833,214536000.000000,1135400400.0
1135659600.0,0.312500,0.318167,0.311500,0.314750,367968000.000000,1135746000.0
1135746000.0,0.314750,0.318667,0.312750,0.317667,264420000.000000,1135832400.0
1135832400.0,0.317500,0.318500,0.309250,0.310583,310464000.000000,1135918800.0
1135918800.0,0.308833,0.308917,0.303417,0.304667,229608000.000000,1136005200.0
1136264400.0,0.306417,0.320833,0.305417,0.318500,472812000.000000,1136350800.0
1136350800.0,0.320917,0.327917,0.317583,0.327417,510072000.000000,1136437200.0
1136437200.0,0.327500,0.335417,0.326917,0.334833,646092000.000000,1136523600.0
1136523600.0,0.338667,0.341583,0.325417,0.340333,623388000.000000,1136610000.0
1136782800.0,0.340167,0.351667,0.339417,0.349833,560484000.000000,1136869200.0
1136869200.0,0.348167,0.349917,0.343750,0.349917,339660000.000000,1136955600.0
1136955600.0,0.350250,0.364583,0.349667,0.362583,626304000.000000,1137042000.0
1137042000.0,0.362500,0.368083,0.354833,0.357417,495504000.000000,1137128400.0
1137128400.0,0.356583,0.359500,0.349250,0.354250,421296000.000000,1137214800.0
1137474000.0,0.349417,0.354167,0.344750,0.354000,329232000.000000,1137560400.0
1137560400.0,0.343250,0.357000,0.340000,0.355833,459948000.000000,1137646800.0
1137646800.0,0.360583,0.380500,0.359917,0.375583,914760000.000000,1137733200.0
1137733200.0,0.376167,0.380500,0.365000,0.365083,461604000.000000,1137819600.0
1137992400.0,0.367917,0.370250,0.362917,0.367167,334884000.000000,1138078800.0
1138078800.0,0.368000,0.376667,0.367000,0.369000,388896000.000000,1138165200.0
1138165200.0,0.370833,0.373250,0.361333,0.365750,400236000.000000,1138251600.0
1138251600.0,0.371083,0.378583,0.368750,0.378250,448836000.000000,1138338000.0
1138338000.0,0.383167,0.389667,0.380000,0.385417,385044000.000000,1138424400.0
1138597200.0,0.387083,0.387500,0.379333,0.381083,315780000.000000,1138683600.0
1138683600.0,0.379167,0.381250,0.371750,0.374667,384456000.000000,1138770000.0
1138770000.0,0.367917,0.376417,0.366500,0.374917,450852000.000000,1138856400.0
1138856400.0,0.378333,0.378583,0.362917,0.363500,473736000.000000,1138942800.0
1138942800.0,0.361167,0.371333,0.360000,0.366833,504252000.000000,1139029200.0
1139202000.0,0.365833,0.377583,0.364250,0.377167,363468000.000000,1139288400.0
1139288400.0,0.377917,0.377917,0.363583,0.363750,399408000.000000,1139374800.0
1139374800.0,0.364833,0.374250,0.364833,0.374250,393072000.000000,1139461200.0
1139461200.0,0.375417,0.381250,0.365583,0.367917,437100000.000000,1139547600.0
1139547600.0,0.369250,0.370917,0.357250,0.365833,414996000.000000,1139634000.0
1139806800.0,0.364667,0.369667,0.362167,0.367083,280740000.000000,1139893200.0
1139893200.0,0.367083,0.369083,0.362917,0.367750,342348000.000000,1139979600.0
1139979600.0,0.367000,0.375833,0.366083,0.374833,493296000.000000,1140066000.0
1140066000.0,0.381833,0.394167,0.379250,0.393333,1305888000.000000,1140152400.0
1140152400.0,0.422250,0.422667,0.393333,0.395583,2356956000.000000,1140238800.0
1140498000.0,0.394750,0.395417,0.383750,0.387167,684060000.000000,1140584400.0
1140584400.0,0.381667,0.389583,0.372500,0.386500,939756000.000000,1140670800.0
1140670800.0,0.385333,0.387917,0.379500,0.380583,385128000.000000,1140757200.0
1140757200.0,0.382250,0.386833,0.378500,0.380500,416412000.000000,1140843600.0
1141016400.0,0.383417,0.398333,0.379417,0.395917,666468000.000000,1141102800.0
1141102800.0,0.394167,0.397500,0.388917,0.392750,563316000.000000,1141189200.0
1141189200.0,0.394167,0.410000,0.391667,0.407667,703932000.000000,1141275600.0
1141275600.0,0.407250,0.414000,0.403000,0.408250,545460000.000000,1141362000.0
1141362000.0,0.404500,0.416750,0.403750,0.409667,595800000.000000,1141448400.0
1141621200.0,0.417667,0.420417,0.406833,0.408833,529020000.000000,1141707600.0
1141707600.0,0.408917,0.412083,0.393750,0.401833,606204000.000000,1141794000.0
1141794000.0,0.401917,0.404000,0.385500,0.399833,670800000.000000,1141880400.0
1141880400.0,0.404667,0.411417,0.401667,0.401917,536700000.000000,1141966800.0
1141966800.0,0.401500,0.406583,0.391333,0.394917,521580000.000000,1142053200.0
1142226000.0,0.398917,0.401583,0.395917,0.399667,372132000.000000,1142312400.0
1142312400.0,0.400000,0.412417,0.398500,0.410750,627792000.000000,1142398800.0
1142398800.0,0.411583,0.417917,0.410000,0.417333,510600000.000000,1142485200.0
1142485200.0,0.418083,0.418583,0.401750,0.403167,568416000.000000,1142571600.0
1142571600.0,0.401250,0.407500,0.395250,0.406417,618588000.000000,1142658000.0
1142830800.0,0.410000,0.410083,0.402917,0.403333,293772000.000000,1142917200.0
1142917200.0,0.423250,0.430833,0.412167,0.423250,1235472000.000000,1143003600.0
1143003600.0,0.412500,0.414500,0.401833,0.411083,1158576000.000000,1143090000.0
1143090000.0,0.412500,0.420417,0.407833,0.418750,661992000.000000,1143176400.0
1143176400.0,0.419833,0.433667,0.419167,0.432917,687936000.000000,1143262800.0
1143435600.0,0.433250,0.444917,0.431833,0.444583,651444000.000000,1143522000.0
1143522000.0,0.442583,0.457333,0.441667,0.451417,795204000.000000,1143608400.0
1143608400.0,0.453333,0.476500,0.449583,0.475667,987096000.000000,1143694800.0
1143694800.0,0.476167,0.481500,0.467583,0.478917,1063308000.000000,1143781200.0
1143781200.0,0.478583,0.485250,0.474250,0.477167,835560000.000000,1143867600.0
1144036800.0,0.479667,0.489167,0.473667,0.482500,968916000.000000,1144123200.0
1144123200.0,0.483167,0.505833,0.482667,0.505083,1200612000.000000,1144209600.0
1144209600.0,0.504167,0.511667,0.493417,0.509167,1112976000.000000,1144296000.0
1144296000.0,0.507833,0.514000,0.500833,0.510167,789312000.000000,1144382400.0
1144382400.0,0.508000,0.512500,0.498833,0.508833,682674000.000000,1144468800.0
1144641600.0,0.507667,0.510667,0.496167,0.500000,634230000.000000,1144728000.0
1144728000.0,0.501667,0.501667,0.484833,0.487833,702072000.000000,1144814400.0
1144814400.0,0.491000,0.510167,0.488333,0.507500,598308000.000000,1144900800.0
1144900800.0,0.496667,0.502333,0.491333,0.493333,738360000.000000,1144987200.0
1145246400.0,0.492500,0.507000,0.490667,0.494667,443868000.000000,1145332800.0
1145332800.0,0.485833,0.486000,0.469833,0.483000,1165488000.000000,1145419200.0
1145419200.0,0.480000,0.491333,0.473333,0.486000,517476000.000000,1145505600.0
1145505600.0,0.481667,0.494000,0.473667,0.485333,552684000.000000,1145592000.0
1145592000.0,0.486833,0.488833,0.462167,0.467833,770016000.000000,1145678400.0
1145851200.0,0.470833,0.486833,0.462500,0.482167,676848000.000000,1145937600.0
1145937600.0,0.476667,0.483000,0.468333,0.481833,719766000.000000,1146024000.0
1146024000.0,0.483667,0.491000,0.473333,0.478500,330528000.000000,1146110400.0
1146110400.0,0.476667,0.490667,0.466333,0.486167,462966000.000000,1146196800.0
1146196800.0,0.486500,0.493167,0.482333,0.487000,284736000.000000,1146283200.0
1146456000.0,0.490333,0.524500,0.490333,0.515000,902472000.000000,1146542400.0
1146542400.0,0.518833,0.525000,0.505500,0.514333,539700000.000000,1146628800.0
1146628800.0,0.508500,0.523333,0.508000,0.517667,378114000.000000,1146715200.0
1146715200.0,0.507500,0.520000,0.504833,0.514333,511128000.000000,1146801600.0
1146801600.0,0.517000,0.523167,0.509833,0.521333,338184000.000000,1146888000.0
1147060800.0,0.520000,0.531333,0.514167,0.519000,503622000.000000,1147147200.0
1147147200.0,0.518333,0.521000,0.502500,0.503167,561648000.000000,1147233600.0
1147233600.0,0.497167,0.503000,0.487000,0.492000,753264000.000000,1147320000.0
1147320000.0,0.497000,0.501667,0.470667,0.474500,1201110000.000000,1147406400.0
1147406400.0,0.463167,0.465500,0.429000,0.438833,1568172000.000000,1147492800.0
1147665600.0,0.438000,0.449000,0.434167,0.445167,553380000.000000,1147752000.0
1147752000.0,0.447667,0.447833,0.430667,0.433500,497532000.000000,1147838400.0
1147838400.0,0.432000,0.434500,0.408333,0.416000,841074000.000000,1147924800.0
1147924800.0,0.419333,0.423333,0.396667,0.397167,686730000.000000,1148011200.0
1148011200.0,0.400833,0.415000,0.396833,0.405500,932808000.000000,1148097600.0
1148270400.0,0.403333,0.404167,0.389000,0.400000,734886000.000000,1148356800.0
1148356800.0,0.408333,0.417833,0.394000,0.395667,532314000.000000,1148443200.0
1148443200.0,0.399167,0.412667,0.390167,0.400833,579522000.000000,1148529600.0
1148529600.0,0.408333,0.414333,0.396500,0.398667,423666000.000000,1148616000.0
1148616000.0,0.400167,0.402833,0.395333,0.399500,294642000.000000,1148702400.0
1148961600.0,0.400167,0.400333,0.382667,0.382833,448788000.000000,1149048000.0
1149048000.0,0.388000,0.391667,0.380667,0.383000,598422000.000000,1149134400.0
1149134400.0,0.387333,0.403000,0.381333,0.403000,537126000.000000,1149220800.0
1149220800.0,0.409500,0.411500,0.393167,0.397167,673710000.000000,1149307200.0
1149480000.0,0.395000,0.402333,0.379333,0.380500,581052000.000000,1149566400.0
1149566400.0,0.385333,0.385667,0.360000,0.370333,824130000.000000,1149652800.0
1149652800.0,0.374333,0.375000,0.360833,0.363667,565380000.000000,1149739200.0
1149739200.0,0.359500,0.364167,0.342667,0.357000,730572000.000000,1149825600.0
1149825600.0,0.361667,0.367833,0.352833,0.355833,433824000.000000,1149912000.0
1150084800.0,0.349667,0.354333,0.334167,0.336167,463230000.000000,1150171200.0
1150171200.0,0.336000,0.342833,0.327833,0.331000,532548000.000000,1150257600.0
1150257600.0,0.333000,0.341667,0.329500,0.340667,480492000.000000,1150344000.0
1150344000.0,0.353167,0.371667,0.350333,0.370500,837336000.000000,1150430400.0
1150430400.0,0.368000,0.369000,0.357500,0.361000,503448000.000000,1150516800.0
1150689600.0,0.365000,0.366833,0.349333,0.350167,388044000.000000,1150776000.0
1150776000.0,0.340500,0.352500,0.339167,0.344667,535818000.000000,1150862400.0
1150862400.0,0.343167,0.354000,0.343167,0.348500,441174000.000000,1150948800.0
1150948800.0,0.352333,0.353333,0.336000,0.338333,532338000.000000,1151035200.0
1151035200.0,0.337667,0.345500,0.334500,0.338500,335202000.000000,1151121600.0
1151294400.0,0.338000,0.341667,0.333667,0.335333,281736000.000000,1151380800.0
1151380800.0,0.337333,0.337667,0.320167,0.324667,608514000.000000,1151467200.0
1151467200.0,0.327167,0.348000,0.318667,0.342667,833376000.000000,1151553600.0
1151553600.0,0.333333,0.358167,0.332167,0.358167,687666000.000000,1151640000.0
1151640000.0,0.361667,0.367333,0.352167,0.354833,468240000.000000,1151726400.0
1151899200.0,0.363000,0.363333,0.357500,0.360000,174696000.000000,1151985600.0
1152072000.0,0.354333,0.357500,0.343833,0.343833,459708000.000000,1152158400.0
1152158400.0,0.343833,0.347167,0.329667,0.333167,470634000.000000,1152244800.0
1152244800.0,0.335500,0.336167,0.319167,0.322833,541230000.000000,1152331200.0
1152504000.0,0.323667,0.326000,0.306000,0.308833,449922000.000000,1152590400.0
1152590400.0,0.307833,0.320333,0.303333,0.319167,600582000.000000,1152676800.0
1152676800.0,0.318000,0.321667,0.303500,0.303833,461034000.000000,1152763200.0
1152763200.0,0.299167,0.306667,0.294500,0.296000,540582000.000000,1152849600.0
1152849600.0,0.301500,0.303167,0.286167,0.294500,572148000.000000,1152936000.0
1153108800.0,0.293167,0.300167,0.291667,0.296833,502806000.000000,1153195200.0
1153195200.0,0.307000,0.316167,0.296000,0.313000,979332000.000000,1153281600.0
1153281600.0,0.311667,0.330667,0.309333,0.326667,1055550000.000000,1153368000.0
1153368000.0,0.332500,0.338333,0.319667,0.320167,505602000.000000,1153454400.0
1153454400.0,0.309333,0.310667,0.293833,0.296167,633918000.000000,1153540800.0
1153713600.0,0.307167,0.333500,0.305500,0.326000,983178000.000000,1153800000.0
1153800000.0,0.330000,0.341000,0.325167,0.337500,574104000.000000,1153886400.0
1153886400.0,0.337500,0.341500,0.327500,0.337500,495318000.000000,1153972800.0
1153972800.0,0.341833,0.355833,0.336167,0.342333,694338000.000000,1154059200.0
1154059200.0,0.351167,0.378500,0.349167,0.377833,815298000.000000,1154145600.0
1154318400.0,0.373833,0.377667,0.368000,0.369000,594762000.000000,1154404800.0
1154404800.0,0.364500,0.365167,0.347500,0.354167,600966000.000000,1154491200.0
1154491200.0,0.362000,0.383167,0.361167,0.381333,756774000.000000,1154577600.0
1154577600.0,0.380000,0.415667,0.374667,0.405333,890568000.000000,1154664000.0
1154664000.0,0.416000,0.416667,0.389500,0.399833,818232000.000000,1154750400.0
1154923200.0,0.392833,0.400167,0.387500,0.395167,436146000.000000,1155009600.0
1155009600.0,0.398333,0.414167,0.397333,0.405667,619806000.000000,1155096000.0
1155096000.0,0.413667,0.425000,0.402500,0.405500,584706000.000000,1155182400.0
1155182400.0,0.401000,0.405000,0.394167,0.402667,1072140000.000000,1155268800.0
1155268800.0,0.373333,0.400167,0.372000,0.390000,1603272000.000000,1155355200.0
1155528000.0,0.394833,0.398833,0.385833,0.388000,809412000.000000,1155614400.0
1155614400.0,0.398000,0.427500,0.394167,0.425333,902172000.000000,1155700800.0
1155700800.0,0.427667,0.457667,0.416667,0.455833,1029246000.000000,1155787200.0
1155787200.0,0.450167,0.462000,0.444167,0.448667,814224000.000000,1155873600.0
1155873600.0,0.449167,0.458333,0.433500,0.456000,665898000.000000,1155960000.0
1156132800.0,0.449167,0.450000,0.438167,0.439167,500220000.000000,1156219200.0
1156219200.0,0.437833,0.450667,0.437500,0.438500,473928000.000000,1156305600.0
1156305600.0,0.441833,0.446333,0.428500,0.438167,485412000.000000,1156392000.0
1156392000.0,0.439333,0.445000,0.432333,0.442667,260802000.000000,1156478400.0
1156478400.0,0.439333,0.449167,0.435000,0.441333,238314000.000000,1156564800.0
1156737600.0,0.448667,0.469500,0.447833,0.456500,764562000.000000,1156824000.0
1156824000.0,0.460833,0.479333,0.457500,0.477167,727962000.000000,1156910400.0
1156910400.0,0.479833,0.492000,0.478667,0.487000,681564000.000000,1156996800.0
1156996800.0,0.485833,0.488000,0.474667,0.485167,511278000.000000,1157083200.0
1157083200.0,0.478000,0.481833,0.463000,0.464833,605742000.000000,1157169600.0
1157428800.0,0.466333,0.476833,0.459500,0.475000,549354000.000000,1157515200.0
1157515200.0,0.466667,0.467333,0.450000,0.451167,493572000.000000,1157601600.0
1157601600.0,0.443833,0.470333,0.439000,0.460167,742836000.000000,1157688000.0
1157688000.0,0.467500,0.469500,0.451500,0.461667,447978000.000000,1157774400.0
1157947200.0,0.451333,0.474167,0.446167,0.468833,598266000.000000,1158033600.0
1158033600.0,0.466667,0.484167,0.465500,0.481167,498432000.000000,1158120000.0
1158120000.0,0.482333,0.491333,0.480833,0.485000,476286000.000000,1158206400.0
1158206400.0,0.482667,0.491667,0.476833,0.483167,428814000.000000,1158292800.0
1158292800.0,0.484833,0.495000,0.482500,0.492667,649764000.000000,1158379200.0
1158552000.0,0.494000,0.512167,0.492500,0.511333,793896000.000000,1158638400.0
1158638400.0,0.508000,0.511667,0.493833,0.498000,708054000.000000,1158724800.0
1158724800.0,0.504500,0.516833,0.503500,0.516167,511884000.000000,1158811200.0
1158811200.0,0.515667,0.520833,0.507167,0.512000,539106000.000000,1158897600.0
1158897600.0,0.510500,0.513667,0.491167,0.496833,653334000.000000,1158984000.0
1159156800.0,0.504333,0.516833,0.490667,0.514667,684486000.000000,1159243200.0
1159243200.0,0.514167,0.515500,0.497333,0.503833,516120000.000000,1159329600.0
1159329600.0,0.502333,0.518333,0.497500,0.502333,578142000.000000,1159416000.0
1159416000.0,0.482667,0.494833,0.480500,0.492833,647346000.000000,1159502400.0
1159502400.0,0.496167,0.500000,0.490500,0.493167,373890000.000000,1159588800.0
1159761600.0,0.490833,0.494000,0.476667,0.480667,647442000.000000,1159848000.0
1159848000.0,0.471667,0.475333,0.461167,0.471667,907692000.000000,1159934400.0
1159934400.0,0.472333,0.518167,0.471000,0.518000,1460382000.000000,1160020800.0
1160020800.0,0.516000,0.521167,0.502000,0.503333,662682000.000000,1160107200.0
1160107200.0,0.504167,0.520833,0.502667,0.515500,593610000.000000,1160193600.0
1160366400.0,0.514333,0.555500,0.512833,0.548667,932304000.000000,1160452800.0
1160452800.0,0.545833,0.548000,0.530000,0.536167,624648000.000000,1160539200.0
1160539200.0,0.533333,0.548667,0.525167,0.539167,481944000.000000,1160625600.0
1160625600.0,0.542167,0.552500,0.533500,0.541333,414720000.000000,1160712000.0
1160712000.0,0.539500,0.566000,0.530667,0.562833,584190000.000000,1160798400.0
1160971200.0,0.564667,0.573833,0.551833,0.561833,478968000.000000,1161057600.0
1161057600.0,0.552667,0.556500,0.535000,0.540333,526506000.000000,1161144000.0
1161144000.0,0.548333,0.554167,0.522167,0.526000,822750000.000000,1161230400.0
1161230400.0,0.524000,0.540000,0.519833,0.536000,473040000.000000,1161316800.0
1161316800.0,0.540167,0.540500,0.522167,0.529833,359478000.000000,1161403200.0
1161576000.0,0.528667,0.541500,0.525000,0.526333,280248000.000000,1161662400.0
1161662400.0,0.527333,0.547667,0.525833,0.541667,519288000.000000,1161748800.0
1161748800.0,0.546833,0.555000,0.537667,0.546667,389436000.000000,1161835200.0
1161835200.0,0.548000,0.565833,0.548000,0.564000,366690000.000000,1161921600.0
1161921600.0,0.564000,0.576500,0.533333,0.539667,566988000.000000,1162008000.0
1162184400.0,0.543333,0.555833,0.537500,0.546167,479592000.000000,1162270800.0
1162270800.0,0.558167,0.581167,0.555333,0.581167,996174000.000000,1162357200.0
1162357200.0,0.573500,0.578833,0.528333,0.536333,1176540000.000000,1162443600.0
1162443600.0,0.538833,0.550500,0.525333,0.532667,862944000.000000,1162530000.0
1162530000.0,0.538667,0.544000,0.530000,0.543333,548070000.000000,1162616400.0
1162789200.0,0.544833,0.567333,0.538000,0.559833,739602000.000000,1162875600.0
1162875600.0,0.564000,0.574333,0.560833,0.568333,553254000.000000,1162962000.0
1162962000.0,0.564333,0.583667,0.563000,0.576667,648324000.000000,1163048400.0
1163048400.0,0.588500,0.603333,0.583167,0.588167,1207758000.000000,1163134800.0
1163134800.0,0.583167,0.586000,0.559500,0.574000,1317192000.000000,1163221200.0
1163394000.0,0.575167,0.601667,0.575000,0.600000,852282000.000000,1163480400.0
1163480400.0,0.597833,0.607167,0.585000,0.606000,628530000.000000,1163566800.0
1163566800.0,0.604167,0.612500,0.592667,0.596000,491892000.000000,1163653200.0
1163653200.0,0.598500,0.605833,0.593333,0.603667,457182000.000000,1163739600.0
1163739600.0,0.599500,0.607000,0.595833,0.605333,361608000.000000,1163826000.0
1163998800.0,0.597833,0.614333,0.593333,0.611000,608634000.000000,1164085200.0
1164085200.0,0.612833,0.613833,0.597333,0.601500,387384000.000000,1164171600.0
1164171600.0,0.603667,0.612500,0.600500,0.611833,240258000.000000,1164258000.0
1164344400.0,0.608833,0.617667,0.603333,0.616333,144336000.000000,1164430800.0
1164603600.0,0.612667,0.620833,0.584333,0.588500,585294000.000000,1164690000.0
1164690000.0,0.586500,0.604833,0.577333,0.599500,480966000.000000,1164776400.0
1164776400.0,0.605000,0.615667,0.602667,0.608333,579792000.000000,1164862800.0
1164862800.0,0.608333,0.621500,0.601000,0.616500,583632000.000000,1164949200.0
1164949200.0,0.609667,0.610500,0.587000,0.592333,785010000.000000,1165035600.0
1165208400.0,0.600000,0.624000,0.597833,0.616333,621570000.000000,1165294800.0
1165294800.0,0.609833,0.613500,0.603167,0.610000,663354000.000000,1165381200.0
1165381200.0,0.612000,0.612000,0.600833,0.609167,478242000.000000,1165467600.0
1165467600.0,0.609167,0.612500,0.589167,0.594500,486894000.000000,1165554000.0
1165554000.0,0.590167,0.600667,0.581667,0.592500,564858000.000000,1165640400.0
1165813200.0,0.592667,0.609833,0.591333,0.602667,515484000.000000,1165899600.0
1165899600.0,0.598167,0.600167,0.588500,0.596500,568116000.000000,1165986000.0
1165986000.0,0.601333,0.608333,0.601333,0.603500,491952000.000000,1166072400.0
1166072400.0,0.608333,0.621833,0.607833,0.614167,715380000.000000,1166158800.0
1166158800.0,0.618167,0.625000,0.614333,0.625000,746094000.000000,1166245200.0
1166418000.0,0.625667,0.643333,0.625333,0.635833,688356000.000000,1166504400.0
1166504400.0,0.627667,0.648333,0.626833,0.645000,545622000.000000,1166590800.0
1166590800.0,0.641667,0.649333,0.637167,0.637667,306594000.000000,1166677200.0
1166677200.0,0.641167,0.643000,0.625000,0.632167,367920000.000000,1166763600.0
1166763600.0,0.631167,0.633333,0.614167,0.617167,370170000.000000,1166850000.0
1167109200.0,0.620500,0.626000,0.614500,0.617000,228192000.000000,1167195600.0
1167195600.0,0.619667,0.627333,0.619667,0.625167,264954000.000000,1167282000.0
1167282000.0,0.625833,0.626500,0.617833,0.620667,213912000.000000,1167368400.0
1167368400.0,0.620667,0.633667,0.616167,0.616833,386094000.000000,1167454800.0
1167800400.0,0.617833,0.625333,0.579833,0.601333,1154820000.000000,1167886800.0
1167886800.0,0.599167,0.601333,0.583833,0.598500,797298000.000000,1167973200.0
1167973200.0,0.584333,0.586667,0.557000,0.561000,1243344000.000000,1168059600.0
1168232400.0,0.563000,0.576000,0.553333,0.565167,657270000.000000,1168318800.0
1168318800.0,0.566000,0.569833,0.553500,0.554167,764166000.000000,1168405200.0
1168405200.0,0.548333,0.586667,0.540000,0.581500,1108746000.000000,1168491600.0
1168491600.0,0.581500,0.586000,0.569833,0.579333,924504000.000000,1168578000.0
1168578000.0,0.570667,0.589500,0.568000,0.587167,698190000.000000,1168664400.0
1168923600.0,0.591667,0.592000,0.581500,0.588167,711864000.000000,1169010000.0
1169010000.0,0.580000,0.583500,0.573667,0.575833,707934000.000000,1169096400.0
1169096400.0,0.570833,0.570833,0.521000,0.528167,1501638000.000000,1169182800.0
1169182800.0,0.522500,0.542333,0.518833,0.531333,942606000.000000,1169269200.0
1169442000.0,0.536333,0.545000,0.529333,0.531333,730644000.000000,1169528400.0
1169528400.0,0.528833,0.540000,0.519000,0.531500,630354000.000000,1169614800.0
1169614800.0,0.538333,0.555167,0.535833,0.548000,685722000.000000,1169701200.0
1169701200.0,0.553000,0.555000,0.526167,0.528833,616284000.000000,1169787600.0
1169787600.0,0.533333,0.538500,0.515000,0.524500,829584000.000000,1169874000.0
1170046800.0,0.522167,0.522500,0.498500,0.503000,1258284000.000000,1170133200.0
1170133200.0,0.506333,0.516000,0.501833,0.512667,636174000.000000,1170219600.0
1170219600.0,0.510167,0.515667,0.503833,0.510833,467976000.000000,1170306000.0
1170306000.0,0.506000,0.520000,0.505000,0.517333,650898000.000000,1170392400.0
1170392400.0,0.520167,0.533333,0.515833,0.530833,586590000.000000,1170478800.0
1170651600.0,0.533333,0.544000,0.532500,0.539500,579906000.000000,1170738000.0
1170738000.0,0.551667,0.565667,0.543500,0.558667,775386000.000000,1170824400.0
1170824400.0,0.563167,0.581833,0.559833,0.580500,761058000.000000,1170910800.0
1170910800.0,0.571667,0.581167,0.566667,0.573000,726276000.000000,1170997200.0
1170997200.0,0.575833,0.580667,0.542000,0.544167,937956000.000000,1171083600.0
1171256400.0,0.548167,0.568000,0.542333,0.556167,789360000.000000,1171342800.0
1171342800.0,0.565167,0.571167,0.559500,0.566667,849732000.000000,1171429200.0
1171429200.0,0.571667,0.575000,0.557833,0.559167,1081848000.000000,1171515600.0
1171515600.0,0.558833,0.565333,0.553500,0.562500,488682000.000000,1171602000.0
1171602000.0,0.560167,0.560833,0.543667,0.545333,915060000.000000,1171688400.0
1171947600.0,0.546167,0.553167,0.542333,0.550167,625578000.000000,1172034000.0
1172034000.0,0.545667,0.551500,0.536500,0.542000,655332000.000000,1172120400.0
1172120400.0,0.550500,0.559333,0.544167,0.545500,655452000.000000,1172206800.0
1172206800.0,0.550667,0.551000,0.544000,0.544167,403050000.000000,1172293200.0
1172466000.0,0.545667,0.549833,0.535000,0.535833,494070000.000000,1172552400.0
1172552400.0,0.530000,0.542500,0.518833,0.519667,714630000.000000,1172638800.0
1172638800.0,0.518167,0.527833,0.511833,0.516667,780048000.000000,1172725200.0
1172725200.0,0.505500,0.519833,0.498833,0.510333,837228000.000000,1172811600.0
1172811600.0,0.505833,0.512000,0.495167,0.496167,682728000.000000,1172898000.0
1173070800.0,0.487500,0.497167,0.477667,0.479333,663558000.000000,1173157200.0
1173157200.0,0.489833,0.513167,0.487833,0.507667,805974000.000000,1173243600.0
1173243600.0,0.505167,0.507500,0.491167,0.493333,811656000.000000,1173330000.0
1173330000.0,0.503667,0.519333,0.503333,0.513667,770622000.000000,1173416400.0
1173416400.0,0.520833,0.526667,0.502667,0.508500,555306000.000000,1173502800.0
1173672000.0,0.502667,0.512833,0.502000,0.505500,428010000.000000,1173758400.0
1173758400.0,0.500333,0.503333,0.483833,0.484167,617070000.000000,1173844800.0
1173844800.0,0.485500,0.488333,0.467333,0.481833,971610000.000000,1173931200.0
1173931200.0,0.480667,0.485000,0.469667,0.477000,655752000.000000,1174017600.0
1174017600.0,0.477333,0.478167,0.469167,0.472500,525648000.000000,1174104000.0
1174276800.0,0.475000,0.482500,0.473333,0.474833,461508000.000000,1174363200.0
1174363200.0,0.473333,0.484167,0.470667,0.472500,656490000.000000,1174449600.0
1174449600.0,0.491667,0.507333,0.482333,0.499500,1268376000.000000,1174536000.0
1174536000.0,0.500000,0.513500,0.497667,0.510500,810954000.000000,1174622400.0
1174622400.0,0.506667,0.515667,0.501167,0.504833,524640000.000000,1174708800.0
1174881600.0,0.505167,0.510000,0.496667,0.505833,447336000.000000,1174968000.0
1174968000.0,0.504667,0.505667,0.495833,0.496333,469020000.000000,1175054400.0
1175054400.0,0.492167,0.496333,0.486000,0.486833,459504000.000000,1175140800.0
1175140800.0,0.494167,0.494833,0.470500,0.478333,719016000.000000,1175227200.0
1175227200.0,0.484833,0.488333,0.477167,0.479667,581244000.000000,1175313600.0
1175486400.0,0.478500,0.482500,0.471333,0.479167,400830000.000000,1175572800.0
1175572800.0,0.479167,0.484500,0.472833,0.477333,473724000.000000,1175659200.0
1175659200.0,0.476667,0.480500,0.475000,0.476333,361692000.000000,1175745600.0
1175745600.0,0.478333,0.515500,0.478333,0.515000,1332900000.000000,1175832000.0
1176091200.0,0.515000,0.520833,0.504667,0.505667,640950000.000000,1176177600.0
1176177600.0,0.505000,0.510833,0.499500,0.500500,794220000.000000,1176264000.0
1176264000.0,0.501500,0.506500,0.489833,0.491500,810150000.000000,1176350400.0
1176350400.0,0.488833,0.507000,0.485667,0.505500,743640000.000000,1176436800.0
1176436800.0,0.503833,0.510667,0.497667,0.509667,638694000.000000,1176523200.0
1176696000.0,0.508333,0.512167,0.500500,0.507000,671838000.000000,1176782400.0
1176782400.0,0.519833,0.531667,0.509333,0.511833,1059108000.000000,1176868800.0
1176868800.0,0.511000,0.522667,0.508333,0.518167,683802000.000000,1176955200.0
1176955200.0,0.514000,0.528333,0.512500,0.525333,568056000.000000,1177041600.0
1177041600.0,0.533000,0.533333,0.524500,0.531500,590052000.000000,1177128000.0
1177300800.0,0.529000,0.530000,0.521333,0.522833,595272000.000000,1177387200.0
1177387200.0,0.531667,0.547333,0.528167,0.542500,1028088000.000000,1177473600.0
1177473600.0,0.541667,0.554833,0.539167,0.551833,509640000.000000,1177560000.0
1177560000.0,0.551833,0.562833,0.546833,0.558667,500070000.000000,1177646400.0
1177646400.0,0.556833,0.563000,0.542333,0.551167,554058000.000000,1177732800.0
1177905600.0,0.558667,0.565667,0.548000,0.548167,563388000.000000,1177992000.0
1177992000.0,0.558167,0.561833,0.549500,0.554000,544554000.000000,1178078400.0
1178078400.0,0.556833,0.559167,0.544667,0.547500,659658000.000000,1178164800.0
1178164800.0,0.552667,0.561500,0.551667,0.557833,500250000.000000,1178251200.0
1178251200.0,0.560833,0.564667,0.555500,0.561833,405246000.000000,1178337600.0
1178510400.0,0.570000,0.576333,0.550000,0.550667,557100000.000000,1178596800.0
1178596800.0,0.547333,0.556167,0.536667,0.554833,737100000.000000,1178683200.0
1178683200.0,0.550833,0.560500,0.544500,0.557333,417870000.000000,1178769600.0
1178769600.0,0.559667,0.567000,0.542167,0.547000,802584000.000000,1178856000.0
1178856000.0,0.576500,0.591333,0.567667,0.585667,1530630000.000000,1178942400.0
1179115200.0,0.583333,0.588833,0.574333,0.579833,731568000.000000,1179201600.0
1179201600.0,0.581500,0.585000,0.573333,0.574667,621360000.000000,1179288000.0
1179288000.0,0.575167,0.582000,0.564167,0.582000,523104000.000000,1179374400.0
1179374400.0,0.580333,0.583333,0.569000,0.572333,443664000.000000,1179460800.0
1179460800.0,0.576667,0.585333,0.571833,0.583667,604266000.000000,1179547200.0
1179720000.0,0.582000,0.600000,0.579167,0.585500,645768000.000000,1179806400.0
1179806400.0,0.586000,0.594000,0.576500,0.588667,401736000.000000,1179892800.0
1179892800.0,0.589000,0.592500,0.571333,0.573000,448248000.000000,1179979200.0
1179979200.0,0.575667,0.577333,0.550000,0.552333,607800000.000000,1180065600.0
1180065600.0,0.556333,0.563833,0.554667,0.561000,308976000.000000,1180152000.0
1180411200.0,0.558667,0.568833,0.557000,0.567000,316242000.000000,1180497600.0
1180497600.0,0.560333,0.568333,0.553333,0.568333,331650000.000000,1180584000.0
1180584000.0,0.572500,0.580833,0.569833,0.577333,481572000.000000,1180670400.0
1180670400.0,0.583833,0.592500,0.580333,0.581333,429084000.000000,1180756800.0
1180929600.0,0.576000,0.587833,0.573667,0.584500,322002000.000000,1181016000.0
1181016000.0,0.586167,0.602833,0.585167,0.601833,698586000.000000,1181102400.0
1181102400.0,0.597667,0.616000,0.595167,0.606333,950736000.000000,1181188800.0
1181188800.0,0.603500,0.612500,0.599667,0.599833,791862000.000000,1181275200.0
1181275200.0,0.594833,0.610000,0.587500,0.609167,533268000.000000,1181361600.0
1181534400.0,0.609167,0.615000,0.605833,0.611333,434634000.000000,1181620800.0
1181620800.0,0.608167,0.616667,0.604667,0.605000,526770000.000000,1181707200.0
1181707200.0,0.611667,0.619667,0.603833,0.619500,587232000.000000,1181793600.0
1181793600.0,0.616667,0.632833,0.615833,0.630500,508548000.000000,1181880000.0
1181880000.0,0.637667,0.664167,0.637500,0.659167,1081998000.000000,1181966400.0
1182139200.0,0.665833,0.668167,0.654167,0.659500,685662000.000000,1182225600.0
1182225600.0,0.655333,0.665167,0.650833,0.663667,491952000.000000,1182312000.0
1182312000.0,0.666667,0.670000,0.659833,0.664333,822792000.000000,1182398400.0
1182398400.0,0.677167,0.722167,0.672000,0.716333,1297326000.000000,1182484800.0
1182484800.0,0.716667,0.731167,0.705833,0.727000,882618000.000000,1182571200.0
1182744000.0,0.706667,0.724000,0.700167,0.707833,819702000.000000,1182830400.0
1182830400.0,0.706000,0.708000,0.673333,0.675000,868482000.000000,1182916800.0
1182916800.0,0.675000,0.694000,0.671667,0.693167,613140000.000000,1183003200.0
1183003200.0,0.695167,0.707333,0.688333,0.699833,597534000.000000,1183089600.0
1183089600.0,0.704500,0.704667,0.688167,0.688500,516570000.000000,1183176000.0
1183348800.0,0.698333,0.717500,0.696167,0.717167,563850000.000000,1183435200.0
1183435200.0,0.716667,0.724000,0.710833,0.718333,238770000.000000,1183521600.0
1183608000.0,0.718500,0.728333,0.715000,0.726000,373290000.000000,1183694400.0
1183694400.0,0.725000,0.732333,0.723667,0.729500,282720000.000000,1183780800.0
1183953600.0,0.732167,0.754167,0.732000,0.750667,536784000.000000,1184040000.0
1184040000.0,0.746833,0.762500,0.738833,0.758000,552654000.000000,1184126400.0
1184126400.0,0.757833,0.763000,0.744167,0.754667,582612000.000000,1184212800.0
1184212800.0,0.760000,0.770000,0.754667,0.769167,438732000.000000,1184299200.0
1184299200.0,0.767000,0.776167,0.763667,0.764500,372630000.000000,1184385600.0
1184558400.0,0.765167,0.781500,0.765000,0.778333,541710000.000000,1184644800.0
1184644800.0,0.781500,0.797167,0.774333,0.775000,643812000.000000,1184731200.0
1184731200.0,0.763833,0.766167,0.745833,0.760833,550656000.000000,1184817600.0
1184817600.0,0.771667,0.775500,0.754667,0.760000,407376000.000000,1184904000.0
1184904000.0,0.765000,0.767667,0.748000,0.751667,505650000.000000,1184990400.0
1185163200.0,0.749000,0.774667,0.747333,0.759167,360474000.000000,1185249600.0
1185249600.0,0.756167,0.762500,0.734500,0.739167,457560000.000000,1185336000.0
1185336000.0,0.739333,0.749833,0.718667,0.735667,437196000.000000,1185422400.0
1185422400.0,0.727833,0.749667,0.718000,0.739333,710268000.000000,1185508800.0
1185508800.0,0.737500,0.771500,0.737167,0.737500,615480000.000000,1185595200.0
1185768000.0,0.740167,0.759333,0.740000,0.758167,538158000.000000,1185854400.0
1185854400.0,0.788167,0.798833,0.761667,0.762667,711492000.000000,1185940800.0
1185940800.0,0.751667,0.770167,0.721667,0.757000,705828000.000000,1186027200.0
1186027200.0,0.765667,0.766333,0.743500,0.753667,468606000.000000,1186113600.0
1186113600.0,0.751167,0.756667,0.708667,0.709000,623412000.000000,1186200000.0
1186372800.0,0.715000,0.720333,0.695000,0.715000,524724000.000000,1186459200.0
1186459200.0,0.715000,0.738167,0.705500,0.726333,565764000.000000,1186545600.0
1186545600.0,0.739500,0.782500,0.733833,0.759833,660744000.000000,1186632000.0
1186632000.0,0.765000,0.790000,0.747500,0.768833,1251834000.000000,1186718400.0
1186718400.0,0.705833,0.738167,0.689833,0.733167,1141014000.000000,1186804800.0
1186977600.0,0.739000,0.744000,0.710000,0.725167,700410000.000000,1187064000.0
1187064000.0,0.730167,0.765000,0.728000,0.753333,1092174000.000000,1187150400.0
1187150400.0,0.749333,0.760000,0.720500,0.721500,695142000.000000,1187236800.0
1187236800.0,0.714333,0.719500,0.675000,0.709500,780030000.000000,1187323200.0
1187323200.0,0.729167,0.752000,0.706500,0.751333,728712000.000000,1187409600.0
1187582400.0,0.751833,0.760000,0.739167,0.748333,519684000.000000,1187668800.0
1187668800.0,0.752833,0.794833,0.741667,0.788833,715338000.000000,1187755200.0
1187755200.0,0.808833,0.811500,0.792500,0.806833,566154000.000000,1187841600.0
1187841600.0,0.810667,0.820167,0.796500,0.800000,667986000.000000,1187928000.0
1187928000.0,0.797667,0.805667,0.791833,0.804167,361644000.000000,1188014400.0
1188187200.0,0.804167,0.830833,0.800500,0.822333,635946000.000000,1188273600.0
1188273600.0,0.825000,0.828333,0.770333,0.772167,560022000.000000,1188360000.0
1188360000.0,0.788333,0.817000,0.786667,0.816000,538560000.000000,1188446400.0
1188446400.0,0.808167,0.831500,0.807833,0.811333,465660000.000000,1188532800.0
1188532800.0,0.828333,0.855833,0.823833,0.852667,720834000.000000,1188619200.0
1188878400.0,0.856500,0.882667,0.843167,0.879000,683268000.000000,1188964800.0
1188964800.0,0.875167,0.900000,0.871667,0.872333,656274000.000000,1189051200.0
1189051200.0,0.883167,0.891167,0.872500,0.876167,425496000.000000,1189137600.0
1189137600.0,0.851833,0.860667,0.827833,0.844167,602304000.000000,1189224000.0
1189396800.0,0.862500,0.877500,0.839500,0.846500,872112000.000000,1189483200.0
1189483200.0,0.856750,0.871000,0.847750,0.864500,405424000.000000,1189569600.0
1189569600.0,0.873750,0.878000,0.822000,0.830500,554452000.000000,1189656000.0
1189656000.0,0.846250,0.847250,0.824750,0.830750,452864000.000000,1189742400.0
1189742400.0,0.822500,0.823500,0.803750,0.806250,487308000.000000,1189828800.0
1190001600.0,0.807500,0.816000,0.795750,0.804500,374828000.000000,1190088000.0
1190088000.0,0.813000,0.887500,0.811750,0.875000,844740000.000000,1190174400.0
1190174400.0,0.883000,0.900000,0.850500,0.859000,521360000.000000,1190260800.0
1190260800.0,0.859500,0.868750,0.844500,0.854000,324172000.000000,1190347200.0
1190347200.0,0.862500,0.875000,0.854000,0.862250,457532000.000000,1190433600.0
1190606400.0,0.867500,0.897500,0.861250,0.884250,456360000.000000,1190692800.0
1190692800.0,0.879000,0.899250,0.876500,0.895500,360748000.000000,1190779200.0
1190779200.0,0.900000,0.918750,0.897750,0.916750,518032000.000000,1190865600.0
1190865600.0,0.925500,0.930000,0.909750,0.919500,378280000.000000,1190952000.0
1190952000.0,0.925000,0.928250,0.904000,0.906000,404292000.000000,1191038400.0
1191211200.0,0.913750,0.948750,0.912750,0.944250,398200000.000000,1191297600.0
1191297600.0,0.942000,0.943750,0.921500,0.935250,284960000.000000,1191384000.0
1191384000.0,0.918750,0.918750,0.880750,0.895500,467196000.000000,1191470400.0
1191470400.0,0.894500,0.904750,0.868750,0.899500,378976000.000000,1191556800.0
1191556800.0,0.913750,0.928250,0.904000,0.923250,344840000.000000,1191643200.0
1191816000.0,0.929750,0.939750,0.918750,0.938250,252484000.000000,1191902400.0
1191902400.0,0.938250,0.942500,0.908000,0.921750,403008000.000000,1191988800.0
1191988800.0,0.928000,0.928000,0.900500,0.922750,389136000.000000,1192075200.0
1192075200.0,0.914250,0.925750,0.871750,0.881750,529104000.000000,1192161600.0
1192161600.0,0.891500,0.903250,0.877750,0.903250,409952000.000000,1192248000.0
1192420800.0,0.906250,0.921500,0.902000,0.909750,355900000.000000,1192507200.0
1192507200.0,0.908750,0.934250,0.905500,0.918000,276360000.000000,1192593600.0
1192593600.0,0.953750,0.991250,0.952750,0.988500,717944000.000000,1192680000.0
1192680000.0,0.985250,0.991750,0.960500,0.987750,340620000.000000,1192766400.0
1192766400.0,0.985500,0.986000,0.934500,0.934750,505768000.000000,1192852800.0
1193025600.0,0.928750,0.981000,0.921250,0.979000,537656000.000000,1193112000.0
1193112000.0,0.991750,0.991750,0.957000,0.983750,294292000.000000,1193198400.0
1193198400.0,0.962500,0.962500,0.903750,0.950500,565500000.000000,1193284800.0
1193284800.0,0.921250,0.930000,0.839750,0.867500,806192000.000000,1193371200.0
1193371200.0,0.895000,0.901000,0.847500,0.860000,616580000.000000,1193457600.0
1193630400.0,0.830500,0.843750,0.814000,0.839750,813896000.000000,1193716800.0
1193716800.0,0.846500,0.888250,0.832500,0.870500,525212000.000000,1193803200.0
1193803200.0,0.875750,0.885000,0.848500,0.884500,455188000.000000,1193889600.0
1193889600.0,0.870750,0.902250,0.858750,0.884500,587236000.000000,1193976000.0
1193976000.0,0.896750,0.925000,0.884250,0.918500,491844000.000000,1194062400.0
1194238800.0,0.910750,0.940500,0.905000,0.918500,436636000.000000,1194325200.0
1194325200.0,0.927250,0.955000,0.923000,0.947500,554620000.000000,1194411600.0
1194411600.0,0.947000,0.950750,0.895000,0.902500,546768000.000000,1194498000.0
1194498000.0,0.893750,0.910000,0.820250,0.846000,996824000.000000,1194584400.0
1194584400.0,0.863750,0.870000,0.816250,0.834000,871056000.000000,1194670800.0
1194843600.0,0.833750,0.839750,0.750750,0.750750,715732000.000000,1194930000.0
1194930000.0,0.763000,0.817750,0.750750,0.817000,726696000.000000,1195016400.0
1195016400.0,0.837750,0.845750,0.800000,0.804250,666720000.000000,1195102800.0
1195102800.0,0.799000,0.806500,0.775000,0.793500,496436000.000000,1195189200.0
1195189200.0,0.800000,0.813500,0.793500,0.811250,423592000.000000,1195275600.0
1195448400.0,0.799750,0.803750,0.752250,0.756500,568412000.000000,1195534800.0
1195534800.0,0.770750,0.772000,0.727750,0.750750,622628000.000000,1195621200.0
1195621200.0,0.735000,0.760500,0.732750,0.742750,648452000.000000,1195707600.0
1195794000.0,0.748000,0.758750,0.738500,0.755500,141976000.000000,1195880400.0
1196053200.0,0.755000,0.770500,0.736500,0.738000,385896000.000000,1196139600.0
1196139600.0,0.748500,0.772000,0.742750,0.769750,458856000.000000,1196226000.0
1196226000.0,0.794000,0.832250,0.790250,0.821250,574548000.000000,1196312400.0
1196312400.0,0.820000,0.852500,0.816500,0.828000,489084000.000000,1196398800.0
1196398800.0,0.855000,0.855000,0.786000,0.788500,652656000.000000,1196485200.0
1196658000.0,0.800000,0.814750,0.787750,0.800000,490688000.000000,1196744400.0
1196744400.0,0.803500,0.806250,0.783750,0.799250,371712000.000000,1196830800.0
1196830800.0,0.829750,0.856250,0.819500,0.840750,666704000.000000,1196917200.0
1196917200.0,0.838750,0.860500,0.831250,0.857750,371152000.000000,1197003600.0
1197003600.0,0.861250,0.862250,0.838250,0.847000,320292000.000000,1197090000.0
1197262800.0,0.849750,0.866250,0.847250,0.856250,336360000.000000,1197349200.0
1197349200.0,0.874500,0.890500,0.855250,0.857250,582436000.000000,1197435600.0
1197435600.0,0.893500,0.902250,0.869500,0.886750,617504000.000000,1197522000.0
1197522000.0,0.876000,0.881750,0.837000,0.862500,500364000.000000,1197608400.0
1197608400.0,0.858500,0.886250,0.852750,0.876750,354016000.000000,1197694800.0
1197867600.0,0.867500,0.875750,0.830000,0.832000,507408000.000000,1197954000.0
1197954000.0,0.844750,0.862500,0.836250,0.853250,396896000.000000,1198040400.0
1198040400.0,0.850250,0.869250,0.846750,0.861250,253536000.000000,1198126800.0
1198126800.0,0.875000,0.881250,0.856750,0.879250,279940000.000000,1198213200.0
1198213200.0,0.889750,0.897500,0.871000,0.879000,433408000.000000,1198299600.0
1198472400.0,0.885500,0.898750,0.879000,0.894500,104008000.000000,1198558800.0
1198645200.0,0.896250,0.906500,0.887500,0.906500,215340000.000000,1198731600.0
1198731600.0,0.905000,0.910000,0.876250,0.878500,241368000.000000,1198818000.0
1198818000.0,0.877000,0.887500,0.862250,0.869750,262064000.000000,1198904400.0
1199077200.0,0.862750,0.878500,0.850250,0.850500,276236000.000000,1199163600.0
1199250000.0,0.853000,0.856250,0.814000,0.825250,483964000.000000,1199336400.0
1199336400.0,0.830000,0.846500,0.815750,0.818750,475308000.000000,1199422800.0
1199422800.0,0.794250,0.798250,0.745000,0.750000,736092000.000000,1199509200.0
1199682000.0,0.755000,0.761250,0.658750,0.672500,1006800000.000000,1199768400.0
1199768400.0,0.676250,0.732250,0.660500,0.686750,1106956000.000000,1199854800.0
1199854800.0,0.696000,0.722500,0.685750,0.722250,741036000.000000,1199941200.0
1199941200.0,0.702500,0.718500,0.693250,0.707250,554432000.000000,1200027600.0
1200027600.0,0.690500,0.705000,0.671250,0.676250,572612000.000000,1200114000.0
1200286800.0,0.686250,0.722250,0.675250,0.721250,539188000.000000,1200373200.0
1200373200.0,0.693750,0.702000,0.656500,0.668250,725692000.000000,1200459600.0
1200459600.0,0.626250,0.634000,0.579000,0.592750,1464472000.000000,1200546000.0
1200546000.0,0.602000,0.618000,0.581000,0.582500,1133900000.000000,1200632400.0
1200632400.0,0.584250,0.624250,0.563000,0.621000,920428000.000000,1200718800.0
1200978000.0,0.561750,0.604500,0.558250,0.590000,709092000.000000,1201064400.0
1201064400.0,0.566000,0.618500,0.560500,0.600750,929880000.000000,1201150800.0
1201150800.0,0.612500,0.647000,0.606750,0.646750,597092000.000000,1201237200.0
1201237200.0,0.671500,0.686500,0.620750,0.623750,688012000.000000,1201323600.0
1201496400.0,0.621500,0.627750,0.603000,0.616250,577608000.000000,1201582800.0
1201582800.0,0.627250,0.637750,0.611000,0.635250,414484000.000000,1201669200.0
1201669200.0,0.625000,0.639250,0.611750,0.629750,530476000.000000,1201755600.0
1201755600.0,0.616000,0.626250,0.595750,0.614750,588708000.000000,1201842000.0
1201842000.0,0.613500,0.675000,0.608250,0.671500,593104000.000000,1201928400.0
1202101200.0,0.686000,0.689750,0.647000,0.650500,565128000.000000,1202187600.0
1202187600.0,0.637500,0.637750,0.609500,0.609750,494928000.000000,1202274000.0
1202274000.0,0.616250,0.633250,0.596500,0.607750,557380000.000000,1202360400.0
1202360400.0,0.590250,0.631000,0.577500,0.613750,664128000.000000,1202446800.0
1202446800.0,0.608000,0.629500,0.600000,0.624750,393932000.000000,1202533200.0
1202706000.0,0.630000,0.640250,0.622500,0.626750,503732000.000000,1202792400.0
1202792400.0,0.636250,0.659000,0.632750,0.650000,609688000.000000,1202878800.0
1202878800.0,0.655000,0.677500,0.648000,0.675500,742312000.000000,1202965200.0
1202965200.0,0.655750,0.656250,0.563750,0.565250,2184296000.000000,1203051600.0
1203051600.0,0.563000,0.578250,0.547750,0.556750,817364000.000000,1203138000.0
1203397200.0,0.567000,0.568000,0.543750,0.548500,558608000.000000,1203483600.0
1203483600.0,0.532500,0.552500,0.530250,0.544500,759016000.000000,1203570000.0
1203570000.0,0.550000,0.552750,0.529000,0.532250,644272000.000000,1203656400.0
1203656400.0,0.536500,0.559000,0.532500,0.558000,723052000.000000,1203742800.0
1203915600.0,0.557500,0.564000,0.543000,0.557750,671784000.000000,1204002000.0
1204002000.0,0.554500,0.571000,0.546000,0.562500,565420000.000000,1204088400.0
1204088400.0,0.559750,0.575750,0.556250,0.571250,537816000.000000,1204174800.0
1204174800.0,0.566250,0.567250,0.549750,0.549750,503608000.000000,1204261200.0
1204261200.0,0.540750,0.548000,0.532500,0.534750,540576000.000000,1204347600.0
1204520400.0,0.534000,0.537750,0.521500,0.528500,449028000.000000,1204606800.0
1204606800.0,0.525000,0.526000,0.502750,0.523250,778888000.000000,1204693200.0
1204693200.0,0.528250,0.541750,0.522750,0.529250,644656000.000000,1204779600.0
1204779600.0,0.522750,0.526250,0.495250,0.496000,1075284000.000000,1204866000.0
1204866000.0,0.487000,0.508000,0.475000,0.488750,767500000.000000,1204952400.0
1205121600.0,0.482750,0.488750,0.460000,0.460750,776100000.000000,1205208000.0
1205208000.0,0.475000,0.480750,0.456000,0.476000,857940000.000000,1205294400.0
1205294400.0,0.480500,0.484750,0.459000,0.463000,743320000.000000,1205380800.0
1205380800.0,0.455750,0.499500,0.453000,0.492500,1220528000.000000,1205467200.0
1205467200.0,0.495000,0.495500,0.454500,0.458000,1154972000.000000,1205553600.0
1205726400.0,0.438000,0.462000,0.432750,0.446500,800952000.000000,1205812800.0
1205812800.0,0.457000,0.475000,0.444000,0.474250,1075256000.000000,1205899200.0
1205899200.0,0.463250,0.469750,0.441500,0.441500,880476000.000000,1205985600.0
1205985600.0,0.446750,0.464000,0.438750,0.463000,633460000.000000,1206072000.0
1206331200.0,0.473250,0.503500,0.471500,0.500750,887440000.000000,1206417600.0
1206417600.0,0.503000,0.517500,0.498250,0.508000,735388000.000000,1206504000.0
1206504000.0,0.501250,0.504750,0.486250,0.491750,721652000.000000,1206590400.0
1206590400.0,0.484250,0.498000,0.476750,0.484750,601308000.000000,1206676800.0
1206676800.0,0.493500,0.504750,0.488500,0.492000,561788000.000000,1206763200.0
1206936000.0,0.497250,0.506500,0.488500,0.494750,569992000.000000,1207022400.0
1207022400.0,0.509500,0.526250,0.502250,0.525000,676872000.000000,1207108800.0
1207108800.0,0.526500,0.526500,0.505000,0.509000,616536000.000000,1207195200.0
1207195200.0,0.504750,0.505500,0.484750,0.499500,841984000.000000,1207281600.0
1207281600.0,0.489500,0.492000,0.468250,0.469500,1535528000.000000,1207368000.0
1207540800.0,0.481000,0.488000,0.477000,0.480750,729496000.000000,1207627200.0
1207627200.0,0.475000,0.493500,0.475000,0.478000,639476000.000000,1207713600.0
1207713600.0,0.483500,0.492500,0.479000,0.487500,675232000.000000,1207800000.0
1207800000.0,0.492750,0.512750,0.482250,0.497000,1092184000.000000,1207886400.0
1207886400.0,0.487500,0.490500,0.460250,0.463250,1106280000.000000,1207972800.0
1208145600.0,0.461500,0.462500,0.445000,0.447750,780004000.000000,1208232000.0
1208232000.0,0.450000,0.454750,0.440250,0.453000,439916000.000000,1208318400.0
1208318400.0,0.470250,0.477000,0.462000,0.471000,646836000.000000,1208404800.0
1208404800.0,0.449250,0.466250,0.449000,0.464500,596968000.000000,1208491200.0
1208491200.0,0.478750,0.483000,0.469000,0.475500,573540000.000000,1208577600.0
1208750400.0,0.471750,0.500000,0.471750,0.496750,679892000.000000,1208836800.0
1208836800.0,0.487750,0.493000,0.477000,0.487500,587668000.000000,1208923200.0
1208923200.0,0.494250,0.516500,0.487750,0.511000,1020496000.000000,1209009600.0
1209009600.0,0.514000,0.516500,0.491250,0.498750,655764000.000000,1209096000.0
1209096000.0,0.503500,0.505000,0.487750,0.503750,552208000.000000,1209182400.0
1209355200.0,0.501500,0.509000,0.492750,0.494750,535700000.000000,1209441600.0
1209441600.0,0.489250,0.511250,0.489250,0.505000,573408000.000000,1209528000.0
1209528000.0,0.511000,0.519250,0.507500,0.513750,1068320000.000000,1209614400.0
1209614400.0,0.520000,0.538750,0.517500,0.537500,1014624000.000000,1209700800.0
1209700800.0,0.552250,0.563000,0.544000,0.563000,1131016000.000000,1209787200.0
1209960000.0,0.559250,0.561750,0.547750,0.549000,943392000.000000,1210046400.0
1210046400.0,0.547500,0.564500,0.539000,0.563250,729036000.000000,1210132800.0
1210132800.0,0.564750,0.572250,0.545500,0.550250,715632000.000000,1210219200.0
1210219200.0,0.554500,0.556250,0.525250,0.548750,1360000000.000000,1210305600.0
1210305600.0,0.550250,0.585750,0.549250,0.563250,2030352000.000000,1210392000.0
1210564800.0,0.570500,0.570500,0.541750,0.547250,1006652000.000000,1210651200.0
1210651200.0,0.550000,0.550000,0.532000,0.536000,854108000.000000,1210737600.0
1210737600.0,0.542750,0.566000,0.536000,0.551750,751148000.000000,1210824000.0
1210824000.0,0.550500,0.597000,0.548000,0.594500,1165464000.000000,1210910400.0
1210910400.0,0.604500,0.611500,0.590750,0.610250,1091556000.000000,1210996800.0
1211169600.0,0.610500,0.632750,0.593250,0.597500,1158532000.000000,1211256000.0
1211256000.0,0.581250,0.588000,0.575250,0.582000,771404000.000000,1211342400.0
1211342400.0,0.583500,0.606000,0.576000,0.577250,1066660000.000000,1211428800.0
1211428800.0,0.585500,0.596000,0.576250,0.591250,693108000.000000,1211515200.0
1211515200.0,0.590250,0.595000,0.569250,0.577750,802672000.000000,1211601600.0
1211860800.0,0.578750,0.584750,0.567750,0.584000,832856000.000000,1211947200.0
1211947200.0,0.600000,0.601500,0.582750,0.589500,751736000.000000,1212033600.0
1212033600.0,0.589750,0.590750,0.577250,0.588000,693460000.000000,1212120000.0
1212120000.0,0.604750,0.619500,0.603000,0.617500,830244000.000000,1212206400.0
1212379200.0,0.617500,0.624750,0.610750,0.620000,734660000.000000,1212465600.0
1212465600.0,0.622000,0.623000,0.591750,0.599000,840696000.000000,1212552000.0
1212552000.0,0.585750,0.607250,0.582500,0.606000,831724000.000000,1212638400.0
1212638400.0,0.627000,0.633750,0.614250,0.621250,827860000.000000,1212724800.0
1212724800.0,0.613750,0.614500,0.598000,0.601500,784876000.000000,1212811200.0
1212984000.0,0.598000,0.606250,0.580250,0.592250,637916000.000000,1213070400.0
1213070400.0,0.576250,0.577000,0.553500,0.557250,1225208000.000000,1213156800.0
1213156800.0,0.557250,0.570750,0.530500,0.531250,999428000.000000,1213243200.0
1213243200.0,0.543250,0.553750,0.530000,0.534500,825992000.000000,1213329600.0
1213329600.0,0.535250,0.541500,0.517000,0.532750,705748000.000000,1213416000.0
1213588800.0,0.527000,0.532000,0.521250,0.525500,630496000.000000,1213675200.0
1213675200.0,0.533000,0.533250,0.511500,0.512750,687912000.000000,1213761600.0
1213761600.0,0.507500,0.525000,0.489500,0.497750,1065272000.000000,1213848000.0
1213848000.0,0.500500,0.507500,0.484500,0.496500,784928000.000000,1213934400.0
1213934400.0,0.485500,0.499500,0.485250,0.494000,741008000.000000,1214020800.0
1214193600.0,0.497750,0.498250,0.479500,0.483750,776616000.000000,1214280000.0
1214280000.0,0.481000,0.511250,0.481000,0.499750,1078928000.000000,1214366400.0
1214366400.0,0.507500,0.511250,0.494500,0.502500,900976000.000000,1214452800.0
1214452800.0,0.487500,0.491250,0.476750,0.476750,845532000.000000,1214539200.0
1214539200.0,0.478750,0.484750,0.467750,0.482000,584140000.000000,1214625600.0
1214798400.0,0.476500,0.480750,0.464750,0.468000,653940000.000000,1214884800.0
1214884800.0,0.462500,0.469250,0.454000,0.468750,881464000.000000,1214971200.0
1214971200.0,0.466500,0.469500,0.450000,0.450750,763196000.000000,1215057600.0
1215057600.0,0.324500,0.328250,0.310000,0.312250,2987520000.000000,1215144000.0
1215403200.0,0.317000,0.319000,0.294000,0.302500,2202692000.000000,1215489600.0
1215489600.0,0.304500,0.312000,0.295000,0.300750,1805288000.000000,1215576000.0
1215576000.0,0.301500,0.306000,0.295500,0.295500,1413168000.000000,1215662400.0
1215662400.0,0.297000,0.300500,0.289250,0.294750,1056992000.000000,1215748800.0
1215748800.0,0.288750,0.299000,0.283000,0.291750,807760000.000000,1215835200.0
1216008000.0,0.294000,0.296250,0.276500,0.278500,882316000.000000,1216094400.0
1216094400.0,0.276000,0.287250,0.267500,0.281500,1122484000.000000,1216180800.0
1216180800.0,0.282500,0.290500,0.274750,0.283000,1034392000.000000,1216267200.0
1216267200.0,0.287500,0.287500,0.273000,0.284000,862080000.000000,1216353600.0
1216353600.0,0.282000,0.290750,0.274000,0.289000,899720000.000000,1216440000.0
1216612800.0,0.293500,0.297750,0.288250,0.290750,571636000.000000,1216699200.0
1216699200.0,0.288000,0.289250,0.279000,0.284500,555924000.000000,1216785600.0
1216785600.0,0.286500,0.296000,0.285250,0.293000,594876000.000000,1216872000.0
1216872000.0,0.290000,0.292750,0.275000,0.275750,705628000.000000,1216958400.0
1216958400.0,0.278500,0.290000,0.272750,0.289000,1039600000.000000,1217044800.0
1217217600.0,0.285250,0.297750,0.284000,0.288250,734808000.000000,1217304000.0
1217304000.0,0.288750,0.298500,0.285500,0.291250,764636000.000000,1217390400.0
1217390400.0,0.297000,0.297500,0.280500,0.287000,588492000.000000,1217476800.0
1217476800.0,0.286250,0.292250,0.283000,0.286000,487236000.000000,1217563200.0
1217563200.0,0.278500,0.279500,0.267500,0.271000,881060000.000000,1217649600.0
1217822400.0,0.271000,0.272500,0.263750,0.264500,522052000.000000,1217908800.0
1217908800.0,0.269500,0.279750,0.266500,0.279750,685844000.000000,1217995200.0
1217995200.0,0.280500,0.289750,0.271500,0.287250,814864000.000000,1218081600.0
1218081600.0,0.284750,0.297500,0.279500,0.282750,819232000.000000,1218168000.0
1218168000.0,0.285000,0.287500,0.274000,0.275000,853764000.000000,1218254400.0
1218427200.0,0.277000,0.287500,0.276000,0.280750,1196436000.000000,1218513600.0
1218513600.0,0.283000,0.283750,0.272750,0.276750,1410868000.000000,1218600000.0
1218600000.0,0.298750,0.311000,0.291500,0.306500,2095260000.000000,1218686400.0
1218686400.0,0.304250,0.337250,0.304250,0.325000,1635304000.000000,1218772800.0
1218772800.0,0.330750,0.334500,0.321750,0.324000,777652000.000000,1218859200.0
1219032000.0,0.326250,0.333500,0.322750,0.330500,893968000.000000,1219118400.0
1219118400.0,0.323750,0.337500,0.323750,0.335500,1014140000.000000,1219204800.0
1219204800.0,0.340500,0.353000,0.338000,0.352000,1143692000.000000,1219291200.0
1219291200.0,0.345750,0.348500,0.333500,0.340500,1021560000.000000,1219377600.0
1219377600.0,0.343000,0.347000,0.333000,0.340250,459264000.000000,1219464000.0
1219636800.0,0.338250,0.346250,0.334250,0.335250,471600000.000000,1219723200.0
1219723200.0,0.337000,0.337250,0.323750,0.327250,613112000.000000,1219809600.0
1219809600.0,0.319750,0.333750,0.316750,0.329750,454620000.000000,1219896000.0
1219896000.0,0.330250,0.333750,0.325250,0.328500,365192000.000000,1219982400.0
1219982400.0,0.324000,0.325000,0.315000,0.316000,516004000.000000,1220068800.0
1220328000.0,0.321250,0.324000,0.303750,0.308000,693928000.000000,1220414400.0
1220414400.0,0.303750,0.305000,0.288750,0.291500,714856000.000000,1220500800.0
1220500800.0,0.288250,0.291250,0.285750,0.287500,716128000.000000,1220587200.0
1220587200.0,0.285000,0.292500,0.284750,0.291750,791100000.000000,1220673600.0
1220846400.0,0.294500,0.294500,0.275000,0.279750,1314840000.000000,1220932800.0
1220932800.0,0.278750,0.295750,0.269250,0.270250,1098296000.000000,1221019200.0
1221019200.0,0.273500,0.279000,0.268750,0.270500,644284000.000000,1221105600.0
1221105600.0,0.255000,0.263000,0.249000,0.257500,1066976000.000000,1221192000.0
1221192000.0,0.255250,0.257000,0.240250,0.254750,1209200000.000000,1221278400.0
1221451200.0,0.245750,0.249500,0.229500,0.232500,863984000.000000,1221537600.0
1221537600.0,0.224250,0.241500,0.220000,0.239750,1240840000.000000,1221624000.0
1221624000.0,0.234250,0.255500,0.232000,0.250000,1392580000.000000,1221710400.0
1221710400.0,0.253000,0.285500,0.252500,0.272250,1611060000.000000,1221796800.0
1221796800.0,0.285250,0.287500,0.272500,0.285250,1107344000.000000,1221883200.0
1222056000.0,0.283000,0.291250,0.277750,0.279250,700072000.000000,1222142400.0
1222142400.0,0.277000,0.287250,0.270250,0.271250,821468000.000000,1222228800.0
1222228800.0,0.267750,0.286750,0.266250,0.281250,866036000.000000,1222315200.0
1222315200.0,0.281250,0.293500,0.276500,0.286750,588328000.000000,1222401600.0
1222401600.0,0.279750,0.294250,0.274500,0.292250,646852000.000000,1222488000.0
1222660800.0,0.284500,0.288000,0.250000,0.252500,975240000.000000,1222747200.0
1222747200.0,0.256500,0.270250,0.253750,0.267750,659044000.000000,1222833600.0
1222833600.0,0.263750,0.268500,0.255500,0.260250,557208000.000000,1222920000.0
1222920000.0,0.262000,0.262000,0.232000,0.233250,787728000.000000,1223006400.0
1223006400.0,0.237000,0.243750,0.224250,0.225750,915828000.000000,1223092800.0
1223265600.0,0.215000,0.215500,0.182750,0.196250,1677440000.000000,1223352000.0
1223352000.0,0.203250,0.203750,0.179500,0.181000,1059984000.000000,1223438400.0
1223438400.0,0.174500,0.195500,0.172750,0.184750,1219456000.000000,1223524800.0
1223524800.0,0.191500,0.194250,0.171000,0.173000,909636000.000000,1223611200.0
1223611200.0,0.158000,0.183250,0.157000,0.170250,1200252000.000000,1223697600.0
1223870400.0,0.184750,0.201500,0.182500,0.201250,916536000.000000,1223956800.0
1223956800.0,0.208750,0.210000,0.191250,0.196750,1209012000.000000,1224043200.0
1224043200.0,0.195500,0.196500,0.175500,0.175500,854064000.000000,1224129600.0
1224129600.0,0.180750,0.193500,0.172500,0.192500,1019820000.000000,1224216000.0
1224216000.0,0.187000,0.202250,0.183500,0.191250,839416000.000000,1224302400.0
1224475200.0,0.197750,0.199250,0.190250,0.195000,595764000.000000,1224561600.0
1224561600.0,0.191250,0.193250,0.179000,0.180000,659116000.000000,1224648000.0
1224648000.0,0.177500,0.185000,0.168500,0.173250,600996000.000000,1224734400.0
1224734400.0,0.172750,0.177000,0.156500,0.163500,832192000.000000,1224820800.0
1224820800.0,0.150000,0.173750,0.149250,0.165250,798336000.000000,1224907200.0
1225080000.0,0.164250,0.184500,0.159000,0.174250,698936000.000000,1225166400.0
1225166400.0,0.183500,0.200750,0.180250,0.200500,849920000.000000,1225252800.0
1225252800.0,0.199250,0.220000,0.198250,0.207000,977284000.000000,1225339200.0
1225339200.0,0.218750,0.220000,0.202500,0.215750,657176000.000000,1225425600.0
1225425600.0,0.209000,0.223250,0.208500,0.219000,608672000.000000,1225512000.0
1225688400.0,0.223750,0.227750,0.207500,0.211000,723924000.000000,1225774800.0
1225774800.0,0.218250,0.224500,0.212500,0.224500,619560000.000000,1225861200.0
1225861200.0,0.216250,0.222500,0.212750,0.212750,787620000.000000,1225947600.0
1225947600.0,0.200250,0.207750,0.190000,0.190500,797936000.000000,1226034000.0
1226034000.0,0.217000,0.226750,0.202500,0.218000,1132068000.000000,1226120400.0
1226293200.0,0.226250,0.227500,0.199250,0.204000,576396000.000000,1226379600.0
1226379600.0,0.201000,0.202500,0.193000,0.195000,576484000.000000,1226466000.0
1226466000.0,0.189000,0.193500,0.181250,0.183500,646092000.000000,1226552400.0
1226552400.0,0.175000,0.198750,0.171500,0.198500,797228000.000000,1226638800.0
1226638800.0,0.190500,0.191500,0.178500,0.179250,741024000.000000,1226725200.0
1226898000.0,0.177500,0.182250,0.173750,0.175500,388224000.000000,1226984400.0
1226984400.0,0.179000,0.180000,0.164000,0.169750,564488000.000000,1227070800.0
1227070800.0,0.168250,0.172500,0.155000,0.155750,500220000.000000,1227157200.0
1227157200.0,0.154500,0.162250,0.145750,0.147500,847036000.000000,1227243600.0
1227243600.0,0.152250,0.159500,0.143750,0.159500,599064000.000000,1227330000.0
1227502800.0,0.169250,0.172000,0.160000,0.170000,600308000.000000,1227589200.0
1227589200.0,0.177500,0.178000,0.169750,0.174750,528256000.000000,1227675600.0
1227675600.0,0.171750,0.190750,0.170750,0.190250,600792000.000000,1227762000.0
1227848400.0,0.187250,0.190000,0.184250,0.186750,175248000.000000,1227934800.0
1228107600.0,0.179250,0.181000,0.170500,0.170750,547112000.000000,1228194000.0
1228194000.0,0.174000,0.182500,0.171750,0.180250,479988000.000000,1228280400.0
1228280400.0,0.173250,0.189750,0.171750,0.189500,584632000.000000,1228366800.0
1228366800.0,0.185750,0.195000,0.172750,0.177000,466292000.000000,1228453200.0
1228453200.0,0.171500,0.184750,0.168500,0.184000,438484000.000000,1228539600.0
1228712400.0,0.187500,0.191250,0.173750,0.178000,707992000.000000,1228798800.0
1228798800.0,0.175750,0.202250,0.173750,0.195250,829760000.000000,1228885200.0
1228885200.0,0.199000,0.218750,0.195750,0.213750,961124000.000000,1228971600.0
1228971600.0,0.212500,0.220000,0.202250,0.204750,582700000.000000,1229058000.0
1229058000.0,0.198750,0.216250,0.194750,0.215000,679268000.000000,1229144400.0
1229317200.0,0.216250,0.217500,0.201250,0.208000,476996000.000000,1229403600.0
1229403600.0,0.210000,0.222500,0.208000,0.222000,521940000.000000,1229490000.0
1229490000.0,0.218000,0.236250,0.215000,0.233000,674180000.000000,1229576400.0
1229576400.0,0.231500,0.232250,0.208750,0.211500,550808000.000000,1229662800.0
1229662800.0,0.214250,0.222500,0.212250,0.213000,593120000.000000,1229749200.0
1229922000.0,0.216250,0.216750,0.192750,0.200500,522464000.000000,1230008400.0
1230008400.0,0.201750,0.206000,0.194750,0.197750,377452000.000000,1230094800.0
1230094800.0,0.193750,0.198500,0.189000,0.193000,146616000.000000,1230181200.0
1230267600.0,0.193000,0.195500,0.182500,0.187750,226156000.000000,1230354000.0
1230526800.0,0.190250,0.193750,0.178000,0.193750,460168000.000000,1230613200.0
1230613200.0,0.196250,0.203500,0.191750,0.200500,409860000.000000,1230699600.0
1230699600.0,0.198000,0.206750,0.194500,0.201750,441580000.000000,1230786000.0
1230872400.0,0.201750,0.219250,0.201000,0.217750,497124000.000000,1230958800.0
1231131600.0,0.215250,0.226750,0.213750,0.221750,705736000.000000,1231218000.0
1231218000.0,0.228250,0.235750,0.223250,0.229250,657904000.000000,1231304400.0
1231304400.0,0.224000,0.224000,0.207750,0.215500,870096000.000000,1231390800.0
1231390800.0,0.212750,0.212750,0.197000,0.210000,1014496000.000000,1231477200.0
1231477200.0,0.210000,0.210000,0.197750,0.198250,761352000.000000,1231563600.0
1231736400.0,0.198250,0.199250,0.187500,0.190250,645532000.000000,1231822800.0
1231822800.0,0.183750,0.198500,0.180250,0.191250,1824424000.000000,1231909200.0
1231909200.0,0.184500,0.186750,0.180000,0.182750,974908000.000000,1231995600.0
1231995600.0,0.183750,0.192250,0.180000,0.189250,998204000.000000,1232082000.0
1232082000.0,0.194500,0.201500,0.188250,0.199750,831324000.000000,1232168400.0
1232427600.0,0.199250,0.200000,0.178750,0.180250,705788000.000000,1232514000.0
1232514000.0,0.183750,0.190250,0.177000,0.189000,648472000.000000,1232600400.0
1232600400.0,0.183000,0.190500,0.178750,0.185500,547656000.000000,1232686800.0
1232686800.0,0.180250,0.198500,0.180000,0.192750,633616000.000000,1232773200.0
1232946000.0,0.193750,0.205000,0.190500,0.199250,581748000.000000,1233032400.0
1233032400.0,0.202500,0.212500,0.201750,0.211000,725300000.000000,1233118800.0
1233118800.0,0.218500,0.223250,0.211500,0.219750,723752000.000000,1233205200.0
1233205200.0,0.212500,0.215000,0.206000,0.207000,413128000.000000,1233291600.0
1233291600.0,0.205500,0.211000,0.196250,0.198750,506760000.000000,1233378000.0
1233550800.0,0.195750,0.211750,0.194750,0.209500,577992000.000000,1233637200.0
1233637200.0,0.210000,0.213750,0.204250,0.212000,396948000.000000,1233723600.0
1233723600.0,0.212500,0.228750,0.212500,0.218000,779232000.000000,1233810000.0
1233810000.0,0.212250,0.236500,0.210000,0.234000,919192000.000000,1233896400.0
1233896400.0,0.234750,0.248250,0.230750,0.246750,1157880000.000000,1233982800.0
1234155600.0,0.245750,0.249250,0.236750,0.243500,716128000.000000,1234242000.0
1234242000.0,0.243250,0.246500,0.228500,0.233000,1129664000.000000,1234328400.0
1234328400.0,0.214500,0.222250,0.196500,0.203750,1983400000.000000,1234414800.0
1234414800.0,0.199250,0.209250,0.196500,0.208000,1024020000.000000,1234501200.0
1234501200.0,0.203250,0.210250,0.201750,0.207750,764304000.000000,1234587600.0
1234846800.0,0.200000,0.204750,0.195000,0.195750,779576000.000000,1234933200.0
1234933200.0,0.195750,0.207500,0.195500,0.201000,646252000.000000,1235019600.0
1235019600.0,0.205000,0.206750,0.185500,0.185500,743988000.000000,1235106000.0
1235106000.0,0.183000,0.193250,0.181250,0.190250,770056000.000000,1235192400.0
1235365200.0,0.193500,0.194500,0.180250,0.181500,679548000.000000,1235451600.0
1235451600.0,0.182500,0.198000,0.182250,0.197750,659524000.000000,1235538000.0
1235538000.0,0.197250,0.206000,0.190500,0.200000,702360000.000000,1235624400.0
1235624400.0,0.207000,0.213500,0.204000,0.206500,1117556000.000000,1235710800.0
1235710800.0,0.201250,0.211750,0.199750,0.207000,755444000.000000,1235797200.0
1235970000.0,0.202000,0.206250,0.188750,0.189500,700064000.000000,1236056400.0
1236056400.0,0.193000,0.204500,0.186750,0.197000,1041372000.000000,1236142800.0
1236142800.0,0.202250,0.217500,0.200500,0.211500,1108668000.000000,1236229200.0
1236229200.0,0.208500,0.217000,0.205500,0.206500,955252000.000000,1236315600.0
1236315600.0,0.206500,0.217250,0.203750,0.209750,974756000.000000,1236402000.0
1236571200.0,0.208250,0.224000,0.207000,0.207500,682768000.000000,1236657600.0
1236657600.0,0.215000,0.230250,0.213000,0.226250,1254800000.000000,1236744000.0
1236744000.0,0.226250,0.296250,0.222500,0.232500,864916000.000000,1236830400.0
1236830400.0,0.231750,0.248750,0.228750,0.246250,1604604000.000000,1236916800.0
1236916800.0,0.242750,0.248500,0.238750,0.245000,1195156000.000000,1237003200.0
1237176000.0,0.247500,0.247750,0.233500,0.235500,699344000.000000,1237262400.0
1237262400.0,0.236250,0.247750,0.233250,0.247250,1005384000.000000,1237348800.0
1237348800.0,0.243500,0.262250,0.243250,0.255000,1359560000.000000,1237435200.0
1237435200.0,0.256750,0.256750,0.250250,0.252000,822648000.000000,1237521600.0
1237521600.0,0.255750,0.256000,0.231750,0.238250,1093672000.000000,1237608000.0
1237780800.0,0.245750,0.256000,0.240250,0.255500,816048000.000000,1237867200.0
1237867200.0,0.249250,0.251500,0.243250,0.244500,1114868000.000000,1237953600.0
1237953600.0,0.252000,0.260000,0.239000,0.248500,1243852000.000000,1238040000.0
1238040000.0,0.252500,0.264500,0.249750,0.264000,1333664000.000000,1238126400.0
1238126400.0,0.261250,0.267750,0.257500,0.261500,731892000.000000,1238212800.0
1238385600.0,0.251500,0.254750,0.241250,0.244750,780052000.000000,1238472000.0
1238472000.0,0.248500,0.252500,0.244750,0.246500,805272000.000000,1238558400.0
1238558400.0,0.243500,0.255000,0.234250,0.252750,887920000.000000,1238644800.0
1238644800.0,0.262250,0.269250,0.258500,0.264500,1002860000.000000,1238731200.0
1238731200.0,0.264750,0.283750,0.260250,0.283000,1003208000.000000,1238817600.0
1238990400.0,0.278250,0.286250,0.274500,0.283750,887288000.000000,1239076800.0
1239076800.0,0.278250,0.281250,0.272250,0.274000,607804000.000000,1239163200.0
1239163200.0,0.277000,0.286000,0.274750,0.285250,731652000.000000,1239249600.0
1239249600.0,0.292500,0.302000,0.290250,0.301000,904412000.000000,1239336000.0
1239595200.0,0.297250,0.297500,0.284750,0.291250,767628000.000000,1239681600.0
1239681600.0,0.287250,0.300000,0.286000,0.293000,711960000.000000,1239768000.0
1239768000.0,0.282750,0.286000,0.272750,0.284750,1045368000.000000,1239854400.0
1239854400.0,0.290000,0.295500,0.279000,0.292000,1038772000.000000,1239940800.0
1239940800.0,0.292000,0.296750,0.285000,0.294000,695764000.000000,1240027200.0
1240200000.0,0.282750,0.285250,0.274750,0.276250,590660000.000000,1240286400.0
1240286400.0,0.272500,0.287000,0.268500,0.275500,932184000.000000,1240372800.0
1240372800.0,0.273000,0.295250,0.268500,0.283750,916404000.000000,1240459200.0
1240459200.0,0.286500,0.289000,0.270500,0.279250,753952000.000000,1240545600.0
1240545600.0,0.282000,0.287750,0.275250,0.285750,759508000.000000,1240632000.0
1240804800.0,0.282000,0.290000,0.273750,0.275500,787024000.000000,1240891200.0
1240891200.0,0.272000,0.282000,0.269500,0.276250,634392000.000000,1240977600.0
1240977600.0,0.277500,0.278750,0.268750,0.272000,859668000.000000,1241064000.0
1241064000.0,0.277250,0.295000,0.275000,0.287000,1110276000.000000,1241150400.0
1241150400.0,0.286250,0.298500,0.286000,0.291750,840548000.000000,1241236800.0
1241409600.0,0.296750,0.309750,0.292750,0.307500,927704000.000000,1241496000.0
1241496000.0,0.300750,0.302750,0.288750,0.295000,837076000.000000,1241582400.0
1241582400.0,0.298250,0.301000,0.283250,0.289000,935088000.000000,1241668800.0
1241668800.0,0.295500,0.295500,0.264500,0.268250,1289196000.000000,1241755200.0
1241755200.0,0.262500,0.262500,0.227750,0.231250,2930564000.000000,1241841600.0
1242014400.0,0.227500,0.241500,0.225500,0.235750,1038596000.000000,1242100800.0
1242100800.0,0.241000,0.241000,0.220000,0.224500,1201384000.000000,1242187200.0
1242187200.0,0.223000,0.224250,0.208250,0.210000,1305608000.000000,1242273600.0
1242273600.0,0.209750,0.217500,0.208250,0.213000,1017864000.000000,1242360000.0
1242360000.0,0.214500,0.226000,0.212000,0.218500,780308000.000000,1242446400.0
1242619200.0,0.224000,0.233250,0.223500,0.231750,938320000.000000,1242705600.0
1242705600.0,0.233250,0.239000,0.229500,0.236250,859768000.000000,1242792000.0
1242792000.0,0.240500,0.256250,0.239500,0.243250,1309436000.000000,1242878400.0
1242878400.0,0.240250,0.245000,0.235000,0.241750,965600000.000000,1242964800.0
1242964800.0,0.241750,0.249000,0.237250,0.245500,718260000.000000,1243051200.0
1243310400.0,0.243250,0.260750,0.240750,0.258750,865540000.000000,1243396800.0
1243396800.0,0.257500,0.267000,0.255000,0.259250,814152000.000000,1243483200.0
1243483200.0,0.263250,0.265000,0.251500,0.262750,995288000.000000,1243569600.0
1243569600.0,0.263000,0.263500,0.251750,0.260750,834232000.000000,1243656000.0
1243828800.0,0.263750,0.275000,0.262750,0.273500,1022764000.000000,1243915200.0
1243915200.0,0.273500,0.279500,0.266250,0.271250,907984000.000000,1244001600.0
1244001600.0,0.267750,0.268750,0.256250,0.262750,735688000.000000,1244088000.0
1244088000.0,0.263500,0.272750,0.263250,0.272250,673180000.000000,1244174400.0
1244174400.0,0.277250,0.277250,0.267500,0.270750,559992000.000000,1244260800.0
1244433600.0,0.268750,0.273000,0.262500,0.269250,473948000.000000,1244520000.0
1244520000.0,0.273000,0.287000,0.271000,0.284000,725032000.000000,1244606400.0
1244606400.0,0.285500,0.294750,0.279250,0.293000,833320000.000000,1244692800.0
1244692800.0,0.293750,0.305000,0.287500,0.289250,835156000.000000,1244779200.0
1244779200.0,0.285000,0.288750,0.278500,0.287750,595000000.000000,1244865600.0
1245038400.0,0.282500,0.286250,0.278000,0.283000,445164000.000000,1245124800.0
1245124800.0,0.283000,0.286500,0.271250,0.275250,594912000.000000,1245211200.0
1245211200.0,0.279500,0.284750,0.268750,0.282000,799016000.000000,1245297600.0
1245297600.0,0.281000,0.286250,0.273500,0.276500,566376000.000000,1245384000.0
1245384000.0,0.279250,0.286500,0.275750,0.279500,747564000.000000,1245470400.0
1245643200.0,0.280500,0.280500,0.262750,0.263750,574864000.000000,1245729600.0
1245729600.0,0.266250,0.266750,0.252250,0.262500,589764000.000000,1245816000.0
1245816000.0,0.265750,0.277500,0.265750,0.271250,515096000.000000,1245902400.0
1245902400.0,0.268750,0.286000,0.266000,0.285500,870444000.000000,1245988800.0
1245988800.0,0.284250,0.290250,0.281750,0.289250,513956000.000000,1246075200.0
1246248000.0,0.290000,0.294500,0.286250,0.289250,510056000.000000,1246334400.0
1246334400.0,0.288250,0.292250,0.277000,0.282250,589844000.000000,1246420800.0
1246420800.0,0.284000,0.287250,0.278750,0.283500,696420000.000000,1246507200.0
1246507200.0,0.274250,0.277750,0.268750,0.272500,552312000.000000,1246593600.0
1246852800.0,0.272250,0.272500,0.259250,0.263750,752456000.000000,1246939200.0
1246939200.0,0.264750,0.266250,0.251500,0.252250,1072996000.000000,1247025600.0
1247025600.0,0.253750,0.254500,0.242750,0.252750,1205860000.000000,1247112000.0
1247112000.0,0.257000,0.262500,0.256250,0.258250,714564000.000000,1247198400.0
1247198400.0,0.258250,0.261000,0.252750,0.259250,520008000.000000,1247284800.0
1247457600.0,0.264500,0.264500,0.248750,0.262250,556012000.000000,1247544000.0
1247544000.0,0.264250,0.268750,0.261250,0.267750,452568000.000000,1247630400.0
1247630400.0,0.277500,0.284250,0.275000,0.278750,1022808000.000000,1247716800.0
1247716800.0,0.281750,0.294250,0.280250,0.293250,952076000.000000,1247803200.0
1247803200.0,0.293250,0.302750,0.290250,0.301750,850356000.000000,1247889600.0
1248062400.0,0.304250,0.308750,0.300250,0.305500,782756000.000000,1248148800.0
1248148800.0,0.304750,0.306000,0.292250,0.299250,941296000.000000,1248235200.0
1248235200.0,0.293250,0.309500,0.291250,0.306750,600908000.000000,1248321600.0
1248321600.0,0.307250,0.326000,0.304000,0.325000,1046120000.000000,1248408000.0
1248408000.0,0.315000,0.325000,0.313000,0.324000,650592000.000000,1248494400.0
1248667200.0,0.321000,0.330250,0.318000,0.325500,677484000.000000,1248753600.0
1248753600.0,0.323250,0.329500,0.320500,0.326000,563180000.000000,1248840000.0
1248840000.0,0.322250,0.324250,0.316250,0.319500,373972000.000000,1248926400.0
1248926400.0,0.325000,0.329250,0.319250,0.322000,468444000.000000,1249012800.0
1249012800.0,0.322000,0.327750,0.314500,0.323250,541560000.000000,1249099200.0
1249272000.0,0.331000,0.335750,0.324750,0.332000,471900000.000000,1249358400.0
1249358400.0,0.326250,0.340000,0.325750,0.334250,695380000.000000,1249444800.0
1249444800.0,0.332250,0.337500,0.328250,0.335000,610768000.000000,1249531200.0
1249531200.0,0.336250,0.342250,0.326000,0.328000,957588000.000000,1249617600.0
1249617600.0,0.345750,0.355750,0.338000,0.342750,1401872000.000000,1249704000.0
1249876800.0,0.345250,0.350250,0.329500,0.331500,693312000.000000,1249963200.0
1249963200.0,0.329250,0.334250,0.322000,0.323750,481884000.000000,1250049600.0
1250049600.0,0.324000,0.339250,0.323750,0.335750,634940000.000000,1250136000.0
1250136000.0,0.338250,0.347000,0.332250,0.345750,564028000.000000,1250222400.0
1250222400.0,0.345250,0.345750,0.331000,0.335500,427148000.000000,1250308800.0
1250481600.0,0.325250,0.326250,0.318000,0.321500,465032000.000000,1250568000.0
1250568000.0,0.321500,0.337000,0.321250,0.333250,636200000.000000,1250654400.0
1250654400.0,0.328250,0.331500,0.325000,0.329500,552996000.000000,1250740800.0
1250740800.0,0.328000,0.344000,0.327250,0.342500,819840000.000000,1250827200.0
1250827200.0,0.345250,0.348750,0.338250,0.348250,607324000.000000,1250913600.0
1251086400.0,0.346250,0.350000,0.336500,0.338500,461456000.000000,1251172800.0
1251172800.0,0.340250,0.345000,0.334500,0.341500,444088000.000000,1251259200.0
1251259200.0,0.340750,0.346250,0.339500,0.345500,434308000.000000,1251345600.0
1251345600.0,0.347000,0.351750,0.343250,0.350250,551072000.000000,1251432000.0
1251432000.0,0.359750,0.375750,0.359250,0.368250,883992000.000000,1251518400.0
1251691200.0,0.364000,0.365750,0.358250,0.363000,431796000.000000,1251777600.0
1251777600.0,0.362750,0.373000,0.348750,0.350750,736856000.000000,1251864000.0
1251864000.0,0.351250,0.359250,0.349250,0.355750,404656000.000000,1251950400.0
1251950400.0,0.355750,0.364750,0.354750,0.364250,534020000.000000,1252036800.0
1252036800.0,0.362750,0.380250,0.362750,0.377750,513048000.000000,1252123200.0
1252382400.0,0.380500,0.388250,0.377500,0.388250,549712000.000000,1252468800.0
1252468800.0,0.387500,0.399750,0.382000,0.399000,571684000.000000,1252555200.0
1252555200.0,0.400250,0.412250,0.395750,0.411750,607952000.000000,1252641600.0
1252641600.0,0.410750,0.412250,0.405000,0.408000,712732000.000000,1252728000.0
1252900800.0,0.402000,0.405250,0.397750,0.401250,490516000.000000,1252987200.0
1252987200.0,0.405000,0.414500,0.401250,0.409500,546136000.000000,1253073600.0
1253073600.0,0.408500,0.409250,0.392500,0.398500,707064000.000000,1253160000.0
1253160000.0,0.397500,0.397500,0.374250,0.381000,923096000.000000,1253246400.0
1253246400.0,0.384750,0.387500,0.377500,0.380500,604740000.000000,1253332800.0
1253505600.0,0.376000,0.385250,0.372750,0.378750,588776000.000000,1253592000.0
1253592000.0,0.381500,0.383750,0.376500,0.379500,361388000.000000,1253678400.0
1253678400.0,0.381750,0.385000,0.373000,0.373500,478936000.000000,1253764800.0
1253764800.0,0.379750,0.379750,0.367250,0.368500,552876000.000000,1253851200.0
1253851200.0,0.366500,0.368250,0.359750,0.362500,377556000.000000,1253937600.0
1254110400.0,0.363750,0.380000,0.363750,0.370750,467708000.000000,1254196800.0
1254196800.0,0.373000,0.377500,0.363250,0.364000,470928000.000000,1254283200.0
1254283200.0,0.371500,0.380250,0.363250,0.375750,875956000.000000,1254369600.0
1254369600.0,0.374500,0.374500,0.348750,0.349000,999960000.000000,1254456000.0
1254456000.0,0.345500,0.353750,0.343500,0.346250,612476000.000000,1254542400.0
1254715200.0,0.350000,0.351250,0.338500,0.344500,754276000.000000,1254801600.0
1254801600.0,0.348750,0.356250,0.346250,0.350250,761272000.000000,1254888000.0
1254888000.0,0.347750,0.351500,0.343750,0.347500,459608000.000000,1254974400.0
1254974400.0,0.349500,0.350500,0.337250,0.349750,1241524000.000000,1255060800.0
1255060800.0,0.347750,0.354750,0.347250,0.354250,618540000.000000,1255147200.0
1255320000.0,0.348250,0.357000,0.348000,0.350250,499008000.000000,1255406400.0
1255406400.0,0.352250,0.356250,0.345750,0.349000,602124000.000000,1255492800.0
1255492800.0,0.362500,0.362500,0.346750,0.348500,1101948000.000000,1255579200.0
1255579200.0,0.348000,0.351250,0.336000,0.338250,1092196000.000000,1255665600.0
1255665600.0,0.334000,0.335000,0.324500,0.330500,1018832000.000000,1255752000.0
1255924800.0,0.333250,0.345250,0.330500,0.342500,695588000.000000,1256011200.0
1256011200.0,0.348250,0.350750,0.340000,0.342750,660180000.000000,1256097600.0
1256097600.0,0.341500,0.346750,0.332750,0.334500,503956000.000000,1256184000.0
1256184000.0,0.332750,0.338500,0.327000,0.336750,379328000.000000,1256270400.0
1256270400.0,0.341250,0.341250,0.326750,0.328750,429528000.000000,1256356800.0
1256529600.0,0.331250,0.336250,0.322750,0.324500,481652000.000000,1256616000.0
1256616000.0,0.323000,0.327750,0.310250,0.313500,591836000.000000,1256702400.0
1256702400.0,0.306500,0.313500,0.299000,0.300500,773632000.000000,1256788800.0
1256788800.0,0.305250,0.315250,0.302500,0.313750,637100000.000000,1256875200.0
1256875200.0,0.312250,0.313500,0.297500,0.299000,604144000.000000,1256961600.0
1257138000.0,0.298500,0.308250,0.293250,0.301750,593136000.000000,1257224400.0
1257224400.0,0.292000,0.301750,0.289000,0.300250,876472000.000000,1257310800.0
1257310800.0,0.302500,0.305750,0.298250,0.299500,916840000.000000,1257397200.0
1257397200.0,0.303000,0.309750,0.302000,0.306750,955156000.000000,1257483600.0
1257483600.0,0.326000,0.335750,0.322000,0.329000,1641112000.000000,1257570000.0
1257742800.0,0.333500,0.341250,0.333250,0.336500,818124000.000000,1257829200.0
1257829200.0,0.337750,0.337750,0.324000,0.328250,781472000.000000,1257915600.0
1257915600.0,0.333750,0.345500,0.333250,0.337500,871512000.000000,1258002000.0
1258002000.0,0.340500,0.346250,0.335500,0.336500,505864000.000000,1258088400.0
1258088400.0,0.336250,0.340750,0.334750,0.339000,388524000.000000,1258174800.0
1258347600.0,0.342000,0.347750,0.340250,0.343750,402820000.000000,1258434000.0
1258434000.0,0.344000,0.344000,0.336750,0.343250,350124000.000000,1258520400.0
1258520400.0,0.340000,0.341250,0.332250,0.338000,455516000.000000,1258606800.0
1258606800.0,0.330750,0.330750,0.318500,0.324500,833840000.000000,1258693200.0
1258693200.0,0.317000,0.324000,0.316250,0.322500,426748000.000000,1258779600.0
1258952400.0,0.327250,0.333250,0.323500,0.325000,390924000.000000,1259038800.0
1259038800.0,0.323500,0.325750,0.317750,0.323000,418504000.000000,1259125200.0
1259125200.0,0.326750,0.331250,0.324500,0.326750,441760000.000000,1259211600.0
1259298000.0,0.315000,0.323500,0.313250,0.319750,279932000.000000,1259384400.0
1259557200.0,0.321000,0.326750,0.317500,0.326500,509836000.000000,1259643600.0
1259643600.0,0.328250,0.336750,0.326500,0.333000,461936000.000000,1259730000.0
1259730000.0,0.333750,0.343750,0.331750,0.343000,602292000.000000,1259816400.0
1259816400.0,0.347000,0.353250,0.345250,0.345750,660036000.000000,1259902800.0
1259902800.0,0.352250,0.358000,0.346750,0.356500,824564000.000000,1259989200.0
1260162000.0,0.396250,0.411250,0.377500,0.402250,2732184000.000000,1260248400.0
1260248400.0,0.395750,0.397500,0.380500,0.382750,1075512000.000000,1260334800.0
1260334800.0,0.386750,0.395250,0.383000,0.392250,671588000.000000,1260421200.0
1260421200.0,0.395000,0.397500,0.384000,0.385250,417012000.000000,1260507600.0
1260507600.0,0.388500,0.389000,0.379250,0.380250,416744000.000000,1260594000.0
1260766800.0,0.385750,0.393000,0.381500,0.391750,405488000.000000,1260853200.0
1260853200.0,0.389000,0.397750,0.388000,0.391250,446152000.000000,1260939600.0
1260939600.0,0.405250,0.427250,0.403000,0.422750,1683400000.000000,1261026000.0
1261026000.0,0.424000,0.437000,0.414500,0.420750,1016132000.000000,1261112400.0
1261112400.0,0.424250,0.425750,0.415500,0.420500,812828000.000000,1261198800.0
1261371600.0,0.423000,0.437250,0.422500,0.435500,427792000.000000,1261458000.0
1261458000.0,0.435500,0.451500,0.435000,0.447000,793044000.000000,1261544400.0
1261544400.0,0.451250,0.454500,0.445500,0.453250,442196000.000000,1261630800.0
1261630800.0,0.454500,0.455250,0.450500,0.452250,136812000.000000,1261717200.0
1261976400.0,0.451500,0.455500,0.440500,0.445000,465760000.000000,1262062800.0
1262062800.0,0.443500,0.451750,0.442500,0.450500,475848000.000000,1262149200.0
1262149200.0,0.454750,0.469500,0.451500,0.466750,704008000.000000,1262235600.0
1262235600.0,0.467750,0.473750,0.466500,0.467000,700340000.000000,1262322000.0
1262581200.0,0.462750,0.465500,0.452750,0.462250,800204000.000000,1262667600.0
1262667600.0,0.460500,0.474000,0.460500,0.469000,728648000.000000,1262754000.0
1262754000.0,0.468750,0.473000,0.464250,0.472000,649168000.000000,1262840400.0
1262840400.0,0.469500,0.471500,0.459250,0.462750,547792000.000000,1262926800.0
1262926800.0,0.459000,0.467000,0.456250,0.463750,478168000.000000,1263013200.0
1263186000.0,0.466250,0.468250,0.450750,0.457250,556612000.000000,1263272400.0
1263272400.0,0.450500,0.452250,0.432250,0.441750,627432000.000000,1263358800.0
1263358800.0,0.444750,0.449250,0.427500,0.447750,508868000.000000,1263445200.0
1263445200.0,0.442250,0.445500,0.433250,0.440750,608524000.000000,1263531600.0
1263531600.0,0.437500,0.441250,0.422000,0.427750,818192000.000000,1263618000.0
1263877200.0,0.424500,0.438500,0.423250,0.435750,545328000.000000,1263963600.0
1263963600.0,0.430250,0.435750,0.424500,0.434000,719728000.000000,1264050000.0
1264050000.0,0.433750,0.441500,0.422250,0.426250,608632000.000000,1264136400.0
1264136400.0,0.421250,0.429000,0.409000,0.411500,1067916000.000000,1264222800.0
1264395600.0,0.418250,0.426500,0.415250,0.418500,643676000.000000,1264482000.0
1264482000.0,0.416500,0.419250,0.405000,0.405250,714636000.000000,1264568400.0
1264568400.0,0.405000,0.417750,0.400500,0.416250,812504000.000000,1264654800.0
1264654800.0,0.419500,0.421000,0.396500,0.402250,687764000.000000,1264741200.0
1264741200.0,0.406750,0.411250,0.378750,0.384750,774700000.000000,1264827600.0
1265000400.0,0.386250,0.415000,0.383000,0.414250,949832000.000000,1265086800.0
1265086800.0,0.412750,0.423750,0.411500,0.418500,849812000.000000,1265173200.0
1265173200.0,0.414750,0.423750,0.412750,0.422000,562296000.000000,1265259600.0
1265259600.0,0.418250,0.418250,0.393000,0.397500,783480000.000000,1265346000.0
1265346000.0,0.397000,0.406500,0.390000,0.405500,604856000.000000,1265432400.0
1265605200.0,0.404250,0.414500,0.396750,0.404750,445160000.000000,1265691600.0
1265691600.0,0.411250,0.413250,0.397500,0.401500,930144000.000000,1265778000.0
1265778000.0,0.404000,0.413000,0.401250,0.409250,535828000.000000,1265864400.0
1265864400.0,0.415750,0.432500,0.412750,0.428000,695980000.000000,1265950800.0
1265950800.0,0.425000,0.442500,0.420250,0.433750,780212000.000000,1266037200.0
1266296400.0,0.439500,0.443500,0.434250,0.441750,457024000.000000,1266382800.0
1266382800.0,0.447250,0.447500,0.433250,0.446000,876560000.000000,1266469200.0
1266469200.0,0.421500,0.423750,0.405250,0.416750,1515508000.000000,1266555600.0
1266555600.0,0.415000,0.419500,0.412500,0.414500,510548000.000000,1266642000.0
1266814800.0,0.416250,0.422500,0.412500,0.415250,458084000.000000,1266901200.0
1266901200.0,0.416500,0.418250,0.401000,0.405250,489764000.000000,1266987600.0
1266987600.0,0.408750,0.417750,0.407500,0.413750,445868000.000000,1267074000.0
1267074000.0,0.404250,0.411000,0.394000,0.410000,576972000.000000,1267160400.0
1267160400.0,0.408000,0.411000,0.402500,0.405000,393396000.000000,1267246800.0
1267419600.0,0.405250,0.423250,0.402000,0.421250,555868000.000000,1267506000.0
1267506000.0,0.425000,0.430250,0.418000,0.421000,538648000.000000,1267592400.0
1267592400.0,0.423500,0.425750,0.412250,0.415750,399300000.000000,1267678800.0
1267678800.0,0.417500,0.420750,0.411250,0.416500,557396000.000000,1267765200.0
1267765200.0,0.413500,0.432250,0.413500,0.429250,632832000.000000,1267851600.0
1268024400.0,0.429500,0.430750,0.421250,0.423000,439312000.000000,1268110800.0
1268110800.0,0.427250,0.443000,0.427000,0.438750,830832000.000000,1268197200.0
1268197200.0,0.437500,0.444500,0.437250,0.439750,418520000.000000,1268283600.0
1268283600.0,0.436250,0.437750,0.428000,0.429750,540660000.000000,1268370000.0
1268370000.0,0.434500,0.435750,0.429000,0.431250,520352000.000000,1268456400.0
1268625600.0,0.430750,0.435000,0.425000,0.429000,358904000.000000,1268712000.0
1268712000.0,0.428750,0.446500,0.428500,0.444000,664988000.000000,1268798400.0
1268798400.0,0.446500,0.458500,0.446500,0.452500,651168000.000000,1268884800.0
1268884800.0,0.453250,0.453250,0.432500,0.436500,740964000.000000,1268971200.0
1268971200.0,0.443000,0.444250,0.425750,0.431250,584612000.000000,1269057600.0
1269230400.0,0.425750,0.440000,0.425750,0.438250,435336000.000000,1269316800.0
1269316800.0,0.441500,0.449500,0.438500,0.447250,493612000.000000,1269403200.0
1269403200.0,0.443500,0.444750,0.431500,0.432250,436252000.000000,1269489600.0
1269489600.0,0.438500,0.441250,0.432500,0.433500,495184000.000000,1269576000.0
1269576000.0,0.437250,0.441750,0.430000,0.433500,344676000.000000,1269662400.0
1269835200.0,0.436250,0.440000,0.430250,0.439000,394456000.000000,1269921600.0
1269921600.0,0.444000,0.446250,0.433250,0.440750,324104000.000000,1270008000.0
1270008000.0,0.439000,0.441000,0.432750,0.435000,389840000.000000,1270094400.0
1270094400.0,0.437000,0.442000,0.426000,0.430500,339664000.000000,1270180800.0
1270440000.0,0.433250,0.437750,0.432750,0.437000,413636000.000000,1270526400.0
1270526400.0,0.431500,0.432500,0.418750,0.426250,809260000.000000,1270612800.0
1270612800.0,0.423500,0.436250,0.420000,0.429000,817468000.000000,1270699200.0
1270699200.0,0.426250,0.429500,0.419750,0.422000,1037600000.000000,1270785600.0
1270785600.0,0.421000,0.426250,0.418750,0.424750,817572000.000000,1270872000.0
1271044800.0,0.425250,0.434250,0.424500,0.432500,546460000.000000,1271131200.0
1271131200.0,0.434250,0.443000,0.432500,0.441500,648696000.000000,1271217600.0
1271217600.0,0.451000,0.453250,0.440000,0.447000,900720000.000000,1271304000.0
1271304000.0,0.448500,0.453000,0.444000,0.450250,957596000.000000,1271390400.0
1271390400.0,0.432000,0.433750,0.417000,0.426500,1917736000.000000,1271476800.0
1271649600.0,0.423250,0.425750,0.410250,0.424500,1094492000.000000,1271736000.0
1271736000.0,0.427500,0.432000,0.420500,0.426000,678188000.000000,1271822400.0
1271822400.0,0.428250,0.428750,0.410000,0.415000,895908000.000000,1271908800.0
1271908800.0,0.408250,0.418000,0.402500,0.416750,656932000.000000,1271995200.0
1271995200.0,0.415500,0.416500,0.403750,0.411000,752916000.000000,1272081600.0
1272254400.0,0.411500,0.420000,0.410750,0.415000,491092000.000000,1272340800.0
1272340800.0,0.412000,0.416250,0.402000,0.403250,606704000.000000,1272427200.0
1272427200.0,0.403000,0.409750,0.395750,0.404000,672164000.000000,1272513600.0
1272513600.0,0.405250,0.416750,0.399250,0.416250,987128000.000000,1272600000.0
1272600000.0,0.411250,0.412000,0.392500,0.392750,1068048000.000000,1272686400.0
1272859200.0,0.394750,0.397000,0.382500,0.388500,1078972000.000000,1272945600.0
1272945600.0,0.382500,0.383250,0.363250,0.368750,1311376000.000000,1273032000.0
1273032000.0,0.361250,0.371750,0.358000,0.362500,1330840000.000000,1273118400.0
1273118400.0,0.360000,0.367500,0.326000,0.355000,1002888000.000000,1273204800.0
1273204800.0,0.358250,0.358250,0.336500,0.349000,1153712000.000000,1273291200.0
1273464000.0,0.370000,0.374500,0.360000,0.364000,979156000.000000,1273550400.0
1273550400.0,0.360500,0.367250,0.357250,0.360000,829124000.000000,1273636800.0
1273636800.0,0.362500,0.369000,0.360250,0.367000,901236000.000000,1273723200.0
1273723200.0,0.365500,0.382250,0.362750,0.366250,1252000000.000000,1273809600.0
1273809600.0,0.341500,0.342500,0.315000,0.324000,2493068000.000000,1273896000.0
1274068800.0,0.324500,0.328750,0.314500,0.324750,856060000.000000,1274155200.0
1274155200.0,0.327500,0.329500,0.312250,0.314000,674112000.000000,1274241600.0
1274241600.0,0.312500,0.319500,0.310250,0.319000,826520000.000000,1274328000.0
1274328000.0,0.309750,0.319000,0.300250,0.311500,1129136000.000000,1274414400.0
1274414400.0,0.302500,0.327000,0.302500,0.318250,1069600000.000000,1274500800.0
1274673600.0,0.317250,0.321000,0.308000,0.309000,664564000.000000,1274760000.0
1274760000.0,0.299250,0.318750,0.296250,0.317250,966652000.000000,1274846400.0
1274846400.0,0.330000,0.336250,0.317750,0.318750,995028000.000000,1274932800.0
1274932800.0,0.326750,0.337500,0.326000,0.337500,713560000.000000,1275019200.0
1275019200.0,0.337000,0.337000,0.323500,0.328500,545116000.000000,1275105600.0
1275364800.0,0.324000,0.327750,0.314250,0.314500,527492000.000000,1275451200.0
1275451200.0,0.315000,0.318500,0.313000,0.318000,649088000.000000,1275537600.0
1275537600.0,0.311500,0.318250,0.310500,0.317500,586360000.000000,1275624000.0
1275624000.0,0.308250,0.313750,0.300750,0.302500,671456000.000000,1275710400.0
1275883200.0,0.303750,0.305750,0.286250,0.287500,577248000.000000,1275969600.0
1275969600.0,0.286250,0.286250,0.272250,0.279500,967636000.000000,1276056000.0
1276056000.0,0.281000,0.288500,0.271750,0.272750,697152000.000000,1276142400.0
1276142400.0,0.278250,0.285000,0.277500,0.283750,611768000.000000,1276228800.0
1276228800.0,0.280750,0.291500,0.280000,0.290250,442104000.000000,1276315200.0
1276488000.0,0.294500,0.295000,0.283250,0.284000,375080000.000000,1276574400.0
1276574400.0,0.287250,0.299500,0.286750,0.298000,528632000.000000,1276660800.0
1276660800.0,0.296000,0.298750,0.290250,0.294250,366480000.000000,1276747200.0
1276747200.0,0.304500,0.306250,0.294000,0.305500,859068000.000000,1276833600.0
1276833600.0,0.307250,0.311250,0.305000,0.307500,932832000.000000,1276920000.0
1277092800.0,0.314000,0.314750,0.297500,0.300250,579836000.000000,1277179200.0
1277179200.0,0.304000,0.307750,0.287500,0.289000,818164000.000000,1277265600.0
1277265600.0,0.291750,0.295250,0.283500,0.292250,614060000.000000,1277352000.0
1277352000.0,0.290500,0.292000,0.276750,0.277750,725028000.000000,1277438400.0
1277438400.0,0.279750,0.280000,0.272500,0.277000,507220000.000000,1277524800.0
1277697600.0,0.279000,0.281500,0.272500,0.277500,372008000.000000,1277784000.0
1277784000.0,0.271500,0.271750,0.260250,0.262000,660808000.000000,1277870400.0
1277870400.0,0.262500,0.265250,0.255250,0.255250,623072000.000000,1277956800.0
1277956800.0,0.256000,0.261250,0.248250,0.259500,737008000.000000,1278043200.0
1278043200.0,0.260500,0.261000,0.247500,0.256250,737096000.000000,1278129600.0
1278388800.0,0.255250,0.263500,0.251250,0.253500,712020000.000000,1278475200.0
1278475200.0,0.254500,0.267250,0.254000,0.265750,608412000.000000,1278561600.0
1278561600.0,0.267500,0.267750,0.254500,0.257750,783272000.000000,1278648000.0
1278648000.0,0.259000,0.260500,0.255500,0.258750,571516000.000000,1278734400.0
1278907200.0,0.258750,0.266750,0.258500,0.263500,565396000.000000,1278993600.0
1278993600.0,0.267750,0.274750,0.266250,0.273000,723316000.000000,1279080000.0
1279080000.0,0.285000,0.287000,0.271750,0.275750,1355664000.000000,1279166400.0
1279166400.0,0.276000,0.276250,0.264750,0.268000,953088000.000000,1279252800.0
1279252800.0,0.268000,0.268750,0.250250,0.251250,1288604000.000000,1279339200.0
1279512000.0,0.254750,0.262500,0.253000,0.261500,798440000.000000,1279598400.0
1279598400.0,0.254750,0.269500,0.252500,0.268000,1160988000.000000,1279684800.0
1279684800.0,0.270500,0.270750,0.256750,0.259250,624940000.000000,1279771200.0
1279771200.0,0.262000,0.266250,0.260500,0.263500,462612000.000000,1279857600.0
1279857600.0,0.263250,0.263500,0.256500,0.259000,817604000.000000,1279944000.0
1280116800.0,0.258250,0.264750,0.254250,0.263750,683548000.000000,1280203200.0
1280203200.0,0.264500,0.265000,0.258250,0.261500,683472000.000000,1280289600.0
1280289600.0,0.257250,0.261750,0.252500,0.253250,1320808000.000000,1280376000.0
1280376000.0,0.235000,0.240000,0.226750,0.228250,2664476000.000000,1280462400.0
1280462400.0,0.226500,0.233750,0.223000,0.229750,984288000.000000,1280548800.0
1280721600.0,0.233750,0.234750,0.228500,0.229500,917020000.000000,1280808000.0
1280808000.0,0.227750,0.228000,0.221750,0.223500,955444000.000000,1280894400.0
1280894400.0,0.225500,0.233750,0.224500,0.233000,855496000.000000,1280980800.0
1280980800.0,0.233750,0.236500,0.229500,0.236000,800504000.000000,1281067200.0
1281067200.0,0.235000,0.241250,0.233000,0.238750,739904000.000000,1281153600.0
1281326400.0,0.241250,0.241500,0.235250,0.241000,466456000.000000,1281412800.0
1281412800.0,0.237000,0.237500,0.230000,0.231000,772560000.000000,1281499200.0
1281499200.0,0.226250,0.226250,0.221250,0.222000,796148000.000000,1281585600.0
1281585600.0,0.218000,0.229000,0.216250,0.224000,1343584000.000000,1281672000.0
1281672000.0,0.231250,0.238000,0.230750,0.234750,1797392000.000000,1281758400.0
1281931200.0,0.231500,0.236250,0.225750,0.228750,814008000.000000,1282017600.0
1282017600.0,0.231000,0.236000,0.228750,0.231750,481224000.000000,1282104000.0
1282104000.0,0.231000,0.235000,0.229500,0.233000,352920000.000000,1282190400.0
1282190400.0,0.235500,0.247750,0.234250,0.247000,1615100000.000000,1282276800.0
1282276800.0,0.245250,0.255250,0.245000,0.249250,1305308000.000000,1282363200.0
1282536000.0,0.250000,0.256250,0.244750,0.245500,748620000.000000,1282622400.0
1282622400.0,0.237500,0.245500,0.237000,0.243000,641332000.000000,1282708800.0
1282708800.0,0.240250,0.250000,0.239000,0.248000,757532000.000000,1282795200.0
1282795200.0,0.251250,0.254000,0.245000,0.245000,657596000.000000,1282881600.0
1282881600.0,0.246500,0.255000,0.240250,0.253000,1060416000.000000,1282968000.0
1283140800.0,0.250000,0.252000,0.241000,0.241000,602804000.000000,1283227200.0
1283227200.0,0.237500,0.245000,0.232500,0.233250,931488000.000000,1283313600.0
1283313600.0,0.236750,0.239750,0.233750,0.235000,851440000.000000,1283400000.0
1283400000.0,0.235750,0.240000,0.233500,0.239250,596292000.000000,1283486400.0
1283486400.0,0.245000,0.248250,0.242000,0.247500,566484000.000000,1283572800.0
1283832000.0,0.246750,0.255500,0.246250,0.249750,899820000.000000,1283918400.0
1283918400.0,0.250250,0.259750,0.247500,0.258000,1224156000.000000,1284004800.0
1284004800.0,0.261250,0.261500,0.251250,0.254500,697748000.000000,1284091200.0
1284091200.0,0.256250,0.257000,0.249500,0.251750,609292000.000000,1284177600.0
1284350400.0,0.256250,0.269250,0.256250,0.266000,1015792000.000000,1284436800.0
1284436800.0,0.263750,0.267000,0.261250,0.263500,698536000.000000,1284523200.0
1284523200.0,0.261000,0.264250,0.257500,0.264000,555572000.000000,1284609600.0
1284609600.0,0.260500,0.266500,0.260500,0.264250,365280000.000000,1284696000.0
1284696000.0,0.266750,0.267000,0.263000,0.263750,416884000.000000,1284782400.0
1284955200.0,0.263750,0.268750,0.261250,0.267750,443168000.000000,1285041600.0
1285041600.0,0.266250,0.286750,0.266250,0.282250,1779624000.000000,1285128000.0
1285128000.0,0.281250,0.287250,0.279500,0.284750,999996000.000000,1285214400.0
1285214400.0,0.288000,0.299500,0.285500,0.290500,1240872000.000000,1285300800.0
1285300800.0,0.297000,0.307500,0.294750,0.306500,1086976000.000000,1285387200.0
1285560000.0,0.308750,0.309000,0.296000,0.300000,999504000.000000,1285646400.0
1285646400.0,0.300250,0.303500,0.294000,0.299250,723192000.000000,1285732800.0
1285732800.0,0.296500,0.305750,0.293750,0.297000,974904000.000000,1285819200.0
1285819200.0,0.300750,0.304250,0.289500,0.292000,787632000.000000,1285905600.0
1285905600.0,0.296250,0.296750,0.281500,0.283750,999120000.000000,1285992000.0
1286164800.0,0.281000,0.285750,0.275250,0.281000,749500000.000000,1286251200.0
1286251200.0,0.287000,0.287500,0.282250,0.283000,753588000.000000,1286337600.0
1286337600.0,0.283000,0.284250,0.266750,0.269500,1057604000.000000,1286424000.0
1286424000.0,0.270750,0.271000,0.259500,0.267500,761488000.000000,1286510400.0
1286510400.0,0.266500,0.273750,0.262750,0.271500,706932000.000000,1286596800.0
1286769600.0,0.272750,0.275000,0.269000,0.270250,442680000.000000,1286856000.0
1286856000.0,0.268000,0.276750,0.265750,0.275500,605208000.000000,1286942400.0
1286942400.0,0.280000,0.287500,0.277000,0.283500,968732000.000000,1287028800.0
1287028800.0,0.283750,0.284250,0.277750,0.279000,599172000.000000,1287115200.0
1287115200.0,0.283500,0.286750,0.279000,0.282250,639940000.000000,1287201600.0
1287374400.0,0.282500,0.285250,0.277500,0.284000,448156000.000000,1287460800.0
1287460800.0,0.277750,0.284250,0.275500,0.282250,866136000.000000,1287547200.0
1287547200.0,0.282500,0.290000,0.277500,0.282250,763532000.000000,1287633600.0
1287633600.0,0.282500,0.283000,0.273000,0.277250,1014428000.000000,1287720000.0
1287720000.0,0.279000,0.297250,0.276000,0.295000,1322676000.000000,1287806400.0
1287979200.0,0.297250,0.300000,0.294500,0.297750,673136000.000000,1288065600.0
1288065600.0,0.294250,0.301250,0.291750,0.296750,675248000.000000,1288152000.0
1288152000.0,0.294000,0.302000,0.293250,0.301000,496796000.000000,1288238400.0
1288238400.0,0.305000,0.306000,0.298500,0.301250,704448000.000000,1288324800.0
1288324800.0,0.300750,0.303750,0.297500,0.300500,554664000.000000,1288411200.0
1288584000.0,0.302500,0.307250,0.298500,0.301000,473920000.000000,1288670400.0
1288670400.0,0.302250,0.312250,0.300500,0.307250,581036000.000000,1288756800.0
1288756800.0,0.309250,0.311500,0.301250,0.309500,671748000.000000,1288843200.0
1288843200.0,0.312500,0.315750,0.309500,0.310000,700016000.000000,1288929600.0
1288929600.0,0.312250,0.318000,0.310750,0.315250,735116000.000000,1289016000.0
1289192400.0,0.315000,0.319250,0.312500,0.316500,605156000.000000,1289278800.0
1289278800.0,0.316500,0.319000,0.313000,0.314750,633964000.000000,1289365200.0
1289365200.0,0.317000,0.318500,0.312500,0.318500,521016000.000000,1289451600.0
1289451600.0,0.311000,0.320500,0.306750,0.315250,1089980000.000000,1289538000.0
1289538000.0,0.327250,0.342000,0.325750,0.331500,2142560000.000000,1289624400.0
1289797200.0,0.333000,0.337750,0.326750,0.327500,733548000.000000,1289883600.0
1289883600.0,0.322000,0.326500,0.317250,0.317750,739356000.000000,1289970000.0
1289970000.0,0.317500,0.326750,0.314500,0.323000,551764000.000000,1290056400.0
1290056400.0,0.327250,0.336250,0.327250,0.333000,993120000.000000,1290142800.0
1290142800.0,0.332250,0.345000,0.331750,0.343750,716484000.000000,1290229200.0
1290402000.0,0.341500,0.346000,0.338500,0.344000,462668000.000000,1290488400.0
1290488400.0,0.340000,0.343500,0.333500,0.336000,457832000.000000,1290574800.0
1290574800.0,0.339500,0.345500,0.339250,0.344250,397784000.000000,1290661200.0
1290747600.0,0.344000,0.346000,0.340000,0.340000,143104000.000000,1290834000.0
1291006800.0,0.338500,0.345000,0.337000,0.343750,468192000.000000,1291093200.0
1291093200.0,0.338500,0.342000,0.334000,0.340250,720936000.000000,1291179600.0
1291179600.0,0.347000,0.357500,0.346500,0.355250,626536000.000000,1291266000.0
1291266000.0,0.355250,0.361750,0.355000,0.359500,529316000.000000,1291352400.0
1291352400.0,0.357750,0.369750,0.357000,0.369750,606044000.000000,1291438800.0
1291611600.0,0.371000,0.371750,0.361250,0.362750,438424000.000000,1291698000.0
1291698000.0,0.371250,0.383250,0.370500,0.374500,1026812000.000000,1291784400.0
1291784400.0,0.374000,0.381750,0.371250,0.377750,613252000.000000,1291870800.0
1291870800.0,0.368750,0.374000,0.363500,0.371500,942408000.000000,1291957200.0
1291957200.0,0.371500,0.377250,0.370500,0.373750,451900000.000000,1292043600.0
1292216400.0,0.375250,0.376000,0.363250,0.364250,609108000.000000,1292302800.0
1292302800.0,0.371250,0.378000,0.364250,0.364750,755160000.000000,1292389200.0
1292389200.0,0.365500,0.370000,0.356250,0.356750,624176000.000000,1292475600.0
1292475600.0,0.360500,0.362500,0.356250,0.357250,631872000.000000,1292562000.0
1292562000.0,0.357500,0.361250,0.353250,0.359250,593156000.000000,1292648400.0
1292821200.0,0.360500,0.362250,0.357500,0.357750,344088000.000000,1292907600.0
1292907600.0,0.361250,0.371750,0.361000,0.371750,466952000.000000,1292994000.0
1292994000.0,0.371000,0.376250,0.367500,0.375750,477988000.000000,1293080400.0
1293080400.0,0.375750,0.375750,0.371500,0.373000,273784000.000000,1293166800.0
1293426000.0,0.372000,0.377750,0.365250,0.375000,255500000.000000,1293512400.0
1293512400.0,0.375000,0.377500,0.371250,0.373500,194260000.000000,1293598800.0
1293598800.0,0.373250,0.376250,0.370000,0.373500,177660000.000000,1293685200.0
1293685200.0,0.373000,0.377000,0.371750,0.374750,174488000.000000,1293771600.0
1293771600.0,0.375000,0.385500,0.374500,0.385000,391252000.000000,1293858000.0
1294030800.0,0.388000,0.399250,0.387500,0.395500,817448000.000000,1294117200.0
1294117200.0,0.396250,0.398000,0.385500,0.394250,651384000.000000,1294203600.0
1294203600.0,0.401500,0.425000,0.397500,0.424500,1428216000.000000,1294290000.0
1294290000.0,0.435500,0.483500,0.434250,0.483250,3493312000.000000,1294376400.0
1294376400.0,0.477750,0.498250,0.467000,0.496750,2579984000.000000,1294462800.0
1294635600.0,0.487750,0.516750,0.484000,0.515750,1750348000.000000,1294722000.0
1294722000.0,0.522750,0.527750,0.496750,0.507750,2711088000.000000,1294808400.0
1294808400.0,0.508000,0.584250,0.506250,0.583750,3431896000.000000,1294894800.0
1294894800.0,0.577500,0.596000,0.559500,0.584750,2695192000.000000,1294981200.0
1294981200.0,0.574750,0.599500,0.571250,0.589750,1595352000.000000,1295067600.0
1295326800.0,0.581750,0.585750,0.561750,0.576000,1813348000.000000,1295413200.0
1295413200.0,0.576250,0.590000,0.559000,0.560250,1197896000.000000,1295499600.0
1295499600.0,0.554750,0.564000,0.544750,0.560750,1111408000.000000,1295586000.0
1295586000.0,0.566750,0.574750,0.554500,0.555500,739244000.000000,1295672400.0
1295845200.0,0.581000,0.626250,0.574500,0.618250,2056900000.000000,1295931600.0
1295931600.0,0.615500,0.622000,0.595250,0.599250,1086856000.000000,1296018000.0
1296018000.0,0.605500,0.625000,0.601250,0.613500,1074660000.000000,1296104400.0
1296104400.0,0.622250,0.623750,0.600000,0.611750,657396000.000000,1296190800.0
1296190800.0,0.613250,0.623500,0.580000,0.594000,1094796000.000000,1296277200.0
1296450000.0,0.595000,0.606250,0.585250,0.598000,750160000.000000,1296536400.0
1296536400.0,0.603250,0.616250,0.599250,0.611750,654104000.000000,1296622800.0
1296622800.0,0.608250,0.654250,0.608250,0.639500,1606616000.000000,1296709200.0
1296709200.0,0.640500,0.640500,0.613750,0.627500,1030776000.000000,1296795600.0
1296795600.0,0.636250,0.646750,0.633750,0.641750,872900000.000000,1296882000.0
1297054800.0,0.633000,0.635750,0.612750,0.615000,934236000.000000,1297141200.0
1297141200.0,0.615750,0.619750,0.594000,0.596750,1076584000.000000,1297227600.0
1297227600.0,0.599000,0.605000,0.571500,0.582250,1277520000.000000,1297314000.0
1297314000.0,0.569250,0.580250,0.565000,0.570500,1042352000.000000,1297400400.0
1297400400.0,0.568500,0.605250,0.559250,0.586750,1359276000.000000,1297486800.0
1297659600.0,0.593750,0.612500,0.575500,0.577750,1287828000.000000,1297746000.0
1297746000.0,0.578750,0.580750,0.561250,0.563750,886980000.000000,1297832400.0
1297832400.0,0.571250,0.592750,0.569250,0.584500,1318364000.000000,1297918800.0
1297918800.0,0.568000,0.650250,0.565250,0.642000,3470096000.000000,1298005200.0
1298005200.0,0.638500,0.648750,0.630750,0.640750,1394412000.000000,1298091600.0
1298350800.0,0.619750,0.621500,0.578250,0.580250,1396648000.000000,1298437200.0
1298437200.0,0.580250,0.585750,0.544500,0.552750,1491604000.000000,1298523600.0
1298523600.0,0.555500,0.576000,0.551500,0.566250,1246120000.000000,1298610000.0
1298610000.0,0.581500,0.587500,0.573500,0.578000,775652000.000000,1298696400.0
1298869200.0,0.587500,0.587750,0.553500,0.566500,903696000.000000,1298955600.0
1298955600.0,0.567500,0.574750,0.541250,0.541250,988448000.000000,1299042000.0
1299042000.0,0.540500,0.550750,0.506250,0.518750,1718140000.000000,1299128400.0
1299128400.0,0.530750,0.533750,0.506000,0.521750,1593704000.000000,1299214800.0
1299214800.0,0.522250,0.527500,0.513250,0.519000,959760000.000000,1299301200.0
1299474000.0,0.522750,0.524500,0.498750,0.511750,1019140000.000000,1299560400.0
1299560400.0,0.517250,0.520000,0.478000,0.488750,1947184000.000000,1299646800.0
1299646800.0,0.487250,0.492000,0.474250,0.478500,1318976000.000000,1299733200.0
1299733200.0,0.467500,0.471000,0.447500,0.448000,1722736000.000000,1299819600.0
1299819600.0,0.451750,0.463750,0.441500,0.451250,1486832000.000000,1299906000.0
1300075200.0,0.454750,0.466250,0.447500,0.455000,1003360000.000000,1300161600.0
1300161600.0,0.432750,0.449000,0.425250,0.441500,1256280000.000000,1300248000.0
1300248000.0,0.437500,0.458750,0.432500,0.438250,1476520000.000000,1300334400.0
1300334400.0,0.450000,0.450750,0.430000,0.446500,1238516000.000000,1300420800.0
1300420800.0,0.453500,0.455000,0.440000,0.440500,886960000.000000,1300507200.0
1300680000.0,0.450000,0.454500,0.439500,0.444000,751832000.000000,1300766400.0
1300766400.0,0.442750,0.447000,0.434250,0.436250,718332000.000000,1300852800.0
1300852800.0,0.435500,0.446500,0.426000,0.445250,782396000.000000,1300939200.0
1300939200.0,0.454750,0.486250,0.453750,0.480750,1780592000.000000,1301025600.0
1301025600.0,0.485000,0.486250,0.465000,0.465750,1196392000.000000,1301112000.0
1301284800.0,0.476750,0.491000,0.472500,0.483000,1204284000.000000,1301371200.0
1301371200.0,0.483000,0.484750,0.472750,0.479250,715764000.000000,1301457600.0
1301457600.0,0.483000,0.485000,0.455250,0.461250,1176320000.000000,1301544000.0
1301544000.0,0.462000,0.467000,0.453000,0.461500,655112000.000000,1301630400.0
1301630400.0,0.467500,0.468000,0.448750,0.455000,850072000.000000,1301716800.0
1301889600.0,0.455000,0.456250,0.435500,0.438750,924328000.000000,1301976000.0
1301976000.0,0.445250,0.448750,0.438500,0.439500,821076000.000000,1302062400.0
1302062400.0,0.442750,0.443250,0.432750,0.436500,856984000.000000,1302148800.0
1302148800.0,0.437500,0.455250,0.435750,0.452500,1021208000.000000,1302235200.0
1302235200.0,0.456000,0.456000,0.437500,0.438750,746552000.000000,1302321600.0
1302494400.0,0.440500,0.442750,0.428250,0.433000,546208000.000000,1302580800.0
1302580800.0,0.428750,0.437250,0.420750,0.434250,840756000.000000,1302667200.0
1302667200.0,0.438750,0.446750,0.433250,0.444000,749588000.000000,1302753600.0
1302753600.0,0.440000,0.463000,0.437500,0.462750,1254704000.000000,1302840000.0
1302840000.0,0.459250,0.473500,0.457000,0.467750,969720000.000000,1302926400.0
1303099200.0,0.456750,0.459750,0.445000,0.452250,743584000.000000,1303185600.0
1303185600.0,0.452500,0.454250,0.438250,0.450500,659860000.000000,1303272000.0
1303272000.0,0.467000,0.473750,0.456750,0.464250,650516000.000000,1303358400.0
1303358400.0,0.469250,0.472250,0.462000,0.463000,421300000.000000,1303444800.0
1303704000.0,0.465000,0.478000,0.464750,0.470250,619612000.000000,1303790400.0
1303790400.0,0.474250,0.487250,0.469500,0.482500,676000000.000000,1303876800.0
1303876800.0,0.485000,0.485000,0.472500,0.482500,450004000.000000,1303963200.0
1303963200.0,0.482500,0.497500,0.477000,0.487750,684000000.000000,1304049600.0
1304049600.0,0.491000,0.511000,0.490250,0.500000,836000000.000000,1304136000.0
1304308800.0,0.510500,0.510750,0.490750,0.493250,613824000.000000,1304395200.0
1304395200.0,0.487500,0.489000,0.463750,0.469750,808000000.000000,1304481600.0
1304481600.0,0.471250,0.476500,0.457500,0.466250,639356000.000000,1304568000.0
1304568000.0,0.462500,0.472000,0.456250,0.466500,544000000.000000,1304654400.0
1304654400.0,0.476250,0.487500,0.472500,0.483000,841080000.000000,1304740800.0
1304913600.0,0.484500,0.496250,0.483250,0.493750,706328000.000000,1305000000.0
1305000000.0,0.497750,0.498250,0.489500,0.494500,690976000.000000,1305086400.0
1305086400.0,0.497000,0.502000,0.490000,0.496750,616000000.000000,1305172800.0
1305172800.0,0.495000,0.513000,0.493750,0.512500,1224000000.000000,1305259200.0
1305259200.0,0.480000,0.481250,0.453000,0.456500,2025192000.000000,1305345600.0
1305518400.0,0.455250,0.456250,0.442250,0.442500,728188000.000000,1305604800.0
1305604800.0,0.441000,0.441250,0.428000,0.440750,1420364000.000000,1305691200.0
1305691200.0,0.442500,0.454750,0.441000,0.451000,658844000.000000,1305777600.0
1305777600.0,0.454500,0.454750,0.437750,0.444500,650884000.000000,1305864000.0
1305864000.0,0.443500,0.453250,0.441500,0.452250,575820000.000000,1305950400.0
1306123200.0,0.445750,0.455000,0.440000,0.451750,588000000.000000,1306209600.0
1306209600.0,0.454000,0.471750,0.452750,0.453500,720372000.000000,1306296000.0
1306296000.0,0.451250,0.462000,0.446750,0.459000,545312000.000000,1306382400.0
1306382400.0,0.459000,0.474500,0.457750,0.470500,706436000.000000,1306468800.0
1306468800.0,0.472500,0.488250,0.472000,0.487500,658824000.000000,1306555200.0
1306814400.0,0.497000,0.501250,0.485000,0.501000,1200716000.000000,1306900800.0
1306900800.0,0.498750,0.499500,0.477500,0.478500,762208000.000000,1306987200.0
1306987200.0,0.479250,0.482750,0.470500,0.476250,607592000.000000,1307073600.0
1307073600.0,0.470750,0.475000,0.459250,0.461500,549300000.000000,1307160000.0
1307332800.0,0.460750,0.465000,0.451250,0.451750,435988000.000000,1307419200.0
1307419200.0,0.455250,0.457750,0.449500,0.451500,433956000.000000,1307505600.0
1307505600.0,0.449250,0.452000,0.435750,0.439250,569288000.000000,1307592000.0
1307592000.0,0.439000,0.440000,0.418500,0.434250,741632000.000000,1307678400.0
1307678400.0,0.435000,0.437750,0.424500,0.428000,493548000.000000,1307764800.0
1307937600.0,0.428000,0.433500,0.422000,0.425000,574760000.000000,1308024000.0
1308024000.0,0.428750,0.438000,0.426750,0.428500,534576000.000000,1308110400.0
1308110400.0,0.422750,0.425250,0.410500,0.419250,935916000.000000,1308196800.0
1308196800.0,0.419500,0.426000,0.398750,0.404750,1024908000.000000,1308283200.0
1308283200.0,0.409500,0.409750,0.382750,0.395250,1467884000.000000,1308369600.0
1308542400.0,0.391750,0.400000,0.387500,0.390500,745960000.000000,1308628800.0
1308628800.0,0.392000,0.402000,0.388250,0.399000,704276000.000000,1308715200.0
1308715200.0,0.396250,0.401500,0.392750,0.393500,651720000.000000,1308801600.0
1308801600.0,0.388500,0.408000,0.385000,0.405250,744024000.000000,1308888000.0
1308888000.0,0.403250,0.406750,0.391000,0.393500,529052000.000000,1308974400.0
1309147200.0,0.393500,0.396000,0.371500,0.385250,1142152000.000000,1309233600.0
1309233600.0,0.385250,0.392000,0.382500,0.387500,692200000.000000,1309320000.0
1309320000.0,0.390000,0.397500,0.376500,0.393500,960544000.000000,1309406400.0
1309406400.0,0.394500,0.402750,0.388500,0.398500,652300000.000000,1309492800.0
1309492800.0,0.398500,0.405250,0.390500,0.403750,540804000.000000,1309579200.0
1309838400.0,0.403250,0.407000,0.393500,0.397000,535296000.000000,1309924800.0
1309924800.0,0.396750,0.397500,0.387000,0.391750,529580000.000000,1310011200.0
1310011200.0,0.393750,0.395750,0.386250,0.393250,986136000.000000,1310097600.0
1310097600.0,0.387750,0.390500,0.382500,0.385750,619516000.000000,1310184000.0
1310356800.0,0.378500,0.380000,0.371250,0.372250,714388000.000000,1310443200.0
1310443200.0,0.370500,0.374000,0.361000,0.367250,867604000.000000,1310529600.0
1310529600.0,0.372250,0.374750,0.363000,0.366500,634368000.000000,1310616000.0
1310616000.0,0.368000,0.370250,0.350250,0.352000,1088996000.000000,1310702400.0
1310702400.0,0.354000,0.356250,0.345250,0.352500,827736000.000000,1310788800.0
1310961600.0,0.349750,0.351750,0.340500,0.345000,818200000.000000,1311048000.0
1311048000.0,0.346000,0.356250,0.346000,0.355500,602224000.000000,1311134400.0
1311134400.0,0.356750,0.358750,0.350000,0.351000,662956000.000000,1311220800.0
1311220800.0,0.351500,0.370000,0.346250,0.367500,1143420000.000000,1311307200.0
1311307200.0,0.370750,0.376250,0.366000,0.375000,737192000.000000,1311393600.0
1311566400.0,0.369250,0.370750,0.363750,0.369000,566920000.000000,1311652800.0
1311652800.0,0.358500,0.367500,0.354750,0.360000,698276000.000000,1311739200.0
1311739200.0,0.355000,0.356750,0.345500,0.346500,652212000.000000,1311825600.0
1311825600.0,0.345250,0.353000,0.339750,0.345750,648176000.000000,1311912000.0
1311912000.0,0.342250,0.349000,0.340500,0.345750,677656000.000000,1311998400.0
1312171200.0,0.353750,0.365250,0.350750,0.364250,1019620000.000000,1312257600.0
1312257600.0,0.361750,0.384500,0.360500,0.360500,1356432000.000000,1312344000.0
1312344000.0,0.361250,0.371500,0.357750,0.370250,765236000.000000,1312430400.0
1312430400.0,0.363500,0.363500,0.335000,0.335000,979732000.000000,1312516800.0
1312516800.0,0.342750,0.347000,0.315000,0.323750,1270588000.000000,1312603200.0
1312776000.0,0.308000,0.319000,0.296250,0.298250,1084180000.000000,1312862400.0
1312862400.0,0.304000,0.323750,0.300000,0.323250,1329832000.000000,1312948800.0
1312948800.0,0.313750,0.322750,0.306750,0.308500,1140052000.000000,1313035200.0
1313035200.0,0.308500,0.339750,0.308500,0.335250,1078792000.000000,1313121600.0
1313121600.0,0.371000,0.371500,0.316750,0.322000,3195784000.000000,1313208000.0
1313380800.0,0.325250,0.335000,0.323500,0.334250,864152000.000000,1313467200.0
1313467200.0,0.330500,0.335000,0.318750,0.324750,716868000.000000,1313553600.0
1313553600.0,0.325750,0.331250,0.316000,0.320250,553328000.000000,1313640000.0
1313640000.0,0.305750,0.308750,0.295000,0.298500,802564000.000000,1313726400.0
1313726400.0,0.293500,0.309750,0.291250,0.293250,761332000.000000,1313812800.0
1313985600.0,0.301500,0.305000,0.295250,0.298500,611876000.000000,1314072000.0
1314072000.0,0.305750,0.331000,0.305250,0.330750,938312000.000000,1314158400.0
1314158400.0,0.330000,0.331000,0.317500,0.326000,687500000.000000,1314244800.0
1314244800.0,0.319500,0.325250,0.311500,0.312000,690968000.000000,1314331200.0
1314331200.0,0.310750,0.328500,0.305250,0.325250,732660000.000000,1314417600.0
1314590400.0,0.334500,0.335250,0.326750,0.334000,601528000.000000,1314676800.0
1314676800.0,0.331750,0.344750,0.329500,0.342000,684760000.000000,1314763200.0
1314763200.0,0.344500,0.348000,0.330000,0.332750,705808000.000000,1314849600.0
1314849600.0,0.337250,0.344500,0.331750,0.332000,762312000.000000,1314936000.0
1314936000.0,0.324500,0.329000,0.320500,0.323000,471356000.000000,1315022400.0
1315281600.0,0.312500,0.330250,0.309500,0.329500,696248000.000000,1315368000.0
1315368000.0,0.356250,0.366000,0.346500,0.356250,1606620000.000000,1315454400.0
1315454400.0,0.352750,0.361250,0.348750,0.354500,880164000.000000,1315540800.0
1315540800.0,0.351500,0.361000,0.344000,0.347000,869828000.000000,1315627200.0
1315800000.0,0.342250,0.358250,0.342250,0.355250,916480000.000000,1315886400.0
1315886400.0,0.358250,0.365000,0.352750,0.363250,853836000.000000,1315972800.0
1315972800.0,0.372750,0.386750,0.372500,0.382000,1547192000.000000,1316059200.0
1316059200.0,0.390500,0.392500,0.384000,0.387500,752908000.000000,1316145600.0
1316145600.0,0.388250,0.402500,0.384500,0.386500,1391588000.000000,1316232000.0
1316404800.0,0.380000,0.382750,0.368750,0.378500,968204000.000000,1316491200.0
1316491200.0,0.383250,0.384750,0.367000,0.368750,792436000.000000,1316577600.0
1316577600.0,0.370750,0.377250,0.361500,0.361750,715252000.000000,1316664000.0
1316664000.0,0.347500,0.348000,0.331250,0.337750,1314632000.000000,1316750400.0
1316750400.0,0.335750,0.354500,0.333750,0.344750,1011440000.000000,1316836800.0
1317009600.0,0.349000,0.350000,0.330000,0.345500,972124000.000000,1317096000.0
1317096000.0,0.354250,0.357250,0.343250,0.346000,781388000.000000,1317182400.0
1317182400.0,0.346750,0.355500,0.330000,0.335500,1236532000.000000,1317268800.0
1317268800.0,0.341500,0.347250,0.318750,0.327250,866416000.000000,1317355200.0
1317355200.0,0.322000,0.323750,0.312250,0.312750,677784000.000000,1317441600.0
1317614400.0,0.308750,0.318500,0.295250,0.295250,949896000.000000,1317700800.0
1317700800.0,0.288000,0.322500,0.286750,0.322500,1361548000.000000,1317787200.0
1317787200.0,0.321750,0.337000,0.315250,0.334000,856708000.000000,1317873600.0
1317873600.0,0.335750,0.348250,0.335250,0.347250,773192000.000000,1317960000.0
1317960000.0,0.348750,0.359000,0.341500,0.353750,806976000.000000,1318046400.0
1318219200.0,0.359750,0.369500,0.359000,0.369500,534376000.000000,1318305600.0
1318305600.0,0.366500,0.372500,0.364250,0.365500,816080000.000000,1318392000.0
1318392000.0,0.372500,0.372750,0.365000,0.365250,612064000.000000,1318478400.0
1318478400.0,0.363500,0.387250,0.362500,0.386500,854832000.000000,1318564800.0
1318564800.0,0.393250,0.397250,0.383500,0.393000,702452000.000000,1318651200.0
1318824000.0,0.388500,0.388500,0.371500,0.373500,611780000.000000,1318910400.0
1318910400.0,0.371500,0.388000,0.369250,0.387000,590916000.000000,1318996800.0
1318996800.0,0.387500,0.394250,0.378250,0.379250,557568000.000000,1319083200.0
1319083200.0,0.369000,0.370500,0.346000,0.360250,990308000.000000,1319169600.0
1319169600.0,0.364750,0.370750,0.356000,0.362000,628428000.000000,1319256000.0
1319428800.0,0.363500,0.381250,0.362750,0.375500,535256000.000000,1319515200.0
1319515200.0,0.370250,0.373250,0.360500,0.361250,577996000.000000,1319601600.0
1319601600.0,0.368250,0.370250,0.355000,0.365500,503116000.000000,1319688000.0
1319688000.0,0.379000,0.385000,0.370500,0.381250,577732000.000000,1319774400.0
1319774400.0,0.378000,0.393500,0.377000,0.390000,490156000.000000,1319860800.0
1320033600.0,0.377500,0.379750,0.370000,0.370000,519984000.000000,1320120000.0
1320120000.0,0.356500,0.357500,0.348000,0.351500,790824000.000000,1320206400.0
1320206400.0,0.355000,0.356750,0.338250,0.345500,961608000.000000,1320292800.0
1320292800.0,0.349250,0.367000,0.340000,0.366250,749372000.000000,1320379200.0
1320379200.0,0.363000,0.371750,0.357250,0.370500,654840000.000000,1320465600.0
1320642000.0,0.367750,0.374000,0.360000,0.368500,613536000.000000,1320728400.0
1320728400.0,0.373250,0.379250,0.367250,0.377000,549728000.000000,1320814800.0
1320814800.0,0.368250,0.373000,0.356500,0.358000,532244000.000000,1320901200.0
1320901200.0,0.366750,0.370500,0.352750,0.361750,990484000.000000,1320987600.0
1320987600.0,0.372000,0.377500,0.351750,0.374500,1751560000.000000,1321074000.0
1321246800.0,0.374500,0.378250,0.366250,0.367250,500292000.000000,1321333200.0
1321333200.0,0.363750,0.374750,0.362750,0.372000,505660000.000000,1321419600.0
1321419600.0,0.365000,0.374750,0.363250,0.364500,512420000.000000,1321506000.0
1321506000.0,0.363750,0.364750,0.345000,0.351500,657504000.000000,1321592400.0
1321592400.0,0.353500,0.353500,0.344500,0.348250,501352000.000000,1321678800.0
1321851600.0,0.342750,0.369250,0.337500,0.365750,1330788000.000000,1321938000.0
1321938000.0,0.369750,0.379000,0.367750,0.377000,1287480000.000000,1322024400.0
1322024400.0,0.373000,0.375750,0.360750,0.361000,825340000.000000,1322110800.0
1322197200.0,0.356250,0.364500,0.350000,0.351000,406620000.000000,1322283600.0
1322456400.0,0.362500,0.376250,0.362500,0.370750,690616000.000000,1322542800.0
1322542800.0,0.370250,0.377500,0.366750,0.372750,623440000.000000,1322629200.0
1322629200.0,0.384000,0.391750,0.380750,0.390750,730324000.000000,1322715600.0
1322715600.0,0.387500,0.396500,0.385750,0.395500,529760000.000000,1322802000.0
1322802000.0,0.399750,0.401250,0.389250,0.393000,546464000.000000,1322888400.0
1323061200.0,0.399500,0.400000,0.383750,0.387000,644696000.000000,1323147600.0
1323147600.0,0.389250,0.390000,0.377500,0.381500,573832000.000000,1323234000.0
1323234000.0,0.379000,0.382000,0.371250,0.379250,510016000.000000,1323320400.0
1323320400.0,0.375500,0.381750,0.366000,0.367250,491488000.000000,1323406800.0
1323406800.0,0.364500,0.375500,0.359500,0.372500,555840000.000000,1323493200.0
1323666000.0,0.364500,0.366000,0.356500,0.363250,573208000.000000,1323752400.0
1323752400.0,0.368000,0.372500,0.351000,0.353250,516596000.000000,1323838800.0
1323838800.0,0.350250,0.352250,0.335750,0.339500,636020000.000000,1323925200.0
1323925200.0,0.345250,0.347500,0.335750,0.336500,435148000.000000,1324011600.0
1324011600.0,0.339250,0.345750,0.336250,0.337750,619116000.000000,1324098000.0
1324270800.0,0.339250,0.343250,0.327750,0.329000,463276000.000000,1324357200.0
1324357200.0,0.336500,0.348750,0.336500,0.347500,445208000.000000,1324443600.0
1324443600.0,0.345500,0.349250,0.336250,0.343000,548424000.000000,1324530000.0
1324530000.0,0.344000,0.358750,0.344000,0.357750,576560000.000000,1324616400.0
1324616400.0,0.359500,0.360000,0.351250,0.354250,248948000.000000,1324702800.0
1324962000.0,0.352750,0.357000,0.350500,0.351500,195712000.000000,1325048400.0
1325048400.0,0.351500,0.352250,0.342500,0.342750,233960000.000000,1325134800.0
1325134800.0,0.346250,0.350000,0.341250,0.349250,211112000.000000,1325221200.0
1325221200.0,0.348000,0.351750,0.346000,0.346500,186956000.000000,1325307600.0
1325566800.0,0.357500,0.360000,0.350250,0.351000,468044000.000000,1325653200.0
1325653200.0,0.351250,0.356500,0.348000,0.355000,347372000.000000,1325739600.0
1325739600.0,0.353250,0.369500,0.351750,0.367750,563548000.000000,1325826000.0
1325826000.0,0.367500,0.367750,0.359250,0.363500,533252000.000000,1325912400.0
1326085200.0,0.363750,0.370500,0.361000,0.363500,508244000.000000,1326171600.0
1326171600.0,0.369000,0.369250,0.359500,0.362000,546328000.000000,1326258000.0
1326258000.0,0.358750,0.362000,0.353250,0.354750,484272000.000000,1326344400.0
1326344400.0,0.355500,0.355750,0.344750,0.352500,652364000.000000,1326430800.0
1326430800.0,0.350000,0.350750,0.341500,0.343250,504300000.000000,1326517200.0
1326776400.0,0.348500,0.348500,0.337500,0.338000,627176000.000000,1326862800.0
1326862800.0,0.344500,0.352250,0.342750,0.349500,632676000.000000,1326949200.0
1326949200.0,0.352500,0.359250,0.348750,0.358750,608312000.000000,1327035600.0
1327035600.0,0.358250,0.362500,0.354250,0.355500,546272000.000000,1327122000.0
1327294800.0,0.355750,0.365500,0.351250,0.365250,562792000.000000,1327381200.0
1327381200.0,0.362750,0.375000,0.362500,0.373500,730920000.000000,1327467600.0
1327467600.0,0.363500,0.372250,0.353000,0.371250,1274152000.000000,1327554000.0
1327554000.0,0.376750,0.381000,0.365750,0.367750,799672000.000000,1327640400.0
1327640400.0,0.365500,0.374750,0.362500,0.372750,449996000.000000,1327726800.0
1327899600.0,0.366250,0.371750,0.360750,0.370000,399076000.000000,1327986000.0
1327986000.0,0.371000,0.371250,0.362750,0.369250,357900000.000000,1328072400.0
1328072400.0,0.373500,0.377500,0.368250,0.373250,428020000.000000,1328158800.0
1328158800.0,0.375250,0.388750,0.371500,0.387250,696236000.000000,1328245200.0
1328245200.0,0.393000,0.398750,0.392250,0.395500,495232000.000000,1328331600.0
1328504400.0,0.393500,0.394000,0.389000,0.392500,278868000.000000,1328590800.0
1328590800.0,0.393000,0.395750,0.386500,0.393500,410296000.000000,1328677200.0
1328677200.0,0.393500,0.415500,0.391500,0.407750,847612000.000000,1328763600.0
1328763600.0,0.412750,0.415000,0.406750,0.407500,561944000.000000,1328850000.0
1328850000.0,0.403500,0.405000,0.395250,0.397500,440268000.000000,1328936400.0
1329109200.0,0.407500,0.409000,0.395500,0.403750,610668000.000000,1329195600.0
1329195600.0,0.403750,0.409500,0.400250,0.406000,453756000.000000,1329282000.0
1329282000.0,0.409750,0.422500,0.403250,0.404250,1110856000.000000,1329368400.0
1329368400.0,0.376500,0.414500,0.375000,0.411250,1888588000.000000,1329454800.0
1329454800.0,0.411500,0.414250,0.392500,0.396250,1020360000.000000,1329541200.0
1329800400.0,0.396000,0.408000,0.395250,0.398250,518176000.000000,1329886800.0
1329886800.0,0.396250,0.406000,0.395000,0.395500,492432000.000000,1329973200.0
1329973200.0,0.396250,0.400000,0.390000,0.397750,323968000.000000,1330059600.0
1330059600.0,0.399000,0.399500,0.393000,0.394750,366668000.000000,1330146000.0
1330318800.0,0.389750,0.391500,0.381250,0.386750,745268000.000000,1330405200.0
1330405200.0,0.386750,0.391250,0.379250,0.383250,699884000.000000,1330491600.0
1330491600.0,0.384500,0.391000,0.378500,0.378750,689196000.000000,1330578000.0
1330578000.0,0.380250,0.385750,0.378750,0.381250,449944000.000000,1330664400.0
1330664400.0,0.380000,0.390000,0.380000,0.384500,684076000.000000,1330750800.0
1330923600.0,0.381750,0.382500,0.368750,0.371500,514848000.000000,1331010000.0
1331010000.0,0.367250,0.370250,0.361500,0.368000,471400000.000000,1331096400.0
1331096400.0,0.370000,0.371750,0.365000,0.370250,441984000.000000,1331182800.0
1331182800.0,0.371250,0.375250,0.369250,0.371500,430852000.000000,1331269200.0
1331269200.0,0.372500,0.375250,0.368500,0.370500,367836000.000000,1331355600.0
1331524800.0,0.372000,0.374500,0.363750,0.364750,299948000.000000,1331611200.0
1331611200.0,0.366250,0.371750,0.364500,0.369750,553288000.000000,1331697600.0
1331697600.0,0.369750,0.370500,0.358000,0.359250,735708000.000000,1331784000.0
1331784000.0,0.360250,0.366500,0.359000,0.364500,382380000.000000,1331870400.0
1331870400.0,0.364750,0.366500,0.362750,0.365000,428340000.000000,1331956800.0
1332129600.0,0.367000,0.368750,0.364250,0.366000,405400000.000000,1332216000.0
1332216000.0,0.364000,0.364000,0.356750,0.360000,449616000.000000,1332302400.0
1332302400.0,0.360000,0.364750,0.356000,0.361500,467840000.000000,1332388800.0
1332388800.0,0.358750,0.364000,0.357750,0.361000,425372000.000000,1332475200.0
1332475200.0,0.360000,0.364750,0.357500,0.363750,315456000.000000,1332561600.0
1332734400.0,0.367250,0.369750,0.363750,0.368000,288600000.000000,1332820800.0
1332820800.0,0.369500,0.375000,0.368750,0.370500,419968000.000000,1332907200.0
1332907200.0,0.375250,0.384000,0.372500,0.379000,892448000.000000,1332993600.0
1332993600.0,0.378500,0.383750,0.373750,0.380750,372700000.000000,1333080000.0
1333080000.0,0.384000,0.387250,0.378500,0.385000,527240000.000000,1333166400.0
1333339200.0,0.384000,0.387250,0.377750,0.383250,407776000.000000,1333425600.0
1333425600.0,0.386000,0.386500,0.375000,0.377000,430476000.000000,1333512000.0
1333512000.0,0.371250,0.376000,0.364000,0.366250,495896000.000000,1333598400.0
1333598400.0,0.366750,0.371250,0.364500,0.365750,369424000.000000,1333684800.0
1333944000.0,0.360000,0.362250,0.354000,0.361000,365504000.000000,1334030400.0
1334030400.0,0.359500,0.364500,0.352250,0.354000,470360000.000000,1334116800.0
1334116800.0,0.358750,0.366250,0.357500,0.358500,372960000.000000,1334203200.0
1334203200.0,0.359000,0.369000,0.357500,0.367000,384868000.000000,1334289600.0
1334289600.0,0.363750,0.365750,0.353750,0.354000,311324000.000000,1334376000.0
1334548800.0,0.356500,0.357500,0.344000,0.349750,463468000.000000,1334635200.0
1334635200.0,0.350750,0.355000,0.349250,0.350500,460696000.000000,1334721600.0
1334721600.0,0.348250,0.350000,0.342500,0.346750,400764000.000000,1334808000.0
1334808000.0,0.342250,0.355250,0.339750,0.341500,667188000.000000,1334894400.0
1334894400.0,0.343500,0.344500,0.334000,0.334750,509592000.000000,1334980800.0
1335153600.0,0.329000,0.332250,0.322750,0.330750,706244000.000000,1335240000.0
1335240000.0,0.331750,0.334500,0.318750,0.320500,730440000.000000,1335326400.0
1335326400.0,0.325250,0.329500,0.319250,0.327000,727112000.000000,1335412800.0
1335412800.0,0.326750,0.330000,0.324500,0.327250,539208000.000000,1335499200.0
1335499200.0,0.326750,0.328750,0.321000,0.324500,475356000.000000,1335585600.0
1335758400.0,0.322750,0.326750,0.320500,0.325000,262268000.000000,1335844800.0
1335844800.0,0.323250,0.334250,0.323250,0.330750,408680000.000000,1335931200.0
1335931200.0,0.329500,0.330750,0.319500,0.321250,684008000.000000,1336017600.0
1336017600.0,0.322000,0.324000,0.313750,0.315750,419536000.000000,1336104000.0
1336104000.0,0.313750,0.315500,0.306500,0.306500,545092000.000000,1336190400.0
1336363200.0,0.312000,0.317250,0.309250,0.311750,604440000.000000,1336449600.0
1336449600.0,0.309000,0.313500,0.303500,0.311500,462312000.000000,1336536000.0
1336536000.0,0.306000,0.315250,0.303000,0.312750,520608000.000000,1336622400.0
1336622400.0,0.315750,0.316250,0.305500,0.310500,597092000.000000,1336708800.0
1336708800.0,0.336250,0.342000,0.329000,0.330250,1435140000.000000,1336795200.0
1336968000.0,0.327500,0.333250,0.320750,0.328250,437472000.000000,1337054400.0
1337054400.0,0.328250,0.335500,0.323500,0.325000,599940000.000000,1337140800.0
1337140800.0,0.325500,0.329250,0.317500,0.318500,470484000.000000,1337227200.0
1337227200.0,0.319750,0.322750,0.316250,0.316250,335364000.000000,1337313600.0
1337313600.0,0.317000,0.318500,0.300500,0.302000,567288000.000000,1337400000.0
1337572800.0,0.302500,0.308750,0.300500,0.307250,416260000.000000,1337659200.0
1337659200.0,0.307000,0.307500,0.299000,0.303500,410140000.000000,1337745600.0
1337745600.0,0.300250,0.311500,0.295750,0.311000,496000000.000000,1337832000.0
1337832000.0,0.312750,0.313250,0.300500,0.302750,520420000.000000,1337918400.0
1337918400.0,0.302500,0.312500,0.302500,0.310000,391752000.000000,1338004800.0
1338264000.0,0.315000,0.320000,0.313750,0.318000,310000000.000000,1338350400.0
1338350400.0,0.314500,0.316750,0.308750,0.314250,379792000.000000,1338436800.0
1338436800.0,0.314250,0.315500,0.306750,0.310750,358192000.000000,1338523200.0
1338523200.0,0.304250,0.307250,0.299000,0.299500,440984000.000000,1338609600.0
1338782400.0,0.301000,0.302750,0.290750,0.293250,432856000.000000,1338868800.0
1338868800.0,0.291750,0.302500,0.291750,0.301750,365224000.000000,1338955200.0
1338955200.0,0.304000,0.310500,0.301750,0.309750,368968000.000000,1339041600.0
1339041600.0,0.314250,0.316000,0.297000,0.297250,526780000.000000,1339128000.0
1339128000.0,0.298250,0.304000,0.297750,0.303000,370308000.000000,1339214400.0
1339387200.0,0.312750,0.318250,0.305750,0.306500,839080000.000000,1339473600.0
1339473600.0,0.310000,0.315750,0.309500,0.312750,496128000.000000,1339560000.0
1339560000.0,0.312500,0.313250,0.303000,0.304500,494276000.000000,1339646400.0
1339646400.0,0.304000,0.306500,0.297750,0.300750,589884000.000000,1339732800.0
1339732800.0,0.303000,0.307500,0.300250,0.307250,385288000.000000,1339819200.0
1339992000.0,0.305000,0.312500,0.302500,0.310000,304424000.000000,1340078400.0
1340078400.0,0.322750,0.335750,0.321250,0.331000,960476000.000000,1340164800.0
1340164800.0,0.334250,0.342500,0.332250,0.336250,972720000.000000,1340251200.0
1340251200.0,0.336000,0.336000,0.320250,0.321000,516376000.000000,1340337600.0
1340337600.0,0.325000,0.328750,0.320500,0.325000,865360000.000000,1340424000.0
1340596800.0,0.325250,0.326250,0.313500,0.314750,494616000.000000,1340683200.0
1340683200.0,0.316500,0.320500,0.312000,0.318250,437152000.000000,1340769600.0
1340769600.0,0.318500,0.330750,0.318500,0.328500,506064000.000000,1340856000.0
1340856000.0,0.325500,0.333000,0.322750,0.331000,545896000.000000,1340942400.0
1340942400.0,0.338750,0.346250,0.338500,0.345500,616508000.000000,1341028800.0
1341201600.0,0.347250,0.347500,0.333500,0.336250,581684000.000000,1341288000.0
1341288000.0,0.336250,0.345750,0.336000,0.345000,219284000.000000,1341374400.0
1341460800.0,0.342750,0.344250,0.336250,0.341500,280076000.000000,1341547200.0
1341547200.0,0.339000,0.340000,0.331250,0.335000,382760000.000000,1341633600.0
1341806400.0,0.333000,0.334500,0.327750,0.330500,306336000.000000,1341892800.0
1341892800.0,0.327000,0.336750,0.318000,0.320500,512028000.000000,1341979200.0
1341979200.0,0.321500,0.325500,0.313750,0.315250,485216000.000000,1342065600.0
1342065600.0,0.311750,0.312250,0.307250,0.310000,472160000.000000,1342152000.0
1342152000.0,0.310250,0.315500,0.308250,0.314000,324260000.000000,1342238400.0
1342411200.0,0.312000,0.317500,0.309000,0.315000,334460000.000000,1342497600.0
1342497600.0,0.316000,0.317750,0.304000,0.309250,447476000.000000,1342584000.0
1342584000.0,0.308500,0.331000,0.307000,0.326500,616008000.000000,1342670400.0
1342670400.0,0.328750,0.334000,0.326500,0.329750,403036000.000000,1342756800.0
1342756800.0,0.327750,0.330000,0.316750,0.320250,451000000.000000,1342843200.0
1343016000.0,0.311750,0.326750,0.308250,0.324500,451584000.000000,1343102400.0
1343102400.0,0.325000,0.327000,0.317250,0.321000,351164000.000000,1343188800.0
1343188800.0,0.320000,0.330500,0.318500,0.327250,415044000.000000,1343275200.0
1343275200.0,0.333250,0.337000,0.326250,0.328750,338440000.000000,1343361600.0
1343361600.0,0.330000,0.338000,0.327500,0.337000,376516000.000000,1343448000.0
1343620800.0,0.337000,0.341250,0.330500,0.333250,363552000.000000,1343707200.0
1343707200.0,0.333250,0.343250,0.332750,0.338500,387788000.000000,1343793600.0
1343793600.0,0.340500,0.343750,0.333250,0.334750,335912000.000000,1343880000.0
1343880000.0,0.333000,0.341000,0.327500,0.336000,367912000.000000,1343966400.0
1343966400.0,0.341250,0.346500,0.333250,0.343000,326548000.000000,1344052800.0
1344225600.0,0.346250,0.352000,0.345750,0.350250,360324000.000000,1344312000.0
1344312000.0,0.354500,0.357500,0.351750,0.353750,407340000.000000,1344398400.0
1344398400.0,0.353500,0.359500,0.352500,0.355750,517064000.000000,1344484800.0
1344484800.0,0.356250,0.368500,0.355750,0.367750,822300000.000000,1344571200.0
1344571200.0,0.377500,0.380500,0.360750,0.365500,1278744000.000000,1344657600.0
1344830400.0,0.366000,0.370500,0.364500,0.370250,447244000.000000,1344916800.0
1344916800.0,0.371500,0.372000,0.363250,0.364750,388828000.000000,1345003200.0
1345003200.0,0.366000,0.369000,0.360250,0.362000,594404000.000000,1345089600.0
1345089600.0,0.365250,0.370750,0.364000,0.369500,371008000.000000,1345176000.0
1345176000.0,0.369500,0.369500,0.363000,0.366250,309864000.000000,1345262400.0
1345435200.0,0.365000,0.366750,0.360750,0.366250,314392000.000000,1345521600.0
1345521600.0,0.367500,0.369750,0.361500,0.365250,340248000.000000,1345608000.0
1345608000.0,0.363000,0.367500,0.361750,0.366000,313556000.000000,1345694400.0
1345694400.0,0.365250,0.365500,0.356250,0.357750,379040000.000000,1345780800.0
1345780800.0,0.357750,0.366750,0.357000,0.365000,347724000.000000,1345867200.0
1346040000.0,0.364750,0.365750,0.358500,0.358750,340944000.000000,1346126400.0
1346126400.0,0.356000,0.360750,0.355250,0.357250,310764000.000000,1346212800.0
1346212800.0,0.357000,0.360250,0.356250,0.358000,250412000.000000,1346299200.0
1346299200.0,0.357250,0.358500,0.349500,0.351250,307488000.000000,1346385600.0
1346385600.0,0.353750,0.356250,0.347250,0.350750,485064000.000000,1346472000.0
1346731200.0,0.345000,0.346250,0.328750,0.332000,694452000.000000,1346817600.0
1346817600.0,0.333250,0.338000,0.329500,0.333000,480256000.000000,1346904000.0
1346904000.0,0.335500,0.352250,0.335250,0.343250,657296000.000000,1346990400.0
1346990400.0,0.334500,0.337250,0.323750,0.335000,781064000.000000,1347076800.0
1347249600.0,0.334250,0.339000,0.331250,0.332000,371108000.000000,1347336000.0
1347336000.0,0.331750,0.341250,0.330500,0.336000,382808000.000000,1347422400.0
1347422400.0,0.338750,0.341500,0.335500,0.339750,322608000.000000,1347508800.0
1347508800.0,0.342750,0.344000,0.335500,0.342000,433836000.000000,1347595200.0
1347595200.0,0.341750,0.352000,0.341750,0.346000,339468000.000000,1347681600.0
1347854400.0,0.346750,0.346750,0.332750,0.336500,493348000.000000,1347940800.0
1347940800.0,0.332750,0.342750,0.332500,0.338750,359952000.000000,1348027200.0
1348027200.0,0.339500,0.347500,0.335500,0.342750,451936000.000000,1348113600.0
1348113600.0,0.342000,0.343750,0.337500,0.340250,320596000.000000,1348200000.0
1348200000.0,0.340750,0.343750,0.339500,0.341750,340136000.000000,1348286400.0
1348459200.0,0.336250,0.342000,0.335750,0.341500,357832000.000000,1348545600.0
1348545600.0,0.346000,0.347500,0.334750,0.335250,481544000.000000,1348632000.0
1348632000.0,0.334000,0.334250,0.325500,0.329500,436812000.000000,1348718400.0
1348718400.0,0.330250,0.332500,0.327500,0.332000,558888000.000000,1348804800.0
1348804800.0,0.330500,0.338250,0.326250,0.333500,485508000.000000,1348891200.0
1349064000.0,0.335000,0.337000,0.326750,0.328000,504236000.000000,1349150400.0
1349150400.0,0.330250,0.330250,0.325500,0.329250,295492000.000000,1349236800.0
1349236800.0,0.330000,0.331000,0.324250,0.326000,430872000.000000,1349323200.0
1349323200.0,0.326750,0.342500,0.325000,0.340500,502608000.000000,1349409600.0
1349409600.0,0.341500,0.345000,0.331250,0.332500,483068000.000000,1349496000.0
1349668800.0,0.331250,0.332750,0.326750,0.329250,240596000.000000,1349755200.0
1349755200.0,0.328750,0.329750,0.321250,0.322250,366360000.000000,1349841600.0
1349841600.0,0.320750,0.322250,0.315500,0.316750,326568000.000000,1349928000.0
1349928000.0,0.319750,0.320750,0.316000,0.318500,320516000.000000,1350014400.0
1350014400.0,0.316250,0.318750,0.313750,0.315750,260696000.000000,1350100800.0
1350273600.0,0.316250,0.320000,0.312500,0.319750,249580000.000000,1350360000.0
1350360000.0,0.322500,0.330000,0.319500,0.329000,367696000.000000,1350446400.0
1350446400.0,0.325000,0.328000,0.321750,0.326500,391752000.000000,1350532800.0
1350532800.0,0.325750,0.325750,0.320250,0.321500,254772000.000000,1350619200.0
1350619200.0,0.316750,0.319000,0.301000,0.302750,709412000.000000,1350705600.0
1350878400.0,0.304000,0.305750,0.296750,0.299250,480840000.000000,1350964800.0
1350964800.0,0.296500,0.310250,0.295750,0.308250,573948000.000000,1351051200.0
1351051200.0,0.310250,0.311500,0.301250,0.304250,332916000.000000,1351137600.0
1351137600.0,0.306750,0.310000,0.303250,0.304500,307356000.000000,1351224000.0
1351224000.0,0.305000,0.306750,0.301250,0.301250,389376000.000000,1351310400.0
1351656000.0,0.302500,0.305000,0.298750,0.299500,347112000.000000,1351742400.0
1351742400.0,0.301000,0.314000,0.300750,0.313750,473220000.000000,1351828800.0
1351828800.0,0.317000,0.317500,0.310250,0.312250,256700000.000000,1351915200.0
1352091600.0,0.311500,0.326750,0.311500,0.325500,444840000.000000,1352178000.0
1352178000.0,0.326250,0.326250,0.319750,0.325250,350804000.000000,1352264400.0
1352264400.0,0.322750,0.324750,0.313750,0.315250,324620000.000000,1352350800.0
1352350800.0,0.318750,0.327000,0.316250,0.317000,839024000.000000,1352437200.0
1352437200.0,0.318750,0.322500,0.303750,0.304750,846280000.000000,1352523600.0
1352696400.0,0.305250,0.306500,0.295000,0.298000,643624000.000000,1352782800.0
1352782800.0,0.296500,0.303250,0.295500,0.295750,492120000.000000,1352869200.0
1352869200.0,0.297500,0.300500,0.288250,0.288500,619300000.000000,1352955600.0
1352955600.0,0.290250,0.297750,0.287750,0.289750,466688000.000000,1353042000.0
1353042000.0,0.289750,0.290750,0.278750,0.284500,624552000.000000,1353128400.0
1353301200.0,0.289750,0.293500,0.286250,0.292500,404092000.000000,1353387600.0
1353387600.0,0.289500,0.290750,0.284250,0.287250,336976000.000000,1353474000.0
1353474000.0,0.287250,0.296250,0.287000,0.295500,422312000.000000,1353560400.0
1353646800.0,0.296750,0.301000,0.295250,0.297500,276932000.000000,1353733200.0
1353906000.0,0.298000,0.303500,0.297500,0.302750,364600000.000000,1353992400.0
1353992400.0,0.301500,0.308500,0.299000,0.304000,451404000.000000,1354078800.0
1354078800.0,0.302750,0.308000,0.299000,0.306500,398332000.000000,1354165200.0
1354165200.0,0.307000,0.308500,0.300000,0.301000,488688000.000000,1354251600.0
1354251600.0,0.300750,0.303000,0.297500,0.299250,460504000.000000,1354338000.0
1354510800.0,0.303000,0.303000,0.293000,0.293750,391380000.000000,1354597200.0
1354597200.0,0.294250,0.303000,0.292500,0.302500,528068000.000000,1354683600.0
1354683600.0,0.300000,0.302000,0.294750,0.299000,633024000.000000,1354770000.0
1354770000.0,0.298250,0.301500,0.297250,0.299500,412896000.000000,1354856400.0
1354856400.0,0.299750,0.301250,0.295500,0.299000,338288000.000000,1354942800.0
1355115600.0,0.299000,0.311250,0.298250,0.309000,513644000.000000,1355202000.0
1355202000.0,0.310000,0.320250,0.309250,0.316250,816724000.000000,1355288400.0
1355288400.0,0.317250,0.319000,0.311750,0.313000,399404000.000000,1355374800.0
1355374800.0,0.312500,0.319250,0.310250,0.313250,377556000.000000,1355461200.0
1355461200.0,0.314500,0.318000,0.312250,0.314750,338660000.000000,1355547600.0
1355720400.0,0.314000,0.315750,0.308750,0.313500,445232000.000000,1355806800.0
1355806800.0,0.313500,0.317500,0.312500,0.314000,416436000.000000,1355893200.0
1355893200.0,0.316250,0.320000,0.315000,0.316250,458544000.000000,1355979600.0
1355979600.0,0.317500,0.317750,0.312500,0.316000,334332000.000000,1356066000.0
1356066000.0,0.311750,0.311750,0.305250,0.308750,462172000.000000,1356152400.0
1356325200.0,0.308500,0.309500,0.305250,0.306250,127376000.000000,1356411600.0
1356498000.0,0.305500,0.310500,0.304750,0.306000,196740000.000000,1356584400.0
1356584400.0,0.306500,0.307000,0.300500,0.304000,299804000.000000,1356670800.0
1356670800.0,0.301250,0.307250,0.300750,0.302500,220600000.000000,1356757200.0
1356930000.0,0.301500,0.307750,0.300750,0.306500,326460000.000000,1357016400.0
1357102800.0,0.314000,0.318250,0.312750,0.318000,478836000.000000,1357189200.0
1357189200.0,0.318000,0.321750,0.314500,0.318250,298888000.000000,1357275600.0
1357275600.0,0.318750,0.329750,0.317750,0.328750,524968000.000000,1357362000.0
1357534800.0,0.328500,0.329500,0.317000,0.319250,610732000.000000,1357621200.0
1357621200.0,0.320000,0.321000,0.310000,0.312250,466424000.000000,1357707600.0
1357707600.0,0.314750,0.316250,0.303250,0.305250,695020000.000000,1357794000.0
1357794000.0,0.308000,0.309500,0.304000,0.305750,506368000.000000,1357880400.0
1357880400.0,0.307000,0.307250,0.302250,0.305250,513172000.000000,1357966800.0
1358139600.0,0.307250,0.307250,0.301500,0.305000,305684000.000000,1358226000.0
1358226000.0,0.303500,0.303500,0.297750,0.299500,375888000.000000,1358312400.0
1358312400.0,0.299000,0.304750,0.299000,0.302250,337376000.000000,1358398800.0
1358398800.0,0.303250,0.307500,0.302500,0.306250,580736000.000000,1358485200.0
1358485200.0,0.306250,0.306250,0.300500,0.304250,397088000.000000,1358571600.0
1358830800.0,0.304000,0.306750,0.301250,0.302750,308224000.000000,1358917200.0
1358917200.0,0.303750,0.304000,0.300000,0.303250,421808000.000000,1359003600.0
1359003600.0,0.302250,0.306000,0.300750,0.304750,396980000.000000,1359090000.0
1359090000.0,0.305250,0.310500,0.303750,0.310250,393920000.000000,1359176400.0
1359349200.0,0.311750,0.317250,0.311000,0.315250,422492000.000000,1359435600.0
1359435600.0,0.314000,0.314750,0.307250,0.308500,388872000.000000,1359522000.0
1359522000.0,0.308750,0.313000,0.307000,0.308000,287592000.000000,1359608400.0
1359608400.0,0.308000,0.311500,0.304500,0.306500,470544000.000000,1359694800.0
1359694800.0,0.309000,0.310250,0.306500,0.309250,288816000.000000,1359781200.0
1359954000.0,0.307500,0.313750,0.303750,0.304000,511744000.000000,1360040400.0
1360040400.0,0.305500,0.312750,0.304500,0.311000,367296000.000000,1360126800.0
1360126800.0,0.303500,0.311000,0.301750,0.308500,530688000.000000,1360213200.0
1360213200.0,0.307500,0.310000,0.304250,0.307250,440000000.000000,1360299600.0
1360299600.0,0.309250,0.311750,0.307250,0.309250,307232000.000000,1360386000.0
1360558800.0,0.311750,0.316000,0.308750,0.312750,408308000.000000,1360645200.0
1360645200.0,0.310000,0.314250,0.309500,0.310750,277804000.000000,1360731600.0
1360731600.0,0.311000,0.316750,0.308250,0.309250,856396000.000000,1360818000.0
1360818000.0,0.305000,0.318500,0.301250,0.318250,882096000.000000,1360904400.0
1360904400.0,0.317500,0.319750,0.311250,0.318250,733860000.000000,1360990800.0
1361250000.0,0.318500,0.318750,0.312000,0.314000,433552000.000000,1361336400.0
1361336400.0,0.315000,0.320000,0.308500,0.309500,713012000.000000,1361422800.0
1361422800.0,0.309000,0.312500,0.306500,0.307250,580408000.000000,1361509200.0
1361509200.0,0.309250,0.313250,0.307500,0.313000,370148000.000000,1361595600.0
1361768400.0,0.313750,0.316250,0.307000,0.307500,644444000.000000,1361854800.0
1361854800.0,0.306250,0.311000,0.305250,0.309250,487504000.000000,1361941200.0
1361941200.0,0.309250,0.317250,0.308500,0.315000,476980000.000000,1362027600.0
1362027600.0,0.314000,0.321250,0.312750,0.316500,591392000.000000,1362114000.0
1362114000.0,0.314250,0.318750,0.311500,0.317750,389396000.000000,1362200400.0
1362373200.0,0.315500,0.319500,0.313000,0.316500,353680000.000000,1362459600.0
1362459600.0,0.318250,0.320500,0.316750,0.320000,366168000.000000,1362546000.0
1362546000.0,0.322000,0.325000,0.318250,0.319750,342928000.000000,1362632400.0
1362632400.0,0.321500,0.324750,0.317250,0.319000,314824000.000000,1362718800.0
1362718800.0,0.319750,0.322000,0.318250,0.320500,246464000.000000,1362805200.0
1362974400.0,0.317250,0.318750,0.314750,0.317500,299748000.000000,1363060800.0
1363060800.0,0.317000,0.319500,0.314000,0.318500,310856000.000000,1363147200.0
1363147200.0,0.318500,0.324000,0.315500,0.318500,485840000.000000,1363233600.0
1363233600.0,0.320500,0.321500,0.316750,0.318750,383304000.000000,1363320000.0
1363320000.0,0.318750,0.318750,0.314750,0.316000,355776000.000000,1363406400.0
1363579200.0,0.314000,0.316750,0.311500,0.313750,298312000.000000,1363665600.0
1363665600.0,0.314000,0.315500,0.309500,0.311750,355480000.000000,1363752000.0
1363752000.0,0.314750,0.316500,0.312000,0.315500,340588000.000000,1363838400.0
1363838400.0,0.313750,0.314250,0.310000,0.310500,339032000.000000,1363924800.0
1363924800.0,0.311500,0.313250,0.310250,0.312000,232476000.000000,1364011200.0
1364184000.0,0.313750,0.314000,0.308000,0.310250,362076000.000000,1364270400.0
1364270400.0,0.311000,0.312750,0.309750,0.312500,232540000.000000,1364356800.0
1364356800.0,0.311250,0.318000,0.310500,0.316250,254944000.000000,1364443200.0
1364443200.0,0.315500,0.321000,0.313250,0.320750,349276000.000000,1364529600.0
1364788800.0,0.320000,0.320000,0.308000,0.310250,442828000.000000,1364875200.0
1364875200.0,0.310500,0.311250,0.305000,0.307000,371524000.000000,1364961600.0
1364961600.0,0.306500,0.308250,0.301000,0.303250,353156000.000000,1365048000.0
1365048000.0,0.302250,0.307250,0.301250,0.306250,294676000.000000,1365134400.0
1365134400.0,0.301750,0.311500,0.301000,0.311500,551352000.000000,1365220800.0
1365393600.0,0.311750,0.311750,0.305000,0.310750,326660000.000000,1365480000.0
1365480000.0,0.311000,0.318000,0.308750,0.315750,380584000.000000,1365566400.0
1365566400.0,0.316000,0.321250,0.315250,0.320750,384688000.000000,1365652800.0
1365652800.0,0.316250,0.321250,0.307500,0.319250,969220000.000000,1365739200.0
1365739200.0,0.320750,0.330750,0.318000,0.327250,770548000.000000,1365825600.0
1365998400.0,0.326250,0.327250,0.318500,0.320500,430420000.000000,1366084800.0
1366084800.0,0.323500,0.326250,0.321750,0.324000,468844000.000000,1366171200.0
1366171200.0,0.321500,0.324500,0.317750,0.319750,532948000.000000,1366257600.0
1366257600.0,0.320500,0.322500,0.313500,0.313500,402548000.000000,1366344000.0
1366344000.0,0.313250,0.315250,0.309250,0.314250,303028000.000000,1366430400.0
1366603200.0,0.314000,0.317500,0.311500,0.314750,245568000.000000,1366689600.0
1366689600.0,0.317500,0.326250,0.317000,0.323000,376948000.000000,1366776000.0
1366776000.0,0.324000,0.336750,0.323750,0.334000,556556000.000000,1366862400.0
1366862400.0,0.335750,0.337500,0.332750,0.336750,353224000.000000,1366948800.0
1366948800.0,0.336250,0.336750,0.333500,0.335250,324332000.000000,1367035200.0
1367208000.0,0.335750,0.340500,0.334250,0.339250,269712000.000000,1367294400.0
1367294400.0,0.340000,0.344250,0.337750,0.344250,276712000.000000,1367380800.0
1367380800.0,0.344250,0.346500,0.340000,0.341250,341316000.000000,1367467200.0
1367467200.0,0.341000,0.346250,0.339000,0.345250,323480000.000000,1367553600.0
1367553600.0,0.347500,0.349250,0.345500,0.346750,293864000.000000,1367640000.0
1367812800.0,0.346750,0.348750,0.343750,0.345750,217116000.000000,1367899200.0
1367899200.0,0.345750,0.346500,0.338000,0.341250,448068000.000000,1367985600.0
1367985600.0,0.341750,0.349500,0.340500,0.347500,334032000.000000,1368072000.0
1368072000.0,0.341250,0.349250,0.340750,0.347750,566800000.000000,1368158400.0
1368158400.0,0.355000,0.365000,0.355000,0.363500,861136000.000000,1368244800.0
1368417600.0,0.361000,0.362500,0.354500,0.356000,289812000.000000,1368504000.0
1368504000.0,0.360250,0.364250,0.356750,0.361250,454140000.000000,1368590400.0
1368590400.0,0.359500,0.368750,0.359500,0.367500,313172000.000000,1368676800.0
1368676800.0,0.367000,0.370750,0.364500,0.365750,308368000.000000,1368763200.0
1368763200.0,0.367500,0.374250,0.364750,0.371750,312116000.000000,1368849600.0
1369022400.0,0.370250,0.372500,0.369000,0.371000,236380000.000000,1369108800.0
1369108800.0,0.371250,0.374500,0.367000,0.373000,357784000.000000,1369195200.0
1369195200.0,0.374500,0.374500,0.358500,0.360000,480404000.000000,1369281600.0
1369281600.0,0.355750,0.367000,0.354750,0.365750,393884000.000000,1369368000.0
1369368000.0,0.363750,0.366750,0.359500,0.363500,283304000.000000,1369454400.0
1369713600.0,0.366250,0.367250,0.359750,0.363250,279300000.000000,1369800000.0
1369800000.0,0.361000,0.363250,0.359500,0.361000,335052000.000000,1369886400.0
1369886400.0,0.360500,0.369500,0.359500,0.365750,284504000.000000,1369972800.0
1369972800.0,0.363750,0.369000,0.361750,0.361750,577508000.000000,1370059200.0
1370232000.0,0.362250,0.365000,0.353750,0.361250,444468000.000000,1370318400.0
1370318400.0,0.363500,0.370000,0.359500,0.361750,363676000.000000,1370404800.0
1370404800.0,0.361250,0.364000,0.353000,0.354000,464520000.000000,1370491200.0
1370491200.0,0.354000,0.359000,0.353750,0.356250,341044000.000000,1370577600.0
1370577600.0,0.358750,0.363500,0.357250,0.361250,274584000.000000,1370664000.0
1370836800.0,0.360250,0.363250,0.358250,0.361000,224148000.000000,1370923200.0
1370923200.0,0.356250,0.361250,0.354250,0.354250,296336000.000000,1371009600.0
1371009600.0,0.356000,0.359000,0.349250,0.351250,312588000.000000,1371096000.0
1371096000.0,0.350000,0.361000,0.349750,0.359250,236256000.000000,1371182400.0
1371182400.0,0.360500,0.361000,0.356250,0.358750,236012000.000000,1371268800.0
1371441600.0,0.361500,0.365500,0.359500,0.362250,255336000.000000,1371528000.0
1371528000.0,0.364000,0.368000,0.357000,0.360000,486772000.000000,1371614400.0
1371614400.0,0.363250,0.387000,0.362000,0.371000,1159588000.000000,1371700800.0
1371700800.0,0.368000,0.368500,0.358500,0.361000,628696000.000000,1371787200.0
1371787200.0,0.363000,0.364250,0.354500,0.360500,714228000.000000,1371873600.0
1372046400.0,0.355250,0.359750,0.347750,0.353000,580772000.000000,1372132800.0
1372132800.0,0.356750,0.357500,0.351750,0.355500,457360000.000000,1372219200.0
1372219200.0,0.359500,0.360000,0.352000,0.353500,579752000.000000,1372305600.0
1372305600.0,0.354500,0.355000,0.346500,0.350250,808036000.000000,1372392000.0
1372392000.0,0.350250,0.354500,0.345750,0.351000,431536000.000000,1372478400.0
1372651200.0,0.353500,0.354250,0.350250,0.352500,199524000.000000,1372737600.0
1372737600.0,0.350500,0.357500,0.349000,0.352250,256392000.000000,1372824000.0
1372824000.0,0.349250,0.357500,0.349250,0.353250,140388000.000000,1372910400.0
1372996800.0,0.354250,0.356750,0.352000,0.356000,184684000.000000,1373083200.0
1373256000.0,0.357000,0.358750,0.352250,0.354250,262084000.000000,1373342400.0
1373342400.0,0.355000,0.358250,0.354000,0.356000,157364000.000000,1373428800.0
1373428800.0,0.356000,0.361750,0.355000,0.360750,208468000.000000,1373515200.0
1373515200.0,0.362750,0.366250,0.362000,0.365750,239832000.000000,1373601600.0
1373601600.0,0.365000,0.369500,0.363750,0.366000,216360000.000000,1373688000.0
1373860800.0,0.366750,0.366750,0.359500,0.365250,201332000.000000,1373947200.0
1373947200.0,0.366750,0.369250,0.365000,0.367250,162560000.000000,1374033600.0
1374033600.0,0.367250,0.368500,0.364250,0.365250,166100000.000000,1374120000.0
1374120000.0,0.364750,0.366000,0.359000,0.363750,344488000.000000,1374206400.0
1374206400.0,0.361500,0.363250,0.352250,0.356000,480532000.000000,1374292800.0
1374465600.0,0.358750,0.362000,0.354250,0.355750,292384000.000000,1374552000.0
1374552000.0,0.360250,0.360250,0.353500,0.355250,246792000.000000,1374638400.0
1374638400.0,0.358500,0.359500,0.354750,0.355250,284252000.000000,1374724800.0
1374724800.0,0.355000,0.361250,0.352500,0.356500,243320000.000000,1374811200.0
1374811200.0,0.352250,0.357250,0.352250,0.355000,227360000.000000,1374897600.0
1375070400.0,0.354250,0.358750,0.353250,0.354250,179540000.000000,1375156800.0
1375156800.0,0.355500,0.365000,0.355250,0.360250,266076000.000000,1375243200.0
1375243200.0,0.358500,0.364500,0.358250,0.361000,270160000.000000,1375329600.0
1375329600.0,0.362250,0.366750,0.358000,0.366000,277648000.000000,1375416000.0
1375416000.0,0.365250,0.369750,0.362750,0.369000,209628000.000000,1375502400.0
1375675200.0,0.368000,0.372000,0.366000,0.370750,185188000.000000,1375761600.0
1375761600.0,0.371000,0.371750,0.364500,0.365250,206608000.000000,1375848000.0
1375848000.0,0.363250,0.368750,0.363000,0.365000,244380000.000000,1375934400.0
1375934400.0,0.367000,0.369250,0.362750,0.367500,345696000.000000,1376020800.0
1376020800.0,0.353000,0.367750,0.352750,0.362250,906224000.000000,1376107200.0
1376280000.0,0.347500,0.364500,0.327750,0.359250,257568000.000000,1376366400.0
1376366400.0,0.359750,0.362000,0.357500,0.360500,197468000.000000,1376452800.0
1376452800.0,0.359750,0.378000,0.359500,0.375750,828508000.000000,1376539200.0
1376539200.0,0.371750,0.381250,0.370250,0.378250,723616000.000000,1376625600.0
1376625600.0,0.377500,0.385000,0.376750,0.379750,660456000.000000,1376712000.0
1376884800.0,0.377500,0.378750,0.373500,0.373750,393432000.000000,1376971200.0
1376971200.0,0.371750,0.376250,0.371250,0.373750,234192000.000000,1377057600.0
1377057600.0,0.371500,0.376250,0.370500,0.372000,261540000.000000,1377144000.0
1377144000.0,0.371750,0.377500,0.371750,0.374000,129016000.000000,1377230400.0
1377230400.0,0.374500,0.377500,0.373250,0.374000,245120000.000000,1377316800.0
1377489600.0,0.374250,0.375750,0.373250,0.374750,300152000.000000,1377576000.0
1377576000.0,0.371250,0.373750,0.368750,0.370000,277464000.000000,1377662400.0
1377662400.0,0.370750,0.373500,0.368500,0.370000,318824000.000000,1377748800.0
1377748800.0,0.368750,0.372750,0.367750,0.369250,276216000.000000,1377835200.0
1377835200.0,0.369500,0.370500,0.367000,0.368750,378120000.000000,1377921600.0
1378180800.0,0.369750,0.374250,0.366750,0.369000,284680000.000000,1378267200.0
1378267200.0,0.369000,0.374750,0.368500,0.372500,222080000.000000,1378353600.0
1378353600.0,0.371000,0.375000,0.370750,0.373500,174904000.000000,1378440000.0
1378440000.0,0.373750,0.375750,0.369250,0.372000,226756000.000000,1378526400.0
1378699200.0,0.375000,0.378250,0.374000,0.378250,246408000.000000,1378785600.0
1378785600.0,0.381000,0.386500,0.379250,0.386250,292132000.000000,1378872000.0
1378872000.0,0.385750,0.393750,0.383000,0.392750,396164000.000000,1378958400.0
1378958400.0,0.390750,0.397500,0.390750,0.392500,303808000.000000,1379044800.0
1379044800.0,0.393750,0.396750,0.391000,0.395000,159696000.000000,1379131200.0
1379304000.0,0.398250,0.401000,0.393750,0.395250,231412000.000000,1379390400.0
1379390400.0,0.396750,0.399750,0.395000,0.396500,168608000.000000,1379476800.0
1379476800.0,0.396750,0.401000,0.394750,0.400000,268168000.000000,1379563200.0
1379563200.0,0.401750,0.402500,0.396500,0.398250,227572000.000000,1379649600.0
1379649600.0,0.399250,0.401750,0.394000,0.394750,356036000.000000,1379736000.0
1379908800.0,0.394500,0.397750,0.388750,0.391000,271244000.000000,1379995200.0
1379995200.0,0.391250,0.394000,0.389000,0.392500,229732000.000000,1380081600.0
1380081600.0,0.391750,0.396000,0.390000,0.393000,233156000.000000,1380168000.0
1380168000.0,0.394000,0.394750,0.389500,0.391750,148816000.000000,1380254400.0
1380254400.0,0.388750,0.392000,0.387250,0.389500,151920000.000000,1380340800.0
1380513600.0,0.385500,0.391750,0.383250,0.389000,226640000.000000,1380600000.0
1380600000.0,0.389500,0.391250,0.386500,0.388750,226976000.000000,1380686400.0
1380686400.0,0.384750,0.390000,0.384750,0.388500,162036000.000000,1380772800.0
1380772800.0,0.388750,0.392250,0.382750,0.384500,436768000.000000,1380859200.0
1380859200.0,0.384000,0.393000,0.383000,0.389750,246228000.000000,1380945600.0
1381118400.0,0.388250,0.392500,0.386250,0.389750,169952000.000000,1381204800.0
1381204800.0,0.388750,0.394250,0.383500,0.386500,290712000.000000,1381291200.0
1381291200.0,0.389000,0.389250,0.378500,0.380500,275860000.000000,1381377600.0
1381377600.0,0.383250,0.385750,0.380500,0.384750,223484000.000000,1381464000.0
1381464000.0,0.378750,0.383500,0.377500,0.381500,213704000.000000,1381550400.0
1381723200.0,0.380500,0.387250,0.380500,0.387250,166628000.000000,1381809600.0
1381809600.0,0.387250,0.389500,0.385000,0.385250,208820000.000000,1381896000.0
1381896000.0,0.387500,0.391500,0.387000,0.390000,210072000.000000,1381982400.0
1381982400.0,0.387000,0.391750,0.387000,0.390750,213324000.000000,1382068800.0
1382068800.0,0.390000,0.396500,0.388500,0.395250,255068000.000000,1382155200.0
1382328000.0,0.400000,0.400250,0.395000,0.396250,195008000.000000,1382414400.0
1382414400.0,0.396250,0.396500,0.390750,0.394250,179452000.000000,1382500800.0
1382500800.0,0.393500,0.393500,0.386250,0.387500,252216000.000000,1382587200.0
1382587200.0,0.388500,0.391000,0.384000,0.384750,236436000.000000,1382673600.0
1382673600.0,0.386750,0.387000,0.379750,0.381000,330492000.000000,1382760000.0
1382932800.0,0.380500,0.382250,0.375000,0.380250,394024000.000000,1383019200.0
1383019200.0,0.379750,0.381500,0.376250,0.380750,387952000.000000,1383105600.0
1383105600.0,0.382000,0.383750,0.377250,0.380500,204032000.000000,1383192000.0
1383192000.0,0.381000,0.383750,0.379000,0.379750,293368000.000000,1383278400.0
1383278400.0,0.381750,0.383250,0.378750,0.381500,206136000.000000,1383364800.0
1383541200.0,0.382750,0.382750,0.369750,0.370500,410264000.000000,1383627600.0
1383627600.0,0.368250,0.371750,0.364250,0.370000,422368000.000000,1383714000.0
1383714000.0,0.370000,0.372750,0.366250,0.372500,198044000.000000,1383800400.0
1383800400.0,0.371250,0.372250,0.363000,0.363750,553076000.000000,1383886800.0
1383886800.0,0.375000,0.390250,0.373500,0.389000,734532000.000000,1383973200.0
1384146000.0,0.387500,0.393250,0.386750,0.392250,297624000.000000,1384232400.0
1384232400.0,0.394000,0.396250,0.388500,0.393000,316032000.000000,1384318800.0
1384318800.0,0.392000,0.403750,0.391250,0.403750,332792000.000000,1384405200.0
1384405200.0,0.402500,0.408000,0.402250,0.405500,307980000.000000,1384491600.0
1384491600.0,0.407000,0.407500,0.400250,0.404250,450332000.000000,1384578000.0
1384750800.0,0.395500,0.399000,0.393500,0.394500,316948000.000000,1384837200.0
1384837200.0,0.390500,0.394000,0.385500,0.386000,206716000.000000,1384923600.0
1384923600.0,0.386250,0.387250,0.379500,0.380250,204776000.000000,1385010000.0
1385010000.0,0.380750,0.384000,0.379000,0.383250,213568000.000000,1385096400.0
1385096400.0,0.383750,0.383750,0.378750,0.379500,158668000.000000,1385182800.0
1385355600.0,0.379500,0.388250,0.379500,0.387750,248208000.000000,1385442000.0
1385442000.0,0.392000,0.395250,0.389500,0.391000,753176000.000000,1385528400.0
1385528400.0,0.390750,0.393750,0.388250,0.392500,181272000.000000,1385614800.0
1385701200.0,0.392500,0.393500,0.387500,0.390000,116964000.000000,1385787600.0
1385960400.0,0.388500,0.396500,0.387750,0.393750,373872000.000000,1386046800.0
1386046800.0,0.393750,0.399000,0.391000,0.393500,290560000.000000,1386133200.0
1386133200.0,0.392500,0.399750,0.391500,0.399000,493176000.000000,1386219600.0
1386219600.0,0.399750,0.399750,0.392000,0.392500,271812000.000000,1386306000.0
1386306000.0,0.397250,0.397250,0.385750,0.386750,281000000.000000,1386392400.0
1386565200.0,0.386750,0.388000,0.379500,0.380250,385220000.000000,1386651600.0
1386651600.0,0.380250,0.390750,0.379750,0.389000,524268000.000000,1386738000.0
1386738000.0,0.389750,0.390250,0.384500,0.385250,414156000.000000,1386824400.0
1386824400.0,0.384000,0.386000,0.377000,0.377750,258724000.000000,1386910800.0
1386910800.0,0.378500,0.381250,0.375000,0.375500,184588000.000000,1386997200.0
1387170000.0,0.375750,0.379250,0.375500,0.376000,237620000.000000,1387256400.0
1387256400.0,0.375750,0.378750,0.372500,0.377750,274104000.000000,1387342800.0
1387342800.0,0.378500,0.383750,0.373750,0.383000,426232000.000000,1387429200.0
1387429200.0,0.382500,0.385000,0.380000,0.384500,258544000.000000,1387515600.0
1387515600.0,0.385250,0.392500,0.384250,0.392250,382080000.000000,1387602000.0
1387774800.0,0.394500,0.397750,0.391250,0.394500,168568000.000000,1387861200.0
1387861200.0,0.396750,0.396750,0.391500,0.395500,79600000.000000,1387947600.0
1388034000.0,0.397000,0.398250,0.390750,0.391750,168920000.000000,1388120400.0
1388120400.0,0.393750,0.394750,0.391500,0.394000,210976000.000000,1388206800.0
1388379600.0,0.394250,0.399500,0.393750,0.399250,248180000.000000,1388466000.0
1388466000.0,0.400000,0.402500,0.397500,0.400500,235776000.000000,1388552400.0
1388638800.0,0.398000,0.399500,0.393000,0.396500,260092000.000000,1388725200.0
1388725200.0,0.397250,0.398000,0.390500,0.391750,259332000.000000,1388811600.0
1388984400.0,0.395750,0.400000,0.392000,0.397000,409492000.000000,1389070800.0
1389070800.0,0.401000,0.405000,0.398250,0.403500,333288000.000000,1389157200.0
1389157200.0,0.405000,0.411000,0.403500,0.409000,308192000.000000,1389243600.0
1389243600.0,0.402750,0.403500,0.392500,0.393750,292172000.000000,1389330000.0
1389330000.0,0.395000,0.397750,0.389750,0.393250,218492000.000000,1389416400.0
1389589200.0,0.393250,0.395750,0.383250,0.384000,243332000.000000,1389675600.0
1389675600.0,0.386000,0.396750,0.384250,0.396000,241828000.000000,1389762000.0
1389762000.0,0.397750,0.401750,0.396000,0.400250,175044000.000000,1389848400.0
1389848400.0,0.400250,0.402250,0.398500,0.401500,220652000.000000,1389934800.0
1389934800.0,0.401500,0.406250,0.397250,0.399750,340400000.000000,1390021200.0
1390280400.0,0.400250,0.403750,0.397000,0.401250,246076000.000000,1390366800.0
1390366800.0,0.402000,0.402500,0.396000,0.400750,337940000.000000,1390453200.0
1390453200.0,0.399500,0.403750,0.396250,0.399250,185028000.000000,1390539600.0
1390539600.0,0.396000,0.397500,0.389000,0.389000,246696000.000000,1390626000.0
1390798800.0,0.389000,0.394500,0.384250,0.386500,233812000.000000,1390885200.0
1390885200.0,0.385750,0.390500,0.384250,0.390250,167996000.000000,1390971600.0
1390971600.0,0.388750,0.391000,0.386250,0.386500,162944000.000000,1391058000.0
1391058000.0,0.388750,0.393750,0.387500,0.393000,202896000.000000,1391144400.0
1391144400.0,0.387500,0.394750,0.387250,0.392500,335348000.000000,1391230800.0
1391403600.0,0.395250,0.395750,0.385750,0.387250,431728000.000000,1391490000.0
1391490000.0,0.387000,0.390250,0.385000,0.389500,280692000.000000,1391576400.0
1391576400.0,0.386750,0.388000,0.383000,0.386000,214676000.000000,1391662800.0
1391662800.0,0.386500,0.392000,0.386000,0.391000,168380000.000000,1391749200.0
1391749200.0,0.392000,0.397250,0.388500,0.396750,157248000.000000,1391835600.0
1392008400.0,0.396250,0.403250,0.396000,0.398000,324372000.000000,1392094800.0
1392094800.0,0.400250,0.407250,0.398250,0.406250,235384000.000000,1392181200.0
1392181200.0,0.407500,0.423750,0.407500,0.420750,744528000.000000,1392267600.0
1392267600.0,0.431250,0.436500,0.423750,0.434000,902836000.000000,1392354000.0
1392354000.0,0.430000,0.448750,0.429750,0.447750,817536000.000000,1392440400.0
1392699600.0,0.448000,0.449500,0.443750,0.447500,428988000.000000,1392786000.0
1392786000.0,0.447500,0.457500,0.445500,0.453500,450340000.000000,1392872400.0
1392872400.0,0.454500,0.470500,0.453750,0.469500,398088000.000000,1392958800.0
1392958800.0,0.468750,0.474750,0.463000,0.466000,451052000.000000,1393045200.0
1393218000.0,0.465000,0.476250,0.460750,0.472750,403112000.000000,1393304400.0
1393304400.0,0.470000,0.472000,0.463500,0.468500,242184000.000000,1393390800.0
1393390800.0,0.467500,0.474500,0.466250,0.467750,360884000.000000,1393477200.0
1393477200.0,0.467750,0.472500,0.461250,0.462500,388848000.000000,1393563600.0
1393563600.0,0.460000,0.464500,0.452750,0.459500,321692000.000000,1393650000.0
1393822800.0,0.449250,0.457250,0.445250,0.457250,375948000.000000,1393909200.0
1393909200.0,0.459500,0.465000,0.458750,0.462000,260344000.000000,1393995600.0
1393995600.0,0.461500,0.466250,0.459500,0.466000,241472000.000000,1394082000.0
1394082000.0,0.466750,0.469250,0.458750,0.459500,290144000.000000,1394168400.0
1394168400.0,0.461500,0.462250,0.455500,0.459000,268452000.000000,1394254800.0
1394424000.0,0.457500,0.459500,0.450250,0.452250,300888000.000000,1394510400.0
1394510400.0,0.454500,0.460750,0.453000,0.456750,297220000.000000,1394596800.0
1394596800.0,0.454500,0.460750,0.452750,0.458000,239428000.000000,1394683200.0
1394683200.0,0.459000,0.460750,0.441250,0.443500,385172000.000000,1394769600.0
1394769600.0,0.439000,0.449500,0.439000,0.445500,460048000.000000,1394856000.0
1395028800.0,0.446750,0.450000,0.445000,0.445500,299656000.000000,1395115200.0
1395115200.0,0.447250,0.459000,0.445250,0.456000,293904000.000000,1395201600.0
1395201600.0,0.459500,0.472750,0.458250,0.464000,366168000.000000,1395288000.0
1395288000.0,0.461500,0.468250,0.459500,0.464250,191800000.000000,1395374400.0
1395374400.0,0.468250,0.472000,0.461000,0.463500,566116000.000000,1395460800.0
1395633600.0,0.463750,0.467500,0.454500,0.461250,306096000.000000,1395720000.0
1395720000.0,0.466250,0.466750,0.457750,0.461250,304424000.000000,1395806400.0
1395806400.0,0.465500,0.474250,0.446750,0.450750,557756000.000000,1395892800.0
1395892800.0,0.449750,0.453500,0.439750,0.444750,540728000.000000,1395979200.0
1395979200.0,0.444000,0.450250,0.442750,0.447500,398820000.000000,1396065600.0
1396238400.0,0.448250,0.452250,0.445250,0.447750,273404000.000000,1396324800.0
1396324800.0,0.462000,0.471750,0.456500,0.466250,656272000.000000,1396411200.0
1396411200.0,0.466250,0.467250,0.461250,0.463250,239948000.000000,1396497600.0
1396497600.0,0.464250,0.479500,0.464000,0.468250,599548000.000000,1396584000.0
1396584000.0,0.470750,0.473500,0.451750,0.453750,368032000.000000,1396670400.0
1396843200.0,0.454000,0.464000,0.451500,0.455250,428576000.000000,1396929600.0
1396929600.0,0.455250,0.472750,0.454500,0.471500,470692000.000000,1397016000.0
1397016000.0,0.473750,0.477750,0.467250,0.471000,421968000.000000,1397102400.0
1397102400.0,0.469000,0.475500,0.458000,0.459500,372748000.000000,1397188800.0
1397188800.0,0.456000,0.463000,0.447000,0.453000,353112000.000000,1397275200.0
1397448000.0,0.456000,0.459750,0.453000,0.458000,290184000.000000,1397534400.0
1397534400.0,0.458500,0.463750,0.454000,0.461250,304636000.000000,1397620800.0
1397620800.0,0.463500,0.464000,0.456500,0.462250,235136000.000000,1397707200.0
1397707200.0,0.460500,0.468250,0.459500,0.464000,153532000.000000,1397793600.0
1398052800.0,0.464250,0.469000,0.461250,0.467750,117004000.000000,1398139200.0
1398139200.0,0.468500,0.474750,0.466000,0.471750,255120000.000000,1398225600.0
1398225600.0,0.472500,0.478500,0.471750,0.477250,261580000.000000,1398312000.0
1398312000.0,0.480500,0.486500,0.480500,0.481500,391492000.000000,1398398400.0
1398398400.0,0.480500,0.485000,0.467250,0.468250,313600000.000000,1398484800.0
1398657600.0,0.472000,0.474500,0.460500,0.466250,226788000.000000,1398744000.0
1398744000.0,0.468000,0.469000,0.462000,0.467250,171300000.000000,1398830400.0
1398830400.0,0.466500,0.467000,0.460750,0.461750,305740000.000000,1398916800.0
1398916800.0,0.468750,0.469750,0.460500,0.464250,198104000.000000,1399003200.0
1399003200.0,0.466500,0.466500,0.458000,0.460750,156376000.000000,1399089600.0
1399262400.0,0.460250,0.469250,0.459750,0.465750,239260000.000000,1399348800.0
1399348800.0,0.470250,0.474250,0.455000,0.456250,416188000.000000,1399435200.0
1399435200.0,0.456250,0.460500,0.451750,0.456750,293900000.000000,1399521600.0
1399521600.0,0.455000,0.469750,0.452750,0.462500,432728000.000000,1399608000.0
1399608000.0,0.448500,0.452750,0.442750,0.451250,539532000.000000,1399694400.0
1399867200.0,0.452250,0.465500,0.452000,0.464500,299856000.000000,1399953600.0
1399953600.0,0.458250,0.465750,0.455500,0.457000,221104000.000000,1400040000.0
1400040000.0,0.457250,0.459000,0.452250,0.452500,214320000.000000,1400126400.0
1400126400.0,0.451500,0.454000,0.445500,0.450000,325896000.000000,1400212800.0
1400212800.0,0.446500,0.452250,0.446500,0.449000,283960000.000000,1400299200.0
1400472000.0,0.453750,0.466000,0.451750,0.463500,360076000.000000,1400558400.0
1400558400.0,0.461500,0.462750,0.453750,0.456000,256200000.000000,1400644800.0
1400644800.0,0.457750,0.461750,0.453250,0.456000,216712000.000000,1400731200.0
1400731200.0,0.455000,0.460500,0.455000,0.458000,130364000.000000,1400817600.0
1400817600.0,0.460500,0.464500,0.457750,0.462250,182656000.000000,1400904000.0
1401163200.0,0.465000,0.470500,0.463500,0.470500,209680000.000000,1401249600.0
1401249600.0,0.472250,0.477500,0.467750,0.474500,224676000.000000,1401336000.0
1401336000.0,0.474250,0.478250,0.472750,0.473750,171884000.000000,1401422400.0
1401422400.0,0.473750,0.476250,0.471250,0.475000,239128000.000000,1401508800.0
1401681600.0,0.476500,0.479500,0.469500,0.473500,181500000.000000,1401768000.0
1401768000.0,0.474500,0.475000,0.465250,0.471500,243212000.000000,1401854400.0
1401854400.0,0.470250,0.475500,0.470000,0.472000,161236000.000000,1401940800.0
1401940800.0,0.472750,0.475500,0.470000,0.474000,188696000.000000,1402027200.0
1402027200.0,0.476250,0.480000,0.474500,0.475750,161052000.000000,1402113600.0
1402286400.0,0.475250,0.480750,0.472000,0.476250,247456000.000000,1402372800.0
1402372800.0,0.474500,0.481000,0.472500,0.478750,217608000.000000,1402459200.0
1402459200.0,0.477000,0.486250,0.477000,0.485000,266228000.000000,1402545600.0
1402545600.0,0.485000,0.490250,0.480750,0.488000,337148000.000000,1402632000.0
1402632000.0,0.493000,0.493250,0.483750,0.488500,227852000.000000,1402718400.0
1402891200.0,0.486250,0.490250,0.482750,0.487000,198620000.000000,1402977600.0
1402977600.0,0.487500,0.492250,0.485000,0.490250,157608000.000000,1403064000.0
1403064000.0,0.489000,0.492000,0.484500,0.489750,215536000.000000,1403150400.0
1403150400.0,0.480750,0.483250,0.475000,0.478500,474592000.000000,1403236800.0
1403236800.0,0.479750,0.481500,0.469500,0.473250,353148000.000000,1403323200.0
1403496000.0,0.467000,0.468000,0.461500,0.467750,414200000.000000,1403582400.0
1403582400.0,0.467000,0.470750,0.458500,0.460500,275780000.000000,1403668800.0
1403668800.0,0.461750,0.465500,0.457500,0.465250,215420000.000000,1403755200.0
1403755200.0,0.465250,0.465500,0.457500,0.459000,256908000.000000,1403841600.0
1403841600.0,0.458500,0.462250,0.455750,0.459500,302820000.000000,1403928000.0
1404100800.0,0.457750,0.464750,0.457750,0.463500,180512000.000000,1404187200.0
1404187200.0,0.463000,0.471500,0.461500,0.468750,321180000.000000,1404273600.0
1404273600.0,0.467000,0.469000,0.464250,0.467000,179284000.000000,1404360000.0
1404360000.0,0.462750,0.472500,0.462750,0.471250,136892000.000000,1404446400.0
1404705600.0,0.472000,0.472250,0.466750,0.467500,127496000.000000,1404792000.0
1404792000.0,0.466250,0.468250,0.459250,0.463750,221940000.000000,1404878400.0
1404878400.0,0.467750,0.479750,0.464250,0.477750,387668000.000000,1404964800.0
1404964800.0,0.468750,0.477250,0.465000,0.475250,266308000.000000,1405051200.0
1405051200.0,0.475750,0.477750,0.474000,0.476250,191188000.000000,1405137600.0
1405310400.0,0.478250,0.483500,0.476500,0.482250,272636000.000000,1405396800.0
1405396800.0,0.483000,0.485500,0.479750,0.484250,395440000.000000,1405483200.0
1405483200.0,0.486250,0.490000,0.481000,0.483750,319728000.000000,1405569600.0
1405569600.0,0.478250,0.487500,0.478250,0.482500,324832000.000000,1405656000.0
1405656000.0,0.472500,0.476250,0.460250,0.461000,567816000.000000,1405742400.0
1405915200.0,0.459250,0.467000,0.459250,0.463750,243364000.000000,1406001600.0
1406001600.0,0.467250,0.469750,0.460750,0.461750,298816000.000000,1406088000.0
1406088000.0,0.462000,0.462250,0.451500,0.452000,297352000.000000,1406174400.0
1406174400.0,0.454500,0.455750,0.449500,0.452750,254576000.000000,1406260800.0
1406260800.0,0.451250,0.452250,0.444000,0.444750,266132000.000000,1406347200.0
1406520000.0,0.446750,0.446750,0.435500,0.443000,330352000.000000,1406606400.0
1406606400.0,0.443250,0.450500,0.443000,0.444500,217972000.000000,1406692800.0
1406692800.0,0.447250,0.453250,0.446000,0.452000,246184000.000000,1406779200.0
1406779200.0,0.446500,0.450000,0.436750,0.437500,401880000.000000,1406865600.0
1406865600.0,0.437500,0.444750,0.436000,0.442250,219884000.000000,1406952000.0
1407124800.0,0.441750,0.445500,0.439000,0.441250,241724000.000000,1407211200.0
1407211200.0,0.440000,0.448000,0.436250,0.441500,298136000.000000,1407297600.0
1407297600.0,0.438500,0.446500,0.435250,0.441000,223456000.000000,1407384000.0
1407384000.0,0.444750,0.448750,0.433500,0.436500,407696000.000000,1407470400.0
1407470400.0,0.455500,0.477500,0.455500,0.475000,894348000.000000,1407556800.0
1407729600.0,0.475500,0.477500,0.471250,0.472500,344624000.000000,1407816000.0
1407816000.0,0.472250,0.475000,0.467250,0.472500,296152000.000000,1407902400.0
1407902400.0,0.473250,0.479250,0.470250,0.475250,256596000.000000,1407988800.0
1407988800.0,0.477000,0.477000,0.468000,0.470000,255992000.000000,1408075200.0
1408075200.0,0.471500,0.478750,0.467000,0.476000,369796000.000000,1408161600.0
1408334400.0,0.478000,0.483000,0.473250,0.482500,284076000.000000,1408420800.0
1408420800.0,0.480500,0.486750,0.478750,0.484250,248260000.000000,1408507200.0
1408507200.0,0.482500,0.484750,0.480000,0.481250,221468000.000000,1408593600.0
1408593600.0,0.480000,0.482500,0.476000,0.476750,272796000.000000,1408680000.0
1408680000.0,0.476250,0.481000,0.473250,0.477000,251224000.000000,1408766400.0
1408939200.0,0.479000,0.482250,0.476750,0.477750,153380000.000000,1409025600.0
1409025600.0,0.479000,0.487250,0.477250,0.486250,269636000.000000,1409112000.0
1409112000.0,0.483250,0.487000,0.480000,0.480750,182972000.000000,1409198400.0
1409198400.0,0.479750,0.485750,0.478250,0.484750,179704000.000000,1409284800.0
1409284800.0,0.486500,0.487250,0.481250,0.486250,207932000.000000,1409371200.0
1409630400.0,0.487500,0.487500,0.483000,0.487500,192636000.000000,1409716800.0
1409716800.0,0.490000,0.493750,0.486750,0.492000,259456000.000000,1409803200.0
1409803200.0,0.491250,0.503750,0.491000,0.500750,491832000.000000,1409889600.0
1409889600.0,0.500250,0.502500,0.496000,0.499250,253792000.000000,1409976000.0
1410148800.0,0.498750,0.499750,0.492750,0.494750,319288000.000000,1410235200.0
1410235200.0,0.492500,0.495750,0.488000,0.488500,198588000.000000,1410321600.0
1410321600.0,0.491250,0.492000,0.485750,0.490250,172376000.000000,1410408000.0
1410408000.0,0.486750,0.488500,0.480000,0.485250,250720000.000000,1410494400.0
1410494400.0,0.488250,0.488250,0.477500,0.478000,262536000.000000,1410580800.0
1410753600.0,0.479500,0.480250,0.469500,0.471500,294152000.000000,1410840000.0
1410840000.0,0.470250,0.481000,0.468750,0.478500,219936000.000000,1410926400.0
1410926400.0,0.477250,0.483250,0.475000,0.478750,173584000.000000,1411012800.0
1411012800.0,0.481750,0.486500,0.480250,0.486000,219604000.000000,1411099200.0
1411099200.0,0.487500,0.488000,0.476250,0.477000,601316000.000000,1411185600.0
1411358400.0,0.486750,0.486750,0.471750,0.472250,221464000.000000,1411444800.0
1411444800.0,0.469750,0.475500,0.468000,0.470250,196144000.000000,1411531200.0
1411531200.0,0.470000,0.474500,0.469500,0.473000,159592000.000000,1411617600.0
1411617600.0,0.472500,0.473750,0.461750,0.462750,298440000.000000,1411704000.0
1411704000.0,0.464250,0.467250,0.462250,0.463750,241188000.000000,1411790400.0
1411963200.0,0.460000,0.466250,0.455500,0.463000,208540000.000000,1412049600.0
1412049600.0,0.461000,0.464500,0.455750,0.461250,277204000.000000,1412136000.0
1412136000.0,0.462000,0.465250,0.455500,0.456750,350976000.000000,1412222400.0
1412222400.0,0.456000,0.458250,0.444250,0.454750,288996000.000000,1412308800.0
1412308800.0,0.457500,0.463750,0.455750,0.455750,239140000.000000,1412395200.0
1412568000.0,0.457500,0.461250,0.450000,0.453000,199032000.000000,1412654400.0
1412654400.0,0.451000,0.455500,0.447750,0.448250,301896000.000000,1412740800.0
1412740800.0,0.447750,0.458750,0.444250,0.456500,260172000.000000,1412827200.0
1412827200.0,0.454500,0.455000,0.444000,0.447750,306956000.000000,1412913600.0
1412913600.0,0.444250,0.445750,0.421000,0.421250,691376000.000000,1413000000.0
1413172800.0,0.424000,0.432500,0.419250,0.419750,397628000.000000,1413259200.0
1413259200.0,0.425500,0.441250,0.423000,0.429500,376620000.000000,1413345600.0
1413345600.0,0.423250,0.438250,0.420500,0.436000,404428000.000000,1413432000.0
1413432000.0,0.428250,0.441250,0.427250,0.436250,351116000.000000,1413518400.0
1413518400.0,0.441500,0.446500,0.433750,0.435500,290716000.000000,1413604800.0
1413777600.0,0.435500,0.443250,0.432500,0.439250,200336000.000000,1413864000.0
1413864000.0,0.442500,0.458500,0.441250,0.458000,351092000.000000,1413950400.0
1413950400.0,0.457250,0.458750,0.447250,0.447250,239512000.000000,1414036800.0
1414036800.0,0.455000,0.460500,0.451750,0.457250,214476000.000000,1414123200.0
1414123200.0,0.460000,0.464750,0.457250,0.462000,210156000.000000,1414209600.0
1414382400.0,0.461750,0.464000,0.456750,0.462250,145092000.000000,1414468800.0
1414468800.0,0.461000,0.473750,0.460500,0.473250,192580000.000000,1414555200.0
1414555200.0,0.471250,0.474000,0.466000,0.470250,168340000.000000,1414641600.0
1414641600.0,0.469000,0.471000,0.461250,0.467250,170260000.000000,1414728000.0
1414728000.0,0.478000,0.488750,0.475500,0.488500,256316000.000000,1414814400.0
1414990800.0,0.499750,0.501500,0.494250,0.496750,308732000.000000,1415077200.0
1415077200.0,0.500000,0.505000,0.491750,0.503250,360196000.000000,1415163600.0
1415163600.0,0.506250,0.506500,0.499500,0.503250,335652000.000000,1415250000.0
1415250000.0,0.504250,0.506250,0.496500,0.505500,394088000.000000,1415336400.0
1415336400.0,0.511250,0.517250,0.489750,0.494750,450800000.000000,1415422800.0
1415595600.0,0.494250,0.503750,0.493000,0.500500,293388000.000000,1415682000.0
1415682000.0,0.497500,0.500250,0.490250,0.494500,212992000.000000,1415768400.0
1415768400.0,0.492750,0.494000,0.484500,0.491250,204584000.000000,1415854800.0
1415854800.0,0.493000,0.493750,0.484750,0.488750,225328000.000000,1415941200.0
1415941200.0,0.489250,0.494750,0.484500,0.494750,160248000.000000,1416027600.0
1416200400.0,0.492500,0.497750,0.489250,0.492500,158732000.000000,1416286800.0
1416286800.0,0.492750,0.505500,0.491500,0.504250,207772000.000000,1416373200.0
1416373200.0,0.502500,0.504000,0.495000,0.500250,240300000.000000,1416459600.0
1416459600.0,0.496750,0.509000,0.495250,0.508500,220968000.000000,1416546000.0
1416546000.0,0.513000,0.513750,0.507000,0.511250,198976000.000000,1416632400.0
1416805200.0,0.512500,0.516750,0.510500,0.514500,136004000.000000,1416891600.0
1416891600.0,0.513500,0.518000,0.512500,0.514250,190240000.000000,1416978000.0
1416978000.0,0.511250,0.523500,0.511000,0.523000,219264000.000000,1417064400.0
1417150800.0,0.524750,0.527250,0.520000,0.524250,124832000.000000,1417237200.0
1417410000.0,0.522000,0.525000,0.513750,0.514500,190060000.000000,1417496400.0
1417496400.0,0.514000,0.517500,0.509250,0.515250,245952000.000000,1417582800.0
1417582800.0,0.517750,0.528750,0.516250,0.528500,284424000.000000,1417669200.0
1417669200.0,0.527750,0.529750,0.520250,0.523750,185332000.000000,1417755600.0
1417755600.0,0.524000,0.529500,0.523750,0.526750,165680000.000000,1417842000.0
1418014800.0,0.526000,0.531250,0.515750,0.520000,226944000.000000,1418101200.0
1418101200.0,0.516750,0.519500,0.509000,0.518250,239448000.000000,1418187600.0
1418187600.0,0.516750,0.518750,0.506250,0.506750,204364000.000000,1418274000.0
1418274000.0,0.509750,0.513250,0.505500,0.506500,135652000.000000,1418360400.0
1418360400.0,0.499750,0.504250,0.490250,0.490750,323964000.000000,1418446800.0
1418619600.0,0.496500,0.505500,0.487750,0.489250,254696000.000000,1418706000.0
1418706000.0,0.488750,0.496500,0.483500,0.483750,185308000.000000,1418792400.0
1418792400.0,0.493500,0.504250,0.477500,0.503500,345596000.000000,1418878800.0
1418878800.0,0.509750,0.515750,0.500750,0.505500,226156000.000000,1418965200.0
1418965200.0,0.509000,0.512500,0.504250,0.510500,325528000.000000,1419051600.0
1419224400.0,0.510000,0.519500,0.508250,0.519500,148976000.000000,1419310800.0
1419310800.0,0.523500,0.526000,0.515750,0.516250,109280000.000000,1419397200.0
1419397200.0,0.517500,0.518250,0.513750,0.514250,45644000.000000,1419483600.0
1419570000.0,0.514250,0.517500,0.513000,0.514750,52636000.000000,1419656400.0
1419829200.0,0.513250,0.517500,0.510750,0.514000,82944000.000000,1419915600.0
1419915600.0,0.510500,0.513000,0.508500,0.509250,112120000.000000,1420002000.0
1420002000.0,0.510000,0.512750,0.499750,0.501250,166300000.000000,1420088400.0
1420174800.0,0.503250,0.507000,0.495250,0.503250,113680000.000000,1420261200.0
1420434000.0,0.503250,0.504750,0.492500,0.494750,197952000.000000,1420520400.0
1420520400.0,0.495500,0.496000,0.479250,0.479750,197764000.000000,1420606800.0
1420606800.0,0.483250,0.487500,0.477000,0.478500,321808000.000000,1420693200.0
1420693200.0,0.484000,0.499500,0.483750,0.496500,283780000.000000,1420779600.0
1420779600.0,0.498250,0.502250,0.491500,0.498500,209540000.000000,1420866000.0
1421038800.0,0.499750,0.500000,0.487750,0.492250,190732000.000000,1421125200.0
1421125200.0,0.496000,0.506000,0.488000,0.491500,236720000.000000,1421211600.0
1421211600.0,0.486250,0.495000,0.485000,0.493500,155260000.000000,1421298000.0
1421298000.0,0.497000,0.500000,0.489750,0.490000,188932000.000000,1421384400.0
1421384400.0,0.489250,0.499500,0.487750,0.499000,181512000.000000,1421470800.0
1421730000.0,0.502500,0.505250,0.494250,0.500500,140308000.000000,1421816400.0
1421816400.0,0.497750,0.508750,0.494250,0.507500,144780000.000000,1421902800.0
1421902800.0,0.508500,0.517750,0.503250,0.516250,159712000.000000,1421989200.0
1421989200.0,0.516750,0.518750,0.512500,0.517750,120416000.000000,1422075600.0
1422248400.0,0.515500,0.518000,0.512250,0.515500,133240000.000000,1422334800.0
1422334800.0,0.507500,0.508000,0.489750,0.490750,357948000.000000,1422421200.0
1422421200.0,0.496750,0.498750,0.482500,0.482750,272728000.000000,1422507600.0
1422507600.0,0.483000,0.497250,0.480750,0.494500,235340000.000000,1422594000.0
1422594000.0,0.491000,0.496750,0.479250,0.480000,298200000.000000,1422680400.0
1422853200.0,0.483000,0.492500,0.473500,0.490500,259604000.000000,1422939600.0
1422939600.0,0.494000,0.503250,0.491500,0.502750,183468000.000000,1423026000.0
1423026000.0,0.501250,0.509750,0.499750,0.504000,181516000.000000,1423112400.0
1423112400.0,0.504500,0.512500,0.504000,0.512250,140448000.000000,1423198800.0
1423198800.0,0.511750,0.517750,0.507750,0.510000,210524000.000000,1423285200.0
1423458000.0,0.507000,0.511000,0.503750,0.509500,273944000.000000,1423544400.0
1423544400.0,0.510000,0.524000,0.507750,0.523750,226204000.000000,1423630800.0
1423630800.0,0.525000,0.525000,0.516750,0.520250,320832000.000000,1423717200.0
1423717200.0,0.550000,0.562500,0.546750,0.557500,676904000.000000,1423803600.0
1423803600.0,0.556250,0.558500,0.547750,0.557750,310084000.000000,1423890000.0
1424149200.0,0.556750,0.562250,0.553250,0.559500,203340000.000000,1424235600.0
1424235600.0,0.558750,0.559750,0.552000,0.553000,170948000.000000,1424322000.0
1424322000.0,0.560000,0.561000,0.552000,0.554500,169432000.000000,1424408400.0
1424408400.0,0.554000,0.558750,0.550000,0.558500,157752000.000000,1424494800.0
1424667600.0,0.558250,0.558250,0.551250,0.554000,125008000.000000,1424754000.0
1424754000.0,0.554000,0.557750,0.549000,0.557750,149356000.000000,1424840400.0
1424840400.0,0.555500,0.558000,0.551000,0.553500,123820000.000000,1424926800.0
1424926800.0,0.554000,0.558250,0.550500,0.555000,152864000.000000,1425013200.0
1425013200.0,0.553500,0.554750,0.549500,0.551500,157492000.000000,1425099600.0
1425272400.0,0.550000,0.568000,0.549250,0.565000,301512000.000000,1425358800.0
1425358800.0,0.560750,0.563500,0.552750,0.554500,160344000.000000,1425445200.0
1425445200.0,0.552500,0.562000,0.550250,0.560750,226840000.000000,1425531600.0
1425531600.0,0.560750,0.572500,0.559250,0.571500,323056000.000000,1425618000.0
1425618000.0,0.568250,0.571000,0.563250,0.563750,257392000.000000,1425704400.0
1425873600.0,0.564000,0.569500,0.562750,0.565250,222388000.000000,1425960000.0
1425960000.0,0.567750,0.578750,0.566750,0.575000,527212000.000000,1426046400.0
1426046400.0,0.575000,0.582500,0.570500,0.572000,262120000.000000,1426132800.0
1426132800.0,0.566500,0.570750,0.556000,0.566750,406972000.000000,1426219200.0
1426219200.0,0.564000,0.569000,0.556250,0.567500,359288000.000000,1426305600.0
1426478400.0,0.572000,0.577750,0.568250,0.574250,236956000.000000,1426564800.0
1426564800.0,0.573000,0.581500,0.569000,0.581250,299900000.000000,1426651200.0
1426651200.0,0.581250,0.584250,0.566500,0.571750,413844000.000000,1426737600.0
1426737600.0,0.573750,0.582500,0.569500,0.580500,310756000.000000,1426824000.0
1426824000.0,0.585250,0.590250,0.579750,0.586750,462084000.000000,1426910400.0
1427083200.0,0.569250,0.576750,0.567500,0.567750,426012000.000000,1427169600.0
1427169600.0,0.566000,0.570000,0.557500,0.560000,330480000.000000,1427256000.0
1427256000.0,0.559750,0.559750,0.524250,0.526000,542552000.000000,1427342400.0
1427342400.0,0.515250,0.526500,0.511500,0.524250,311920000.000000,1427428800.0
1427428800.0,0.527250,0.536500,0.518750,0.534500,318288000.000000,1427515200.0
1427688000.0,0.537000,0.539500,0.530000,0.536750,253252000.000000,1427774400.0
1427774400.0,0.535250,0.535750,0.522750,0.523250,357276000.000000,1427860800.0
1427860800.0,0.525250,0.527000,0.516250,0.525250,330768000.000000,1427947200.0
1427947200.0,0.528250,0.529750,0.522000,0.526500,192204000.000000,1428033600.0
1428292800.0,0.524250,0.543500,0.518750,0.541750,515864000.000000,1428379200.0
1428379200.0,0.541750,0.552500,0.538750,0.546500,413964000.000000,1428465600.0
1428465600.0,0.547000,0.552500,0.541750,0.550500,366432000.000000,1428552000.0
1428552000.0,0.546250,0.565000,0.546000,0.563250,379432000.000000,1428638400.0
1428638400.0,0.563750,0.569250,0.561750,0.569000,258728000.000000,1428724800.0
1428897600.0,0.567750,0.571000,0.561250,0.563750,236724000.000000,1428984000.0
1428984000.0,0.561500,0.563750,0.553500,0.559000,220276000.000000,1429070400.0
1429070400.0,0.560500,0.570000,0.557750,0.565750,243560000.000000,1429156800.0
1429156800.0,0.562500,0.567250,0.558250,0.562250,155284000.000000,1429243200.0
1429243200.0,0.550500,0.560500,0.550250,0.555000,293636000.000000,1429329600.0
1429502400.0,0.557500,0.561000,0.551250,0.552250,231624000.000000,1429588800.0
1429588800.0,0.559000,0.559000,0.548750,0.551500,230456000.000000,1429675200.0
1429675200.0,0.554750,0.558500,0.546250,0.557750,207420000.000000,1429761600.0
1429761600.0,0.547500,0.560750,0.541250,0.555500,259380000.000000,1429848000.0
1429848000.0,0.555250,0.555500,0.544500,0.550750,240960000.000000,1429934400.0
1430107200.0,0.552500,0.564750,0.547750,0.555000,248456000.000000,1430193600.0
1430193600.0,0.554000,0.559750,0.548750,0.557750,234484000.000000,1430280000.0
1430280000.0,0.553750,0.559250,0.551250,0.553500,195156000.000000,1430366400.0
1430366400.0,0.550750,0.557750,0.549500,0.555000,218844000.000000,1430452800.0
1430452800.0,0.559500,0.570500,0.557000,0.568750,256968000.000000,1430539200.0
1430712000.0,0.568250,0.572000,0.563500,0.565250,200720000.000000,1430798400.0
1430798400.0,0.563250,0.564000,0.548250,0.550750,292928000.000000,1430884800.0
1430884800.0,0.553750,0.559000,0.545250,0.552500,316484000.000000,1430971200.0
1430971200.0,0.550250,0.564000,0.548500,0.562250,534564000.000000,1431057600.0
1431057600.0,0.525250,0.546000,0.512250,0.520750,1146552000.000000,1431144000.0
1431316800.0,0.513500,0.521000,0.509500,0.515750,544144000.000000,1431403200.0
1431403200.0,0.512000,0.525000,0.511750,0.520750,388800000.000000,1431489600.0
1431489600.0,0.524500,0.528500,0.518750,0.523750,308524000.000000,1431576000.0
1431576000.0,0.525250,0.535000,0.524000,0.532250,293052000.000000,1431662400.0
1431662400.0,0.534500,0.537000,0.529250,0.532500,215824000.000000,1431748800.0
1431921600.0,0.531250,0.535000,0.528750,0.531750,324972000.000000,1432008000.0
1432008000.0,0.530000,0.531750,0.525000,0.526000,253808000.000000,1432094400.0
1432094400.0,0.526250,0.532500,0.525500,0.526000,196824000.000000,1432180800.0
1432180800.0,0.526250,0.528500,0.521750,0.522250,239692000.000000,1432267200.0
1432267200.0,0.523500,0.525500,0.520250,0.521500,212592000.000000,1432353600.0
1432612800.0,0.519000,0.522500,0.514250,0.518250,259732000.000000,1432699200.0
1432699200.0,0.521750,0.548500,0.520000,0.546000,432332000.000000,1432785600.0
1432785600.0,0.546000,0.555250,0.545000,0.553500,327656000.000000,1432872000.0
1432872000.0,0.553500,0.557000,0.552500,0.553250,335168000.000000,1432958400.0
1433131200.0,0.556750,0.565000,0.553250,0.559500,372660000.000000,1433217600.0
1433217600.0,0.556000,0.559000,0.548000,0.548500,224304000.000000,1433304000.0
1433304000.0,0.550000,0.554250,0.541500,0.542500,250788000.000000,1433390400.0
1433390400.0,0.539250,0.554000,0.539250,0.552250,323712000.000000,1433476800.0
1433476800.0,0.550500,0.559000,0.544750,0.556500,313320000.000000,1433563200.0
1433736000.0,0.554750,0.558500,0.537500,0.543750,342812000.000000,1433822400.0
1433822400.0,0.544250,0.550500,0.543250,0.546500,256888000.000000,1433908800.0
1433908800.0,0.540000,0.543500,0.533750,0.536750,529460000.000000,1433995200.0
1433995200.0,0.536750,0.546250,0.536750,0.542500,283052000.000000,1434081600.0
1434081600.0,0.539000,0.542250,0.526500,0.527750,323728000.000000,1434168000.0
1434340800.0,0.525000,0.529250,0.521000,0.526750,306548000.000000,1434427200.0
1434427200.0,0.525750,0.534000,0.520500,0.533250,256892000.000000,1434513600.0
1434513600.0,0.533000,0.542500,0.531750,0.539500,233544000.000000,1434600000.0
1434600000.0,0.544000,0.552000,0.542500,0.548500,299404000.000000,1434686400.0
1434686400.0,0.548500,0.553000,0.541750,0.546750,355656000.000000,1434772800.0
1434945600.0,0.547750,0.550750,0.536250,0.544500,514236000.000000,1435032000.0
1435032000.0,0.545500,0.549750,0.526250,0.530500,414064000.000000,1435118400.0
1435118400.0,0.529750,0.532500,0.522750,0.525250,253368000.000000,1435204800.0
1435204800.0,0.525250,0.532500,0.525250,0.529250,350460000.000000,1435291200.0
1435291200.0,0.525000,0.525500,0.516250,0.518500,421296000.000000,1435377600.0
1435550400.0,0.512500,0.517750,0.502250,0.503000,391724000.000000,1435636800.0
1435636800.0,0.506000,0.508250,0.499250,0.502750,315916000.000000,1435723200.0
1435723200.0,0.515250,0.522500,0.505500,0.510000,302892000.000000,1435809600.0
1435809600.0,0.509750,0.513750,0.507250,0.510500,145764000.000000,1435896000.0
1436155200.0,0.506250,0.513250,0.500500,0.504250,214776000.000000,1436241600.0
1436241600.0,0.501250,0.503250,0.479000,0.494750,594252000.000000,1436328000.0
1436328000.0,0.492000,0.495000,0.487250,0.491250,332492000.000000,1436414400.0
1436414400.0,0.499000,0.501250,0.482250,0.485250,357588000.000000,1436500800.0
1436500800.0,0.491500,0.498250,0.490250,0.493750,216708000.000000,1436587200.0
1436760000.0,0.498750,0.499750,0.493750,0.497000,212472000.000000,1436846400.0
1436846400.0,0.497750,0.498250,0.490750,0.497250,249216000.000000,1436932800.0
1436932800.0,0.496000,0.499250,0.489250,0.493750,265732000.000000,1437019200.0
1437019200.0,0.496750,0.504750,0.495000,0.504750,282848000.000000,1437105600.0
1437105600.0,0.503000,0.503500,0.495250,0.501750,220372000.000000,1437192000.0
1437364800.0,0.501750,0.503750,0.491250,0.492500,188412000.000000,1437451200.0
1437451200.0,0.491500,0.501750,0.491500,0.494750,149720000.000000,1437537600.0
1437537600.0,0.491250,0.491250,0.479250,0.485250,356472000.000000,1437624000.0
1437624000.0,0.486250,0.498500,0.485250,0.491250,169916000.000000,1437710400.0
1437710400.0,0.494750,0.495250,0.483500,0.485500,188844000.000000,1437796800.0
1437969600.0,0.481250,0.488250,0.477250,0.482750,192420000.000000,1438056000.0
1438056000.0,0.484000,0.496500,0.479000,0.493250,198308000.000000,1438142400.0
1438142400.0,0.492250,0.503250,0.490250,0.499250,232680000.000000,1438228800.0
1438228800.0,0.498000,0.505500,0.498000,0.500500,190180000.000000,1438315200.0
1438315200.0,0.502500,0.502750,0.495750,0.498750,218340000.000000,1438401600.0
1438574400.0,0.502750,0.507750,0.496250,0.507250,397132000.000000,1438660800.0
1438660800.0,0.505500,0.510750,0.503500,0.509250,260100000.000000,1438747200.0
1438747200.0,0.521750,0.522250,0.513500,0.514500,234628000.000000,1438833600.0
1438833600.0,0.513250,0.517000,0.502750,0.511250,655676000.000000,1438920000.0
1438920000.0,0.561500,0.584250,0.547000,0.574500,1405248000.000000,1439006400.0
1439179200.0,0.570500,0.598750,0.567000,0.594500,662304000.000000,1439265600.0
1439265600.0,0.585750,0.597250,0.585750,0.591500,435008000.000000,1439352000.0
1439352000.0,0.582000,0.597250,0.582000,0.593000,384048000.000000,1439438400.0
1439438400.0,0.593750,0.595000,0.586500,0.588000,276884000.000000,1439524800.0
1439524800.0,0.587500,0.592000,0.584000,0.588500,214652000.000000,1439611200.0
1439784000.0,0.587500,0.587500,0.577500,0.584750,273880000.000000,1439870400.0
1439870400.0,0.580500,0.584500,0.572500,0.577000,287084000.000000,1439956800.0
1439956800.0,0.576250,0.582750,0.568500,0.574750,249248000.000000,1440043200.0
1440043200.0,0.568250,0.571000,0.551250,0.554000,426932000.000000,1440129600.0
1440129600.0,0.550000,0.559250,0.536250,0.536750,382664000.000000,1440216000.0
1440388800.0,0.506750,0.545750,0.500000,0.517750,682284000.000000,1440475200.0
1440475200.0,0.540500,0.542500,0.507000,0.507000,622684000.000000,1440561600.0
1440561600.0,0.523500,0.545750,0.519500,0.545250,614976000.000000,1440648000.0
1440648000.0,0.551000,0.566000,0.547750,0.565750,463764000.000000,1440734400.0
1440734400.0,0.565750,0.571750,0.561750,0.568250,320944000.000000,1440820800.0
1440993600.0,0.565500,0.569500,0.559750,0.562000,219352000.000000,1441080000.0
1441080000.0,0.545750,0.555000,0.535000,0.539000,353408000.000000,1441166400.0
1441166400.0,0.553750,0.555500,0.544500,0.555250,344044000.000000,1441252800.0
1441252800.0,0.563500,0.566250,0.555750,0.556750,262556000.000000,1441339200.0
1441339200.0,0.547250,0.556000,0.543500,0.543750,287972000.000000,1441425600.0
1441684800.0,0.557000,0.569250,0.554750,0.567000,238448000.000000,1441771200.0
1441771200.0,0.568750,0.573500,0.554500,0.555750,289392000.000000,1441857600.0
1441857600.0,0.552500,0.571500,0.550000,0.564500,357076000.000000,1441944000.0
1441944000.0,0.558250,0.570000,0.556000,0.566250,301584000.000000,1442030400.0
1442203200.0,0.569000,0.570750,0.564250,0.567250,192460000.000000,1442289600.0
1442289600.0,0.567500,0.576500,0.565750,0.573500,327976000.000000,1442376000.0
1442376000.0,0.572500,0.580750,0.568250,0.577500,173508000.000000,1442462400.0
1442462400.0,0.587500,0.592750,0.581500,0.582750,268712000.000000,1442548800.0
1442548800.0,0.574750,0.587250,0.571250,0.582250,326412000.000000,1442635200.0
1442808000.0,0.583000,0.589500,0.580000,0.588250,281840000.000000,1442894400.0
1442894400.0,0.575500,0.579500,0.569250,0.572250,228356000.000000,1442980800.0
1442980800.0,0.572750,0.578500,0.570500,0.575000,161632000.000000,1443067200.0
1443067200.0,0.571500,0.592000,0.562500,0.586000,382440000.000000,1443153600.0
1443153600.0,0.593250,0.601750,0.584500,0.590250,369692000.000000,1443240000.0
1443412800.0,0.590250,0.594000,0.578750,0.582500,395584000.000000,1443499200.0
1443499200.0,0.588750,0.593750,0.580500,0.592750,380736000.000000,1443585600.0
1443585600.0,0.598250,0.617000,0.594750,0.616250,556380000.000000,1443672000.0
1443672000.0,0.616250,0.618000,0.586750,0.604250,489296000.000000,1443758400.0
1443758400.0,0.601000,0.620000,0.594750,0.620000,386144000.000000,1443844800.0
1444017600.0,0.624000,0.643250,0.620750,0.635500,482024000.000000,1444104000.0
1444104000.0,0.628750,0.646500,0.626250,0.643750,453216000.000000,1444190400.0
1444190400.0,0.645250,0.657000,0.634750,0.650500,310152000.000000,1444276800.0
1444276800.0,0.647750,0.656000,0.636750,0.654250,460068000.000000,1444363200.0
1444363200.0,0.650750,0.657000,0.639500,0.651750,423248000.000000,1444449600.0
1444622400.0,0.652500,0.662500,0.647750,0.658750,227588000.000000,1444708800.0
1444708800.0,0.653500,0.664000,0.651250,0.660000,298444000.000000,1444795200.0
1444795200.0,0.660750,0.694750,0.660000,0.684000,612148000.000000,1444881600.0
1444881600.0,0.685250,0.699750,0.678250,0.685750,526048000.000000,1444968000.0
1444968000.0,0.688000,0.703000,0.686250,0.696500,448396000.000000,1445054400.0
1445227200.0,0.698750,0.702000,0.687250,0.695250,294712000.000000,1445313600.0
1445313600.0,0.692250,0.697500,0.687000,0.694250,264824000.000000,1445400000.0
1445400000.0,0.698500,0.702750,0.684000,0.685250,386280000.000000,1445486400.0
1445486400.0,0.693250,0.712250,0.692250,0.710000,306884000.000000,1445572800.0
1445572800.0,0.716250,0.719500,0.705500,0.714750,381776000.000000,1445659200.0
1445832000.0,0.715250,0.717000,0.705000,0.711500,247436000.000000,1445918400.0
1445918400.0,0.708000,0.715500,0.707500,0.711000,208268000.000000,1446004800.0
1446004800.0,0.715500,0.716750,0.705000,0.716750,217036000.000000,1446091200.0
1446091200.0,0.705250,0.712500,0.690750,0.692000,327168000.000000,1446177600.0
1446177600.0,0.699500,0.714250,0.694250,0.709250,301160000.000000,1446264000.0
1446440400.0,0.711500,0.718250,0.707250,0.717500,190088000.000000,1446526800.0
1446526800.0,0.713250,0.717250,0.704500,0.712500,376768000.000000,1446613200.0
1446613200.0,0.710500,0.715750,0.697500,0.700750,442264000.000000,1446699600.0
1446699600.0,0.704250,0.706250,0.690750,0.692750,478800000.000000,1446786000.0
1446786000.0,0.761250,0.798500,0.745500,0.788750,1172272000.000000,1446872400.0
1447045200.0,0.781000,0.787500,0.774250,0.785250,492568000.000000,1447131600.0
1447131600.0,0.775000,0.779250,0.753750,0.770250,552260000.000000,1447218000.0
1447218000.0,0.770750,0.776250,0.760000,0.762750,619896000.000000,1447304400.0
1447304400.0,0.761000,0.768000,0.756750,0.760000,291080000.000000,1447390800.0
1447390800.0,0.760750,0.764000,0.741250,0.745000,292940000.000000,1447477200.0
1447650000.0,0.754750,0.760500,0.748750,0.760000,344280000.000000,1447736400.0
1447736400.0,0.762000,0.766500,0.756750,0.760000,257048000.000000,1447822800.0
1447822800.0,0.760250,0.776750,0.752000,0.775750,350216000.000000,1447909200.0
1447909200.0,0.778500,0.785750,0.772250,0.778000,254072000.000000,1447995600.0
1447995600.0,0.783750,0.789250,0.779000,0.784750,239744000.000000,1448082000.0
1448254800.0,0.791250,0.791250,0.770250,0.773000,242552000.000000,1448341200.0
1448341200.0,0.773000,0.786000,0.769500,0.779250,195428000.000000,1448427600.0
1448427600.0,0.777750,0.787000,0.775500,0.778250,138300000.000000,1448514000.0
1448600400.0,0.779750,0.787250,0.775750,0.784750,86996000.000000,1448686800.0
1448859600.0,0.785500,0.796500,0.784750,0.793000,327244000.000000,1448946000.0
1448946000.0,0.800000,0.819500,0.799250,0.818750,409496000.000000,1449032400.0
1449032400.0,0.820000,0.828500,0.810750,0.812500,294240000.000000,1449118800.0
1449118800.0,0.819000,0.827500,0.806750,0.810750,246656000.000000,1449205200.0
1449205200.0,0.810750,0.845250,0.810750,0.843750,458756000.000000,1449291600.0
1449464400.0,0.843500,0.843500,0.825250,0.827750,333588000.000000,1449550800.0
1449550800.0,0.817500,0.842500,0.812250,0.839000,314488000.000000,1449637200.0
1449637200.0,0.838750,0.843750,0.809250,0.817750,372676000.000000,1449723600.0
1449723600.0,0.820250,0.829000,0.817500,0.824500,236596000.000000,1449810000.0
1449810000.0,0.816250,0.822000,0.810500,0.812250,227320000.000000,1449896400.0
1450069200.0,0.813000,0.818750,0.804500,0.814250,275892000.000000,1450155600.0
1450155600.0,0.823500,0.830000,0.819000,0.824250,307296000.000000,1450242000.0
1450242000.0,0.826000,0.832000,0.818750,0.829250,236356000.000000,1450328400.0
1450328400.0,0.830500,0.839000,0.816250,0.816750,254160000.000000,1450414800.0
1450414800.0,0.811000,0.819250,0.802500,0.803500,395896000.000000,1450501200.0
1450674000.0,0.812250,0.823250,0.805000,0.822500,284216000.000000,1450760400.0
1450760400.0,0.825000,0.831500,0.818250,0.823250,130012000.000000,1450846800.0
1450846800.0,0.824500,0.829750,0.823000,0.826500,122524000.000000,1450933200.0
1450933200.0,0.824000,0.831250,0.822750,0.829250,52448000.000000,1451019600.0
1451278800.0,0.820500,0.828500,0.809000,0.828500,142024000.000000,1451365200.0
1451365200.0,0.829000,0.844500,0.826750,0.842000,203660000.000000,1451451600.0
1451451600.0,0.841250,0.848500,0.834500,0.834750,180344000.000000,1451538000.0
1451538000.0,0.833500,0.837250,0.824000,0.824000,148528000.000000,1451624400.0
1451883600.0,0.807250,0.814500,0.801000,0.809250,358076000.000000,1451970000.0
1451970000.0,0.824500,0.836000,0.812500,0.822250,490272000.000000,1452056400.0
1452056400.0,0.808750,0.812500,0.779000,0.788250,449344000.000000,1452142800.0
1452142800.0,0.768500,0.773750,0.747000,0.757000,645304000.000000,1452229200.0
1452229200.0,0.766750,0.767500,0.739250,0.740750,398472000.000000,1452315600.0
1452488400.0,0.741500,0.747250,0.728750,0.742000,409372000.000000,1452574800.0
1452574800.0,0.755250,0.765500,0.749250,0.754500,469356000.000000,1452661200.0
1452661200.0,0.760250,0.765250,0.730750,0.731500,481672000.000000,1452747600.0
1452747600.0,0.716500,0.725000,0.695500,0.716750,600236000.000000,1452834000.0
1452834000.0,0.688000,0.696250,0.666000,0.677750,841452000.000000,1452920400.0
1453179600.0,0.691750,0.711250,0.680500,0.683250,457140000.000000,1453266000.0
1453266000.0,0.670250,0.695750,0.661250,0.687000,481180000.000000,1453352400.0
1453352400.0,0.694500,0.705750,0.680250,0.695000,481456000.000000,1453438800.0
1453438800.0,0.708250,0.716000,0.706750,0.711250,257996000.000000,1453525200.0
1453698000.0,0.711000,0.719250,0.709000,0.710500,270728000.000000,1453784400.0
1453784400.0,0.712000,0.720500,0.704750,0.717500,227944000.000000,1453870800.0
1453870800.0,0.716500,0.718750,0.695500,0.709000,231700000.000000,1453957200.0
1453957200.0,0.714750,0.717250,0.687500,0.701250,276776000.000000,1454043600.0
1454043600.0,0.707250,0.733750,0.704500,0.732250,310504000.000000,1454130000.0
1454302800.0,0.731500,0.736250,0.725250,0.732500,289884000.000000,1454389200.0
1454389200.0,0.725000,0.728750,0.696500,0.701500,341908000.000000,1454475600.0
1454475600.0,0.707000,0.711250,0.688750,0.705000,326772000.000000,1454562000.0
1454562000.0,0.706000,0.721250,0.698250,0.705250,348140000.000000,1454648400.0
1454648400.0,0.700500,0.708250,0.658750,0.660750,600428000.000000,1454734800.0
1454907600.0,0.650750,0.654000,0.621250,0.630500,608852000.000000,1454994000.0
1454994000.0,0.623000,0.663750,0.620000,0.637250,425372000.000000,1455080400.0
1455080400.0,0.641250,0.659750,0.632250,0.635750,335800000.000000,1455166800.0
1455166800.0,0.619500,0.639000,0.619500,0.632500,340144000.000000,1455253200.0
1455253200.0,0.642500,0.644500,0.618750,0.643250,340816000.000000,1455339600.0
1455598800.0,0.652500,0.675750,0.650500,0.674750,485352000.000000,1455685200.0
1455685200.0,0.683250,0.698000,0.680500,0.691500,771468000.000000,1455771600.0
1455771600.0,0.748250,0.774500,0.747500,0.751000,1068660000.000000,1455858000.0
1455858000.0,0.747000,0.767750,0.741250,0.761000,525628000.000000,1455944400.0
1456117200.0,0.772000,0.796750,0.770500,0.788000,449668000.000000,1456203600.0
1456203600.0,0.781750,0.797500,0.778000,0.790000,369380000.000000,1456290000.0
1456290000.0,0.786750,0.796750,0.765000,0.795500,336852000.000000,1456376400.0
1456376400.0,0.798500,0.801250,0.783000,0.797250,349616000.000000,1456462800.0
1456462800.0,0.801000,0.803000,0.784000,0.792000,361964000.000000,1456549200.0
1456722000.0,0.790250,0.800500,0.783500,0.784000,323344000.000000,1456808400.0
1456808400.0,0.786000,0.818750,0.784750,0.818750,348700000.000000,1456894800.0
1456894800.0,0.814250,0.826500,0.812750,0.823500,233812000.000000,1456981200.0
1456981200.0,0.822500,0.826000,0.805250,0.816250,302004000.000000,1457067600.0
1457067600.0,0.822500,0.823250,0.807500,0.813750,175304000.000000,1457154000.0
1457326800.0,0.809250,0.814750,0.798000,0.808500,239968000.000000,1457413200.0
1457413200.0,0.800250,0.805000,0.791250,0.793750,274940000.000000,1457499600.0
1457499600.0,0.800750,0.802000,0.783000,0.793250,222788000.000000,1457586000.0
1457586000.0,0.798000,0.802500,0.776000,0.792000,286084000.000000,1457672400.0
1457672400.0,0.803750,0.805750,0.794250,0.805500,277400000.000000,1457758800.0
1457928000.0,0.801750,0.810750,0.798000,0.807500,190312000.000000,1458014400.0
1458014400.0,0.803250,0.808500,0.789250,0.803500,226216000.000000,1458100800.0
1458100800.0,0.797500,0.830250,0.793750,0.827500,363644000.000000,1458187200.0
1458187200.0,0.824500,0.828500,0.809250,0.820500,353680000.000000,1458273600.0
1458273600.0,0.830250,0.856250,0.825000,0.845250,545512000.000000,1458360000.0
1458532800.0,0.837750,0.848000,0.828750,0.847750,337780000.000000,1458619200.0
1458619200.0,0.845000,0.852250,0.835750,0.846250,242012000.000000,1458705600.0
1458705600.0,0.850000,0.867000,0.846250,0.860750,429008000.000000,1458792000.0
1458792000.0,0.853000,0.863500,0.850250,0.862000,244956000.000000,1458878400.0
1459137600.0,0.860500,0.874500,0.859500,0.870750,265388000.000000,1459224000.0
1459224000.0,0.867000,0.886750,0.865000,0.884750,261812000.000000,1459310400.0
1459310400.0,0.888000,0.906250,0.887500,0.894000,376700000.000000,1459396800.0
1459396800.0,0.898000,0.900000,0.883750,0.890750,379884000.000000,1459483200.0
1459483200.0,0.885250,0.904250,0.878500,0.903750,348292000.000000,1459569600.0
1459742400.0,0.911250,0.916000,0.891500,0.895000,393940000.000000,1459828800.0
1459828800.0,0.887000,0.902000,0.883500,0.893750,339568000.000000,1459915200.0
1459915200.0,0.882500,0.895500,0.865750,0.895000,453376000.000000,1460001600.0
1460001600.0,0.889250,0.897250,0.882000,0.885750,378104000.000000,1460088000.0
1460088000.0,0.893000,0.898750,0.882750,0.891500,255936000.000000,1460174400.0
1460347200.0,0.896750,0.911750,0.894000,0.897000,387524000.000000,1460433600.0
1460433600.0,0.900000,0.901250,0.878500,0.896000,292764000.000000,1460520000.0
1460520000.0,0.900000,0.918750,0.900000,0.918500,350716000.000000,1460606400.0
1460606400.0,0.916000,0.925000,0.912250,0.921000,416564000.000000,1460692800.0
1460692800.0,0.920750,0.936500,0.917750,0.928250,436972000.000000,1460779200.0
1460952000.0,0.926500,0.926500,0.915250,0.924250,307320000.000000,1461038400.0
1461038400.0,0.927750,0.929500,0.902000,0.907750,309152000.000000,1461124800.0
1461124800.0,0.906250,0.916750,0.905250,0.911250,200172000.000000,1461211200.0
1461211200.0,0.911500,0.915750,0.906250,0.910250,178280000.000000,1461297600.0
1461297600.0,0.913250,0.919500,0.903750,0.906750,223540000.000000,1461384000.0
1461556800.0,0.907000,0.916250,0.904500,0.911250,191972000.000000,1461643200.0
1461643200.0,0.916750,0.927250,0.908000,0.912000,214536000.000000,1461729600.0
1461729600.0,0.909750,0.933250,0.908000,0.932750,352396000.000000,1461816000.0
1461816000.0,0.927000,0.932500,0.902750,0.905000,381224000.000000,1461902400.0
1461902400.0,0.901250,0.903250,0.878500,0.888250,321904000.000000,1461988800.0
1462161600.0,0.896750,0.905500,0.892500,0.900000,256076000.000000,1462248000.0
1462248000.0,0.889750,0.893500,0.881500,0.889250,224024000.000000,1462334400.0
1462334400.0,0.878500,0.879250,0.860000,0.869000,525764000.000000,1462420800.0
1462420800.0,0.876250,0.884500,0.867750,0.874250,246884000.000000,1462507200.0
1462507200.0,0.872750,0.885500,0.871000,0.883250,183240000.000000,1462593600.0
1462766400.0,0.885500,0.889250,0.874750,0.882000,333336000.000000,1462852800.0
1462852800.0,0.887500,0.900500,0.879000,0.899000,269676000.000000,1462939200.0
1462939200.0,0.901750,0.911500,0.896750,0.901500,328176000.000000,1463025600.0
1463025600.0,0.908000,0.912000,0.873250,0.889250,670540000.000000,1463112000.0
1463112000.0,0.979750,1.025000,0.975000,1.024500,2110256000.000000,1463198400.0
1463371200.0,1.016750,1.070000,1.013500,1.054750,973032000.000000,1463457600.0
1463457600.0,1.050000,1.064500,1.036500,1.057000,628392000.000000,1463544000.0
1463544000.0,1.050000,1.096250,1.050000,1.084000,541072000.000000,1463630400.0
1463630400.0,1.079750,1.096500,1.078250,1.088750,398880000.000000,1463716800.0
1463716800.0,1.095500,1.112750,1.093750,1.108250,391084000.000000,1463803200.0
1463976000.0,1.113000,1.117250,1.103250,1.110000,413636000.000000,1464062400.0
1464062400.0,1.110500,1.137500,1.107500,1.134000,415788000.000000,1464148800.0
1464148800.0,1.137500,1.142250,1.120250,1.129250,458076000.000000,1464235200.0
1464235200.0,1.131250,1.149500,1.128000,1.141250,309964000.000000,1464321600.0
1464321600.0,1.142500,1.149250,1.138750,1.147500,277416000.000000,1464408000.0
1464667200.0,1.152500,1.170500,1.151750,1.168000,412524000.000000,1464753600.0
1464753600.0,1.162500,1.181500,1.159000,1.170250,387132000.000000,1464840000.0
1464840000.0,1.176500,1.188500,1.165000,1.178500,329208000.000000,1464926400.0
1464926400.0,1.167000,1.168500,1.141500,1.162000,461076000.000000,1465012800.0
1465185600.0,1.165000,1.174000,1.150000,1.156000,322512000.000000,1465272000.0
1465272000.0,1.163000,1.169500,1.157750,1.158250,193400000.000000,1465358400.0
1465358400.0,1.158500,1.162750,1.145000,1.154500,234616000.000000,1465444800.0
1465444800.0,1.150500,1.186250,1.148000,1.184500,472168000.000000,1465531200.0
1465531200.0,1.170500,1.181000,1.153500,1.155000,400024000.000000,1465617600.0
1465790400.0,1.156250,1.192500,1.156250,1.169750,475588000.000000,1465876800.0
1465876800.0,1.167000,1.177500,1.154000,1.172000,298344000.000000,1465963200.0
1465963200.0,1.181750,1.194250,1.168750,1.184000,301036000.000000,1466049600.0
1466049600.0,1.175250,1.190750,1.163750,1.188750,246456000.000000,1466136000.0
1466136000.0,1.190250,1.190500,1.163250,1.168000,471000000.000000,1466222400.0
1466395200.0,1.186750,1.204250,1.186000,1.189000,293768000.000000,1466481600.0
1466481600.0,1.194000,1.197250,1.180000,1.181750,212508000.000000,1466568000.0
1466568000.0,1.184250,1.192000,1.178750,1.180750,202620000.000000,1466654400.0
1466654400.0,1.192000,1.213500,1.191250,1.212250,297880000.000000,1466740800.0
1466740800.0,1.162500,1.184000,1.132500,1.143250,1017684000.000000,1466827200.0
1467000000.0,1.133750,1.142500,1.114250,1.131000,449088000.000000,1467086400.0
1467086400.0,1.152500,1.153750,1.131750,1.147500,381920000.000000,1467172800.0
1467172800.0,1.157500,1.175250,1.154500,1.166250,318932000.000000,1467259200.0
1467259200.0,1.168250,1.182500,1.158750,1.175250,430940000.000000,1467345600.0
1467345600.0,1.168750,1.184000,1.162500,1.166500,218488000.000000,1467432000.0
1467691200.0,1.160000,1.185750,1.150750,1.183750,371084000.000000,1467777600.0
1467777600.0,1.175500,1.198250,1.169500,1.191250,273104000.000000,1467864000.0
1467864000.0,1.199250,1.226500,1.193750,1.222250,395400000.000000,1467950400.0
1467950400.0,1.235250,1.277250,1.230500,1.271250,481932000.000000,1468036800.0
1468209600.0,1.289500,1.310000,1.288000,1.300500,448776000.000000,1468296000.0
1468296000.0,1.315000,1.332000,1.298500,1.320000,436760000.000000,1468382400.0
1468382400.0,1.322500,1.330000,1.317500,1.319500,324604000.000000,1468468800.0
1468468800.0,1.326500,1.345000,1.315500,1.333000,316892000.000000,1468555200.0
1468555200.0,1.316000,1.323500,1.296000,1.317500,428616000.000000,1468641600.0
1468814400.0,1.333750,1.335750,1.319250,1.324250,252992000.000000,1468900800.0
1468900800.0,1.323500,1.343250,1.321000,1.338000,382652000.000000,1468987200.0
1468987200.0,1.342500,1.362750,1.337000,1.355500,296460000.000000,1469073600.0
1469073600.0,1.352500,1.356750,1.326000,1.330500,361308000.000000,1469160000.0
1469160000.0,1.335250,1.366750,1.325500,1.366750,315768000.000000,1469246400.0
1469419200.0,1.375000,1.395250,1.369000,1.392000,312528000.000000,1469505600.0
1469505600.0,1.404250,1.423000,1.402250,1.415750,514508000.000000,1469592000.0
1469592000.0,1.428000,1.430500,1.393000,1.401500,446676000.000000,1469678400.0
1469678400.0,1.404750,1.415000,1.400250,1.404500,221916000.000000,1469764800.0
1469764800.0,1.409750,1.431250,1.384500,1.427500,409588000.000000,1469851200.0
1470024000.0,1.433500,1.438750,1.409000,1.418250,301120000.000000,1470110400.0
1470110400.0,1.425000,1.425750,1.387500,1.401000,282748000.000000,1470196800.0
1470196800.0,1.399250,1.407500,1.391500,1.404750,299828000.000000,1470283200.0
1470283200.0,1.411500,1.437250,1.408750,1.430750,272712000.000000,1470369600.0
1470369600.0,1.447250,1.455750,1.440250,1.455000,371588000.000000,1470456000.0
1470628800.0,1.475000,1.478500,1.453000,1.468500,305064000.000000,1470715200.0
1470715200.0,1.475750,1.486500,1.468500,1.472250,372344000.000000,1470801600.0
1470801600.0,1.485250,1.487500,1.458000,1.462750,375740000.000000,1470888000.0
1470888000.0,1.470500,1.498750,1.467500,1.492500,681064000.000000,1470974400.0
1470974400.0,1.547500,1.584500,1.515750,1.576000,1425744000.000000,1471060800.0
1471233600.0,1.577750,1.587500,1.553250,1.574500,573304000.000000,1471320000.0
1471320000.0,1.572250,1.574750,1.560250,1.565000,287652000.000000,1471406400.0
1471406400.0,1.565000,1.568500,1.516500,1.528750,595212000.000000,1471492800.0
1471492800.0,1.526500,1.555000,1.520500,1.552500,331684000.000000,1471579200.0
1471579200.0,1.551750,1.568250,1.545000,1.556500,291560000.000000,1471665600.0
1471838400.0,1.561250,1.565250,1.542750,1.563000,244748000.000000,1471924800.0
1471924800.0,1.576000,1.583000,1.568250,1.572750,339764000.000000,1472011200.0
1472011200.0,1.578250,1.579000,1.541250,1.548500,298448000.000000,1472097600.0
1472097600.0,1.549000,1.549750,1.519000,1.538250,406032000.000000,1472184000.0
1472184000.0,1.542250,1.559500,1.530000,1.550750,300024000.000000,1472270400.0
1472443200.0,1.557000,1.563250,1.547250,1.549750,274652000.000000,1472529600.0
1472529600.0,1.547750,1.556000,1.536500,1.540750,285544000.000000,1472616000.0
1472616000.0,1.543750,1.548000,1.529000,1.533500,388544000.000000,1472702400.0
1472702400.0,1.534750,1.584500,1.533500,1.578750,428492000.000000,1472788800.0
1472788800.0,1.582000,1.583750,1.545500,1.563250,323148000.000000,1472875200.0
1473134400.0,1.568750,1.578000,1.560750,1.578000,306812000.000000,1473220800.0
1473220800.0,1.573000,1.580750,1.545750,1.554750,397988000.000000,1473307200.0
1473307200.0,1.553250,1.568500,1.535500,1.566000,315808000.000000,1473393600.0
1473393600.0,1.548750,1.557500,1.475000,1.488000,697760000.000000,1473480000.0
1473652800.0,1.468250,1.521750,1.433000,1.518750,598260000.000000,1473739200.0
1473739200.0,1.515000,1.532500,1.488250,1.496750,471768000.000000,1473825600.0
1473825600.0,1.500250,1.515000,1.487750,1.510000,319048000.000000,1473912000.0
1473912000.0,1.512500,1.569000,1.509000,1.567250,515212000.000000,1473998400.0
1473998400.0,1.572750,1.581250,1.553000,1.571000,902444000.000000,1474084800.0
1474257600.0,1.587500,1.631500,1.580250,1.591750,417128000.000000,1474344000.0
1474344000.0,1.610000,1.610000,1.568500,1.577250,331112000.000000,1474430400.0
1474430400.0,1.582000,1.624500,1.581750,1.621500,336212000.000000,1474516800.0
1474516800.0,1.631000,1.636000,1.616250,1.625500,308732000.000000,1474603200.0
1474603200.0,1.627500,1.632250,1.616500,1.623750,276132000.000000,1474689600.0
1474862400.0,1.605250,1.615000,1.588250,1.608500,230040000.000000,1474948800.0
1474948800.0,1.602250,1.666000,1.601500,1.663500,402752000.000000,1475035200.0
1475035200.0,1.666000,1.670750,1.648250,1.669500,319788000.000000,1475121600.0
1475121600.0,1.666750,1.690250,1.651250,1.685000,336684000.000000,1475208000.0
1475208000.0,1.694250,1.729750,1.684250,1.713000,429932000.000000,1475294400.0
1475467200.0,1.713000,1.737750,1.708250,1.711250,242596000.000000,1475553600.0
1475553600.0,1.713750,1.742500,1.694750,1.707500,281624000.000000,1475640000.0
1475640000.0,1.722000,1.739500,1.700500,1.705750,305440000.000000,1475726400.0
1475726400.0,1.685250,1.695750,1.656500,1.683500,360212000.000000,1475812800.0
1475812800.0,1.694750,1.699250,1.666500,1.671250,286260000.000000,1475899200.0
1476072000.0,1.680000,1.689000,1.661750,1.677500,287876000.000000,1476158400.0
1476158400.0,1.672000,1.674500,1.640500,1.653250,388540000.000000,1476244800.0
1476244800.0,1.646500,1.669500,1.632750,1.660750,419920000.000000,1476331200.0
1476331200.0,1.641250,1.645000,1.592500,1.633750,390116000.000000,1476417600.0
1476417600.0,1.653750,1.665000,1.640000,1.649750,330636000.000000,1476504000.0
1476676800.0,1.649500,1.665000,1.638000,1.640250,195328000.000000,1476763200.0
1476763200.0,1.663000,1.674750,1.656250,1.665250,269372000.000000,1476849600.0
1476849600.0,1.654000,1.669500,1.645500,1.661750,199060000.000000,1476936000.0
1476936000.0,1.681250,1.698750,1.657500,1.693250,312084000.000000,1477022400.0
1477022400.0,1.687250,1.691500,1.672500,1.688500,279508000.000000,1477108800.0
1477281600.0,1.700000,1.769750,1.699750,1.767750,339836000.000000,1477368000.0
1477368000.0,1.764750,1.807500,1.756250,1.796750,397460000.000000,1477454400.0
1477454400.0,1.781750,1.823750,1.780000,1.804000,333792000.000000,1477540800.0
1477540800.0,1.817750,1.821250,1.759750,1.767000,388664000.000000,1477627200.0
1477627200.0,1.775500,1.802500,1.760750,1.764000,290856000.000000,1477713600.0
1477886400.0,1.769750,1.790750,1.768750,1.779000,252388000.000000,1477972800.0
1477972800.0,1.785500,1.795250,1.707250,1.726250,473224000.000000,1478059200.0
1478059200.0,1.739500,1.763000,1.716000,1.719000,295848000.000000,1478145600.0
1478145600.0,1.727000,1.728500,1.666000,1.699000,309664000.000000,1478232000.0
1478232000.0,1.687750,1.718250,1.664500,1.689250,328780000.000000,1478318400.0
1478494800.0,1.738750,1.793000,1.737500,1.781750,487580000.000000,1478581200.0
1478581200.0,1.788500,1.794250,1.762500,1.779000,429884000.000000,1478667600.0
1478667600.0,1.730750,1.772500,1.718000,1.749000,456532000.000000,1478754000.0
1478754000.0,1.787250,1.787500,1.669000,1.694250,869280000.000000,1478840400.0
1478840400.0,1.987750,2.219250,1.962500,2.199250,2175344000.000000,1478926800.0
1479099600.0,2.202250,2.204750,2.090500,2.091000,1348796000.000000,1479186000.0
1479186000.0,2.107250,2.186250,2.098250,2.154750,626092000.000000,1479272400.0
1479272400.0,2.183500,2.314000,2.158750,2.290750,987984000.000000,1479358800.0
1479358800.0,2.307750,2.369750,2.266250,2.309750,832988000.000000,1479445200.0
1479445200.0,2.309750,2.358250,2.295000,2.334000,576060000.000000,1479531600.0
1479704400.0,2.352250,2.358750,2.310000,2.324500,436436000.000000,1479790800.0
1479790800.0,2.332500,2.343500,2.309500,2.341250,330368000.000000,1479877200.0
1479877200.0,2.343000,2.381250,2.319250,2.349250,443236000.000000,1479963600.0
1480050000.0,2.360500,2.377500,2.335250,2.354000,195564000.000000,1480136400.0
1480309200.0,2.346750,2.368500,2.340000,2.352750,278736000.000000,1480395600.0
1480395600.0,2.350000,2.361000,2.313250,2.331250,444568000.000000,1480482000.0
1480482000.0,2.340000,2.354000,2.302500,2.305000,440500000.000000,1480568400.0
1480568400.0,2.302500,2.304250,2.119250,2.191000,1035524000.000000,1480654800.0
1480654800.0,2.156250,2.220000,2.128000,2.211250,478292000.000000,1480741200.0
1480914000.0,2.249750,2.315250,2.225000,2.297000,602284000.000000,1481000400.0
1481000400.0,2.305250,2.343250,2.289250,2.334750,498796000.000000,1481086800.0
1481086800.0,2.321000,2.382500,2.302500,2.376750,480804000.000000,1481173200.0
1481173200.0,2.379750,2.415500,2.326250,2.337000,381544000.000000,1481259600.0
1481259600.0,2.355000,2.356750,2.267750,2.295500,382312000.000000,1481346000.0
1481518800.0,2.246250,2.248750,2.188500,2.239750,601332000.000000,1481605200.0
1481605200.0,2.252250,2.307250,2.251250,2.279250,387796000.000000,1481691600.0
1481691600.0,2.313500,2.427750,2.289250,2.411250,983980000.000000,1481778000.0
1481778000.0,2.422500,2.498500,2.415000,2.467750,746548000.000000,1481864400.0
1481864400.0,2.495750,2.517500,2.443250,2.510250,1089528000.000000,1481950800.0
1482123600.0,2.492500,2.561250,2.475000,2.540750,744656000.000000,1482210000.0
1482210000.0,2.614500,2.653250,2.603000,2.629250,848056000.000000,1482296400.0
1482296400.0,2.641000,2.648750,2.592750,2.645750,576136000.000000,1482382800.0
1482382800.0,2.670500,2.721750,2.663250,2.677750,718612000.000000,1482469200.0
1482469200.0,2.659500,2.746000,2.656750,2.744500,647692000.000000,1482555600.0
1482814800.0,2.801500,2.934000,2.780500,2.933000,1194272000.000000,1482901200.0
1482901200.0,2.990000,2.998250,2.717250,2.731250,2295764000.000000,1482987600.0
1482987600.0,2.622500,2.787250,2.570000,2.785750,2175368000.000000,1483074000.0
1483074000.0,2.783750,2.798000,2.657500,2.668500,1212932000.000000,1483160400.0
1483419600.0,2.610000,2.659250,2.484500,2.550250,1501996000.000000,1483506000.0
1483506000.0,2.585000,2.637500,2.538250,2.609750,1199220000.000000,1483592400.0
1483592400.0,2.613250,2.645500,2.526250,2.543500,984296000.000000,1483678800.0
1483678800.0,2.571250,2.606250,2.530000,2.577500,822856000.000000,1483765200.0
1483938000.0,2.587500,2.700000,2.587500,2.682000,916248000.000000,1484024400.0
1484024400.0,2.695250,2.729750,2.640750,2.661750,880920000.000000,1484110800.0
1484110800.0,2.650000,2.655000,2.603750,2.629000,525664000.000000,1484197200.0
1484197200.0,2.605750,2.617500,2.540500,2.586000,625616000.000000,1484283600.0
1484283600.0,2.590000,2.625000,2.576500,2.585750,457820000.000000,1484370000.0
1484629200.0,2.575000,2.580000,2.514250,2.527750,580612000.000000,1484715600.0
1484715600.0,2.506000,2.580750,2.477750,2.573750,654424000.000000,1484802000.0
1484802000.0,2.576750,2.661500,2.574500,2.629000,644872000.000000,1484888400.0
1484888400.0,2.652000,2.670000,2.578000,2.600250,492024000.000000,1484974800.0
1485147600.0,2.595000,2.647500,2.592500,2.627250,369904000.000000,1485234000.0
1485234000.0,2.637500,2.689500,2.622500,2.683250,428052000.000000,1485320400.0
1485320400.0,2.726250,2.732500,2.658250,2.694750,522760000.000000,1485406800.0
1485406800.0,2.697500,2.748750,2.667500,2.741250,458800000.000000,1485493200.0
1485493200.0,2.748250,2.797250,2.721250,2.794250,471996000.000000,1485579600.0
1485752400.0,2.773000,2.775250,2.697750,2.750500,496004000.000000,1485838800.0
1485838800.0,2.723750,2.751250,2.705000,2.729500,362756000.000000,1485925200.0
1485925200.0,2.764500,2.853000,2.746500,2.848750,590004000.000000,1486011600.0
1486011600.0,2.832500,2.893500,2.801500,2.884750,483240000.000000,1486098000.0
1486098000.0,2.886250,2.897500,2.847500,2.859500,372744000.000000,1486184400.0
1486357200.0,2.850000,2.933250,2.850000,2.932750,506768000.000000,1486443600.0
1486443600.0,2.967500,3.023000,2.947500,2.978250,746224000.000000,1486530000.0
1486530000.0,2.960000,2.982750,2.909500,2.965250,449580000.000000,1486616400.0
1486616400.0,2.971500,2.976500,2.890000,2.909500,842568000.000000,1486702800.0
1486702800.0,2.998250,3.017500,2.815000,2.840500,1651092000.000000,1486789200.0
1486962000.0,2.834750,2.849500,2.705000,2.709500,1180724000.000000,1487048400.0
1487048400.0,2.699750,2.753750,2.657250,2.719500,850632000.000000,1487134800.0
1487134800.0,2.722500,2.745000,2.694000,2.725000,373020000.000000,1487221200.0
1487221200.0,2.734750,2.736000,2.641500,2.681250,647176000.000000,1487307600.0
1487307600.0,2.667500,2.685250,2.619750,2.680750,563740000.000000,1487394000.0
1487653200.0,2.705750,2.780750,2.705500,2.776750,551952000.000000,1487739600.0
1487739600.0,2.785500,2.795000,2.749750,2.769000,433772000.000000,1487826000.0
1487826000.0,2.637500,2.659750,2.492000,2.512250,1592888000.000000,1487912400.0
1487912400.0,2.426750,2.550000,2.392500,2.536500,1029904000.000000,1487998800.0
1488171600.0,2.555000,2.625500,2.539000,2.610250,715400000.000000,1488258000.0
1488258000.0,2.620000,2.630000,2.519500,2.537000,625360000.000000,1488344400.0
1488344400.0,2.594750,2.609250,2.527750,2.569750,504804000.000000,1488430800.0
1488430800.0,2.556750,2.571000,2.472250,2.475000,754332000.000000,1488517200.0
1488517200.0,2.464250,2.469250,2.405500,2.460750,864692000.000000,1488603600.0
1488776400.0,2.424000,2.452500,2.379250,2.441750,883568000.000000,1488862800.0
1488862800.0,2.441750,2.488250,2.428750,2.468500,603400000.000000,1488949200.0
1488949200.0,2.517500,2.532500,2.461750,2.464000,638712000.000000,1489035600.0
1489035600.0,2.447750,2.486250,2.435000,2.463500,478060000.000000,1489122000.0
1489122000.0,2.490250,2.502250,2.459500,2.478000,499740000.000000,1489208400.0
1489377600.0,2.488500,2.556250,2.487750,2.546250,774136000.000000,1489464000.0
1489464000.0,2.559250,2.568750,2.511750,2.544500,522016000.000000,1489550400.0
1489550400.0,2.556250,2.574750,2.508000,2.563750,615036000.000000,1489636800.0
1489636800.0,2.574500,2.595750,2.560250,2.595250,523100000.000000,1489723200.0
1489723200.0,2.613000,2.653000,2.595250,2.651750,1119688000.000000,1489809600.0
1489982400.0,2.669500,2.740250,2.653250,2.736250,748568000.000000,1490068800.0
1490068800.0,2.718750,2.749000,2.639750,2.647750,913484000.000000,1490155200.0
1490155200.0,2.636500,2.706500,2.632500,2.701750,616764000.000000,1490241600.0
1490241600.0,2.693750,2.714000,2.667500,2.677250,533940000.000000,1490328000.0
1490328000.0,2.724250,2.732250,2.660500,2.686750,439500000.000000,1490414400.0
1490587200.0,2.639500,2.710250,2.589500,2.706250,506644000.000000,1490673600.0
1490673600.0,2.707500,2.722250,2.681750,2.692250,432444000.000000,1490760000.0
1490760000.0,2.699750,2.712250,2.681250,2.683500,349992000.000000,1490846400.0
1490846400.0,2.690750,2.750000,2.685000,2.735000,525532000.000000,1490932800.0
1490932800.0,2.725250,2.747250,2.710000,2.723250,440808000.000000,1491019200.0
1491192000.0,2.723750,2.741250,2.685500,2.709500,445232000.000000,1491278400.0
1491278400.0,2.585000,2.610500,2.508500,2.519500,1271280000.000000,1491364800.0
1491364800.0,2.500500,2.559250,2.487500,2.500750,747048000.000000,1491451200.0
1491451200.0,2.506000,2.531250,2.460250,2.519000,635120000.000000,1491537600.0
1491537600.0,2.525500,2.543250,2.493000,2.508250,429068000.000000,1491624000.0
1491796800.0,2.509000,2.515750,2.440000,2.444250,756332000.000000,1491883200.0
1491883200.0,2.413750,2.472500,2.408750,2.453000,618148000.000000,1491969600.0
1491969600.0,2.453000,2.467500,2.427500,2.432750,414092000.000000,1492056000.0
1492056000.0,2.408250,2.430250,2.387250,2.387250,506892000.000000,1492142400.0
1492401600.0,2.400250,2.481000,2.395000,2.480750,497292000.000000,1492488000.0
1492488000.0,2.466250,2.488500,2.440000,2.482250,370116000.000000,1492574400.0
1492574400.0,2.500000,2.524500,2.485250,2.492000,380828000.000000,1492660800.0
1492660800.0,2.506750,2.536250,2.485250,2.531500,404016000.000000,1492747200.0
1492747200.0,2.521000,2.544750,2.509000,2.542000,341896000.000000,1492833600.0
1493006400.0,2.574000,2.587000,2.552750,2.573750,371820000.000000,1493092800.0
1493092800.0,2.588500,2.633250,2.566750,2.618500,388440000.000000,1493179200.0
1493179200.0,2.632250,2.634750,2.598500,2.600500,327004000.000000,1493265600.0
1493265600.0,2.608000,2.649500,2.589750,2.641000,319700000.000000,1493352000.0
1493352000.0,2.634000,2.641000,2.601750,2.607500,348248000.000000,1493438400.0
1493611200.0,2.618500,2.671250,2.611250,2.666000,307732000.000000,1493697600.0
1493697600.0,2.638750,2.640000,2.564000,2.587000,629972000.000000,1493784000.0
1493784000.0,2.580000,2.616000,2.565000,2.606250,336904000.000000,1493870400.0
1493870400.0,2.612500,2.623750,2.588250,2.596250,209788000.000000,1493956800.0
1493956800.0,2.584500,2.603750,2.568750,2.596500,228428000.000000,1494043200.0
1494216000.0,2.608500,2.610000,2.557750,2.569250,365240000.000000,1494302400.0
1494302400.0,2.575000,2.623250,2.566500,2.573500,847672000.000000,1494388800.0
1494388800.0,2.857250,3.045500,2.850500,3.032250,2129096000.000000,1494475200.0
1494475200.0,3.001250,3.260750,2.997750,3.162500,1939792000.000000,1494561600.0
1494561600.0,3.165750,3.240000,3.144500,3.197250,962620000.000000,1494648000.0
1494820800.0,3.239000,3.360250,3.234500,3.357750,1087540000.000000,1494907200.0
1494907200.0,3.409500,3.436000,3.334000,3.420250,1120700000.000000,1494993600.0
1494993600.0,3.352500,3.371500,3.188750,3.193000,1271368000.000000,1495080000.0
1495080000.0,3.237500,3.335750,3.176250,3.326750,1156032000.000000,1495166400.0
1495166400.0,3.425750,3.455500,3.380500,3.400000,1018372000.000000,1495252800.0
1495425600.0,3.444250,3.487000,3.433250,3.472500,836608000.000000,1495512000.0
1495512000.0,3.492500,3.494750,3.392750,3.425750,681248000.000000,1495598400.0
1495598400.0,3.524000,3.526750,3.452000,3.464250,815996000.000000,1495684800.0
1495684800.0,3.500000,3.500750,3.411000,3.456500,608228000.000000,1495771200.0
1495771200.0,3.448250,3.632000,3.427750,3.546000,779140000.000000,1495857600.0
1496116800.0,3.592500,3.657250,3.576250,3.621750,989652000.000000,1496203200.0
1496203200.0,3.667250,3.675000,3.551250,3.608750,887316000.000000,1496289600.0
1496289600.0,3.624750,3.625750,3.563000,3.609000,503340000.000000,1496376000.0
1496376000.0,3.606000,3.632500,3.585000,3.591000,487456000.000000,1496462400.0
1496635200.0,3.574500,3.713250,3.562750,3.700250,817376000.000000,1496721600.0
1496721600.0,3.695500,3.742250,3.670000,3.683500,758728000.000000,1496808000.0
1496808000.0,3.708250,3.747000,3.692500,3.728000,612612000.000000,1496894400.0
1496894400.0,3.836500,4.000000,3.794750,3.998500,1161744000.000000,1496980800.0
1496980800.0,4.118500,4.212500,3.568750,3.740000,3692928000.000000,1497067200.0
1497240000.0,3.647000,3.792500,3.552750,3.749250,1697532000.000000,1497326400.0
1497326400.0,3.860000,3.869250,3.641250,3.785000,1672504000.000000,1497412800.0
1497412800.0,3.788000,3.851500,3.712500,3.793000,1184640000.000000,1497499200.0
1497499200.0,3.674000,3.840000,3.662500,3.809250,963824000.000000,1497585600.0
1497585600.0,3.819000,3.867500,3.756000,3.790500,924960000.000000,1497672000.0
1497844800.0,3.835250,3.938250,3.831500,3.933000,778176000.000000,1497931200.0
1497931200.0,3.975750,4.043500,3.923000,3.927250,1095444000.000000,1498017600.0
1498017600.0,3.955250,3.990500,3.892500,3.986750,682652000.000000,1498104000.0
1498104000.0,3.995000,4.008500,3.935000,3.959250,469132000.000000,1498190400.0
1498190400.0,3.967000,3.983000,3.830500,3.845750,1088588000.000000,1498276800.0
1498449600.0,3.879000,3.915000,3.708250,3.803750,1063960000.000000,1498536000.0
1498536000.0,3.786000,3.794750,3.658750,3.664500,999492000.000000,1498622400.0
1498622400.0,3.733000,3.798500,3.643750,3.793750,994948000.000000,1498708800.0
1498708800.0,3.765000,3.768000,3.602000,3.667000,1064424000.000000,1498795200.0
1498795200.0,3.684500,3.698250,3.587500,3.614000,731060000.000000,1498881600.0
1499054400.0,3.626250,3.641250,3.464500,3.483250,709072000.000000,1499140800.0
1499227200.0,3.547500,3.605500,3.528250,3.576250,820188000.000000,1499313600.0
1499313600.0,3.546750,3.634500,3.494000,3.587000,746284000.000000,1499400000.0
1499400000.0,3.644500,3.687500,3.621250,3.669000,654972000.000000,1499486400.0
1499659200.0,3.743500,3.850000,3.717000,3.842500,958492000.000000,1499745600.0
1499745600.0,3.846250,3.904750,3.803750,3.897000,757956000.000000,1499832000.0
1499832000.0,3.957500,4.075000,3.914000,4.062750,1145208000.000000,1499918400.0
1499918400.0,4.075000,4.157500,3.968750,4.015750,1369132000.000000,1500004800.0
1500004800.0,4.032250,4.125250,4.025250,4.123750,941948000.000000,1500091200.0
1500264000.0,4.158250,4.187500,4.043750,4.106250,930792000.000000,1500350400.0
1500350400.0,4.044500,4.163750,4.032500,4.149000,776640000.000000,1500436800.0
1500436800.0,4.158250,4.185000,4.115250,4.127500,687044000.000000,1500523200.0
1500523200.0,4.148250,4.187750,4.097750,4.187500,699596000.000000,1500609600.0
1500609600.0,4.166750,4.232500,4.152250,4.202500,648332000.000000,1500696000.0
1500868800.0,4.209750,4.219500,4.143000,4.153750,652524000.000000,1500955200.0
1500955200.0,4.130500,4.148250,4.089500,4.133750,496556000.000000,1501041600.0
1501041600.0,4.192000,4.248250,4.146250,4.181500,640404000.000000,1501128000.0
1501128000.0,4.206750,4.218500,3.939000,4.043500,782856000.000000,1501214400.0
1501214400.0,4.007250,4.134500,3.982000,4.109750,513348000.000000,1501300800.0
1501473600.0,4.123500,4.160000,4.015500,4.062750,559672000.000000,1501560000.0
1501560000.0,4.053250,4.114000,4.025000,4.112250,431384000.000000,1501646400.0
1501646400.0,4.143750,4.147750,4.031750,4.109750,478444000.000000,1501732800.0
1501732800.0,4.109250,4.165750,4.092000,4.162000,442420000.000000,1501819200.0
1501819200.0,4.185000,4.251750,4.162000,4.180250,589096000.000000,1501905600.0
1502078400.0,4.209750,4.309250,4.200000,4.308750,717412000.000000,1502164800.0
1502164800.0,4.347250,4.364000,4.217750,4.257500,755336000.000000,1502251200.0
1502251200.0,4.210750,4.305250,4.191750,4.302750,530784000.000000,1502337600.0
1502337600.0,4.304000,4.316500,4.108250,4.118500,1328088000.000000,1502424000.0
1502424000.0,3.928500,3.975000,3.822750,3.899000,1497196000.000000,1502510400.0
1502683200.0,3.991750,4.213750,3.980000,4.210000,1279020000.000000,1502769600.0
1502769600.0,4.215250,4.241750,4.139750,4.174500,764532000.000000,1502856000.0
1502856000.0,4.189750,4.213500,4.096000,4.128750,596632000.000000,1502942400.0
1502942400.0,4.120250,4.137500,4.034500,4.036750,525444000.000000,1503028800.0
1503028800.0,4.091750,4.109000,3.991000,4.037500,601204000.000000,1503115200.0
1503288000.0,4.062250,4.073750,3.934250,3.978750,623672000.000000,1503374400.0
1503374400.0,4.012250,4.069750,3.992750,4.063750,450456000.000000,1503460800.0
1503460800.0,4.030000,4.156250,4.021250,4.145000,579520000.000000,1503547200.0
1503547200.0,4.177500,4.182000,4.103000,4.129750,469700000.000000,1503633600.0
1503633600.0,4.154250,4.164500,4.088750,4.095250,357200000.000000,1503720000.0
1503892800.0,4.114500,4.127500,4.058250,4.124250,389496000.000000,1503979200.0
1503979200.0,4.064750,4.139500,4.056500,4.117500,324096000.000000,1504065600.0
1504065600.0,4.137500,4.153250,4.106750,4.142000,384400000.000000,1504152000.0
1504152000.0,4.162500,4.240000,4.155000,4.236000,612684000.000000,1504238400.0
1504238400.0,4.248750,4.297500,4.240000,4.261500,445432000.000000,1504324800.0
1504584000.0,4.209500,4.214500,4.089000,4.147750,695364000.000000,1504670400.0
1504670400.0,4.181000,4.195000,4.110000,4.145250,397672000.000000,1504756800.0
1504756800.0,4.162250,4.197250,4.123750,4.164500,352868000.000000,1504843200.0
1504843200.0,4.152750,4.167750,4.067750,4.092250,498856000.000000,1504929600.0
1505102400.0,4.138500,4.235750,4.133000,4.225000,567444000.000000,1505188800.0
1505188800.0,4.250000,4.250000,4.174250,4.240250,411488000.000000,1505275200.0
1505275200.0,4.214750,4.288500,4.182000,4.259250,580960000.000000,1505361600.0
1505361600.0,4.219750,4.314000,4.195000,4.235000,513712000.000000,1505448000.0
1505448000.0,4.321500,4.502750,4.316250,4.502750,1364792000.000000,1505534400.0
1505707200.0,4.628500,4.780000,4.621500,4.688750,1684460000.000000,1505793600.0
1505793600.0,4.637750,4.746250,4.615500,4.683750,874280000.000000,1505880000.0
1505880000.0,4.687500,4.735500,4.605250,4.646000,724920000.000000,1505966400.0
1505966400.0,4.541000,4.567500,4.440250,4.519000,1075600000.000000,1506052800.0
1506052800.0,4.507500,4.557750,4.465000,4.475000,491232000.000000,1506139200.0
1506312000.0,4.443750,4.445000,4.254000,4.275000,874580000.000000,1506398400.0
1506398400.0,4.411250,4.467000,4.258750,4.299000,1125620000.000000,1506484800.0
1506484800.0,4.390500,4.406750,4.318750,4.393250,713720000.000000,1506571200.0
1506571200.0,4.400500,4.404500,4.344000,4.392000,435244000.000000,1506657600.0
1506657600.0,4.477000,4.493250,4.431250,4.469250,619092000.000000,1506744000.0
1506916800.0,4.520000,4.549500,4.425000,4.475000,503480000.000000,1507003200.0
1507003200.0,4.481250,4.514500,4.439500,4.484250,390332000.000000,1507089600.0
1507089600.0,4.490500,4.544250,4.453500,4.521750,427848000.000000,1507176000.0
1507176000.0,4.546500,4.550000,4.489000,4.519250,437364000.000000,1507262400.0
1507262400.0,4.491250,4.546000,4.475000,4.532500,318800000.000000,1507348800.0
1507521600.0,4.569750,4.668250,4.550750,4.634750,563492000.000000,1507608000.0
1507608000.0,4.785750,4.823750,4.681500,4.723250,974876000.000000,1507694400.0
1507694400.0,4.740000,4.775000,4.693500,4.773500,529508000.000000,1507780800.0
1507780800.0,4.777000,4.827250,4.748250,4.775750,528292000.000000,1507867200.0
1507867200.0,4.838750,4.875000,4.791250,4.864750,628728000.000000,1507953600.0
1508126400.0,4.895000,4.951250,4.831000,4.948250,576640000.000000,1508212800.0
1508212800.0,4.927250,4.972500,4.908750,4.943750,478596000.000000,1508299200.0
1508299200.0,4.952750,4.953500,4.833000,4.939500,567316000.000000,1508385600.0
1508385600.0,4.861000,4.950000,4.811250,4.945000,570772000.000000,1508472000.0
1508472000.0,4.962250,4.989750,4.913500,4.922500,451620000.000000,1508558400.0
1508731200.0,4.944500,4.971250,4.895000,4.915500,428696000.000000,1508817600.0
1508817600.0,4.924750,4.968750,4.898500,4.967000,407244000.000000,1508904000.0
1508904000.0,4.927000,4.980500,4.779250,4.841500,828160000.000000,1508990400.0
1508990400.0,4.869500,4.904000,4.845250,4.892250,322744000.000000,1509076800.0
1509076800.0,4.945000,5.046750,4.918750,5.046500,572192000.000000,1509163200.0
1509336000.0,5.046500,5.152250,5.030500,5.096000,504056000.000000,1509422400.0
1509422400.0,5.128250,5.197250,5.122500,5.170250,411908000.000000,1509508800.0
1509508800.0,5.233750,5.249250,5.115000,5.180000,502576000.000000,1509595200.0
1509595200.0,5.150000,5.195250,5.091250,5.148500,342308000.000000,1509681600.0
1509681600.0,5.180000,5.217250,5.133500,5.217250,353640000.000000,1509768000.0
1509944400.0,5.180000,5.249500,5.167500,5.240750,389944000.000000,1510030800.0
1510030800.0,5.263750,5.322500,5.251500,5.300750,427700000.000000,1510117200.0
1510117200.0,5.296250,5.300000,5.181000,5.229000,522988000.000000,1510203600.0
1510203600.0,5.131750,5.158250,5.009250,5.133000,978564000.000000,1510290000.0
1510290000.0,5.327000,5.466750,5.290750,5.403500,1253256000.000000,1510376400.0
1510549200.0,5.403500,5.429250,5.300250,5.315750,582376000.000000,1510635600.0
1510635600.0,5.325000,5.370000,5.280750,5.354500,529292000.000000,1510722000.0
1510722000.0,5.298750,5.300000,5.195000,5.249500,501948000.000000,1510808400.0
1510808400.0,5.324500,5.355000,5.281250,5.290250,441768000.000000,1510894800.0
1510894800.0,5.348000,5.383750,5.268750,5.284000,515664000.000000,1510981200.0
1511154000.0,5.299750,5.364250,5.262500,5.352000,396100000.000000,1511240400.0
1511240400.0,5.392250,5.413000,5.360000,5.401250,399176000.000000,1511326800.0
1511326800.0,5.425000,5.425000,5.340250,5.373250,356640000.000000,1511413200.0
1511499600.0,5.389750,5.425000,5.365000,5.424000,180752000.000000,1511586000.0
1511758800.0,5.432750,5.434000,5.350250,5.353500,422896000.000000,1511845200.0
1511845200.0,5.358750,5.368250,5.206000,5.267750,512752000.000000,1511931600.0
1511931600.0,5.250250,5.253000,4.780750,4.910500,1396788000.000000,1512018000.0
1512018000.0,4.980000,5.067000,4.916250,5.017750,823768000.000000,1512104400.0
1512104400.0,4.982750,5.003250,4.811750,4.942000,811548000.000000,1512190800.0
1512363600.0,5.001250,5.007500,4.612500,4.666500,1240844000.000000,1512450000.0
1512450000.0,4.560000,4.817500,4.514500,4.693500,981488000.000000,1512536400.0
1512536400.0,4.642500,4.753500,4.621000,4.731500,467032000.000000,1512622800.0
1512622800.0,4.799000,4.840000,4.753000,4.799750,542600000.000000,1512709200.0
1512709200.0,4.850250,4.869500,4.778750,4.787250,466876000.000000,1512795600.0
1512968400.0,4.801500,4.869500,4.785500,4.866500,372748000.000000,1513054800.0
1513054800.0,4.822500,4.846000,4.747250,4.771000,455016000.000000,1513141200.0
1513141200.0,4.812500,4.813750,4.647000,4.654500,554280000.000000,1513227600.0
1513227600.0,4.648000,4.733500,4.615000,4.661750,438164000.000000,1513314000.0
1513314000.0,4.706250,4.809500,4.640500,4.789000,670036000.000000,1513400400.0
1513573200.0,4.830000,4.950500,4.800000,4.947500,477704000.000000,1513659600.0
1513659600.0,4.938000,4.943250,4.874000,4.902750,373100000.000000,1513746000.0
1513746000.0,4.942500,4.951750,4.863750,4.920000,288820000.000000,1513832400.0
1513832400.0,4.923500,4.948750,4.888750,4.897250,300904000.000000,1513918800.0
1513918800.0,4.860000,4.891250,4.781250,4.881750,466276000.000000,1514005200.0
1514264400.0,4.825750,4.943750,4.795500,4.936000,355080000.000000,1514350800.0
1514350800.0,4.922500,4.999250,4.907750,4.929250,329488000.000000,1514437200.0
1514437200.0,4.953250,4.984500,4.928750,4.935000,240248000.000000,1514523600.0
1514523600.0,4.961500,4.961500,4.837500,4.837500,279964000.000000,1514610000.0
1514869200.0,4.894500,4.987500,4.862500,4.983750,355616000.000000,1514955600.0
1514955600.0,5.102500,5.342500,5.093750,5.311750,914704000.000000,1515042000.0
1515042000.0,5.394000,5.451250,5.317250,5.339750,583268000.000000,1515128400.0
1515128400.0,5.354750,5.422750,5.277000,5.385000,580124000.000000,1515214800.0
1515387600.0,5.510000,5.625000,5.464500,5.550000,881216000.000000,1515474000.0
1515474000.0,5.555500,5.595500,5.466000,5.548500,497000000.000000,1515560400.0
1515560400.0,5.455000,5.595500,5.400000,5.592000,582664000.000000,1515646800.0
1515646800.0,5.625000,5.656750,5.580250,5.602000,406032000.000000,1515733200.0
1515733200.0,5.590000,5.624750,5.533500,5.574500,359916000.000000,1515819600.0
1516078800.0,5.601250,5.687750,5.417250,5.502750,702348000.000000,1516165200.0
1516165200.0,5.517500,5.628000,5.422500,5.618000,538408000.000000,1516251600.0
1516251600.0,5.598500,5.666000,5.567000,5.611000,408632000.000000,1516338000.0
1516338000.0,5.702250,5.777250,5.675000,5.752750,609380000.000000,1516424400.0
1516597200.0,5.760750,5.844000,5.702500,5.842250,550944000.000000,1516683600.0
1516683600.0,5.896250,5.995750,5.877500,5.972750,475228000.000000,1516770000.0
1516770000.0,5.976000,6.012250,5.838750,5.895000,579972000.000000,1516856400.0
1516856400.0,5.950000,5.993750,5.893750,5.908750,409884000.000000,1516942800.0
1516942800.0,5.953000,6.083500,5.940000,6.083250,516356000.000000,1517029200.0
1517202000.0,6.068500,6.202750,6.015250,6.171250,455116000.000000,1517288400.0
1517288400.0,6.027750,6.160500,5.960250,6.068000,570832000.000000,1517374800.0
1517374800.0,6.144250,6.231750,6.111250,6.145000,478576000.000000,1517461200.0
1517461200.0,5.963000,6.172500,5.951500,6.012500,519224000.000000,1517547600.0
1517547600.0,5.925000,5.949250,5.779250,5.838000,718464000.000000,1517634000.0
1517806800.0,5.675000,5.830750,5.125000,5.342500,1165204000.000000,1517893200.0
1517893200.0,5.110000,5.642500,5.100000,5.639500,1114800000.000000,1517979600.0
1517979600.0,5.739500,5.874250,5.667500,5.720000,802932000.000000,1518066000.0
1518066000.0,5.847000,5.880500,5.437750,5.438000,1144000000.000000,1518152400.0
1518152400.0,5.956250,5.972250,5.438000,5.802000,1674604000.000000,1518238800.0
1518411600.0,5.884000,5.887000,5.625750,5.700750,1093172000.000000,1518498000.0
1518498000.0,5.664000,5.862500,5.631250,5.815750,625524000.000000,1518584400.0
1518584400.0,5.775000,6.064750,5.763750,6.035500,744988000.000000,1518670800.0
1518670800.0,6.119750,6.209250,6.038000,6.162500,698900000.000000,1518757200.0
1518757200.0,6.135000,6.250000,6.086750,6.096000,637656000.000000,1518843600.0
1519102800.0,6.118750,6.296750,6.115000,6.227000,686240000.000000,1519189200.0
1519189200.0,6.292250,6.299250,6.034000,6.037750,892292000.000000,1519275600.0
1519275600.0,6.068250,6.140750,5.987500,6.053750,534364000.000000,1519362000.0
1519362000.0,6.114250,6.148250,6.063000,6.148250,415300000.000000,1519448400.0
1519621200.0,6.195000,6.199500,6.101500,6.164500,469312000.000000,1519707600.0
1519707600.0,6.137500,6.222750,6.128250,6.151500,455436000.000000,1519794000.0
1519794000.0,6.162500,6.202500,6.038250,6.050000,523116000.000000,1519880400.0
1519880400.0,6.047750,6.102250,5.703000,5.805250,1040120000.000000,1519966800.0
1519966800.0,5.696500,5.920000,5.546250,5.913500,913428000.000000,1520053200.0
1520226000.0,5.862750,5.931250,5.738000,5.891250,620776000.000000,1520312400.0
1520312400.0,5.977500,6.073500,5.934000,6.054000,636808000.000000,1520398800.0
1520398800.0,5.950000,6.098750,5.948750,6.046000,581208000.000000,1520485200.0
1520485200.0,6.073750,6.073750,5.984750,6.029500,411912000.000000,1520571600.0
1520571600.0,6.077500,6.146250,6.061250,6.133250,505524000.000000,1520658000.0
1520827200.0,6.175000,6.325000,6.166750,6.244000,605060000.000000,1520913600.0
1520913600.0,6.287250,6.362500,6.151000,6.192750,619772000.000000,1521000000.0
1521000000.0,6.236250,6.263750,6.155500,6.218500,505496000.000000,1521086400.0
1521086400.0,6.232250,6.315500,6.191000,6.233500,401952000.000000,1521172800.0
1521172800.0,6.250000,6.281250,6.212000,6.262000,399456000.000000,1521259200.0
1521432000.0,6.204500,6.233750,5.925000,6.025000,713772000.000000,1521518400.0
1521518400.0,6.028000,6.278750,6.028000,6.239500,554696000.000000,1521604800.0
1521604800.0,6.233000,6.300000,6.183250,6.214000,438688000.000000,1521691200.0
1521691200.0,6.150000,6.197000,6.008500,6.046250,551196000.000000,1521777600.0
1521777600.0,6.060000,6.062500,5.813000,5.824250,735620000.000000,1521864000.0
1522036800.0,5.950000,6.113250,5.897500,6.112000,611424000.000000,1522123200.0
1522123200.0,6.193750,6.250000,5.496250,5.638000,1409000000.000000,1522209600.0
1522209600.0,5.603250,5.734750,5.425000,5.533750,945904000.000000,1522296000.0
1522296000.0,5.602750,5.887500,5.517500,5.789750,916628000.000000,1522382400.0
1522641600.0,5.718500,5.866250,5.437500,5.526250,922092000.000000,1522728000.0
1522728000.0,5.695000,5.758750,5.533750,5.633750,667432000.000000,1522814400.0
1522814400.0,5.375250,5.666500,5.350000,5.656000,789168000.000000,1522900800.0
1522900800.0,5.715000,5.728250,5.462250,5.534500,701240000.000000,1522987200.0
1522987200.0,5.430750,5.540000,5.326750,5.356250,662988000.000000,1523073600.0
1523246400.0,5.420000,5.549250,5.365000,5.385250,499524000.000000,1523332800.0
1523332800.0,5.618000,5.725000,5.560250,5.697750,761676000.000000,1523419200.0
1523419200.0,5.682750,5.724500,5.623000,5.656000,460244000.000000,1523505600.0
1523505600.0,5.750000,5.883000,5.705250,5.865000,593920000.000000,1523592000.0
1523592000.0,5.929250,5.937750,5.738750,5.787500,503036000.000000,1523678400.0
1523851200.0,5.794250,5.821000,5.692000,5.787250,350792000.000000,1523937600.0
1523937600.0,5.840000,5.960000,5.783750,5.938500,447224000.000000,1524024000.0
1524024000.0,5.887500,5.981250,5.819250,5.909250,391364000.000000,1524110400.0
1524110400.0,5.793750,5.827500,5.670000,5.726000,471996000.000000,1524196800.0
1524196800.0,5.717250,5.802500,5.686250,5.717750,386200000.000000,1524283200.0
1524456000.0,5.735750,5.787500,5.570750,5.597000,427508000.000000,1524542400.0
1524542400.0,5.623000,5.720000,5.464000,5.530000,414596000.000000,1524628800.0
1524628800.0,5.500000,5.539500,5.257500,5.416500,588492000.000000,1524715200.0
1524715200.0,5.580000,5.638750,5.513250,5.630500,375824000.000000,1524801600.0
1524801600.0,5.737500,5.757500,5.615500,5.658250,400848000.000000,1524888000.0
1525060800.0,5.674750,5.725000,5.603000,5.622500,327844000.000000,1525147200.0
1525147200.0,5.614250,5.681250,5.555000,5.678500,253788000.000000,1525233600.0
1525233600.0,5.675000,5.720000,5.631250,5.657750,268248000.000000,1525320000.0
1525320000.0,5.690000,5.851250,5.644250,5.824750,443144000.000000,1525406400.0
1525406400.0,5.795750,5.979750,5.778250,5.976500,400660000.000000,1525492800.0
1525665600.0,6.082250,6.274750,6.072250,6.217000,687616000.000000,1525752000.0
1525752000.0,6.217250,6.262750,6.167750,6.260000,506616000.000000,1525838400.0
1525838400.0,6.280250,6.396750,6.252750,6.394500,596760000.000000,1525924800.0
1525924800.0,6.448000,6.512500,6.430000,6.503250,994080000.000000,1526011200.0
1526011200.0,6.319500,6.494750,6.263500,6.363250,1214456000.000000,1526097600.0
1526270400.0,6.401750,6.462250,6.360000,6.384000,523140000.000000,1526356800.0
1526356800.0,6.319750,6.322500,6.037500,6.139000,963528000.000000,1526443200.0
1526443200.0,6.100000,6.213000,6.062750,6.150250,553828000.000000,1526529600.0
1526529600.0,6.152000,6.287500,6.135750,6.192750,519784000.000000,1526616000.0
1526616000.0,6.245250,6.309250,6.143500,6.148500,483716000.000000,1526702400.0
1526875200.0,6.247000,6.250750,6.012250,6.106000,640624000.000000,1526961600.0
1526961600.0,6.119500,6.145000,6.006250,6.067500,518264000.000000,1527048000.0
1527048000.0,6.007000,6.189750,6.006250,6.188500,442956000.000000,1527134400.0
1527134400.0,6.184750,6.235000,6.131000,6.192250,437372000.000000,1527220800.0
1527220800.0,6.205000,6.248500,6.169000,6.232000,292112000.000000,1527307200.0
1527566400.0,6.213750,6.283500,6.167500,6.214750,352684000.000000,1527652800.0
1527652800.0,6.248750,6.333500,6.223750,6.324750,390996000.000000,1527739200.0
1527739200.0,6.292500,6.380000,6.281750,6.304750,493868000.000000,1527825600.0
1527825600.0,6.350000,6.446750,6.341250,6.440500,421968000.000000,1527912000.0
1528084800.0,6.475000,6.643500,6.442500,6.621250,642024000.000000,1528171200.0
1528171200.0,6.624500,6.664750,6.579250,6.626750,391712000.000000,1528257600.0
1528257600.0,6.535750,6.632000,6.519250,6.628750,371356000.000000,1528344000.0
1528344000.0,6.625000,6.637000,6.481250,6.572500,369448000.000000,1528430400.0
1528430400.0,6.499000,6.600000,6.480000,6.557000,360456000.000000,1528516800.0
1528689600.0,6.544250,6.586250,6.502500,6.515500,265372000.000000,1528776000.0
1528776000.0,6.542250,6.576750,6.491500,6.564500,319160000.000000,1528862400.0
1528862400.0,6.566000,6.641750,6.550750,6.560000,338208000.000000,1528948800.0
1528948800.0,6.605500,6.730000,6.590500,6.672750,430016000.000000,1529035200.0
1529035200.0,6.615000,6.687000,6.583750,6.631500,432260000.000000,1529121600.0
1529294400.0,6.587000,6.645000,6.559500,6.627250,356268000.000000,1529380800.0
1529380800.0,6.523000,6.591000,6.375500,6.504250,594932000.000000,1529467200.0
1529467200.0,6.545750,6.611250,6.507000,6.557750,369780000.000000,1529553600.0
1529553600.0,6.590000,6.608500,6.420000,6.427750,359516000.000000,1529640000.0
1529640000.0,6.448750,6.462250,6.258250,6.273750,434160000.000000,1529726400.0
1529899200.0,6.166250,6.170000,5.888500,5.978000,665816000.000000,1529985600.0
1529985600.0,6.092500,6.141250,5.997750,6.049750,478884000.000000,1530072000.0
1530072000.0,6.093750,6.160750,5.887500,5.893000,453892000.000000,1530158400.0
1530158400.0,5.883000,6.033500,5.875250,6.021500,338012000.000000,1530244800.0
1530244800.0,6.087250,6.100000,5.921250,5.922500,392300000.000000,1530331200.0
1530504000.0,5.852250,6.059750,5.831500,6.056000,357572000.000000,1530590400.0
1530590400.0,6.091000,6.097000,5.912500,5.921000,222732000.000000,1530676800.0
1530763200.0,5.976750,6.073250,5.937500,6.068250,306216000.000000,1530849600.0
1530849600.0,6.043500,6.191750,6.022000,6.183250,296352000.000000,1530936000.0
1531108800.0,6.258250,6.268000,6.151750,6.231250,303880000.000000,1531195200.0
1531195200.0,6.243750,6.353500,6.203000,6.331250,360016000.000000,1531281600.0
1531281600.0,6.237500,6.272500,6.177500,6.188250,367508000.000000,1531368000.0
1531368000.0,6.234000,6.329250,6.224000,6.280750,345508000.000000,1531454400.0
1531454400.0,6.299500,6.299500,6.190500,6.233000,246988000.000000,1531540800.0
1531713600.0,6.205000,6.258500,6.192500,6.205000,197036000.000000,1531800000.0
1531800000.0,6.155250,6.357500,6.129500,6.342250,362136000.000000,1531886400.0
1531886400.0,6.334750,6.348750,6.241000,6.292500,277640000.000000,1531972800.0
1531972800.0,6.273500,6.334750,6.258250,6.300750,235752000.000000,1532059200.0
1532059200.0,6.298250,6.337500,6.261250,6.272250,222352000.000000,1532145600.0
1532318400.0,6.245500,6.247250,6.082000,6.235250,301584000.000000,1532404800.0
1532404800.0,6.283750,6.371250,6.200000,6.217750,354620000.000000,1532491200.0
1532491200.0,6.227250,6.309500,6.168750,6.296750,319112000.000000,1532577600.0
1532577600.0,6.276500,6.408250,6.259500,6.371000,325124000.000000,1532664000.0
1532664000.0,6.408000,6.415000,6.246000,6.300500,295420000.000000,1532750400.0
1532923200.0,6.314750,6.320750,6.068000,6.103250,340340000.000000,1533009600.0
1533009600.0,6.092750,6.197000,6.053500,6.121500,283988000.000000,1533096000.0
1533096000.0,6.153250,6.209000,6.097250,6.161750,283556000.000000,1533182400.0
1533182400.0,6.089750,6.269500,6.030250,6.265500,269668000.000000,1533268800.0
1533268800.0,6.290250,6.326500,6.273250,6.302500,214288000.000000,1533355200.0
1533528000.0,6.289750,6.354250,6.242750,6.350750,207508000.000000,1533614400.0
1533614400.0,6.400000,6.442500,6.373000,6.423750,258132000.000000,1533700800.0
1533700800.0,6.425000,6.506000,6.389750,6.460500,262100000.000000,1533787200.0
1533787200.0,6.478500,6.481250,6.403750,6.411500,204280000.000000,1533873600.0
1533873600.0,6.328750,6.402500,6.317500,6.369750,256396000.000000,1533960000.0
1534132800.0,6.378500,6.525000,6.376750,6.403000,375208000.000000,1534219200.0
1534219200.0,6.509500,6.550000,6.425500,6.535750,466220000.000000,1534305600.0
1534305600.0,6.556750,6.591000,6.397500,6.477000,591136000.000000,1534392000.0
1534392000.0,6.547500,6.550000,6.375250,6.436000,801260000.000000,1534478400.0
1534478400.0,6.323500,6.324250,6.093250,6.120500,1143188000.000000,1534564800.0
1534737600.0,6.079500,6.330000,5.968000,6.196000,854388000.000000,1534824000.0
1534824000.0,6.212500,6.337500,6.192500,6.333000,673988000.000000,1534910400.0
1534910400.0,6.300000,6.575500,6.296500,6.570500,749856000.000000,1534996800.0
1534996800.0,6.531500,6.737000,6.517500,6.671000,720684000.000000,1535083200.0
1535083200.0,6.679500,6.820250,6.675000,6.805500,531512000.000000,1535169600.0
1535342400.0,6.835500,6.972500,6.803750,6.897500,505776000.000000,1535428800.0
1535428800.0,6.891500,6.914500,6.738250,6.859500,475384000.000000,1535515200.0
1535515200.0,6.848000,6.987500,6.827000,6.962250,420108000.000000,1535601600.0
1535601600.0,6.930750,7.043000,6.908000,6.945250,346608000.000000,1535688000.0
1535688000.0,6.925000,7.030000,6.915000,7.017000,306592000.000000,1535774400.0
1536033600.0,7.003750,7.130500,6.975000,7.092500,391720000.000000,1536120000.0
1536120000.0,7.074750,7.110500,6.878750,6.960500,393156000.000000,1536206400.0
1536206400.0,6.944000,6.946500,6.784750,6.818000,322796000.000000,1536292800.0
1536292800.0,6.725000,6.923250,6.679750,6.796500,295420000.000000,1536379200.0
1536552000.0,6.819250,6.898250,6.775000,6.868250,220140000.000000,1536638400.0
1536638400.0,6.821500,6.910000,6.800500,6.820000,243112000.000000,1536724800.0
1536724800.0,6.779750,6.799500,6.548000,6.705000,419092000.000000,1536811200.0
1536811200.0,6.771500,6.875000,6.754000,6.783500,305536000.000000,1536897600.0
1536897600.0,6.874750,6.977500,6.837500,6.910750,386936000.000000,1536984000.0
1537156800.0,6.885000,6.934500,6.828750,6.848250,205528000.000000,1537243200.0
1537243200.0,6.852250,6.956000,6.768750,6.775500,299520000.000000,1537329600.0
1537329600.0,6.756750,6.817500,6.706250,6.799500,224860000.000000,1537416000.0
1537416000.0,6.676250,6.719000,6.602500,6.657000,430584000.000000,1537502400.0
1537502400.0,6.669000,6.715000,6.552750,6.586250,435128000.000000,1537588800.0
1537761600.0,6.555000,6.646000,6.467000,6.642500,293912000.000000,1537848000.0
1537848000.0,6.709250,6.735500,6.622750,6.710250,280388000.000000,1537934400.0
1537934400.0,6.715250,6.756000,6.657000,6.673000,268548000.000000,1538020800.0
1538020800.0,6.708500,6.730000,6.653250,6.685000,214428000.000000,1538107200.0
1538107200.0,6.818250,7.048000,6.790000,7.025500,709396000.000000,1538193600.0
1538366400.0,7.104000,7.301500,7.065000,7.234000,622060000.000000,1538452800.0
1538452800.0,7.206250,7.319000,7.139500,7.162000,383964000.000000,1538539200.0
1538539200.0,7.233000,7.240500,7.063250,7.168250,320552000.000000,1538625600.0
1538625600.0,7.131750,7.156250,6.904500,6.982250,391220000.000000,1538712000.0
1538712000.0,6.957250,7.020000,6.688500,6.746500,426636000.000000,1538798400.0
1538971200.0,6.662500,6.779000,6.502000,6.644250,408612000.000000,1539057600.0
1539057600.0,6.623500,6.719000,6.570000,6.638500,273500000.000000,1539144000.0
1539144000.0,6.531500,6.577750,6.140000,6.142250,684940000.000000,1539230400.0
1539230400.0,6.054250,6.189000,5.856500,5.878250,725436000.000000,1539316800.0
1539316800.0,6.137750,6.238500,5.991250,6.163500,608236000.000000,1539403200.0
1539576000.0,6.150000,6.150000,5.883500,5.884500,449760000.000000,1539662400.0
1539662400.0,5.998250,6.157000,5.948500,6.145750,408712000.000000,1539748800.0
1539748800.0,6.208500,6.247000,6.027000,6.076500,329668000.000000,1539835200.0
1539835200.0,6.146500,6.185250,5.927250,5.988250,524020000.000000,1539921600.0
1539921600.0,6.044000,6.063750,5.692500,5.729250,613608000.000000,1540008000.0
1540180800.0,5.782000,5.883000,5.676750,5.780500,368844000.000000,1540267200.0
1540267200.0,5.510750,5.604750,5.417750,5.526500,626436000.000000,1540353600.0
1540353600.0,5.487750,5.534750,4.971250,4.985250,884288000.000000,1540440000.0
1540440000.0,4.886750,5.243750,4.842000,5.196000,951720000.000000,1540526400.0
1540526400.0,4.957750,5.121000,4.828000,4.957250,664784000.000000,1540612800.0
1540785600.0,5.099750,5.103250,4.400250,4.640500,758016000.000000,1540872000.0
1540872000.0,4.663750,5.085000,4.640500,5.075000,807192000.000000,1540958400.0
1540958400.0,5.241250,5.314750,5.100250,5.270750,745772000.000000,1541044800.0
1541044800.0,5.307500,5.462250,5.179750,5.452750,566528000.000000,1541131200.0
1541131200.0,5.443250,5.550000,5.255250,5.373000,452960000.000000,1541217600.0
1541394000.0,5.359750,5.383250,5.132000,5.294250,379332000.000000,1541480400.0
1541480400.0,5.286250,5.371250,5.239000,5.276500,299012000.000000,1541566800.0
1541566800.0,5.343750,5.435250,5.279500,5.344750,483812000.000000,1541653200.0
1541653200.0,5.285000,5.285750,5.095750,5.149750,511352000.000000,1541739600.0
1541739600.0,5.060000,5.233000,5.026000,5.141750,413240000.000000,1541826000.0
1541998800.0,5.049500,5.071750,4.716500,4.738500,617116000.000000,1542085200.0
1542085200.0,4.837250,5.105250,4.831000,4.982750,644712000.000000,1542171600.0
1542171600.0,5.157500,5.172000,4.820750,4.929750,526580000.000000,1542258000.0
1542258000.0,4.923750,5.132500,4.887500,5.059750,840708000.000000,1542344400.0
1542344400.0,4.083000,4.266500,4.040250,4.110750,1963520000.000000,1542430800.0
1542603600.0,4.044750,4.045500,3.615750,3.617500,1697820000.000000,1542690000.0
1542690000.0,3.351500,3.856500,3.332750,3.727000,1692032000.000000,1542776400.0
1542776400.0,3.865500,3.882500,3.590250,3.617750,1025496000.000000,1542862800.0
1542949200.0,3.582750,3.739750,3.569750,3.625000,411968000.000000,1543035600.0
1543208400.0,3.747250,3.836750,3.664000,3.826250,814832000.000000,1543294800.0
1543294800.0,3.800000,3.925250,3.763750,3.843250,738060000.000000,1543381200.0
1543381200.0,3.962000,4.007000,3.828250,4.001750,804524000.000000,1543467600.0
1543467600.0,4.000000,4.037500,3.903500,3.934000,549172000.000000,1543554000.0
1543554000.0,3.943750,4.096500,3.893000,4.085750,729564000.000000,1543640400.0
1543813200.0,4.315000,4.367000,4.183500,4.251000,890804000.000000,1543899600.0
1543899600.0,4.206000,4.211000,3.912500,3.927750,812112000.000000,1543986000.0
1544072400.0,3.786000,3.962250,3.770250,3.957250,692308000.000000,1544158800.0
1544158800.0,3.961500,3.971750,3.640500,3.690250,681676000.000000,1544245200.0
1544418000.0,3.645000,3.821500,3.641250,3.796500,629472000.000000,1544504400.0
1544504400.0,3.889000,3.897250,3.625000,3.704750,671912000.000000,1544590800.0
1544590800.0,3.710500,3.819500,3.620500,3.722500,654136000.000000,1544677200.0
1544677200.0,3.769750,3.834500,3.686000,3.722250,471384000.000000,1544763600.0
1544763600.0,3.680250,3.764750,3.637500,3.661250,471820000.000000,1544850000.0
1545022800.0,3.631000,3.703750,3.531000,3.589500,662868000.000000,1545109200.0
1545109200.0,3.633750,3.758250,3.606250,3.673500,564372000.000000,1545195600.0
1545195600.0,3.639500,3.693500,3.410750,3.462750,745364000.000000,1545282000.0
1545282000.0,3.454250,3.545000,3.317250,3.377500,749588000.000000,1545368400.0
1545368400.0,3.404250,3.437500,3.211500,3.239250,863740000.000000,1545454800.0
1545627600.0,3.162250,3.249500,3.112500,3.177000,463840000.000000,1545714000.0
1545800400.0,3.223500,3.328500,3.111500,3.327500,695100000.000000,1545886800.0
1545886800.0,3.274750,3.309500,3.129500,3.279250,637044000.000000,1545973200.0
1545973200.0,3.300000,3.434750,3.257750,3.341250,628728000.000000,1546059600.0
1546232400.0,3.385000,3.417750,3.306500,3.337500,465140000.000000,1546318800.0
1546405200.0,3.266000,3.462000,3.251250,3.405500,508752000.000000,1546491600.0
1546491600.0,3.344750,3.379000,3.192250,3.199750,705552000.000000,1546578000.0
1546578000.0,3.273500,3.443250,3.242500,3.404750,585620000.000000,1546664400.0
1546837200.0,3.462500,3.622250,3.410750,3.585000,709160000.000000,1546923600.0
1546923600.0,3.667250,3.669500,3.422500,3.495750,786016000.000000,1547010000.0
1547010000.0,3.547500,3.612250,3.496500,3.564500,617260000.000000,1547096400.0
1547096400.0,3.545000,3.639500,3.484000,3.630750,523156000.000000,1547182800.0
1547182800.0,3.608250,3.743750,3.580250,3.720750,874764000.000000,1547269200.0
1547442000.0,3.668000,3.786500,3.644250,3.761000,730168000.000000,1547528400.0
1547528400.0,3.794000,3.833750,3.728250,3.746750,617012000.000000,1547614800.0
1547614800.0,3.774250,3.807500,3.715500,3.721000,470104000.000000,1547701200.0
1547701200.0,3.687750,3.833250,3.660250,3.793000,493436000.000000,1547787600.0
1547787600.0,3.843250,3.949500,3.791250,3.923250,651336000.000000,1547874000.0
1548133200.0,3.892750,3.904500,3.688750,3.719250,661552000.000000,1548219600.0
1548219600.0,3.775000,3.864500,3.700750,3.732250,591020000.000000,1548306000.0
1548306000.0,3.817500,3.963750,3.812750,3.946000,708972000.000000,1548392400.0
1548392400.0,3.886000,4.022000,3.782500,4.003750,1154572000.000000,1548478800.0
1548651600.0,3.413750,3.541000,3.275000,3.450250,2511528000.000000,1548738000.0
1548738000.0,3.403750,3.452500,3.275250,3.290000,1153932000.000000,1548824400.0
1548824400.0,3.366750,3.449250,3.286500,3.434750,974228000.000000,1548910800.0
1548910800.0,3.431500,3.629750,3.409500,3.593750,842852000.000000,1548997200.0
1548997200.0,3.612500,3.669750,3.564500,3.618250,625048000.000000,1549083600.0
1549256400.0,3.634250,3.767000,3.612000,3.729500,528592000.000000,1549342800.0
1549342800.0,3.741500,3.785750,3.707500,3.748750,542424000.000000,1549429200.0
1549429200.0,3.782250,3.890000,3.776750,3.825000,702464000.000000,1549515600.0
1549515600.0,3.778250,3.780500,3.642250,3.685500,637120000.000000,1549602000.0
1549602000.0,3.617750,3.715000,3.603250,3.704250,461604000.000000,1549688400.0
1549861200.0,3.659750,3.714500,3.612500,3.661250,495180000.000000,1549947600.0
1549947600.0,3.700000,3.795000,3.685500,3.779250,591060000.000000,1550034000.0
1550034000.0,3.809000,3.895750,3.795250,3.822000,605372000.000000,1550120400.0
1550120400.0,3.821000,3.891750,3.777500,3.863250,827264000.000000,1550206800.0
1550206800.0,4.073750,4.096750,3.910500,3.933500,1516748000.000000,1550293200.0
1550552400.0,3.922750,3.997250,3.903500,3.916000,551892000.000000,1550638800.0
1550638800.0,3.945500,4.031500,3.934250,3.963750,540988000.000000,1550725200.0
1550725200.0,3.976500,4.001250,3.879500,3.894250,448548000.000000,1550811600.0
1550811600.0,3.946500,3.998750,3.932750,3.979750,401740000.000000,1550898000.0
1551070800.0,4.064000,4.132000,3.958500,3.967250,656020000.000000,1551157200.0
1551157200.0,3.962500,4.019000,3.893750,3.927500,488464000.000000,1551243600.0
1551243600.0,3.913000,3.939750,3.827750,3.885250,500256000.000000,1551330000.0
1551330000.0,3.875000,3.897500,3.834000,3.856500,324944000.000000,1551416400.0
1551416400.0,3.906750,3.953750,3.848000,3.911250,357188000.000000,1551502800.0
1551675600.0,3.950000,3.973000,3.862500,3.919500,409992000.000000,1551762000.0
1551762000.0,3.903750,3.951500,3.849000,3.913000,362924000.000000,1551848400.0
1551848400.0,3.904000,3.912500,3.798500,3.801250,403524000.000000,1551934800.0
1551934800.0,3.777500,3.787250,3.685000,3.731500,450104000.000000,1552021200.0
1552021200.0,3.641500,3.776750,3.620000,3.766000,422416000.000000,1552107600.0
1552276800.0,3.789750,4.051500,3.742250,4.028500,859728000.000000,1552363200.0
1552363200.0,4.056500,4.109750,3.979750,4.063000,579576000.000000,1552449600.0
1552449600.0,4.100750,4.245000,4.093250,4.215500,768900000.000000,1552536000.0
1552536000.0,4.224750,4.236750,4.131250,4.139000,519384000.000000,1552622400.0
1552622400.0,4.182500,4.288250,4.179000,4.245250,661484000.000000,1552708800.0
1552881600.0,4.277000,4.331250,4.196500,4.223750,486992000.000000,1552968000.0
1552968000.0,4.319000,4.437500,4.302000,4.392750,854972000.000000,1553054400.0
1553054400.0,4.422000,4.475750,4.325000,4.360000,719148000.000000,1553140800.0
1553140800.0,4.383250,4.625000,4.378250,4.598500,824312000.000000,1553227200.0
1553227200.0,4.571000,4.620000,4.423500,4.437500,747644000.000000,1553313600.0
1553486400.0,4.396500,4.461250,4.277750,4.344500,525212000.000000,1553572800.0
1553572800.0,4.487250,4.543750,4.365000,4.421750,703508000.000000,1553659200.0
1553659200.0,4.447500,4.494250,4.342500,4.412500,474372000.000000,1553745600.0
1553745600.0,4.438750,4.497500,4.377750,4.431250,480264000.000000,1553832000.0
1553832000.0,4.498500,4.513500,4.447750,4.489000,456896000.000000,1553918400.0
1554091200.0,4.581500,4.587500,4.509250,4.557000,483824000.000000,1554177600.0
1554177600.0,4.581250,4.619750,4.538000,4.575000,440920000.000000,1554264000.0
1554264000.0,4.625000,4.775000,4.620000,4.715500,783504000.000000,1554350400.0
1554350400.0,4.700000,4.749250,4.643250,4.706500,457376000.000000,1554436800.0
1554436800.0,4.750000,4.791250,4.713250,4.773750,481744000.000000,1554523200.0
1554696000.0,4.743000,4.820000,4.718750,4.794750,424192000.000000,1554782400.0
1554782400.0,4.761000,4.772250,4.689000,4.731500,439972000.000000,1554868800.0
1554868800.0,4.730750,4.828500,4.726250,4.802500,444772000.000000,1554955200.0
1554955200.0,4.805000,4.836750,4.738750,4.788500,374600000.000000,1555041600.0
1555041600.0,4.827500,4.831500,4.741500,4.750250,471708000.000000,1555128000.0
1555300800.0,4.742500,4.747500,4.577500,4.617500,440092000.000000,1555387200.0
1555387200.0,4.657000,4.724250,4.624000,4.705250,394964000.000000,1555473600.0
1555473600.0,4.740500,4.761500,4.659750,4.682250,351004000.000000,1555560000.0
1555560000.0,4.689000,4.723250,4.629500,4.657500,380988000.000000,1555646400.0
1555905600.0,4.633750,4.727500,4.602000,4.711750,279936000.000000,1555992000.0
1555992000.0,4.725000,4.798250,4.715250,4.766750,346856000.000000,1556078400.0
1556078400.0,4.777250,4.820250,4.716000,4.779250,318204000.000000,1556164800.0
1556164800.0,4.738750,4.761250,4.592500,4.672750,499296000.000000,1556251200.0
1556251200.0,4.517750,4.522250,4.332500,4.452250,868988000.000000,1556337600.0
1556510400.0,4.460250,4.511250,4.387500,4.483250,391920000.000000,1556596800.0
1556596800.0,4.450750,4.550750,4.431500,4.525000,362920000.000000,1556683200.0
1556683200.0,4.577750,4.620250,4.511500,4.511750,354280000.000000,1556769600.0
1556769600.0,4.521500,4.621750,4.478000,4.579750,394684000.000000,1556856000.0
1556856000.0,4.588250,4.598250,4.513250,4.575250,336824000.000000,1556942400.0
1557115200.0,4.387500,4.508500,4.350000,4.496250,422176000.000000,1557201600.0
1557201600.0,4.447500,4.447500,4.279250,4.327750,555220000.000000,1557288000.0
1557288000.0,4.300000,4.428750,4.288000,4.348000,419168000.000000,1557374400.0
1557374400.0,4.278500,4.288250,4.135000,4.254750,660248000.000000,1557460800.0
1557460800.0,4.223750,4.289750,4.100000,4.220500,569500000.000000,1557547200.0
1557720000.0,4.087500,4.110750,3.945250,3.961250,656912000.000000,1557806400.0
1557806400.0,4.001250,4.086500,3.962250,4.051000,524880000.000000,1557892800.0
1557892800.0,3.995000,4.026250,3.935250,3.989500,502320000.000000,1557979200.0
1557979200.0,3.984000,4.047750,3.941250,4.004750,781088000.000000,1558065600.0
1558065600.0,3.962500,4.092750,3.873500,3.913250,1022068000.000000,1558152000.0
1558324800.0,3.813750,3.869250,3.768750,3.793750,572064000.000000,1558411200.0
1558411200.0,3.855000,3.892500,3.816000,3.876500,361848000.000000,1558497600.0
1558497600.0,3.837500,3.863750,3.794000,3.805000,325868000.000000,1558584000.0
1558584000.0,3.742250,3.742250,3.622750,3.683000,591844000.000000,1558670400.0
1558670400.0,3.702000,3.737500,3.622000,3.628750,357584000.000000,1558756800.0
1559016000.0,3.646500,3.679500,3.581250,3.583250,428356000.000000,1559102400.0
1559102400.0,3.535250,3.570500,3.473500,3.508500,559800000.000000,1559188800.0
1559188800.0,3.507750,3.543750,3.439250,3.477750,394300000.000000,1559275200.0
1559275200.0,3.428500,3.496250,3.384750,3.386500,389720000.000000,1559361600.0
1559534400.0,3.397750,3.436750,3.315000,3.344500,478644000.000000,1559620800.0
1559620800.0,3.409000,3.580250,3.386750,3.575000,641836000.000000,1559707200.0
1559707200.0,3.649250,3.654750,3.495500,3.532000,511616000.000000,1559793600.0
1559793600.0,3.536250,3.619250,3.533750,3.594500,408140000.000000,1559880000.0
1559880000.0,3.600500,3.672000,3.581250,3.637500,348856000.000000,1559966400.0
1560139200.0,3.694000,3.779750,3.694000,3.710750,402780000.000000,1560225600.0
1560225600.0,3.771000,3.809000,3.729000,3.768750,383872000.000000,1560312000.0
1560312000.0,3.725000,3.731250,3.639750,3.655000,358892000.000000,1560398400.0
1560398400.0,3.677250,3.725000,3.659500,3.706500,308080000.000000,1560484800.0
1560484800.0,3.612750,3.637250,3.571000,3.616000,394428000.000000,1560571200.0
1560744000.0,3.614250,3.663000,3.591250,3.625750,276040000.000000,1560830400.0
1560830400.0,3.687500,3.877750,3.676500,3.822000,581920000.000000,1560916800.0
1560916800.0,3.857500,3.869000,3.801750,3.828000,331644000.000000,1561003200.0
1561003200.0,3.919250,3.933250,3.838000,3.852500,350168000.000000,1561089600.0
1561089600.0,3.837500,3.887000,3.787500,3.794000,434428000.000000,1561176000.0
1561348800.0,3.815500,3.846250,3.768000,3.816500,282948000.000000,1561435200.0
1561435200.0,3.821500,3.897000,3.784250,3.787000,311868000.000000,1561521600.0
1561521600.0,3.915250,4.043000,3.902250,3.981500,584072000.000000,1561608000.0
1561608000.0,4.067750,4.100000,4.031500,4.080750,445440000.000000,1561694400.0
1561694400.0,4.125000,4.134250,4.058750,4.105750,397668000.000000,1561780800.0
1561953600.0,4.314250,4.348750,4.116500,4.154250,709756000.000000,1562040000.0
1562040000.0,4.137500,4.158750,4.042500,4.055750,400228000.000000,1562126400.0
1562126400.0,4.079250,4.085000,4.008500,4.068750,246636000.000000,1562212800.0
1562299200.0,4.010000,4.014500,3.942000,4.005750,396552000.000000,1562385600.0
1562558400.0,3.945750,3.964750,3.900000,3.930250,329788000.000000,1562644800.0
1562644800.0,3.887750,3.961000,3.875000,3.932750,342860000.000000,1562731200.0
1562731200.0,3.976500,4.059250,3.962500,4.001500,452076000.000000,1562817600.0
1562817600.0,4.075000,4.198000,4.037500,4.157000,682560000.000000,1562904000.0
1562904000.0,4.185000,4.261750,4.185000,4.190250,506392000.000000,1562990400.0
1563163200.0,4.211500,4.227750,4.153250,4.181750,289840000.000000,1563249600.0
1563249600.0,4.166750,4.204250,4.121000,4.177000,341444000.000000,1563336000.0
1563336000.0,4.178750,4.249750,4.149250,4.242750,348204000.000000,1563422400.0
1563422400.0,4.253250,4.317750,4.196250,4.254500,442192000.000000,1563508800.0
1563508800.0,4.293000,4.299500,4.205000,4.211000,344896000.000000,1563595200.0
1563768000.0,4.232500,4.296000,4.225000,4.283000,315940000.000000,1563854400.0
1563854400.0,4.322500,4.393500,4.306750,4.391500,428176000.000000,1563940800.0
1563940800.0,4.435000,4.472250,4.358500,4.466500,366236000.000000,1564027200.0
1564027200.0,4.424750,4.437500,4.311000,4.334500,392700000.000000,1564113600.0
1564113600.0,4.361750,4.423750,4.361750,4.376750,274160000.000000,1564200000.0
1564372800.0,4.369500,4.386750,4.281750,4.370500,248160000.000000,1564459200.0
1564459200.0,4.323750,4.398500,4.309250,4.386250,197772000.000000,1564545600.0
1564545600.0,4.354500,4.355500,4.175500,4.218000,359416000.000000,1564632000.0
1564632000.0,4.228500,4.319500,4.070500,4.123000,421212000.000000,1564718400.0
1564718400.0,4.029750,4.099500,3.982000,4.029750,428348000.000000,1564804800.0
1564977600.0,3.845000,3.846250,3.722500,3.769750,589156000.000000,1565064000.0
1565064000.0,3.845000,3.890750,3.760750,3.808750,361272000.000000,1565150400.0
1565150400.0,3.747500,3.859250,3.730000,3.847250,372560000.000000,1565236800.0
1565236800.0,3.905250,3.957750,3.847500,3.956500,309300000.000000,1565323200.0
1565323200.0,3.915250,3.918750,3.803750,3.854500,341816000.000000,1565409600.0
1565582400.0,3.802000,3.854500,3.764250,3.786250,279200000.000000,1565668800.0
1565668800.0,3.784750,3.947500,3.745500,3.901250,351956000.000000,1565755200.0
1565755200.0,3.812500,3.823750,3.707750,3.751750,419880000.000000,1565841600.0
1565841600.0,3.770750,3.790750,3.684750,3.719250,477200000.000000,1565928000.0
1565928000.0,3.983750,4.038500,3.922000,3.989000,1007960000.000000,1566014400.0
1566187200.0,4.103000,4.285500,4.086750,4.269500,815112000.000000,1566273600.0
1566273600.0,4.264000,4.264500,4.175500,4.196750,463188000.000000,1566360000.0
1566360000.0,4.263250,4.336250,4.241500,4.280750,427244000.000000,1566446400.0
1566446400.0,4.290500,4.333250,4.247500,4.287000,303488000.000000,1566532800.0
1566532800.0,4.210000,4.264750,4.041000,4.061000,568056000.000000,1566619200.0
1566792000.0,4.140250,4.164500,4.097750,4.136250,318208000.000000,1566878400.0
1566878400.0,4.174750,4.177500,4.015500,4.045000,290968000.000000,1566964800.0
1566964800.0,4.014500,4.083500,3.975000,4.030500,255612000.000000,1567051200.0
1567051200.0,4.122500,4.207500,4.119000,4.175000,357976000.000000,1567137600.0
1567137600.0,4.221500,4.271500,4.169500,4.187750,290616000.000000,1567224000.0
1567483200.0,4.114500,4.147750,4.081250,4.104250,296140000.000000,1567569600.0
1567569600.0,4.165250,4.226500,4.165250,4.219000,227728000.000000,1567656000.0
1567656000.0,4.321750,4.499750,4.320000,4.493500,695676000.000000,1567742400.0
1567742400.0,4.470000,4.527250,4.428000,4.466250,376976000.000000,1567828800.0
1568001600.0,4.497500,4.599500,4.496000,4.512500,417524000.000000,1568088000.0
1568088000.0,4.479500,4.606250,4.469750,4.579500,352812000.000000,1568174400.0
1568174400.0,4.594250,4.656750,4.565000,4.608250,361512000.000000,1568260800.0
1568260800.0,4.655000,4.710000,4.598750,4.606750,327840000.000000,1568347200.0
1568347200.0,4.539750,4.577000,4.504500,4.548500,324592000.000000,1568433600.0
1568606400.0,4.473000,4.540000,4.462500,4.505250,231832000.000000,1568692800.0
1568692800.0,4.512000,4.531000,4.465250,4.526750,223048000.000000,1568779200.0
1568779200.0,4.519750,4.535500,4.412500,4.499500,258152000.000000,1568865600.0
1568865600.0,4.505500,4.524000,4.412750,4.423500,245476000.000000,1568952000.0
1568952000.0,4.422500,4.446250,4.307000,4.317250,350244000.000000,1569038400.0
1569211200.0,4.317500,4.416750,4.313750,4.371000,249712000.000000,1569297600.0
1569297600.0,4.402500,4.432250,4.277500,4.313250,317268000.000000,1569384000.0
1569384000.0,4.312750,4.475500,4.267750,4.455750,308432000.000000,1569470400.0
1569470400.0,4.446000,4.454750,4.382250,4.433500,234564000.000000,1569556800.0
1569556800.0,4.391500,4.442500,4.233000,4.294000,362056000.000000,1569643200.0
1569816000.0,4.320000,4.362000,4.288500,4.351750,186184000.000000,1569902400.0
1569902400.0,4.375000,4.525000,4.345250,4.350000,366008000.000000,1569988800.0
1569988800.0,4.328000,4.340000,4.253250,4.326000,293372000.000000,1570075200.0
1570075200.0,4.330500,4.539000,4.300000,4.532750,450588000.000000,1570161600.0
1570161600.0,4.535000,4.578750,4.469500,4.549250,265524000.000000,1570248000.0
1570420800.0,4.614500,4.708500,4.605750,4.608250,480984000.000000,1570507200.0
1570507200.0,4.516000,4.516000,4.412500,4.430750,444436000.000000,1570593600.0
1570593600.0,4.508000,4.567500,4.479000,4.517750,292412000.000000,1570680000.0
1570680000.0,4.515500,4.627000,4.510250,4.575750,309124000.000000,1570766400.0
1570766400.0,4.660250,4.733500,4.641250,4.649750,446404000.000000,1570852800.0
1571025600.0,4.641000,4.684250,4.609750,4.663250,200040000.000000,1571112000.0
1571112000.0,4.754000,4.982250,4.740000,4.909250,664124000.000000,1571198400.0
1571198400.0,4.875000,4.980500,4.843750,4.855250,428944000.000000,1571284800.0
1571284800.0,4.900000,4.945250,4.802500,4.857250,263436000.000000,1571371200.0
1571371200.0,4.857750,4.890500,4.687500,4.762250,307440000.000000,1571457600.0
1571630400.0,4.824000,4.913750,4.805000,4.900250,261868000.000000,1571716800.0
1571716800.0,4.957500,5.063250,4.882500,4.890250,328720000.000000,1571803200.0
1571803200.0,4.807750,4.891500,4.775750,4.877250,279916000.000000,1571889600.0
1571889600.0,4.918750,4.955250,4.884500,4.921500,232020000.000000,1571976000.0
1571976000.0,5.002500,5.134500,4.994750,5.113500,423092000.000000,1572062400.0
1572235200.0,5.157500,5.222500,5.128000,5.169750,330792000.000000,1572321600.0
1572321600.0,5.155750,5.162250,5.053500,5.073000,211236000.000000,1572408000.0
1572408000.0,5.100000,5.105750,5.006500,5.075000,205960000.000000,1572494400.0
1572494400.0,5.054000,5.075000,4.945250,5.025500,209732000.000000,1572580800.0
1572580800.0,4.990000,5.097250,4.964750,5.064750,283640000.000000,1572667200.0
1572843600.0,5.146250,5.275000,5.123000,5.262500,376716000.000000,1572930000.0
1572930000.0,5.262250,5.288500,5.192000,5.240250,300868000.000000,1573016400.0
1573016400.0,5.216000,5.241750,5.102750,5.190750,269012000.000000,1573102800.0
1573102800.0,5.277750,5.292500,5.163500,5.208500,280340000.000000,1573189200.0
1573189200.0,5.191500,5.226250,5.153750,5.194500,189100000.000000,1573275600.0
1573448400.0,5.193750,5.227750,5.107000,5.204500,243436000.000000,1573534800.0
1573534800.0,5.243000,5.296500,5.207750,5.240250,283504000.000000,1573621200.0
1573621200.0,5.208750,5.236500,5.147500,5.214250,300188000.000000,1573707600.0
1573707600.0,5.223250,5.247000,5.163000,5.244750,518080000.000000,1573794000.0
1573794000.0,5.242500,5.294500,5.016000,5.104750,1053628000.000000,1573880400.0
1574053200.0,5.097250,5.333750,5.094250,5.307000,574588000.000000,1574139600.0
1574139600.0,5.275750,5.299500,5.141250,5.199750,414564000.000000,1574226000.0
1574226000.0,5.176750,5.363750,5.164000,5.279500,472588000.000000,1574312400.0
1574312400.0,5.275000,5.331000,5.232750,5.254500,288388000.000000,1574398800.0
1574398800.0,5.277250,5.324000,5.248500,5.272250,224100000.000000,1574485200.0
1574658000.0,5.401000,5.535250,5.388000,5.530250,506476000.000000,1574744400.0
1574744400.0,5.512500,5.517250,5.418500,5.425000,385244000.000000,1574830800.0
1574830800.0,5.466750,5.501250,5.429500,5.456000,215784000.000000,1574917200.0
1575003600.0,5.425000,5.453500,5.394500,5.418500,141556000.000000,1575090000.0
1575262800.0,5.411500,5.425000,5.216000,5.231250,372036000.000000,1575349200.0
1575349200.0,5.046750,5.195500,5.009250,5.191500,465232000.000000,1575435600.0
1575435600.0,5.275500,5.298000,5.206750,5.235500,273424000.000000,1575522000.0
1575522000.0,5.257500,5.273250,5.187750,5.218500,184884000.000000,1575608400.0
1575608400.0,5.288000,5.337250,5.278000,5.304250,232236000.000000,1575694800.0
1575867600.0,5.281250,5.359250,5.272500,5.304250,211880000.000000,1575954000.0
1575954000.0,5.334500,5.401500,5.281500,5.349500,256388000.000000,1576040400.0
1576040400.0,5.360000,5.439000,5.357500,5.433500,233796000.000000,1576126800.0
1576126800.0,5.404500,5.620000,5.395500,5.601750,404348000.000000,1576213200.0
1576213200.0,5.604750,5.724500,5.545500,5.599750,454704000.000000,1576299600.0
1576472400.0,5.647500,5.701500,5.619250,5.628750,320976000.000000,1576558800.0
1576558800.0,5.647500,5.730000,5.638000,5.707250,321196000.000000,1576645200.0
1576645200.0,5.742250,5.798500,5.733750,5.737750,343548000.000000,1576731600.0
1576731600.0,5.772500,5.900000,5.767500,5.886500,445360000.000000,1576818000.0
1576818000.0,5.953250,6.009750,5.934000,5.984250,603044000.000000,1576904400.0
1577077200.0,6.013000,6.045250,5.959750,5.970500,355060000.000000,1577163600.0
1577163600.0,5.955000,5.982750,5.920500,5.965500,138864000.000000,1577250000.0
1577336400.0,5.969000,6.008000,5.950000,5.979750,182852000.000000,1577422800.0
1577422800.0,5.995000,6.008500,5.895250,5.921750,254644000.000000,1577509200.0
1577682000.0,5.899750,5.905000,5.776500,5.808000,258056000.000000,1577768400.0
1577768400.0,5.772500,5.892000,5.753250,5.882500,231004000.000000,1577854800.0
1577941200.0,5.968750,5.997750,5.918000,5.997750,237536000.000000,1578027600.0
1578027600.0,5.877500,5.945750,5.852500,5.901750,205384000.000000,1578114000.0
1578286800.0,5.808000,5.931750,5.781750,5.926500,262636000.000000,1578373200.0
1578373200.0,5.955000,6.044250,5.909750,5.998250,314856000.000000,1578459600.0
1578459600.0,5.994000,6.051000,5.953750,6.009500,277108000.000000,1578546000.0
1578546000.0,6.096250,6.148250,6.021500,6.075500,255112000.000000,1578632400.0
1578632400.0,6.183250,6.213750,6.093750,6.108000,316296000.000000,1578718800.0
1578891600.0,6.191500,6.324750,6.168750,6.299500,319840000.000000,1578978000.0
1578978000.0,6.256500,6.282000,6.168750,6.182000,359088000.000000,1579064400.0
1579064400.0,6.194750,6.217250,6.113250,6.139250,263104000.000000,1579150800.0
1579150800.0,6.193000,6.229250,6.169500,6.223250,284192000.000000,1579237200.0
1579237200.0,6.242500,6.250000,6.184250,6.232000,253792000.000000,1579323600.0
1579582800.0,6.195250,6.232250,6.164250,6.198500,217916000.000000,1579669200.0
1579669200.0,6.244000,6.339750,6.225000,6.252750,239240000.000000,1579755600.0
1579755600.0,6.293000,6.330000,6.203750,6.321500,244516000.000000,1579842000.0
1579842000.0,6.437500,6.487500,6.207500,6.262000,373512000.000000,1579928400.0
1580101200.0,5.956000,6.056250,5.805750,6.005000,470536000.000000,1580187600.0
1580187600.0,6.071250,6.231750,6.017750,6.199250,310976000.000000,1580274000.0
1580274000.0,6.184750,6.221000,6.098500,6.138500,258848000.000000,1580360400.0
1580360400.0,6.040250,6.158750,5.985000,6.145250,290504000.000000,1580446800.0
1580446800.0,6.099250,6.111250,5.868750,5.910750,370420000.000000,1580533200.0
1580706000.0,5.892500,6.027750,5.886250,6.008250,255564000.000000,1580792400.0
1580792400.0,6.150750,6.197500,6.100500,6.178250,271544000.000000,1580878800.0
1580878800.0,6.299750,6.310000,6.185250,6.269000,208220000.000000,1580965200.0
1580965200.0,6.303500,6.356250,6.222000,6.356250,218284000.000000,1581051600.0
1581051600.0,6.316000,6.338250,6.264250,6.289750,189752000.000000,1581138000.0
1581310800.0,6.312500,6.575000,6.307500,6.574250,529608000.000000,1581397200.0
1581397200.0,6.683000,6.812500,6.620750,6.697250,638556000.000000,1581483600.0
1581483600.0,6.750250,6.820000,6.711250,6.813500,374644000.000000,1581570000.0
1581570000.0,6.755250,6.837000,6.727750,6.769500,528016000.000000,1581656400.0
1581656400.0,7.181500,7.374250,7.150000,7.244750,1041924000.000000,1581742800.0
1582002000.0,7.141000,7.432750,7.121500,7.414250,620164000.000000,1582088400.0
1582088400.0,7.537250,7.885250,7.537250,7.867500,694332000.000000,1582174800.0
1582174800.0,7.819250,7.908000,7.408750,7.717500,810052000.000000,1582261200.0
1582261200.0,7.604750,7.630000,7.266500,7.351750,768180000.000000,1582347600.0
1582520400.0,6.754750,7.046750,6.700000,6.832000,856916000.000000,1582606800.0
1582606800.0,6.907500,6.969750,6.449000,6.551250,1055496000.000000,1582693200.0
1582693200.0,6.551500,6.886250,6.550000,6.691250,747732000.000000,1582779600.0
1582779600.0,6.372500,6.675000,6.222250,6.315000,906416000.000000,1582866000.0
1582866000.0,6.061500,6.811500,6.044750,6.751750,1133252000.000000,1582952400.0
1583125200.0,6.922500,6.939750,6.525000,6.910750,890744000.000000,1583211600.0
1583211600.0,6.966750,7.026750,6.561500,6.647250,652792000.000000,1583298000.0
1583298000.0,6.755000,7.122250,6.680000,7.112750,597408000.000000,1583384400.0
1583384400.0,6.912500,7.080000,6.787500,6.832250,540328000.000000,1583470800.0
1583470800.0,6.652000,6.709750,6.450000,6.651000,515412000.000000,1583557200.0
1583726400.0,5.997500,6.485000,5.954500,6.136000,614160000.000000,1583812800.0
1583812800.0,6.413500,6.527000,6.149750,6.527000,580648000.000000,1583899200.0
1583899200.0,6.386500,6.415000,6.064250,6.161750,499964000.000000,1583985600.0
1583985600.0,5.636500,5.903000,5.395000,5.407750,816540000.000000,1584072000.0
1584072000.0,5.762500,6.025500,5.490250,6.021000,634836000.000000,1584158400.0
1584331200.0,5.310250,5.652500,4.850000,4.910000,726972000.000000,1584417600.0
1584417600.0,5.022750,5.521500,4.775000,5.431750,833632000.000000,1584504000.0
1584504000.0,5.002500,5.248500,4.517000,5.070500,874268000.000000,1584590400.0
1584590400.0,5.049000,5.418250,4.834750,5.324250,765512000.000000,1584676800.0
1584676800.0,5.475000,5.758000,5.128250,5.143750,804636000.000000,1584763200.0
1584936000.0,5.142750,5.412000,4.963000,5.317250,643876000.000000,1585022400.0
1585022400.0,5.725000,6.316500,5.701250,6.229500,1101644000.000000,1585108800.0
1585108800.0,6.345000,6.545500,6.091500,6.140500,793432000.000000,1585195200.0
1585195200.0,6.348500,6.555500,6.250000,6.431000,696108000.000000,1585281600.0
1585281600.0,6.250000,6.578000,6.217000,6.318250,638828000.000000,1585368000.0
1585540800.0,6.384000,6.649000,6.339750,6.639750,602252000.000000,1585627200.0
1585627200.0,6.680000,6.885000,6.443750,6.590000,949960000.000000,1585713600.0
1585713600.0,6.391250,6.538250,6.032000,6.076750,656912000.000000,1585800000.0
1585800000.0,6.106000,6.400000,6.057750,6.386750,675764000.000000,1585886400.0
1585886400.0,6.349000,6.390750,5.959750,6.097750,663212000.000000,1585972800.0
1586145600.0,6.381000,6.747000,6.323250,6.710000,727884000.000000,1586232000.0
1586232000.0,6.932500,6.956250,6.432500,6.475750,784520000.000000,1586318400.0
1586318400.0,6.585250,6.698750,6.515000,6.673750,542444000.000000,1586404800.0
1586404800.0,6.800000,6.823000,6.510500,6.573750,525564000.000000,1586491200.0
1586750400.0,6.513750,6.755000,6.425000,6.746250,398408000.000000,1586836800.0
1586836800.0,6.875000,7.133000,6.847250,7.098750,530948000.000000,1586923200.0
1586923200.0,6.930000,7.104250,6.884500,7.021000,366148000.000000,1587009600.0
1587009600.0,7.177000,7.475000,7.163750,7.367500,745620000.000000,1587096000.0
1587096000.0,7.450000,7.471500,7.173500,7.308000,539120000.000000,1587182400.0
1587355200.0,7.181000,7.337500,7.131750,7.176250,449388000.000000,1587441600.0
1587441600.0,7.057750,7.119250,6.677750,6.737750,735160000.000000,1587528000.0
1587528000.0,6.930750,7.196750,6.885000,7.153750,483356000.000000,1587614400.0
1587614400.0,7.196000,7.328500,7.075000,7.100250,424160000.000000,1587700800.0
1587700800.0,7.090000,7.241750,7.015000,7.239750,352328000.000000,1587787200.0
1587960000.0,7.374750,7.587500,7.350000,7.427000,479388000.000000,1588046400.0
1588046400.0,7.575000,7.605000,7.278500,7.284000,442904000.000000,1588132800.0
1588132800.0,7.419250,7.514500,7.343750,7.461500,379160000.000000,1588219200.0
1588219200.0,7.407250,7.461500,7.293000,7.307000,375916000.000000,1588305600.0
1588305600.0,7.108750,7.222500,7.021000,7.069500,342096000.000000,1588392000.0
1588564800.0,7.022000,7.296000,7.022000,7.282250,317556000.000000,1588651200.0
1588651200.0,7.386750,7.506750,7.282250,7.343500,368896000.000000,1588737600.0
1588737600.0,7.423250,7.550000,7.385250,7.444750,323464000.000000,1588824000.0
1588824000.0,7.584500,7.685250,7.533000,7.621750,373732000.000000,1588910400.0
1588910400.0,7.693750,7.818750,7.659750,7.812500,339216000.000000,1588996800.0
1589169600.0,7.807500,8.112500,7.778750,8.065500,469060000.000000,1589256000.0
1589256000.0,8.123500,8.172500,7.792750,7.802500,493060000.000000,1589342400.0
1589342400.0,7.917500,8.078500,7.594750,7.780000,625852000.000000,1589428800.0
1589428800.0,7.841750,8.036000,7.687500,8.030500,602312000.000000,1589515200.0
1589515200.0,7.889750,8.500500,7.874000,8.490750,987660000.000000,1589601600.0
1589774400.0,8.760500,8.916500,8.680500,8.750250,774460000.000000,1589860800.0
1589860800.0,8.790250,9.087500,8.762750,8.805500,717320000.000000,1589947200.0
1589947200.0,8.991000,9.043000,8.888750,8.970000,587536000.000000,1590033600.0
1590033600.0,9.051500,9.052500,8.737500,8.775250,761068000.000000,1590120000.0
1590120000.0,8.825250,9.093000,8.713250,9.026250,1038764000.000000,1590206400.0
1590465600.0,9.156750,9.181750,8.672000,8.717750,770780000.000000,1590552000.0
1590552000.0,8.625000,8.632750,7.996750,8.525250,1175892000.000000,1590638400.0
1590638400.0,8.412250,8.760500,8.379250,8.487000,734896000.000000,1590724800.0
1590724800.0,8.554500,8.875500,8.485000,8.875500,745256000.000000,1590811200.0
1590984000.0,8.833250,8.840750,8.689500,8.806250,389876000.000000,1591070400.0
1591070400.0,8.796250,8.837250,8.658000,8.825250,391320000.000000,1591156800.0
1591156800.0,8.822250,8.866250,8.700000,8.769500,365440000.000000,1591243200.0
1591243200.0,8.728000,8.943250,8.677500,8.766500,424280000.000000,1591329600.0
1591329600.0,8.794500,8.997000,8.708000,8.920000,481748000.000000,1591416000.0
1591588800.0,8.877250,8.889750,8.685750,8.805000,387736000.000000,1591675200.0
1591675200.0,8.800000,9.109750,8.751250,9.046000,468488000.000000,1591761600.0
1591761600.0,9.167750,9.500000,9.153500,9.366750,632180000.000000,1591848000.0
1591848000.0,9.150000,9.261250,8.786000,8.796250,583652000.000000,1591934400.0
1591934400.0,9.162500,9.187250,8.703250,8.932500,570908000.000000,1592020800.0
1592193600.0,8.815250,9.182250,8.743750,9.173750,400004000.000000,1592280000.0
1592280000.0,9.225000,9.266750,8.838750,9.068500,535716000.000000,1592366400.0
1592366400.0,9.113750,9.299000,9.070250,9.236000,408304000.000000,1592452800.0
1592452800.0,9.227000,9.282500,9.114500,9.218000,254408000.000000,1592539200.0
1592539200.0,9.242500,9.445000,9.227250,9.261250,524160000.000000,1592625600.0
1592798400.0,9.300000,9.531250,9.273250,9.526750,398468000.000000,1592884800.0
1592884800.0,9.551000,9.642500,9.407500,9.450000,375108000.000000,1592971200.0
1592971200.0,9.476250,9.556500,9.144500,9.235500,449372000.000000,1593057600.0
1593057600.0,9.355750,9.505000,9.182250,9.490000,376072000.000000,1593144000.0
1593144000.0,9.500000,9.500000,9.125000,9.155000,592084000.000000,1593230400.0
1593403200.0,9.169750,9.204500,8.900000,9.200000,342248000.000000,1593489600.0
1593489600.0,9.314000,9.526250,9.266500,9.497750,367892000.000000,1593576000.0
1593576000.0,9.520750,9.575750,9.413000,9.530000,326648000.000000,1593662400.0
1593662400.0,9.639000,9.737500,9.578250,9.612250,364056000.000000,1593748800.0
1594008000.0,9.741750,9.908750,9.712500,9.839250,315892000.000000,1594094400.0
1594094400.0,9.946250,10.070000,9.850750,9.871750,357800000.000000,1594180800.0
1594180800.0,9.993750,10.225000,9.965500,10.216000,365480000.000000,1594267200.0
1594267200.0,10.380250,10.570000,10.233500,10.509000,494548000.000000,1594353600.0
1594353600.0,10.588750,10.655250,10.378750,10.479250,497676000.000000,1594440000.0
1594612800.0,10.595000,10.792250,10.025000,10.052250,457076000.000000,1594699200.0
1594699200.0,10.075000,10.402750,9.785500,10.377000,542676000.000000,1594785600.0
1594785600.0,10.414250,10.433000,10.055750,10.227250,403984000.000000,1594872000.0
1594872000.0,10.015000,10.206750,9.895500,10.134750,344964000.000000,1594958400.0
1594958400.0,10.225500,10.248500,10.087750,10.201500,266284000.000000,1595044800.0
1595217600.0,10.274250,10.531250,10.156750,10.510750,284852000.000000,1595304000.0
1595304000.0,10.513000,10.560000,10.286750,10.328500,277036000.000000,1595390400.0
1595390400.0,10.367500,10.602500,10.291500,10.438750,367292000.000000,1595476800.0
1595476800.0,10.450000,10.547000,10.031250,10.129750,411660000.000000,1595563200.0
1595563200.0,9.875000,10.364750,9.777000,10.194500,473292000.000000,1595649600.0
1595822400.0,10.232250,10.441750,10.217750,10.421500,292132000.000000,1595908800.0
1595908800.0,10.374250,10.382000,10.209250,10.215500,271636000.000000,1595995200.0
1595995200.0,10.390750,10.516250,10.347000,10.465500,284508000.000000,1596081600.0
1596081600.0,10.375000,10.623000,10.295250,10.614000,308880000.000000,1596168000.0
1596168000.0,10.563250,10.766500,10.433000,10.614750,386080000.000000,1596254400.0
1596427200.0,10.732500,11.098750,10.715250,11.010250,412720000.000000,1596513600.0
1596513600.0,11.050000,11.227750,10.906000,11.227750,310336000.000000,1596600000.0
1596600000.0,11.244000,11.371750,11.166250,11.286750,249924000.000000,1596686400.0
1596686400.0,11.349750,11.358000,11.178750,11.335500,244316000.000000,1596772800.0
1596772800.0,11.312500,11.504750,11.037500,11.199500,342516000.000000,1596859200.0
1597032000.0,11.334250,11.408250,10.856500,11.165000,427796000.000000,1597118400.0
1597118400.0,11.073750,11.136750,10.795750,10.850000,354512000.000000,1597204800.0
1597204800.0,10.990750,11.467000,10.958250,11.440250,464412000.000000,1597291200.0
1597291200.0,11.546000,11.721750,11.355750,11.443000,374460000.000000,1597377600.0
1597377600.0,11.530000,11.704750,11.440500,11.564000,366436000.000000,1597464000.0
1597636800.0,11.851250,12.409750,11.817250,12.337000,621300000.000000,1597723200.0
1597723200.0,12.450000,12.496000,12.086250,12.260750,503448000.000000,1597809600.0
1597809600.0,12.296500,12.315000,12.098000,12.138500,622624000.000000,1597896000.0
1597896000.0,11.975000,12.375000,11.878750,12.141000,921388000.000000,1597982400.0
1597982400.0,12.201750,12.808750,12.195250,12.683500,999868000.000000,1598068800.0
1598241600.0,12.883750,12.912500,12.507500,12.720250,490564000.000000,1598328000.0
1598328000.0,12.630750,12.761250,12.573750,12.750000,289076000.000000,1598414400.0
1598414400.0,12.799250,12.868500,12.677750,12.773000,321244000.000000,1598500800.0
1598500800.0,12.781500,12.850000,12.566500,12.628250,317604000.000000,1598587200.0
1598587200.0,12.675000,13.148000,12.642500,13.147750,537160000.000000,1598673600.0
1598846400.0,13.182750,13.575000,13.037750,13.374500,500840000.000000,1598932800.0
1598932800.0,13.480000,13.993750,13.436500,13.821000,511316000.000000,1599019200.0
1599019200.0,14.703750,14.726750,13.900000,14.346500,874012000.000000,1599105600.0
1599105600.0,13.828750,13.884500,12.878750,13.015500,945128000.000000,1599192000.0
1599192000.0,12.783750,13.175000,11.704750,12.622500,1463684000.000000,1599278400.0
1599537600.0,11.734500,12.550000,11.704250,11.913000,795728000.000000,1599624000.0
1599624000.0,12.400000,12.809250,12.231750,12.715000,736200000.000000,1599710400.0
1599710400.0,12.989250,13.065250,12.167000,12.311750,698684000.000000,1599796800.0
1599796800.0,12.485500,12.652500,11.895750,12.164500,636928000.000000,1599883200.0
1600056000.0,13.081000,13.315000,12.631250,12.872250,1201744000.000000,1600142400.0
1600142400.0,13.280000,13.298750,12.827750,12.991000,727556000.000000,1600228800.0
1600228800.0,12.957250,13.092750,12.513750,12.514500,556384000.000000,1600315200.0
1600315200.0,12.132250,12.589750,12.034750,12.463500,792512000.000000,1600401600.0
1600401600.0,12.593750,12.632500,11.988750,12.189250,698460000.000000,1600488000.0
1600660800.0,11.925000,12.522500,11.904500,12.517250,721044000.000000,1600747200.0
1600747200.0,12.575000,12.648000,12.155500,12.637750,646452000.000000,1600833600.0
1600833600.0,12.575500,12.727000,12.079250,12.123750,647012000.000000,1600920000.0
1600920000.0,12.072250,12.569500,12.014000,12.348000,731240000.000000,1601006400.0
1601006400.0,12.447500,12.883500,12.245750,12.873750,588016000.000000,1601092800.0
1601265600.0,13.040250,13.051750,12.750000,13.035000,573808000.000000,1601352000.0
1601352000.0,12.937500,13.442750,12.933250,13.225750,621460000.000000,1601438400.0
1601438400.0,13.157500,13.622500,13.150250,13.530500,689184000.000000,1601524800.0
1601524800.0,13.758000,13.762750,13.460750,13.614500,525004000.000000,1601611200.0
1601611200.0,13.225000,13.519500,13.051000,13.062250,552496000.000000,1601697600.0
1601870400.0,13.236000,13.644250,13.222750,13.642500,479820000.000000,1601956800.0
1601956800.0,13.830000,14.142000,13.665000,13.736500,784420000.000000,1602043200.0
1602043200.0,13.999750,14.119250,13.863500,13.964000,418084000.000000,1602129600.0
1602129600.0,14.075000,14.084500,13.758000,13.838750,378900000.000000,1602216000.0
1602216000.0,13.767000,13.824250,13.660750,13.762750,346892000.000000,1602302400.0
1602475200.0,13.989500,14.347000,13.912500,14.226000,434744000.000000,1602561600.0
1602561600.0,14.296500,14.348500,14.018750,14.248250,344604000.000000,1602648000.0
1602648000.0,14.290500,14.342750,13.960000,14.095250,276100000.000000,1602734400.0
1602734400.0,13.810750,14.005750,13.767750,13.970000,267224000.000000,1602820800.0
1602820800.0,14.036750,14.121500,13.792500,13.811500,242392000.000000,1602907200.0
1603080000.0,13.903000,13.983500,13.406750,13.497750,298068000.000000,1603166400.0
1603166400.0,13.583500,13.799750,13.507000,13.645500,229212000.000000,1603252800.0
1603252800.0,13.625000,13.791500,13.477500,13.524750,219596000.000000,1603339200.0
1603339200.0,13.522500,13.611750,13.231750,13.361000,290480000.000000,1603425600.0
1603425600.0,13.450000,13.593250,13.291250,13.590250,233484000.000000,1603512000.0
1603684800.0,13.427000,13.692750,13.038500,13.141250,336896000.000000,1603771200.0
1603771200.0,13.306000,13.442000,13.191500,13.396750,250520000.000000,1603857600.0
1603857600.0,13.198000,13.260000,12.609000,12.627000,376520000.000000,1603944000.0
1603944000.0,12.838500,13.192750,12.750000,13.024000,320080000.000000,1604030400.0
1604030400.0,12.850000,12.936500,12.300000,12.534000,416820000.000000,1604116800.0
1604293200.0,12.657750,12.836750,12.395000,12.580750,299652000.000000,1604379600.0
1604379600.0,12.708500,13.105000,12.602750,13.019500,272900000.000000,1604466000.0
1604466000.0,13.389250,13.827500,13.337000,13.794250,410228000.000000,1604552400.0
1604552400.0,14.162500,14.339000,13.991000,14.160000,319028000.000000,1604638800.0
1604638800.0,14.109750,14.588750,13.895000,14.562000,383348000.000000,1604725200.0
1604898000.0,14.552500,14.691500,13.610750,13.630750,582976000.000000,1604984400.0
1604984400.0,13.606500,13.606500,12.628250,12.770000,644068000.000000,1605070800.0
1605070800.0,13.053750,13.435000,12.948250,13.418000,404744000.000000,1605157200.0
1605157200.0,13.479000,13.766000,13.316000,13.456750,365812000.000000,1605243600.0
1605243600.0,13.627250,13.668750,13.059250,13.297000,346312000.000000,1605330000.0
1605502800.0,13.172500,13.649500,13.156000,13.515250,413776000.000000,1605589200.0
1605589200.0,13.552500,13.596250,13.303750,13.422250,312028000.000000,1605675600.0
1605675600.0,13.465250,13.605750,13.185000,13.428750,510924000.000000,1605762000.0
1605762000.0,13.212750,13.487500,13.100000,13.440250,565936000.000000,1605848400.0
1605848400.0,13.454000,13.494500,13.065000,13.087750,341088000.000000,1605934800.0
1606107600.0,13.171250,13.382500,13.015500,13.140000,361356000.000000,1606194000.0
1606194000.0,13.142500,13.162000,12.885000,12.957750,346500000.000000,1606280400.0
1606280400.0,13.032500,13.269500,13.020000,13.234750,259916000.000000,1606366800.0
1606453200.0,13.375000,13.407500,13.170500,13.261250,167276000.000000,1606539600.0
1606712400.0,13.265000,13.412500,12.972250,13.401500,286952000.000000,1606798800.0
1606798800.0,13.492250,13.528750,13.228250,13.390000,296948000.000000,1606885200.0
1606885200.0,13.350500,13.673500,13.234250,13.544500,283360000.000000,1606971600.0
1606971600.0,13.587500,13.660000,13.329000,13.396000,199520000.000000,1607058000.0
1607058000.0,13.448500,13.560000,13.388750,13.558250,202244000.000000,1607144400.0
1607317200.0,13.601250,13.731250,13.500000,13.606750,223244000.000000,1607403600.0
1607403600.0,13.585000,13.598750,13.281500,13.350000,271920000.000000,1607490000.0
1607490000.0,13.300500,13.414000,12.868250,12.930750,401300000.000000,1607576400.0
1607576400.0,12.869000,13.068750,12.849500,12.972250,207764000.000000,1607662800.0
1607662800.0,12.967250,13.020000,12.823000,13.013250,209264000.000000,1607749200.0
1607922000.0,13.088000,13.388750,13.077500,13.308750,270156000.000000,1608008400.0
1608008400.0,13.439750,13.464000,13.186750,13.360500,193016000.000000,1608094800.0
1608094800.0,13.422500,13.437250,13.212500,13.242500,223116000.000000,1608181200.0
1608181200.0,13.366750,13.379500,13.178500,13.341250,231384000.000000,1608267600.0
1608267600.0,13.379000,13.405000,13.070500,13.272000,342064000.000000,1608354000.0
1608526800.0,13.074750,13.370000,12.967500,13.332250,302332000.000000,1608613200.0
1608613200.0,13.319250,13.337250,13.054000,13.278250,185580000.000000,1608699600.0
1608699600.0,13.256000,13.275000,13.005000,13.009250,179144000.000000,1608786000.0
1608786000.0,13.037250,13.132500,12.938750,12.993750,97884000.000000,1608872400.0
1609131600.0,13.062500,13.062500,12.763250,12.900000,212564000.000000,1609218000.0
1609218000.0,12.925000,13.072500,12.842250,12.943250,170372000.000000,1609304400.0
1609304400.0,12.990250,13.213750,12.896750,13.145750,225396000.000000,1609390800.0
1609390800.0,13.136500,13.151000,12.915000,13.055000,192424000.000000,1609477200.0
1609736400.0,13.104250,13.652500,12.962500,13.113500,560640000.000000,1609822800.0
1609822800.0,13.099750,13.443500,13.087000,13.404750,322760000.000000,1609909200.0
1609909200.0,13.222500,13.245000,12.586000,12.614500,580424000.000000,1609995600.0
1609995600.0,12.967500,13.377750,12.886500,13.344000,461480000.000000,1610082000.0
1610082000.0,13.362500,13.421000,13.042000,13.276750,292528000.000000,1610168400.0
1610341200.0,13.418750,13.961000,13.362500,13.621500,518344000.000000,1610427600.0
1610427600.0,13.752500,13.754500,13.345000,13.484750,291476000.000000,1610514000.0
1610514000.0,13.490000,13.625000,13.385000,13.531750,210028000.000000,1610600400.0
1610600400.0,13.575000,13.599750,13.180500,13.200250,283120000.000000,1610686800.0
1610686800.0,13.228000,13.325250,12.848500,12.859500,277780000.000000,1610773200.0
1611032400.0,13.016250,13.094000,12.844000,13.025250,226188000.000000,1611118800.0
1611118800.0,13.111750,13.430500,13.056750,13.365750,258572000.000000,1611205200.0
1611205200.0,13.418500,13.999250,13.253000,13.867500,337780000.000000,1611291600.0
1611291600.0,13.740000,13.841750,13.627250,13.712500,246820000.000000,1611378000.0
1611550800.0,13.781750,13.828500,13.236500,13.653250,251112000.000000,1611637200.0
1611637200.0,13.580500,13.644750,13.387500,13.435250,163980000.000000,1611723600.0
1611723600.0,13.230000,13.232750,12.793750,12.917750,371272000.000000,1611810000.0
1611810000.0,12.996250,13.339750,12.960500,13.051000,228316000.000000,1611896400.0
1611896400.0,13.075000,13.334750,12.911500,12.989750,271552000.000000,1611982800.0
1612155600.0,13.053250,13.270750,12.902750,13.237000,217204000.000000,1612242000.0
1612242000.0,13.398750,13.572000,13.285500,13.556750,220440000.000000,1612328400.0
1612328400.0,13.636000,13.931750,13.516500,13.530500,245408000.000000,1612414800.0
1612414800.0,13.531000,13.673500,13.337750,13.664250,201340000.000000,1612501200.0
1612501200.0,13.725000,13.737250,13.545750,13.591000,169152000.000000,1612587600.0
1612760400.0,13.727250,14.473750,13.727250,14.438750,434624000.000000,1612846800.0
1612846800.0,14.340750,14.583250,14.222500,14.263250,287560000.000000,1612933200.0
1612933200.0,14.463250,14.905000,14.341500,14.764250,485352000.000000,1613019600.0
1613019600.0,14.980250,15.272250,14.925000,15.250750,450828000.000000,1613106000.0
1613106000.0,15.050000,15.291250,14.775000,14.961250,374756000.000000,1613192400.0
1613451600.0,15.064250,15.372500,14.950000,15.330250,321960000.000000,1613538000.0
1613538000.0,15.171000,15.223500,14.780000,14.906000,274756000.000000,1613624400.0
1613624400.0,14.729000,14.873250,14.575000,14.829000,233868000.000000,1613710800.0
1613710800.0,15.024500,15.177000,14.846750,14.926500,271724000.000000,1613797200.0
1613970000.0,14.774750,15.133250,14.325000,14.355750,325884000.000000,1614056400.0
1614056400.0,14.075250,14.238750,13.389500,14.142000,391780000.000000,1614142800.0
1614142800.0,14.122750,14.506750,13.756000,14.499000,448320000.000000,1614229200.0
1614229200.0,14.045500,14.374750,13.216250,13.307500,824436000.000000,1614315600.0
1614315600.0,13.752500,13.854500,13.361000,13.714500,500932000.000000,1614402000.0
1614574800.0,13.875000,13.925000,13.553250,13.841750,353184000.000000,1614661200.0
1614661200.0,13.900000,13.920500,13.396000,13.406250,264116000.000000,1614747600.0
1614747600.0,13.426250,13.451500,12.798750,12.804750,377592000.000000,1614834000.0
1614834000.0,12.800750,12.975000,12.083750,12.370250,573344000.000000,1614920400.0
1614920400.0,12.550000,12.550000,11.679250,12.461500,542840000.000000,1615006800.0
1615179600.0,12.450000,12.471250,11.566500,11.593250,543112000.000000,1615266000.0
1615266000.0,12.130250,12.616750,12.059250,12.520250,521824000.000000,1615352400.0
1615352400.0,12.840500,12.980000,12.457500,12.468250,384376000.000000,1615438800.0
1615438800.0,12.950000,13.046250,12.734500,12.993500,299916000.000000,1615525200.0
1615525200.0,12.648250,12.888750,12.590000,12.856000,243964000.000000,1615611600.0
1615780800.0,12.864750,13.206750,12.767250,13.191250,221988000.000000,1615867200.0
1615867200.0,13.356500,13.512500,13.116750,13.291250,272128000.000000,1615953600.0
1615953600.0,13.039750,13.453250,12.989500,13.341250,243864000.000000,1616040000.0
1616040000.0,13.136500,13.184000,12.717000,12.722500,293896000.000000,1616126400.0
1616126400.0,12.750000,12.921500,12.612500,12.845750,299208000.000000,1616212800.0
1616385600.0,12.912750,13.394500,12.906750,13.186250,297804000.000000,1616472000.0
1616472000.0,13.254250,13.344500,13.021250,13.070750,222048000.000000,1616558400.0
1616558400.0,13.151250,13.159250,12.636750,12.643000,245840000.000000,1616644800.0
1616644800.0,12.499500,12.714750,12.272000,12.535250,295144000.000000,1616731200.0
1616731200.0,12.554500,12.856250,12.373500,12.839250,363968000.000000,1616817600.0
1616990400.0,12.820250,13.062500,12.700000,12.948250,273520000.000000,1617076800.0
1617076800.0,12.842000,12.975250,12.705000,12.871750,200204000.000000,1617163200.0
1617163200.0,13.015500,13.470500,12.982500,13.348250,314776000.000000,1617249600.0
1617249600.0,13.572250,13.870000,13.511250,13.811750,308276000.000000,1617336000.0
1617595200.0,13.867500,14.014000,13.733000,13.987500,255672000.000000,1617681600.0
1617681600.0,13.999750,14.054250,13.773500,13.861500,191744000.000000,1617768000.0
1617768000.0,13.880750,14.243500,13.711500,14.143500,251284000.000000,1617854400.0
1617854400.0,14.252750,14.471500,14.249000,14.317000,244416000.000000,1617940800.0
1617940800.0,14.214000,14.408000,14.175000,14.400000,195172000.000000,1618027200.0
1618200000.0,14.289750,15.352500,14.139250,15.209000,869324000.000000,1618286400.0
1618286400.0,15.231500,15.700000,15.125750,15.679500,676212000.000000,1618372800.0
1618372800.0,15.625000,15.720500,15.227500,15.277000,385500000.000000,1618459200.0
1618459200.0,15.662500,16.214251,15.631500,16.137251,598480000.000000,1618545600.0
1618545600.0,16.052999,16.165751,15.865250,15.912500,335208000.000000,1618632000.0
1618804800.0,15.536500,15.807500,15.233000,15.361750,404420000.000000,1618891200.0
1618891200.0,15.323250,15.497000,14.963000,15.171250,334132000.000000,1618977600.0
1618977600.0,15.118750,15.362500,15.102250,15.360500,216776000.000000,1619064000.0
1619064000.0,15.375000,15.438500,14.783500,14.850250,277788000.000000,1619150400.0
1619150400.0,14.934250,15.335000,14.900250,15.265250,227500000.000000,1619236800.0
1619409600.0,15.185000,15.479000,15.125000,15.478000,197796000.000000,1619496000.0
1619496000.0,15.578500,15.670500,15.354500,15.381750,164572000.000000,1619582400.0
1619582400.0,15.364500,15.532250,15.215500,15.276750,209416000.000000,1619668800.0
1619668800.0,15.400000,15.436500,15.071500,15.324750,173196000.000000,1619755200.0
1619755200.0,15.174500,15.365000,14.997000,15.009500,201912000.000000,1619841600.0
1620014400.0,15.125000,15.246750,14.787500,14.836750,203912000.000000,1620100800.0
1620100800.0,14.637250,14.637500,14.010250,14.351250,405324000.000000,1620187200.0
1620187200.0,14.709000,14.813500,14.387500,14.458500,292024000.000000,1620273600.0
1620273600.0,14.495250,14.571250,14.218000,14.523000,193380000.000000,1620360000.0
1620360000.0,14.808250,14.970750,14.671750,14.812250,229328000.000000,1620446400.0
1620619200.0,14.787250,14.806000,14.250000,14.265750,268904000.000000,1620705600.0
1620705600.0,13.825000,14.354750,13.750000,14.306250,285584000.000000,1620792000.0
1620792000.0,14.009500,14.260250,13.709250,13.758500,303408000.000000,1620878400.0
1620878400.0,14.033750,14.080750,13.459000,13.665250,285404000.000000,1620964800.0
1620964800.0,13.890000,14.328000,13.748500,14.243000,258616000.000000,1621051200.0
1621224000.0,14.157000,14.169250,13.853500,14.165500,216980000.000000,1621310400.0
1621310400.0,14.267000,14.404250,14.004000,14.015750,186256000.000000,1621396800.0
1621396800.0,13.566500,14.079500,13.543250,14.065750,344000000.000000,1621483200.0
1621483200.0,14.302500,14.683750,14.270500,14.612500,321592000.000000,1621569600.0
1621569600.0,15.163750,15.222000,14.869500,14.991750,672992000.000000,1621656000.0
1621828800.0,15.212500,15.745000,15.176000,15.612000,554816000.000000,1621915200.0
1621915200.0,15.766000,15.818500,15.482500,15.647750,435408000.000000,1622001600.0
1622001600.0,15.734250,15.793750,15.586250,15.700000,370440000.000000,1622088000.0
1622088000.0,15.699750,15.750000,15.460000,15.488000,581476000.000000,1622174400.0
1622174400.0,15.501000,16.277500,15.501000,16.244499,644536000.000000,1622260800.0
1622520000.0,16.270000,16.388250,15.903250,16.264500,472804000.000000,1622606400.0
1622606400.0,16.252251,16.918751,16.235500,16.778250,594168000.000000,1622692800.0
1622692800.0,16.700750,17.259001,16.583000,16.969749,580008000.000000,1622779200.0
1622779200.0,17.112499,17.660999,17.095501,17.578251,617120000.000000,1622865600.0
1623038400.0,17.571251,17.812500,17.192751,17.618999,575756000.000000,1623124800.0
1623124800.0,17.527250,17.621500,17.250999,17.457001,323848000.000000,1623211200.0
1623211200.0,17.515751,17.575001,17.255751,17.358250,381656000.000000,1623297600.0
1623297600.0,17.350000,17.492001,17.176001,17.424999,287772000.000000,1623384000.0
1623384000.0,17.479500,17.939251,17.443750,17.825251,416308000.000000,1623470400.0
1623643200.0,17.906000,18.039499,17.662750,18.018749,321376000.000000,1623729600.0
1623729600.0,17.915001,18.016251,17.728001,17.788500,243032000.000000,1623816000.0
1623816000.0,17.790751,17.954750,17.584499,17.810249,307124000.000000,1623902400.0
1623902400.0,17.774500,18.834999,17.756250,18.657249,809656000.000000,1623988800.0
1623988800.0,18.784000,19.375000,18.584000,18.638750,968856000.000000,1624075200.0
1624248000.0,18.435249,18.536501,17.822750,18.427250,672384000.000000,1624334400.0
1624334400.0,18.471500,18.963751,18.386000,18.886749,580144000.000000,1624420800.0
1624420800.0,19.007750,19.152750,18.907749,19.057249,332356000.000000,1624507200.0
1624507200.0,19.227751,19.420000,19.088249,19.205500,320924000.000000,1624593600.0
1624593600.0,19.280500,19.345501,18.894501,19.031000,278364000.000000,1624680000.0
1624852800.0,19.361250,20.078751,19.319000,19.985001,495436000.000000,1624939200.0
1624939200.0,19.882500,20.098749,19.657000,20.026751,367632000.000000,1625025600.0
1625025600.0,19.999250,20.162500,19.863750,20.002501,326568000.000000,1625112000.0
1625112000.0,20.125000,20.455999,20.018999,20.212000,480136000.000000,1625198400.0
1625198400.0,20.440250,20.505251,20.287750,20.487000,342764000.000000,1625284800.0
1625544000.0,20.737499,20.841999,20.350250,20.698500,446708000.000000,1625630400.0
1625630400.0,20.853500,20.875000,20.332001,20.371750,418428000.000000,1625716800.0
1625716800.0,19.856501,20.132999,19.700750,19.902750,503300000.000000,1625803200.0
1625803200.0,19.962500,20.080250,19.754250,20.050249,296624000.000000,1625889600.0
1626062400.0,20.240000,20.532749,20.187750,20.512501,321984000.000000,1626148800.0
1626148800.0,20.400499,20.461250,20.114000,20.250000,290708000.000000,1626235200.0
1626235200.0,20.357750,20.417749,19.752750,19.841499,380100000.000000,1626321600.0
1626321600.0,19.811750,19.847000,18.858500,18.966249,550564000.000000,1626408000.0
1626408000.0,19.030500,19.157000,18.073000,18.160999,688224000.000000,1626494400.0
1626667200.0,17.915251,19.042000,17.865499,18.779751,749060000.000000,1626753600.0
1626753600.0,18.730000,18.837999,18.164000,18.612000,434687000.000000,1626840000.0
1626840000.0,18.882000,19.527000,18.742001,19.410000,371017000.000000,1626926400.0
1626926400.0,19.642000,19.886999,19.275999,19.594000,323826000.000000,1627012800.0
1627012800.0,19.656000,19.700001,19.250000,19.558001,195672000.000000,1627099200.0
1627272000.0,19.311001,19.441999,18.914000,19.294001,203943000.000000,1627358400.0
1627358400.0,19.264999,19.622000,18.740999,19.208000,248863000.000000,1627444800.0
1627444800.0,19.319000,19.646000,18.995001,19.503000,202191000.000000,1627531200.0
1627531200.0,19.518999,19.853001,19.327999,19.662001,190781000.000000,1627617600.0
1627617600.0,19.417999,19.629999,19.263000,19.499001,183497000.000000,1627704000.0
1627876800.0,19.700001,19.961000,19.361000,19.750000,217444000.000000,1627963200.0
1627963200.0,19.740000,20.222000,19.219999,19.815001,301811000.000000,1628049600.0
1628049600.0,19.990000,20.318001,19.827999,20.274000,231309000.000000,1628136000.0
1628136000.0,20.500000,20.733000,20.341999,20.636999,211435000.000000,1628222400.0
1628222400.0,20.524000,20.570000,20.209999,20.365999,178497000.000000,1628308800.0
1628481600.0,20.445999,20.507999,20.143000,20.295000,146443000.000000,1628568000.0
1628568000.0,20.322001,20.430000,19.834999,19.936001,179238000.000000,1628654400.0
1628654400.0,20.042999,20.049000,19.430000,19.698999,185925000.000000,1628740800.0
1628740800.0,19.870001,20.028999,19.620001,19.905001,151652000.000000,1628827200.0
1628827200.0,19.905001,20.214001,19.851000,20.188000,183063000.000000,1628913600.0
1629086400.0,20.135000,20.287001,19.452999,19.950001,210876000.000000,1629172800.0
1629172800.0,19.684999,19.770000,19.267000,19.458000,204585000.000000,1629259200.0
1629259200.0,19.500000,19.634001,19.000000,19.040001,285913000.000000,1629345600.0
1629345600.0,19.493999,20.495001,18.761999,19.798000,766555000.000000,1629432000.0
1629432000.0,19.990999,20.865000,19.933001,20.816000,675741000.000000,1629518400.0
1629691200.0,20.971001,21.997000,20.950001,21.958000,575807000.000000,1629777600.0
1629777600.0,21.753000,21.959000,21.535000,21.792999,297299000.000000,1629864000.0
1629864000.0,21.737000,22.469999,21.722000,22.212999,347701000.000000,1629950400.0
1629950400.0,22.200001,22.340000,21.790001,22.068001,237940000.000000,1630036800.0
1630036800.0,22.184000,22.722000,22.167000,22.636000,304722000.000000,1630123200.0
1630296000.0,22.830000,23.042999,22.551001,22.688000,262580000.000000,1630382400.0
1630382400.0,22.695000,22.695000,22.120001,22.385000,259850000.000000,1630468800.0
1630468800.0,22.485001,22.697001,22.357000,22.441000,201767000.000000,1630555200.0
1630555200.0,22.518000,22.593000,22.295000,22.396000,187834000.000000,1630641600.0
1630641600.0,22.325001,22.986000,22.200001,22.843000,280532000.000000,1630728000.0
1630987200.0,22.833000,22.899000,22.521999,22.662001,198107000.000000,1631073600.0
1631073600.0,22.513000,22.610001,21.976999,22.339001,254434000.000000,1631160000.0
1631160000.0,22.312000,22.538000,22.131001,22.177000,196856000.000000,1631246400.0
1631246400.0,22.348000,22.625999,22.270000,22.478001,248376000.000000,1631332800.0
1631505600.0,22.684000,22.964001,21.858000,22.152000,297500000.000000,1631592000.0
1631592000.0,22.275000,22.410000,22.086000,22.242001,199755000.000000,1631678400.0
1631678400.0,22.309000,22.367001,21.966000,22.341000,166538000.000000,1631764800.0
1631764800.0,22.183001,22.277000,21.927000,22.242001,156033000.000000,1631851200.0
1631851200.0,22.299999,22.320999,21.830000,21.900000,294503000.000000,1631937600.0
1632110400.0,21.146000,21.433001,20.662001,21.113001,349440000.000000,1632196800.0
1632196800.0,21.417000,21.424999,20.950001,21.246000,204688000.000000,1632283200.0
1632283200.0,21.365999,21.959999,21.195999,21.941000,268726000.000000,1632369600.0
1632369600.0,22.139999,22.535000,21.889999,22.482000,248555000.000000,1632456000.0
1632456000.0,22.070000,22.149000,21.861000,22.080999,217655000.000000,1632542400.0
1632715200.0,21.709999,21.799000,21.325001,21.660000,245215000.000000,1632801600.0
1632801600.0,21.214001,21.419001,20.650999,20.698999,343069000.000000,1632888000.0
1632888000.0,20.940001,21.017000,20.466999,20.517000,218394000.000000,1632974400.0
1632974400.0,20.768000,21.066000,20.688000,20.716000,221009000.000000,1633060800.0
1633060800.0,20.750000,20.858999,20.202999,20.742001,240978000.000000,1633147200.0
1633320000.0,20.504000,20.542000,19.555000,19.732000,345635000.000000,1633406400.0
1633406400.0,19.950001,20.648001,19.854000,20.451000,279282000.000000,1633492800.0
1633492800.0,20.120001,20.719999,20.080000,20.700001,297202000.000000,1633579200.0
1633579200.0,21.091999,21.322001,20.972000,21.075001,256919000.000000,1633665600.0
1633665600.0,21.101000,21.205999,20.775000,20.830999,151258000.000000,1633752000.0
1633924800.0,20.575001,21.063000,20.511000,20.695000,163388000.000000,1634011200.0
1634011200.0,20.827999,21.056999,20.528000,20.671000,162134000.000000,1634097600.0
1634097600.0,20.917999,20.990000,20.712999,20.938999,180652000.000000,1634184000.0
1634184000.0,21.288000,21.754999,21.122000,21.746000,243589000.000000,1634270400.0
1634270400.0,21.809999,21.931000,21.662001,21.862000,226994000.000000,1634356800.0
1634529600.0,21.749001,22.291000,21.643999,22.222000,189494000.000000,1634616000.0
1634616000.0,22.275999,22.379000,22.037001,22.290001,161473000.000000,1634702400.0
1634702400.0,22.305000,22.433001,21.982000,22.103001,146276000.000000,1634788800.0
1634788800.0,22.097000,22.711000,22.083000,22.691999,187590000.000000,1634875200.0
1634875200.0,22.823000,23.129999,22.561001,22.726000,249384000.000000,1634961600.0
1635134400.0,22.973000,23.355000,22.770000,23.166000,230235000.000000,1635220800.0
1635220800.0,23.989000,25.259001,23.924000,24.716999,485898000.000000,1635307200.0
1635307200.0,24.474001,25.090000,24.282000,24.451000,245990000.000000,1635393600.0
1635393600.0,24.878000,24.950001,24.523001,24.941000,234204000.000000,1635480000.0
1635480000.0,25.000999,25.709000,25.000000,25.566999,292503000.000000,1635566400.0
1635739200.0,25.649000,25.893999,25.226999,25.827000,265740000.000000,1635825600.0
1635825600.0,25.822001,26.677999,25.799999,26.400999,294112000.000000,1635912000.0
1635912000.0,26.670000,26.784000,26.235001,26.598000,239910000.000000,1635998400.0
1635998400.0,27.229000,31.365000,27.118000,29.801001,1153631000.000000,1636084800.0
1636084800.0,30.187000,31.400000,29.410000,29.752001,851260000.000000,1636171200.0
1636347600.0,30.149000,31.100000,29.907000,30.804001,503101000.000000,1636434000.0
1636434000.0,32.282001,32.310001,29.964001,30.657000,646746000.000000,1636520400.0
1636520400.0,29.356001,30.850000,28.778000,29.459000,636206000.000000,1636606800.0
1636606800.0,30.468000,30.590000,29.777000,30.389999,332172000.000000,1636693200.0
1636693200.0,30.010000,30.680000,29.629999,30.389999,413054000.000000,1636779600.0
1636952400.0,30.552000,30.643999,29.247000,30.025000,384909000.000000,1637038800.0
1637038800.0,29.759001,30.389999,29.705999,30.202999,264484000.000000,1637125200.0
1637125200.0,30.417999,30.509001,28.799999,29.261000,428508000.000000,1637211600.0
1637211600.0,32.367001,32.759998,31.320999,31.674999,781711000.000000,1637298000.0
1637298000.0,32.243000,33.088001,31.905001,32.985001,533867000.000000,1637384400.0
1637557200.0,33.516998,34.646999,31.900000,31.955999,754335000.000000,1637643600.0
1637643600.0,31.535000,32.360001,30.879999,31.746000,532163000.000000,1637730000.0
1637730000.0,31.461000,32.855000,30.927999,32.674000,435162000.000000,1637816400.0
1637902800.0,32.599998,32.709999,31.350000,31.503000,283069000.000000,1637989200.0
1638162000.0,32.366001,33.411999,32.035999,33.375999,454964000.000000,1638248400.0
1638248400.0,33.168999,33.353001,31.864000,32.675999,622066000.000000,1638334800.0
1638334800.0,33.219002,33.289001,31.379999,31.434999,484368000.000000,1638421200.0
1638421200.0,31.214001,32.478001,31.025000,32.125999,472890000.000000,1638507600.0
1638507600.0,32.000000,32.129002,30.129999,30.693001,544325000.000000,1638594000.0
1638766800.0,29.879999,30.240999,28.038000,30.037001,658938000.000000,1638853200.0
1638853200.0,30.957001,32.449001,30.650999,32.426998,593053000.000000,1638939600.0
1638939600.0,31.999001,32.290001,31.421000,31.826000,475551000.000000,1639026000.0
1639026000.0,31.733999,32.205002,30.427999,30.490000,488507000.000000,1639112400.0
1639112400.0,31.150000,31.305000,29.861000,30.198000,488825000.000000,1639198800.0
1639371600.0,30.249001,30.294001,28.115999,28.160999,598344000.000000,1639458000.0
1639458000.0,27.698999,28.677999,27.250000,28.337000,667035000.000000,1639544400.0
1639544400.0,28.400000,30.500000,27.837999,30.459000,698297000.000000,1639630800.0
1639630800.0,31.152000,31.160000,28.093000,28.386999,707366000.000000,1639717200.0
1639717200.0,27.985001,28.922001,27.760000,27.801001,713758000.000000,1639803600.0
1639976400.0,27.305000,28.143999,27.145000,27.719000,461847000.000000,1640062800.0
1640062800.0,28.374001,29.120001,27.400999,29.075001,524385000.000000,1640149200.0
1640149200.0,28.891001,29.555000,28.448999,29.400000,395184000.000000,1640235600.0
1640235600.0,29.754999,30.059000,29.431000,29.639999,343022000.000000,1640322000.0
1640581200.0,29.660000,31.087000,29.639999,30.945000,403686000.000000,1640667600.0
1640667600.0,31.312000,31.330000,30.011999,30.322001,420591000.000000,1640754000.0
1640754000.0,30.273001,30.548000,29.365999,30.000999,343139000.000000,1640840400.0
1640840400.0,29.827000,30.457001,29.540001,29.586000,308864000.000000,1640926800.0
1640926800.0,29.674000,30.030001,29.330999,29.410999,266530000.000000,1641013200.0
1641186000.0,29.815001,30.711000,29.785000,30.121000,391547000.000000,1641272400.0
1641272400.0,30.277000,30.468000,28.349001,29.290001,527154000.000000,1641358800.0
1641358800.0,28.948999,29.416000,27.533001,27.604000,498064000.000000,1641445200.0
1641445200.0,27.639999,28.438000,27.065001,28.177999,454186000.000000,1641531600.0
1641531600.0,28.141001,28.422001,27.056999,27.247000,409939000.000000,1641618000.0
1641790800.0,26.580999,27.469000,25.643999,27.400000,594681000.000000,1641877200.0
1641877200.0,27.323000,28.065001,26.839001,27.816999,404089000.000000,1641963600.0
1641963600.0,28.066999,28.594999,27.608000,27.999001,383413000.000000,1642050000.0
1642050000.0,28.379000,28.480000,26.497999,26.575001,540171000.000000,1642136400.0
1642136400.0,26.299999,27.197001,26.209999,26.941999,395832000.000000,1642222800.0
1642482000.0,26.260000,26.638000,25.770000,25.903000,424270000.000000,1642568400.0
1642568400.0,26.079000,26.542999,25.052000,25.066999,488315000.000000,1642654800.0
1642654800.0,25.304001,25.579000,24.077999,24.150000,435181000.000000,1642741200.0
1642741200.0,23.507000,24.823000,23.263000,23.374001,718958000.000000,1642827600.0
1643000400.0,22.330000,23.379999,20.888000,23.372000,913982000.000000,1643086800.0
1643086800.0,22.546000,22.943001,22.000000,22.323999,664616000.000000,1643173200.0
1643173200.0,23.240000,24.056999,22.299999,22.771999,755959000.000000,1643259600.0
1643259600.0,23.568001,23.995001,21.674999,21.944000,573353000.000000,1643346000.0
1643346000.0,22.011999,22.858000,21.296000,22.840000,543774000.000000,1643432400.0
1643605200.0,23.181999,24.509001,23.052000,24.486000,564680000.000000,1643691600.0
1643691600.0,25.104000,25.145000,23.889999,24.638000,518925000.000000,1643778000.0
1643778000.0,25.794001,25.816999,24.552999,25.242001,543419000.000000,1643864400.0
1643864400.0,24.458000,25.077000,23.780001,23.948000,410178000.000000,1643950800.0
1643950800.0,23.972000,24.635000,23.632000,24.319000,354829000.000000,1644037200.0
1644210000.0,24.372000,25.181999,24.202000,24.728001,376868000.000000,1644296400.0
1644296400.0,24.358999,25.230000,23.980000,25.108000,410359000.000000,1644382800.0
1644382800.0,25.622000,26.725000,25.353001,26.705000,524282000.000000,1644469200.0
1644469200.0,25.995001,26.924999,25.600000,25.823999,513200000.000000,1644555600.0
1644555600.0,25.916000,26.152000,23.773001,23.948999,605472000.000000,1644642000.0
1644814800.0,23.934000,24.875000,23.754999,24.267000,440424000.000000,1644901200.0
1644901200.0,24.948999,26.545000,24.784000,26.495001,699869000.000000,1644987600.0
1644987600.0,26.259001,26.582001,25.552000,26.511000,732676000.000000,1645074000.0
1645074000.0,25.629999,25.785000,24.165001,24.507000,810595000.000000,1645160400.0
1645160400.0,24.667999,24.986000,23.100000,23.642000,761255000.000000,1645246800.0
1645506000.0,23.035000,24.063999,23.000000,23.389999,633422000.000000,1645592400.0
1645592400.0,23.802000,24.155001,22.301001,22.386999,566511000.000000,1645678800.0
1645678800.0,21.014999,23.799999,20.889999,23.747999,735801000.000000,1645765200.0
1645765200.0,23.721001,24.216999,23.381001,24.157000,528866000.000000,1645851600.0
1646024400.0,23.992001,24.665001,23.707001,24.385000,477319000.000000,1646110800.0
1646110800.0,24.291000,24.377001,23.132000,23.476999,412056000.000000,1646197200.0
1646197200.0,23.756001,24.409000,23.415001,24.219999,389642000.000000,1646283600.0
1646283600.0,24.261999,24.326000,23.469000,23.714001,365095000.000000,1646370000.0
1646370000.0,23.384001,23.680000,22.482000,22.936001,431415000.000000,1646456400.0
1646629200.0,22.816999,23.033001,21.330000,21.351999,450821000.000000,1646715600.0
1646715600.0,21.309000,22.372999,20.650000,21.514000,557467000.000000,1646802000.0
1646802000.0,22.386999,23.219999,22.247000,23.014000,492742000.000000,1646888400.0
1646888400.0,22.531000,22.788000,21.882000,22.658001,428066000.000000,1646974800.0
1646974800.0,23.021999,23.145000,22.046000,22.100000,367209000.000000,1647061200.0
1647230400.0,21.868999,22.261999,21.159000,21.330000,385354000.000000,1647316800.0
1647316800.0,21.518000,23.038000,21.322001,22.973000,491996000.000000,1647403200.0
1647403200.0,23.500000,24.597000,23.172001,24.496000,671422000.000000,1647489600.0
1647489600.0,24.120001,24.841999,23.906000,24.766001,471941000.000000,1647576000.0
1647576000.0,24.799000,26.569000,24.624001,26.452999,730719000.000000,1647662400.0
1647835200.0,26.507000,27.152000,25.966999,26.733999,591727000.000000,1647921600.0
1647921600.0,26.726999,27.238001,26.072001,26.524000,547007000.000000,1648008000.0
1648008000.0,26.125999,26.612000,25.575001,25.634001,502120000.000000,1648094400.0
1648094400.0,26.166000,28.320000,25.907000,28.150000,877379000.000000,1648180800.0
1648180800.0,27.886000,28.358000,27.271000,27.691999,579016000.000000,1648267200.0
1648440000.0,27.756001,28.250000,27.205999,28.219000,425494000.000000,1648526400.0
1648526400.0,28.695000,28.945999,27.980000,28.656000,488984000.000000,1648612800.0
1648612800.0,28.304001,28.496000,27.503000,27.690001,463487000.000000,1648699200.0
1648699200.0,27.782000,28.247999,27.270000,27.285999,523440000.000000,1648785600.0
1648785600.0,27.375000,27.496000,26.267000,26.712000,517235000.000000,1648872000.0
1649044800.0,26.728001,27.558001,26.613001,27.360001,397120000.000000,1649131200.0
1649131200.0,27.254000,27.319000,25.820000,25.931000,436615000.000000,1649217600.0
1649217600.0,24.934000,25.299999,24.003000,24.407000,703833000.000000,1649304000.0
1649304000.0,24.441000,24.722000,23.478001,24.208000,557992000.000000,1649390400.0
1649390400.0,23.917000,23.923000,23.062000,23.118999,524781000.000000,1649476800.0
1649649600.0,22.214001,22.320000,21.660000,21.917000,575207000.000000,1649736000.0
1649736000.0,22.537001,22.725000,21.282000,21.504000,662258000.000000,1649822400.0
1649822400.0,21.728001,22.500000,21.455000,22.202999,516943000.000000,1649908800.0
1649908800.0,22.504999,22.777000,21.163000,21.257999,569097000.000000,1649995200.0
1650254400.0,21.200001,22.087999,21.079000,21.783001,525701000.000000,1650340800.0
1650340800.0,21.719999,22.372999,21.313999,22.198000,512781000.000000,1650427200.0
1650427200.0,22.517000,22.670000,21.200001,21.482000,468974000.000000,1650513600.0
1650513600.0,21.709000,22.392000,20.000000,20.183001,656209000.000000,1650600000.0
1650600000.0,20.302999,20.486000,19.500000,19.514999,624713000.000000,1650686400.0
1650859200.0,19.202000,19.945000,19.096001,19.902000,641566000.000000,1650945600.0
1650945600.0,19.718000,19.788000,18.670000,18.788000,653143000.000000,1651032000.0
1651032000.0,18.598000,19.167000,18.290001,18.415001,499460000.000000,1651118400.0
1651118400.0,18.966999,20.037001,18.490000,19.782000,570327000.000000,1651204800.0
1651204800.0,19.402000,20.128000,18.517000,18.547001,500435000.000000,1651291200.0
1651464000.0,18.541000,19.573999,18.391001,19.533001,572049000.000000,1651550400.0
1651550400.0,19.400000,19.825001,19.132999,19.601999,475751000.000000,1651636800.0
1651636800.0,19.923000,20.400000,18.750999,20.334000,648855000.000000,1651723200.0
1651723200.0,19.867001,19.924999,18.500000,18.844000,626331000.000000,1651809600.0
1651809600.0,18.736000,19.511999,17.990000,18.674999,633297000.000000,1651896000.0
1652068800.0,18.034000,18.254999,16.827000,16.950001,644455000.000000,1652155200.0
1652155200.0,17.688999,18.198000,17.025000,17.594999,761474000.000000,1652241600.0
1652241600.0,17.347000,17.753000,16.568001,16.629999,670167000.000000,1652328000.0
1652328000.0,16.219000,16.788000,15.567000,16.174999,708728000.000000,1652414400.0
1652414400.0,16.788000,17.927999,16.593000,17.705999,670437000.000000,1652500800.0
1652673600.0,17.509001,17.788000,17.106001,17.264000,521446000.000000,1652760000.0
1652760000.0,18.073999,18.371000,17.634001,18.177000,585830000.000000,1652846400.0
1652846400.0,17.705000,18.118000,16.864000,16.938000,545161000.000000,1652932800.0
1652932800.0,16.937000,17.687000,16.733999,17.124001,621310000.000000,1653019200.0
1653019200.0,17.332001,17.410000,15.755000,16.694000,739105000.000000,1653105600.0
1653278400.0,16.274000,16.915001,16.179001,16.898001,639889000.000000,1653364800.0
1653364800.0,16.510000,16.597000,15.780000,16.153999,588550000.000000,1653451200.0
1653451200.0,16.020000,17.111000,16.000000,16.975000,781132000.000000,1653537600.0
1653537600.0,16.035999,18.091999,16.021999,17.851000,996575000.000000,1653624000.0
1653624000.0,18.186001,18.881001,18.100000,18.811001,738379000.000000,1653710400.0
1653969600.0,18.980000,19.200001,18.350000,18.672001,664100000.000000,1654056000.0
1654056000.0,18.724001,19.052999,18.122000,18.320000,544514000.000000,1654142400.0
1654142400.0,18.292000,19.618999,18.198000,19.591999,648656000.000000,1654228800.0
1654228800.0,19.082001,19.332001,18.521999,18.719999,598779000.000000,1654315200.0
1654488000.0,19.139000,19.337000,18.563999,18.785999,422406000.000000,1654574400.0
1654574400.0,18.472000,19.000000,18.188000,18.926001,388914000.000000,1654660800.0
1654660800.0,18.799000,19.180000,18.535000,18.648001,363252000.000000,1654747200.0
1654747200.0,18.481001,18.933001,18.041000,18.048000,395574000.000000,1654833600.0
1654833600.0,17.600000,17.697001,16.868999,16.974001,465248000.000000,1654920000.0
1655092800.0,16.000000,16.312000,15.606000,15.647000,604153000.000000,1655179200.0
1655179200.0,15.731000,16.066000,15.412000,15.836000,469680000.000000,1655265600.0
1655265600.0,16.094999,16.868000,15.926000,16.527000,563936000.000000,1655352000.0
1655352000.0,15.860000,15.942000,15.401000,15.601000,545749000.000000,1655438400.0
1655438400.0,15.648000,15.995000,15.328000,15.880000,630334000.000000,1655524800.0
1655784000.0,16.475000,17.007999,16.407000,16.566000,483089000.000000,1655870400.0
1655870400.0,16.226000,16.662001,16.180000,16.360001,437135000.000000,1655956800.0
1655956800.0,16.518999,16.584999,15.853000,16.225000,463680000.000000,1656043200.0
1656043200.0,16.500000,17.139999,16.309999,17.125999,472153000.000000,1656129600.0
1656302400.0,17.312000,17.330000,16.625999,16.868999,427968000.000000,1656388800.0
1656388800.0,16.900000,17.202000,15.945000,15.982000,461149000.000000,1656475200.0
1656475200.0,15.814000,15.820000,15.170000,15.542000,482352000.000000,1656561600.0
1656561600.0,15.361000,15.567000,14.862000,15.159000,686070000.000000,1656648000.0
1656648000.0,14.899000,15.063000,14.392000,14.523000,577610000.000000,1656734400.0
1656993600.0,14.175000,14.971000,14.055000,14.964000,651397000.000000,1657080000.0
1657080000.0,15.010000,15.319000,14.789000,15.130000,529066000.000000,1657166400.0
1657166400.0,15.456000,15.945000,15.389000,15.858000,492903000.000000,1657252800.0
1657252800.0,15.430000,16.037001,15.389000,15.838000,467972000.000000,1657339200.0
1657512000.0,15.526000,15.527000,15.038000,15.152000,437321000.000000,1657598400.0
1657598400.0,15.268000,15.431000,14.877000,15.082000,458483000.000000,1657684800.0
1657684800.0,14.590000,15.375000,14.465000,15.164000,521918000.000000,1657771200.0
1657771200.0,15.108000,15.473000,14.728000,15.372000,456235000.000000,1657857600.0
1657857600.0,15.659000,15.782000,15.445000,15.762000,385935000.000000,1657944000.0
1658116800.0,16.302000,16.896999,16.002001,16.101000,670517000.000000,1658203200.0
1658203200.0,16.486000,17.110001,16.172001,16.992001,702366000.000000,1658289600.0
1658289600.0,16.947001,17.933001,16.801001,17.806999,760538000.000000,1658376000.0
1658376000.0,17.885000,18.143999,17.545000,18.049999,557049000.000000,1658462400.0
1658462400.0,17.893000,17.966999,17.136999,17.319000,536671000.000000,1658548800.0
1658721600.0,17.018999,17.124001,16.649000,17.024000,480748000.000000,1658808000.0
1658808000.0,16.889000,16.919001,16.478001,16.533001,397865000.000000,1658894400.0
1658894400.0,17.032000,17.936001,16.913000,17.790001,569776000.000000,1658980800.0
1658980800.0,17.975000,18.139999,17.440001,17.983999,474646000.000000,1659067200.0
1659067200.0,17.813000,18.243999,17.691999,18.163000,435460000.000000,1659153600.0
1659326400.0,18.181999,18.846001,17.990000,18.441000,476469000.000000,1659412800.0
1659412800.0,18.122000,18.938000,18.091999,18.525999,489527000.000000,1659499200.0
1659499200.0,18.184000,18.968000,18.136999,18.893000,418146000.000000,1659585600.0
1659585600.0,18.849001,19.274000,18.760000,19.215000,409652000.000000,1659672000.0
1659672000.0,18.809999,19.229000,18.666000,18.989000,386068000.000000,1659758400.0
1659931200.0,17.502001,18.239000,17.242001,17.792999,981859000.000000,1660017600.0
1660017600.0,17.252001,17.447001,16.724001,17.086000,668263000.000000,1660104000.0
1660104000.0,17.698000,18.118000,17.316999,18.097000,597422000.000000,1660190400.0
1660190400.0,18.131001,18.707001,17.875999,17.941999,509327000.000000,1660276800.0
1660276800.0,18.160000,18.718000,17.952999,18.709000,478094000.000000,1660363200.0
1660536000.0,18.701000,19.164000,18.613001,19.032000,457666000.000000,1660622400.0
1660622400.0,18.920000,19.142000,18.500999,18.879000,451240000.000000,1660708800.0
1660708800.0,18.523001,18.688000,18.145000,18.334999,446799000.000000,1660795200.0
1660795200.0,18.301001,18.865000,18.183001,18.773001,415447000.000000,1660881600.0
1660881600.0,18.406000,18.520000,17.770000,17.849001,441588000.000000,1660968000.0
1661140800.0,17.490000,17.558001,16.966000,17.034000,409593000.000000,1661227200.0
1661227200.0,16.989000,17.465000,16.969999,17.181000,369986000.000000,1661313600.0
1661313600.0,17.011999,17.406000,16.895000,17.222000,522661000.000000,1661400000.0
1661400000.0,16.844000,17.947001,16.833000,17.913000,770691000.000000,1661486400.0
1661486400.0,17.857000,17.924000,16.237000,16.260000,769127000.000000,1661572800.0
1661745600.0,16.020000,16.337999,15.767000,15.801000,496132000.000000,1661832000.0
1661832000.0,15.960000,16.039000,15.182000,15.468000,530181000.000000,1661918400.0
1661918400.0,15.384000,15.540000,14.959000,15.094000,573710000.000000,1662004800.0
1662004800.0,14.209000,14.380000,13.270000,13.937000,1178865000.000000,1662091200.0
1662091200.0,14.100000,14.171000,13.591000,13.647000,743157000.000000,1662177600.0
1662436800.0,13.731000,13.779000,13.351000,13.465000,535751000.000000,1662523200.0
1662523200.0,13.563000,13.838000,13.346000,13.714000,512657000.000000,1662609600.0
1662609600.0,13.459000,14.008000,13.369000,13.990000,624873000.000000,1662696000.0
1662696000.0,14.157000,14.474000,14.126000,14.387000,486612000.000000,1662782400.0
1662955200.0,14.369000,14.547000,14.198000,14.505000,484159000.000000,1663041600.0
1663041600.0,13.802000,13.922000,13.099000,13.131000,714956000.000000,1663128000.0
1663128000.0,13.254000,13.290000,12.913000,13.128000,588507000.000000,1663214400.0
1663214400.0,13.015000,13.233000,12.790000,12.929000,523625000.000000,1663300800.0
1663300800.0,12.742000,13.212000,12.617000,13.198000,670751000.000000,1663387200.0
1663560000.0,13.012000,13.463000,13.010000,13.382000,569685000.000000,1663646400.0
1663646400.0,13.215000,13.483000,13.057000,13.176000,524818000.000000,1663732800.0
1663732800.0,13.213000,14.031000,13.110000,13.261000,807679000.000000,1663819200.0
1663819200.0,13.070000,13.149000,12.428000,12.561000,759162000.000000,1663905600.0
1663905600.0,12.420000,12.611000,12.257000,12.516000,663309000.000000,1663992000.0
1664164800.0,12.491000,12.659000,12.214000,12.228000,547343000.000000,1664251200.0
1664251200.0,12.507000,12.736000,12.258000,12.413000,553854000.000000,1664337600.0
1664337600.0,12.410000,12.823000,12.354000,12.736000,542414000.000000,1664424000.0
1664424000.0,12.448000,12.500000,11.946000,12.220000,532763000.000000,1664510400.0
1664510400.0,12.087000,12.633000,12.075000,12.139000,565638000.000000,1664596800.0
1664769600.0,12.347000,12.678000,12.105000,12.512000,547478000.000000,1664856000.0
1664856000.0,12.879000,13.220000,12.879000,13.167000,584182000.000000,1664942400.0
1664942400.0,12.911000,13.321000,12.621000,13.209000,507131000.000000,1665028800.0
1665028800.0,13.220000,13.656000,13.103000,13.130000,644157000.000000,1665115200.0
1665115200.0,12.505000,12.670000,12.022000,12.076000,672478000.000000,1665201600.0
1665374400.0,12.037000,12.124000,11.408000,11.670000,698699000.000000,1665460800.0
1665460800.0,11.561000,11.846000,11.283000,11.586000,667482000.000000,1665547200.0
1665547200.0,11.579000,11.735000,11.345000,11.500000,492590000.000000,1665633600.0
1665633600.0,10.971000,12.078000,10.813000,11.960000,850103000.000000,1665720000.0
1665720000.0,12.057000,12.111000,11.204000,11.227000,713432000.000000,1665806400.0
1665979200.0,11.518000,11.948000,11.517000,11.888000,580774000.000000,1666065600.0
1666065600.0,12.344000,12.492000,11.618000,11.967000,659362000.000000,1666152000.0
1666152000.0,11.879000,12.350000,11.834000,12.051000,523131000.000000,1666238400.0
1666238400.0,12.113000,12.769000,12.105000,12.194000,652398000.000000,1666324800.0
1666324800.0,12.098000,12.498000,11.887000,12.466000,609494000.000000,1666411200.0
1666584000.0,12.508000,12.710000,12.064000,12.599000,517457000.000000,1666670400.0
1666670400.0,12.694000,13.300000,12.664000,13.261000,505482000.000000,1666756800.0
1666756800.0,12.869000,13.388000,12.708000,12.896000,532953000.000000,1666843200.0
1666843200.0,13.630000,13.838000,13.122000,13.176000,583113000.000000,1666929600.0
1666929600.0,13.104000,13.850000,13.061000,13.834000,521040000.000000,1667016000.0
1667188800.0,13.778000,13.838000,13.297000,13.497000,486341000.000000,1667275200.0
1667275200.0,13.811000,13.925000,13.519000,13.543000,432817000.000000,1667361600.0
1667361600.0,13.850000,14.210000,13.211000,13.219000,672628000.000000,1667448000.0
1667448000.0,13.043000,13.781000,12.956000,13.421000,500065000.000000,1667534400.0
1667534400.0,13.986000,14.229000,13.697000,14.156000,612576000.000000,1667620800.0
1667797200.0,14.228000,14.412000,13.954000,14.301000,410061000.000000,1667883600.0
1667883600.0,14.801000,14.891000,14.216000,14.602000,595292000.000000,1667970000.0
1667970000.0,14.162000,14.211000,13.759000,13.776000,454414000.000000,1668056400.0
1668056400.0,14.800000,15.773000,14.547000,15.750000,700819000.000000,1668142800.0
1668142800.0,15.807000,16.389000,15.482000,16.327000,655487000.000000,1668229200.0
1668402000.0,16.218000,16.540001,15.922000,16.295000,527852000.000000,1668488400.0
1668488400.0,16.722000,16.997999,16.382000,16.666000,545876000.000000,1668574800.0
1668574800.0,16.162001,16.362000,15.873000,15.910000,649547000.000000,1668661200.0
1668661200.0,15.715000,16.266001,15.535000,15.677000,710894000.000000,1668747600.0
1668747600.0,15.966000,16.002001,15.120000,15.409000,492072000.000000,1668834000.0
1669006800.0,15.147000,15.477000,15.080000,15.317000,404739000.000000,1669093200.0
1669093200.0,15.328000,16.058001,15.122000,16.038000,472866000.000000,1669179600.0
1669179600.0,16.098000,16.527000,16.048000,16.518999,427241000.000000,1669266000.0
1669352400.0,16.318001,16.487000,16.172001,16.270000,167934000.000000,1669438800.0
1669611600.0,16.025999,16.357000,15.725000,15.827000,303741000.000000,1669698000.0
1669698000.0,15.827000,15.932000,15.520000,15.639000,298384000.000000,1669784400.0
1669784400.0,15.697000,16.930000,15.597000,16.923000,565298000.000000,1669870800.0
1669870800.0,16.999001,17.264999,16.635000,17.135000,470977000.000000,1669957200.0
1669957200.0,16.659000,16.933001,16.445000,16.875999,371389000.000000,1670043600.0
1670216400.0,16.679001,16.995001,16.472000,16.610001,352255000.000000,1670302800.0
1670302800.0,16.530001,16.573000,15.819000,15.987000,352694000.000000,1670389200.0
1670389200.0,15.772000,16.186001,15.667000,16.120001,372388000.000000,1670475600.0
1670475600.0,16.273001,17.179001,15.959000,17.169001,515456000.000000,1670562000.0
1670562000.0,17.160000,17.583000,16.975000,17.000999,465338000.000000,1670648400.0
1670821200.0,17.037001,17.538000,16.797001,17.535000,457328000.000000,1670907600.0
1670907600.0,18.531000,18.790001,17.711000,18.072001,656589000.000000,1670994000.0
1670994000.0,17.987000,18.252001,17.420000,17.674000,496888000.000000,1671080400.0
1671080400.0,17.146000,17.320000,16.700001,16.952000,478542000.000000,1671166800.0
1671166800.0,16.864000,17.041000,16.410000,16.570999,478232000.000000,1671253200.0
1671426000.0,16.572001,16.608999,16.145000,16.254000,354039000.000000,1671512400.0
1671512400.0,16.063999,16.309999,15.852000,16.084999,403260000.000000,1671598800.0
1671598800.0,16.114000,16.627001,16.101999,16.500999,325025000.000000,1671685200.0
1671685200.0,16.094000,16.138000,14.882000,15.339000,565045000.000000,1671771600.0
1671771600.0,15.196000,15.339000,14.883000,15.206000,349326000.000000,1671858000.0
1672117200.0,15.074000,15.100000,14.056000,14.121000,464902000.000000,1672203600.0
1672203600.0,13.927000,14.262000,13.884000,14.036000,351066000.000000,1672290000.0
1672290000.0,14.402000,14.683000,14.227000,14.603000,354923000.000000,1672376400.0
1672376400.0,14.334000,14.629000,14.233000,14.614000,310490000.000000,1672462800.0
1672722000.0,14.851000,14.996000,14.096000,14.315000,401277000.000000,1672808400.0
1672808400.0,14.567000,14.853000,14.241000,14.749000,431324000.000000,1672894800.0
1672894800.0,14.491000,14.564000,14.148000,14.265000,389168000.000000,1672981200.0
1672981200.0,14.474000,15.010000,14.034000,14.859000,405044000.000000,1673067600.0
1673240400.0,15.284000,16.056000,15.141000,15.628000,504231000.000000,1673326800.0
1673326800.0,15.507000,15.962000,15.472000,15.909000,384101000.000000,1673413200.0
1673413200.0,15.840000,16.028000,15.563000,16.000999,353285000.000000,1673499600.0
1673499600.0,16.100000,16.636999,15.492000,16.511000,551409000.000000,1673586000.0
1673586000.0,16.278000,16.922001,16.165001,16.899000,447287000.000000,1673672400.0
1673931600.0,16.899000,17.728001,16.899000,17.702000,511102000.000000,1674018000.0
1674018000.0,17.667000,17.872999,17.282000,17.377001,439624000.000000,1674104400.0
1674104400.0,17.035999,17.197001,16.731001,16.764999,452932000.000000,1674190800.0
1674190800.0,17.011000,17.856001,16.825001,17.839001,564967000.000000,1674277200.0
1674450000.0,18.063999,19.245001,17.818001,19.193001,655163000.000000,1674536400.0
1674536400.0,18.827000,19.495001,18.820000,19.264999,496204000.000000,1674622800.0
1674622800.0,18.913000,19.370001,18.580000,19.323000,449537000.000000,1674709200.0
1674709200.0,19.701000,20.166000,19.278000,19.802000,489535000.000000,1674795600.0
1674795600.0,19.462000,20.628000,19.405001,20.365000,542142000.000000,1674882000.0
1675054800.0,19.950001,20.139999,19.150000,19.162001,488611000.000000,1675141200.0
1675141200.0,19.170000,19.687000,18.950001,19.537001,498017000.000000,1675227600.0
1675227600.0,19.691000,21.191999,19.611000,20.943001,660477000.000000,1675314000.0
1675314000.0,21.000000,21.948999,20.700001,21.709000,564276000.000000,1675400400.0
1675400400.0,21.000000,21.745001,20.789000,21.100000,429366000.000000,1675486800.0
1675659600.0,20.806000,21.570000,20.785999,21.089001,452197000.000000,1675746000.0
1675746000.0,21.382000,22.259001,21.150000,22.173000,664150000.000000,1675832400.0
1675832400.0,22.386999,22.878000,22.007999,22.205000,559651000.000000,1675918800.0
1675918800.0,22.606001,23.020000,22.120001,22.337000,523876000.000000,1676005200.0
1676005200.0,21.690001,22.077999,20.811001,21.264999,550737000.000000,1676091600.0
1676264400.0,21.538000,22.048000,20.962000,21.788000,474919000.000000,1676350800.0
1676350800.0,21.577999,23.049000,21.365999,22.971001,675474000.000000,1676437200.0
1676437200.0,22.549000,22.855000,22.106001,22.764000,420575000.000000,1676523600.0
1676523600.0,22.132999,22.549999,21.927000,22.002001,412026000.000000,1676610000.0
1676610000.0,21.631001,21.740000,20.975000,21.388000,465888000.000000,1676696400.0
1676955600.0,21.000000,21.493999,20.618000,20.655001,410015000.000000,1677042000.0
1677042000.0,20.707001,21.104000,20.421000,20.754000,513184000.000000,1677128400.0
1677128400.0,23.440001,23.888000,23.025000,23.664000,1117995000.000000,1677214800.0
1677214800.0,23.225000,23.474001,22.947001,23.285999,589716000.000000,1677301200.0
1677474000.0,23.670000,23.879999,23.454000,23.500999,452994000.000000,1677560400.0
1677560400.0,23.372000,23.825001,23.205999,23.216000,455963000.000000,1677646800.0
1677646800.0,23.191999,23.256001,22.507999,22.698000,460026000.000000,1677733200.0
1677733200.0,22.488001,23.379999,22.431999,23.313999,389415000.000000,1677819600.0
1677819600.0,23.320000,23.900000,23.129999,23.889999,412393000.000000,1677906000.0
1678078800.0,23.891001,24.247999,23.487000,23.554001,437429000.000000,1678165200.0
1678165200.0,23.600000,24.125000,23.240999,23.288000,515154000.000000,1678251600.0
1678251600.0,23.487000,24.200001,23.424000,24.181000,513573000.000000,1678338000.0
1678338000.0,24.174999,24.454000,23.382999,23.436001,501257000.000000,1678424400.0
1678424400.0,23.409000,23.627001,22.726000,22.965000,474866000.000000,1678510800.0
1678680000.0,22.752001,23.298000,22.297001,22.966000,421890000.000000,1678766400.0
1678766400.0,23.496000,24.219000,23.459999,24.063000,474910000.000000,1678852800.0
1678852800.0,23.761000,24.285999,23.360001,24.228001,524486000.000000,1678939200.0
1678939200.0,24.027000,25.587999,23.893999,25.541000,583253000.000000,1679025600.0
1679025600.0,25.982000,26.399000,25.667999,25.725000,848547000.000000,1679112000.0
1679284800.0,25.615000,26.024000,25.129999,25.900000,432747000.000000,1679371200.0
1679371200.0,26.180000,26.392000,25.381001,26.198999,547408000.000000,1679457600.0
1679457600.0,26.424999,27.589001,26.237000,26.468000,797295000.000000,1679544000.0
1679544000.0,27.115000,27.499001,26.690001,27.191000,564889000.000000,1679630400.0
1679630400.0,27.031000,27.167000,26.355000,26.778999,454920000.000000,1679716800.0
1679889600.0,26.837000,27.000000,26.365000,26.531000,361026000.000000,1679976000.0
1679976000.0,26.447001,26.513000,25.850000,26.410000,356104000.000000,1680062400.0
1680062400.0,26.825001,27.077999,26.597000,26.983999,393694000.000000,1680148800.0
1680148800.0,27.229000,27.499001,27.101999,27.382999,364516000.000000,1680235200.0
1680235200.0,27.139999,27.834000,27.105000,27.777000,433933000.000000,1680321600.0
1680494400.0,27.509001,28.000000,27.336000,27.965000,398716000.000000,1680580800.0
1680580800.0,27.966000,28.000000,27.306999,27.452999,368592000.000000,1680667200.0
1680667200.0,26.829000,26.997999,26.395000,26.881001,515015000.000000,1680753600.0
1680753600.0,26.584000,27.080000,26.427000,27.037001,397654000.000000,1680840000.0
1681099200.0,26.823000,27.621000,26.669001,27.579000,395279000.000000,1681185600.0
1681185600.0,27.724001,27.790001,27.125999,27.169001,314378000.000000,1681272000.0
1681272000.0,27.370001,27.468000,26.448000,26.495001,446259000.000000,1681358400.0
1681358400.0,26.733999,26.886999,26.329000,26.462999,353615000.000000,1681444800.0
1681444800.0,26.504000,26.882999,26.219999,26.757999,395660000.000000,1681531200.0
1681704000.0,26.565001,27.006001,26.433001,27.002001,321471000.000000,1681790400.0
1681790400.0,27.533001,28.110001,27.357000,27.667000,604812000.000000,1681876800.0
1681876800.0,27.361000,28.000000,27.232000,27.931000,358660000.000000,1681963200.0
1681963200.0,27.671000,28.030001,27.000000,27.104000,427713000.000000,1682049600.0
1682049600.0,26.952000,27.183001,26.722000,27.118999,345103000.000000,1682136000.0
1682308800.0,27.013000,27.365999,26.671000,27.042000,339282000.000000,1682395200.0
1682395200.0,27.077999,27.247000,26.225000,26.240999,378527000.000000,1682481600.0
1682481600.0,27.002001,27.330000,26.705000,26.955999,406337000.000000,1682568000.0
1682568000.0,27.363001,27.495001,26.625000,27.226000,377161000.000000,1682654400.0
1682654400.0,27.225000,27.757999,27.070999,27.749001,292216000.000000,1682740800.0
1682913600.0,27.840000,29.058001,27.780001,28.910000,570329000.000000,1683000000.0
1683000000.0,28.680000,28.836000,28.083000,28.209999,402730000.000000,1683086400.0
1683086400.0,27.840000,28.367001,27.472000,27.802000,383387000.000000,1683172800.0
1683172800.0,27.650999,27.858999,27.240000,27.562000,321850000.000000,1683259200.0
1683259200.0,27.826000,28.754999,27.731001,28.680000,361494000.000000,1683345600.0
1683518400.0,28.521999,29.219999,28.350000,29.150999,344979000.000000,1683604800.0
1683604800.0,28.899000,28.973000,28.450001,28.570999,314869000.000000,1683691200.0
1683691200.0,29.004999,29.113001,28.461000,28.885000,369350000.000000,1683777600.0
1683777600.0,28.896000,28.950001,28.246000,28.577999,322149000.000000,1683864000.0
1683864000.0,28.528999,28.780001,28.046000,28.340000,274222000.000000,1683950400.0
1684123200.0,28.507999,28.969000,28.152000,28.952999,293926000.000000,1684209600.0
1684209600.0,28.841000,29.870001,28.832001,29.212999,449405000.000000,1684296000.0
1684296000.0,29.584000,30.198999,29.430000,30.177999,432535000.000000,1684382400.0
1684382400.0,30.410000,31.827999,30.320000,31.677999,748725000.000000,1684468800.0
1684468800.0,31.535999,31.580000,30.916000,31.264000,473908000.000000,1684555200.0
1684728000.0,30.900999,31.520000,30.680000,31.176001,372000000.000000,1684814400.0
1684814400.0,31.000000,31.288000,30.631001,30.688000,356253000.000000,1684900800.0
1684900800.0,30.209999,30.607000,29.806000,30.538000,721419000.000000,1684987200.0
1684987200.0,38.522999,39.480000,36.634998,37.980000,1543911000.000000,1685073600.0
1685073600.0,37.889999,39.169998,37.549999,38.945999,714397000.000000,1685160000.0
1685419200.0,40.595001,41.938000,39.949001,40.111000,923401000.000000,1685505600.0
1685505600.0,39.487999,40.294998,37.821999,37.834000,1002580000.000000,1685592000.0
1685592000.0,38.488998,40.049999,38.340000,39.770000,635873000.000000,1685678400.0
1685678400.0,40.097000,40.500000,39.057999,39.327000,482731000.000000,1685764800.0
1685937600.0,38.909000,39.564999,38.707001,39.171001,396094000.000000,1686024000.0
1686024000.0,38.830002,39.160000,38.147999,38.653999,388729000.000000,1686110400.0
1686110400.0,38.915001,39.499001,37.355999,37.474998,511998000.000000,1686196800.0
1686196800.0,37.723999,38.863998,37.505001,38.509998,417772000.000000,1686283200.0
1686283200.0,39.036999,39.710999,38.567001,38.770000,427717000.000000,1686369600.0
1686542400.0,39.200001,39.529999,38.618000,39.481998,388701000.000000,1686628800.0
1686628800.0,40.186001,41.101002,39.740002,41.021999,613208000.000000,1686715200.0
1686715200.0,40.824001,43.000000,40.551998,42.997002,740465000.000000,1686801600.0
1686801600.0,42.602001,43.289001,42.146999,42.653000,568622000.000000,1686888000.0
1686888000.0,43.450001,43.721001,42.660999,42.692001,655709000.000000,1686974400.0
1687233600.0,42.998001,43.990002,42.674000,43.807999,451153000.000000,1687320000.0
1687320000.0,43.500999,43.615002,42.080002,43.044998,551603000.000000,1687406400.0
1687406400.0,42.252998,43.425999,42.234001,43.025002,417737000.000000,1687492800.0
1687492800.0,42.464001,42.808998,42.014999,42.209000,358140000.000000,1687579200.0
1687752000.0,42.460999,42.764000,40.099998,40.632000,594322000.000000,1687838400.0
1687838400.0,40.799000,41.939999,40.448002,41.875999,462175000.000000,1687924800.0
1687924800.0,40.660000,41.845001,40.518002,41.117001,582639000.000000,1688011200.0
1688011200.0,41.557999,41.599998,40.599998,40.821999,380514000.000000,1688097600.0
1688097600.0,41.680000,42.549999,41.500999,42.301998,501148000.000000,1688184000.0
1688356800.0,42.516998,42.897999,42.202000,42.412998,198209000.000000,1688443200.0
1688529600.0,42.134998,43.176998,42.084999,42.317001,323618000.000000,1688616000.0
1688616000.0,41.844002,42.179001,41.346001,42.103001,303582000.000000,1688702400.0
1688702400.0,42.321999,43.214001,42.180000,42.502998,355881000.000000,1688788800.0
1688961600.0,42.657001,42.811001,41.648998,42.180000,353908000.000000,1689048000.0
1689048000.0,42.480999,42.757999,42.067001,42.404999,298244000.000000,1689134400.0
1689134400.0,43.033001,43.935001,42.777000,43.902000,481277000.000000,1689220800.0
1689220800.0,44.518002,46.154999,44.492001,45.977001,478204000.000000,1689307200.0
1689307200.0,46.583000,48.088001,45.060001,45.469002,772075000.000000,1689393600.0
1689566400.0,46.289001,46.495998,45.262001,46.460999,510488000.000000,1689652800.0
1689652800.0,46.701000,47.896000,45.734001,47.493999,569164000.000000,1689739200.0
1689739200.0,47.464001,47.818001,46.742001,47.077000,427502000.000000,1689825600.0
1689825600.0,46.507000,47.087002,45.062000,45.520000,537865000.000000,1689912000.0
1689912000.0,45.787998,45.866001,44.099998,44.308998,963769000.000000,1689998400.0
1690171200.0,44.730999,45.109001,44.040001,44.612000,382516000.000000,1690257600.0
1690257600.0,44.941002,46.182999,44.923000,45.679001,348081000.000000,1690344000.0
1690344000.0,46.021000,46.053001,44.630001,45.452000,364237000.000000,1690430400.0
1690430400.0,46.519001,47.395000,45.750000,45.900002,455976000.000000,1690516800.0
1690516800.0,46.667999,47.027000,46.381001,46.750000,331194000.000000,1690603200.0
1690776000.0,46.754002,47.130001,46.506001,46.729000,251055000.000000,1690862400.0
1690862400.0,46.459999,46.900002,46.027000,46.507000,237858000.000000,1690948800.0
1690948800.0,45.831001,45.840000,43.387001,44.269001,530142000.000000,1691035200.0
1691035200.0,43.799999,45.118000,43.799999,44.514999,324176000.000000,1691121600.0
1691121600.0,44.985001,45.641998,44.393002,44.680000,362666000.000000,1691208000.0
1691380800.0,45.111000,45.540001,44.563000,45.417000,322154000.000000,1691467200.0
1691467200.0,44.853001,45.242001,44.056000,44.664001,353843000.000000,1691553600.0
1691553600.0,44.273998,44.312000,42.133999,42.554001,586449000.000000,1691640000.0
1691640000.0,42.160000,43.574001,41.834999,42.388000,492705000.000000,1691726400.0
1691726400.0,41.750999,42.018002,40.639000,40.855000,533085000.000000,1691812800.0
1691985600.0,40.486000,43.799999,40.311001,43.752998,690286000.000000,1692072000.0
1692072000.0,44.560001,45.268002,43.709999,43.939999,676512000.000000,1692158400.0
1692158400.0,44.520000,44.674999,43.405998,43.486000,527451000.000000,1692244800.0
1692244800.0,43.970001,44.062000,43.000999,43.344002,452395000.000000,1692331200.0
1692331200.0,42.634998,43.577999,41.660000,43.299000,583768000.000000,1692417600.0
1692590400.0,44.493999,47.064999,44.222000,46.966999,692573000.000000,1692676800.0
1692676800.0,48.134998,48.187000,45.333000,45.667999,755293000.000000,1692763200.0
1692763200.0,45.866001,47.200001,45.208000,47.116001,779046000.000000,1692849600.0
1692849600.0,50.216000,50.265999,47.159000,47.162998,1156044000.000000,1692936000.0
1692936000.0,47.012001,47.805000,45.023998,46.018002,925341000.000000,1693022400.0
1693195200.0,46.481998,46.980000,44.888000,46.834999,685192000.000000,1693281600.0
1693281600.0,46.666000,49.081001,46.390999,48.784000,701397000.000000,1693368000.0
1693368000.0,49.043999,49.926998,48.424999,49.264000,735206000.000000,1693454400.0
1693454400.0,49.380001,49.743999,48.958000,49.355000,528570000.000000,1693540800.0
1693540800.0,49.762001,49.799999,48.141998,48.508999,463830000.000000,1693627200.0
1693886400.0,48.223000,48.851002,47.860001,48.548000,382653000.000000,1693972800.0
1693972800.0,48.441002,48.549000,46.580002,47.061001,468670000.000000,1694059200.0
1694059200.0,45.525002,46.344002,45.152000,46.241001,433330000.000000,1694145600.0
1694145600.0,45.942001,46.605999,45.271000,45.571999,473069000.000000,1694232000.0
1694404800.0,46.147999,46.162998,44.312000,45.178001,473966000.000000,1694491200.0
1694491200.0,44.737999,45.673000,44.530998,44.869999,349256000.000000,1694577600.0
1694577600.0,44.599998,45.930000,44.502998,45.485001,398355000.000000,1694664000.0
1694664000.0,45.950001,45.987000,45.131001,45.581001,370097000.000000,1694750400.0
1694750400.0,45.341000,45.598999,43.807999,43.900002,506831000.000000,1694836800.0
1695009600.0,42.748001,44.242001,42.000000,43.966000,500271000.000000,1695096000.0
1695096000.0,43.833000,43.966000,43.001999,43.520000,373064000.000000,1695182400.0
1695182400.0,43.599998,43.903000,42.223000,42.238998,367108000.000000,1695268800.0
1695268800.0,41.583000,42.099998,40.980000,41.016998,450736000.000000,1695355200.0
1695355200.0,41.571999,42.115002,41.230999,41.610001,479236000.000000,1695441600.0
1695614400.0,41.591000,42.535999,41.176998,42.222000,419091000.000000,1695700800.0
1695700800.0,42.000999,42.820000,41.654999,41.910999,402282000.000000,1695787200.0
1695787200.0,42.330002,42.872002,41.629002,42.467999,444935000.000000,1695873600.0
1695873600.0,42.459999,43.445999,42.115002,43.089001,424663000.000000,1695960000.0
1695960000.0,43.827000,44.144001,43.306999,43.499001,397830000.000000,1696046400.0
1696219200.0,44.029999,45.174999,43.861000,44.782001,433298000.000000,1696305600.0
1696305600.0,44.807999,45.130001,43.245998,43.516998,470850000.000000,1696392000.0
1696392000.0,43.742001,44.143002,43.292000,44.041000,361821000.000000,1696478400.0
1696478400.0,44.049999,44.900002,43.888000,44.688000,393483000.000000,1696564800.0
1696564800.0,44.193001,45.789001,44.026001,45.762001,434436000.000000,1696651200.0
1696824000.0,44.841999,45.605000,44.368000,45.272999,409675000.000000,1696910400.0
1696910400.0,45.310001,46.258999,45.088001,45.798000,368582000.000000,1696996800.0
1696996800.0,46.195999,46.859001,46.049999,46.806000,378137000.000000,1697083200.0
1697083200.0,46.777000,47.609001,46.330002,46.945000,481325000.000000,1697169600.0
1697169600.0,46.959999,47.116001,45.279999,45.460999,474115000.000000,1697256000.0
1697428800.0,45.063000,46.224998,44.911999,46.095001,375099000.000000,1697515200.0
1697515200.0,44.000000,44.754002,42.480000,43.938000,812333000.000000,1697601600.0
1697601600.0,42.591000,43.219002,41.825001,42.195999,627294000.000000,1697688000.0
1697688000.0,42.811001,43.297001,41.882000,42.101002,501233000.000000,1697774400.0
1697774400.0,41.889999,42.470001,41.077999,41.387001,477266000.000000,1697860800.0
1698033600.0,41.229000,43.248001,40.945000,42.974998,478530000.000000,1698120000.0
1698120000.0,43.077000,43.696999,42.691002,43.662998,401463000.000000,1698206400.0
1698206400.0,43.397999,43.650002,41.555000,41.778999,398379000.000000,1698292800.0
1698292800.0,41.853001,42.256001,39.880001,40.326000,541001000.000000,1698379200.0
1698379200.0,41.130001,41.206001,40.014999,40.500000,416784000.000000,1698465600.0
1698638400.0,41.087002,41.765999,40.480999,41.160999,388028000.000000,1698724800.0
1698724800.0,40.450001,40.879002,39.230000,40.779999,517969000.000000,1698811200.0
1698811200.0,40.883999,42.381001,40.868999,42.325001,437593000.000000,1698897600.0
1698897600.0,43.327999,43.883999,42.894001,43.506001,409172000.000000,1698984000.0
1698984000.0,44.020000,45.308998,43.723000,45.005001,424610000.000000,1699070400.0
1699246800.0,45.285000,45.935001,44.898998,45.750999,400733000.000000,1699333200.0
1699333200.0,45.719002,46.217999,45.158001,45.955002,343165000.000000,1699419600.0
1699419600.0,46.099998,46.867001,45.967999,46.574001,346719000.000000,1699506000.0
1699506000.0,47.466999,48.230000,46.750000,46.950001,540496000.000000,1699592400.0
1699592400.0,47.500000,48.472000,47.283001,48.334999,421245000.000000,1699678800.0
1699851600.0,48.320000,49.116001,48.098999,48.619999,384136000.000000,1699938000.0
1699938000.0,49.680000,49.834000,49.040001,49.655998,416954000.000000,1700024400.0
1700024400.0,49.935001,49.959999,48.200001,48.888000,475497000.000000,1700110800.0
1700110800.0,48.679001,49.525002,48.330002,49.480000,339756000.000000,1700197200.0
1700197200.0,49.523998,49.716999,49.007000,49.298000,325205000.000000,1700283600.0
1700456400.0,49.312000,50.548000,49.181000,50.409000,414120000.000000,1700542800.0
1700542800.0,50.125999,50.516998,49.222000,49.944000,565747000.000000,1700629200.0
1700629200.0,49.852001,50.334999,47.689999,48.716000,899420000.000000,1700715600.0
1700802000.0,48.470001,48.921001,47.744999,47.776001,294645000.000000,1700888400.0
1701061200.0,47.799999,48.529999,47.652000,48.242001,395662000.000000,1701147600.0
1701147600.0,48.236000,48.323002,47.473000,47.820999,401491000.000000,1701234000.0
1701234000.0,48.379002,48.762001,47.860001,48.139999,382005000.000000,1701320400.0
1701320400.0,48.023998,48.110001,46.422001,46.770000,526247000.000000,1701406800.0
1701406800.0,46.525002,47.200001,46.187000,46.764999,369317000.000000,1701493200.0
1701666000.0,46.077000,46.077000,45.009998,45.509998,437543000.000000,1701752400.0
1701752400.0,45.466000,46.599998,45.271000,46.566002,371718000.000000,1701838800.0
1701838800.0,47.215000,47.387001,45.411999,45.502998,380590000.000000,1701925200.0
1701925200.0,45.700001,46.629002,45.604000,46.596001,350823000.000000,1702011600.0
1702011600.0,46.595001,47.741001,46.549999,47.506001,359224000.000000,1702098000.0
1702270800.0,47.491001,47.530998,45.830002,46.626999,509728000.000000,1702357200.0
1702357200.0,46.046001,47.666000,46.046001,47.657001,372387000.000000,1702443600.0
1702443600.0,47.629002,48.594002,47.608002,48.088001,447792000.000000,1702530000.0
1702530000.0,48.389999,48.669998,47.422001,48.349998,391232000.000000,1702616400.0
1702616400.0,48.194000,49.403999,48.119999,48.889999,479948000.000000,1702702800.0
1702875600.0,49.400002,50.432999,49.150002,50.077000,412587000.000000,1702962000.0
1702962000.0,49.424000,49.700001,48.895000,49.604000,464444000.000000,1703048400.0
1703048400.0,49.654999,49.999001,48.098000,48.111000,397894000.000000,1703134800.0
1703134800.0,48.811001,49.095001,48.418999,48.990002,300425000.000000,1703221200.0
1703221200.0,49.195000,49.382999,48.466999,48.830002,252507000.000000,1703307600.0
1703566800.0,48.967999,49.599998,48.959999,49.278999,244200000.000000,1703653200.0
1703653200.0,49.511002,49.680000,49.084999,49.417000,233648000.000000,1703739600.0
1703739600.0,49.643002,49.883999,49.411999,49.521999,246587000.000000,1703826000.0
1703826000.0,49.813000,49.997002,48.750999,49.521999,389293000.000000,1703912400.0
1704171600.0,49.243999,49.294998,47.595001,48.167999,411254000.000000,1704258000.0
1704258000.0,47.485001,48.183998,47.320000,47.569000,320896000.000000,1704344400.0
1704344400.0,47.766998,48.500000,47.507999,47.998001,306535000.000000,1704430800.0
1704430800.0,48.462002,49.547001,48.306000,49.097000,415039000.000000,1704517200.0
1704690000.0,49.512001,52.275002,49.479000,52.252998,642510000.000000,1704776400.0
1704776400.0,52.401001,54.325001,51.689999,53.139999,773100000.000000,1704862800.0
1704862800.0,53.616001,54.599998,53.488998,54.349998,533796000.000000,1704949200.0
1704949200.0,54.999001,55.346001,53.560001,54.821999,596759000.000000,1705035600.0
1705035600.0,54.619999,54.970001,54.330002,54.709999,352994000.000000,1705122000.0
1705381200.0,55.018002,56.834999,54.900002,56.382000,449580000.000000,1705467600.0
1705467600.0,56.347000,56.471001,54.740002,56.053001,474394000.000000,1705554000.0
1705554000.0,57.259998,57.599998,56.106998,57.106998,491650000.000000,1705640400.0
1705640400.0,57.988998,59.500000,57.224998,59.491001,543501000.000000,1705726800.0
1705899600.0,60.049000,60.331001,59.070000,59.653999,452955000.000000,1705986000.0
1705986000.0,59.570000,59.910000,58.584999,59.873001,294654000.000000,1706072400.0
1706072400.0,60.304001,62.848999,59.938000,61.362000,560271000.000000,1706158800.0
1706158800.0,62.349998,62.719002,60.849998,61.617001,482777000.000000,1706245200.0
1706245200.0,60.959999,61.783001,60.573002,61.030998,390309000.000000,1706331600.0
1706504400.0,61.231998,62.488998,60.907001,62.465000,348733000.000000,1706590800.0
1706590800.0,62.900002,63.493000,62.259998,62.773998,410735000.000000,1706677200.0
1706677200.0,61.439999,62.269001,60.700001,61.527000,453795000.000000,1706763600.0
1706763600.0,62.099998,63.191002,61.650002,63.027000,369146000.000000,1706850000.0
1706850000.0,63.973999,66.599998,63.689999,66.160004,476578000.000000,1706936400.0
1707109200.0,68.224998,69.497002,67.205002,69.332001,680078000.000000,1707195600.0
1707195600.0,69.629997,69.753998,66.300003,68.223000,683111000.000000,1707282000.0
1707282000.0,68.319000,70.220001,67.599998,70.098999,495575000.000000,1707368400.0
1707368400.0,70.073997,70.793999,69.455002,69.640999,414422000.000000,1707454800.0
1707454800.0,70.532997,72.184998,70.211998,72.133003,436637000.000000,1707541200.0
1707714000.0,72.599998,74.611000,71.250000,72.248001,613710000.000000,1707800400.0
1707800400.0,70.400002,73.449997,69.620003,72.127998,602580000.000000,1707886800.0
1707886800.0,73.202003,74.236000,71.938004,73.900002,504917000.000000,1707973200.0
1707973200.0,73.869003,73.974998,72.400002,72.657997,420122000.000000,1708059600.0
1708059600.0,74.099998,74.402000,72.500999,72.612999,495327000.000000,1708146000.0
1708405200.0,71.946999,71.956001,67.734001,69.452003,704833000.000000,1708491600.0
1708491600.0,68.005997,68.888000,66.248001,67.472000,673755000.000000,1708578000.0
1708578000.0,75.025002,78.574997,74.220001,78.538002,865100000.000000,1708664400.0
1708664400.0,80.790001,82.393997,77.570000,78.817001,829388000.000000,1708750800.0
1708923600.0,79.699997,80.646004,78.504997,79.092003,503973000.000000,1709010000.0
1709010000.0,79.380997,79.480003,77.162003,78.700996,391705000.000000,1709096400.0
1709096400.0,77.620003,78.932999,77.125000,77.663002,393110000.000000,1709182800.0
1709182800.0,79.094002,79.989998,78.349998,79.112000,507289000.000000,1709269200.0
1709269200.0,80.000000,82.300003,79.434998,82.278999,479135000.000000,1709355600.0
1709528400.0,84.129997,87.695000,83.719002,85.237000,615616000.000000,1709614800.0
1709614800.0,85.269997,86.097000,83.417000,85.963997,520639000.000000,1709701200.0
1709701200.0,88.022003,89.723999,87.029999,88.699997,582520000.000000,1709787600.0
1709787600.0,90.157997,92.766998,89.601997,92.668999,608119000.000000,1709874000.0
1709874000.0,95.138000,97.400002,86.505997,87.528000,1142269000.000000,1709960400.0
1710129600.0,86.429001,88.796997,84.166000,85.774002,678364000.000000,1710216000.0
1710216000.0,88.049004,91.959999,86.150002,91.913002,668075000.000000,1710302400.0
1710302400.0,91.055000,91.503998,88.434998,90.888000,635713000.000000,1710388800.0
1710388800.0,89.577003,90.646004,86.599998,87.944000,602318000.000000,1710475200.0
1710475200.0,86.930000,89.545998,86.257004,87.836998,642086000.000000,1710561600.0
1710734400.0,90.388000,92.404999,87.084999,88.455002,668976000.000000,1710820800.0
1710820800.0,86.699997,90.543999,85.010002,89.398003,672171000.000000,1710907200.0
1710907200.0,89.796997,90.410004,88.223000,90.372002,479063000.000000,1710993600.0
1710993600.0,92.300003,92.648003,90.404999,91.434998,480372000.000000,1711080000.0
1711080000.0,91.140999,94.778000,90.834000,94.289001,586719000.000000,1711166400.0
1711339200.0,93.941002,96.765999,93.510002,95.001999,552136000.000000,1711425600.0
1711425600.0,95.850998,96.375000,92.501999,92.560997,513648000.000000,1711512000.0
1711512000.0,93.112000,93.239998,89.123001,90.250000,586067000.000000,1711598400.0
1711598400.0,90.000000,91.300003,89.193001,90.356003,435212000.000000,1711684800.0
1711944000.0,90.299004,92.224998,89.204002,90.362999,452441000.000000,1712030400.0
1712030400.0,88.447998,90.094002,87.620003,89.452003,433064000.000000,1712116800.0
1712116800.0,88.484001,90.374001,88.400002,88.963997,370067000.000000,1712203200.0
1712203200.0,90.405998,90.634003,85.879997,85.904999,434965000.000000,1712289600.0
1712289600.0,86.865997,88.481003,85.926003,88.008003,399678000.000000,1712376000.0
1712548800.0,88.699997,88.830002,86.732002,87.133003,283220000.000000,1712635200.0
1712635200.0,87.442001,87.635002,83.022003,85.353996,501700000.000000,1712721600.0
1712721600.0,83.926003,87.400002,83.709000,87.039001,431929000.000000,1712808000.0
1712808000.0,87.419998,90.738998,86.926003,90.615997,431637000.000000,1712894400.0
1712894400.0,89.698997,90.175003,87.529999,88.185997,426805000.000000,1712980800.0
1713153600.0,89.098000,90.612999,85.929001,86.000999,443077000.000000,1713240000.0
1713240000.0,86.432999,88.117996,86.064003,87.415001,370453000.000000,1713326400.0
1713326400.0,88.339996,88.775002,83.949997,84.035004,495400000.000000,1713412800.0
1713412800.0,84.970001,86.190002,82.402000,84.670998,447260000.000000,1713499200.0
1713499200.0,83.150002,84.323997,75.606003,76.199997,875198000.000000,1713585600.0
1713758400.0,78.103996,80.072998,76.400002,79.517998,596341000.000000,1713844800.0
1713844800.0,80.768997,82.768997,80.264000,82.422997,438559000.000000,1713931200.0
1713931200.0,83.949997,84.082001,79.182999,79.677002,512208000.000000,1714017600.0
1714017600.0,78.867996,83.322998,78.223000,82.632004,424641000.000000,1714104000.0
1714104000.0,83.818001,88.331001,83.387001,87.735001,551011000.000000,1714190400.0
1714363200.0,87.595001,87.991997,85.265999,87.757004,388971000.000000,1714449600.0
1714449600.0,87.239998,88.819000,86.300003,86.402000,363709000.000000,1714536000.0
1714536000.0,85.077003,86.000000,81.254997,83.041000,559863000.000000,1714622400.0
1714622400.0,84.448997,86.237000,83.199997,85.817001,377898000.000000,1714708800.0
1714708800.0,87.789001,89.280998,87.040001,88.789001,398341000.000000,1714795200.0
1714968000.0,89.389999,92.220001,89.055000,92.139999,376203000.000000,1715054400.0
1715054400.0,91.098000,91.780998,89.011002,90.554001,437342000.000000,1715140800.0
1715140800.0,89.483002,91.194000,89.419998,90.412003,325721000.000000,1715227200.0
1715227200.0,90.528999,91.071999,88.231003,88.747002,378013000.000000,1715313600.0
1715313600.0,90.305000,91.401001,89.226997,89.877998,335325000.000000,1715400000.0
1715572800.0,90.477997,90.998001,88.528999,90.399002,289680000.000000,1715659200.0
1715659200.0,89.598999,91.651001,88.933998,91.356003,296507000.000000,1715745600.0
1715745600.0,92.472000,94.862000,91.598999,94.629997,417735000.000000,1715832000.0
1715832000.0,94.910004,95.819000,94.102997,94.359001,323952000.000000,1715918400.0
1715918400.0,94.369003,94.739998,91.806000,92.478996,359691000.000000,1716004800.0
1716177600.0,93.750000,95.199997,93.440002,94.779999,318764000.000000,1716264000.0
1716264000.0,93.598999,95.400002,93.180000,95.386002,328946000.000000,1716350400.0
1716350400.0,95.459000,96.019997,93.249001,94.949997,548648000.000000,1716436800.0
1716436800.0,102.028000,106.320000,101.519997,103.799004,835065000.000000,1716523200.0
1716523200.0,104.448997,106.474998,103.000000,106.469002,429494000.000000,1716609600.0
1716868800.0,110.244003,114.939003,109.883003,113.901001,652728000.000000,1716955200.0
1716955200.0,113.050003,115.491997,110.901001,114.824997,557442000.000000,1717041600.0
1717041600.0,114.650002,115.819000,109.663002,110.500000,484553000.000000,1717128000.0
1717128000.0,112.519997,112.717003,106.940002,109.633003,613263000.000000,1717214400.0
1717387200.0,113.621002,115.000000,112.002998,115.000000,438392000.000000,1717473600.0
1717473600.0,115.716003,116.599998,114.044998,116.436996,403324000.000000,1717560000.0
1717560000.0,118.371002,122.448997,117.468002,122.440002,528402000.000000,1717646400.0
1717646400.0,124.047997,125.586998,118.320000,120.998001,664696000.000000,1717732800.0
1717732800.0,119.769997,121.692001,118.022003,120.888000,412386000.000000,1717819200.0
1717992000.0,120.370003,123.099998,117.010002,121.790001,313434100.000000,1718078400.0
1718078400.0,121.769997,122.870003,118.739998,120.910004,222551200.000000,1718164800.0
1718164800.0,123.059998,126.879997,122.570000,125.199997,299595000.000000,1718251200.0
1718251200.0,129.389999,129.800003,127.160004,129.610001,260704500.000000,1718337600.0
1718337600.0,129.960007,132.839996,128.320007,131.880005,309320400.000000,1718424000.0
1718596800.0,132.990005,133.729996,129.580002,130.979996,288504400.000000,1718683200.0
1718683200.0,131.139999,136.330002,130.690002,135.580002,294335100.000000,1718769600.0
1718856000.0,139.800003,140.759995,129.520004,130.779999,517768400.000000,1718942400.0
1718942400.0,127.120003,130.630005,124.300003,126.570000,649445800.000000,1719028800.0
1719201600.0,123.239998,124.459999,118.040001,118.110001,476060900.000000,1719288000.0
1719288000.0,121.199997,126.500000,119.320000,126.089996,414192600.000000,1719374400.0
1719374400.0,126.129997,128.119995,122.599998,126.400002,362975900.000000,1719460800.0
1719460800.0,124.099998,126.410004,122.919998,123.989998,252571700.000000,1719547200.0
1719547200.0,124.580002,127.709999,122.750000,123.540001,315516700.000000,1719633600.0
1719806400.0,123.470001,124.839996,118.830002,124.300003,284885500.000000,1719892800.0
1719892800.0,121.129997,123.410004,121.029999,122.669998,218374000.000000,1719979200.0
1719979200.0,121.660004,128.279999,121.360001,128.279999,215749000.000000,1720065600.0
1720152000.0,127.379997,128.850006,125.680000,125.830002,214176700.000000,1720238400.0
1720411200.0,127.489998,130.770004,127.040001,128.199997,237677300.000000,1720497600.0
1720497600.0,130.350006,133.820007,128.649994,131.380005,285366600.000000,1720584000.0
1720584000.0,134.029999,135.100006,132.419998,134.910004,248978600.000000,1720670400.0
1720670400.0,135.750000,136.149994,127.050003,127.400002,374782700.000000,1720756800.0
1720756800.0,128.259995,131.919998,127.220001,129.240005,252680500.000000,1720843200.0
1721016000.0,130.559998,131.389999,127.180000,128.440002,208326200.000000,1721102400.0
1721102400.0,128.440002,129.039993,124.580002,126.360001,214769500.000000,1721188800.0
1721188800.0,121.349998,121.849998,116.720001,117.989998,390086200.000000,1721275200.0
1721275200.0,121.849998,122.400002,116.559998,121.089996,320979500.000000,1721361600.0
1721361600.0,120.349998,121.599998,117.370003,117.930000,217223800.000000,1721448000.0
1721620800.0,120.349998,124.070000,119.860001,123.540001,258068900.000000,1721707200.0
1721707200.0,122.779999,124.690002,122.099998,122.589996,173911000.000000,1721793600.0
1721793600.0,119.169998,119.949997,113.440002,114.250000,327776900.000000,1721880000.0
1721880000.0,113.040001,116.629997,106.300003,112.279999,460067000.000000,1721966400.0
1721966400.0,116.190002,116.199997,111.580002,113.059998,293399100.000000,1722052800.0
1722225600.0,113.690002,116.279999,111.300003,111.589996,248152100.000000,1722312000.0
1722312000.0,111.519997,111.989998,102.540001,103.730003,486833300.000000,1722398400.0
1722398400.0,112.900002,118.339996,110.879997,117.019997,473174200.000000,1722484800.0
1722484800.0,117.529999,120.160004,106.809998,109.209999,523462300.000000,1722571200.0
1722571200.0,103.760002,108.720001,101.370003,107.269997,482027500.000000,1722657600.0
1722830400.0,92.059998,103.410004,90.690002,100.449997,552842400.000000,1722916800.0
1722916800.0,103.839996,107.709999,100.550003,104.250000,409012100.000000,1723003200.0
1723003200.0,107.809998,108.800003,98.690002,98.910004,411440400.000000,1723089600.0
1723089600.0,102.000000,105.500000,97.519997,104.970001,391910000.000000,1723176000.0
1723176000.0,105.639999,106.599998,103.430000,104.750000,290844200.000000,1723262400.0
1723435200.0,106.320000,111.070000,106.260002,109.019997,325559900.000000,1723521600.0
1723521600.0,112.440002,116.230003,111.580002,116.139999,312646700.000000,1723608000.0
1723608000.0,118.529999,118.599998,114.070000,118.080002,339246400.000000,1723694400.0
1723694400.0,118.760002,123.239998,117.470001,122.860001,318086700.000000,1723780800.0
1723780800.0,121.940002,125.000000,121.180000,124.580002,302589900.000000,1723867200.0
1724040000.0,124.279999,130.000000,123.419998,130.000000,318333600.000000,1724126400.0
1724126400.0,128.399994,129.880005,125.889999,127.250000,300087400.000000,1724212800.0
1724212800.0,127.320000,129.350006,126.660004,128.500000,257883600.000000,1724299200.0
1724299200.0,130.020004,130.750000,123.099998,123.739998,376189100.000000,1724385600.0
1724385600.0,125.860001,129.600006,125.220001,129.369995,323230300.000000,1724472000.0
1724644800.0,129.570007,131.259995,124.370003,126.459999,331964700.000000,1724731200.0
1724731200.0,125.050003,129.199997,123.879997,128.300003,303134600.000000,1724817600.0
1724817600.0,128.119995,128.330002,122.639999,125.610001,448101100.000000,1724904000.0
1724904000.0,121.360001,124.430000,116.709999,117.589996,453023300.000000,1724990400.0
1724990400.0,119.529999,121.750000,117.220001,119.370003,333751600.000000,1725076800.0
1725336000.0,116.010002,116.209999,107.290001,108.000000,477155100.000000,1725422400.0
1725422400.0,105.410004,113.269997,104.120003,106.209999,372470300.000000,1725508800.0
1725508800.0,104.989998,109.650002,104.760002,107.209999,306850700.000000,1725595200.0
1725595200.0,108.040001,108.150002,100.949997,102.830002,413638100.000000,1725681600.0
1725854400.0,104.879997,106.550003,103.690002,106.470001,273912000.000000,1725940800.0
1725940800.0,107.809998,109.400002,104.949997,108.099998,268283700.000000,1726027200.0
1726027200.0,109.389999,117.190002,107.419998,116.910004,441422400.000000,1726113600.0
1726113600.0,116.839996,120.790001,115.379997,119.139999,366052700.000000,1726200000.0
1726200000.0,119.080002,119.959999,117.599998,119.099998,238358300.000000,1726286400.0
1726459200.0,116.790001,118.180000,114.360001,116.779999,248772300.000000,1726545600.0
1726545600.0,118.169998,118.800003,114.830002,115.589996,231925900.000000,1726632000.0
1726632000.0,115.889999,117.699997,113.220001,113.370003,310318900.000000,1726718400.0
1726718400.0,117.349998,119.660004,117.250000,117.870003,293506400.000000,1726804800.0
1726804800.0,117.059998,118.620003,115.389999,116.000000,382462400.000000,1726891200.0
1727064000.0,116.550003,116.989998,114.860001,116.260002,206228500.000000,1727150400.0
1727150400.0,116.519997,121.800003,115.379997,120.870003,354966800.000000,1727236800.0
1727236800.0,122.019997,124.940002,121.610001,123.510002,284692900.000000,1727323200.0
1727323200.0,126.800003,127.669998,121.800003,124.040001,302582900.000000,1727409600.0
1727409600.0,123.970001,124.029999,119.260002,121.400002,271009200.000000,1727496000.0
1727668800.0,118.309998,121.500000,118.150002,121.440002,226553700.000000,1727755200.0
1727755200.0,121.769997,122.440002,115.790001,117.000000,302094500.000000,1727841600.0
1727841600.0,116.440002,119.379997,115.139999,118.849998,221845900.000000,1727928000.0
1727928000.0,120.919998,124.360001,120.339996,122.849998,277118000.000000,1728014400.0
1728014400.0,124.940002,125.040001,121.830002,124.919998,243678100.000000,1728100800.0
1728273600.0,124.989998,130.639999,124.949997,127.720001,346250200.000000,1728360000.0
1728360000.0,130.259995,133.479996,129.419998,132.889999,285722500.000000,1728446400.0
1728446400.0,134.110001,134.520004,131.380005,132.649994,246191600.000000,1728532800.0
1728532800.0,131.910004,135.000000,131.000000,134.809998,242311300.000000,1728619200.0
1728619200.0,134.009995,135.779999,133.660004,134.800003,170209500.000000,1728705600.0
1728878400.0,136.470001,139.600006,136.300003,138.070007,232347700.000000,1728964800.0
1728964800.0,137.869995,138.570007,128.740005,131.600006,377831000.000000,1729051200.0
1729051200.0,133.979996,136.619995,131.580002,135.720001,264879700.000000,1729137600.0
1729137600.0,139.339996,140.889999,136.869995,136.929993,306435900.000000,1729224000.0
1729224000.0,138.669998,138.899994,137.279999,138.000000,176090200.000000,1729310400.0
1729483200.0,138.130005,143.710007,138.000000,143.710007,264554500.000000,1729569600.0
1729569600.0,142.910004,144.419998,141.779999,143.589996,226311600.000000,1729656000.0
1729656000.0,142.029999,142.429993,137.460007,139.559998,285930000.000000,1729742400.0
1729742400.0,140.820007,141.350006,138.460007,140.410004,172354900.000000,1729828800.0
1729828800.0,140.929993,144.130005,140.800003,141.539993,205122100.000000,1729915200.0
1730088000.0,143.000000,143.139999,140.050003,140.520004,173586700.000000,1730174400.0
1730174400.0,140.289993,142.259995,138.899994,141.250000,157593600.000000,1730260800.0
1730260800.0,139.539993,140.330002,136.809998,139.339996,179418100.000000,1730347200.0
1730347200.0,137.600006,137.610001,132.110001,132.759995,270039600.000000,1730433600.0
1730433600.0,134.699997,137.309998,134.570007,135.399994,207127800.000000,1730520000.0
1730696400.0,137.210007,138.960007,135.570007,136.050003,187528200.000000,1730782800.0
1730782800.0,137.449997,140.369995,137.330002,139.910004,160537400.000000,1730869200.0
1730869200.0,142.960007,146.490005,141.960007,145.610001,242043900.000000,1730955600.0
1730955600.0,146.389999,148.929993,146.169998,148.880005,207323300.000000,1731042000.0
1731042000.0,148.770004,149.770004,146.259995,147.630005,175665800.000000,1731128400.0
1731301200.0,148.679993,148.850006,143.570007,145.259995,182325600.000000,1731387600.0
1731387600.0,146.779999,149.649994,146.009995,148.289993,198634700.000000,1731474000.0
1731474000.0,149.070007,149.330002,145.899994,146.270004,191903300.000000,1731560400.0
1731560400.0,147.639999,149.000000,145.550003,146.759995,194463300.000000,1731646800.0
1731646800.0,144.869995,145.240005,140.080002,141.979996,250132900.000000,1731733200.0
1731906000.0,139.500000,141.550003,137.149994,140.149994,221205300.000000,1731992400.0
1731992400.0,141.320007,147.130005,140.990005,147.009995,227834900.000000,1732078800.0
1732078800.0,147.410004,147.559998,142.729996,145.889999,309871700.000000,1732165200.0
1732165200.0,149.350006,152.889999,140.699997,146.669998,400946600.000000,1732251600.0
1732251600.0,145.929993,147.160004,141.100006,141.949997,236406200.000000,1732338000.0
1732510800.0,141.990005,142.050003,135.820007,136.020004,344941900.000000,1732597200.0
1732597200.0,137.699997,139.300003,135.669998,136.919998,190287700.000000,1732683600.0
1732683600.0,135.009995,137.220001,131.800003,135.339996,226370900.000000,1732770000.0
1732856400.0,136.779999,139.350006,136.050003,138.250000,141863200.000000,1732942800.0
1733115600.0,138.830002,140.449997,137.820007,138.630005,171682800.000000,1733202000.0
1733202000.0,138.259995,140.539993,137.949997,140.259995,164414000.000000,1733288400.0
1733288400.0,142.000000,145.789993,140.289993,145.139999,231224300.000000,1733374800.0
1733374800.0,145.110001,146.539993,143.949997,145.059998,172621200.000000,1733461200.0
1733461200.0,144.600006,145.699997,141.309998,142.440002,188505600.000000,1733547600.0
1733720400.0,138.970001,139.949997,137.130005,138.809998,189308600.000000,1733806800.0
1733806800.0,139.009995,141.820007,133.789993,135.070007,210020900.000000,1733893200.0
1733893200.0,137.360001,140.169998,135.210007,139.309998,184905200.000000,1733979600.0
1733979600.0,137.080002,138.440002,135.800003,137.339996,159211400.000000,1734066000.0
1734066000.0,138.940002,139.600006,132.539993,134.250000,231514900.000000,1734152400.0
1734325200.0,134.179993,134.399994,130.419998,132.000000,237951100.000000,1734411600.0
1734411600.0,129.089996,131.589996,126.860001,130.389999,259410300.000000,1734498000.0
1734498000.0,133.860001,136.699997,128.279999,128.910004,277444500.000000,1734584400.0
1734584400.0,131.759995,134.029999,129.550003,130.679993,209719200.000000,1734670800.0
1734670800.0,129.809998,135.279999,128.220001,134.699997,306528600.000000,1734757200.0
1734930000.0,136.279999,139.789993,135.119995,139.669998,176053500.000000,1735016400.0
1735016400.0,140.000000,141.899994,138.649994,140.220001,105157000.000000,1735102800.0
1735189200.0,139.699997,140.850006,137.729996,139.929993,116205600.000000,1735275600.0
1735275600.0,138.550003,139.020004,134.710007,137.009995,170582600.000000,1735362000.0
1735534800.0,134.830002,140.270004,134.020004,137.490005,167734700.000000,1735621200.0
1735621200.0,138.029999,138.070007,133.830002,134.289993,155659200.000000,1735707600.0
1735794000.0,136.000000,138.880005,134.630005,138.309998,198247200.000000,1735880400.0
1735880400.0,140.009995,144.899994,139.729996,144.470001,229322500.000000,1735966800.0
1736139600.0,148.589996,152.160004,147.820007,149.429993,265377400.000000,1736226000.0
1736226000.0,153.029999,153.130005,140.009995,140.139999,351782200.000000,1736312400.0
1736312400.0,142.580002,143.949997,137.559998,140.110001,227349900.000000,1736398800.0
1736485200.0,137.449997,139.919998,134.220001,135.910004,207602500.000000,1736571600.0
1736744400.0,129.990005,133.490005,129.509995,133.229996,204808900.000000,1736830800.0
1736830800.0,136.050003,136.380005,130.050003,131.759995,195590500.000000,1736917200.0
1736917200.0,133.649994,136.449997,131.289993,136.240005,185217300.000000,1737003600.0
1737003600.0,138.639999,138.750000,133.490005,133.570007,209235600.000000,1737090000.0
1737090000.0,136.690002,138.500000,135.460007,137.710007,201188800.000000,1737176400.0
1737435600.0,139.160004,141.830002,137.089996,140.830002,197749000.000000,1737522000.0
1737522000.0,144.660004,147.789993,143.669998,147.070007,237651400.000000,1737608400.0
1737608400.0,145.050003,147.229996,143.720001,147.220001,155915500.000000,1737694800.0
1737694800.0,148.369995,148.970001,141.880005,142.619995,234657600.000000,1737781200.0
1737954000.0,124.800003,128.399994,116.699997,118.419998,818830900.000000,1738040400.0
1738040400.0,121.809998,129.000000,116.250000,128.990005,579666400.000000,1738126800.0
1738126800.0,126.500000,126.889999,120.050003,123.699997,467120600.000000,1738213200.0
1738213200.0,123.099998,125.000000,118.099998,124.650002,392925500.000000,1738299600.0
1738299600.0,123.779999,127.849998,119.190002,120.070000,388161100.000000,1738386000.0
1738558800.0,114.750000,118.570000,113.010002,116.660004,371235700.000000,1738645200.0
1738645200.0,116.959999,121.199997,116.699997,118.650002,256550000.000000,1738731600.0
1738731600.0,121.760002,125.000000,120.760002,124.830002,262230800.000000,1738818000.0
1738818000.0,127.419998,128.770004,125.209999,128.679993,251483600.000000,1738904400.0
1738904400.0,129.220001,130.369995,125.000000,129.839996,228186300.000000,1738990800.0
1739163600.0,130.089996,135.000000,129.960007,133.570007,216989100.000000,1739250000.0
1739250000.0,132.580002,134.479996,131.020004,132.800003,178902400.000000,1739336400.0
1739336400.0,130.020004,132.240005,129.080002,131.139999,160278600.000000,1739422800.0
1739422800.0,131.559998,136.500000,131.169998,135.289993,197430000.000000,1739509200.0
1739509200.0,136.479996,139.250000,135.500000,138.850006,195479600.000000,1739595600.0
1739854800.0,141.270004,143.440002,137.929993,139.399994,219176600.000000,1739941200.0
1739941200.0,139.509995,141.360001,137.220001,139.229996,167536000.000000,1740027600.0
1740027600.0,140.029999,140.660004,136.789993,140.110001,143903600.000000,1740114000.0
1740114000.0,140.039993,141.460007,134.029999,134.429993,228217600.000000,1740200400.0
1740373200.0,136.559998,138.589996,130.080002,130.279999,251381100.000000,1740459600.0
1740459600.0,129.979996,130.199997,124.440002,126.629997,271428700.000000,1740546000.0
1740546000.0,129.990005,133.729996,128.490005,131.279999,322553800.000000,1740632400.0
1740632400.0,135.000000,135.009995,120.010002,120.150002,443175800.000000,1740718800.0
1740718800.0,118.019997,125.089996,116.400002,124.919998,389091100.000000,1740805200.0
1740978000.0,123.510002,123.699997,112.279999,114.059998,411381400.000000,1741064400.0
1741064400.0,110.650002,119.309998,110.110001,115.989998,398163300.000000,1741150800.0
1741150800.0,117.580002,118.279999,114.510002,117.300003,284337900.000000,1741237200.0
1741237200.0,113.529999,115.349998,110.220001,110.570000,321181900.000000,1741323600.0
1741323600.0,111.250000,113.480003,107.559998,112.690002,341755500.000000,1741410000.0
1741579200.0,109.900002,111.849998,105.459999,106.980003,366487400.000000,1741665600.0
1741665600.0,106.989998,112.239998,104.769997,108.760002,354865700.000000,1741752000.0
1741752000.0,114.120003,116.760002,112.879997,115.739998,323857500.000000,1741838400.0
1741838400.0,117.029999,117.760002,113.790001,115.580002,299033100.000000,1741924800.0
1741924800.0,118.610001,121.879997,118.150002,121.669998,277593500.000000,1742011200.0
1742184000.0,122.739998,122.889999,118.029999,119.529999,255501500.000000,1742270400.0
1742270400.0,118.000000,119.019997,114.540001,115.430000,299686900.000000,1742356800.0
1742356800.0,117.269997,120.449997,115.680000,117.519997,273426200.000000,1742443200.0
1742443200.0,116.550003,120.199997,116.470001,118.529999,248829700.000000,1742529600.0
1742529600.0,116.940002,117.989998,115.419998,117.699997,266498500.000000,1742616000.0
1742788800.0,119.879997,122.220001,119.339996,121.410004,228452500.000000,1742875200.0
1742875200.0,120.550003,121.290001,118.919998,120.690002,167447200.000000,1742961600.0
1742961600.0,118.730003,118.839996,112.709999,113.760002,293463300.000000,1743048000.0
1743048000.0,111.349998,114.449997,110.660004,111.430000,236902100.000000,1743134400.0
1743134400.0,111.489998,112.870003,109.070000,109.669998,229872500.000000,1743220800.0
1743393600.0,105.129997,110.959999,103.650002,108.379997,299212700.000000,1743480000.0
1743480000.0,108.519997,110.199997,106.470001,110.150002,222614000.000000,1743566400.0
1743566400.0,107.290001,111.980003,106.790001,110.419998,220601200.000000,1743652800.0
1743652800.0,103.510002,105.629997,101.599998,101.800003,338769400.000000,1743739200.0
1743739200.0,98.910004,100.129997,92.110001,94.309998,532273800.000000,1743825600.0
1743998400.0,87.459999,101.750000,86.620003,97.639999,611041300.000000,1744084800.0
1744084800.0,103.809998,105.849998,94.459999,96.300003,476243400.000000,1744171200.0
1744171200.0,98.889999,115.099998,97.529999,114.330002,612918300.000000,1744257600.0
1744257600.0,109.370003,110.860001,99.150002,107.570000,437812400.000000,1744344000.0
1744344000.0,108.500000,111.550003,107.480003,110.930000,313417300.000000,1744430400.0
1744603200.0,114.110001,114.290001,109.070000,110.709999,264705000.000000,1744689600.0
1744689600.0,110.970001,113.620003,110.500000,112.199997,228966900.000000,1744776000.0
1744776000.0,104.550003,106.790001,100.449997,104.489998,397016900.000000,1744862400.0
1744862400.0,104.449997,104.470001,100.050003,101.489998,292517500.000000,1744948800.0
1745208000.0,98.769997,99.440002,95.040001,96.910004,288501100.000000,1745294400.0
1745294400.0,98.779999,99.809998,97.279999,98.889999,241004800.000000,1745380800.0
1745380800.0,104.519997,104.800003,102.019997,102.709999,247526000.000000,1745467200.0
1745467200.0,103.480003,106.540001,103.110001,106.430000,220815000.000000,1745553600.0
1745553600.0,106.849998,111.919998,105.730003,111.010002,251064700.000000,1745640000.0
1745812800.0,109.690002,110.370003,106.019997,108.730003,207708500.000000,1745899200.0
1745899200.0,107.669998,110.199997,107.440002,109.019997,170444300.000000,1745985600.0
1745985600.0,104.470001,108.919998,104.080002,108.919998,235044600.000000,1746072000.0
1746072000.0,113.080002,114.940002,111.300003,111.610001,236121500.000000,1746158400.0
1746158400.0,114.180000,115.400002,113.370003,114.500000,190194800.000000,1746244800.0
1746417600.0,112.910004,114.669998,112.660004,113.820000,133163200.000000,1746504000.0
1746504000.0,111.480003,114.739998,110.820000,113.540001,158525600.000000,1746590400.0
1746590400.0,113.050003,117.680000,112.279999,117.059998,206758800.000000,1746676800.0
1746676800.0,118.250000,118.680000,115.849998,117.370003,198428100.000000,1746763200.0
1746763200.0,117.349998,118.230003,115.209999,116.650002,132972200.000000,1746849600.0
1747022400.0,121.970001,123.000000,120.279999,123.000000,225023300.000000,1747108800.0
1747108800.0,124.980003,131.220001,124.470001,129.929993,330430100.000000,1747195200.0
1747195200.0,133.199997,135.440002,131.679993,135.339996,281180800.000000,1747281600.0
1747281600.0,134.289993,136.300003,132.660004,134.830002,226632600.000000,1747368000.0
1747368000.0,136.220001,136.350006,133.460007,135.399994,226542500.000000,1747454400.0
1747627200.0,132.389999,135.869995,132.389999,135.570007,193154600.000000,1747713600.0
1747713600.0,134.289993,134.580002,132.619995,134.380005,161514200.000000,1747800000.0
1747800000.0,133.059998,137.399994,130.589996,131.800003,270608700.000000,1747886400.0
1747886400.0,132.229996,134.250000,131.550003,132.830002,187344000.000000,1747972800.0
1747972800.0,130.000000,132.679993,129.160004,131.289993,198821300.000000,1748059200.0
1748318400.0,134.149994,135.660004,133.309998,135.500000,192953600.000000,1748404800.0
1748404800.0,136.029999,137.250000,134.789993,134.809998,304021100.000000,1748491200.0
1748491200.0,142.250000,143.490005,137.910004,139.190002,369241900.000000,1748577600.0
1748577600.0,138.720001,139.619995,132.919998,135.130005,333170900.000000,1748664000.0
1748836800.0,135.490005,138.119995,135.399994,137.380005,197663100.000000,1748923200.0
1748923200.0,138.779999,142.000000,137.949997,141.220001,225578800.000000,1749009600.0
1749009600.0,142.190002,142.389999,139.539993,141.919998,167120800.000000,1749096000.0
1749096000.0,142.169998,144.000000,138.830002,139.990005,231397900.000000,1749182400.0
1749182400.0,142.509995,143.270004,141.509995,141.720001,153986200.000000,1749268800.0
1749441600.0,143.190002,145.000000,141.940002,142.630005,185114500.000000,1749528000.0
1749528000.0,142.690002,144.289993,141.529999,143.960007,155881900.000000,1749614400.0
1749614400.0,144.610001,144.990005,141.869995,142.830002,167694000.000000,1749700800.0
1749700800.0,141.970001,145.000000,141.850006,145.000000,162365000.000000,1749787200.0
1749787200.0,142.479996,143.580002,140.850006,141.970001,180820600.000000,1749873600.0
1750046400.0,143.350006,146.179993,143.199997,144.690002,183133700.000000,1750132800.0
1750132800.0,144.490005,145.220001,143.779999,144.119995,139108000.000000,1750219200.0
1750219200.0,144.009995,145.649994,143.119995,145.479996,161494100.000000,1750305600.0
1750392000.0,145.449997,146.199997,142.649994,143.850006,242956200.000000,1750478400.0
1750651200.0,142.500000,144.779999,142.029999,144.169998,154308900.000000,1750737600.0
1750737600.0,145.559998,147.960007,145.500000,147.899994,187566100.000000,1750824000.0
1750824000.0,149.270004,154.449997,149.259995,154.309998,269146500.000000,1750910400.0
1750910400.0,155.979996,156.720001,154.000000,155.020004,198145700.000000,1750996800.0
1750996800.0,156.039993,158.710007,155.259995,157.750000,263234500.000000,1751083200.0
1751256000.0,158.399994,158.660004,155.960007,157.990005,194580300.000000,1751342400.0
1751342400.0,156.289993,157.199997,151.490005,153.300003,213143600.000000,1751428800.0
1751428800.0,152.979996,157.600006,152.970001,157.250000,171224100.000000,1751515200.0
1751515200.0,158.369995,160.979996,157.770004,159.339996,143716100.000000,1751601600.0
1751860800.0,158.199997,159.309998,157.339996,158.240005,140139000.000000,1751947200.0
1751947200.0,159.330002,160.220001,158.389999,160.000000,138133000.000000,1752033600.0
1752033600.0,161.220001,164.419998,161.160004,162.880005,183656400.000000,1752120000.0
1752120000.0,164.320007,164.500000,161.610001,164.100006,167704100.000000,1752206400.0
1752206400.0,163.720001,167.889999,163.470001,164.919998,193633300.000000,1752292800.0
1752465600.0,165.369995,165.490005,162.020004,164.070007,136975800.000000,1752552000.0
1752552000.0,171.190002,172.399994,169.199997,170.699997,230627400.000000,1752638400.0
1752638400.0,171.059998,171.750000,168.899994,171.369995,158831500.000000,1752724800.0
1752724800.0,172.020004,174.160004,170.830002,173.000000,160841100.000000,1752811200.0
1752811200.0,173.639999,174.250000,171.259995,172.410004,146456400.000000,1752897600.0
1753070400.0,172.750000,173.380005,171.000000,171.380005,123126100.000000,1753156800.0
1753156800.0,171.339996,171.389999,164.580002,167.029999,193114300.000000,1753243200.0
1753243200.0,169.529999,171.259995,167.970001,170.779999,154082200.000000,1753329600.0
1753329600.0,172.440002,173.830002,171.300003,173.740005,128984600.000000,1753416000.0
1753416000.0,173.610001,174.720001,172.960007,173.500000,122316800.000000,1753502400.0
1753675200.0,174.020004,177.000000,173.970001,176.750000,140023500.000000,1753761600.0
1753761600.0,177.960007,179.380005,175.020004,175.509995,154077500.000000,1753848000.0
1753848000.0,176.509995,179.889999,176.039993,179.270004,174312200.000000,1753934400.0
1753934400.0,182.899994,183.300003,175.929993,177.869995,221685400.000000,1754020800.0
1754020800.0,174.089996,176.539993,170.889999,173.720001,204529000.000000,1754107200.0
1754280000.0,175.160004,180.199997,174.520004,180.000000,148174600.000000,1754366400.0
1754366400.0,179.619995,180.259995,175.899994,178.259995,156407600.000000,1754452800.0
1754452800.0,176.330002,179.899994,176.250000,179.419998,137192300.000000,1754539200.0
1754539200.0,181.570007,183.880005,178.800003,180.770004,151878400.000000,1754625600.0
1754625600.0,181.550003,183.300003,180.399994,182.699997,123396700.000000,1754712000.0
1754884800.0,182.050003,183.839996,180.250000,182.059998,138323200.000000,1754971200.0
1754971200.0,182.960007,184.479996,179.460007,183.160004,145485700.000000,1755057600.0
1755057600.0,182.619995,183.970001,179.350006,181.589996,179871700.000000,1755144000.0
1755144000.0,179.750000,183.020004,179.460007,182.020004,129554000.000000,1755230400.0
1755230400.0,181.880005,181.899994,178.039993,180.449997,156602200.000000,1755316800.0
1755489600.0,180.600006,182.940002,180.589996,182.009995,132008000.000000,1755576000.0
1755576000.0,182.429993,182.500000,175.490005,175.639999,185229200.000000,1755662400.0
1755662400.0,175.169998,176.000000,168.800003,175.399994,215142700.000000,1755748800.0
1755748800.0,174.850006,176.899994,173.809998,174.979996,140040900.000000,1755835200.0
1755835200.0,172.610001,178.589996,171.199997,177.990005,172789400.000000,1755921600.0
1756094400.0,178.350006,181.910004,176.570007,179.809998,163012800.000000,1756180800.0
1756180800.0,180.059998,182.389999,178.809998,181.770004,168688200.000000,1756267200.0
1756267200.0,181.979996,182.490005,179.100006,181.600006,235518900.000000,1756353600.0
1756353600.0,180.820007,184.470001,176.410004,180.169998,281787800.000000,1756440000.0
1756440000.0,178.110001,178.149994,173.149994,174.179993,243257900.000000,1756526400.0
1756785600.0,170.000000,172.380005,167.220001,170.779999,231164900.000000,1756872000.0
1756872000.0,171.059998,172.410004,168.880005,170.619995,164424900.000000,1756958400.0
1756958400.0,170.570007,171.860001,169.410004,171.660004,141670100.000000,1757044800.0
1757044800.0,168.029999,169.029999,164.070007,167.020004,224441400.000000,1757131200.0
1757304000.0,167.550003,170.960007,167.350006,168.309998,163769100.000000,1757390400.0
1757390400.0,169.089996,170.979996,166.740005,170.759995,157548400.000000,1757476800.0
1757476800.0,176.639999,179.289993,175.470001,177.330002,226852000.000000,1757563200.0
1757563200.0,179.679993,180.279999,176.479996,177.169998,151159300.000000,1757649600.0
1757649600.0,177.770004,178.600006,176.449997,177.820007,124911000.000000,1757736000.0
1757908800.0,175.669998,178.850006,174.509995,177.750000,147061600.000000,1757995200.0
1757995200.0,177.000000,177.500000,174.380005,174.880005,140737800.000000,1758081600.0
1758081600.0,172.639999,173.199997,168.410004,170.289993,211843800.000000,1758168000.0
1758168000.0,173.979996,177.100006,172.960007,176.240005,191763300.000000,1758254400.0
1758254400.0,175.770004,178.080002,175.179993,176.669998,237182100.000000,1758340800.0
1758513600.0,175.300003,184.550003,174.710007,183.610001,269637000.000000,1758600000.0
1758600000.0,181.970001,182.419998,176.210007,178.429993,192559600.000000,1758686400.0
1758686400.0,179.770004,179.779999,175.399994,176.970001,143564100.000000,1758772800.0
1758772800.0,174.479996,180.259995,173.130005,177.690002,191586700.000000,1758859200.0
1758859200.0,178.169998,179.770004,174.929993,178.190002,148573700.000000,1758945600.0
1759118400.0,180.429993,184.000000,180.320007,181.850006,193063500.000000,1759204800.0
1759204800.0,182.080002,187.350006,181.479996,186.580002,236981000.000000,1759291200.0
1759291200.0,185.240005,188.139999,183.899994,187.240005,173844900.000000,1759377600.0
1759377600.0,189.600006,191.050003,188.059998,188.889999,136805800.000000,1759464000.0
1759464000.0,189.190002,190.360001,185.380005,187.619995,137596900.000000,1759550400.0
1759723200.0,185.500000,187.229996,183.330002,185.539993,157678100.000000,1759809600.0
1759809600.0,186.229996,189.059998,184.000000,185.039993,140088000.000000,1759896000.0
1759896000.0,186.570007,189.600006,186.539993,189.110001,130168900.000000,1759982400.0
1759982400.0,192.229996,195.300003,191.059998,192.570007,182997200.000000,1760068800.0
1760068800.0,193.509995,195.619995,182.050003,183.160004,268774400.000000,1760155200.0
1760328000.0,187.970001,190.110001,185.960007,188.320007,153482800.000000,1760414400.0
1760414400.0,184.770004,184.800003,179.699997,180.029999,205641400.000000,1760500800.0
1760500800.0,184.800003,184.869995,177.289993,179.830002,214450500.000000,1760587200.0
1760587200.0,182.229996,183.279999,179.770004,181.809998,179723300.000000,1760673600.0
1760673600.0,180.179993,184.100006,179.750000,183.220001,173135200.000000,1760760000.0
1760932800.0,183.130005,185.199997,181.729996,182.639999,128544700.000000,1761019200.0
1761019200.0,182.789993,182.789993,179.800003,181.160004,124240200.000000,1761105600.0
1761105600.0,181.139999,183.440002,176.759995,180.279999,162249600.000000,1761192000.0
1761192000.0,180.419998,183.029999,179.789993,182.160004,111363700.000000,1761278400.0
1761278400.0,183.839996,187.470001,183.500000,186.259995,131296700.000000,1761364800.0
1761537600.0,189.990005,192.000000,188.429993,191.490005,153452700.000000,1761624000.0
1761624000.0,193.050003,203.149994,191.910004,201.029999,297986200.000000,1761710400.0
1761710400.0,207.979996,212.190002,204.779999,207.039993,308829600.000000,1761796800.0
1761796800.0,205.149994,206.160004,201.410004,202.889999,178864400.000000,1761883200.0
1761883200.0,206.449997,207.970001,202.070007,202.490005,179802200.000000,1761969600.0
1762146000.0,208.080002,211.339996,205.559998,206.880005,180267300.000000,1762232400.0
1762232400.0,203.000000,203.970001,197.929993,198.690002,188919300.000000,1762318800.0
1762318800.0,198.770004,202.919998,194.649994,195.210007,171350300.000000,1762405200.0
1762405200.0,196.419998,197.619995,186.380005,188.080002,223029800.000000,1762491600.0
1762491600.0,184.899994,188.320007,178.910004,188.149994,264942300.000000,1762578000.0
1762750800.0,195.110001,199.940002,193.789993,199.050003,198897100.000000,1762837200.0
1762837200.0,195.160004,195.419998,191.300003,193.160004,176483300.000000,1762923600.0
1762923600.0,195.720001,195.889999,191.130005,193.800003,154935300.000000,1763010000.0
1763010000.0,191.050003,191.440002,183.850006,186.860001,207423100.000000,1763096400.0
1763096400.0,182.860001,191.009995,180.580002,190.169998,186591900.000000,1763182800.0
1763355600.0,185.970001,189.000000,184.320007,186.600006,173628900.000000,1763442000.0
1763442000.0,183.380005,184.800003,179.649994,181.360001,213598900.000000,1763528400.0
1763528400.0,184.789993,187.860001,182.830002,186.520004,247246400.000000,1763614800.0
1763614800.0,195.949997,196.000000,179.850006,180.639999,343504800.000000,1763701200.0
1763701200.0,181.240005,184.559998,172.929993,178.880005,346926200.000000,1763787600.0
1763960400.0,179.490005,183.500000,176.479996,182.550003,256618300.000000,1764046800.0
1764046800.0,174.910004,178.160004,169.550003,177.820007,320600300.000000,1764133200.0
1764133200.0,181.630005,182.910004,178.240005,180.259995,183852000.000000,1764219600.0
1764306000.0,179.009995,179.289993,176.500000,177.000000,121332800.000000,1764392400.0
1764565200.0,174.759995,180.300003,173.679993,179.919998,188131000.000000,1764651600.0
1764651600.0,181.759995,185.660004,180.000000,181.460007,182632200.000000,1764738000.0
1764738000.0,181.080002,182.449997,179.110001,179.589996,165138000.000000,1764824400.0
1764824400.0,181.619995,184.520004,179.960007,183.380005,167364900.000000,1764910800.0
1764910800.0,183.889999,184.660004,180.910004,182.410004,143971100.000000,1764997200.0
1765170000.0,182.639999,188.000000,182.399994,185.550003,204378100.000000,1765256400.0
1765256400.0,185.559998,185.720001,183.320007,184.970001,144719700.000000,1765342800.0
1765342800.0,184.970001,185.479996,182.039993,183.779999,162785400.000000,1765429200.0
1765429200.0,180.279999,181.320007,176.619995,180.929993,182136600.000000,1765515600.0
1765515600.0,181.110001,182.820007,174.619995,175.020004,204274900.000000,1765602000.0
1765774800.0,177.940002,178.419998,175.029999,176.289993,164775600.000000,1765861200.0
1765861200.0,176.259995,178.490005,174.899994,177.720001,148588100.000000,1765947600.0
1765947600.0,176.100006,176.130005,170.309998,170.940002,222775500.000000,1766034000.0
1766034000.0,174.529999,176.149994,171.820007,174.139999,176096000.000000,1766120400.0
1766120400.0,176.669998,181.449997,176.339996,180.990005,324925900.000000,1766206800.0
1766379600.0,183.919998,184.160004,182.350006,183.690002,129064400.000000,1766466000.0
1766466000.0,182.970001,189.330002,182.899994,189.210007,174873600.000000,1766552400.0
1766552400.0,187.940002,188.910004,186.589996,188.610001,65528500.000000,1766638800.0
1766725200.0,189.919998,192.690002,188.000000,190.529999,139740300.000000,1766811600.0
1766984400.0,187.710007,188.759995,185.910004,188.220001,120006100.000000,1767070800.0
1767070800.0,188.240005,188.990005,186.929993,187.539993,97687300.000000,1767157200.0
1767157200.0,189.570007,190.559998,186.490005,186.500000,120100500.000000,1767243600.0
1767330000.0,189.839996,192.929993,188.259995,188.850006,148240500.000000,1767416400.0
1767589200.0,191.759995,193.630005,186.149994,188.119995,183529700.000000,1767675600.0
1767675600.0,190.520004,192.169998,186.820007,187.240005,176862600.000000,1767762000.0
1767762000.0,188.570007,191.369995,186.559998,189.110001,153543200.000000,1767848400.0
1767848400.0,189.110001,189.550003,183.710007,185.039993,172457000.000000,1767934800.0
1767934800.0,185.080002,186.339996,183.669998,184.860001,131327500.000000,1768021200.0
1768194000.0,183.220001,187.119995,183.020004,184.940002,137968500.000000,1768280400.0
1768280400.0,185.000000,188.110001,183.399994,185.809998,160128900.000000,1768366800.0
1768366800.0,184.320007,184.460007,180.800003,183.139999,159586100.000000,1768453200.0
1768453200.0,186.500000,189.699997,186.330002,187.050003,206188600.000000,1768539600.0
1768539600.0,189.080002,190.440002,186.080002,186.229996,187967200.000000,1768626000.0
1768885200.0,181.899994,182.380005,177.610001,178.070007,223345300.000000,1768971600.0
1768971600.0,179.050003,185.380005,178.399994,183.320007,200381000.000000,1769058000.0
1769058000.0,184.750000,186.169998,183.929993,184.839996,139636600.000000,1769144400.0
1769144400.0,187.500000,189.600006,186.820007,187.669998,142748100.000000,1769230800.0
1769403600.0,187.160004,189.119995,185.990005,186.470001,124799600.000000,1769490000.0
1769490000.0,187.240005,190.000000,185.699997,188.520004,143711600.000000,1769576400.0
1769576400.0,191.270004,192.350006,189.839996,191.520004,148552700.000000,1769662800.0
1769662800.0,191.339996,193.479996,186.059998,192.509995,171764400.000000,1769749200.0
1769749200.0,191.210007,194.490005,189.470001,191.130005,179489500.000000,1769835600.0
1770008400.0,187.199997,190.300003,184.880005,185.610001,165794100.000000,1770094800.0
1770094800.0,186.240005,186.270004,176.229996,180.339996,204019600.000000,1770181200.0
1770181200.0,179.460007,179.580002,171.910004,174.190002,207014100.000000,1770267600.0
1770267600.0,174.929993,176.820007,171.029999,171.880005,206312900.000000,1770354000.0
1770354000.0,176.690002,187.000000,174.600006,185.410004,231346200.000000,1770440400.0
1770613200.0,184.259995,193.660004,183.949997,190.039993,196387400.000000,1770699600.0
1770699600.0,191.380005,192.479996,188.119995,188.539993,136764800.000000,1770786000.0
1770786000.0,192.449997,193.259995,188.770004,190.050003,144192700.000000,1770872400.0
1770872400.0,193.029999,193.610001,186.509995,186.940002,189932500.000000,1770958800.0
1770958800.0,187.479996,187.500000,181.589996,182.809998,161888000.000000,1771045200.0
1771304400.0,181.750000,187.149994,179.179993,184.970001,162276900.000000,1771390800.0
1771390800.0,188.750000,190.369995,186.759995,187.979996,164749100.000000,1771477200.0
1771477200.0,187.059998,188.429993,185.660004,187.899994,126554500.000000,1771563600.0
1771563600.0,186.570007,190.330002,185.940002,189.820007,178422300.000000,1771650000.0
1771822800.0,191.399994,193.949997,189.580002,191.550003,171584800.000000,1771909200.0
1771909200.0,191.490005,193.770004,187.399994,192.850006,175123600.000000,1771995600.0
1771995600.0,194.449997,197.630005,193.789993,195.559998,250637100.000000,1772082000.0
1772082000.0,194.270004,194.289993,184.320007,184.889999,360807900.000000,1772168400.0
1772168400.0,181.250000,182.589996,176.380005,177.190002,311636500.000000,1772254800.0
1772427600.0,175.009995,183.460007,174.639999,182.479996,209095300.000000,1772514000.0
1772514000.0,178.490005,180.899994,176.919998,180.050003,178099400.000000,1772600400.0
1772600400.0,180.440002,184.699997,180.059998,183.039993,177731200.000000,1772686800.0
1772686800.0,181.169998,184.059998,177.880005,183.339996,198779700.000000,1772773200.0
1772773200.0,179.839996,182.759995,176.820007,177.820007,189021900.000000,1772859600.0
1773028800.0,176.830002,182.910004,175.559998,182.649994,177213600.000000,1773115200.0
1773115200.0,182.399994,186.440002,182.009995,184.770004,179118500.000000,1773201600.0
1773201600.0,185.910004,187.619995,184.449997,186.029999,145280400.000000,1773288000.0
1773288000.0,184.050003,184.940002,181.750000,183.139999,155762700.000000,1773374400.0
1773374400.0,184.919998,186.089996,179.940002,180.250000,160988400.000000,1773460800.0
1773633600.0,182.970001,188.880005,181.410004,183.220001,217307400.000000,1773720000.0
1773720000.0,185.059998,185.399994,181.679993,181.929993,182497800.000000,1773806400.0
1773806400.0,182.479996,183.380005,180.330002,180.399994,156683100.000000,1773892800.0
1773892800.0,178.009995,179.979996,175.789993,178.559998,170968500.000000,1773979200.0
1773979200.0,178.000000,178.259995,171.720001,172.699997,241323500.000000,1774065600.0
1774238400.0,177.259995,178.369995,174.759995,175.639999,182836300.000000,1774324800.0
1774324800.0,174.830002,176.220001,173.979996,175.199997,147667800.000000,1774411200.0
1774411200.0,177.100006,181.220001,176.850006,178.679993,162602100.000000,1774497600.0
1774497600.0,176.070007,176.509995,171.139999,171.240005,186152200.000000,1774584000.0
1774584000.0,170.000000,170.970001,167.009995,167.520004,196212700.000000,1774670400.0
1774843200.0,168.779999,169.449997,164.270004,165.169998,185627000.000000,1774929600.0
1774929600.0,166.970001,174.619995,166.960007,174.399994,226181300.000000,1775016000.0
1775016000.0,176.000000,177.369995,174.750000,175.750000,168132000.000000,1775102400.0
1775102400.0,172.179993,177.490005,171.369995,177.389999,143143200.000000,1775188800.0
1775448000.0,177.160004,177.789993,175.759995,177.639999,107564300.000000,1775534400.0
1775534400.0,175.729996,178.229996,173.660004,178.100006,132534900.000000,1775620800.0
1775620800.0,184.500000,185.259995,180.300003,182.080002,147732700.000000,1775707200.0
1775707200.0,181.839996,184.080002,180.619995,183.910004,116428500.000000,1775793600.0
1775793600.0,184.309998,190.000000,184.300003,188.630005,160459500.000000,1775880000.0
1776052800.0,186.029999,189.660004,185.740005,189.309998,133648200.000000,1776139200.0
1776139200.0,190.839996,196.509995,190.770004,196.509995,161307000.000000,1776225600.0
1776225600.0,196.539993,200.399994,195.740005,198.869995,185338400.000000,1776312000.0
1776312000.0,197.429993,199.850006,195.809998,198.350006,134012900.000000,1776398400.0
1776398400.0,199.899994,201.699997,199.270004,201.679993,160324400.000000,1776484800.0
1776657600.0,199.979996,202.169998,197.839996,202.059998,119381400.000000,1776744000.0
1776744000.0,202.130005,202.750000,199.000000,199.880005,107945300.000000,1776830400.0
1776830400.0,200.990005,202.500000,199.000000,202.500000,107501000.000000,1776916800.0
1776916800.0,202.460007,203.830002,197.220001,199.639999,113561800.000000,1777003200.0
1777003200.0,199.960007,210.949997,199.809998,208.270004,214134400.000000,1777089600.0
1777262400.0,209.649994,216.830002,207.380005,216.610001,187172400.000000,1777348800.0
1777348800.0,209.490005,214.729996,208.199997,213.169998,180275400.000000,1777435200.0
1777435200.0,212.699997,212.720001,207.580002,209.250000,123711800.000000,1777521600.0
1777521600.0,209.929993,210.300003,198.699997,199.570007,225239200.000000,1777608000.0
1777608000.0,201.279999,203.000000,197.119995,198.449997,128647000.000000,1777694400.0
1777867200.0,199.500000,201.729996,194.740005,198.479996,125368100.000000,1777953600.0
1777953600.0,199.300003,200.240005,196.029999,196.500000,113406600.000000,1778040000.0
1778040000.0,199.889999,208.270004,198.610001,207.830002,188362800.000000,1778126400.0
1778126400.0,208.339996,214.199997,206.500000,211.500000,168307900.000000,1778212800.0
1778212800.0,213.029999,217.800003,212.889999,215.199997,136421400.000000,1778299200.0
1778472000.0,214.039993,222.300003,213.889999,219.440002,160685800.000000,1778558400.0
1778558400.0,218.550003,223.750000,214.919998,220.779999,159176600.000000,1778644800.0
1778644800.0,224.929993,227.839996,221.570007,225.830002,150405400.000000,1778731200.0
1778731200.0,229.850006,236.539993,229.300003,235.740005,180782900.000000,1778817600.0
1778817600.0,229.759995,231.500000,224.240005,225.320007,180977600.000000,1778904000.0
1779076800.0,229.869995,230.000000,218.369995,222.320007,146280900.000000,1779163200.0
1779163200.0,219.619995,224.479996,217.910004,220.610001,140948200.000000,1779249600.0
1779249600.0,223.179993,226.130005,220.500000,223.470001,184201600.000000,1779336000.0
1779336000.0,222.289993,227.399994,217.929993,219.509995,203381800.000000,1779422400.0
1779422400.0,220.899994,221.009995,214.800003,215.330002,169275700.000000,1779508800.0
1779768000.0,216.539993,218.179993,212.000000,214.860001,187202600.000000,1779854400.0
1779854400.0,214.119995,214.149994,208.779999,212.600006,167601200.000000,1779940800.0
1779940800.0,211.279999,215.520004,211.220001,214.250000,143996000.000000,1780027200.0
1780027200.0,214.580002,217.860001,211.130005,211.139999,289410600.000000,1780113600.0
1780286400.0,215.729996,224.869995,215.699997,224.360001,212850700.000000,1780372800.0
1780372800.0,227.179993,232.279999,221.350006,222.820007,193362900.000000,1780459200.0
1780459200.0,221.720001,222.820007,214.509995,214.750000,160907000.000000,1780545600.0
1780545600.0,213.910004,221.600006,210.970001,218.660004,169022200.000000,1780632000.0
1780632000.0,214.529999,214.869995,204.330002,205.100006,219655500.000000,1780718400.0
1780891200.0,210.179993,210.470001,206.000000,208.639999,138372800.000000,1780977600.0
1780977600.0,210.619995,211.399994,199.339996,208.190002,180962500.000000,1781064000.0
1781064000.0,204.429993,207.220001,199.919998,200.419998,161746600.000000,1781150400.0
1781150400.0,201.490005,205.660004,199.539993,204.869995,158643200.000000,1781236800.0
1781236800.0,204.860001,207.070007,203.440002,205.190002,112001800.000000,1781323200.0
1781496000.0,208.919998,212.710007,208.339996,212.449997,149936700.000000,1781582400.0
1781582400.0,211.179993,211.490005,207.289993,207.410004,125694100.000000,1781668800.0
1781668800.0,208.529999,209.210007,203.080002,204.649994,128363500.000000,1781755200.0
1781755200.0,207.330002,211.389999,206.500000,210.690002,241272000.000000,1781841600.0
1782100800.0,211.440002,213.990005,207.720001,208.649994,122041400.000000,1782187200.0
1782187200.0,202.169998,203.770004,200.000000,200.039993,153496200.000000,1782273600.0
1782273600.0,200.119995,201.669998,196.580002,199.000000,151810700.000000,1782360000.0
1782360000.0,200.080002,200.800003,192.130005,195.740005,149550000.000000,1782446400.0
1782446400.0,193.119995,195.550003,191.220001,192.529999,179304100.000000,1782532800.0
1782705600.0,193.850006,196.179993,189.800003,194.970001,148835700.000000,1782792000.0
1782792000.0,197.240005,200.630005,195.110001,200.089996,166476700.000000,1782878400.0
1782878400.0,196.199997,199.850006,193.449997,197.580002,146147600.000000,1782964800.0
1782964800.0,197.139999,200.059998,192.350006,194.830002,142068700.000000,1783051200.0
1783310400.0,194.419998,197.550003,193.990005,195.550003,108999000.000000,1783396800.0
1783396800.0,192.369995,198.410004,191.139999,196.929993,124154600.000000,1783483200.0
1783483200.0,195.179993,205.160004,195.059998,204.119995,147419100.000000,1783569600.0
1783569600.0,204.460007,204.589996,198.960007,202.779999,132037400.000000,1783656000.0
1783656000.0,202.000000,211.000000,201.919998,210.960007,148421000.000000,1783742400.0
1783915200.0,208.539993,210.570007,203.000000,203.529999,121411000.000000,1784001600.0
1784001600.0,208.199997,212.550003,203.800003,211.800003,124379600.000000,1784088000.0
1784088000.0,211.960007,213.809998,206.039993,212.500000,124797200.000000,1784174400.0
1784174400.0,210.169998,211.080002,205.850006,207.399994,122986100.000000,1784260800.0
1784260800.0,202.639999,206.649994,197.970001,202.809998,144281900.000000,1784347200.0
1784520000.0,205.869995,207.740005,202.279999,203.279999,88701500.000000,1784606400.0
1784606400.0,207.539993,208.649994,204.009995,207.289993,108685600.000000,1784692800.0
1784692800.0,205.809998,214.389999,204.949997,212.059998,137645600.000000,1784779200.0
1784779200.0,209.460007,210.869995,205.960007,208.759995,110505300.000000,1784865600.0
1784865600.0,207.449997,211.910004,204.809998,206.839996,114836800.000000,1784952000.0
1785124800.0,208.199997,208.750000,195.440002,196.509995,154353700.000000,1785211200.0
1785211200.0,195.000000,198.699997,192.740005,197.009995,134111500.000000,1785297600.0
1785297600.0,195.850006,197.070007,190.009995,190.009995,147680800.000000,1785384000.0
1785384000.0,193.449997,197.250000,191.520004,195.039993,129010200.000000,1785470400.0
1785470400.0,198.440002,202.000000,194.949997,200.750000,139961200.000000,1785556800.0
1785729600.0,197.690002,208.740005,196.850006,206.639999,128406900.000000,1785816000.0
1785816000.0,211.300003,213.059998,209.050003,211.940002,134922000.000000,1785902400.0
1785902400.0,216.860001,222.220001,216.399994,219.220001,158187400.000000,1785988800.0
1785988800.0,221.529999,223.630005,217.000000,218.990005,113940600.000000,1786075200.0
1786075200.0,221.539993,224.759995,220.660004,223.960007,105669400.000000,1786161600.0
1786334400.0,223.399994,224.139999,216.770004,217.550003,115846600.000000,1786420800.0
1786420800.0,222.169998,222.199997,216.199997,217.500000,101273100.000000,1786507200.0
1786507200.0,221.039993,225.100006,220.199997,224.089996,108783600.000000,1786593600.0
1786593600.0,225.059998,227.229996,223.710007,225.300003,98867200.000000,1786680000.0
1786680000.0,226.770004,227.490005,224.500000,225.160004,75504000.000000,1786766400.0
