ts_open,o,h,l,c,v,ts_close
1779283800.0,223.100006,223.115005,221.100006,222.160004,11608564.000000,1779284100.0
1779284100.0,222.179993,222.460007,220.494995,221.104996,3745755.000000,1779284400.0
1779284400.0,221.092697,222.089996,220.820007,221.937195,2986206.000000,1779284700.0
1779284700.0,221.945007,222.350006,221.399994,221.740005,2656976.000000,1779285000.0
1779285000.0,221.720505,222.320007,221.009995,221.264999,2001839.000000,1779285300.0
1779285300.0,221.300003,222.130005,220.779999,221.940094,2556128.000000,1779285600.0
1779285600.0,222.000000,222.470001,221.740005,222.190094,1786075.000000,1779285900.0
1779285900.0,222.190002,223.320007,222.119995,223.095001,2656563.000000,1779286200.0
1779286200.0,223.100006,224.089905,222.479996,223.620102,2625161.000000,1779286500.0
1779286500.0,223.649994,224.619995,223.520096,224.240005,3073994.000000,1779286800.0
1779286800.0,224.250000,225.070007,223.235001,223.360001,3491836.000000,1779287100.0
1779287100.0,223.376495,224.349899,223.250000,224.339905,1881283.000000,1779287400.0
1779287400.0,224.350006,225.048996,224.250000,224.669998,2434019.000000,1779287700.0
1779287700.0,224.660004,225.089996,224.170105,224.764999,1781731.000000,1779288000.0
1779288000.0,224.759995,225.300003,224.389999,224.869995,2072091.000000,1779288300.0
1779288300.0,224.899994,225.000000,223.850006,224.139999,1586075.000000,1779288600.0
1779288600.0,224.149994,224.750000,223.970001,224.729904,1336648.000000,1779288900.0
1779288900.0,224.690002,225.210007,224.639999,224.750000,1546052.000000,1779289200.0
1779289200.0,224.740005,224.889999,224.210007,224.529999,1126436.000000,1779289500.0
1779289500.0,224.520004,225.039902,224.419998,225.000000,1292302.000000,1779289800.0
1779289800.0,225.009995,225.279999,224.940002,225.250000,1569885.000000,1779290100.0
1779290100.0,225.259995,226.130005,224.949997,225.627106,3089326.000000,1779290400.0
1779290400.0,225.610001,225.880005,225.460007,225.669998,1234553.000000,1779290700.0
1779290700.0,225.649994,225.850006,225.179993,225.244995,1747840.000000,1779291000.0
1779291000.0,225.250000,225.529999,225.104996,225.360001,1100222.000000,1779291300.0
1779291300.0,225.389999,225.639999,224.833603,224.884995,1121397.000000,1779291600.0
1779291600.0,224.899994,225.248993,224.679993,225.169998,1143620.000000,1779291900.0
1779291900.0,225.169998,225.250000,224.960800,225.235001,941886.000000,1779292200.0
1779292200.0,225.250000,225.330002,224.539993,224.789993,1183212.000000,1779292500.0
1779292500.0,224.779999,225.029999,224.600006,224.945007,909241.000000,1779292800.0
1779292800.0,224.949997,225.289993,224.899994,225.017395,943709.000000,1779293100.0
1779293100.0,225.009995,225.279999,224.880005,225.070007,809737.000000,1779293400.0
1779293400.0,225.074997,225.300003,224.729996,224.735001,1004087.000000,1779293700.0
1779293700.0,224.729996,224.759995,224.009995,224.214996,1341828.000000,1779294000.0
1779294000.0,224.240005,224.440002,223.850006,224.199997,1341336.000000,1779294300.0
1779294300.0,224.169998,224.300003,223.800003,224.260101,913175.000000,1779294600.0
1779294600.0,224.279999,224.699997,224.210007,224.419998,902389.000000,1779294900.0
1779294900.0,224.419998,224.649994,224.240005,224.509995,867805.000000,1779295200.0
1779295200.0,224.519897,225.000000,224.369995,224.889999,1248562.000000,1779295500.0
1779295500.0,224.875000,224.899994,224.089996,224.410004,1016155.000000,1779295800.0
1779295800.0,224.399994,224.769394,224.339996,224.725006,667900.000000,1779296100.0
1779296100.0,224.740005,224.770004,224.149994,224.610001,1018520.000000,1779296400.0
1779296400.0,224.610001,224.779999,224.440002,224.479996,771321.000000,1779296700.0
1779296700.0,224.475006,224.699997,224.449997,224.570007,552144.000000,1779297000.0
1779297000.0,224.600006,224.999893,224.440002,224.919998,807631.000000,1779297300.0
1779297300.0,224.904999,225.065002,224.570007,224.929993,818701.000000,1779297600.0
1779297600.0,224.949997,225.080002,224.815002,224.990005,628697.000000,1779297900.0
1779297900.0,224.990005,225.119995,224.809998,224.919998,689470.000000,1779298200.0
1779298200.0,224.919998,225.050003,224.750000,224.794998,824801.000000,1779298500.0
1779298500.0,224.794998,225.160004,224.660004,224.750000,875043.000000,1779298800.0
1779298800.0,224.739899,224.762604,224.479996,224.514999,624735.000000,1779299100.0
1779299100.0,224.520004,224.589996,224.339996,224.460007,1663912.000000,1779299400.0
1779299400.0,224.469894,224.539597,224.199997,224.259995,790897.000000,1779299700.0
1779299700.0,224.255005,224.639999,224.220001,224.479996,703394.000000,1779300000.0
1779300000.0,224.500000,224.789902,224.250000,224.769897,806093.000000,1779300300.0
1779300300.0,224.759995,224.899994,224.589996,224.699997,846221.000000,1779300600.0
1779300600.0,224.699997,224.750000,224.220001,224.339996,789322.000000,1779300900.0
1779300900.0,224.332993,224.479904,224.289993,224.460007,626863.000000,1779301200.0
1779301200.0,224.449997,224.490005,223.881897,223.910004,1205147.000000,1779301500.0
1779301500.0,223.880005,224.309998,223.860001,224.270004,904123.000000,1779301800.0
1779301800.0,224.264999,224.319901,223.928604,224.149994,787703.000000,1779302100.0
1779302100.0,224.139999,224.149994,223.820007,223.830002,1129825.000000,1779302400.0
1779302400.0,223.830002,223.940002,222.820007,222.820007,2185277.000000,1779302700.0
1779302700.0,222.829895,223.031006,222.630005,222.750000,1463987.000000,1779303000.0
1779303000.0,222.735001,222.740005,222.030701,222.389999,1723666.000000,1779303300.0
1779303300.0,222.392395,222.869995,222.360001,222.740005,1649000.000000,1779303600.0
1779303600.0,222.750000,222.839996,222.330002,222.509995,1346722.000000,1779303900.0
1779303900.0,222.524994,222.916397,222.475006,222.739395,1612519.000000,1779304200.0
1779304200.0,222.719894,222.940002,222.600098,222.804993,1318968.000000,1779304500.0
1779304500.0,222.809906,222.869995,222.410004,222.710007,1304765.000000,1779304800.0
1779304800.0,222.714996,222.910004,222.669998,222.869904,1303336.000000,1779305100.0
1779305100.0,222.869995,222.899994,222.619995,222.880005,1146750.000000,1779305400.0
1779305400.0,222.889206,223.000000,222.589996,222.925003,1545508.000000,1779305700.0
1779305700.0,222.919998,223.520004,222.820099,223.320007,2216054.000000,1779306000.0
1779306000.0,223.324997,223.470001,223.169998,223.449905,1709681.000000,1779306300.0
1779306300.0,223.429993,223.559998,223.039993,223.070007,2164586.000000,1779306600.0
1779306600.0,223.074997,223.649994,222.860001,223.259995,3240572.000000,1779306900.0
1779306900.0,223.289993,223.570007,222.880005,223.434998,4960350.000000,1779307200.0
1779370200.0,222.199997,227.149994,220.350006,227.099899,26690834.000000,1779370500.0
1779370500.0,227.080002,227.399902,222.630005,223.175003,9519156.000000,1779370800.0
1779370800.0,223.187805,224.449997,223.059998,223.869995,5470498.000000,1779371100.0
1779371100.0,223.875000,224.699997,221.740005,221.900101,5094860.000000,1779371400.0
1779371400.0,221.925003,222.869995,221.429993,222.677200,3719455.000000,1779371700.0
1779371700.0,222.654999,222.899994,221.309998,222.259995,3235232.000000,1779372000.0
1779372000.0,222.241196,224.610001,222.130005,224.100006,4238039.000000,1779372300.0
1779372300.0,224.106003,224.750000,223.210007,224.490005,2986454.000000,1779372600.0
1779372600.0,224.490005,224.630005,222.350006,222.710007,3101029.000000,1779372900.0
1779372900.0,222.729996,222.770004,219.240005,219.315002,6281974.000000,1779373200.0
1779373200.0,219.320007,219.479996,218.570007,218.705002,5684917.000000,1779373500.0
1779373500.0,218.729996,219.279999,218.350006,218.970001,3633898.000000,1779373800.0
1779373800.0,218.929993,219.589996,217.929993,218.277496,3913713.000000,1779374100.0
1779374100.0,218.309296,219.880005,218.220001,219.809998,3203452.000000,1779374400.0
1779374400.0,219.800003,219.880005,219.070007,219.460007,2196130.000000,1779374700.0
1779374700.0,219.460007,219.740005,218.830002,218.949905,2043919.000000,1779375000.0
1779375000.0,218.925003,219.589996,218.449997,219.548996,2456380.000000,1779375300.0
1779375300.0,219.550003,219.619095,218.850006,219.360001,1605528.000000,1779375600.0
1779375600.0,219.360001,220.100006,219.009995,219.520004,2159155.000000,1779375900.0
1779375900.0,219.509995,219.619995,218.350006,218.500000,2325154.000000,1779376200.0
1779376200.0,218.485001,219.520004,218.060104,219.270004,2483535.000000,1779376500.0
1779376500.0,219.259995,219.470001,218.990005,219.309998,1430992.000000,1779376800.0
1779376800.0,219.300003,219.520004,218.850006,218.990097,1777163.000000,1779377100.0
1779377100.0,218.990005,219.130005,218.720001,218.854996,1391606.000000,1779377400.0
1779377400.0,218.865005,218.929993,218.350006,218.479996,1567870.000000,1779377700.0
1779377700.0,218.470001,219.570007,218.380096,219.389999,1753780.000000,1779378000.0
1779378000.0,219.410004,219.720001,219.301407,219.589996,1197210.000000,1779378300.0
1779378300.0,219.570007,220.324997,219.490005,220.070007,1979691.000000,1779378600.0
1779378600.0,220.100006,220.270004,219.770004,219.869995,1183108.000000,1779378900.0
1779378900.0,219.875000,220.115005,219.360001,219.389999,1484779.000000,1779379200.0
1779379200.0,219.419907,219.918106,219.389099,219.730103,1263554.000000,1779379500.0
1779379500.0,219.750000,219.949997,219.649994,219.880005,926326.000000,1779379800.0
1779379800.0,219.880005,220.089996,219.350006,219.410004,1518268.000000,1779380100.0
1779380100.0,219.460007,219.740005,219.350006,219.559998,999110.000000,1779380400.0
1779380400.0,219.570007,219.679993,218.880005,219.300003,1357096.000000,1779380700.0
1779380700.0,219.309906,219.600006,219.009995,219.535004,938932.000000,1779381000.0
1779381000.0,219.539993,219.839905,219.429993,219.624603,985354.000000,1779381300.0
1779381300.0,219.600098,219.729996,219.220001,219.440002,810691.000000,1779381600.0
1779381600.0,219.440002,219.679993,219.339996,219.429993,749358.000000,1779381900.0
1779381900.0,219.449997,219.529907,218.990005,219.309998,1183172.000000,1779382200.0
1779382200.0,219.320007,219.490005,218.929993,219.429993,858141.000000,1779382500.0
1779382500.0,219.429993,220.179993,219.399994,220.140106,1181722.000000,1779382800.0
1779382800.0,220.160004,220.570007,219.949997,220.080002,1696456.000000,1779383100.0
1779383100.0,220.094696,220.330002,220.000107,220.110992,712016.000000,1779383400.0
1779383400.0,220.120895,220.959900,220.100006,220.690002,1644877.000000,1779383700.0
1779383700.0,220.690002,221.679993,220.604996,221.554993,2311477.000000,1779384000.0
1779384000.0,221.550003,222.369995,221.350098,221.600006,2738174.000000,1779384300.0
1779384300.0,221.630005,221.820007,221.100006,221.119904,1235962.000000,1779384600.0
1779384600.0,221.110001,221.690002,221.110001,221.479996,1087108.000000,1779384900.0
1779384900.0,221.485001,221.839996,221.350006,221.440002,1159547.000000,1779385200.0
1779385200.0,221.434998,221.839996,221.061005,221.705002,1370623.000000,1779385500.0
1779385500.0,221.705002,221.719604,221.149994,221.445007,888664.000000,1779385800.0
1779385800.0,221.445007,221.830002,221.240005,221.744995,1054955.000000,1779386100.0
1779386100.0,221.759995,221.850006,220.880005,220.914993,1303360.000000,1779386400.0
1779386400.0,220.899994,221.479996,220.880005,221.090103,1166269.000000,1779386700.0
1779386700.0,221.104996,221.389999,221.009995,221.035004,909674.000000,1779387000.0
1779387000.0,221.029999,221.080002,220.009995,220.110001,1548210.000000,1779387300.0
1779387300.0,220.100006,220.240005,219.779999,220.139999,1459060.000000,1779387600.0
1779387600.0,220.149994,220.345505,219.850006,220.324997,1151723.000000,1779387900.0
1779387900.0,220.333694,220.490005,220.210007,220.259995,1143292.000000,1779388200.0
1779388200.0,220.250000,220.349899,219.770004,219.940002,1102971.000000,1779388500.0
1779388500.0,219.930206,219.940002,219.690002,219.779999,861087.000000,1779388800.0
1779388800.0,219.779999,220.240005,219.774994,219.899994,1128338.000000,1779389100.0
1779389100.0,219.899994,220.110001,219.362106,219.630005,3068070.000000,1779389400.0
1779389400.0,219.619995,219.743896,218.660507,218.679993,1659922.000000,1779389700.0
1779389700.0,218.699997,219.169998,218.619995,219.059998,1400814.000000,1779390000.0
1779390000.0,219.070007,219.460007,219.059998,219.449997,1117981.000000,1779390300.0
1779390300.0,219.440002,219.630005,218.899994,219.630005,3434248.000000,1779390600.0
1779390600.0,219.619995,219.880005,219.380005,219.869995,1082552.000000,1779390900.0
1779390900.0,219.869995,220.169907,219.729996,220.020004,1440089.000000,1779391200.0
1779391200.0,220.024994,220.199997,219.856903,220.119995,1104699.000000,1779391500.0
1779391500.0,220.125000,220.449997,220.039993,220.330002,1184537.000000,1779391800.0
1779391800.0,220.320007,220.630005,220.120102,220.240005,1269397.000000,1779392100.0
1779392100.0,220.210007,220.550003,220.179993,220.270004,1035874.000000,1779392400.0
1779392400.0,220.259995,220.455002,219.970001,220.000000,1304196.000000,1779392700.0
1779392700.0,219.990005,220.070007,219.610001,219.850006,1507252.000000,1779393000.0
1779393000.0,219.839996,220.250000,219.460007,219.817993,2382069.000000,1779393300.0
1779393300.0,219.800003,219.830002,219.110001,219.500000,5164631.000000,1779393600.0
1779456600.0,220.904007,221.009995,218.279999,219.850006,11915755.000000,1779456900.0
1779456900.0,219.869904,220.531097,219.120804,220.518402,3936692.000000,1779457200.0
1779457200.0,220.509995,220.789993,218.789993,219.171005,3341269.000000,1779457500.0
1779457500.0,219.160004,219.479996,217.800003,218.209900,4176512.000000,1779457800.0
1779457800.0,218.190002,218.569901,217.520004,218.360001,3603648.000000,1779458100.0
1779458100.0,218.330002,218.449997,217.199997,217.925003,3354394.000000,1779458400.0
1779458400.0,217.919998,217.949997,216.300003,216.384995,3953837.000000,1779458700.0
1779458700.0,216.365005,216.850006,215.479996,216.770004,4277735.000000,1779459000.0
1779459000.0,216.769897,217.160004,216.330002,216.569901,2798591.000000,1779459300.0
1779459300.0,216.559998,216.850006,215.910004,216.110001,3482908.000000,1779459600.0
1779459600.0,216.110001,216.279999,215.160004,216.000000,3437873.000000,1779459900.0
1779459900.0,216.010193,216.589996,215.866104,216.330002,2206256.000000,1779460200.0
1779460200.0,216.337006,216.770004,216.009995,216.475006,1984920.000000,1779460500.0
1779460500.0,216.489899,216.850006,216.130005,216.759995,1870583.000000,1779460800.0
1779460800.0,216.770004,217.119904,216.729996,216.820099,1810311.000000,1779461100.0
1779461100.0,216.832001,217.359894,216.399994,217.119705,2073028.000000,1779461400.0
1779461400.0,217.109894,217.429993,216.889999,217.290100,1641103.000000,1779461700.0
1779461700.0,217.294998,217.410004,216.869995,217.195007,1540912.000000,1779462000.0
1779462000.0,217.190094,217.710007,217.090103,217.342300,1855125.000000,1779462300.0
1779462300.0,217.360001,217.539993,217.059998,217.425003,1441341.000000,1779462600.0
1779462600.0,217.419998,217.589996,217.070007,217.469894,1308834.000000,1779462900.0
1779462900.0,217.459900,217.798004,217.330002,217.445007,1354435.000000,1779463200.0
1779463200.0,217.445007,217.979904,217.350006,217.970001,1383750.000000,1779463500.0
1779463500.0,217.979996,218.304993,217.830002,218.154999,1629238.000000,1779463800.0
1779463800.0,218.149994,218.240005,217.850006,217.975006,1288866.000000,1779464100.0
1779464100.0,217.989899,218.320007,217.889999,217.955002,1108548.000000,1779464400.0
1779464400.0,217.945007,217.990005,217.432495,217.501007,1116588.000000,1779464700.0
1779464700.0,217.509995,217.520004,216.839996,216.934006,1682033.000000,1779465000.0
1779465000.0,216.936005,217.619995,216.869995,217.500000,1216621.000000,1779465300.0
1779465300.0,217.509995,217.705002,217.289993,217.320007,994334.000000,1779465600.0
1779465600.0,217.309998,217.570007,216.960007,216.985001,1107486.000000,1779465900.0
1779465900.0,216.979996,217.110001,216.710007,217.095001,1351940.000000,1779466200.0
1779466200.0,217.089996,217.399994,216.990005,217.250000,835822.000000,1779466500.0
1779466500.0,217.259995,217.270004,216.794998,216.850006,1126146.000000,1779466800.0
1779466800.0,216.849899,217.130005,216.830002,216.940704,775970.000000,1779467100.0
1779467100.0,216.949997,217.210007,216.910202,217.100006,748542.000000,1779467400.0
1779467400.0,217.110001,217.199997,216.869995,216.917999,764339.000000,1779467700.0
1779467700.0,216.899994,217.024994,216.509995,216.589996,2020050.000000,1779468000.0
1779468000.0,216.599899,216.690002,216.410004,216.559998,1127274.000000,1779468300.0
1779468300.0,216.550003,216.880005,216.550003,216.638397,793850.000000,1779468600.0
1779468600.0,216.619995,216.880005,216.550003,216.830002,688154.000000,1779468900.0
1779468900.0,216.820007,217.128403,216.750000,217.119904,992292.000000,1779469200.0
1779469200.0,217.119995,217.470001,217.110001,217.379898,1064198.000000,1779469500.0
1779469500.0,217.380005,217.824997,217.370804,217.759903,1117032.000000,1779469800.0
1779469800.0,217.750000,217.759995,217.479996,217.634995,875586.000000,1779470100.0
1779470100.0,217.639999,217.990005,217.449997,217.500000,1054958.000000,1779470400.0
1779470400.0,217.539993,218.229996,217.449997,218.200104,1309067.000000,1779470700.0
1779470700.0,218.210007,218.490005,217.910004,218.240005,1707473.000000,1779471000.0
1779471000.0,218.240204,218.289993,217.330002,217.369797,1124171.000000,1779471300.0
1779471300.0,217.369904,217.410004,216.960007,217.059998,1278512.000000,1779471600.0
1779471600.0,217.059998,217.089996,216.759995,216.830002,1261356.000000,1779471900.0
1779471900.0,216.835007,216.899994,216.449997,216.589996,1672931.000000,1779472200.0
1779472200.0,216.574997,216.660004,215.729996,215.860001,2341971.000000,1779472500.0
1779472500.0,215.880005,216.330002,215.800003,216.199997,1649013.000000,1779472800.0
1779472800.0,216.199997,216.279999,215.770004,215.964996,1178837.000000,1779473100.0
1779473100.0,215.964996,216.339996,215.880203,216.279999,1016217.000000,1779473400.0
1779473400.0,216.289993,216.399994,216.050003,216.229996,769900.000000,1779473700.0
1779473700.0,216.240005,216.270004,215.710007,215.714996,1024008.000000,1779474000.0
1779474000.0,215.726501,215.829895,215.449997,215.820007,2405778.000000,1779474300.0
1779474300.0,215.824997,216.100006,215.740005,216.044998,994554.000000,1779474600.0
1779474600.0,216.039993,216.080002,215.729996,215.763000,814414.000000,1779474900.0
1779474900.0,215.772995,215.785004,215.410004,215.604996,2278898.000000,1779475200.0
1779475200.0,215.600006,216.100006,215.589996,215.990005,1076637.000000,1779475500.0
1779475500.0,216.000000,216.134293,215.889999,215.904999,910573.000000,1779475800.0
1779475800.0,215.910004,216.199997,215.744995,215.990097,1191341.000000,1779476100.0
1779476100.0,216.000000,216.089996,215.789993,215.979996,805848.000000,1779476400.0
1779476400.0,215.990005,216.330002,215.645004,215.809998,3893095.000000,1779476700.0
1779476700.0,215.830002,216.050003,215.550003,215.660004,1071172.000000,1779477000.0
1779477000.0,215.660004,215.660004,215.160004,215.184998,1679568.000000,1779477300.0
1779477300.0,215.190002,215.300003,214.860001,215.160202,3442361.000000,1779477600.0
1779477600.0,215.154999,215.490005,214.975006,215.343704,1456787.000000,1779477900.0
1779477900.0,215.339996,215.589996,215.229996,215.335007,2287221.000000,1779478200.0
1779478200.0,215.324997,215.630005,215.110001,215.595001,1313010.000000,1779478500.0
1779478500.0,215.600006,215.750000,215.419998,215.480194,1212718.000000,1779478800.0
1779478800.0,215.485001,215.589996,215.310104,215.490005,2160491.000000,1779479100.0
1779479100.0,215.479996,215.589996,215.250000,215.582199,1265296.000000,1779479400.0
1779479400.0,215.559998,215.940002,215.470001,215.539993,3558785.000000,1779479700.0
1779479700.0,215.550201,215.649994,215.199997,215.250000,4374297.000000,1779480000.0
1779802200.0,216.577499,217.479996,214.800003,216.240097,16594663.000000,1779802500.0
1779802500.0,216.259995,216.600006,215.330002,215.419998,3275902.000000,1779802800.0
1779802800.0,215.380005,216.460007,215.220001,216.419998,3176966.000000,1779803100.0
1779803100.0,215.957993,217.050003,215.895004,216.990005,3240993.000000,1779803400.0
1779803400.0,216.999893,217.000000,214.880005,215.750000,3628094.000000,1779803700.0
1779803700.0,215.744995,215.779999,215.170105,215.479996,2166778.000000,1779804000.0
1779804000.0,215.470001,215.789993,214.279999,215.380005,3631019.000000,1779804300.0
1779804300.0,215.380005,215.639893,214.850006,214.910004,2250700.000000,1779804600.0
1779804600.0,214.899994,216.279999,214.839996,216.220001,3148019.000000,1779804900.0
1779804900.0,216.239899,216.330002,215.580002,216.111404,2010022.000000,1779805200.0
1779805200.0,216.119995,216.880005,216.009995,216.820007,2473819.000000,1779805500.0
1779805500.0,216.839996,217.699997,216.710007,217.570099,2739187.000000,1779805800.0
1779805800.0,217.600006,218.179993,216.899994,216.914993,3130833.000000,1779806100.0
1779806100.0,216.914993,217.250000,216.440002,216.710007,1657606.000000,1779806400.0
1779806400.0,216.699997,217.300003,216.520096,217.145004,1921865.000000,1779806700.0
1779806700.0,217.145004,217.740005,216.839996,217.585007,1695947.000000,1779807000.0
1779807000.0,217.589996,217.759995,216.350006,216.369995,1789389.000000,1779807300.0
1779807300.0,216.369995,216.449997,215.479996,215.535004,1976012.000000,1779807600.0
1779807600.0,215.559998,215.899994,214.750000,214.830002,2866030.000000,1779807900.0
1779807900.0,214.804993,214.979401,214.080002,214.169998,3098481.000000,1779808200.0
1779808200.0,214.160004,214.470001,213.610107,214.439896,2703057.000000,1779808500.0
1779808500.0,214.419998,214.679993,213.850006,214.589996,1909429.000000,1779808800.0
1779808800.0,214.619995,214.660004,214.160004,214.389999,1264368.000000,1779809100.0
1779809100.0,214.389999,214.759995,214.250000,214.429993,1440152.000000,1779809400.0
1779809400.0,214.440002,214.740005,214.029999,214.595001,1414463.000000,1779809700.0
1779809700.0,214.580002,214.759995,214.039993,214.309998,1222911.000000,1779810000.0
1779810000.0,214.320007,214.330002,213.429993,213.473602,2033623.000000,1779810300.0
1779810300.0,213.464996,213.779999,213.320007,213.617798,1348102.000000,1779810600.0
1779810600.0,213.610001,213.729996,212.639999,212.794998,2337310.000000,1779810900.0
1779810900.0,212.803604,213.330002,212.520004,213.170105,2318008.000000,1779811200.0
1779811200.0,213.169998,213.649994,213.130005,213.565002,1383750.000000,1779811500.0
1779811500.0,213.559998,213.619995,212.820007,212.929993,1380849.000000,1779811800.0
1779811800.0,212.914993,212.990005,212.350006,212.434998,1912347.000000,1779812100.0
1779812100.0,212.440002,212.649902,212.000000,212.580002,2108066.000000,1779812400.0
1779812400.0,212.580002,212.679993,212.350006,212.600006,1947532.000000,1779812700.0
1779812700.0,212.610001,213.149994,212.600006,213.100006,1513579.000000,1779813000.0
1779813000.0,213.119995,213.360001,213.050293,213.324997,1175864.000000,1779813300.0
1779813300.0,213.330002,213.449997,213.102997,213.270004,1002853.000000,1779813600.0
1779813600.0,213.270096,213.320007,212.882996,213.190002,1025907.000000,1779813900.0
1779813900.0,213.195999,213.589996,213.134399,213.150101,1299356.000000,1779814200.0
1779814200.0,213.149994,213.880005,213.149994,213.850098,1131124.000000,1779814500.0
1779814500.0,213.880005,213.940002,213.449997,213.640106,934517.000000,1779814800.0
1779814800.0,213.645004,214.117004,213.585007,213.969101,976766.000000,1779815100.0
1779815100.0,213.950897,214.039993,213.619995,213.889999,761391.000000,1779815400.0
1779815400.0,213.889999,213.919998,213.720001,213.850006,683432.000000,1779815700.0
1779815700.0,213.860001,213.880096,213.410004,213.449997,732594.000000,1779816000.0
1779816000.0,213.440002,213.779999,213.279999,213.470001,907722.000000,1779816300.0
1779816300.0,213.470001,213.860001,213.410004,213.643005,825108.000000,1779816600.0
1779816600.0,213.639999,213.789993,213.419998,213.709900,815171.000000,1779816900.0
1779816900.0,213.710007,213.720001,212.970001,212.990005,1826847.000000,1779817200.0
1779817200.0,212.990005,213.479904,212.910004,213.419998,847873.000000,1779817500.0
1779817500.0,213.419998,213.792206,213.419998,213.740295,797814.000000,1779817800.0
1779817800.0,213.735001,213.880005,213.550003,213.570007,785741.000000,1779818100.0
1779818100.0,213.559998,213.639999,212.979996,213.095001,1093322.000000,1779818400.0
1779818400.0,213.089996,213.320007,212.903305,213.180099,865291.000000,1779818700.0
1779818700.0,213.199997,213.679901,213.130798,213.604996,1049473.000000,1779819000.0
1779819000.0,213.613998,213.910004,213.595993,213.750000,885215.000000,1779819300.0
1779819300.0,213.750000,214.419998,213.679993,214.419998,1192392.000000,1779819600.0
1779819600.0,214.429993,214.449997,214.029999,214.119995,1203952.000000,1779819900.0
1779819900.0,214.130005,214.289993,213.770004,213.884995,1000646.000000,1779820200.0
1779820200.0,213.884995,214.039993,213.490005,213.630005,966438.000000,1779820500.0
1779820500.0,213.639999,213.779999,213.539993,213.649994,799484.000000,1779820800.0
1779820800.0,213.639999,213.679993,213.309998,213.380005,916447.000000,1779821100.0
1779821100.0,213.360107,213.580002,213.199997,213.300095,822778.000000,1779821400.0
1779821400.0,213.309906,213.660004,213.220001,213.425003,834021.000000,1779821700.0
1779821700.0,213.419998,213.619995,213.139999,213.250000,840323.000000,1779822000.0
1779822000.0,213.273407,213.649994,213.119995,213.610107,854093.000000,1779822300.0
1779822300.0,213.615005,213.619995,213.149994,213.150101,951325.000000,1779822600.0
1779822600.0,213.149994,213.339996,212.839996,212.990097,1521696.000000,1779822900.0
1779822900.0,213.000000,213.369995,212.950104,213.199905,1231989.000000,1779823200.0
1779823200.0,213.190002,213.449997,213.139999,213.389999,1930708.000000,1779823500.0
1779823500.0,213.384995,213.681107,213.369995,213.608002,1231910.000000,1779823800.0
1779823800.0,213.604996,213.740005,213.509995,213.690002,1092558.000000,1779824100.0
1779824100.0,213.699997,213.919998,213.460007,213.899994,1253126.000000,1779824400.0
1779824400.0,213.910004,214.570007,213.860001,214.259995,2257211.000000,1779824700.0
1779824700.0,214.259995,214.399994,214.029999,214.149994,2015208.000000,1779825000.0
1779825000.0,214.149994,214.440002,214.022995,214.339996,1941769.000000,1779825300.0
1779825300.0,214.339996,214.860001,214.330002,214.830002,4401439.000000,1779825600.0
1779888600.0,214.119995,214.139999,210.839996,212.000000,14124765.000000,1779888900.0
1779888900.0,211.994995,212.779999,211.919998,211.929993,5520929.000000,1779889200.0
1779889200.0,211.910095,212.319901,210.699997,210.899994,4452237.000000,1779889500.0
1779889500.0,210.904999,211.740005,210.520004,210.854996,3427032.000000,1779889800.0
1779889800.0,210.854996,211.979904,210.759995,210.979996,3422533.000000,1779890100.0
1779890100.0,210.990005,211.699997,210.263306,211.320007,3236100.000000,1779890400.0
1779890400.0,211.300003,211.619995,210.729996,211.119995,2531740.000000,1779890700.0
1779890700.0,211.134995,211.189896,210.369995,210.910004,2771687.000000,1779891000.0
1779891000.0,210.927002,211.050003,210.300003,210.740005,2350585.000000,1779891300.0
1779891300.0,210.740005,210.800003,210.160004,210.279999,2558266.000000,1779891600.0
1779891600.0,210.270004,210.639999,209.860001,210.300003,3982695.000000,1779891900.0
1779891900.0,210.294998,210.309998,209.489395,209.919998,2573881.000000,1779892200.0
1779892200.0,209.929993,210.160004,209.330002,209.839996,2385925.000000,1779892500.0
1779892500.0,209.835007,210.160004,209.600006,209.759995,1884077.000000,1779892800.0
1779892800.0,209.710007,210.020004,209.330002,209.445007,2092035.000000,1779893100.0
1779893100.0,209.445007,209.899994,209.300003,209.719894,1746945.000000,1779893400.0
1779893400.0,209.719894,210.389999,209.679993,210.130005,1831092.000000,1779893700.0
1779893700.0,210.121002,210.199905,208.960007,208.970093,2762307.000000,1779894000.0
1779894000.0,208.979996,209.539993,208.779999,209.259995,1864236.000000,1779894300.0
1779894300.0,209.259995,209.639999,209.110001,209.580002,1201926.000000,1779894600.0
1779894600.0,209.575104,209.770004,209.369995,209.500000,1136966.000000,1779894900.0
1779894900.0,209.509995,209.509995,209.089996,209.160004,1124824.000000,1779895200.0
1779895200.0,209.164993,209.449997,209.039993,209.360001,1066571.000000,1779895500.0
1779895500.0,209.354996,209.839996,209.330002,209.789993,1098843.000000,1779895800.0
1779895800.0,209.800003,210.199997,209.740097,210.129898,1356089.000000,1779896100.0
1779896100.0,210.115005,210.209900,209.470001,209.479996,1248394.000000,1779896400.0
1779896400.0,209.485001,209.710007,209.335007,209.625000,1232043.000000,1779896700.0
1779896700.0,209.615005,209.985001,209.350006,209.500000,1185025.000000,1779897000.0
1779897000.0,209.500000,209.940002,209.399994,209.750000,1147141.000000,1779897300.0
1779897300.0,209.750000,210.089996,209.710007,209.843002,959540.000000,1779897600.0
1779897600.0,209.830002,210.149994,209.550003,210.059998,1760208.000000,1779897900.0
1779897900.0,210.059998,210.789993,210.050095,210.789993,1351763.000000,1779898200.0
1779898200.0,210.779999,211.070007,210.754196,210.904999,1483696.000000,1779898500.0
1779898500.0,210.910004,211.059998,210.399994,210.580002,1318384.000000,1779898800.0
1779898800.0,210.580002,211.110001,210.549896,210.860001,2181156.000000,1779899100.0
1779899100.0,210.860001,210.899994,210.592194,210.689896,637659.000000,1779899400.0
1779899400.0,210.679993,210.719894,210.315002,210.419998,725781.000000,1779899700.0
1779899700.0,210.419998,211.059998,210.340607,211.040100,1124842.000000,1779900000.0
1779900000.0,211.050003,211.630005,210.949997,211.600006,1600174.000000,1779900300.0
1779900300.0,211.610001,212.050003,211.610001,212.030106,2175212.000000,1779900600.0
1779900600.0,212.039993,212.119995,211.350006,211.490005,1203906.000000,1779900900.0
1779900900.0,211.479996,211.679993,211.240005,211.604996,968617.000000,1779901200.0
1779901200.0,211.630005,211.740005,211.309998,211.354996,915885.000000,1779901500.0
1779901500.0,211.345001,211.500000,210.729996,210.759995,1012902.000000,1779901800.0
1779901800.0,210.800003,211.240005,210.779999,210.990005,823005.000000,1779902100.0
1779902100.0,211.009995,211.470001,210.970001,211.440002,794644.000000,1779902400.0
1779902400.0,211.429993,211.830002,211.320007,211.744995,954565.000000,1779902700.0
1779902700.0,211.744995,212.079895,211.729996,211.970001,1001551.000000,1779903000.0
1779903000.0,211.970001,212.589996,211.960007,212.505005,1265134.000000,1779903300.0
1779903300.0,212.507996,212.550003,212.220001,212.339996,1146607.000000,1779903600.0
1779903600.0,212.360001,212.500000,211.800003,211.830002,1169967.000000,1779903900.0
1779903900.0,211.820297,212.679993,211.800003,212.419998,1268798.000000,1779904200.0
1779904200.0,212.434998,212.580002,212.320007,212.460007,777681.000000,1779904500.0
1779904500.0,212.455002,212.639999,212.270004,212.285004,854967.000000,1779904800.0
1779904800.0,212.279999,212.600006,212.130005,212.529495,821590.000000,1779905100.0
1779905100.0,212.518005,213.029999,212.289993,212.815002,1372369.000000,1779905400.0
1779905400.0,212.820007,212.899994,212.600006,212.854996,1796616.000000,1779905700.0
1779905700.0,212.854996,212.940002,212.699997,212.779999,642977.000000,1779906000.0
1779906000.0,212.785004,213.070007,212.699997,213.011993,790197.000000,1779906300.0
1779906300.0,213.020004,213.289993,212.910004,213.199997,1046185.000000,1779906600.0
1779906600.0,213.179993,213.320007,212.910202,213.214996,958480.000000,1779906900.0
1779906900.0,213.210007,213.240005,212.710007,213.000000,2049961.000000,1779907200.0
1779907200.0,213.000000,213.130005,212.899994,212.955002,587484.000000,1779907500.0
1779907500.0,212.970001,213.244995,212.899994,213.014999,1655848.000000,1779907800.0
1779907800.0,213.009506,213.179993,212.880005,213.033005,607849.000000,1779908100.0
1779908100.0,213.044998,213.149994,212.750000,212.809998,770572.000000,1779908400.0
1779908400.0,212.820007,213.130005,212.539993,213.029999,895652.000000,1779908700.0
1779908700.0,213.039993,213.300003,212.860001,212.980103,1020229.000000,1779909000.0
1779909000.0,212.979996,212.979996,212.770004,212.899994,609393.000000,1779909300.0
1779909300.0,212.899994,212.910095,212.380005,212.449997,1128198.000000,1779909600.0
1779909600.0,212.449997,212.470001,212.157501,212.324997,1076910.000000,1779909900.0
1779909900.0,212.324997,212.509903,212.119995,212.440002,887004.000000,1779910200.0
1779910200.0,212.449997,212.509995,212.160004,212.169998,958643.000000,1779910500.0
1779910500.0,212.169998,212.809998,212.169998,212.690002,1204328.000000,1779910800.0
1779910800.0,212.699905,213.080002,212.639999,213.054993,1098281.000000,1779911100.0
1779911100.0,213.059998,213.259995,212.869995,212.869995,1506313.000000,1779911400.0
1779911400.0,212.869995,212.869995,212.169998,212.300003,1803506.000000,1779911700.0
1779911700.0,212.309998,212.774796,212.259995,212.580002,3856400.000000,1779912000.0
1779975000.0,211.274994,213.800003,211.222000,213.250000,9601145.000000,1779975300.0
1779975300.0,213.259995,214.220001,212.180603,214.009995,3744283.000000,1779975600.0
1779975600.0,214.028900,214.250000,212.924194,213.269699,2254485.000000,1779975900.0
1779975900.0,213.240005,213.410004,211.699997,211.889999,2472793.000000,1779976200.0
1779976200.0,211.880005,212.770004,211.800003,212.294998,2356399.000000,1779976500.0
1779976500.0,212.294998,212.919998,212.210098,212.820007,1506309.000000,1779976800.0
1779976800.0,212.860001,213.460007,212.690002,213.279999,2021641.000000,1779977100.0
1779977100.0,213.279999,213.479904,212.869995,212.940002,1643634.000000,1779977400.0
1779977400.0,212.940002,213.539993,212.119995,213.399994,2971617.000000,1779977700.0
1779977700.0,213.410004,214.289993,212.770004,213.684998,2515983.000000,1779978000.0
1779978000.0,213.684998,213.759995,212.169998,212.449997,1930406.000000,1779978300.0
1779978300.0,212.455002,212.759995,212.309998,212.451294,1302347.000000,1779978600.0
1779978600.0,212.470001,212.639999,211.699997,211.729996,1866921.000000,1779978900.0
1779978900.0,211.744995,212.110001,211.699997,211.969894,1276395.000000,1779979200.0
1779979200.0,211.947098,212.199997,211.710007,212.029999,1199086.000000,1779979500.0
1779979500.0,212.029999,212.149994,211.509995,211.919998,1571492.000000,1779979800.0
1779979800.0,211.910004,212.429993,211.780106,212.324997,1004176.000000,1779980100.0
1779980100.0,212.311005,212.369995,211.940002,212.270004,1096163.000000,1779980400.0
1779980400.0,212.285004,212.770004,212.235001,212.460007,1381939.000000,1779980700.0
1779980700.0,212.460007,212.600006,212.089996,212.460007,1438808.000000,1779981000.0
1779981000.0,212.449997,212.629593,212.235001,212.309998,1007483.000000,1779981300.0
1779981300.0,212.304993,212.479996,212.160004,212.345001,972888.000000,1779981600.0
1779981600.0,212.345001,213.080002,212.300003,212.789993,1650689.000000,1779981900.0
1779981900.0,212.779999,213.149994,212.649994,212.669998,1417738.000000,1779982200.0
1779982200.0,212.679993,213.029999,212.600006,212.869995,956132.000000,1779982500.0
1779982500.0,212.863998,212.886993,212.429993,212.720001,1120177.000000,1779982800.0
1779982800.0,212.705002,213.139999,212.660004,212.950104,908381.000000,1779983100.0
1779983100.0,212.960007,212.960007,212.660004,212.800003,824600.000000,1779983400.0
1779983400.0,212.809998,213.309998,212.610001,212.615005,1054528.000000,1779983700.0
1779983700.0,212.610001,212.619003,212.250000,212.259995,1044282.000000,1779984000.0
1779984000.0,212.259995,212.542206,212.100006,212.395004,1202062.000000,1779984300.0
1779984300.0,212.380005,212.570007,212.179993,212.255005,1004227.000000,1779984600.0
1779984600.0,212.255005,212.720001,212.189896,212.669998,1188412.000000,1779984900.0
1779984900.0,212.669998,213.169998,212.470001,213.069901,1079192.000000,1779985200.0
1779985200.0,213.059998,213.320007,212.970596,213.255005,1234723.000000,1779985500.0
1779985500.0,213.255005,213.289993,212.960007,212.994995,737900.000000,1779985800.0
1779985800.0,212.997498,213.039993,212.449997,212.600006,983846.000000,1779986100.0
1779986100.0,212.600006,213.119995,212.599899,213.026596,766487.000000,1779986400.0
1779986400.0,213.020004,213.690002,212.899994,213.619995,1348194.000000,1779986700.0
1779986700.0,213.619995,213.889999,213.220093,213.240097,1280957.000000,1779987000.0
1779987000.0,213.250000,213.809998,213.139999,213.535004,965945.000000,1779987300.0
1779987300.0,213.535004,213.657394,213.500000,213.630005,504138.000000,1779987600.0
1779987600.0,213.636993,213.975006,213.559998,213.744904,937420.000000,1779987900.0
1779987900.0,213.750000,213.960007,213.354996,213.387100,841204.000000,1779988200.0
1779988200.0,213.390594,213.654999,213.264999,213.559998,1976784.000000,1779988500.0
1779988500.0,213.570007,213.690002,213.270004,213.270004,667670.000000,1779988800.0
1779988800.0,213.274994,213.529999,213.270004,213.460007,701823.000000,1779989100.0
1779989100.0,213.460007,213.559998,213.169998,213.229996,630343.000000,1779989400.0
1779989400.0,213.246002,213.520004,213.039993,213.039993,747166.000000,1779989700.0
1779989700.0,213.049896,213.425003,212.929993,213.365005,1093042.000000,1779990000.0
1779990000.0,213.369995,213.664993,213.259995,213.529999,921914.000000,1779990300.0
1779990300.0,213.539993,214.199997,213.380005,214.164993,1348998.000000,1779990600.0
1779990600.0,214.164993,215.519104,214.145004,215.395004,3695674.000000,1779990900.0
1779990900.0,215.395004,215.449997,214.824997,215.119995,1777641.000000,1779991200.0
1779991200.0,215.119995,215.369995,214.904999,215.289993,1223801.000000,1779991500.0
1779991500.0,215.279999,215.365005,214.860001,214.960007,1133709.000000,1779991800.0
1779991800.0,214.960007,214.999893,214.199997,214.360001,1661609.000000,1779992100.0
1779992100.0,214.352707,214.654999,214.240005,214.557999,960253.000000,1779992400.0
1779992400.0,214.550003,214.710007,214.309998,214.690002,763204.000000,1779992700.0
1779992700.0,214.692795,214.800003,214.179993,214.380005,899306.000000,1779993000.0
1779993000.0,214.364594,214.570007,214.180893,214.470001,866197.000000,1779993300.0
1779993300.0,214.490005,214.550003,214.289993,214.360001,708273.000000,1779993600.0
1779993600.0,214.375000,214.850006,214.339996,214.740005,1106030.000000,1779993900.0
1779993900.0,214.744995,214.896896,214.360001,214.589905,1087768.000000,1779994200.0
1779994200.0,214.559998,214.639999,214.330002,214.619995,2022637.000000,1779994500.0
1779994500.0,214.610001,214.720001,214.350006,214.380005,892305.000000,1779994800.0
1779994800.0,214.389893,214.419998,213.860001,214.089996,1347962.000000,1779995100.0
1779995100.0,214.110001,214.529999,214.074997,214.479996,767885.000000,1779995400.0
1779995400.0,214.479996,214.570007,214.190002,214.229996,674948.000000,1779995700.0
1779995700.0,214.220093,214.285599,214.000000,214.119995,797727.000000,1779996000.0
1779996000.0,214.119995,214.149994,213.899994,213.930099,818135.000000,1779996300.0
1779996300.0,213.929993,214.210007,213.895004,214.100006,694087.000000,1779996600.0
1779996600.0,214.119995,214.259995,213.839996,214.100006,907731.000000,1779996900.0
1779996900.0,214.089996,214.389999,214.024994,214.384995,924500.000000,1779997200.0
1779997200.0,214.384995,214.434998,214.070007,214.229996,990467.000000,1779997500.0
1779997500.0,214.210007,214.490005,214.160004,214.160095,923049.000000,1779997800.0
1779997800.0,214.160004,214.250000,213.770004,213.889999,1607672.000000,1779998100.0
1779998100.0,213.889999,214.389999,213.789993,214.300003,2610401.000000,1779998400.0
1780061400.0,214.449997,215.279999,212.809998,213.256393,8629836.000000,1780061700.0
1780061700.0,213.230103,213.850006,212.850006,213.820007,2414633.000000,1780062000.0
1780062000.0,213.830002,216.179993,213.646500,216.145996,4612338.000000,1780062300.0
1780062300.0,215.509995,216.300003,215.050705,216.289993,3519599.000000,1780062600.0
1780062600.0,216.300003,216.429993,215.639999,215.720001,2354208.000000,1780062900.0
1780062900.0,215.734604,217.149994,215.550003,217.100006,2964992.000000,1780063200.0
1780063200.0,217.080002,217.259995,215.860001,216.139206,3277064.000000,1780063500.0
1780063500.0,216.119995,217.070007,216.070099,216.145004,2241961.000000,1780063800.0
1780063800.0,216.139999,216.850006,215.789993,216.289993,2214539.000000,1780064100.0
1780064100.0,216.259995,216.699997,215.949997,216.449997,1999388.000000,1780064400.0
1780064400.0,216.449997,217.350006,216.080093,216.110001,2908574.000000,1780064700.0
1780064700.0,216.078506,216.178497,215.020096,215.919998,3406337.000000,1780065000.0
1780065000.0,215.914993,216.350006,215.664200,216.339996,1709552.000000,1780065300.0
1780065300.0,216.354996,216.440002,214.910004,215.010101,2182449.000000,1780065600.0
1780065600.0,215.029907,215.335007,214.369995,214.509506,2255913.000000,1780065900.0
1780065900.0,214.479996,215.789993,214.360001,215.279999,1946361.000000,1780066200.0
1780066200.0,215.270004,215.899994,214.895004,214.964996,1855649.000000,1780066500.0
1780066500.0,214.960007,215.350006,214.940002,215.139999,1050695.000000,1780066800.0
1780066800.0,215.149994,215.529999,215.029999,215.270004,965550.000000,1780067100.0
1780067100.0,215.236404,216.009995,214.860001,215.869995,1537731.000000,1780067400.0
1780067400.0,215.869995,216.990005,215.699997,216.929993,1942939.000000,1780067700.0
1780067700.0,216.940002,217.020004,215.440201,215.475006,1795207.000000,1780068000.0
1780068000.0,215.470001,215.479904,214.906998,215.365005,1538627.000000,1780068300.0
1780068300.0,215.389999,215.699997,215.000000,215.389999,1151578.000000,1780068600.0
1780068600.0,215.419998,215.759903,215.369995,215.369995,913758.000000,1780068900.0
1780068900.0,215.360001,215.690002,215.119995,215.589996,821381.000000,1780069200.0
1780069200.0,215.574997,215.615005,214.940002,215.050003,908909.000000,1780069500.0
1780069500.0,215.035004,215.229996,214.770004,215.199997,1036833.000000,1780069800.0
1780069800.0,215.190002,215.600006,215.072998,215.359894,859357.000000,1780070100.0
1780070100.0,215.339996,215.380005,214.990005,215.020004,714381.000000,1780070400.0
1780070400.0,215.029999,215.820007,215.018005,215.727203,889414.000000,1780070700.0
1780070700.0,215.714996,216.020004,215.600006,215.969894,1185313.000000,1780071000.0
1780071000.0,215.970001,217.119995,215.903793,216.649307,2121086.000000,1780071300.0
1780071300.0,216.630005,216.770004,216.070007,216.149994,1023497.000000,1780071600.0
1780071600.0,216.169998,216.380005,216.089996,216.149796,705621.000000,1780071900.0
1780071900.0,216.130005,216.130005,215.870102,215.989899,771606.000000,1780072200.0
1780072200.0,215.990005,216.509995,215.789902,216.250000,1022416.000000,1780072500.0
1780072500.0,216.257401,217.250000,216.229996,217.199997,1283150.000000,1780072800.0
1780072800.0,217.190094,217.520004,217.016098,217.080002,1711476.000000,1780073100.0
1780073100.0,217.074997,217.229996,216.710007,216.779999,941158.000000,1780073400.0
1780073400.0,216.789993,216.880005,216.520004,216.604996,634232.000000,1780073700.0
1780073700.0,216.609894,216.660004,216.280106,216.589996,732764.000000,1780074000.0
1780074000.0,216.600006,216.880005,216.520004,216.619995,740414.000000,1780074300.0
1780074300.0,216.639999,216.869995,216.300003,216.785599,738754.000000,1780074600.0
1780074600.0,216.789993,217.050003,216.710007,216.789993,854795.000000,1780074900.0
1780074900.0,216.794998,216.899902,216.565002,216.565002,570379.000000,1780075200.0
1780075200.0,216.550003,216.589996,216.119995,216.440002,857994.000000,1780075500.0
1780075500.0,216.440002,216.490005,216.139999,216.279999,1112644.000000,1780075800.0
1780075800.0,216.289993,216.309998,215.970001,216.259995,1992288.000000,1780076100.0
1780076100.0,216.259995,216.300003,216.054993,216.110001,777583.000000,1780076400.0
1780076400.0,216.110001,216.210007,215.979996,216.130005,588487.000000,1780076700.0
1780076700.0,216.130005,216.199997,215.979996,216.130005,563015.000000,1780077000.0
1780077000.0,216.110001,216.350006,215.919998,216.238998,627036.000000,1780077300.0
1780077300.0,216.230103,216.235001,215.399994,215.503601,1070604.000000,1780077600.0
1780077600.0,215.520004,215.783997,215.289993,215.750000,1215265.000000,1780077900.0
1780077900.0,215.735001,215.889999,215.589996,215.839996,893310.000000,1780078200.0
1780078200.0,215.839996,216.050003,215.500000,215.585007,829763.000000,1780078500.0
1780078500.0,215.599899,216.320007,215.580002,216.299103,743085.000000,1780078800.0
1780078800.0,216.294403,216.589996,216.160004,216.574997,909283.000000,1780079100.0
1780079100.0,216.574997,217.050003,216.350006,216.970001,1226983.000000,1780079400.0
1780079400.0,217.000000,217.479996,216.880005,216.960007,2063439.000000,1780079700.0
1780079700.0,216.955002,216.970001,216.450302,216.709900,948766.000000,1780080000.0
1780080000.0,216.695007,217.350006,216.670593,217.290100,1224335.000000,1780080300.0
1780080300.0,217.300003,217.330002,216.729996,217.024994,1096264.000000,1780080600.0
1780080600.0,217.024994,217.130005,216.679993,216.860001,695962.000000,1780080900.0
1780080900.0,216.860001,216.910004,216.520004,216.699905,757355.000000,1780081200.0
1780081200.0,216.695007,217.220001,216.679993,217.100006,999457.000000,1780081500.0
1780081500.0,217.110001,217.470001,217.010101,217.400101,1104174.000000,1780081800.0
1780081800.0,217.410004,217.859894,217.270004,217.600006,2683281.000000,1780082100.0
1780082100.0,217.580002,217.710007,216.990005,217.270004,1981543.000000,1780082400.0
1780082400.0,217.279999,217.380005,217.059998,217.110001,1101548.000000,1780082700.0
1780082700.0,217.104996,217.149994,216.824997,216.990005,1114575.000000,1780083000.0
1780083000.0,216.994995,217.139999,216.869995,216.940002,963766.000000,1780083300.0
1780083300.0,216.960007,217.353302,216.910004,217.320007,1119766.000000,1780083600.0
1780083600.0,217.309998,217.449997,217.080002,217.110001,1831816.000000,1780083900.0
1780083900.0,217.100006,217.130005,216.639999,216.869995,1349945.000000,1780084200.0
1780084200.0,216.869995,216.940002,212.289993,212.429993,12906017.000000,1780084500.0
1780084500.0,212.414001,213.070007,211.130005,211.149994,19395483.000000,1780084800.0
1780320600.0,215.779999,220.100006,215.705002,217.979996,25362936.000000,1780320900.0
1780320900.0,217.985001,220.779999,217.869995,220.212006,7420908.000000,1780321200.0
1780321200.0,220.220001,220.509995,218.770004,219.115005,4706872.000000,1780321500.0
1780321500.0,219.059998,220.339996,218.850006,220.195007,4357253.000000,1780321800.0
1780321800.0,220.190002,220.830002,219.441895,219.490005,4423262.000000,1780322100.0
1780322100.0,219.479996,219.910004,219.039993,219.149994,2525102.000000,1780322400.0
1780322400.0,219.119995,219.279999,218.539993,219.020004,3166661.000000,1780322700.0
1780322700.0,219.029999,220.470001,219.005005,220.345001,3321714.000000,1780323000.0
1780323000.0,220.339996,220.919998,219.619995,220.625000,3296177.000000,1780323300.0
1780323300.0,220.610001,221.440002,220.520004,221.029999,4419634.000000,1780323600.0
1780323600.0,221.029999,222.169998,220.839996,221.809998,4187117.000000,1780323900.0
1780323900.0,221.800003,222.100006,221.210007,221.369995,2794868.000000,1780324200.0
1780324200.0,221.339996,221.770004,221.130005,221.717896,2229317.000000,1780324500.0
1780324500.0,221.684998,222.089996,220.399994,220.919998,2996836.000000,1780324800.0
1780324800.0,220.929993,221.070007,220.240005,220.449997,1938474.000000,1780325100.0
1780325100.0,220.449997,220.910004,220.229996,220.490005,1867408.000000,1780325400.0
1780325400.0,220.470001,220.489899,219.990005,220.130005,1992911.000000,1780325700.0
1780325700.0,220.130005,220.210007,219.300003,219.619003,2407535.000000,1780326000.0
1780326000.0,219.610001,219.850006,218.990005,219.320007,2215100.000000,1780326300.0
1780326300.0,219.320007,219.660004,219.160004,219.349899,1919050.000000,1780326600.0
1780326600.0,219.330002,219.599899,219.050003,219.089996,1530405.000000,1780326900.0
1780326900.0,219.089996,219.619904,219.000000,219.619904,1892736.000000,1780327200.0
1780327200.0,219.610001,220.279999,219.360001,219.559998,2222870.000000,1780327500.0
1780327500.0,219.559998,219.797607,219.350006,219.399994,1166348.000000,1780327800.0
1780327800.0,219.389999,219.979996,219.330002,219.929993,1626425.000000,1780328100.0
1780328100.0,219.919998,220.529999,219.811295,220.500107,1796104.000000,1780328400.0
1780328400.0,220.509995,220.649994,219.979996,220.092300,1640637.000000,1780328700.0
1780328700.0,220.104996,220.299896,219.940002,220.059998,912731.000000,1780329000.0
1780329000.0,220.085007,220.320007,219.840103,220.070007,983442.000000,1780329300.0
1780329300.0,220.059998,220.109894,219.550003,219.664993,1026148.000000,1780329600.0
1780329600.0,219.639999,220.559998,219.610001,220.255005,1366464.000000,1780329900.0
1780329900.0,220.255005,220.550003,220.100006,220.399994,997981.000000,1780330200.0
1780330200.0,220.380005,220.439896,219.979996,220.419907,927966.000000,1780330500.0
1780330500.0,220.399994,221.089996,220.380005,220.865005,1576437.000000,1780330800.0
1780330800.0,220.865005,221.399994,220.770004,221.300003,1429357.000000,1780331100.0
1780331100.0,221.300095,222.369995,220.010406,221.949997,2849949.000000,1780331400.0
1780331400.0,221.940002,222.399994,221.630005,222.149994,2362345.000000,1780331700.0
1780331700.0,222.139999,222.175003,220.970001,221.800003,2119382.000000,1780332000.0
1780332000.0,221.809998,221.859894,221.119995,221.455002,1014596.000000,1780332300.0
1780332300.0,221.470001,221.660004,221.250000,221.319901,1163520.000000,1780332600.0
1780332600.0,221.304993,221.884995,221.169998,221.839905,1171515.000000,1780332900.0
1780332900.0,221.830002,222.339996,221.789993,222.100006,1371405.000000,1780333200.0
1780333200.0,222.095001,222.250000,221.660004,221.679993,1179635.000000,1780333500.0
1780333500.0,221.669998,221.960007,221.479996,221.610001,902610.000000,1780333800.0
1780333800.0,221.610001,221.925003,221.559998,221.710007,944255.000000,1780334100.0
1780334100.0,221.701996,221.743103,221.360001,221.619995,1697515.000000,1780334400.0
1780334400.0,221.600006,221.929993,221.500000,221.809998,686442.000000,1780334700.0
1780334700.0,221.800003,221.990005,221.500000,221.960007,885748.000000,1780335000.0
1780335000.0,221.960007,222.210007,221.529999,221.740005,1151680.000000,1780335300.0
1780335300.0,221.750000,222.850006,221.699997,222.705002,1955752.000000,1780335600.0
1780335600.0,222.710007,223.399994,222.649994,223.100006,2268385.000000,1780335900.0
1780335900.0,223.110001,223.309998,222.860001,222.970001,1342954.000000,1780336200.0
1780336200.0,222.964996,223.929993,222.910004,223.914993,1789541.000000,1780336500.0
1780336500.0,223.910095,224.029999,223.419998,223.529205,2005527.000000,1780336800.0
1780336800.0,223.509995,224.417099,223.399994,224.000000,2048681.000000,1780337100.0
1780337100.0,223.990005,224.462006,223.800003,224.029999,2225595.000000,1780337400.0
1780337400.0,224.029999,224.100006,223.080002,223.220001,1465013.000000,1780337700.0
1780337700.0,223.199997,224.320007,223.139999,224.290100,1603876.000000,1780338000.0
1780338000.0,224.289993,224.600006,224.220001,224.315002,1760016.000000,1780338300.0
1780338300.0,224.310501,224.660004,224.270004,224.615997,1241398.000000,1780338600.0
1780338600.0,224.610001,224.699997,224.210007,224.380005,1364772.000000,1780338900.0
1780338900.0,224.380905,224.800003,224.130005,224.230103,1659912.000000,1780339200.0
1780339200.0,224.240005,224.570007,224.029999,224.554993,1323062.000000,1780339500.0
1780339500.0,224.557999,224.779999,223.960007,223.979996,1448398.000000,1780339800.0
1780339800.0,224.000000,224.119904,223.830093,223.889999,1076916.000000,1780340100.0
1780340100.0,223.880005,224.259995,223.770004,223.985001,1167737.000000,1780340400.0
1780340400.0,223.990005,224.544693,223.985001,224.535004,2132341.000000,1780340700.0
1780340700.0,224.539993,224.649994,224.240005,224.490005,1218991.000000,1780341000.0
1780341000.0,224.485001,224.869995,224.320007,224.707993,1285460.000000,1780341300.0
1780341300.0,224.710007,224.714996,223.899994,223.930099,1457956.000000,1780341600.0
1780341600.0,223.940002,224.350006,223.860596,223.904999,1694032.000000,1780341900.0
1780341900.0,223.900497,224.199997,223.669998,224.000000,1430108.000000,1780342200.0
1780342200.0,223.980698,224.059998,223.274994,223.315002,1486198.000000,1780342500.0
1780342500.0,223.330002,223.800003,223.169998,223.750000,1459981.000000,1780342800.0
1780342800.0,223.750000,223.889999,223.509995,223.580002,1275822.000000,1780343100.0
1780343100.0,223.580002,223.699997,222.869995,222.914993,1653627.000000,1780343400.0
1780343400.0,222.919998,223.639999,222.399994,223.539993,3147776.000000,1780343700.0
1780343700.0,223.549896,224.434998,223.110001,224.419998,5393188.000000,1780344000.0
1780407000.0,227.190002,227.509995,225.160004,226.380005,17547691.000000,1780407300.0
1780407300.0,226.380005,227.429993,225.250000,226.309998,4583599.000000,1780407600.0
1780407600.0,226.250000,226.759995,225.050003,226.559998,4093013.000000,1780407900.0
1780407900.0,226.570007,229.904999,226.440002,229.884995,6746875.000000,1780408200.0
1780408200.0,229.884995,231.529999,229.860001,230.759995,7786667.000000,1780408500.0
1780408500.0,230.750000,232.279999,230.230698,231.423996,5352654.000000,1780408800.0
1780408800.0,231.455002,231.940002,230.039993,230.399994,3626047.000000,1780409100.0
1780409100.0,230.389999,230.580002,229.229996,229.419998,3083962.000000,1780409400.0
1780409400.0,229.399994,230.199997,229.070007,229.759995,3547947.000000,1780409700.0
1780409700.0,229.770004,230.110001,229.160004,229.570007,2282838.000000,1780410000.0
1780410000.0,229.575607,229.679993,228.770004,229.375000,2654765.000000,1780410300.0
1780410300.0,229.375000,229.389999,228.330002,228.529907,2603792.000000,1780410600.0
1780410600.0,228.509995,228.949997,228.250000,228.289993,2071033.000000,1780410900.0
1780410900.0,228.289993,228.339996,227.369995,227.709900,2967778.000000,1780411200.0
1780411200.0,227.690002,227.690002,226.850006,227.049896,2399615.000000,1780411500.0
1780411500.0,227.025406,227.354401,226.339996,226.679993,2482930.000000,1780411800.0
1780411800.0,226.687805,226.960007,226.300003,226.929993,2424248.000000,1780412100.0
1780412100.0,226.960007,227.000000,225.350098,226.119995,2958508.000000,1780412400.0
1780412400.0,226.130005,226.509995,225.970001,226.500000,2090551.000000,1780412700.0
1780412700.0,226.500000,226.979996,226.300003,226.779999,1953085.000000,1780413000.0
1780413000.0,226.772507,227.139999,226.220001,226.735001,1851881.000000,1780413300.0
1780413300.0,226.740005,226.929901,226.350006,226.630005,1279509.000000,1780413600.0
1780413600.0,226.634995,226.820007,225.780899,226.020004,1691193.000000,1780413900.0
1780413900.0,226.029999,226.255005,225.660004,225.938995,1785950.000000,1780414200.0
1780414200.0,225.949905,226.229996,225.690002,225.970001,1414236.000000,1780414500.0
1780414500.0,225.970001,226.865005,225.830002,226.544998,1662763.000000,1780414800.0
1780414800.0,226.550003,226.610001,225.350006,225.509995,1472317.000000,1780415100.0
1780415100.0,225.509995,226.000000,225.179993,225.264999,1411987.000000,1780415400.0
1780415400.0,225.279999,225.639999,224.720001,224.940002,2339292.000000,1780415700.0
1780415700.0,224.940002,225.539993,224.940002,225.460007,1239990.000000,1780416000.0
1780416000.0,225.479904,225.589996,225.160004,225.270004,1257456.000000,1780416300.0
1780416300.0,225.274994,225.940002,225.170105,225.459900,1758001.000000,1780416600.0
1780416600.0,225.460007,225.830002,225.330002,225.659897,1043121.000000,1780416900.0
1780416900.0,225.654999,225.660004,224.930603,225.000000,1310478.000000,1780417200.0
1780417200.0,224.970001,224.990005,224.149994,224.544998,2424465.000000,1780417500.0
1780417500.0,224.529999,224.949997,224.190002,224.850006,1442322.000000,1780417800.0
1780417800.0,224.830002,225.569000,224.679993,225.400101,2399733.000000,1780418100.0
1780418100.0,225.419998,225.509995,224.949997,225.029999,1596870.000000,1780418400.0
1780418400.0,225.024994,225.250000,224.710007,225.115005,876639.000000,1780418700.0
1780418700.0,225.115005,225.179993,224.580002,224.729904,886758.000000,1780419000.0
1780419000.0,224.720001,225.179993,224.520004,224.979996,896937.000000,1780419300.0
1780419300.0,224.994995,225.369995,224.684998,225.264999,1057018.000000,1780419600.0
1780419600.0,225.264999,225.550003,224.910004,225.434998,1070507.000000,1780419900.0
1780419900.0,225.440002,225.495407,225.110001,225.324997,916088.000000,1780420200.0
1780420200.0,225.330002,225.630005,225.169998,225.429993,834204.000000,1780420500.0
1780420500.0,225.460007,225.500000,224.380005,224.490005,1105841.000000,1780420800.0
1780420800.0,224.490005,224.779999,224.020004,224.110001,1527078.000000,1780421100.0
1780421100.0,224.119904,224.300003,223.860001,224.160095,1501227.000000,1780421400.0
1780421400.0,224.161697,224.210007,223.630005,223.684998,1102249.000000,1780421700.0
1780421700.0,223.684998,223.771103,222.910004,222.970001,2074059.000000,1780422000.0
1780422000.0,222.979996,223.300003,222.880005,223.000000,1699857.000000,1780422300.0
1780422300.0,223.009995,223.187393,222.830002,222.949997,1158364.000000,1780422600.0
1780422600.0,222.949997,223.100006,222.585495,222.785004,1446284.000000,1780422900.0
1780422900.0,222.770004,223.199997,222.690094,223.179993,1425629.000000,1780423200.0
1780423200.0,223.169998,223.414993,223.070007,223.100006,1077984.000000,1780423500.0
1780423500.0,223.070007,223.639893,223.050095,223.585007,1056054.000000,1780423800.0
1780423800.0,223.585007,223.619995,223.250000,223.274994,861988.000000,1780424100.0
1780424100.0,223.260101,223.267197,223.009995,223.154999,716202.000000,1780424400.0
1780424400.0,223.154999,223.179993,222.750000,222.769897,947016.000000,1780424700.0
1780424700.0,222.770004,223.070007,222.559998,222.979996,1523316.000000,1780425000.0
1780425000.0,222.970001,223.190002,222.570099,222.640106,1062310.000000,1780425300.0
1780425300.0,222.660004,222.669998,221.902496,221.964996,1846883.000000,1780425600.0
1780425600.0,221.979996,222.440002,221.899994,222.410004,1233259.000000,1780425900.0
1780425900.0,222.360001,222.509995,222.270004,222.449997,914391.000000,1780426200.0
1780426200.0,222.449997,222.539993,222.260101,222.524994,819857.000000,1780426500.0
1780426500.0,222.530106,222.679993,222.440002,222.639999,778686.000000,1780426800.0
1780426800.0,222.639999,223.289993,222.610001,223.149994,1842409.000000,1780427100.0
1780427100.0,223.134995,223.190002,222.820007,222.860001,1153570.000000,1780427400.0
1780427400.0,222.860001,223.240005,222.800003,222.964996,1029338.000000,1780427700.0
1780427700.0,222.950104,222.970001,222.729996,222.820007,765865.000000,1780428000.0
1780428000.0,222.809998,223.466003,222.800003,223.300003,1207032.000000,1780428300.0
1780428300.0,223.299896,223.320007,222.589996,222.630005,1014353.000000,1780428600.0
1780428600.0,222.619995,222.779999,222.360001,222.490005,1049261.000000,1780428900.0
1780428900.0,222.479996,222.669998,222.250000,222.487793,977472.000000,1780429200.0
1780429200.0,222.489807,222.585007,221.910004,221.910004,1604952.000000,1780429500.0
1780429500.0,221.910004,221.990005,221.350006,221.929993,2072625.000000,1780429800.0
1780429800.0,221.929993,222.509995,221.830002,222.490005,2506313.000000,1780430100.0
1780430100.0,222.499893,222.949997,222.382507,222.820007,4578870.000000,1780430400.0
1780493400.0,221.684998,222.820007,220.009995,220.029907,11279857.000000,1780493700.0
1780493700.0,220.010193,220.210007,219.009995,219.481506,4536724.000000,1780494000.0
1780494000.0,219.472794,219.753693,218.020004,218.089996,3614957.000000,1780494300.0
1780494300.0,218.080002,218.119995,216.639999,216.824203,4756989.000000,1780494600.0
1780494600.0,216.839996,217.470001,216.045593,216.875000,5043585.000000,1780494900.0
1780494900.0,216.889999,217.630005,216.639999,217.229996,3004488.000000,1780495200.0
1780495200.0,217.199997,217.619995,216.339996,216.425003,3173211.000000,1780495500.0
1780495500.0,216.444794,216.800003,215.889999,216.410004,3365997.000000,1780495800.0
1780495800.0,216.414993,216.770004,216.039993,216.309998,2307981.000000,1780496100.0
1780496100.0,216.309998,216.789993,215.800003,216.210007,4191070.000000,1780496400.0
1780496400.0,216.220001,216.477997,215.389999,215.779999,4219180.000000,1780496700.0
1780496700.0,215.774994,216.220001,215.570007,216.169998,2096378.000000,1780497000.0
1780497000.0,216.169998,216.289993,215.059998,215.154999,2487542.000000,1780497300.0
1780497300.0,215.139999,215.770004,214.580002,215.660004,3543125.000000,1780497600.0
1780497600.0,215.649994,216.080002,215.360001,215.390106,2199125.000000,1780497900.0
1780497900.0,215.389999,215.829895,215.148499,215.389999,1842941.000000,1780498200.0
1780498200.0,215.380005,215.679993,215.110001,215.550003,1469774.000000,1780498500.0
1780498500.0,215.559998,215.759995,215.169998,215.750000,1211479.000000,1780498800.0
1780498800.0,215.740005,216.490005,215.710007,216.339996,1779263.000000,1780499100.0
1780499100.0,216.335007,216.699997,216.244995,216.449997,1700005.000000,1780499400.0
1780499400.0,216.460007,216.774994,216.270004,216.410004,1360178.000000,1780499700.0
1780499700.0,216.410004,216.690002,216.100006,216.529999,1219224.000000,1780500000.0
1780500000.0,216.509995,216.699493,215.800003,216.149994,1474848.000000,1780500300.0
1780500300.0,216.130005,216.289993,215.759995,216.279999,1260044.000000,1780500600.0
1780500600.0,216.270004,216.929901,216.134995,216.255005,1336617.000000,1780500900.0
1780500900.0,216.269897,216.570007,216.000000,216.509903,1737140.000000,1780501200.0
1780501200.0,216.500000,216.899994,216.240005,216.889999,976341.000000,1780501500.0
1780501500.0,216.860001,217.270004,216.850006,217.149994,1905471.000000,1780501800.0
1780501800.0,217.139999,217.529999,216.899994,217.319901,1633317.000000,1780502100.0
1780502100.0,217.315002,217.550003,216.809998,216.920105,1233650.000000,1780502400.0
1780502400.0,216.949997,217.199997,216.500000,216.660004,994602.000000,1780502700.0
1780502700.0,216.669998,216.720001,216.039993,216.190002,947862.000000,1780503000.0
1780503000.0,216.179993,216.541702,216.063995,216.335007,773522.000000,1780503300.0
1780503300.0,216.330002,216.550003,216.100006,216.380005,887310.000000,1780503600.0
1780503600.0,216.380005,216.600006,215.690094,215.714996,1066903.000000,1780503900.0
1780503900.0,215.679993,215.779999,215.470001,215.639999,1297580.000000,1780504200.0
1780504200.0,215.630005,215.860001,215.250000,215.349899,1116060.000000,1780504500.0
1780504500.0,215.339996,215.440002,215.139999,215.164993,934377.000000,1780504800.0
1780504800.0,215.153107,215.259995,214.820007,215.029999,1470794.000000,1780505100.0
1780505100.0,215.220093,215.529999,215.209305,215.529999,1212465.000000,1780505400.0
1780505400.0,215.639893,215.710007,215.520004,215.589996,801115.000000,1780505700.0
1780505700.0,215.610001,216.100006,215.535004,216.059998,816998.000000,1780506000.0
1780506000.0,216.080002,216.099197,215.794998,215.820007,794783.000000,1780506300.0
1780506300.0,215.835007,216.020004,215.580002,215.854996,792772.000000,1780506600.0
1780506600.0,215.845001,215.907394,215.350006,215.389893,1508595.000000,1780506900.0
1780506900.0,215.380005,215.419907,215.149994,215.309006,805592.000000,1780507200.0
1780507200.0,215.294998,215.729904,215.274994,215.710007,817991.000000,1780507500.0
1780507500.0,215.845001,215.940002,215.714996,215.764999,761236.000000,1780507800.0
1780507800.0,215.774994,215.889999,215.585007,215.639999,788325.000000,1780508100.0
1780508100.0,215.770004,215.938004,215.610001,215.691803,533477.000000,1780508400.0
1780508400.0,215.684998,215.884995,215.559998,215.820007,638587.000000,1780508700.0
1780508700.0,215.830002,215.839996,215.479996,215.615005,662953.000000,1780509000.0
1780509000.0,215.625000,215.830002,215.470001,215.660004,689041.000000,1780509300.0
1780509300.0,215.679993,215.755005,215.470093,215.660004,570348.000000,1780509600.0
1780509600.0,215.669006,215.699997,215.399994,215.425003,657536.000000,1780509900.0
1780509900.0,215.425293,215.570007,215.229996,215.479996,817919.000000,1780510200.0
1780510200.0,215.479996,215.479996,215.279999,215.440002,519227.000000,1780510500.0
1780510500.0,215.445007,215.800003,215.240097,215.750702,966018.000000,1780510800.0
1780510800.0,215.755005,216.011093,215.550003,215.960007,934800.000000,1780511100.0
1780511100.0,215.970001,216.080002,215.860306,215.994995,682111.000000,1780511400.0
1780511400.0,215.994995,216.029999,215.759995,215.839996,778850.000000,1780511700.0
1780511700.0,215.830002,215.979996,215.619995,215.809998,733652.000000,1780512000.0
1780512000.0,215.809998,215.848007,215.649994,215.779999,532494.000000,1780512300.0
1780512300.0,215.779999,216.169998,215.770096,215.979996,927418.000000,1780512600.0
1780512600.0,215.979996,216.130005,215.899994,215.940002,721049.000000,1780512900.0
1780512900.0,215.929993,216.115005,215.630005,216.100006,917503.000000,1780513200.0
1780513200.0,216.089996,216.250000,215.550003,215.744995,917384.000000,1780513500.0
1780513500.0,215.740005,216.009995,215.729996,215.854996,741274.000000,1780513800.0
1780513800.0,215.854996,215.869995,215.660004,215.729996,693045.000000,1780514100.0
1780514100.0,215.725006,216.100006,215.610001,215.725006,1024156.000000,1780514400.0
1780514400.0,215.720093,215.869995,215.509995,215.794998,941308.000000,1780514700.0
1780514700.0,215.809998,216.698593,215.009995,215.289993,1581561.000000,1780515000.0
1780515000.0,215.279999,215.529999,215.080002,215.509995,1280149.000000,1780515300.0
1780515300.0,215.520004,215.639999,215.270004,215.580002,916899.000000,1780515600.0
1780515600.0,215.600006,215.940002,215.540100,215.722702,1032090.000000,1780515900.0
1780515900.0,215.720001,215.809204,215.529999,215.530106,1122379.000000,1780516200.0
1780516200.0,215.550003,215.800003,215.130005,215.169998,2403086.000000,1780516500.0
1780516500.0,215.158005,215.520004,214.520004,214.835007,10735666.000000,1780516800.0
1780579800.0,213.904999,214.839996,212.720001,214.649994,11627777.000000,1780580100.0
1780580100.0,214.600006,215.729996,213.880096,215.089905,3936749.000000,1780580400.0
1780580400.0,215.062500,215.509903,212.910095,212.949997,3499652.000000,1780580700.0
1780580700.0,212.945007,213.820007,212.390106,212.550003,3256536.000000,1780581000.0
1780581000.0,212.520004,213.399994,212.350006,212.654999,2918834.000000,1780581300.0
1780581300.0,212.649994,213.009995,212.119995,212.335007,2548388.000000,1780581600.0
1780581600.0,212.279999,212.720001,211.000000,211.080002,4064263.000000,1780581900.0
1780581900.0,211.074997,212.119995,210.970001,211.900101,3259226.000000,1780582200.0
1780582200.0,211.940002,212.809998,211.850006,212.699997,2280436.000000,1780582500.0
1780582500.0,212.684998,213.279999,212.649994,212.770004,2055360.000000,1780582800.0
1780582800.0,212.779999,213.509995,212.630005,213.440002,1752048.000000,1780583100.0
1780583100.0,213.449997,213.619995,213.229996,213.489899,1726466.000000,1780583400.0
1780583400.0,213.460007,213.869995,213.220001,213.748993,1881758.000000,1780583700.0
1780583700.0,213.720001,214.179993,213.610001,213.960007,1589726.000000,1780584000.0
1780584000.0,213.919998,214.619995,213.919998,214.270004,1598990.000000,1780584300.0
1780584300.0,214.270004,214.970001,214.270004,214.830002,1716208.000000,1780584600.0
1780584600.0,214.800003,214.860001,214.360001,214.746994,1321863.000000,1780584900.0
1780584900.0,214.729996,215.429993,214.720001,215.410004,1708555.000000,1780585200.0
1780585200.0,215.399994,215.520004,215.190002,215.455002,1464880.000000,1780585500.0
1780585500.0,215.460007,215.928802,215.419998,215.710007,1771186.000000,1780585800.0
1780585800.0,215.720001,215.880005,215.240005,215.860001,1562966.000000,1780586100.0
1780586100.0,215.869904,216.000000,215.419998,215.815002,1660765.000000,1780586400.0
1780586400.0,215.820007,216.210007,215.580002,216.039993,1604231.000000,1780586700.0
1780586700.0,216.035004,216.149994,215.729996,215.976700,1218793.000000,1780587000.0
1780587000.0,215.985001,216.460007,215.679993,216.404999,1450115.000000,1780587300.0
1780587300.0,216.410004,216.500000,216.039993,216.100006,1347992.000000,1780587600.0
1780587600.0,216.110001,216.800003,216.089996,216.669998,1388439.000000,1780587900.0
1780587900.0,216.660004,216.740005,216.100006,216.399994,2469596.000000,1780588200.0
1780588200.0,216.419998,217.850006,216.100006,217.580002,2883210.000000,1780588500.0
1780588500.0,217.565002,217.720001,216.899994,217.629807,1789095.000000,1780588800.0
1780588800.0,217.619995,217.850006,217.290100,217.462204,2132577.000000,1780589100.0
1780589100.0,217.449997,217.820007,217.229996,217.550003,1350134.000000,1780589400.0
1780589400.0,217.550003,217.830002,217.270004,217.770004,1311701.000000,1780589700.0
1780589700.0,217.774994,218.289993,217.630005,217.970001,3412868.000000,1780590000.0
1780590000.0,217.975006,218.129898,217.688705,217.908203,1621339.000000,1780590300.0
1780590300.0,217.919998,218.199997,217.539993,217.639801,1561097.000000,1780590600.0
1780590600.0,217.634995,218.089493,217.300003,217.985001,1408022.000000,1780590900.0
1780590900.0,217.985001,218.240005,217.824997,218.240005,1085565.000000,1780591200.0
1780591200.0,218.220001,218.440002,217.860001,218.400101,2785487.000000,1780591500.0
1780591500.0,218.410004,218.539993,218.070007,218.439407,1173563.000000,1780591800.0
1780591800.0,218.440002,218.940002,218.339996,218.485001,1891081.000000,1780592100.0
1780592100.0,218.479996,218.660004,218.139999,218.250000,1140539.000000,1780592400.0
1780592400.0,218.251999,218.679993,218.080002,218.220001,1254113.000000,1780592700.0
1780592700.0,218.220093,218.294998,217.970001,218.144394,1032739.000000,1780593000.0
1780593000.0,218.149994,219.139999,218.110001,219.134995,1527541.000000,1780593300.0
1780593300.0,219.130005,219.469894,218.930099,218.994995,2291369.000000,1780593600.0
1780593600.0,218.990707,218.994995,218.549896,218.660004,1052674.000000,1780593900.0
1780593900.0,218.649994,219.039993,218.610001,218.850098,896583.000000,1780594200.0
1780594200.0,218.860001,219.740005,218.720001,219.158600,1600259.000000,1780594500.0
1780594500.0,219.154999,219.309998,218.869995,218.985001,1071476.000000,1780594800.0
1780594800.0,218.960007,219.440002,218.940002,219.329895,829659.000000,1780595100.0
1780595100.0,219.320007,219.479996,219.139999,219.360001,767650.000000,1780595400.0
1780595400.0,219.350693,219.380005,219.149994,219.244995,766921.000000,1780595700.0
1780595700.0,219.259995,219.770004,219.200104,219.759995,1049159.000000,1780596000.0
1780596000.0,219.764999,220.130005,219.699997,219.994995,1994363.000000,1780596300.0
1780596300.0,219.990005,220.320007,219.925003,220.288605,1957704.000000,1780596600.0
1780596600.0,220.289993,220.649994,220.210007,220.304993,1268570.000000,1780596900.0
1780596900.0,220.300003,220.649994,219.929993,220.539993,1222284.000000,1780597200.0
1780597200.0,220.530106,220.550003,220.119995,220.190002,860500.000000,1780597500.0
1780597500.0,220.190994,220.929993,220.149994,220.739899,1443850.000000,1780597800.0
1780597800.0,220.735001,220.865005,219.960098,220.231995,1606968.000000,1780598100.0
1780598100.0,220.240005,220.279999,219.980103,220.169998,1570301.000000,1780598400.0
1780598400.0,220.179993,220.699997,220.070007,220.669998,1818915.000000,1780598700.0
1780598700.0,220.690002,220.770004,220.419998,220.660095,886727.000000,1780599000.0
1780599000.0,220.660095,220.850006,220.619995,220.660004,661844.000000,1780599300.0
1780599300.0,220.649994,220.690002,220.160004,220.479996,956971.000000,1780599600.0
1780599600.0,220.485001,221.330002,220.485001,221.195007,1629682.000000,1780599900.0
1780599900.0,221.199997,221.600006,221.009995,221.205002,1428574.000000,1780600200.0
1780600200.0,221.210007,221.229996,220.669998,220.862305,1100412.000000,1780600500.0
1780600500.0,220.865005,220.865005,220.389999,220.425003,1534609.000000,1780600800.0
1780600800.0,220.425003,220.460007,220.020004,220.080002,1110463.000000,1780601100.0
1780601100.0,220.080002,220.300003,219.960007,220.220001,1063735.000000,1780601400.0
1780601400.0,220.229996,220.419998,220.059998,220.139999,1159180.000000,1780601700.0
1780601700.0,220.149994,220.169998,219.710007,219.920105,1230887.000000,1780602000.0
1780602000.0,219.940002,220.044998,219.750305,219.945007,1104583.000000,1780602300.0
1780602300.0,219.949905,219.960007,214.750000,219.750000,1294920.000000,1780602600.0
1780602600.0,219.720001,219.850006,218.910004,219.320007,2355922.000000,1780602900.0
1780602900.0,219.279999,219.289993,218.550003,218.714996,5448610.000000,1780603200.0
1780666200.0,214.429993,214.869995,212.860001,214.464996,13077110.000000,1780666500.0
1780666500.0,214.440002,214.440002,213.160004,213.779999,2983525.000000,1780666800.0
1780666800.0,213.774597,213.983994,213.009995,213.330002,2859727.000000,1780667100.0
1780667100.0,213.320007,213.570007,212.850006,213.050003,2500798.000000,1780667400.0
1780667400.0,213.050003,213.770004,212.949997,213.684998,2366467.000000,1780667700.0
1780667700.0,213.699997,213.746704,211.950104,211.977493,3334151.000000,1780668000.0
1780668000.0,211.990005,212.320007,211.680695,211.764999,3188469.000000,1780668300.0
1780668300.0,211.764999,212.539993,211.542404,212.429993,2521646.000000,1780668600.0
1780668600.0,212.427002,212.479996,211.679993,212.380005,3053113.000000,1780668900.0
1780668900.0,212.380005,212.979996,212.309998,212.925003,1881050.000000,1780669200.0
1780669200.0,212.925003,212.949997,211.479996,211.820007,2216387.000000,1780669500.0
1780669500.0,211.835007,211.835007,210.990005,211.255005,2769477.000000,1780669800.0
1780669800.0,211.240906,211.929993,211.139999,211.919998,2086126.000000,1780670100.0
1780670100.0,211.929901,212.139999,211.529999,211.809998,1892790.000000,1780670400.0
1780670400.0,211.835007,211.839493,210.880005,211.081497,1926442.000000,1780670700.0
1780670700.0,211.100006,211.550003,210.449997,210.679993,2229092.000000,1780671000.0
1780671000.0,210.664993,211.139893,210.470001,210.869995,1868961.000000,1780671300.0
1780671300.0,210.830002,211.110001,210.610001,210.789993,1475598.000000,1780671600.0
1780671600.0,210.794998,210.929901,210.160004,210.570007,1812810.000000,1780671900.0
1780671900.0,210.550003,210.625000,209.809998,209.985001,3023481.000000,1780672200.0
1780672200.0,209.990005,210.160004,209.354996,209.384995,2161355.000000,1780672500.0
1780672500.0,209.380005,209.674606,209.130096,209.539993,2135218.000000,1780672800.0
1780672800.0,209.544998,209.580002,208.500000,208.809998,3143347.000000,1780673100.0
1780673100.0,208.809998,208.850006,208.490005,208.710007,2162887.000000,1780673400.0
1780673400.0,208.699997,208.839996,208.080002,208.419998,2937390.000000,1780673700.0
1780673700.0,208.429993,208.570007,207.669998,207.779999,2608470.000000,1780674000.0
1780674000.0,207.785004,208.250000,207.530106,208.164993,2575569.000000,1780674300.0
1780674300.0,208.175003,208.929993,208.040100,208.589996,2007468.000000,1780674600.0
1780674600.0,208.585007,209.139893,208.529999,209.085007,1682290.000000,1780674900.0
1780674900.0,209.059998,209.380005,208.839996,209.330002,1613251.000000,1780675200.0
1780675200.0,209.339996,209.339996,208.660004,208.875000,1489035.000000,1780675500.0
1780675500.0,208.889999,208.919998,208.365005,208.380005,1404556.000000,1780675800.0
1780675800.0,208.350006,208.970001,208.220001,208.809998,1397386.000000,1780676100.0
1780676100.0,208.800003,208.895905,208.229996,208.339996,2358600.000000,1780676400.0
1780676400.0,208.345001,209.111404,208.240204,209.009995,1765748.000000,1780676700.0
1780676700.0,209.009995,209.199997,208.720306,208.729996,1145400.000000,1780677000.0
1780677000.0,208.749496,208.800003,207.770004,208.059998,1969319.000000,1780677300.0
1780677300.0,208.054993,208.149994,207.619995,207.699997,2036919.000000,1780677600.0
1780677600.0,207.699997,207.820007,207.130005,207.399994,2338318.000000,1780677900.0
1780677900.0,207.380005,207.490005,206.639999,207.475006,3378579.000000,1780678200.0
1780678200.0,207.470001,208.324997,207.160904,208.324997,2040833.000000,1780678500.0
1780678500.0,208.309998,208.309998,207.729996,208.139999,1896385.000000,1780678800.0
1780678800.0,208.149902,208.149994,207.529999,207.712997,1518591.000000,1780679100.0
1780679100.0,207.684998,207.729996,207.220001,207.354996,1423502.000000,1780679400.0
1780679400.0,207.359894,207.419998,206.830002,207.220001,1485520.000000,1780679700.0
1780679700.0,207.229996,207.315002,206.809998,207.295105,1380982.000000,1780680000.0
1780680000.0,207.319901,207.869995,206.850098,207.755005,1713214.000000,1780680300.0
1780680300.0,207.750000,207.929901,207.350006,207.744995,1317698.000000,1780680600.0
1780680600.0,207.695007,208.190002,207.510101,208.179993,1149033.000000,1780680900.0
1780680900.0,208.179993,208.798492,208.177200,208.710007,1487587.000000,1780681200.0
1780681200.0,208.740005,208.970001,207.787003,207.970993,1667455.000000,1780681500.0
1780681500.0,207.964996,208.240005,207.619995,207.714996,1491052.000000,1780681800.0
1780681800.0,207.700104,207.910004,207.639999,207.880005,884488.000000,1780682100.0
1780682100.0,207.869995,208.115005,207.740097,207.970001,904474.000000,1780682400.0
1780682400.0,207.979996,208.070007,207.065002,207.065002,1297873.000000,1780682700.0
1780682700.0,207.065002,207.220001,206.830002,206.860001,1588654.000000,1780683000.0
1780683000.0,206.869995,207.029999,206.360001,206.660095,2369146.000000,1780683300.0
1780683300.0,206.669998,206.764999,206.100006,206.259995,1818842.000000,1780683600.0
1780683600.0,206.240005,206.500000,206.020004,206.078003,1640269.000000,1780683900.0
1780683900.0,206.059998,206.190002,205.789993,206.014999,2039199.000000,1780684200.0
1780684200.0,206.009995,206.139999,205.410004,205.539993,1859581.000000,1780684500.0
1780684500.0,205.509995,205.550003,204.839996,205.380005,2764467.000000,1780684800.0
1780684800.0,205.414993,205.500000,204.899994,205.445007,1819178.000000,1780685100.0
1780685100.0,205.434998,205.550003,204.779999,205.419998,2210278.000000,1780685400.0
1780685400.0,205.414993,205.520004,204.699997,205.210007,1849026.000000,1780685700.0
1780685700.0,205.199997,206.039993,205.054993,205.889999,2387026.000000,1780686000.0
1780686000.0,205.899994,206.138397,205.320007,206.110901,1814994.000000,1780686300.0
1780686300.0,206.125000,206.320007,205.509995,205.789993,2276797.000000,1780686600.0
1780686600.0,205.785995,205.860001,204.830597,205.164993,2413809.000000,1780686900.0
1780686900.0,205.149994,205.149994,204.339996,204.899994,2478834.000000,1780687200.0
1780687200.0,204.899994,205.619995,204.710007,205.600006,2450381.000000,1780687500.0
1780687500.0,205.610001,206.389999,205.589996,206.380005,2455980.000000,1780687800.0
1780687800.0,206.389893,206.449997,205.639999,206.110001,2156888.000000,1780688100.0
1780688100.0,206.089996,206.759995,206.039993,206.705002,2418391.000000,1780688400.0
1780688400.0,206.699997,206.729996,205.589996,206.089996,2695542.000000,1780688700.0
1780688700.0,206.080002,206.539993,205.979996,206.050003,1952569.000000,1780689000.0
1780689000.0,206.080002,206.759995,205.690002,206.190002,3946860.000000,1780689300.0
1780689300.0,206.197998,206.389999,205.080002,205.104996,8294045.000000,1780689600.0
1780925400.0,210.179993,210.389893,208.199997,208.369995,19637092.000000,1780925700.0
1780925700.0,208.350006,209.619995,208.220093,208.600006,3491135.000000,1780926000.0
1780926000.0,208.600006,209.419998,208.410004,208.889999,2229776.000000,1780926300.0
1780926300.0,208.899994,209.240005,208.100006,208.649994,2566720.000000,1780926600.0
1780926600.0,208.675507,208.850006,208.059998,208.175003,2184169.000000,1780926900.0
1780926900.0,208.199997,208.210007,206.184494,206.279907,3315760.000000,1780927200.0
1780927200.0,206.270004,206.979996,206.000000,206.544998,2582946.000000,1780927500.0
1780927500.0,206.539902,207.250000,206.294998,207.009995,1969767.000000,1780927800.0
1780927800.0,207.009995,207.470993,206.669998,207.139999,1749763.000000,1780928100.0
1780928100.0,207.139999,207.149307,206.550003,207.089996,1386300.000000,1780928400.0
1780928400.0,207.089996,207.490005,206.809998,207.350006,1545101.000000,1780928700.0
1780928700.0,207.345001,207.990005,207.017105,207.824997,1723654.000000,1780929000.0
1780929000.0,207.835007,208.100006,207.470001,208.070007,1212749.000000,1780929300.0
1780929300.0,208.086700,208.699997,208.000000,208.475006,1769845.000000,1780929600.0
1780929600.0,208.464996,208.490005,207.929993,208.067993,1216727.000000,1780929900.0
1780929900.0,208.080002,208.789902,208.050003,208.369995,1533188.000000,1780930200.0
1780930200.0,208.380005,208.699997,208.130005,208.360001,1164785.000000,1780930500.0
1780930500.0,208.354996,208.690002,208.080002,208.529999,1120572.000000,1780930800.0
1780930800.0,208.529999,208.750000,208.320007,208.649994,1029056.000000,1780931100.0
1780931100.0,208.649994,208.899994,208.580002,208.800003,1190341.000000,1780931400.0
1780931400.0,208.812195,208.880005,208.539993,208.589996,879457.000000,1780931700.0
1780931700.0,208.589996,208.804993,208.429993,208.660004,1363875.000000,1780932000.0
1780932000.0,208.660004,208.830002,208.220001,208.589905,1166199.000000,1780932300.0
1780932300.0,208.580002,208.580002,207.520004,207.669998,1361173.000000,1780932600.0
1780932600.0,207.669998,207.789993,207.179993,207.429993,1257112.000000,1780932900.0
1780932900.0,207.425003,208.289993,207.360001,208.270004,1234439.000000,1780933200.0
1780933200.0,208.270004,208.679993,208.220001,208.679993,1084975.000000,1780933500.0
1780933500.0,208.675003,209.250000,208.639999,208.860001,1427691.000000,1780933800.0
1780933800.0,208.889999,209.339996,208.800003,208.889999,1185084.000000,1780934100.0
1780934100.0,208.869995,208.929993,208.169998,208.309998,822606.000000,1780934400.0
1780934400.0,208.315002,208.940002,208.169998,208.720001,1061074.000000,1780934700.0
1780934700.0,208.729996,209.110001,208.570007,208.865005,1380236.000000,1780935000.0
1780935000.0,208.877594,209.149994,208.630005,208.919998,779633.000000,1780935300.0
1780935300.0,208.910004,209.720001,208.910004,209.690094,974374.000000,1780935600.0
1780935600.0,209.679993,209.749100,209.000000,209.100006,1703479.000000,1780935900.0
1780935900.0,209.100006,209.220001,208.500000,208.574997,1965074.000000,1780936200.0
1780936200.0,208.595001,208.960007,208.460007,208.490005,883265.000000,1780936500.0
1780936500.0,208.509995,208.789993,208.199997,208.309799,1397224.000000,1780936800.0
1780936800.0,208.300003,208.580002,208.221497,208.520004,790418.000000,1780937100.0
1780937100.0,208.520004,208.800003,208.429993,208.534103,1101283.000000,1780937400.0
1780937400.0,208.550003,208.850006,208.529999,208.649994,609073.000000,1780937700.0
1780937700.0,208.650101,208.770004,208.559998,208.574997,515523.000000,1780938000.0
1780938000.0,208.574997,208.622192,207.850006,208.062805,1174586.000000,1780938300.0
1780938300.0,208.050003,208.380005,207.985001,208.244995,714678.000000,1780938600.0
1780938600.0,208.229996,208.380005,207.899994,208.360001,764062.000000,1780938900.0
1780938900.0,208.365005,208.449997,207.809998,207.854996,686091.000000,1780939200.0
1780939200.0,207.839996,207.985001,207.649994,207.865906,720277.000000,1780939500.0
1780939500.0,207.863998,208.630005,207.822205,208.610001,1476419.000000,1780939800.0
1780939800.0,208.589996,208.879898,208.047699,208.335007,955339.000000,1780940100.0
1780940100.0,208.335007,208.699997,208.059998,208.699997,653611.000000,1780940400.0
1780940400.0,208.695007,208.725006,208.369995,208.429993,481683.000000,1780940700.0
1780940700.0,208.410004,208.889099,208.389999,208.880005,687989.000000,1780941000.0
1780941000.0,208.880005,209.240005,208.720001,209.070007,836744.000000,1780941300.0
1780941300.0,209.051300,209.115005,208.740005,208.800003,556817.000000,1780941600.0
1780941600.0,208.800003,209.320007,208.800003,209.214996,1292286.000000,1780941900.0
1780941900.0,209.199997,209.619995,209.195007,209.399994,935241.000000,1780942200.0
1780942200.0,209.395004,209.490005,208.919998,208.990005,814535.000000,1780942500.0
1780942500.0,208.990005,209.169998,208.899994,209.089996,518310.000000,1780942800.0
1780942800.0,209.080002,209.175003,208.820007,209.059998,615316.000000,1780943100.0
1780943100.0,209.039993,209.360001,209.039993,209.250000,514972.000000,1780943400.0
1780943400.0,209.259995,209.350006,209.120499,209.199997,614627.000000,1780943700.0
1780943700.0,209.199997,209.350006,208.850006,208.914993,912131.000000,1780944000.0
1780944000.0,208.910004,209.110001,208.720093,208.839996,608216.000000,1780944300.0
1780944300.0,208.850006,209.149994,208.820007,208.909897,626004.000000,1780944600.0
1780944600.0,208.919907,209.169907,208.899994,209.095001,492582.000000,1780944900.0
1780944900.0,209.110001,209.229996,208.797501,208.835007,679188.000000,1780945200.0
1780945200.0,208.830002,208.949997,208.539993,208.673096,747262.000000,1780945500.0
1780945500.0,208.669998,208.789993,208.429993,208.445007,655097.000000,1780945800.0
1780945800.0,208.429993,208.440002,207.839996,207.850006,1049393.000000,1780946100.0
1780946100.0,207.854996,207.979996,207.619995,207.789993,935669.000000,1780946400.0
1780946400.0,207.789993,208.069901,207.419998,207.434998,954797.000000,1780946700.0
1780946700.0,207.429993,207.820007,207.369995,207.815002,1036013.000000,1780947000.0
1780947000.0,207.835007,208.404999,207.770004,208.029999,1211129.000000,1780947300.0
1780947300.0,208.039993,208.419998,207.919998,208.169998,978837.000000,1780947600.0
1780947600.0,208.149994,208.190002,207.669998,207.740005,884673.000000,1780947900.0
1780947900.0,207.740005,208.119904,207.684998,207.740005,1116797.000000,1780948200.0
1780948200.0,207.744995,208.294998,207.744995,208.169998,1550707.000000,1780948500.0
1780948500.0,208.173004,208.750000,208.160004,208.610001,4024204.000000,1780948800.0
1781011800.0,210.615005,211.389999,208.839996,209.530106,10368004.000000,1781012100.0
1781012100.0,209.580002,210.460007,209.529999,209.722000,2299183.000000,1781012400.0
1781012400.0,209.732498,210.440002,209.250000,210.164993,2006281.000000,1781012700.0
1781012700.0,210.154007,210.960007,209.750000,210.679993,2552299.000000,1781013000.0
1781013000.0,210.619995,210.872498,209.539993,209.619995,2035477.000000,1781013300.0
1781013300.0,209.610107,210.039993,209.050095,209.160004,1713349.000000,1781013600.0
1781013600.0,209.080002,209.190002,208.610397,208.710007,2248293.000000,1781013900.0
1781013900.0,208.710007,208.949905,207.460007,207.559998,2184688.000000,1781014200.0
1781014200.0,207.559998,207.690002,206.800003,206.925003,2471792.000000,1781014500.0
1781014500.0,206.910004,207.089905,206.000000,206.330002,2988032.000000,1781014800.0
1781014800.0,206.320007,206.929993,205.889999,206.929901,2309668.000000,1781015100.0
1781015100.0,206.934998,207.359695,206.729996,206.975006,1927516.000000,1781015400.0
1781015400.0,206.960098,206.963699,206.309998,206.699997,1740833.000000,1781015700.0
1781015700.0,206.679993,207.423004,206.580002,207.119995,1543432.000000,1781016000.0
1781016000.0,207.125000,207.580002,206.149994,206.240005,1548293.000000,1781016300.0
1781016300.0,206.255005,206.550003,204.949997,205.035095,2890071.000000,1781016600.0
1781016600.0,205.035004,205.789993,204.850006,205.690002,2228864.000000,1781016900.0
1781016900.0,205.679993,206.350006,205.139999,206.330002,1643928.000000,1781017200.0
1781017200.0,206.369995,206.518494,205.800003,205.815002,1335476.000000,1781017500.0
1781017500.0,205.830002,206.600006,205.401093,206.554993,1314231.000000,1781017800.0
1781017800.0,206.570007,206.770004,206.020004,206.270004,1165759.000000,1781018100.0
1781018100.0,206.259995,206.360001,205.639999,205.770004,1052023.000000,1781018400.0
1781018400.0,205.779907,205.990005,204.559998,204.584503,1533938.000000,1781018700.0
1781018700.0,204.583496,204.755005,203.309998,203.399994,2630575.000000,1781019000.0
1781019000.0,203.419998,203.979996,203.309998,203.720001,2523512.000000,1781019300.0
1781019300.0,203.699997,204.279999,203.220001,204.225006,2197967.000000,1781019600.0
1781019600.0,204.210007,204.929993,204.154999,204.730103,1926379.000000,1781019900.0
1781019900.0,204.750000,205.130005,204.570007,205.115005,1317600.000000,1781020200.0
1781020200.0,205.100006,205.529999,204.429993,204.490005,1778639.000000,1781020500.0
1781020500.0,204.475006,204.539993,202.850098,203.010406,2725539.000000,1781020800.0
1781020800.0,203.050003,203.710007,202.979996,203.095001,1969752.000000,1781021100.0
1781021100.0,203.095001,203.169998,201.679993,201.990005,3140394.000000,1781021400.0
1781021400.0,201.960007,202.300003,201.470001,201.824997,2701957.000000,1781021700.0
1781021700.0,201.809998,201.929993,200.070099,200.309998,3449045.000000,1781022000.0
1781022000.0,200.320007,201.300003,200.050003,201.270004,2753653.000000,1781022300.0
1781022300.0,201.259995,201.720001,200.919998,201.479996,2244059.000000,1781022600.0
1781022600.0,201.470001,201.889999,200.970001,201.099899,2040331.000000,1781022900.0
1781022900.0,201.100006,201.589996,199.610001,199.774994,3887185.000000,1781023200.0
1781023200.0,199.789993,201.089996,199.339996,200.809998,2924688.000000,1781023500.0
1781023500.0,200.804993,201.335007,200.199005,201.020004,1987104.000000,1781023800.0
1781023800.0,201.014999,201.160004,200.259995,200.350006,1672130.000000,1781024100.0
1781024100.0,200.345001,201.990005,200.279999,201.960007,1696954.000000,1781024400.0
1781024400.0,202.000000,203.270004,201.669998,203.110001,2623576.000000,1781024700.0
1781024700.0,203.130005,203.276993,202.675003,203.248795,1684999.000000,1781025000.0
1781025000.0,203.250000,203.520004,202.640106,203.330002,1485984.000000,1781025300.0
1781025300.0,203.335007,203.849899,202.850006,203.740005,1386368.000000,1781025600.0
1781025600.0,203.720001,204.039902,202.960007,203.613998,1790024.000000,1781025900.0
1781025900.0,203.609894,204.249893,203.330002,203.899994,1320309.000000,1781026200.0
1781026200.0,203.899994,204.460007,203.669998,204.410004,1097563.000000,1781026500.0
1781026500.0,204.410004,204.649994,204.050003,204.520096,1188951.000000,1781026800.0
1781026800.0,204.554993,205.410004,204.423599,205.059998,1796093.000000,1781027100.0
1781027100.0,205.060104,205.350006,204.169998,204.289993,1487375.000000,1781027400.0
1781027400.0,204.279999,205.380005,204.270004,204.839996,1310825.000000,1781027700.0
1781027700.0,204.869995,205.419998,204.838104,205.059998,862375.000000,1781028000.0
1781028000.0,205.054993,205.399994,204.914505,205.339996,2014198.000000,1781028300.0
1781028300.0,205.339996,205.595505,204.970001,205.425003,1247178.000000,1781028600.0
1781028600.0,205.479996,205.520004,204.924500,205.429993,925928.000000,1781028900.0
1781028900.0,205.410004,206.039993,205.149994,206.020004,1144652.000000,1781029200.0
1781029200.0,206.009995,206.391006,205.640396,206.320007,1071939.000000,1781029500.0
1781029500.0,206.339996,206.460007,205.880005,206.457397,1234137.000000,1781029800.0
1781029800.0,206.440002,207.065506,206.410004,206.690002,1277346.000000,1781030100.0
1781030100.0,206.690002,207.110001,206.600006,206.919998,1150977.000000,1781030400.0
1781030400.0,206.929993,206.940002,206.059998,206.143494,1203131.000000,1781030700.0
1781030700.0,206.169998,206.570007,206.139999,206.460007,1001692.000000,1781031000.0
1781031000.0,206.449997,206.919403,206.250000,206.565002,866395.000000,1781031300.0
1781031300.0,206.574997,207.369995,206.517807,207.089996,3260819.000000,1781031600.0
1781031600.0,207.089996,207.460007,206.789993,207.229996,1359609.000000,1781031900.0
1781031900.0,207.210007,207.337402,206.699997,206.789993,1105417.000000,1781032200.0
1781032200.0,206.779999,206.789993,205.729996,205.759995,1288394.000000,1781032500.0
1781032500.0,205.779999,205.850006,204.750000,204.940002,1985433.000000,1781032800.0
1781032800.0,204.934998,205.339996,204.539993,205.035004,2003092.000000,1781033100.0
1781033100.0,205.020004,206.020004,204.990005,205.929993,1559866.000000,1781033400.0
1781033400.0,205.919998,206.414001,205.700104,206.414001,1683768.000000,1781033700.0
1781033700.0,206.414993,206.529999,205.929993,206.020096,1460041.000000,1781034000.0
1781034000.0,206.039902,206.464996,205.399994,206.199997,1539255.000000,1781034300.0
1781034300.0,206.240005,206.320007,205.395004,205.660004,1295983.000000,1781034600.0
1781034600.0,205.669998,206.957108,205.669998,206.904999,2627830.000000,1781034900.0
1781034900.0,206.910004,208.279999,206.910004,208.190002,5807308.000000,1781035200.0
1781098200.0,204.425003,206.639999,204.304993,205.309998,12485580.000000,1781098500.0
1781098500.0,205.339905,207.220001,205.169998,206.538696,3291351.000000,1781098800.0
1781098800.0,206.520493,206.555893,205.181000,206.190002,3127275.000000,1781099100.0
1781099100.0,206.169998,206.690002,205.445007,206.470001,2911094.000000,1781099400.0
1781099400.0,206.490005,206.509995,204.919998,205.294998,2517278.000000,1781099700.0
1781099700.0,205.294998,205.738800,204.800003,204.932495,2067821.000000,1781100000.0
1781100000.0,204.940002,205.839996,204.850006,205.559998,1978569.000000,1781100300.0
1781100300.0,205.544998,206.320007,205.240005,206.220001,1889506.000000,1781100600.0
1781100600.0,206.209503,206.529999,205.440002,206.299896,2036333.000000,1781100900.0
1781100900.0,206.300003,206.429993,205.259995,205.600006,2337318.000000,1781101200.0
1781101200.0,205.619904,206.699997,205.212296,206.669998,1660330.000000,1781101500.0
1781101500.0,206.656296,206.785004,205.899994,206.195007,1507011.000000,1781101800.0
1781101800.0,206.130005,206.820007,205.440002,206.750000,1647451.000000,1781102100.0
1781102100.0,206.764999,206.809998,205.509995,205.860001,1668620.000000,1781102400.0
1781102400.0,205.850006,206.425003,205.740005,205.744202,1479621.000000,1781102700.0
1781102700.0,205.740005,206.350006,204.972000,205.360001,1921683.000000,1781103000.0
1781103000.0,205.360306,205.889008,204.839996,205.360001,1828116.000000,1781103300.0
1781103300.0,205.335007,205.529999,203.779999,203.904999,2499567.000000,1781103600.0
1781103600.0,203.919998,204.520004,203.365005,203.660004,2292271.000000,1781103900.0
1781103900.0,203.669998,203.779999,202.910004,202.975006,2092014.000000,1781104200.0
1781104200.0,202.970001,203.270004,202.339996,202.354996,2410371.000000,1781104500.0
1781104500.0,202.365005,202.410004,201.610001,202.300003,2545379.000000,1781104800.0
1781104800.0,202.289993,203.449997,202.139999,203.115005,2175115.000000,1781105100.0
1781105100.0,203.095001,203.500000,202.720001,202.725006,1529016.000000,1781105400.0
1781105400.0,202.725006,203.339905,202.440002,202.645004,1412224.000000,1781105700.0
1781105700.0,202.634995,202.880005,202.190002,202.652496,1436194.000000,1781106000.0
1781106000.0,202.630493,203.660004,202.460098,203.539993,1585047.000000,1781106300.0
1781106300.0,203.559998,203.720001,202.130005,202.412598,2158642.000000,1781106600.0
1781106600.0,202.369995,203.369995,201.869995,203.009995,1993704.000000,1781106900.0
1781106900.0,203.000000,203.699997,202.679993,203.455002,1301298.000000,1781107200.0
1781107200.0,203.470001,203.860001,203.059998,203.399994,1231333.000000,1781107500.0
1781107500.0,203.410004,203.549500,202.830307,203.059998,1117067.000000,1781107800.0
1781107800.0,203.039993,203.050003,202.500000,202.660004,1077869.000000,1781108100.0
1781108100.0,202.669998,203.035004,202.450806,202.850006,1034697.000000,1781108400.0
1781108400.0,202.860001,203.050003,202.384995,202.470001,1005168.000000,1781108700.0
1781108700.0,202.500000,202.970001,202.490005,202.865005,904884.000000,1781109000.0
1781109000.0,202.850006,203.550003,202.600006,203.522797,861464.000000,1781109300.0
1781109300.0,203.524994,203.949997,203.139999,203.800003,1128578.000000,1781109600.0
1781109600.0,203.809998,203.929901,202.970001,203.145004,841111.000000,1781109900.0
1781109900.0,203.110001,203.125000,202.397995,202.804993,1086074.000000,1781110200.0
1781110200.0,202.804993,203.130005,202.550095,202.889999,918298.000000,1781110500.0
1781110500.0,202.889999,202.939896,202.460098,202.854996,831951.000000,1781110800.0
1781110800.0,202.860001,203.615005,202.770096,203.449203,957598.000000,1781111100.0
1781111100.0,203.449997,203.460007,202.589996,202.654999,900872.000000,1781111400.0
1781111400.0,202.619995,202.649994,202.179993,202.264999,1068624.000000,1781111700.0
1781111700.0,202.264999,202.490005,202.080002,202.179993,964214.000000,1781112000.0
1781112000.0,202.160004,202.429993,202.009995,202.360001,987070.000000,1781112300.0
1781112300.0,202.380005,202.619995,202.190002,202.509995,812688.000000,1781112600.0
1781112600.0,202.520004,202.559906,202.110001,202.350006,790283.000000,1781112900.0
1781112900.0,202.354996,202.449997,202.050003,202.116302,894939.000000,1781113200.0
1781113200.0,202.130005,202.229996,201.880005,201.949997,1116334.000000,1781113500.0
1781113500.0,201.940002,203.460007,201.865005,203.264999,1650814.000000,1781113800.0
1781113800.0,203.244995,203.270004,202.550003,202.970001,1261518.000000,1781114100.0
1781114100.0,202.975006,203.270004,202.850006,203.154999,807638.000000,1781114400.0
1781114400.0,203.169998,203.419998,202.923004,203.260101,1106000.000000,1781114700.0
1781114700.0,203.279999,203.309998,202.619995,202.625000,930058.000000,1781115000.0
1781115000.0,202.625000,202.970001,202.619995,202.705002,667728.000000,1781115300.0
1781115300.0,202.705002,202.979996,202.199997,202.350006,996877.000000,1781115600.0
1781115600.0,202.335007,202.630005,202.130005,202.399994,908811.000000,1781115900.0
1781115900.0,202.410004,202.539993,202.160004,202.259995,894403.000000,1781116200.0
1781116200.0,202.259995,202.354996,202.020004,202.190002,948209.000000,1781116500.0
1781116500.0,202.190002,202.250000,201.740005,201.956299,1221661.000000,1781116800.0
1781116800.0,201.970001,202.164993,201.630005,201.829407,1112032.000000,1781117100.0
1781117100.0,201.820007,201.820007,201.399994,201.425003,1106983.000000,1781117400.0
1781117400.0,201.419998,201.419998,200.960007,201.210007,1790546.000000,1781117700.0
1781117700.0,201.199997,201.309998,200.899994,201.160004,1404834.000000,1781118000.0
1781118000.0,201.169998,201.439896,200.929993,201.139999,1351684.000000,1781118300.0
1781118300.0,201.149902,201.449997,200.979996,201.125000,1352305.000000,1781118600.0
1781118600.0,201.110001,201.110001,200.610001,200.729996,1409652.000000,1781118900.0
1781118900.0,200.750000,200.750000,200.270004,200.410004,1703127.000000,1781119200.0
1781119200.0,200.404999,200.414993,200.009995,200.285004,2083070.000000,1781119500.0
1781119500.0,200.279999,200.330002,199.919998,200.206696,2431074.000000,1781119800.0
1781119800.0,200.210007,200.750000,200.130005,200.705002,1938185.000000,1781120100.0
1781120100.0,200.705002,201.479996,200.550003,201.309998,1889872.000000,1781120400.0
1781120400.0,201.330002,201.539993,201.000000,201.220001,2134291.000000,1781120700.0
1781120700.0,201.220001,201.300003,200.850006,201.147995,1716267.000000,1781121000.0
1781121000.0,201.119995,201.880005,200.899994,201.232605,2898149.000000,1781121300.0
1781121300.0,201.246994,201.559998,200.309998,200.339996,4707686.000000,1781121600.0
1781184600.0,201.395004,202.880005,201.110001,201.699997,9223679.000000,1781184900.0
1781184900.0,201.669998,201.899994,201.195007,201.380005,2859640.000000,1781185200.0
1781185200.0,201.411301,202.349701,201.080002,202.329895,2407430.000000,1781185500.0
1781185500.0,202.304993,203.250000,202.009995,202.140106,3171814.000000,1781185800.0
1781185800.0,202.149994,203.440002,202.139999,203.085007,2053664.000000,1781186100.0
1781186100.0,203.089996,203.565002,202.619995,202.770004,2087628.000000,1781186400.0
1781186400.0,202.759995,203.649994,202.699997,203.320007,1759433.000000,1781186700.0
1781186700.0,203.320099,203.320099,202.402206,202.899994,1697391.000000,1781187000.0
1781187000.0,202.919998,203.059998,201.955002,202.095001,1871422.000000,1781187300.0
1781187300.0,202.080002,202.279999,201.220001,201.330002,1919060.000000,1781187600.0
1781187600.0,201.330002,202.610001,201.270401,202.425003,1741575.000000,1781187900.0
1781187900.0,202.410004,202.955002,202.000000,202.345001,1473919.000000,1781188200.0
1781188200.0,202.360001,202.559998,201.869995,202.259995,1280948.000000,1781188500.0
1781188500.0,202.235001,203.000000,202.169998,202.509903,1268353.000000,1781188800.0
1781188800.0,202.500000,202.899994,202.070297,202.095001,938543.000000,1781189100.0
1781189100.0,202.130005,202.240005,201.320007,201.460007,1298211.000000,1781189400.0
1781189400.0,201.440002,201.580002,200.844498,201.080002,1514545.000000,1781189700.0
1781189700.0,201.059998,201.074997,199.860001,200.220001,2097519.000000,1781190000.0
1781190000.0,200.220001,200.434998,199.539993,200.330002,1932579.000000,1781190300.0
1781190300.0,200.339996,201.029999,200.009995,200.740005,1536251.000000,1781190600.0
1781190600.0,200.744995,201.432007,200.630997,201.238205,1275369.000000,1781190900.0
1781190900.0,201.259995,201.838593,201.050705,201.210007,1297744.000000,1781191200.0
1781191200.0,201.195099,201.729996,201.110001,201.449997,1009644.000000,1781191500.0
1781191500.0,201.449997,201.664993,200.630005,200.699997,1045413.000000,1781191800.0
1781191800.0,200.669998,200.949905,200.479996,200.815002,975912.000000,1781192100.0
1781192100.0,200.815002,201.779999,200.779999,201.574997,1312599.000000,1781192400.0
1781192400.0,201.559998,201.927505,200.949997,201.179993,1081113.000000,1781192700.0
1781192700.0,201.190002,201.580002,200.919998,201.145004,854481.000000,1781193000.0
1781193000.0,201.145004,201.315002,200.845001,201.190002,604948.000000,1781193300.0
1781193300.0,201.199997,201.479996,200.921005,201.324997,847289.000000,1781193600.0
1781193600.0,201.324997,201.789993,201.039993,201.222794,1503644.000000,1781193900.0
1781193900.0,201.229996,201.600006,201.059998,201.460007,682359.000000,1781194200.0
1781194200.0,201.440002,201.949997,201.339996,201.740005,1110695.000000,1781194500.0
1781194500.0,201.779999,202.044998,201.649994,201.804993,739182.000000,1781194800.0
1781194800.0,201.815002,201.975494,201.399994,201.434998,759400.000000,1781195100.0
1781195100.0,201.445007,201.639999,201.199997,201.330002,680828.000000,1781195400.0
1781195400.0,201.315002,202.000000,201.134995,201.684998,842161.000000,1781195700.0
1781195700.0,201.669998,201.955002,201.345001,201.410004,801468.000000,1781196000.0
1781196000.0,201.414993,201.520004,201.200500,201.380005,458818.000000,1781196300.0
1781196300.0,201.380005,201.565994,201.210007,201.279999,530962.000000,1781196600.0
1781196600.0,201.289993,201.329895,200.800003,200.809998,755353.000000,1781196900.0
1781196900.0,200.809998,200.889999,200.289993,200.309998,912255.000000,1781197200.0
1781197200.0,200.309998,200.720001,199.940002,200.130005,1451367.000000,1781197500.0
1781197500.0,200.130005,200.529999,200.100006,200.414993,878784.000000,1781197800.0
1781197800.0,200.419998,200.630005,200.059998,200.099899,772972.000000,1781198100.0
1781198100.0,200.089996,200.324493,199.710693,199.845001,1338531.000000,1781198400.0
1781198400.0,199.845001,200.160004,199.720001,200.104996,850972.000000,1781198700.0
1781198700.0,200.108994,202.860001,200.059998,202.809998,2626691.000000,1781199000.0
1781199000.0,202.824997,203.339996,201.729996,202.669998,3687422.000000,1781199300.0
1781199300.0,202.710007,203.219894,202.360001,203.009995,1928528.000000,1781199600.0
1781199600.0,202.990005,204.179901,202.809998,204.080002,2213537.000000,1781199900.0
1781199900.0,204.100006,204.470001,203.179993,203.225006,2129411.000000,1781200200.0
1781200200.0,203.214996,203.300003,202.720001,202.955002,1393020.000000,1781200500.0
1781200500.0,202.949997,203.110001,202.529999,202.979996,1209297.000000,1781200800.0
1781200800.0,202.970001,203.179993,201.900101,202.160004,1547242.000000,1781201100.0
1781201100.0,202.149994,202.270004,201.639999,201.934998,1244571.000000,1781201400.0
1781201400.0,201.949402,202.860001,201.830002,202.809494,1128136.000000,1781201700.0
1781201700.0,202.809998,203.279999,202.719894,203.229996,1092868.000000,1781202000.0
1781202000.0,203.225006,203.225006,202.559998,202.839996,1032935.000000,1781202300.0
1781202300.0,202.830002,202.919998,202.630005,202.759995,548683.000000,1781202600.0
1781202600.0,202.789902,203.059998,202.460007,202.500000,725649.000000,1781202900.0
1781202900.0,202.490005,202.630005,202.083298,202.149994,1036817.000000,1781203200.0
1781203200.0,202.149994,202.279999,201.979004,202.179993,988464.000000,1781203500.0
1781203500.0,202.149994,202.639999,202.085007,202.589294,1197446.000000,1781203800.0
1781203800.0,202.589996,202.875000,202.399994,202.679993,1048275.000000,1781204100.0
1781204100.0,202.689896,202.899994,202.430099,202.854996,1042510.000000,1781204400.0
1781204400.0,202.860001,203.000000,202.449997,202.520004,1181688.000000,1781204700.0
1781204700.0,202.520004,202.669998,202.009995,202.445007,1244898.000000,1781205000.0
1781205000.0,202.429993,203.132599,202.369995,203.125000,1461779.000000,1781205300.0
1781205300.0,203.139999,203.649994,203.080002,203.649902,1341788.000000,1781205600.0
1781205600.0,203.649902,204.070007,203.529999,204.039993,1606535.000000,1781205900.0
1781205900.0,204.039993,204.660004,203.945007,204.470001,2930582.000000,1781206200.0
1781206200.0,204.479996,205.179901,204.449997,205.062607,2394633.000000,1781206500.0
1781206500.0,205.059998,205.279999,204.660004,204.664993,1688225.000000,1781206800.0
1781206800.0,204.679993,205.630005,204.514297,205.550003,2264970.000000,1781207100.0
1781207100.0,205.539993,205.559998,204.141998,204.501694,2505885.000000,1781207400.0
1781207400.0,204.529999,205.660004,204.175003,205.255005,3090096.000000,1781207700.0
1781207700.0,205.240005,205.580002,204.649994,204.669998,6167534.000000,1781208000.0
1781271000.0,204.729996,205.000000,203.438507,204.029999,7154788.000000,1781271300.0
1781271300.0,204.035004,206.000000,203.860001,205.907700,2548385.000000,1781271600.0
1781271600.0,205.899994,206.240005,204.221695,204.279999,2852173.000000,1781271900.0
1781271900.0,204.289993,204.720001,203.639999,203.889999,2238930.000000,1781272200.0
1781272200.0,203.880005,204.229904,203.570007,203.800095,1507279.000000,1781272500.0
1781272500.0,203.789993,204.689697,203.605194,203.970001,1903105.000000,1781272800.0
1781272800.0,204.059998,205.169907,203.929993,204.994995,2016742.000000,1781273100.0
1781273100.0,205.000000,205.949905,204.600006,205.915100,2022570.000000,1781273400.0
1781273400.0,205.929901,206.250000,205.160004,205.435104,1647883.000000,1781273700.0
1781273700.0,205.449997,206.369995,205.419998,206.164993,1737520.000000,1781274000.0
1781274000.0,206.179993,206.679993,205.500107,205.565002,1700640.000000,1781274300.0
1781274300.0,205.589996,206.039902,205.430099,205.690002,1041600.000000,1781274600.0
1781274600.0,205.660004,206.130005,205.449997,205.600204,946571.000000,1781274900.0
1781274900.0,205.600006,206.259995,205.500000,205.669998,1029947.000000,1781275200.0
1781275200.0,205.684998,205.712906,204.460007,204.470001,1473459.000000,1781275500.0
1781275500.0,204.450607,204.699997,203.950195,204.110001,1284493.000000,1781275800.0
1781275800.0,204.110107,205.550003,204.050003,205.500000,1821647.000000,1781276100.0
1781276100.0,205.472504,206.000000,205.320007,205.699997,1600958.000000,1781276400.0
1781276400.0,205.740005,205.970001,205.389999,205.490005,961476.000000,1781276700.0
1781276700.0,205.490005,205.789993,205.304993,205.600006,883112.000000,1781277000.0
1781277000.0,205.600006,206.350006,205.520004,206.345001,1120611.000000,1781277300.0
1781277300.0,206.345001,207.070007,206.330093,207.059998,1880330.000000,1781277600.0
1781277600.0,207.050003,207.059998,206.625305,206.735001,1218746.000000,1781277900.0
1781277900.0,206.739899,206.990005,206.649994,206.955002,848823.000000,1781278200.0
1781278200.0,206.960007,206.999695,206.580002,206.580093,1058780.000000,1781278500.0
1781278500.0,206.600006,206.850006,205.880005,206.000000,1861208.000000,1781278800.0
1781278800.0,205.990005,206.039993,205.130005,205.169998,1529777.000000,1781279100.0
1781279100.0,205.179993,205.679901,204.585007,204.600006,1373789.000000,1781279400.0
1781279400.0,204.589996,205.609894,204.399994,205.119995,1125985.000000,1781279700.0
1781279700.0,205.110001,205.130005,203.910004,204.169907,1147056.000000,1781280000.0
1781280000.0,204.169998,205.609894,203.949997,204.410004,1167075.000000,1781280300.0
1781280300.0,204.414993,204.989899,204.250107,204.839996,867908.000000,1781280600.0
1781280600.0,204.820007,205.604996,204.520004,205.160004,1329211.000000,1781280900.0
1781280900.0,205.149994,205.789993,204.960007,205.149994,1041316.000000,1781281200.0
1781281200.0,205.154999,205.399902,204.842804,205.070007,862668.000000,1781281500.0
1781281500.0,205.074997,205.209900,204.779999,204.998993,665292.000000,1781281800.0
1781281800.0,204.970001,205.100006,204.759995,205.080002,508090.000000,1781282100.0
1781282100.0,205.070007,205.119995,204.710007,204.869507,706276.000000,1781282400.0
1781282400.0,204.869995,205.050003,204.342697,204.574997,889685.000000,1781282700.0
1781282700.0,204.570007,204.854294,204.500000,204.800003,917613.000000,1781283000.0
1781283000.0,204.809296,205.009995,204.619995,204.820007,725150.000000,1781283300.0
1781283300.0,204.809998,205.205002,204.540298,205.160004,805587.000000,1781283600.0
1781283600.0,205.195007,205.320007,205.039993,205.210007,724063.000000,1781283900.0
1781283900.0,205.229996,205.580002,205.060394,205.149994,894823.000000,1781284200.0
1781284200.0,205.149994,205.189896,204.655807,205.014999,809062.000000,1781284500.0
1781284500.0,205.029999,205.289993,204.929993,205.199997,595006.000000,1781284800.0
1781284800.0,205.220001,205.279999,204.970093,204.994995,541129.000000,1781285100.0
1781285100.0,205.000000,205.220001,204.815002,205.029999,673925.000000,1781285400.0
1781285400.0,205.069504,205.069504,204.720001,204.740005,548637.000000,1781285700.0
1781285700.0,204.729996,204.990005,204.690002,204.880005,701536.000000,1781286000.0
1781286000.0,204.880005,205.220001,204.830002,205.000000,665641.000000,1781286300.0
1781286300.0,205.000000,205.300003,204.971497,205.080002,629866.000000,1781286600.0
1781286600.0,205.080704,205.259995,205.046295,205.164993,470193.000000,1781286900.0
1781286900.0,205.149994,205.199997,204.809998,205.074997,735671.000000,1781287200.0
1781287200.0,205.100006,205.134995,204.919998,205.000000,508782.000000,1781287500.0
1781287500.0,204.979996,205.070007,204.785004,205.014999,585055.000000,1781287800.0
1781287800.0,205.014999,205.550003,204.800003,204.809998,1172804.000000,1781288100.0
1781288100.0,204.809998,204.869904,204.399994,204.529999,878722.000000,1781288400.0
1781288400.0,204.520004,204.559998,204.195007,204.375000,844414.000000,1781288700.0
1781288700.0,204.369995,205.000000,204.289993,204.919998,905551.000000,1781289000.0
1781289000.0,204.929993,205.250000,204.929993,205.065002,975021.000000,1781289300.0
1781289300.0,205.070007,205.109802,204.919998,205.070099,588468.000000,1781289600.0
1781289600.0,205.065201,205.279999,205.060104,205.199997,664468.000000,1781289900.0
1781289900.0,205.199997,205.324997,205.089996,205.240005,717647.000000,1781290200.0
1781290200.0,205.259903,205.300003,204.929993,205.244995,663051.000000,1781290500.0
1781290500.0,205.220001,205.242706,204.589996,204.679703,1010101.000000,1781290800.0
1781290800.0,204.675003,205.078506,204.630005,204.979996,764692.000000,1781291100.0
1781291100.0,204.970001,205.119995,204.880005,205.009995,528396.000000,1781291400.0
1781291400.0,205.009995,205.100006,204.830002,204.870102,525323.000000,1781291700.0
1781291700.0,204.845001,205.085007,204.701996,205.029999,731935.000000,1781292000.0
1781292000.0,205.024994,205.024994,204.809998,204.859894,1658654.000000,1781292300.0
1781292300.0,204.854996,205.039993,204.720001,204.750000,713451.000000,1781292600.0
1781292600.0,204.720001,204.770004,204.000000,204.070007,1203904.000000,1781292900.0
1781292900.0,204.069901,204.610001,203.910004,204.089996,1273805.000000,1781293200.0
1781293200.0,204.100006,204.490005,203.979996,204.369995,1135052.000000,1781293500.0
1781293500.0,204.339996,204.479996,204.149994,204.270004,904166.000000,1781293800.0
1781293800.0,204.279999,204.830002,204.279999,204.809998,1533739.000000,1781294100.0
1781294100.0,204.800995,205.279999,204.800003,205.130005,4068046.000000,1781294400.0
1781530200.0,208.854996,210.990005,208.696793,210.238495,13295885.000000,1781530500.0
1781530500.0,210.214996,210.889999,209.074997,209.269897,3622628.000000,1781530800.0
1781530800.0,209.250000,210.000000,208.850006,208.929993,2710852.000000,1781531100.0
1781531100.0,208.929993,209.839996,208.899994,209.509995,2095129.000000,1781531400.0
1781531400.0,209.509995,209.970001,208.990005,209.018600,1694839.000000,1781531700.0
1781531700.0,209.024994,209.300003,208.710007,208.763504,1697501.000000,1781532000.0
1781532000.0,208.800003,209.388901,208.699997,209.160004,1991222.000000,1781532300.0
1781532300.0,209.139999,209.289993,208.339996,208.830002,1931529.000000,1781532600.0
1781532600.0,208.820099,209.380005,208.710007,209.339996,2050365.000000,1781532900.0
1781532900.0,209.300003,209.440002,208.699997,209.139999,1390166.000000,1781533200.0
1781533200.0,209.130005,209.609100,208.621094,209.110001,1407978.000000,1781533500.0
1781533500.0,209.100006,209.410004,208.589996,209.395004,1333242.000000,1781533800.0
1781533800.0,209.399994,210.020004,209.289993,209.889893,2350497.000000,1781534100.0
1781534100.0,209.889893,210.100006,209.470001,209.639999,1275076.000000,1781534400.0
1781534400.0,209.639999,209.660004,209.229996,209.580002,1078891.000000,1781534700.0
1781534700.0,209.570007,210.050003,209.500000,209.570999,1343795.000000,1781535000.0
1781535000.0,209.595001,210.039993,209.539993,209.690002,1317013.000000,1781535300.0
1781535300.0,209.679993,210.440002,209.639999,210.360001,1714916.000000,1781535600.0
1781535600.0,210.360001,210.919998,210.350006,210.759995,1845073.000000,1781535900.0
1781535900.0,210.750000,211.300003,210.740097,210.929993,2146413.000000,1781536200.0
1781536200.0,210.934998,211.380005,210.779999,211.320007,1599443.000000,1781536500.0
1781536500.0,211.330002,211.380005,210.250198,211.039902,1259549.000000,1781536800.0
1781536800.0,211.024994,211.330002,210.990005,211.110001,1057972.000000,1781537100.0
1781537100.0,211.100006,211.389999,211.039993,211.164993,1312108.000000,1781537400.0
1781537400.0,211.164993,211.270004,210.830002,211.000000,1275686.000000,1781537700.0
1781537700.0,211.020004,211.830002,211.014999,211.699005,2042295.000000,1781538000.0
1781538000.0,211.679993,211.910004,211.431000,211.751999,1173086.000000,1781538300.0
1781538300.0,211.759995,212.490005,211.759995,212.399994,2191407.000000,1781538600.0
1781538600.0,212.419907,212.710693,212.350006,212.440002,1611640.000000,1781538900.0
1781538900.0,212.429001,212.490005,212.220001,212.274994,1098334.000000,1781539200.0
1781539200.0,212.279999,212.610001,212.225998,212.559998,1381199.000000,1781539500.0
1781539500.0,212.550095,212.609894,212.360001,212.380005,1021469.000000,1781539800.0
1781539800.0,212.384995,212.589996,212.279999,212.440002,993353.000000,1781540100.0
1781540100.0,212.440002,212.470001,211.970001,212.225006,953615.000000,1781540400.0
1781540400.0,212.210098,212.369995,212.149994,212.199997,844880.000000,1781540700.0
1781540700.0,212.169998,212.550003,212.120605,212.345001,691018.000000,1781541000.0
1781541000.0,212.350006,212.580002,212.235001,212.259995,743782.000000,1781541300.0
1781541300.0,212.259995,212.490005,212.139999,212.211197,841987.000000,1781541600.0
1781541600.0,212.229996,212.382095,212.020004,212.240005,839074.000000,1781541900.0
1781541900.0,212.229996,212.238602,211.869995,212.119995,889892.000000,1781542200.0
1781542200.0,212.139893,212.154999,211.852997,211.919998,597852.000000,1781542500.0
1781542500.0,211.940002,212.380005,211.929993,212.330002,707704.000000,1781542800.0
1781542800.0,212.330002,212.445007,212.039993,212.350006,638926.000000,1781543100.0
1781543100.0,212.350006,212.449997,211.919998,212.065002,739883.000000,1781543400.0
1781543400.0,212.059998,212.259995,212.020004,212.210007,509742.000000,1781543700.0
1781543700.0,212.205002,212.429993,212.080002,212.384995,657713.000000,1781544000.0
1781544000.0,212.389999,212.669998,212.309998,212.520004,935543.000000,1781544300.0
1781544300.0,212.520004,212.600006,212.250000,212.529999,635496.000000,1781544600.0
1781544600.0,212.520004,212.649994,212.350006,212.460007,708909.000000,1781544900.0
1781544900.0,212.450104,212.505005,212.240005,212.320007,573608.000000,1781545200.0
1781545200.0,212.309998,212.364807,212.100006,212.139999,626780.000000,1781545500.0
1781545500.0,212.149994,212.309998,212.029999,212.300598,612785.000000,1781545800.0
1781545800.0,212.294998,212.389801,212.169998,212.274994,494499.000000,1781546100.0
1781546100.0,212.289993,212.380005,211.800003,211.830002,900237.000000,1781546400.0
1781546400.0,211.820007,211.910004,211.520004,211.539993,1010752.000000,1781546700.0
1781546700.0,211.540100,211.940002,211.419998,211.940002,960363.000000,1781547000.0
1781547000.0,211.939697,212.309998,211.890106,212.160004,1009013.000000,1781547300.0
1781547300.0,212.169998,212.250000,212.089996,212.110001,499024.000000,1781547600.0
1781547600.0,212.100006,212.149994,211.889999,211.989899,747509.000000,1781547900.0
1781547900.0,211.979996,212.080002,211.910004,211.940002,586481.000000,1781548200.0
1781548200.0,211.960007,212.121201,211.800003,211.817093,770866.000000,1781548500.0
1781548500.0,211.800003,212.080002,211.789993,212.039993,597607.000000,1781548800.0
1781548800.0,212.050003,212.339996,212.009995,212.309998,965963.000000,1781549100.0
1781549100.0,212.309998,212.470001,212.169998,212.262604,927307.000000,1781549400.0
1781549400.0,212.250000,212.559998,212.240204,212.544998,784493.000000,1781549700.0
1781549700.0,212.544998,212.550003,212.264999,212.289993,640703.000000,1781550000.0
1781550000.0,212.300003,212.350006,211.904007,211.910004,899514.000000,1781550300.0
1781550300.0,211.910004,212.029999,211.831299,211.999893,755673.000000,1781550600.0
1781550600.0,211.996994,212.149994,211.899994,211.990005,856954.000000,1781550900.0
1781550900.0,211.990005,212.130005,211.850006,212.009995,841892.000000,1781551200.0
1781551200.0,212.020004,212.080002,211.750000,211.770004,919379.000000,1781551500.0
1781551500.0,211.759995,211.899994,211.619995,211.660004,1879266.000000,1781551800.0
1781551800.0,211.649994,211.860001,211.369995,211.442001,1260719.000000,1781552100.0
1781552100.0,211.445007,211.759995,211.289993,211.679993,1021229.000000,1781552400.0
1781552400.0,211.669998,211.800003,211.570007,211.659607,850149.000000,1781552700.0
1781552700.0,211.649994,212.014999,211.559998,212.000000,1251526.000000,1781553000.0
1781553000.0,212.000000,212.220001,211.539993,212.000000,2196894.000000,1781553300.0
1781553300.0,211.992004,212.600006,211.949997,212.460007,4559130.000000,1781553600.0
1781616600.0,211.115005,211.460007,208.869995,208.869995,7426805.000000,1781616900.0
1781616900.0,208.880005,209.740005,208.860001,208.980103,3162302.000000,1781617200.0
1781617200.0,209.009201,209.740005,209.000000,209.470001,2271906.000000,1781617500.0
1781617500.0,209.470001,210.009995,209.332001,209.804993,2544697.000000,1781617800.0
1781617800.0,209.804993,210.080002,209.429993,209.574997,1735801.000000,1781618100.0
1781618100.0,209.574997,209.629898,208.649994,208.705002,2108278.000000,1781618400.0
1781618400.0,208.714996,209.710007,208.714996,209.595001,2209323.000000,1781618700.0
1781618700.0,209.600006,210.179993,209.050095,210.168793,1832172.000000,1781619000.0
1781619000.0,210.164993,210.350006,209.410004,209.544998,1844134.000000,1781619300.0
1781619300.0,209.559998,209.659103,208.800003,208.940002,1757141.000000,1781619600.0
1781619600.0,208.949997,209.325500,208.550003,209.125000,1750549.000000,1781619900.0
1781619900.0,209.119995,209.539993,208.800003,209.070007,1391783.000000,1781620200.0
1781620200.0,209.074997,209.139999,208.530106,208.697006,1599979.000000,1781620500.0
1781620500.0,208.649994,209.300003,208.610001,209.139999,1253882.000000,1781620800.0
1781620800.0,209.130005,209.610001,209.020004,209.369995,1019529.000000,1781621100.0
1781621100.0,209.360001,209.549896,209.119995,209.279999,896645.000000,1781621400.0
1781621400.0,209.279999,209.809998,209.260101,209.565002,1038129.000000,1781621700.0
1781621700.0,209.570007,209.600006,208.739899,209.330307,1213075.000000,1781622000.0
1781622000.0,209.350006,209.485001,209.139999,209.369995,939409.000000,1781622300.0
1781622300.0,209.389999,210.039993,209.300003,209.971207,1742290.000000,1781622600.0
1781622600.0,209.974396,210.320007,209.580002,209.698502,1226760.000000,1781622900.0
1781622900.0,209.710007,209.809998,209.179993,209.264999,922884.000000,1781623200.0
1781623200.0,209.259995,209.449997,209.034500,209.210007,1112987.000000,1781623500.0
1781623500.0,209.210007,209.360001,208.699997,209.149994,1339789.000000,1781623800.0
1781623800.0,209.160004,209.470001,209.065002,209.399994,1078371.000000,1781624100.0
1781624100.0,209.449997,209.660004,209.179993,209.419998,1321011.000000,1781624400.0
1781624400.0,209.429993,209.440002,208.904999,209.089493,2051855.000000,1781624700.0
1781624700.0,209.079895,209.169998,208.522995,208.820007,1212136.000000,1781625000.0
1781625000.0,208.815094,209.559998,208.660004,209.485001,1191839.000000,1781625300.0
1781625300.0,209.462997,209.555496,209.139999,209.169998,1048472.000000,1781625600.0
1781625600.0,209.169998,209.720001,209.149994,209.520004,850255.000000,1781625900.0
1781625900.0,209.535004,209.720001,209.380005,209.580002,724282.000000,1781626200.0
1781626200.0,209.570007,209.649994,209.330002,209.359894,2155674.000000,1781626500.0
1781626500.0,209.369995,209.559906,209.160004,209.339996,785577.000000,1781626800.0
1781626800.0,209.345001,209.509995,209.229996,209.389999,510398.000000,1781627100.0
1781627100.0,209.380005,209.389999,209.220001,209.285004,439624.000000,1781627400.0
1781627400.0,209.289993,209.300003,208.479996,208.524994,1212981.000000,1781627700.0
1781627700.0,208.539902,208.859894,208.279999,208.510101,1013033.000000,1781628000.0
1781628000.0,208.520096,208.925003,208.429993,208.770004,725642.000000,1781628300.0
1781628300.0,208.774994,209.000000,208.570007,208.873001,960236.000000,1781628600.0
1781628600.0,208.910004,209.169998,208.839996,208.960007,870085.000000,1781628900.0
1781628900.0,208.960007,209.130005,208.729996,209.130005,575986.000000,1781629200.0
1781629200.0,209.134995,209.139999,208.759995,208.970596,674400.000000,1781629500.0
1781629500.0,208.979996,209.089996,208.869995,209.020004,447566.000000,1781629800.0
1781629800.0,209.009995,209.309998,208.887802,209.195007,652060.000000,1781630100.0
1781630100.0,209.190002,209.320007,208.929993,208.970001,489294.000000,1781630400.0
1781630400.0,208.977005,209.119995,208.722000,209.089996,547915.000000,1781630700.0
1781630700.0,209.095001,209.205002,208.970001,209.100006,386938.000000,1781631000.0
1781631000.0,209.095001,209.330002,208.934006,209.214996,492755.000000,1781631300.0
1781631300.0,209.229996,209.330002,208.970001,209.059998,477086.000000,1781631600.0
1781631600.0,209.059998,209.320007,208.860001,209.169998,740854.000000,1781631900.0
1781631900.0,209.160004,209.440002,209.130005,209.410004,469479.000000,1781632200.0
1781632200.0,209.440002,209.699997,209.354996,209.699997,646890.000000,1781632500.0
1781632500.0,209.699997,209.699997,209.309998,209.425003,562581.000000,1781632800.0
1781632800.0,209.419998,209.710007,209.369995,209.690002,609808.000000,1781633100.0
1781633100.0,209.690002,209.820007,209.479996,209.539993,615410.000000,1781633400.0
1781633400.0,209.539993,209.639999,209.449997,209.494995,384042.000000,1781633700.0
1781633700.0,209.490005,209.524002,209.190002,209.242004,467722.000000,1781634000.0
1781634000.0,209.244995,209.369995,209.199997,209.369995,400024.000000,1781634300.0
1781634300.0,209.369995,209.570007,209.345001,209.450104,434163.000000,1781634600.0
1781634600.0,209.450104,209.494995,209.190002,209.254593,386972.000000,1781634900.0
1781634900.0,209.240005,209.264999,208.870102,209.000000,783763.000000,1781635200.0
1781635200.0,209.009995,209.119995,208.809998,208.919693,695905.000000,1781635500.0
1781635500.0,208.899994,209.085007,208.759995,208.779907,628218.000000,1781635800.0
1781635800.0,208.779999,209.059998,208.779999,208.990906,815564.000000,1781636100.0
1781636100.0,208.994995,209.002899,208.833603,208.990005,503107.000000,1781636400.0
1781636400.0,208.994995,209.399994,208.850006,209.305099,787734.000000,1781636700.0
1781636700.0,209.309998,209.345001,208.960098,208.990005,685574.000000,1781637000.0
1781637000.0,208.999893,209.050003,208.500000,208.610001,1022338.000000,1781637300.0
1781637300.0,208.610001,208.610001,208.070007,208.529999,1332856.000000,1781637600.0
1781637600.0,208.520004,208.919998,208.470001,208.809998,1159177.000000,1781637900.0
1781637900.0,208.839996,208.979996,208.720001,208.930099,682543.000000,1781638200.0
1781638200.0,208.929993,209.100006,208.560104,208.639999,886266.000000,1781638500.0
1781638500.0,208.649994,208.789902,208.255005,208.300003,802942.000000,1781638800.0
1781638800.0,208.309998,208.729996,208.199997,208.710007,893013.000000,1781639100.0
1781639100.0,208.699997,208.720001,208.410004,208.539993,808968.000000,1781639400.0
1781639400.0,208.550003,208.899994,208.380005,208.759995,1908539.000000,1781639700.0
1781639700.0,208.770004,208.789993,207.289993,207.289993,6823874.000000,1781640000.0
1781703000.0,208.529999,208.679993,207.710007,208.399994,5321317.000000,1781703300.0
1781703300.0,208.399994,208.559494,207.550003,208.244995,1826094.000000,1781703600.0
1781703600.0,208.259995,208.850006,208.039993,208.649994,1827700.000000,1781703900.0
1781703900.0,208.654999,208.669998,207.980896,208.425003,1466824.000000,1781704200.0
1781704200.0,208.460007,209.210007,208.029999,208.520004,2141800.000000,1781704500.0
1781704500.0,208.529999,208.559998,207.130005,207.190002,1688260.000000,1781704800.0
1781704800.0,207.195007,207.600006,206.740005,207.320007,1897218.000000,1781705100.0
1781705100.0,207.300095,207.589996,206.860001,207.029999,1314273.000000,1781705400.0
1781705400.0,207.020096,207.589905,206.869995,207.445007,1186061.000000,1781705700.0
1781705700.0,207.445007,207.630005,207.270004,207.542404,921723.000000,1781706000.0
1781706000.0,207.539993,208.220001,207.360001,208.090103,1523165.000000,1781706300.0
1781706300.0,208.100006,208.139999,207.640793,207.894394,945878.000000,1781706600.0
1781706600.0,207.899994,207.929993,207.199997,207.385101,1250627.000000,1781706900.0
1781706900.0,207.370102,207.589996,207.070007,207.080002,1052511.000000,1781707200.0
1781707200.0,207.100006,207.479996,206.729996,207.404999,1287334.000000,1781707500.0
1781707500.0,207.414993,207.899994,206.800003,207.210007,1732540.000000,1781707800.0
1781707800.0,207.210007,207.499100,206.970001,207.439896,860736.000000,1781708100.0
1781708100.0,207.419998,207.429993,206.360001,206.464996,1400948.000000,1781708400.0
1781708400.0,206.464996,206.669998,205.919998,206.044998,2484013.000000,1781708700.0
1781708700.0,206.070007,206.539993,205.949997,206.149994,1294752.000000,1781709000.0
1781709000.0,206.145004,206.979996,206.110001,206.869995,1124480.000000,1781709300.0
1781709300.0,206.880005,207.039902,206.429993,206.565002,1507777.000000,1781709600.0
1781709600.0,206.565002,206.794998,206.250000,206.259995,961945.000000,1781709900.0
1781709900.0,206.259995,206.490005,206.130005,206.449997,1091307.000000,1781710200.0
1781710200.0,206.440002,206.619995,206.289993,206.509903,976975.000000,1781710500.0
1781710500.0,206.509995,206.729904,206.339996,206.669998,816636.000000,1781710800.0
1781710800.0,206.660004,206.669998,206.199997,206.460007,708476.000000,1781711100.0
1781711100.0,206.470001,206.650299,206.360001,206.440002,602815.000000,1781711400.0
1781711400.0,206.449997,206.585007,206.039993,206.220001,1308059.000000,1781711700.0
1781711700.0,206.220001,206.479996,206.130005,206.410004,828118.000000,1781712000.0
1781712000.0,206.410004,206.789993,206.410004,206.679993,698988.000000,1781712300.0
1781712300.0,206.677505,207.160004,206.610794,206.850006,777708.000000,1781712600.0
1781712600.0,206.854996,207.179993,206.800003,207.169998,597991.000000,1781712900.0
1781712900.0,207.179993,207.574997,207.039993,207.569794,943229.000000,1781713200.0
1781713200.0,207.567993,207.659897,207.309998,207.475006,931387.000000,1781713500.0
1781713500.0,207.470093,207.500000,207.260605,207.429993,1009116.000000,1781713800.0
1781713800.0,207.425003,207.496994,207.289993,207.395004,545881.000000,1781714100.0
1781714100.0,207.389999,207.639999,207.250000,207.544998,81835.000000,1781714400.0
1781714400.0,207.539993,207.539993,207.160004,207.294998,674680.000000,1781714700.0
1781714700.0,207.309998,207.398895,207.210007,207.279999,505179.000000,1781715000.0
1781715000.0,207.279999,207.429993,207.220001,207.241394,379028.000000,1781715300.0
1781715300.0,207.259995,207.339996,207.070007,207.130005,471941.000000,1781715600.0
1781715600.0,207.139999,207.199997,206.850006,206.910095,629735.000000,1781715900.0
1781715900.0,206.910004,207.264999,206.600006,207.184998,1030740.000000,1781716200.0
1781716200.0,207.184998,207.269897,206.919998,206.919998,482038.000000,1781716500.0
1781716500.0,206.925003,207.059998,206.720001,206.994995,520053.000000,1781716800.0
1781716800.0,206.990005,207.250000,206.910995,207.220001,493981.000000,1781717100.0
1781717100.0,207.229996,207.550003,207.160095,207.363998,499535.000000,1781717400.0
1781717400.0,207.380005,207.380005,207.080002,207.173904,498267.000000,1781717700.0
1781717700.0,207.190002,207.554993,207.180099,207.490005,633169.000000,1781718000.0
1781718000.0,207.499893,207.499893,207.289993,207.330002,510957.000000,1781718300.0
1781718300.0,207.339996,207.485001,207.309998,207.460007,411824.000000,1781718600.0
1781718600.0,207.470001,207.910004,207.330002,207.770004,669172.000000,1781718900.0
1781718900.0,207.785004,207.839996,207.550003,207.779999,502490.000000,1781719200.0
1781719200.0,207.764999,207.820007,206.250000,206.270004,1730289.000000,1781719500.0
1781719500.0,206.259995,206.339996,205.300003,206.285004,5264816.000000,1781719800.0
1781719800.0,206.270004,206.569901,205.960007,206.164993,1529966.000000,1781720100.0
1781720100.0,206.190002,206.679993,206.154999,206.369995,1430490.000000,1781720400.0
1781720400.0,206.369995,206.399902,205.729996,205.839905,911734.000000,1781720700.0
1781720700.0,205.830002,206.059998,205.380005,205.964996,1036480.000000,1781721000.0
1781721000.0,205.960007,206.449997,205.490005,205.595001,1513404.000000,1781721300.0
1781721300.0,205.619995,206.563202,205.550003,206.360001,1135945.000000,1781721600.0
1781721600.0,206.365005,207.679993,206.349899,207.610001,1589534.000000,1781721900.0
1781721900.0,207.604996,207.610001,206.815002,207.149902,1275924.000000,1781722200.0
1781722200.0,207.139999,207.160004,206.720001,206.770004,897652.000000,1781722500.0
1781722500.0,206.787994,206.787994,205.595001,205.955002,1434791.000000,1781722800.0
1781722800.0,205.970001,206.380005,205.710007,206.054993,1205035.000000,1781723100.0
1781723100.0,206.054993,206.229996,205.839996,205.929901,777759.000000,1781723400.0
1781723400.0,205.929703,206.440002,205.380005,206.399994,1401924.000000,1781723700.0
1781723700.0,206.404999,206.479996,205.190002,205.300003,1193821.000000,1781724000.0
1781724000.0,205.300003,205.300003,204.440002,204.585007,2094361.000000,1781724300.0
1781724300.0,204.600006,205.285004,204.529999,204.720001,1413221.000000,1781724600.0
1781724600.0,204.710007,205.169998,204.500000,204.610001,1570217.000000,1781724900.0
1781724900.0,204.629196,205.049896,203.750000,203.880096,1670435.000000,1781725200.0
1781725200.0,203.919998,203.979904,203.449997,203.870102,2107920.000000,1781725500.0
1781725500.0,203.880005,204.544998,203.700699,204.300003,1505774.000000,1781725800.0
1781725800.0,204.270004,204.449997,203.475006,203.554993,2563134.000000,1781726100.0
1781726100.0,203.580002,204.889999,203.509995,204.677994,4343955.000000,1781726400.0
1781789400.0,207.274994,207.990005,206.500000,206.679993,26106554.000000,1781789700.0
1781789700.0,206.630005,207.570007,206.610001,207.400497,2183095.000000,1781790000.0
1781790000.0,207.389999,207.949997,206.830002,207.139999,4349517.000000,1781790300.0
1781790300.0,207.125000,207.949997,207.060501,207.925003,2368311.000000,1781790600.0
1781790600.0,207.910004,208.330002,207.649994,207.770004,2280247.000000,1781790900.0
1781790900.0,207.789993,208.134995,207.570007,207.809998,2916147.000000,1781791200.0
1781791200.0,207.850006,208.100006,207.500000,207.716904,1551625.000000,1781791500.0
1781791500.0,207.679993,208.679199,207.610001,208.585007,1875847.000000,1781791800.0
1781791800.0,208.585007,208.759995,208.110001,208.445007,1569024.000000,1781792100.0
1781792100.0,208.419998,209.054993,208.320007,208.934998,1904947.000000,1781792400.0
1781792400.0,208.940002,209.869995,208.410004,209.699997,2271599.000000,1781792700.0
1781792700.0,209.720001,209.824997,209.009995,209.130096,1711623.000000,1781793000.0
1781793000.0,209.130005,209.189896,208.639999,209.100006,1766436.000000,1781793300.0
1781793300.0,209.085999,209.470001,208.600006,209.345993,1512254.000000,1781793600.0
1781793600.0,209.360001,209.369995,208.839996,208.979996,1147813.000000,1781793900.0
1781793900.0,208.985001,209.779999,208.914993,209.544998,1420484.000000,1781794200.0
1781794200.0,209.522003,209.580002,209.130005,209.321594,1421692.000000,1781794500.0
1781794500.0,209.321198,209.604996,209.089996,209.324997,981292.000000,1781794800.0
1781794800.0,209.339996,209.610001,208.570007,209.479996,2411359.000000,1781795100.0
1781795100.0,209.490005,209.629898,209.220001,209.510300,940701.000000,1781795400.0
1781795400.0,209.509995,209.649200,209.240997,209.270004,1648140.000000,1781795700.0
1781795700.0,209.285004,209.660004,209.190002,209.309998,953747.000000,1781796000.0
1781796000.0,209.320007,209.440002,208.970001,209.029999,838633.000000,1781796300.0
1781796300.0,209.039993,209.240005,208.729996,208.884995,887284.000000,1781796600.0
1781796600.0,208.899994,209.080002,208.639999,208.804993,914439.000000,1781796900.0
1781796900.0,208.815002,208.815002,208.259995,208.505005,1004213.000000,1781797200.0
1781797200.0,208.505005,208.580002,208.149994,208.189896,884457.000000,1781797500.0
1781797500.0,208.160004,208.169998,207.639999,208.115005,1747757.000000,1781797800.0
1781797800.0,208.110001,208.910004,208.110001,208.770096,1047154.000000,1781798100.0
1781798100.0,208.779999,209.024994,208.720001,208.970001,866538.000000,1781798400.0
1781798400.0,208.979996,209.339996,208.970001,209.270203,849557.000000,1781798700.0
1781798700.0,209.259995,209.619995,209.141006,209.203094,924789.000000,1781799000.0
1781799000.0,209.199997,209.389999,209.070007,209.235001,1381866.000000,1781799300.0
1781799300.0,209.210007,209.630005,209.139999,209.529999,991405.000000,1781799600.0
1781799600.0,209.539993,210.050003,209.500107,209.880005,2111789.000000,1781799900.0
1781799900.0,209.870697,210.110001,209.669998,209.985001,1762555.000000,1781800200.0
1781800200.0,209.985001,210.580002,209.960007,210.460007,2137196.000000,1781800500.0
1781800500.0,210.440002,211.199997,210.229996,210.970001,1951335.000000,1781800800.0
1781800800.0,210.970001,211.009995,210.528000,210.714996,1414429.000000,1781801100.0
1781801100.0,210.714996,210.820007,210.539902,210.559998,731293.000000,1781801400.0
1781801400.0,210.530106,210.544998,210.059998,210.130005,989154.000000,1781801700.0
1781801700.0,210.145004,210.279999,209.949997,210.080002,2174577.000000,1781802000.0
1781802000.0,210.085007,210.399994,209.989899,210.289993,854809.000000,1781802300.0
1781802300.0,210.292999,210.500000,210.259995,210.379898,938206.000000,1781802600.0
1781802600.0,210.360001,210.404999,209.940002,209.959900,805905.000000,1781802900.0
1781802900.0,209.949997,210.475006,209.880005,210.460007,894811.000000,1781803200.0
1781803200.0,210.470001,210.509995,210.070007,210.080002,662259.000000,1781803500.0
1781803500.0,210.089996,210.210007,209.960007,210.059998,694572.000000,1781803800.0
1781803800.0,210.065002,210.500000,210.039993,210.404999,833997.000000,1781804100.0
1781804100.0,210.399994,210.470001,210.214996,210.229996,489397.000000,1781804400.0
1781804400.0,210.229996,210.369995,210.134995,210.139999,632020.000000,1781804700.0
1781804700.0,210.145004,210.289993,210.020004,210.039993,478961.000000,1781805000.0
1781805000.0,210.050003,210.149994,209.979996,209.990005,776937.000000,1781805300.0
1781805300.0,209.990005,210.000000,209.820007,209.910095,569754.000000,1781805600.0
1781805600.0,209.929993,209.970001,209.649994,209.660004,786919.000000,1781805900.0
1781805900.0,209.669998,209.880005,209.610001,209.759995,667176.000000,1781806200.0
1781806200.0,209.764999,210.039993,209.649994,209.720001,1271850.000000,1781806500.0
1781806500.0,209.720001,209.979996,209.690002,209.851395,1119982.000000,1781806800.0
1781806800.0,209.860001,210.330002,209.800003,210.160004,1510638.000000,1781807100.0
1781807100.0,210.149994,210.539993,209.950104,210.195007,1225452.000000,1781807400.0
1781807400.0,210.190002,210.500000,209.919998,210.339996,1314937.000000,1781807700.0
1781807700.0,210.335007,210.399994,210.070007,210.104996,613139.000000,1781808000.0
1781808000.0,210.104996,210.160004,209.919998,210.160004,533367.000000,1781808300.0
1781808300.0,210.160095,210.229996,209.899994,209.959900,1152716.000000,1781808600.0
1781808600.0,209.955002,210.005005,209.779999,209.780106,852525.000000,1781808900.0
1781808900.0,209.800003,209.869904,209.580093,209.699997,656660.000000,1781809200.0
1781809200.0,209.699997,209.970001,209.699997,209.880005,892010.000000,1781809500.0
1781809500.0,209.869995,210.199997,209.830002,210.125000,940225.000000,1781809800.0
1781809800.0,210.139999,210.195007,209.899994,210.059998,859863.000000,1781810100.0
1781810100.0,210.059998,210.160004,209.899994,210.110001,1640322.000000,1781810400.0
1781810400.0,210.110001,210.149994,209.960007,209.970001,733147.000000,1781810700.0
1781810700.0,209.990005,210.059998,209.839996,209.854996,791742.000000,1781811000.0
1781811000.0,209.850006,209.919998,209.520004,209.780106,995021.000000,1781811300.0
1781811300.0,209.789993,210.220001,209.779999,210.220001,1194806.000000,1781811600.0
1781811600.0,210.220001,210.270004,210.070007,210.154999,999909.000000,1781811900.0
1781811900.0,210.154999,210.500000,209.929993,210.150101,2926831.000000,1781812200.0
1781812200.0,210.160004,211.389999,210.089996,211.070007,4119416.000000,1781812500.0
1781812500.0,211.087997,211.220001,210.223999,210.229996,5674033.000000,1781812800.0
1782135000.0,211.445007,213.729904,210.789993,213.636597,9910337.000000,1782135300.0
1782135300.0,213.660004,213.990005,213.160004,213.419998,3052949.000000,1782135600.0
1782135600.0,213.440002,213.863602,211.910004,212.345001,2812747.000000,1782135900.0
1782135900.0,212.315002,213.080002,211.600006,212.550003,2895391.000000,1782136200.0
1782136200.0,212.520004,212.880005,212.179993,212.529999,1796670.000000,1782136500.0
1782136500.0,212.539993,213.330002,212.320007,213.065002,1788820.000000,1782136800.0
1782136800.0,213.080002,213.369995,212.720001,212.929993,1718410.000000,1782137100.0
1782137100.0,212.929901,213.755005,212.830002,213.750107,1641996.000000,1782137400.0
1782137400.0,213.750595,213.990005,212.634995,212.634995,2029951.000000,1782137700.0
1782137700.0,212.639999,212.940002,212.369995,212.699997,1443700.000000,1782138000.0
1782138000.0,212.710007,212.729996,211.419998,211.509995,1594800.000000,1782138300.0
1782138300.0,211.505005,211.669800,211.110001,211.110001,1591421.000000,1782138600.0
1782138600.0,211.119995,211.139999,209.809998,210.059998,2594952.000000,1782138900.0
1782138900.0,210.050003,210.460007,209.600006,209.759995,1745053.000000,1782139200.0
1782139200.0,209.769501,209.880005,209.210495,209.490005,1592807.000000,1782139500.0
1782139500.0,209.470001,209.879105,209.270004,209.464996,1398130.000000,1782139800.0
1782139800.0,209.475006,209.740005,208.809998,208.949997,1789608.000000,1782140100.0
1782140100.0,208.955002,209.419998,208.619995,209.110001,1594520.000000,1782140400.0
1782140400.0,209.110001,209.769897,209.009995,209.695007,1387035.000000,1782140700.0
1782140700.0,209.682007,210.000000,209.289993,209.820007,1471402.000000,1782141000.0
1782141000.0,209.860001,210.080002,209.710007,209.860107,1190984.000000,1782141300.0
1782141300.0,209.869995,210.320007,209.750000,209.850006,1683028.000000,1782141600.0
1782141600.0,209.839996,210.169006,209.770004,210.005005,960423.000000,1782141900.0
1782141900.0,210.005005,210.380005,209.679993,209.830002,1176344.000000,1782142200.0
1782142200.0,209.830002,210.539993,209.809998,210.309998,1269916.000000,1782142500.0
1782142500.0,210.300003,210.770004,210.154999,210.710007,1262326.000000,1782142800.0
1782142800.0,210.719803,210.889999,210.535004,210.550003,958004.000000,1782143100.0
1782143100.0,210.574997,210.649994,209.669998,209.779907,1078563.000000,1782143400.0
1782143400.0,209.796600,210.071198,209.529999,209.565002,1018132.000000,1782143700.0
1782143700.0,209.550003,210.000000,209.410004,209.479996,1136544.000000,1782144000.0
1782144000.0,209.485001,209.600006,209.170593,209.255005,1017667.000000,1782144300.0
1782144300.0,209.240005,209.729996,209.179993,209.619995,1018862.000000,1782144600.0
1782144600.0,209.589996,209.800003,209.320007,209.630005,923015.000000,1782144900.0
1782144900.0,209.630096,209.729996,209.389999,209.720001,593296.000000,1782145200.0
1782145200.0,209.714996,209.976196,209.229996,209.434998,1089981.000000,1782145500.0
1782145500.0,209.425003,209.789993,209.410004,209.764999,657613.000000,1782145800.0
1782145800.0,209.759995,209.800003,209.470001,209.615005,637266.000000,1782146100.0
1782146100.0,209.610001,209.690002,209.250000,209.419998,753176.000000,1782146400.0
1782146400.0,209.429993,209.505005,209.160004,209.427994,560667.000000,1782146700.0
1782146700.0,209.425003,209.740005,209.210007,209.725006,665525.000000,1782147000.0
1782147000.0,209.740005,209.919998,209.500000,209.779999,598038.000000,1782147300.0
1782147300.0,209.779999,209.792404,209.240005,209.399994,664707.000000,1782147600.0
1782147600.0,209.399994,209.610001,209.220001,209.514999,495885.000000,1782147900.0
1782147900.0,209.509995,209.509995,209.009995,209.020004,715035.000000,1782148200.0
1782148200.0,209.020004,209.095001,208.880005,209.039993,703986.000000,1782148500.0
1782148500.0,209.050003,209.369995,208.990005,209.300003,688386.000000,1782148800.0
1782148800.0,209.285004,209.384995,209.110001,209.270004,466014.000000,1782149100.0
1782149100.0,209.259995,209.270004,208.979996,208.990005,560821.000000,1782149400.0
1782149400.0,208.992004,209.039993,208.649994,208.800003,815334.000000,1782149700.0
1782149700.0,208.804993,208.820007,208.539993,208.709702,676516.000000,1782150000.0
1782150000.0,208.710007,208.789993,208.500000,208.500000,643062.000000,1782150300.0
1782150300.0,208.509995,208.869995,208.449997,208.835007,828176.000000,1782150600.0
1782150600.0,208.835007,208.929993,208.639999,208.820007,619835.000000,1782150900.0
1782150900.0,208.817596,208.839996,208.550003,208.554993,672045.000000,1782151200.0
1782151200.0,208.559998,208.750000,208.460007,208.720001,903311.000000,1782151500.0
1782151500.0,208.729996,209.000000,208.729996,208.884995,721422.000000,1782151800.0
1782151800.0,208.880005,209.080002,208.830002,208.980103,670910.000000,1782152100.0
1782152100.0,208.985001,209.145004,208.970001,209.054993,593803.000000,1782152400.0
1782152400.0,209.059998,209.270004,208.875000,208.880005,561992.000000,1782152700.0
1782152700.0,208.880005,208.889999,208.601196,208.750000,644526.000000,1782153000.0
1782153000.0,208.759995,209.134995,208.755005,208.929993,739500.000000,1782153300.0
1782153300.0,208.925003,209.095001,208.860001,208.889999,514994.000000,1782153600.0
1782153600.0,208.889999,209.029999,208.699997,208.710007,711398.000000,1782153900.0
1782153900.0,208.720001,208.959900,208.660004,208.945007,547444.000000,1782154200.0
1782154200.0,208.945007,209.020004,208.570007,208.770004,850306.000000,1782154500.0
1782154500.0,208.764999,208.794998,208.550003,208.619995,667283.000000,1782154800.0
1782154800.0,208.630005,208.710007,208.509995,208.513199,699049.000000,1782155100.0
1782155100.0,208.500000,208.660004,208.300095,208.539993,1070820.000000,1782155400.0
1782155400.0,208.550003,208.929993,208.509995,208.705002,767589.000000,1782155700.0
1782155700.0,208.705002,208.750000,208.420105,208.509995,902093.000000,1782156000.0
1782156000.0,208.509705,208.509705,208.220001,208.335007,792154.000000,1782156300.0
1782156300.0,208.335007,208.399994,207.949997,208.009995,1118806.000000,1782156600.0
1782156600.0,208.000107,208.179993,207.850006,207.919998,1097426.000000,1782156900.0
1782156900.0,207.910004,207.979996,207.779999,207.904999,1135098.000000,1782157200.0
1782157200.0,207.910004,208.050003,207.729996,207.815002,1119559.000000,1782157500.0
1782157500.0,207.820007,208.039993,207.720001,207.800003,1010576.000000,1782157800.0
1782157800.0,207.789993,208.339996,207.750000,208.259995,1838438.000000,1782158100.0
1782158100.0,208.250000,208.850006,208.050003,208.559998,3837552.000000,1782158400.0
1782221400.0,200.804993,201.860001,200.039993,201.809906,14631145.000000,1782221700.0
1782221700.0,201.779999,202.509293,201.500000,202.080002,3733203.000000,1782222000.0
1782222000.0,202.059998,202.364700,201.600601,201.710098,2574456.000000,1782222300.0
1782222300.0,201.690002,203.449905,201.610001,203.020004,2721645.000000,1782222600.0
1782222600.0,203.029999,203.770004,202.850006,203.350006,2049359.000000,1782222900.0
1782222900.0,203.339996,203.488602,202.843994,203.410004,1806659.000000,1782223200.0
1782223200.0,203.380005,203.580002,203.059998,203.350006,1856830.000000,1782223500.0
1782223500.0,203.330002,203.389999,202.789993,203.085007,1559987.000000,1782223800.0
1782223800.0,203.100006,203.410004,202.830002,203.199997,1275944.000000,1782224100.0
1782224100.0,203.179993,203.309998,202.850006,203.160004,1257053.000000,1782224400.0
1782224400.0,203.149994,203.399994,202.570007,202.830002,1864383.000000,1782224700.0
1782224700.0,202.844406,203.141602,202.600006,203.059998,1452017.000000,1782225000.0
1782225000.0,203.092804,203.225006,202.660004,202.880005,1070874.000000,1782225300.0
1782225300.0,202.880005,203.449997,202.649994,202.880005,1203820.000000,1782225600.0
1782225600.0,202.929993,203.269699,202.601196,202.800003,1307186.000000,1782225900.0
1782225900.0,202.804993,202.889999,202.449997,202.790405,1226507.000000,1782226200.0
1782226200.0,202.809998,202.914993,202.369995,202.634995,1171680.000000,1782226500.0
1782226500.0,202.629700,202.679993,201.899994,202.235001,1478006.000000,1782226800.0
1782226800.0,202.240005,202.490005,201.620102,201.695007,1270086.000000,1782227100.0
1782227100.0,201.699997,201.705002,200.720001,200.809998,2293463.000000,1782227400.0
1782227400.0,200.820007,201.169998,200.660004,201.089996,1539802.000000,1782227700.0
1782227700.0,201.085007,201.199997,200.679993,200.750000,1506941.000000,1782228000.0
1782228000.0,200.729996,200.899994,200.494995,200.524994,1265059.000000,1782228300.0
1782228300.0,200.529999,200.899902,200.429993,200.764999,1414580.000000,1782228600.0
1782228600.0,200.759995,201.330002,200.619995,201.215195,1162948.000000,1782228900.0
1782228900.0,201.240097,201.479996,200.860001,201.039993,1066353.000000,1782229200.0
1782229200.0,201.054993,201.479706,200.910004,201.399994,1056423.000000,1782229500.0
1782229500.0,201.410004,201.499298,201.210007,201.399994,897120.000000,1782229800.0
1782229800.0,201.399994,202.130005,201.339996,201.910004,1189658.000000,1782230100.0
1782230100.0,201.910004,201.979904,201.500000,201.850006,809633.000000,1782230400.0
1782230400.0,201.830002,202.429993,201.800003,202.350006,888360.000000,1782230700.0
1782230700.0,202.360001,202.610001,202.149994,202.464996,887219.000000,1782231000.0
1782231000.0,202.468399,202.960999,202.449997,202.785004,1064079.000000,1782231300.0
1782231300.0,202.789993,202.887604,202.410095,202.440002,855094.000000,1782231600.0
1782231600.0,202.449997,202.449997,202.059998,202.279907,1731415.000000,1782231900.0
1782231900.0,202.244995,202.350098,202.020004,202.229996,682628.000000,1782232200.0
1782232200.0,202.240005,202.309998,201.919998,201.970795,1320116.000000,1782232500.0
1782232500.0,201.970001,202.259995,201.940002,202.210007,558187.000000,1782232800.0
1782232800.0,202.210007,202.520004,202.180099,202.479996,684606.000000,1782233100.0
1782233100.0,202.490005,202.539993,202.089996,202.235001,618884.000000,1782233400.0
1782233400.0,202.229996,202.235001,201.930099,202.145004,515882.000000,1782233700.0
1782233700.0,202.140106,202.440002,201.960007,202.309998,580551.000000,1782234000.0
1782234000.0,202.320007,202.339905,201.970001,202.014999,718957.000000,1782234300.0
1782234300.0,202.020004,202.089996,201.750000,201.994995,668756.000000,1782234600.0
1782234600.0,201.985001,202.410004,201.970001,202.149994,635571.000000,1782234900.0
1782234900.0,202.149994,202.279999,201.949997,202.250000,617176.000000,1782235200.0
1782235200.0,202.250000,202.750000,202.210098,202.650101,720219.000000,1782235500.0
1782235500.0,202.649994,202.800003,202.460007,202.509995,635496.000000,1782235800.0
1782235800.0,202.500000,202.550003,202.220001,202.490005,567853.000000,1782236100.0
1782236100.0,202.494995,202.619995,202.230103,202.269394,521673.000000,1782236400.0
1782236400.0,202.229996,202.295105,202.070099,202.160004,576888.000000,1782236700.0
1782236700.0,202.154999,202.330002,202.070007,202.160004,515944.000000,1782237000.0
1782237000.0,202.169998,202.184998,201.610001,201.690002,619849.000000,1782237300.0
1782237300.0,201.691605,201.845001,201.610001,201.610107,550876.000000,1782237600.0
1782237600.0,201.619995,202.009995,201.554993,201.739899,815330.000000,1782237900.0
1782237900.0,201.740005,202.000000,201.440002,201.638397,901656.000000,1782238200.0
1782238200.0,201.639999,201.779999,201.585007,201.720001,586090.000000,1782238500.0
1782238500.0,201.705002,201.830002,201.460007,201.669998,751318.000000,1782238800.0
1782238800.0,201.675003,201.750000,201.539993,201.679993,619991.000000,1782239100.0
1782239100.0,201.699997,201.759995,201.500000,201.654999,706391.000000,1782239400.0
1782239400.0,201.649994,201.649994,201.322006,201.395004,619986.000000,1782239700.0
1782239700.0,201.395004,201.470001,201.180603,201.205002,686480.000000,1782240000.0
1782240000.0,201.210007,201.210007,200.713898,200.740005,1224337.000000,1782240300.0
1782240300.0,200.750000,200.809998,200.490005,200.731003,1203364.000000,1782240600.0
1782240600.0,200.740005,200.979996,200.300003,200.589996,1293723.000000,1782240900.0
1782240900.0,200.559998,200.679993,200.339996,200.630005,962055.000000,1782241200.0
1782241200.0,200.619995,201.718704,200.514999,201.080002,1085577.000000,1782241500.0
1782241500.0,201.089996,201.429993,200.740005,200.899994,1164290.000000,1782241800.0
1782241800.0,200.895004,201.538498,200.703003,200.900101,968073.000000,1782242100.0
1782242100.0,200.889999,201.130005,200.830399,200.889999,924569.000000,1782242400.0
1782242400.0,200.884995,201.460007,200.699997,201.179993,1128131.000000,1782242700.0
1782242700.0,201.169998,201.425003,201.070007,201.225006,979349.000000,1782243000.0
1782243000.0,201.210007,201.470001,201.070099,201.399994,1070814.000000,1782243300.0
1782243300.0,201.410004,201.449997,200.929993,200.955002,1075758.000000,1782243600.0
1782243600.0,200.955002,200.979996,200.559998,200.819107,1501694.000000,1782243900.0
1782243900.0,200.820007,200.889999,200.169998,200.615005,2336056.000000,1782244200.0
1782244200.0,200.610001,201.220001,200.600006,201.104996,2962876.000000,1782244500.0
1782244500.0,201.100006,201.119995,200.000000,200.020996,7585691.000000,1782244800.0
1782307800.0,200.070007,201.649994,199.419998,200.619995,7098702.000000,1782308100.0
1782308100.0,200.619995,201.009995,200.059998,200.669998,1700507.000000,1782308400.0
1782308400.0,200.661697,200.910004,200.119995,200.699905,2209047.000000,1782308700.0
1782308700.0,200.699997,201.219299,199.690002,200.270004,2732699.000000,1782309000.0
1782309000.0,200.289993,201.070007,200.250000,200.960007,1626215.000000,1782309300.0
1782309300.0,200.979996,200.994995,200.240005,200.246506,1373438.000000,1782309600.0
1782309600.0,200.250000,200.570007,199.723007,200.010101,1531573.000000,1782309900.0
1782309900.0,200.014999,200.449997,199.169998,199.354996,1856571.000000,1782310200.0
1782310200.0,199.354996,199.850006,199.050003,199.615005,1974896.000000,1782310500.0
1782310500.0,199.630005,199.839996,198.840607,198.984802,2312660.000000,1782310800.0
1782310800.0,198.964996,199.699997,198.600006,199.589996,2102520.000000,1782311100.0
1782311100.0,199.600098,200.190002,199.540100,199.869995,1489318.000000,1782311400.0
1782311400.0,199.879898,200.600006,199.869995,200.309998,1459785.000000,1782311700.0
1782311700.0,200.320007,200.489899,199.919998,200.009995,951787.000000,1782312000.0
1782312000.0,200.014999,200.789993,200.009995,200.759995,999436.000000,1782312300.0
1782312300.0,200.759995,201.296005,200.589996,200.979996,1584776.000000,1782312600.0
1782312600.0,201.000000,201.264999,200.770004,200.809998,1092812.000000,1782312900.0
1782312900.0,200.830002,201.300003,200.559998,201.184998,1031843.000000,1782313200.0
1782313200.0,201.210007,201.509995,201.029999,201.229996,1146470.000000,1782313500.0
1782313500.0,201.250000,201.339996,200.800003,200.949997,834827.000000,1782313800.0
1782313800.0,200.960007,201.250000,200.770004,201.009995,866166.000000,1782314100.0
1782314100.0,201.000000,201.350006,200.839996,201.005005,839201.000000,1782314400.0
1782314400.0,201.020004,201.110001,200.410004,200.520004,842017.000000,1782314700.0
1782314700.0,200.539993,200.919998,200.339996,200.910004,800374.000000,1782315000.0
1782315000.0,200.904999,201.179993,200.600098,200.785004,760797.000000,1782315300.0
1782315300.0,200.794998,200.970001,200.610794,200.729996,561003.000000,1782315600.0
1782315600.0,200.729996,200.819702,200.500000,200.779999,507562.000000,1782315900.0
1782315900.0,200.779999,200.940002,200.410004,200.889999,661698.000000,1782316200.0
1782316200.0,200.899994,201.250000,200.879898,201.035004,997794.000000,1782316500.0
1782316500.0,201.039902,201.130096,200.699997,200.789993,525574.000000,1782316800.0
1782316800.0,200.779999,201.009995,200.690002,200.790207,471965.000000,1782317100.0
1782317100.0,200.779999,200.919907,200.529999,200.679993,519142.000000,1782317400.0
1782317400.0,200.660004,201.009995,200.539993,200.868103,598592.000000,1782317700.0
1782317700.0,200.880005,201.020004,200.649994,200.710007,550943.000000,1782318000.0
1782318000.0,200.702301,200.919998,200.589996,200.889999,690255.000000,1782318300.0
1782318300.0,200.899994,200.910004,200.600006,200.735001,481194.000000,1782318600.0
1782318600.0,200.740005,200.740005,200.261993,200.285004,657190.000000,1782318900.0
1782318900.0,200.291000,200.470001,199.759995,199.779999,1244143.000000,1782319200.0
1782319200.0,199.774994,199.884995,199.509995,199.660004,1507713.000000,1782319500.0
1782319500.0,199.660004,199.690002,199.330002,199.475006,1343163.000000,1782319800.0
1782319800.0,199.460007,199.820007,199.330093,199.362198,798525.000000,1782320100.0
1782320100.0,199.369995,199.419998,199.130005,199.257294,784759.000000,1782320400.0
1782320400.0,199.240005,199.557007,199.120895,199.527206,980629.000000,1782320700.0
1782320700.0,199.532394,199.546005,198.639999,198.875000,1356897.000000,1782321000.0
1782321000.0,198.875000,199.130005,198.764999,198.869995,862930.000000,1782321300.0
1782321300.0,198.869995,199.020004,198.324997,198.419998,1158495.000000,1782321600.0
1782321600.0,198.404999,198.570007,198.110001,198.264999,1109020.000000,1782321900.0
1782321900.0,198.240005,198.371399,197.860001,197.960007,1345368.000000,1782322200.0
1782322200.0,197.979004,198.190002,197.458893,197.899994,1552355.000000,1782322500.0
1782322500.0,197.904999,198.350006,197.520096,197.800003,1363619.000000,1782322800.0
1782322800.0,197.809998,198.110001,197.669998,197.770004,1120411.000000,1782323100.0
1782323100.0,197.759995,198.104996,197.520004,197.963501,1035444.000000,1782323400.0
1782323400.0,197.960007,198.029999,197.660004,197.820007,907151.000000,1782323700.0
1782323700.0,197.830002,198.179901,197.389999,197.460007,1308442.000000,1782324000.0
1782324000.0,197.470001,197.869995,197.329895,197.658005,1052902.000000,1782324300.0
1782324300.0,197.659805,198.300003,197.639999,197.970001,1113504.000000,1782324600.0
1782324600.0,197.955002,197.989899,197.350098,197.619904,1156966.000000,1782324900.0
1782324900.0,197.619995,198.399994,197.600098,198.309998,1211208.000000,1782325200.0
1782325200.0,198.320007,198.528503,198.035004,198.528503,837920.000000,1782325500.0
1782325500.0,198.526398,198.770004,198.375000,198.570007,1000805.000000,1782325800.0
1782325800.0,198.585007,198.729996,198.220001,198.384995,959983.000000,1782326100.0
1782326100.0,198.380005,198.449997,197.979996,198.000000,839131.000000,1782326400.0
1782326400.0,197.994995,198.100006,197.699997,197.895004,929767.000000,1782326700.0
1782326700.0,197.890198,197.899994,197.110001,197.240005,1182685.000000,1782327000.0
1782327000.0,197.259995,197.479996,197.050003,197.460007,1238926.000000,1782327300.0
1782327300.0,197.449997,197.779999,197.039993,197.210007,1222167.000000,1782327600.0
1782327600.0,197.200607,197.729996,197.009995,197.679993,1235153.000000,1782327900.0
1782327900.0,197.669998,197.679993,196.710007,196.830002,1706160.000000,1782328200.0
1782328200.0,196.809998,197.035004,196.580002,196.979996,1473017.000000,1782328500.0
1782328500.0,196.985001,197.195007,196.830002,197.009995,1116265.000000,1782328800.0
1782328800.0,197.014999,197.389999,196.830093,197.384995,1377087.000000,1782329100.0
1782329100.0,197.389999,198.009995,197.360001,197.740005,1666960.000000,1782329400.0
1782329400.0,197.740005,197.970001,197.389999,197.479996,1637716.000000,1782329700.0
1782329700.0,197.479996,197.779999,197.255005,197.649994,3029270.000000,1782330000.0
1782330000.0,197.649994,197.860001,196.960007,197.264999,1561988.000000,1782330300.0
1782330300.0,197.289993,197.660004,196.950104,197.309998,2080800.000000,1782330600.0
1782330600.0,197.300003,198.250000,197.119995,197.901794,2661577.000000,1782330900.0
1782330900.0,197.940002,199.229996,197.829895,199.089996,5077688.000000,1782331200.0
1782394200.0,199.964996,200.309998,198.449997,199.050095,9528026.000000,1782394500.0
1782394500.0,199.070007,199.699997,197.880005,197.899902,3054841.000000,1782394800.0
1782394800.0,197.895004,198.070007,195.880005,196.114197,4058245.000000,1782395100.0
1782395100.0,196.149994,196.460007,193.880005,194.565002,5079115.000000,1782395400.0
1782395400.0,194.520004,194.899994,193.406006,193.455002,3312478.000000,1782395700.0
1782395700.0,193.479996,193.720001,192.130005,192.384995,4276633.000000,1782396000.0
1782396000.0,192.384995,194.250000,192.369995,193.979996,3896401.000000,1782396300.0
1782396300.0,193.980698,195.100006,193.970001,194.954407,3129446.000000,1782396600.0
1782396600.0,194.975006,195.899994,194.389999,194.415100,2949667.000000,1782396900.0
1782396900.0,194.399994,194.820007,193.630005,194.500000,2443478.000000,1782397200.0
1782397200.0,194.500000,194.919998,193.970001,194.414993,1865439.000000,1782397500.0
1782397500.0,194.440002,194.800003,194.179993,194.490005,1358001.000000,1782397800.0
1782397800.0,194.490097,195.595001,194.479996,195.000000,1727712.000000,1782398100.0
1782398100.0,194.910294,195.249893,194.520004,195.110001,1588312.000000,1782398400.0
1782398400.0,195.104996,195.199997,194.345001,194.589996,1322413.000000,1782398700.0
1782398700.0,194.580002,195.119995,194.270004,195.104996,2517246.000000,1782399000.0
1782399000.0,195.063004,196.389999,194.910004,196.370102,1666233.000000,1782399300.0
1782399300.0,196.365005,196.449905,195.270096,195.464996,1899505.000000,1782399600.0
1782399600.0,195.485001,196.490005,195.339996,196.450104,1463212.000000,1782399900.0
1782399900.0,196.460007,196.679993,195.679993,196.059998,1806884.000000,1782400200.0
1782400200.0,196.054398,196.199997,195.210007,195.589996,1301981.000000,1782400500.0
1782400500.0,195.600006,195.649994,194.779999,195.210007,1515550.000000,1782400800.0
1782400800.0,195.230103,195.779999,194.770004,195.619904,1319096.000000,1782401100.0
1782401100.0,195.589996,195.589996,195.020004,195.169998,715326.000000,1782401400.0
1782401400.0,195.179993,195.699997,195.120102,195.369995,920992.000000,1782401700.0
1782401700.0,195.369995,195.889999,195.354996,195.399902,741166.000000,1782402000.0
1782402000.0,195.375000,195.889999,195.240005,195.770004,1004470.000000,1782402300.0
1782402300.0,195.770004,196.389999,195.729996,195.804993,1066755.000000,1782402600.0
1782402600.0,195.789993,196.009995,195.580002,195.914993,895046.000000,1782402900.0
1782402900.0,195.919998,196.119995,195.600006,195.610001,962506.000000,1782403200.0
1782403200.0,195.619995,196.000000,195.559998,195.830002,1273078.000000,1782403500.0
1782403500.0,195.835007,196.408997,195.779999,196.330002,1061514.000000,1782403800.0
1782403800.0,196.339996,196.945007,196.277206,196.720001,1235708.000000,1782404100.0
1782404100.0,196.729996,197.100006,196.490005,196.535004,1094889.000000,1782404400.0
1782404400.0,196.529999,196.619995,196.000000,196.035004,973102.000000,1782404700.0
1782404700.0,196.000000,196.119995,195.740005,196.000000,1026156.000000,1782405000.0
1782405000.0,196.000000,196.014999,195.300003,195.410004,788972.000000,1782405300.0
1782405300.0,195.404999,195.589996,195.210007,195.259995,643820.000000,1782405600.0
1782405600.0,195.270004,195.389999,194.919998,195.000000,1158649.000000,1782405900.0
1782405900.0,194.979996,195.240005,194.509995,195.179993,1017586.000000,1782406200.0
1782406200.0,195.149994,195.149994,194.619995,194.919998,631188.000000,1782406500.0
1782406500.0,194.949997,194.990005,194.695007,194.865005,504791.000000,1782406800.0
1782406800.0,194.889999,195.139999,194.631104,194.700104,544249.000000,1782407100.0
1782407100.0,194.710007,194.869995,194.550003,194.710007,591237.000000,1782407400.0
1782407400.0,194.714996,195.360001,194.710403,195.214996,743099.000000,1782407700.0
1782407700.0,195.240005,195.729996,194.979996,194.990005,738431.000000,1782408000.0
1782408000.0,195.000000,195.279999,194.804504,195.199997,768963.000000,1782408300.0
1782408300.0,195.210007,195.589996,195.130005,195.395004,641919.000000,1782408600.0
1782408600.0,195.399994,195.574997,195.160004,195.289993,543093.000000,1782408900.0
1782408900.0,195.289993,195.630005,195.274994,195.539993,557868.000000,1782409200.0
1782409200.0,195.552795,195.679993,194.929993,195.039993,719951.000000,1782409500.0
1782409500.0,195.039993,195.039993,194.380005,194.505005,1336235.000000,1782409800.0
1782409800.0,194.505005,194.789993,194.410004,194.679993,780545.000000,1782410100.0
1782410100.0,194.679993,194.839996,194.440002,194.789993,1481458.000000,1782410400.0
1782410400.0,194.789993,194.806000,193.724594,194.000000,1654955.000000,1782410700.0
1782410700.0,194.000000,194.580002,193.904999,194.509995,997596.000000,1782411000.0
1782411000.0,194.500107,194.800003,194.130005,194.339996,677069.000000,1782411300.0
1782411300.0,194.339996,195.190002,194.255005,195.074997,891542.000000,1782411600.0
1782411600.0,195.070007,195.259995,194.830002,195.080002,793072.000000,1782411900.0
1782411900.0,195.089996,195.847595,195.080002,195.759995,798664.000000,1782412200.0
1782412200.0,195.770004,195.770004,194.929993,194.990005,919238.000000,1782412500.0
1782412500.0,195.020004,195.160004,194.777206,195.099701,609180.000000,1782412800.0
1782412800.0,195.085007,195.179993,194.809998,195.110001,625712.000000,1782413100.0
1782413100.0,195.080002,195.080002,194.500000,194.899994,704441.000000,1782413400.0
1782413400.0,194.899994,195.029999,194.350006,194.429993,1079445.000000,1782413700.0
1782413700.0,194.470001,194.720001,194.110001,194.399994,1246297.000000,1782414000.0
1782414000.0,194.429993,194.639999,194.220001,194.285004,980045.000000,1782414300.0
1782414300.0,194.270004,194.509995,194.229996,194.300095,694593.000000,1782414600.0
1782414600.0,194.309998,194.370102,194.070007,194.100006,707165.000000,1782414900.0
1782414900.0,194.100006,194.160004,193.703293,194.119995,1230513.000000,1782415200.0
1782415200.0,194.130005,194.580002,194.100006,194.475006,1068521.000000,1782415500.0
1782415500.0,194.475006,194.535004,194.010696,194.380005,1065097.000000,1782415800.0
1782415800.0,194.369995,194.479996,193.899902,194.429993,1093349.000000,1782416100.0
1782416100.0,194.429993,194.429993,193.910004,194.270004,1193131.000000,1782416400.0
1782416400.0,194.274994,194.820007,194.229996,194.720001,1706460.000000,1782416700.0
1782416700.0,194.720001,194.839996,194.121094,194.300003,1508599.000000,1782417000.0
1782417000.0,194.309998,195.330002,193.979996,195.179398,2608921.000000,1782417300.0
1782417300.0,195.190002,195.960007,194.990005,195.740005,5537697.000000,1782417600.0
1782480600.0,193.104996,193.500000,191.220001,191.617493,9586331.000000,1782480900.0
1782480900.0,191.669998,192.769897,191.500000,192.649994,2884351.000000,1782481200.0
1782481200.0,192.634995,193.294998,192.110001,193.070007,2149563.000000,1782481500.0
1782481500.0,193.070007,193.249893,192.259995,192.809998,1793716.000000,1782481800.0
1782481800.0,192.804993,193.830002,192.770004,193.386002,1766297.000000,1782482100.0
1782482100.0,193.360001,194.059998,193.130005,193.559998,2039560.000000,1782482400.0
1782482400.0,193.580002,194.259995,193.335007,193.744995,1795833.000000,1782482700.0
1782482700.0,193.740005,194.210007,193.580093,193.839996,1317538.000000,1782483000.0
1782483000.0,193.830002,194.229996,193.380005,194.000107,1441364.000000,1782483300.0
1782483300.0,193.949997,194.050003,193.270004,193.598999,1313966.000000,1782483600.0
1782483600.0,193.595001,194.529999,193.589996,194.095001,1579785.000000,1782483900.0
1782483900.0,194.107407,194.345001,193.559998,193.720001,1292739.000000,1782484200.0
1782484200.0,193.733994,193.929993,193.070007,193.750000,1273517.000000,1782484500.0
1782484500.0,193.740097,193.770004,193.000000,193.044998,1345086.000000,1782484800.0
1782484800.0,193.039993,193.529999,192.649994,192.875000,1708081.000000,1782485100.0
1782485100.0,192.889999,193.490005,192.680099,193.149994,1238662.000000,1782485400.0
1782485400.0,193.160004,193.589996,193.000000,193.309998,1024829.000000,1782485700.0
1782485700.0,193.309998,193.520004,193.029999,193.095001,886481.000000,1782486000.0
1782486000.0,193.104996,193.600006,193.100006,193.279999,1070854.000000,1782486300.0
1782486300.0,193.289993,193.339996,192.889999,193.255005,1057321.000000,1782486600.0
1782486600.0,193.233704,193.315002,192.649994,192.679993,1221207.000000,1782486900.0
1782486900.0,192.690002,193.300003,192.485001,193.169998,1552935.000000,1782487200.0
1782487200.0,193.130005,193.399994,193.029999,193.345001,1076654.000000,1782487500.0
1782487500.0,193.335007,193.660004,193.160004,193.630005,1111907.000000,1782487800.0
1782487800.0,193.639999,194.070007,193.600006,193.839996,1077788.000000,1782488100.0
1782488100.0,193.860001,195.179993,193.820007,195.089905,1788811.000000,1782488400.0
1782488400.0,195.078903,195.250000,194.740005,195.095001,1283504.000000,1782488700.0
1782488700.0,195.119995,195.199997,194.660004,194.735001,991772.000000,1782489000.0
1782489000.0,194.740005,194.990005,193.800003,193.960007,1840803.000000,1782489300.0
1782489300.0,193.970001,194.690002,193.919998,194.358994,1194662.000000,1782489600.0
1782489600.0,194.360001,194.391998,193.979996,194.119995,1037474.000000,1782489900.0
1782489900.0,194.100006,194.250000,193.920105,193.970001,1038722.000000,1782490200.0
1782490200.0,193.968597,194.134995,193.630005,193.770004,894408.000000,1782490500.0
1782490500.0,193.759995,194.110001,193.631195,194.089996,963286.000000,1782490800.0
1782490800.0,194.089996,194.315002,193.800003,194.110001,968129.000000,1782491100.0
1782491100.0,194.090103,194.395004,194.039993,194.169998,666009.000000,1782491400.0
1782491400.0,194.169907,194.470001,194.149994,194.369995,598060.000000,1782491700.0
1782491700.0,194.369995,194.570007,194.289993,194.369995,617322.000000,1782492000.0
1782492000.0,194.380005,194.479996,194.199997,194.220001,603082.000000,1782492300.0
1782492300.0,194.229996,194.350006,193.930099,194.210007,645751.000000,1782492600.0
1782492600.0,194.214996,194.419998,194.100098,194.190002,1200126.000000,1782492900.0
1782492900.0,194.179993,194.289993,194.050003,194.139999,582949.000000,1782493200.0
1782493200.0,194.139999,194.679993,194.029999,194.600006,660350.000000,1782493500.0
1782493500.0,194.610001,194.809998,194.540405,194.720001,1668585.000000,1782493800.0
1782493800.0,194.729996,194.839996,194.529999,194.679993,845106.000000,1782494100.0
1782494100.0,194.679993,194.750000,194.237198,194.289993,659813.000000,1782494400.0
1782494400.0,194.289993,194.615005,194.139999,194.330200,722413.000000,1782494700.0
1782494700.0,194.335007,195.179993,194.154999,195.035004,1114869.000000,1782495000.0
1782495000.0,195.035004,195.550003,194.960007,195.205002,1073994.000000,1782495300.0
1782495300.0,195.199997,195.205002,194.740005,194.970001,1305143.000000,1782495600.0
1782495600.0,194.964996,195.070007,194.699997,194.869995,730889.000000,1782495900.0
1782495900.0,194.850006,194.984802,194.712296,194.729996,823683.000000,1782496200.0
1782496200.0,194.740005,194.740005,194.479996,194.550003,2306083.000000,1782496500.0
1782496500.0,194.550003,194.779999,194.311005,194.590103,681116.000000,1782496800.0
1782496800.0,194.604996,194.800003,194.419998,194.679993,2190018.000000,1782497100.0
1782497100.0,194.669998,195.309998,194.645004,195.095093,978553.000000,1782497400.0
1782497400.0,195.089905,195.179993,194.610001,194.654999,769513.000000,1782497700.0
1782497700.0,194.661301,194.710007,194.190002,194.279999,682569.000000,1782498000.0
1782498000.0,194.270004,194.470001,194.190002,194.235001,658831.000000,1782498300.0
1782498300.0,194.205002,194.369904,193.919998,194.020004,782415.000000,1782498600.0
1782498600.0,194.024994,194.369995,193.770004,194.270004,985595.000000,1782498900.0
1782498900.0,194.270004,194.270004,193.884995,193.979996,698633.000000,1782499200.0
1782499200.0,193.970001,194.100006,193.860001,193.990005,588384.000000,1782499500.0
1782499500.0,193.990005,193.990005,193.600098,193.660004,784277.000000,1782499800.0
1782499800.0,193.669998,193.830002,193.460007,193.660004,772261.000000,1782500100.0
1782500100.0,193.654999,193.860001,193.399994,193.690002,844695.000000,1782500400.0
1782500400.0,193.699997,193.964996,193.550797,193.580002,2383289.000000,1782500700.0
1782500700.0,193.579895,194.309998,193.550003,194.270004,859442.000000,1782501000.0
1782501000.0,194.259995,194.520004,194.164993,194.509995,933502.000000,1782501300.0
1782501300.0,194.517395,194.520004,194.230103,194.329895,871120.000000,1782501600.0
1782501600.0,194.330002,194.439896,193.930099,194.130005,999246.000000,1782501900.0
1782501900.0,194.139999,194.300003,193.889999,193.949997,904462.000000,1782502200.0
1782502200.0,193.979996,194.279999,193.729996,194.160995,1270445.000000,1782502500.0
1782502500.0,194.160004,194.569901,194.160004,194.240005,1445197.000000,1782502800.0
1782502800.0,194.255005,194.770004,194.140106,194.735001,1216117.000000,1782503100.0
1782503100.0,194.740005,195.179993,194.660004,194.949997,1378763.000000,1782503400.0
1782503400.0,194.949997,195.110001,193.029999,193.149994,2879056.000000,1782503700.0
1782503700.0,193.139999,193.729996,191.710007,191.720001,8423649.000000,1782504000.0
1782739800.0,192.125000,194.550003,192.110001,194.524994,7750039.000000,1782740100.0
1782740100.0,194.529999,194.895004,193.520004,194.244995,2536633.000000,1782740400.0
1782740400.0,194.240005,195.820007,193.850006,195.800003,3039790.000000,1782740700.0
1782740700.0,195.779999,196.169998,195.070007,195.159897,2720915.000000,1782741000.0
1782741000.0,195.149994,195.339996,194.270096,194.365005,1748001.000000,1782741300.0
1782741300.0,194.375000,194.460007,193.029999,193.304993,2547576.000000,1782741600.0
1782741600.0,193.291504,193.660004,192.860001,192.985001,2054027.000000,1782741900.0
1782741900.0,192.960007,193.070007,192.270004,192.550003,2203199.000000,1782742200.0
1782742200.0,192.559204,192.563400,190.880005,190.880096,2453301.000000,1782742500.0
1782742500.0,190.889999,191.000000,189.800003,190.994995,4393883.000000,1782742800.0
1782742800.0,190.990005,191.589996,190.750107,191.429993,5160478.000000,1782743100.0
1782743100.0,191.425003,192.740005,191.365005,192.699997,1994399.000000,1782743400.0
1782743400.0,192.720001,193.970001,192.580002,193.919998,2650931.000000,1782743700.0
1782743700.0,193.910095,194.479996,193.789993,194.089996,3720073.000000,1782744000.0
1782744000.0,194.080002,194.729996,194.039993,194.429993,1599781.000000,1782744300.0
1782744300.0,194.440002,194.464996,193.509995,193.675003,1676689.000000,1782744600.0
1782744600.0,193.690002,194.490005,193.649994,194.184998,1253982.000000,1782744900.0
1782744900.0,194.169998,194.949997,193.929993,194.860001,1341239.000000,1782745200.0
1782745200.0,194.869995,195.000000,194.449997,194.449997,1887859.000000,1782745500.0
1782745500.0,194.460007,194.740005,194.119995,194.729996,1320036.000000,1782745800.0
1782745800.0,194.725006,194.910004,194.279999,194.735001,1135756.000000,1782746100.0
1782746100.0,194.759995,195.119995,194.169998,194.294998,1328454.000000,1782746400.0
1782746400.0,194.285004,194.652206,193.725006,193.820007,2855740.000000,1782746700.0
1782746700.0,193.830002,194.419998,193.779999,194.259995,975692.000000,1782747000.0
1782747000.0,194.270004,194.360107,193.850006,194.089996,3021794.000000,1782747300.0
1782747300.0,194.059998,194.369995,193.690002,194.110001,1058613.000000,1782747600.0
1782747600.0,194.089996,194.360001,194.080002,194.229996,797662.000000,1782747900.0
1782747900.0,194.210007,194.240005,193.714996,193.869995,1208013.000000,1782748200.0
1782748200.0,193.869995,194.000000,193.720001,193.854996,699668.000000,1782748500.0
1782748500.0,193.830002,194.129898,193.600006,193.964996,999314.000000,1782748800.0
1782748800.0,193.970001,194.229904,193.899994,194.149994,858424.000000,1782749100.0
1782749100.0,194.150101,194.225006,193.800003,193.811493,650007.000000,1782749400.0
1782749400.0,193.800003,193.964996,193.559998,193.660004,796327.000000,1782749700.0
1782749700.0,193.654999,193.860001,193.570007,193.669998,644977.000000,1782750000.0
1782750000.0,193.654999,193.690002,193.139999,193.210007,1090029.000000,1782750300.0
1782750300.0,193.235001,193.270004,192.750107,192.835007,1156870.000000,1782750600.0
1782750600.0,192.839996,192.949997,192.711197,192.860001,733269.000000,1782750900.0
1782750900.0,192.875000,193.164993,192.750000,193.000000,810770.000000,1782751200.0
1782751200.0,193.000000,193.169998,192.919998,193.080002,560600.000000,1782751500.0
1782751500.0,193.080002,193.300003,193.009995,193.289993,777969.000000,1782751800.0
1782751800.0,193.289993,193.850006,193.240997,193.770004,1110682.000000,1782752100.0
1782752100.0,193.762405,194.009995,193.660004,193.820007,842012.000000,1782752400.0
1782752400.0,193.835007,194.240005,193.820007,194.050003,901033.000000,1782752700.0
1782752700.0,194.042007,194.399994,193.964096,194.369995,716758.000000,1782753000.0
1782753000.0,194.373993,194.716995,194.270004,194.580002,805967.000000,1782753300.0
1782753300.0,194.589996,194.740005,194.360001,194.649994,672216.000000,1782753600.0
1782753600.0,194.639999,194.789993,194.259995,194.460007,998271.000000,1782753900.0
1782753900.0,194.449997,194.740005,194.410004,194.669998,824937.000000,1782754200.0
1782754200.0,194.669998,195.059998,194.320007,194.339996,1993838.000000,1782754500.0
1782754500.0,194.339996,194.440002,194.119995,194.339996,599660.000000,1782754800.0
1782754800.0,194.350006,194.619507,194.350006,194.360001,826312.000000,1782755100.0
1782755100.0,194.360001,194.460007,194.199997,194.365005,566114.000000,1782755400.0
1782755400.0,194.360001,194.360001,194.059998,194.080002,584472.000000,1782755700.0
1782755700.0,194.089996,194.115601,193.720001,193.960007,708413.000000,1782756000.0
1782756000.0,193.955002,194.054993,193.720001,193.835007,764162.000000,1782756300.0
1782756300.0,193.839996,194.009995,193.690002,193.714996,573276.000000,1782756600.0
1782756600.0,193.720001,193.960007,193.710007,193.940002,615619.000000,1782756900.0
1782756900.0,193.929993,194.009995,193.800003,193.839996,537029.000000,1782757200.0
1782757200.0,193.839996,194.014999,193.770004,193.850006,561410.000000,1782757500.0
1782757500.0,193.840103,193.889999,193.729996,193.800003,554529.000000,1782757800.0
1782757800.0,193.824997,194.289993,193.759995,194.104996,806315.000000,1782758100.0
1782758100.0,194.110001,194.259995,194.010101,194.110001,549248.000000,1782758400.0
1782758400.0,194.119995,194.239899,193.940002,194.050293,502590.000000,1782758700.0
1782758700.0,194.059998,194.160004,193.929993,194.029999,578237.000000,1782759000.0
1782759000.0,194.039993,194.220001,193.869995,194.195007,621789.000000,1782759300.0
1782759300.0,194.199997,194.250000,193.949997,193.979996,623271.000000,1782759600.0
1782759600.0,193.979996,194.059998,193.850006,193.880005,540724.000000,1782759900.0
1782759900.0,193.880005,194.410004,193.820007,194.330002,1023300.000000,1782760200.0
1782760200.0,194.330093,194.399994,194.179993,194.309998,821078.000000,1782760500.0
1782760500.0,194.300003,194.500000,194.270004,194.388000,957387.000000,1782760800.0
1782760800.0,194.384995,194.820007,194.380005,194.725006,1086805.000000,1782761100.0
1782761100.0,194.729904,194.869995,194.669998,194.710007,1094336.000000,1782761400.0
1782761400.0,194.710007,194.765106,194.520004,194.569000,2890333.000000,1782761700.0
1782761700.0,194.565002,194.850006,194.535004,194.850006,918071.000000,1782762000.0
1782762000.0,194.844803,194.929993,194.720001,194.794998,999716.000000,1782762300.0
1782762300.0,194.789993,194.940002,194.679993,194.880005,1125909.000000,1782762600.0
1782762600.0,194.889999,194.929993,194.520004,194.850006,1840219.000000,1782762900.0
1782762900.0,194.830093,195.179993,194.830093,194.899994,5549284.000000,1782763200.0
1782826200.0,197.195007,198.429993,195.110001,198.214996,9592152.000000,1782826500.0
1782826500.0,198.210007,199.059906,197.070007,197.279999,3847227.000000,1782826800.0
1782826800.0,197.244995,197.860001,196.529999,197.020004,2269175.000000,1782827100.0
1782827100.0,196.699997,196.839996,196.350006,196.589996,1997216.000000,1782827400.0
1782827400.0,196.580002,197.589996,196.350006,197.440002,2335060.000000,1782827700.0
1782827700.0,197.470001,198.005005,197.199997,197.841599,1930762.000000,1782828000.0
1782828000.0,197.854996,198.544998,197.110794,198.544998,1968809.000000,1782828300.0
1782828300.0,198.519897,198.740005,197.899994,198.080002,2104741.000000,1782828600.0
1782828600.0,198.070007,198.145004,196.649994,196.970001,2202829.000000,1782828900.0
1782828900.0,196.970001,198.095001,196.814499,197.975006,1856727.000000,1782829200.0
1782829200.0,197.990005,198.259995,197.649994,197.975006,1417928.000000,1782829500.0
1782829500.0,197.975006,198.100006,197.669998,197.699997,857620.000000,1782829800.0
1782829800.0,197.720001,198.350006,197.600006,198.330002,1224686.000000,1782830100.0
1782830100.0,198.320007,198.320007,197.710007,197.755005,1072933.000000,1782830400.0
1782830400.0,197.750000,197.949997,197.330002,197.880005,1131916.000000,1782830700.0
1782830700.0,197.880005,197.955002,197.070007,197.399994,1106285.000000,1782831000.0
1782831000.0,197.414993,197.809692,196.429993,196.559998,1385639.000000,1782831300.0
1782831300.0,196.535004,197.100006,196.460007,197.059998,1014716.000000,1782831600.0
1782831600.0,197.059998,197.759903,197.009995,197.660004,968457.000000,1782831900.0
1782831900.0,197.660004,197.789993,197.320007,197.744995,733556.000000,1782832200.0
1782832200.0,197.744995,198.645004,197.641998,198.285004,1259096.000000,1782832500.0
1782832500.0,198.279999,198.300003,197.809998,197.949997,955919.000000,1782832800.0
1782832800.0,197.929993,198.080002,197.729996,197.850006,564335.000000,1782833100.0
1782833100.0,197.860001,198.308807,197.750000,198.240005,793586.000000,1782833400.0
1782833400.0,198.240005,198.350006,198.160004,198.240005,670936.000000,1782833700.0
1782833700.0,198.229996,198.270004,198.024994,198.240097,656573.000000,1782834000.0
1782834000.0,198.250000,198.347000,197.800003,198.050003,648030.000000,1782834300.0
1782834300.0,198.059998,198.250000,197.900208,198.205002,561055.000000,1782834600.0
1782834600.0,198.205002,198.649994,198.169998,198.530106,997227.000000,1782834900.0
1782834900.0,198.529999,198.565002,198.149994,198.209900,1513322.000000,1782835200.0
1782835200.0,198.199997,198.300003,197.910004,198.214996,1112441.000000,1782835500.0
1782835500.0,198.220093,198.617004,198.210007,198.369995,671746.000000,1782835800.0
1782835800.0,198.387405,198.448105,198.199997,198.229996,472076.000000,1782836100.0
1782836100.0,198.240005,198.546997,198.145004,198.339996,615797.000000,1782836400.0
1782836400.0,198.330002,198.362000,197.839996,198.169998,714572.000000,1782836700.0
1782836700.0,198.173203,198.289902,197.910004,197.949997,539121.000000,1782837000.0
1782837000.0,197.949997,198.550003,197.645004,197.759995,937544.000000,1782837300.0
1782837300.0,197.759995,197.869995,197.673996,197.850006,476429.000000,1782837600.0
1782837600.0,197.850006,198.000000,197.740005,197.850006,572286.000000,1782837900.0
1782837900.0,197.869995,198.130005,197.669998,198.099304,608879.000000,1782838200.0
1782838200.0,198.110001,198.274994,198.009995,198.229996,671183.000000,1782838500.0
1782838500.0,198.229996,198.389999,198.158600,198.259995,481083.000000,1782838800.0
1782838800.0,198.250000,198.429993,198.169998,198.369995,670278.000000,1782839100.0
1782839100.0,198.380005,198.440002,198.259995,198.389999,587004.000000,1782839400.0
1782839400.0,198.373306,198.500000,198.000000,198.209900,1222102.000000,1782839700.0
1782839700.0,198.210007,198.270004,197.990005,198.210007,555523.000000,1782840000.0
1782840000.0,198.210007,198.559998,198.210007,198.389999,638621.000000,1782840300.0
1782840300.0,198.395004,198.399994,198.154404,198.210007,816194.000000,1782840600.0
1782840600.0,198.210007,198.389999,198.149994,198.309998,524835.000000,1782840900.0
1782840900.0,198.294998,198.449997,198.115005,198.130005,487337.000000,1782841200.0
1782841200.0,198.119995,198.824997,198.059998,198.692795,963977.000000,1782841500.0
1782841500.0,198.690002,198.748001,198.229996,198.270004,629749.000000,1782841800.0
1782841800.0,198.289902,198.360001,198.109802,198.359497,524516.000000,1782842100.0
1782842100.0,198.354996,198.440002,198.250000,198.389999,515337.000000,1782842400.0
1782842400.0,198.395004,198.600006,198.369995,198.479996,1068204.000000,1782842700.0
1782842700.0,198.460007,198.720001,198.300003,198.639999,718497.000000,1782843000.0
1782843000.0,198.630005,198.750000,198.480103,198.720001,526563.000000,1782843300.0
1782843300.0,198.710007,199.289993,198.669998,199.279999,1300102.000000,1782843600.0
1782843600.0,199.283600,199.469604,199.100006,199.110001,1315947.000000,1782843900.0
1782843900.0,199.100098,199.239899,198.880005,198.929993,1124694.000000,1782844200.0
1782844200.0,198.929993,198.960007,198.619995,198.699997,1002451.000000,1782844500.0
1782844500.0,198.705002,198.940002,198.130005,198.229996,1238720.000000,1782844800.0
1782844800.0,198.220001,198.570007,198.100006,198.487701,956061.000000,1782845100.0
1782845100.0,198.500000,198.770004,198.470001,198.725006,869842.000000,1782845400.0
1782845400.0,198.720001,198.919998,198.669998,198.820007,737164.000000,1782845700.0
1782845700.0,198.815002,199.082108,198.779999,198.850006,878367.000000,1782846000.0
1782846000.0,198.820007,199.189301,198.800003,199.039993,1170113.000000,1782846300.0
1782846300.0,199.021103,199.220001,198.850006,199.090103,1009674.000000,1782846600.0
1782846600.0,199.089996,199.220001,198.740005,198.889999,1017508.000000,1782846900.0
1782846900.0,198.889999,199.414993,198.839996,199.074997,3136940.000000,1782847200.0
1782847200.0,199.070099,199.279999,199.035004,199.149994,1009160.000000,1782847500.0
1782847500.0,199.149994,199.279999,199.020004,199.279999,1365369.000000,1782847800.0
1782847800.0,199.270004,199.610001,199.059998,199.365005,1523926.000000,1782848100.0
1782848100.0,199.365005,199.479996,199.205002,199.285004,1230745.000000,1782848400.0
1782848400.0,199.270004,199.375000,198.940002,199.175003,1361363.000000,1782848700.0
1782848700.0,199.175003,199.289993,199.000000,199.029999,1446129.000000,1782849000.0
1782849000.0,199.020004,199.729996,198.369995,199.500000,4169671.000000,1782849300.0
1782849300.0,199.520004,200.630005,199.462997,199.770004,12368711.000000,1782849600.0
1782912600.0,196.169998,196.210007,193.449997,193.649994,11676539.000000,1782912900.0
1782912900.0,193.639999,194.550003,193.539993,194.270004,3255274.000000,1782913200.0
1782913200.0,194.190002,194.918594,194.029999,194.449997,2376330.000000,1782913500.0
1782913500.0,194.449997,195.718399,194.300003,194.845001,3170852.000000,1782913800.0
1782913800.0,194.830002,195.350006,194.770004,194.869995,1662275.000000,1782914100.0
1782914100.0,194.865005,195.490005,194.589996,195.455002,1581184.000000,1782914400.0
1782914400.0,195.449997,195.649994,195.020004,195.300003,2003363.000000,1782914700.0
1782914700.0,195.300003,195.839798,195.210007,195.779999,1941720.000000,1782915000.0
1782915000.0,195.779999,196.429993,195.679993,196.205002,2109713.000000,1782915300.0
1782915300.0,196.190002,196.279999,195.649994,196.024994,1553377.000000,1782915600.0
1782915600.0,196.020004,196.429993,195.699997,196.085007,1360642.000000,1782915900.0
1782915900.0,196.089996,196.570007,196.070007,196.199997,1141688.000000,1782916200.0
1782916200.0,196.205002,196.389999,195.434998,195.770004,1744639.000000,1782916500.0
1782916500.0,195.750000,195.895004,195.440506,195.699997,1132274.000000,1782916800.0
1782916800.0,195.703400,195.789993,195.210007,195.294998,1215192.000000,1782917100.0
1782917100.0,195.259995,195.369995,194.470001,195.365005,2253569.000000,1782917400.0
1782917400.0,195.369995,195.960007,195.300003,195.850006,1518505.000000,1782917700.0
1782917700.0,195.854996,195.891602,195.255005,195.649994,1228259.000000,1782918000.0
1782918000.0,195.649994,196.300003,195.589996,196.220093,1490077.000000,1782918300.0
1782918300.0,196.229996,196.270004,195.679993,195.910004,950492.000000,1782918600.0
1782918600.0,195.914993,196.330002,195.679993,196.154999,1098100.000000,1782918900.0
1782918900.0,196.190002,196.520004,196.169998,196.369995,1540916.000000,1782919200.0
1782919200.0,196.365005,196.820007,196.285004,196.619995,1279669.000000,1782919500.0
1782919500.0,196.610001,196.990005,196.529999,196.929993,1792338.000000,1782919800.0
1782919800.0,196.930298,197.199997,196.869995,197.020004,1363029.000000,1782920100.0
1782920100.0,197.009995,197.139999,196.750107,196.770004,1039876.000000,1782920400.0
1782920400.0,196.760101,197.190002,196.750000,197.020004,965844.000000,1782920700.0
1782920700.0,197.020798,197.181305,196.759995,196.820007,894302.000000,1782921000.0
1782921000.0,196.800003,197.029999,196.639999,196.669998,1808974.000000,1782921300.0
1782921300.0,196.679993,197.199997,196.630005,197.085007,758963.000000,1782921600.0
1782921600.0,197.130005,197.270004,196.780106,196.892197,935437.000000,1782921900.0
1782921900.0,196.895004,197.009995,196.684998,196.839996,642714.000000,1782922200.0
1782922200.0,196.849899,196.949997,196.696396,196.759995,611717.000000,1782922500.0
1782922500.0,196.750000,196.929993,196.570099,196.889999,689734.000000,1782922800.0
1782922800.0,196.889999,197.218994,196.750000,197.149994,616499.000000,1782923100.0
1782923100.0,197.157501,197.360001,197.059998,197.061996,724009.000000,1782923400.0
1782923400.0,197.080002,197.429993,197.050095,197.403107,1322191.000000,1782923700.0
1782923700.0,197.404999,197.449997,197.039993,197.050003,695728.000000,1782924000.0
1782924000.0,197.050003,197.289993,196.970001,197.179993,636648.000000,1782924300.0
1782924300.0,197.187393,197.630005,196.979996,197.440002,791527.000000,1782924600.0
1782924600.0,197.440002,197.550003,197.130005,197.229904,674633.000000,1782924900.0
1782924900.0,197.225006,197.285004,196.910400,197.149994,669311.000000,1782925200.0
1782925200.0,197.160004,197.494995,197.074997,197.210007,817120.000000,1782925500.0
1782925500.0,197.210007,197.449997,196.949997,197.320007,953823.000000,1782925800.0
1782925800.0,197.330002,197.794998,197.240005,197.710007,1131062.000000,1782926100.0
1782926100.0,197.699997,198.039993,197.660004,197.970001,2176165.000000,1782926400.0
1782926400.0,197.970001,198.199997,197.809998,198.164993,786289.000000,1782926700.0
1782926700.0,198.164993,198.479996,198.065002,198.205002,1422308.000000,1782927000.0
1782927000.0,198.199997,198.399994,198.022705,198.250000,691566.000000,1782927300.0
1782927300.0,198.259995,198.675003,198.153000,198.664993,826741.000000,1782927600.0
1782927600.0,198.664993,198.839996,198.550003,198.720093,1055863.000000,1782927900.0
1782927900.0,198.729706,198.860001,198.539993,198.600006,827262.000000,1782928200.0
1782928200.0,198.610001,198.925003,198.509995,198.654999,808212.000000,1782928500.0
1782928500.0,198.654999,198.830002,198.455002,198.660004,1281328.000000,1782928800.0
1782928800.0,198.664993,198.869995,198.520004,198.785004,727797.000000,1782929100.0
1782929100.0,198.774994,198.809998,198.160004,198.304993,940633.000000,1782929400.0
1782929400.0,198.304993,198.384995,197.860001,197.910004,925052.000000,1782929700.0
1782929700.0,197.910004,198.130005,197.679993,198.050003,965712.000000,1782930000.0
1782930000.0,198.059998,198.143997,197.860001,198.135193,1241154.000000,1782930300.0
1782930300.0,198.149994,198.270004,198.029999,198.095001,1331245.000000,1782930600.0
1782930600.0,198.095001,198.479996,198.020004,198.404999,758561.000000,1782930900.0
1782930900.0,198.404999,198.479996,198.309998,198.459305,622710.000000,1782931200.0
1782931200.0,198.479996,198.485001,198.160004,198.350006,640716.000000,1782931500.0
1782931500.0,198.330002,198.375000,198.000000,198.223602,776465.000000,1782931800.0
1782931800.0,198.199997,198.259995,197.890106,198.059097,1004901.000000,1782932100.0
1782932100.0,198.050003,198.399994,197.940002,198.369995,980151.000000,1782932400.0
1782932400.0,198.369995,199.119995,198.330002,199.072205,1456116.000000,1782932700.0
1782932700.0,199.070099,199.850006,199.070007,199.630005,1881241.000000,1782933000.0
1782933000.0,199.630005,199.770004,199.220001,199.230103,1387207.000000,1782933300.0
1782933300.0,199.220001,199.554993,199.120102,199.479996,1287455.000000,1782933600.0
1782933600.0,199.479996,199.529999,199.080002,199.350006,1210303.000000,1782933900.0
1782933900.0,199.350006,199.434998,199.029999,199.300003,1200015.000000,1782934200.0
1782934200.0,199.300003,199.709900,199.300003,199.485001,1405879.000000,1782934500.0
1782934500.0,199.475098,199.475098,198.679993,198.809998,1392621.000000,1782934800.0
1782934800.0,198.800003,198.809998,198.230103,198.250000,1782710.000000,1782935100.0
1782935100.0,198.240005,198.569901,198.210007,198.429993,1521027.000000,1782935400.0
1782935400.0,198.449997,198.789993,197.450104,197.815002,2993842.000000,1782935700.0
1782935700.0,197.817001,197.949997,197.229996,197.580002,7313482.000000,1782936000.0
1782999000.0,197.149994,198.690002,196.779999,198.375000,7525093.000000,1782999300.0
1782999300.0,198.369995,198.524994,197.514999,197.779999,1689254.000000,1782999600.0
1782999600.0,197.759995,198.300003,197.550003,198.100006,1391617.000000,1782999900.0
1782999900.0,198.119904,198.570007,197.610001,198.350006,1431516.000000,1783000200.0
1783000200.0,198.304993,198.940002,197.500000,198.380005,2242983.000000,1783000500.0
1783000500.0,198.397293,198.890106,198.029999,198.854996,1447123.000000,1783000800.0
1783000800.0,198.899994,200.054993,198.550003,199.535004,2664289.000000,1783001100.0
1783001100.0,199.550003,199.830002,198.669998,198.809998,1444156.000000,1783001400.0
1783001400.0,198.860001,199.354996,198.520004,199.033005,1262492.000000,1783001700.0
1783001700.0,199.035004,199.363495,198.492004,199.210007,1322859.000000,1783002000.0
1783002000.0,199.229996,199.339996,198.460098,198.480103,1218220.000000,1783002300.0
1783002300.0,198.505005,198.740005,197.440002,197.850006,1816166.000000,1783002600.0
1783002600.0,197.889999,198.205002,196.660004,196.759995,1781831.000000,1783002900.0
1783002900.0,196.790100,197.509598,196.610001,197.100006,1530626.000000,1783003200.0
1783003200.0,197.100006,197.279907,196.080002,196.460007,1821389.000000,1783003500.0
1783003500.0,196.470001,196.860001,195.860107,196.425003,2027995.000000,1783003800.0
1783003800.0,196.399994,196.589996,195.210007,195.500000,2088628.000000,1783004100.0
1783004100.0,195.509995,196.289993,195.509995,196.240005,1422655.000000,1783004400.0
1783004400.0,196.250000,196.470001,195.589996,195.600006,1290613.000000,1783004700.0
1783004700.0,195.610001,195.770004,194.710007,194.994995,2511298.000000,1783005000.0
1783005000.0,195.009995,195.429993,194.772400,195.259995,1605031.000000,1783005300.0
1783005300.0,195.270004,195.460007,194.800095,195.039993,1335812.000000,1783005600.0
1783005600.0,195.059906,195.320007,194.619995,194.824997,1734452.000000,1783005900.0
1783005900.0,194.839996,195.199905,194.419998,194.779495,1541136.000000,1783006200.0
1783006200.0,194.779999,195.580002,194.759995,195.464996,1242629.000000,1783006500.0
1783006500.0,195.479996,195.919998,195.410004,195.513504,1218744.000000,1783006800.0
1783006800.0,195.529999,196.000000,195.039993,195.065094,1492282.000000,1783007100.0
1783007100.0,195.080002,195.399994,194.660004,194.740005,913984.000000,1783007400.0
1783007400.0,194.729996,194.740005,194.059998,194.434692,1330815.000000,1783007700.0
1783007700.0,194.440994,194.639999,194.014999,194.490005,1175670.000000,1783008000.0
1783008000.0,194.500000,194.559998,193.889999,194.360001,1318018.000000,1783008300.0
1783008300.0,194.354996,194.419998,193.860001,193.983704,942058.000000,1783008600.0
1783008600.0,193.985001,194.659103,193.940002,194.559998,1326922.000000,1783008900.0
1783008900.0,194.570007,194.610001,194.059998,194.070007,1389057.000000,1783009200.0
1783009200.0,194.074997,194.149994,193.625000,193.869995,1640769.000000,1783009500.0
1783009500.0,193.875000,194.129898,193.669998,193.789993,1024116.000000,1783009800.0
1783009800.0,193.789993,193.860001,193.460007,193.470001,1030989.000000,1783010100.0
1783010100.0,193.460007,193.660004,193.179993,193.434998,1311746.000000,1783010400.0
1783010400.0,193.440094,194.159897,193.399994,194.039993,1222138.000000,1783010700.0
1783010700.0,194.039993,194.149994,193.854996,193.899902,777546.000000,1783011000.0
1783011000.0,193.891403,194.050003,193.639999,193.869904,984013.000000,1783011300.0
1783011300.0,193.869995,193.877502,193.130005,193.490005,1041488.000000,1783011600.0
1783011600.0,193.500000,193.509995,192.880005,193.050003,1485258.000000,1783011900.0
1783011900.0,193.050003,193.720001,192.889999,193.210007,1006144.000000,1783012200.0
1783012200.0,193.200302,193.339996,192.880005,193.074997,911410.000000,1783012500.0
1783012500.0,193.070007,193.409897,192.925003,193.069901,830342.000000,1783012800.0
1783012800.0,193.059998,193.350006,192.910004,192.960007,838772.000000,1783013100.0
1783013100.0,192.970001,193.139999,192.761993,193.050003,913164.000000,1783013400.0
1783013400.0,193.044998,193.279999,192.940002,192.940002,765785.000000,1783013700.0
1783013700.0,192.929993,193.020004,192.360001,192.380005,1083856.000000,1783014000.0
1783014000.0,192.389999,193.039993,192.350006,192.949997,1075865.000000,1783014300.0
1783014300.0,192.949997,193.050003,192.520004,192.839996,965419.000000,1783014600.0
1783014600.0,192.820007,193.119995,192.660004,193.059998,827750.000000,1783014900.0
1783014900.0,193.085007,193.149994,192.389999,192.544998,900684.000000,1783015200.0
1783015200.0,192.544998,192.860001,192.500000,192.854996,893146.000000,1783015500.0
1783015500.0,192.854996,193.509995,192.850006,193.494995,1025334.000000,1783015800.0
1783015800.0,193.490097,193.699997,193.149994,193.195099,956757.000000,1783016100.0
1783016100.0,193.190094,193.250000,192.589996,192.929993,1176281.000000,1783016400.0
1783016400.0,192.910004,193.320007,192.880005,193.307999,780029.000000,1783016700.0
1783016700.0,193.304993,193.860001,193.259995,193.762604,1018032.000000,1783017000.0
1783017000.0,193.759995,193.949997,193.539993,193.600006,934978.000000,1783017300.0
1783017300.0,193.619995,193.710007,193.360001,193.464996,685031.000000,1783017600.0
1783017600.0,193.470001,193.520004,193.200699,193.225006,764531.000000,1783017900.0
1783017900.0,193.220001,193.460007,192.899994,193.449799,1005854.000000,1783018200.0
1783018200.0,193.440002,193.759995,193.331604,193.460007,752224.000000,1783018500.0
1783018500.0,193.460007,193.679993,193.220001,193.429993,868277.000000,1783018800.0
1783018800.0,193.419998,193.529999,192.729996,192.789993,931466.000000,1783019100.0
1783019100.0,192.785004,192.970001,192.570007,192.679993,948974.000000,1783019400.0
1783019400.0,192.679993,192.979996,192.529999,192.880096,863356.000000,1783019700.0
1783019700.0,192.884995,193.214996,192.780106,193.050003,944964.000000,1783020000.0
1783020000.0,193.080002,193.119995,192.720001,192.809998,998590.000000,1783020300.0
1783020300.0,192.809998,193.330002,192.649994,193.104996,1329522.000000,1783020600.0
1783020600.0,193.115005,193.580002,193.065002,193.549103,1178341.000000,1783020900.0
1783020900.0,193.539993,193.800003,193.320007,193.679993,1249596.000000,1783021200.0
1783021200.0,193.679993,193.750000,193.440002,193.664993,1059871.000000,1783021500.0
1783021500.0,193.660004,193.744995,193.410004,193.630005,1916516.000000,1783021800.0
1783021800.0,193.639999,194.979996,193.639999,194.677994,3110880.000000,1783022100.0
1783022100.0,194.669998,195.000000,194.229996,194.619995,6577666.000000,1783022400.0
1783344600.0,194.389999,194.884796,194.000000,194.851395,7046641.000000,1783344900.0
1783344900.0,194.830093,195.440002,194.440002,195.425003,1817422.000000,1783345200.0
1783345200.0,195.425003,195.479996,194.669998,195.365005,1659620.000000,1783345500.0
1783345500.0,195.380005,195.460007,194.570007,195.100006,1396330.000000,1783345800.0
1783345800.0,195.110001,195.970001,194.904999,195.970001,1874447.000000,1783346100.0
1783346100.0,195.979996,196.729996,195.960007,196.279999,2376962.000000,1783346400.0
1783346400.0,196.279999,196.639999,196.029999,196.259995,1627684.000000,1783346700.0
1783346700.0,196.244995,197.419998,196.130096,197.106003,2207024.000000,1783347000.0
1783347000.0,197.089996,197.115005,196.449997,196.600006,1452484.000000,1783347300.0
1783347300.0,196.604996,196.759705,196.259995,196.285004,1030346.000000,1783347600.0
1783347600.0,196.289993,196.552094,195.871002,196.519897,1425502.000000,1783347900.0
1783347900.0,196.529999,196.749893,196.350800,196.574005,875694.000000,1783348200.0
1783348200.0,196.589905,196.740005,196.360107,196.670898,741268.000000,1783348500.0
1783348500.0,196.679993,196.759995,196.199997,196.229996,993958.000000,1783348800.0
1783348800.0,196.229996,196.690002,195.949997,196.550003,1280497.000000,1783349100.0
1783349100.0,196.540207,196.729996,196.062698,196.069901,901926.000000,1783349400.0
1783349400.0,196.059998,196.274994,195.994995,196.139999,873735.000000,1783349700.0
1783349700.0,196.134995,196.195007,195.660004,196.024994,989859.000000,1783350000.0
1783350000.0,196.020004,196.050003,195.740005,195.785004,678609.000000,1783350300.0
1783350300.0,195.779999,196.110001,195.580002,195.850006,999282.000000,1783350600.0
1783350600.0,195.852798,196.000000,195.589996,195.679993,698883.000000,1783350900.0
1783350900.0,195.669998,195.750000,195.360001,195.675003,1083479.000000,1783351200.0
1783351200.0,195.669998,195.979996,195.641006,195.959900,851153.000000,1783351500.0
1783351500.0,195.955002,196.550003,195.880005,196.513504,977722.000000,1783351800.0
1783351800.0,196.500000,196.539993,196.264999,196.289993,681323.000000,1783352100.0
1783352100.0,196.289993,196.649994,196.259995,196.369995,851461.000000,1783352400.0
1783352400.0,196.369995,196.369995,196.169998,196.199997,736584.000000,1783352700.0
1783352700.0,196.209396,196.360001,196.130295,196.360001,526033.000000,1783353000.0
1783353000.0,196.360001,196.449997,196.029999,196.190002,691759.000000,1783353300.0
1783353300.0,196.190002,196.410004,196.150101,196.399994,553090.000000,1783353600.0
1783353600.0,196.410004,196.720001,196.259995,196.464996,935413.000000,1783353900.0
1783353900.0,196.460007,196.880005,196.380005,196.744995,769673.000000,1783354200.0
1783354200.0,196.740005,197.550003,196.639999,197.164993,2170192.000000,1783354500.0
1783354500.0,197.169998,197.369995,197.120102,197.139999,811688.000000,1783354800.0
1783354800.0,197.134995,197.389999,197.030106,197.149994,774108.000000,1783355100.0
1783355100.0,197.130005,197.179794,196.889999,197.000000,837393.000000,1783355400.0
1783355400.0,197.005096,197.240005,196.770004,196.779999,784566.000000,1783355700.0
1783355700.0,196.779999,196.880005,196.610001,196.839996,510808.000000,1783356000.0
1783356000.0,196.830002,197.039993,196.639999,196.690002,544500.000000,1783356300.0
1783356300.0,196.679993,196.710007,196.470001,196.699997,413601.000000,1783356600.0
1783356600.0,196.710007,196.710007,196.369995,196.419998,873629.000000,1783356900.0
1783356900.0,196.440002,196.559998,196.259995,196.460007,630592.000000,1783357200.0
1783357200.0,196.429993,196.679993,196.369995,196.544998,504027.000000,1783357500.0
1783357500.0,196.539993,196.860107,196.479996,196.789993,522649.000000,1783357800.0
1783357800.0,196.800003,196.876495,196.479996,196.505005,505883.000000,1783358100.0
1783358100.0,196.520004,196.550003,196.130005,196.134995,554609.000000,1783358400.0
1783358400.0,196.130005,196.139999,195.850006,196.050003,734041.000000,1783358700.0
1783358700.0,196.059998,196.289993,195.960007,195.970001,516716.000000,1783359000.0
1783359000.0,195.970001,196.005005,195.789993,195.945007,727352.000000,1783359300.0
1783359300.0,195.945007,196.070007,195.809998,195.904999,820965.000000,1783359600.0
1783359600.0,195.899994,195.899994,195.735001,195.854996,543670.000000,1783359900.0
1783359900.0,195.850006,196.070007,195.690002,195.882797,695762.000000,1783360200.0
1783360200.0,195.875000,196.039993,195.750000,195.789993,566125.000000,1783360500.0
1783360500.0,195.800003,195.850006,195.630005,195.690002,522869.000000,1783360800.0
1783360800.0,195.699997,195.994995,195.699997,195.964996,657860.000000,1783361100.0
1783361100.0,195.960007,196.399994,195.919998,196.370102,726313.000000,1783361400.0
1783361400.0,196.380005,196.460007,196.270004,196.285004,478544.000000,1783361700.0
1783361700.0,196.285004,196.669998,196.285004,196.449905,543499.000000,1783362000.0
1783362000.0,196.449997,196.619995,196.369995,196.449905,527079.000000,1783362300.0
1783362300.0,196.445007,196.529999,196.250000,196.270004,498516.000000,1783362600.0
1783362600.0,196.270004,196.399994,196.089996,196.089996,455720.000000,1783362900.0
1783362900.0,196.090103,196.214996,196.039993,196.054993,382998.000000,1783363200.0
1783363200.0,196.050003,196.475006,196.050003,196.304993,544734.000000,1783363500.0
1783363500.0,196.309998,196.649597,196.300003,196.500000,881595.000000,1783363800.0
1783363800.0,196.509995,196.630005,196.399994,196.500000,558946.000000,1783364100.0
1783364100.0,196.500000,196.639999,196.410004,196.625000,465265.000000,1783364400.0
1783364400.0,196.630005,196.800003,196.490005,196.600006,568443.000000,1783364700.0
1783364700.0,196.590103,196.729996,196.520096,196.640106,652687.000000,1783365000.0
1783365000.0,196.669998,196.970001,196.630005,196.850006,814984.000000,1783365300.0
1783365300.0,196.854996,197.139999,196.772995,196.889999,1132850.000000,1783365600.0
1783365600.0,196.880096,197.080002,196.839996,196.964996,740342.000000,1783365900.0
1783365900.0,196.960007,197.009995,196.820007,196.850006,708130.000000,1783366200.0
1783366200.0,196.854996,196.880005,196.479996,196.850006,1884379.000000,1783366500.0
1783366500.0,196.850098,196.949997,196.610001,196.664795,861657.000000,1783366800.0
1783366800.0,196.664993,196.746704,196.580002,196.654999,795253.000000,1783367100.0
1783367100.0,196.649994,197.035004,196.600006,196.929993,1054102.000000,1783367400.0
1783367400.0,196.919998,196.919998,196.160004,196.199997,1919170.000000,1783367700.0
1783367700.0,196.199997,196.240005,195.419998,195.574997,5254457.000000,1783368000.0
1783431000.0,192.369995,192.880005,191.440002,192.750000,10202146.000000,1783431300.0
1783431300.0,192.740005,192.880005,191.639999,192.274994,2624992.000000,1783431600.0
1783431600.0,192.279999,193.299896,192.080002,192.566406,2156382.000000,1783431900.0
1783431900.0,192.574997,192.665100,191.837204,191.929993,2253734.000000,1783432200.0
1783432200.0,191.929993,192.429993,191.701996,191.979996,1895875.000000,1783432500.0
1783432500.0,191.975098,192.889999,191.580002,192.639999,2141910.000000,1783432800.0
1783432800.0,192.634995,193.389999,192.539993,193.199997,1905428.000000,1783433100.0
1783433100.0,193.199997,193.500000,192.934494,193.264297,1523494.000000,1783433400.0
1783433400.0,193.285004,193.479996,192.779999,192.977997,1440342.000000,1783433700.0
1783433700.0,192.990005,193.054993,192.250000,192.330002,1588104.000000,1783434000.0
1783434000.0,192.330002,192.500000,191.899994,192.077499,1366065.000000,1783434300.0
1783434300.0,192.070007,192.119995,191.460007,191.860107,1793500.000000,1783434600.0
1783434600.0,191.869995,192.179703,191.570007,191.755005,1419640.000000,1783434900.0
1783434900.0,191.750000,191.860001,191.149994,191.760101,1536002.000000,1783435200.0
1783435200.0,191.800003,191.929993,191.520004,191.659897,1149968.000000,1783435500.0
1783435500.0,191.654999,192.095001,191.600006,191.929993,1064370.000000,1783435800.0
1783435800.0,191.934998,192.600006,191.840103,192.440094,1262547.000000,1783436100.0
1783436100.0,192.440002,192.789993,192.369995,192.570007,968064.000000,1783436400.0
1783436400.0,192.580002,192.860001,192.320007,192.820007,1094397.000000,1783436700.0
1783436700.0,192.815002,192.869995,192.559998,192.744995,937424.000000,1783437000.0
1783437000.0,192.750000,193.365005,192.610001,193.056900,1566364.000000,1783437300.0
1783437300.0,193.029999,193.119995,192.619995,192.729996,1077312.000000,1783437600.0
1783437600.0,192.720001,192.919998,192.544006,192.800003,1101309.000000,1783437900.0
1783437900.0,192.835007,193.190002,192.835007,193.050003,930037.000000,1783438200.0
1783438200.0,193.050003,193.285004,193.029999,193.050003,1081425.000000,1783438500.0
1783438500.0,193.050003,193.485001,192.940002,192.949493,932296.000000,1783438800.0
1783438800.0,192.945007,193.470001,192.800095,193.470001,774102.000000,1783439100.0
1783439100.0,193.460007,194.139999,193.447693,193.899994,1267359.000000,1783439400.0
1783439400.0,193.910004,194.179993,193.804993,194.104996,753034.000000,1783439700.0
1783439700.0,194.110001,194.779999,194.020004,194.720001,1176481.000000,1783440000.0
1783440000.0,194.725006,195.500000,194.600006,195.279999,1567151.000000,1783440300.0
1783440300.0,195.279999,195.490005,195.119995,195.369995,1282559.000000,1783440600.0
1783440600.0,195.384995,196.160004,195.382004,196.119995,1781967.000000,1783440900.0
1783440900.0,196.119995,196.539993,195.970001,196.419998,1808219.000000,1783441200.0
1783441200.0,196.419998,197.159897,196.399994,196.619904,1816152.000000,1783441500.0
1783441500.0,196.610001,197.589996,196.520004,197.389999,1862227.000000,1783441800.0
1783441800.0,197.389496,198.119995,197.369995,197.684998,2052788.000000,1783442100.0
1783442100.0,197.684998,197.729904,196.910004,197.000000,1572836.000000,1783442400.0
1783442400.0,197.000000,197.449997,196.780304,197.289993,1280720.000000,1783442700.0
1783442700.0,197.289993,197.509995,197.130096,197.350006,1698699.000000,1783443000.0
1783443000.0,197.380005,197.455002,196.970001,197.020096,1125954.000000,1783443300.0
1783443300.0,197.024994,197.509995,196.630997,197.440002,1325233.000000,1783443600.0
1783443600.0,197.449997,198.250000,197.350006,198.159500,2015118.000000,1783443900.0
1783443900.0,198.149994,198.410004,197.910004,198.020004,1283764.000000,1783444200.0
1783444200.0,198.020004,198.029907,197.330200,197.434998,953422.000000,1783444500.0
1783444500.0,197.440002,197.692795,197.330002,197.354996,841506.000000,1783444800.0
1783444800.0,197.365005,198.009995,197.289993,197.779999,851054.000000,1783445100.0
1783445100.0,197.780304,197.800003,197.369995,197.440002,686944.000000,1783445400.0
1783445400.0,197.429993,197.839905,197.380005,197.785004,933357.000000,1783445700.0
1783445700.0,197.779999,198.039993,197.634995,198.009903,837029.000000,1783446000.0
1783446000.0,198.009995,198.250000,197.850006,197.919800,1104574.000000,1783446300.0
1783446300.0,197.929993,198.054993,197.625000,198.035004,948211.000000,1783446600.0
1783446600.0,198.039993,198.139999,197.899994,197.940002,773731.000000,1783446900.0
1783446900.0,197.929993,198.069901,197.781998,197.940002,464799.000000,1783447200.0
1783447200.0,197.949997,197.949997,197.380005,197.520004,636403.000000,1783447500.0
1783447500.0,197.524994,197.610001,197.300003,197.369995,585721.000000,1783447800.0
1783447800.0,197.399994,197.755005,197.320007,197.524994,598340.000000,1783448100.0
1783448100.0,197.526199,197.779999,197.429993,197.679993,643407.000000,1783448400.0
1783448400.0,197.679901,197.778503,197.589996,197.675003,518746.000000,1783448700.0
1783448700.0,197.669998,197.679993,197.220001,197.274994,669988.000000,1783449000.0
1783449000.0,197.279999,197.490005,197.119995,197.380096,881659.000000,1783449300.0
1783449300.0,197.380005,197.604996,197.229996,197.589996,664273.000000,1783449600.0
1783449600.0,197.589294,197.649994,196.960007,197.089996,866614.000000,1783449900.0
1783449900.0,197.089996,197.350006,196.850006,197.125198,782081.000000,1783450200.0
1783450200.0,197.139999,197.139999,196.559998,196.800003,1023407.000000,1783450500.0
1783450500.0,196.789993,196.804993,196.320007,196.417999,910319.000000,1783450800.0
1783450800.0,196.417999,196.539993,196.170105,196.419998,938794.000000,1783451100.0
1783451100.0,196.429993,196.895004,196.339996,196.470001,907262.000000,1783451400.0
1783451400.0,196.470001,196.649994,196.250000,196.505005,930681.000000,1783451700.0
1783451700.0,196.500000,196.500000,195.882004,196.160004,1197798.000000,1783452000.0
1783452000.0,196.150101,196.270004,195.875504,195.979996,1044098.000000,1783452300.0
1783452300.0,195.979996,196.145004,195.699997,196.145004,1001696.000000,1783452600.0
1783452600.0,196.149994,196.669998,196.070007,196.505005,1104060.000000,1783452900.0
1783452900.0,196.505005,196.520004,195.839996,195.869995,1325731.000000,1783453200.0
1783453200.0,195.850006,196.056396,195.470001,196.035004,1195550.000000,1783453500.0
1783453500.0,196.035004,196.199997,195.839996,196.070007,1213062.000000,1783453800.0
1783453800.0,196.080002,196.369995,195.850006,196.309998,1737863.000000,1783454100.0
1783454100.0,196.320007,197.050003,196.300003,196.929993,4003378.000000,1783454400.0
1783517400.0,195.130005,197.929993,195.104996,197.210007,7494028.000000,1783517700.0
1783517700.0,197.210007,197.979996,196.800095,197.889999,1878926.000000,1783518000.0
1783518000.0,197.850006,198.470001,197.429993,198.265503,2141292.000000,1783518300.0
1783518300.0,199.324997,199.860001,197.600098,197.600098,3494894.000000,1783518600.0
1783518600.0,197.600006,197.949997,197.309998,197.524994,1562537.000000,1783518900.0
1783518900.0,197.539993,197.840393,197.100006,197.615005,1205437.000000,1783519200.0
1783519200.0,197.570007,197.720001,197.179993,197.304993,1040299.000000,1783519500.0
1783519500.0,197.285004,197.539993,197.119995,197.274994,1110816.000000,1783519800.0
1783519800.0,197.285095,197.429993,196.380005,197.320099,1763232.000000,1783520100.0
1783520100.0,197.309998,197.580002,196.820007,197.419998,1112191.000000,1783520400.0
1783520400.0,197.410004,197.599899,196.779999,196.800003,977910.000000,1783520700.0
1783520700.0,196.800003,197.330002,196.520004,197.009995,991262.000000,1783521000.0
1783521000.0,197.009995,197.369400,196.912003,197.167892,909204.000000,1783521300.0
1783521300.0,197.160004,197.260101,196.770004,196.949997,1020723.000000,1783521600.0
1783521600.0,196.934998,197.309998,196.789993,197.250000,781898.000000,1783521900.0
1783521900.0,197.250000,197.279999,196.306000,196.341293,1120873.000000,1783522200.0
1783522200.0,196.320007,199.300003,196.050003,197.089996,3528097.000000,1783522500.0
1783522500.0,197.104996,199.110001,196.830002,198.783295,4464222.000000,1783522800.0
1783522800.0,198.785004,199.449997,198.309998,198.524994,2989910.000000,1783523100.0
1783523100.0,198.524994,198.550003,197.750000,198.009995,1476255.000000,1783523400.0
1783523400.0,197.979996,198.160004,197.160095,197.259903,1104038.000000,1783523700.0
1783523700.0,197.229996,197.460007,196.630005,197.240005,1421608.000000,1783524000.0
1783524000.0,197.220001,197.389999,196.429993,196.559998,1112611.000000,1783524300.0
1783524300.0,196.585800,196.839996,196.389999,196.589996,1023206.000000,1783524600.0
1783524600.0,196.550003,197.550003,196.550003,197.514999,1103660.000000,1783524900.0
1783524900.0,197.505096,197.839996,197.220001,197.304993,957555.000000,1783525200.0
1783525200.0,197.304993,197.610001,197.270004,197.455002,595467.000000,1783525500.0
1783525500.0,197.444504,197.600006,197.120102,197.300003,619454.000000,1783525800.0
1783525800.0,197.270004,197.304901,196.860001,197.000107,1685542.000000,1783526100.0
1783526100.0,197.029999,197.271805,196.929993,197.239899,556343.000000,1783526400.0
1783526400.0,197.220001,197.789993,197.210007,197.749893,846995.000000,1783526700.0
1783526700.0,197.759995,197.988998,197.537506,197.885101,543563.000000,1783527000.0
1783527000.0,197.884995,198.710007,197.884995,198.710007,1512054.000000,1783527300.0
1783527300.0,198.710007,199.320007,198.440002,199.320007,1501328.000000,1783527600.0
1783527600.0,199.279999,200.100006,199.279999,199.330002,3064878.000000,1783527900.0
1783527900.0,199.320007,199.550003,199.130005,199.252808,993080.000000,1783528200.0
1783528200.0,199.259995,199.660004,199.199997,199.390701,815415.000000,1783528500.0
1783528500.0,199.380005,199.639999,198.906494,199.330002,1221811.000000,1783528800.0
1783528800.0,199.324997,199.880005,199.164993,199.580307,883656.000000,1783529100.0
1783529100.0,199.601700,200.229996,199.330093,200.199997,1078874.000000,1783529400.0
1783529400.0,200.205002,200.479996,200.089996,200.324997,1581700.000000,1783529700.0
1783529700.0,200.339996,201.199997,200.259995,200.994995,1895228.000000,1783530000.0
1783530000.0,201.039993,201.039993,200.240005,200.335007,1321172.000000,1783530300.0
1783530300.0,200.344803,201.020004,200.309998,200.875000,885687.000000,1783530600.0
1783530600.0,200.875000,201.130005,200.580002,200.625000,911621.000000,1783530900.0
1783530900.0,200.615005,201.770004,200.610596,201.600006,1270436.000000,1783531200.0
1783531200.0,201.610001,202.576706,201.610001,202.485001,2097746.000000,1783531500.0
1783531500.0,202.485001,203.128998,202.485001,203.080002,2390589.000000,1783531800.0
1783531800.0,203.089996,203.149994,202.740005,203.059998,1984154.000000,1783532100.0
1783532100.0,203.039993,203.710007,203.009995,203.255005,2450403.000000,1783532400.0
1783532400.0,203.270004,203.360001,202.500000,202.619904,1656288.000000,1783532700.0
1783532700.0,202.610001,202.629898,202.000000,202.139999,1269818.000000,1783533000.0
1783533000.0,202.139999,202.669907,202.130005,202.300003,1082129.000000,1783533300.0
1783533300.0,202.309402,202.320908,201.929993,202.199997,997121.000000,1783533600.0
1783533600.0,202.184998,202.669998,201.899994,202.529999,1171162.000000,1783533900.0
1783533900.0,202.529999,202.559998,202.039993,202.529999,961224.000000,1783534200.0
1783534200.0,202.529999,202.789993,202.318802,202.520096,1046213.000000,1783534500.0
1783534500.0,202.524994,202.880096,202.250000,202.875000,997965.000000,1783534800.0
1783534800.0,202.875000,202.960007,202.479996,202.531601,1123401.000000,1783535100.0
1783535100.0,202.539993,202.714996,202.179993,202.190002,775978.000000,1783535400.0
1783535400.0,202.199997,202.500000,202.093002,202.300003,825107.000000,1783535700.0
1783535700.0,202.309998,203.236801,202.289993,202.934998,1621121.000000,1783536000.0
1783536000.0,202.919998,203.220001,202.600006,203.096207,1081296.000000,1783536300.0
1783536300.0,203.080002,203.240005,202.880005,203.080002,883317.000000,1783536600.0
1783536600.0,203.080002,203.600006,203.039993,203.559998,2417126.000000,1783536900.0
1783536900.0,203.565002,204.199997,203.229996,204.179993,1780918.000000,1783537200.0
1783537200.0,204.179993,204.800003,204.110001,204.735001,2080221.000000,1783537500.0
1783537500.0,204.735001,204.830002,204.145004,204.440094,1757859.000000,1783537800.0
1783537800.0,204.460007,204.570007,204.210007,204.354996,1280866.000000,1783538100.0
1783538100.0,204.354996,204.550003,204.119995,204.335007,1547363.000000,1783538400.0
1783538400.0,204.320007,204.520004,204.070007,204.235001,1288527.000000,1783538700.0
1783538700.0,204.235001,204.500000,204.160004,204.455002,1141550.000000,1783539000.0
1783539000.0,204.455002,204.699997,204.050003,204.639999,1382058.000000,1783539300.0
1783539300.0,204.630005,205.149994,204.429993,204.453506,2338979.000000,1783539600.0
1783539600.0,204.455002,204.455002,203.770004,204.410004,1808272.000000,1783539900.0
1783539900.0,204.429901,204.619293,204.080002,204.229904,1490018.000000,1783540200.0
1783540200.0,204.220001,204.925003,203.850006,204.639999,2465014.000000,1783540500.0
1783540500.0,204.639999,204.649994,204.070007,204.149994,5628728.000000,1783540800.0
1783603800.0,204.460007,204.460007,202.509995,203.354996,9730891.000000,1783604100.0
1783604100.0,203.380005,203.570007,202.229996,202.485001,3604381.000000,1783604400.0
1783604400.0,202.490005,202.607697,201.539993,201.679092,3266653.000000,1783604700.0
1783604700.0,201.630005,202.220001,201.490005,201.839996,3016527.000000,1783605000.0
1783605000.0,201.835007,202.677002,201.824997,202.070007,2176772.000000,1783605300.0
1783605300.0,202.050003,202.475006,201.320007,202.100006,2389678.000000,1783605600.0
1783605600.0,202.080002,202.169998,200.929993,201.014999,2657738.000000,1783605900.0
1783605900.0,201.000000,201.149902,199.960007,200.070007,2915914.000000,1783606200.0
1783606200.0,200.059998,200.410004,199.679993,200.249893,2499559.000000,1783606500.0
1783606500.0,200.229996,200.250000,199.210007,199.500000,2813427.000000,1783606800.0
1783606800.0,199.479996,199.790100,198.970001,199.770004,3072027.000000,1783607100.0
1783607100.0,199.770004,200.274994,199.460007,200.235001,1791400.000000,1783607400.0
1783607400.0,200.248505,200.250000,199.309998,199.880005,1715113.000000,1783607700.0
1783607700.0,199.880005,200.434006,199.520096,200.365005,1395350.000000,1783608000.0
1783608000.0,200.380005,200.858002,199.529999,200.729996,1774895.000000,1783608300.0
1783608300.0,200.750000,201.235001,200.654999,201.179993,1517895.000000,1783608600.0
1783608600.0,201.179993,201.225006,200.520004,200.882202,1863379.000000,1783608900.0
1783608900.0,200.875000,201.669998,200.845001,201.294998,1717639.000000,1783609200.0
1783609200.0,201.289993,201.500000,201.110107,201.384995,951847.000000,1783609500.0
1783609500.0,201.369995,201.899994,201.309998,201.869904,1171090.000000,1783609800.0
1783609800.0,201.860001,202.029999,201.360001,201.360001,1408460.000000,1783610100.0
1783610100.0,201.369995,201.550003,201.000000,201.250000,1085874.000000,1783610400.0
1783610400.0,201.279999,201.878693,201.240005,201.845001,915347.000000,1783610700.0
1783610700.0,201.850006,202.199997,201.660004,201.720001,1100377.000000,1783611000.0
1783611000.0,201.740005,201.779999,201.170303,201.279999,976620.000000,1783611300.0
1783611300.0,201.270004,201.509995,201.179993,201.470001,882561.000000,1783611600.0
1783611600.0,201.470001,201.703995,201.382996,201.389999,842080.000000,1783611900.0
1783611900.0,201.399994,201.809998,201.338196,201.725006,820431.000000,1783612200.0
1783612200.0,201.740005,202.123703,201.729996,201.994995,874035.000000,1783612500.0
1783612500.0,201.990005,202.029999,201.729996,201.740005,836257.000000,1783612800.0
1783612800.0,201.750000,202.220093,201.710007,202.110001,978172.000000,1783613100.0
1783613100.0,202.119904,202.508499,201.865005,201.910004,1082213.000000,1783613400.0
1783613400.0,201.899994,202.279999,201.830002,202.020004,2449535.000000,1783613700.0
1783613700.0,202.029999,202.289993,201.910004,202.072693,816580.000000,1783614000.0
1783614000.0,202.070007,202.304993,201.940002,202.259995,815008.000000,1783614300.0
1783614300.0,202.270004,202.360001,202.134995,202.176300,646021.000000,1783614600.0
1783614600.0,202.190002,202.559998,202.038300,202.038300,841440.000000,1783614900.0
1783614900.0,202.050003,202.149994,201.770004,201.949997,736231.000000,1783615200.0
1783615200.0,201.929993,202.178604,201.710007,201.779999,606371.000000,1783615500.0
1783615500.0,201.759995,201.820007,201.639999,201.718994,600802.000000,1783615800.0
1783615800.0,201.725006,201.990005,201.720093,201.989502,526439.000000,1783616100.0
1783616100.0,201.980103,201.990005,201.650101,201.710007,672765.000000,1783616400.0
1783616400.0,201.710007,202.279999,201.690094,202.240005,961022.000000,1783616700.0
1783616700.0,202.229996,203.130295,202.199997,202.860001,1436461.000000,1783617000.0
1783617000.0,202.860001,203.240005,202.860001,203.074997,1088900.000000,1783617300.0
1783617300.0,203.074997,203.330002,202.750000,202.849899,940248.000000,1783617600.0
1783617600.0,202.858994,203.139999,202.839996,203.005005,545163.000000,1783617900.0
1783617900.0,203.000000,203.020004,202.779999,202.830002,482486.000000,1783618200.0
1783618200.0,202.830002,203.039993,202.770004,202.830002,684444.000000,1783618500.0
1783618500.0,202.839996,203.279999,202.770004,203.220001,684699.000000,1783618800.0
1783618800.0,203.220505,203.309998,203.145004,203.179993,615447.000000,1783619100.0
1783619100.0,203.184998,203.429993,203.110107,203.229996,694886.000000,1783619400.0
1783619400.0,203.240005,203.449997,203.229996,203.369995,688662.000000,1783619700.0
1783619700.0,203.369995,203.529907,203.199997,203.320007,806262.000000,1783620000.0
1783620000.0,203.309998,203.389999,203.070007,203.110504,645995.000000,1783620300.0
1783620300.0,203.119995,203.550003,203.099899,203.449997,716482.000000,1783620600.0
1783620600.0,203.449997,203.449997,203.020294,203.220001,774496.000000,1783620900.0
1783620900.0,203.220001,203.490005,203.115005,203.300003,934182.000000,1783621200.0
1783621200.0,203.304993,203.307693,202.920105,203.110001,792025.000000,1783621500.0
1783621500.0,203.110001,203.529999,203.020004,203.509995,819636.000000,1783621800.0
1783621800.0,203.529999,204.039993,203.529999,203.779999,1651101.000000,1783622100.0
1783622100.0,203.779999,204.199997,203.750793,203.841995,1237878.000000,1783622400.0
1783622400.0,203.849899,204.050003,203.679993,204.005096,913322.000000,1783622700.0
1783622700.0,203.990005,204.009995,203.550003,203.580002,703437.000000,1783623000.0
1783623000.0,203.570007,203.889999,203.570007,203.720001,741321.000000,1783623300.0
1783623300.0,203.720001,203.729996,203.399994,203.470001,882996.000000,1783623600.0
1783623600.0,203.479996,203.520004,202.990005,203.020004,946828.000000,1783623900.0
1783623900.0,203.014999,203.300003,202.970001,203.250000,768622.000000,1783624200.0
1783624200.0,203.259995,203.509995,203.240005,203.390106,731916.000000,1783624500.0
1783624500.0,203.389999,204.289993,203.320099,204.264999,1389702.000000,1783624800.0
1783624800.0,204.264999,204.580002,204.170593,204.190002,1595430.000000,1783625100.0
1783625100.0,204.175003,204.199997,203.700104,203.789993,1065875.000000,1783625400.0
1783625400.0,203.779999,203.910004,203.500000,203.710007,1304578.000000,1783625700.0
1783625700.0,203.729996,204.130005,203.705002,203.979996,1029154.000000,1783626000.0
1783626000.0,203.975006,204.070007,203.660004,203.955002,976602.000000,1783626300.0
1783626300.0,203.950104,204.100006,203.850098,203.949997,1051250.000000,1783626600.0
1783626600.0,203.949997,203.960007,203.270004,203.330002,1712795.000000,1783626900.0
1783626900.0,203.369995,203.500000,202.589996,202.729996,3480462.000000,1783627200.0
1783690200.0,201.919998,204.399994,201.919998,204.145004,5679560.000000,1783690500.0
1783690500.0,204.110001,204.990005,203.414993,203.574997,2498755.000000,1783690800.0
1783690800.0,203.548492,204.990005,203.100006,204.619995,3308825.000000,1783691100.0
1783691100.0,204.639999,206.479996,204.380005,206.414993,3971134.000000,1783691400.0
1783691400.0,206.414993,206.738693,205.720001,206.345001,2725147.000000,1783691700.0
1783691700.0,206.354996,207.440002,205.779999,207.331497,2863201.000000,1783692000.0
1783692000.0,207.330002,208.020004,207.089996,207.149994,5411717.000000,1783692300.0
1783692300.0,207.160004,207.229996,205.899994,206.729904,2640553.000000,1783692600.0
1783692600.0,206.769897,208.139999,206.690002,208.002899,2306757.000000,1783692900.0
1783692900.0,208.020004,208.050003,206.820007,206.945099,1881104.000000,1783693200.0
1783693200.0,206.960007,207.057800,206.240005,206.789993,1535219.000000,1783693500.0
1783693500.0,206.770996,207.580002,206.559998,207.300003,1411964.000000,1783693800.0
1783693800.0,207.289993,207.839996,205.720001,207.205002,2667390.000000,1783694100.0
1783694100.0,207.229996,207.729996,207.095001,207.365005,1472107.000000,1783694400.0
1783694400.0,207.365005,207.460007,206.679993,206.929993,939289.000000,1783694700.0
1783694700.0,206.910004,207.009995,206.559998,206.947205,1122424.000000,1783695000.0
1783695000.0,206.949997,207.210007,206.389999,206.419998,1194148.000000,1783695300.0
1783695300.0,206.429993,206.570007,205.940002,206.100006,1426644.000000,1783695600.0
1783695600.0,206.110001,206.319901,205.874496,206.029999,2826273.000000,1783695900.0
1783695900.0,206.029999,207.179993,205.884995,207.149994,1437942.000000,1783696200.0
1783696200.0,207.169998,207.419998,207.080902,207.199997,1255940.000000,1783696500.0
1783696500.0,207.199997,207.949997,207.199997,207.779999,1660610.000000,1783696800.0
1783696800.0,207.789993,208.289993,207.690002,208.259995,2099651.000000,1783697100.0
1783697100.0,208.279999,208.800003,208.220993,208.570007,2121100.000000,1783697400.0
1783697400.0,208.589996,208.789993,208.380005,208.779999,1235058.000000,1783697700.0
1783697700.0,208.789993,209.479401,208.460007,209.229996,2328541.000000,1783698000.0
1783698000.0,209.240005,209.375000,207.660004,207.998993,2910935.000000,1783698300.0
1783698300.0,208.009995,209.259995,207.820007,209.259995,2167471.000000,1783698600.0
1783698600.0,209.259995,209.389999,208.740005,208.899994,1455071.000000,1783698900.0
1783698900.0,208.910004,209.100006,208.639999,209.018097,983205.000000,1783699200.0
1783699200.0,209.029999,209.419998,208.902298,209.300003,1436914.000000,1783699500.0
1783699500.0,209.300003,209.580002,209.179993,209.263596,1630732.000000,1783699800.0
1783699800.0,209.259995,209.339996,208.970001,209.060104,1089898.000000,1783700100.0
1783700100.0,209.080002,209.904999,209.020004,209.889801,1527151.000000,1783700400.0
1783700400.0,209.880005,210.559998,209.839996,210.539993,3215471.000000,1783700700.0
1783700700.0,210.539993,210.559998,209.768799,209.789993,1732621.000000,1783701000.0
1783701000.0,209.794998,210.315002,209.710007,210.264999,1277767.000000,1783701300.0
1783701300.0,210.269806,210.380005,209.830002,209.869995,1197661.000000,1783701600.0
1783701600.0,209.860001,210.009995,209.679993,209.815002,915052.000000,1783701900.0
1783701900.0,209.815002,210.020004,209.669998,209.774994,783320.000000,1783702200.0
1783702200.0,209.770004,210.009995,209.539993,209.730103,1045519.000000,1783702500.0
1783702500.0,209.730301,209.759995,209.410004,209.619995,983845.000000,1783702800.0
1783702800.0,209.615005,209.820007,209.480103,209.740005,799125.000000,1783703100.0
1783703100.0,209.750000,209.925003,209.580093,209.630005,1070130.000000,1783703400.0
1783703400.0,209.639999,210.190506,209.639999,209.860001,1044296.000000,1783703700.0
1783703700.0,209.869995,210.149994,209.660004,209.830002,805287.000000,1783704000.0
1783704000.0,209.835007,210.050003,209.830002,209.901993,676145.000000,1783704300.0
1783704300.0,209.919907,210.309998,209.899994,210.190002,1049335.000000,1783704600.0
1783704600.0,210.190002,210.425003,210.080002,210.289993,996927.000000,1783704900.0
1783704900.0,210.294998,210.710007,210.210007,210.529999,1397295.000000,1783705200.0
1783705200.0,210.529999,210.789993,210.460007,210.750000,1053575.000000,1783705500.0
1783705500.0,210.735992,210.879898,210.570007,210.639999,1363113.000000,1783705800.0
1783705800.0,210.645004,210.759995,210.380005,210.419998,1164779.000000,1783706100.0
1783706100.0,210.425003,210.524994,210.330002,210.380005,936897.000000,1783706400.0
1783706400.0,210.380005,210.845001,210.279999,210.455002,1954486.000000,1783706700.0
1783706700.0,210.440002,210.589996,210.009995,210.119995,994907.000000,1783707000.0
1783707000.0,210.110001,210.289993,209.960007,210.071396,931811.000000,1783707300.0
1783707300.0,210.074997,210.410004,209.929993,210.309998,1684902.000000,1783707600.0
1783707600.0,210.309998,210.429993,210.184998,210.409897,617561.000000,1783707900.0
1783707900.0,210.409897,210.529999,210.220001,210.309998,707898.000000,1783708200.0
1783708200.0,210.320007,210.429993,210.115005,210.365005,670129.000000,1783708500.0
1783708500.0,210.365005,210.365005,209.820007,209.860001,931816.000000,1783708800.0
1783708800.0,209.865005,210.169907,209.789993,209.975006,763632.000000,1783709100.0
1783709100.0,209.970001,210.039993,209.820007,209.939896,733588.000000,1783709400.0
1783709400.0,209.929993,210.089996,209.860001,210.044998,765180.000000,1783709700.0
1783709700.0,210.044998,210.259506,210.029999,210.130005,768132.000000,1783710000.0
1783710000.0,210.134995,210.409393,210.089996,210.369995,782745.000000,1783710300.0
1783710300.0,210.369995,210.739899,210.309998,210.434998,2410897.000000,1783710600.0
1783710600.0,210.429993,210.500000,210.149994,210.225006,990851.000000,1783710900.0
1783710900.0,210.225006,210.229996,209.839996,210.009995,1090701.000000,1783711200.0
1783711200.0,210.009995,210.059998,209.740005,209.994995,2554359.000000,1783711500.0
1783711500.0,209.994202,210.014999,209.800003,209.966095,1044939.000000,1783711800.0
1783711800.0,209.970001,210.289993,209.820007,209.893005,1255323.000000,1783712100.0
1783712100.0,209.899994,209.994995,209.770004,209.900101,1216516.000000,1783712400.0
1783712400.0,209.910004,210.018005,209.639999,209.639999,1431174.000000,1783712700.0
1783712700.0,209.639999,209.919998,209.559998,209.839996,1341549.000000,1783713000.0
1783713000.0,209.860001,210.279999,209.860001,210.229996,2243017.000000,1783713300.0
1783713300.0,210.220001,211.000000,210.169998,210.949997,5519708.000000,1783713600.0
1783949400.0,208.539993,210.300003,208.520004,209.899994,8157591.000000,1783949700.0
1783949700.0,209.919998,210.570007,208.610001,208.970001,2843140.000000,1783950000.0
1783950000.0,208.964996,209.130005,207.660004,208.110001,2528308.000000,1783950300.0
1783950300.0,208.100006,208.789993,207.779907,208.559998,1574859.000000,1783950600.0
1783950600.0,208.535004,208.799896,207.029999,207.119995,2197083.000000,1783950900.0
1783950900.0,207.110001,208.830002,207.020004,208.714996,1647625.000000,1783951200.0
1783951200.0,208.710007,209.210007,208.339996,208.765106,1912947.000000,1783951500.0
1783951500.0,208.764999,209.580002,208.660004,209.500000,1589672.000000,1783951800.0
1783951800.0,209.520004,209.529694,208.910004,209.110001,1068723.000000,1783952100.0
1783952100.0,209.115005,209.289993,207.710007,208.705002,1656216.000000,1783952400.0
1783952400.0,208.737900,209.220001,208.270096,209.070099,928249.000000,1783952700.0
1783952700.0,209.070007,209.134995,208.300003,208.630005,909828.000000,1783953000.0
1783953000.0,208.630005,208.880005,208.013901,208.279999,1007723.000000,1783953300.0
1783953300.0,208.270004,208.339996,207.520004,208.195099,1095484.000000,1783953600.0
1783953600.0,208.190002,208.198395,207.070007,207.309998,1325266.000000,1783953900.0
1783953900.0,207.315002,207.630005,206.979996,207.500000,1211987.000000,1783954200.0
1783954200.0,207.500000,207.625000,206.729996,206.789993,1232603.000000,1783954500.0
1783954500.0,206.770706,207.610001,206.639999,207.395004,1395015.000000,1783954800.0
1783954800.0,207.395004,207.630005,207.199997,207.289993,1016867.000000,1783955100.0
1783955100.0,207.289993,207.679993,207.070007,207.300003,975955.000000,1783955400.0
1783955400.0,207.309998,207.539993,207.110001,207.419998,999667.000000,1783955700.0
1783955700.0,207.419998,207.919998,207.309998,207.514999,1103847.000000,1783956000.0
1783956000.0,207.529999,208.014999,207.485001,207.792603,1014301.000000,1783956300.0
1783956300.0,207.789993,208.046997,207.610001,207.804993,944292.000000,1783956600.0
1783956600.0,207.809998,208.029999,207.429993,207.459900,771922.000000,1783956900.0
1783956900.0,207.440002,207.589996,207.190002,207.445007,1013510.000000,1783957200.0
1783957200.0,207.445007,207.499893,207.110001,207.160004,894094.000000,1783957500.0
1783957500.0,207.130005,207.192200,206.860001,207.085007,1137779.000000,1783957800.0
1783957800.0,207.100006,207.149994,206.732697,207.039993,960719.000000,1783958100.0
1783958100.0,207.029999,207.139999,206.669998,206.750000,821211.000000,1783958400.0
1783958400.0,206.750000,206.824997,206.059998,206.190002,1327890.000000,1783958700.0
1783958700.0,206.199997,206.300003,205.800003,206.100006,1603454.000000,1783959000.0
1783959000.0,206.100006,206.320007,206.009995,206.244995,829281.000000,1783959300.0
1783959300.0,206.240005,206.244095,205.869995,206.020004,906152.000000,1783959600.0
1783959600.0,206.024994,206.100006,205.759995,205.880005,687604.000000,1783959900.0
1783959900.0,205.869995,206.039993,205.570007,205.919998,1029808.000000,1783960200.0
1783960200.0,205.919998,205.919998,205.104996,205.139999,1238095.000000,1783960500.0
1783960500.0,205.139999,205.160004,204.520004,204.975006,1939788.000000,1783960800.0
1783960800.0,204.960007,205.302505,204.750000,205.130005,1108983.000000,1783961100.0
1783961100.0,205.134995,205.240005,204.694794,204.720001,783694.000000,1783961400.0
1783961400.0,204.699997,204.960007,204.320007,204.570496,972855.000000,1783961700.0
1783961700.0,204.570007,204.979996,204.399994,204.649994,980573.000000,1783962000.0
1783962000.0,204.639999,204.929993,204.559998,204.570007,707891.000000,1783962300.0
1783962300.0,204.559998,205.169907,204.490005,205.010101,803171.000000,1783962600.0
1783962600.0,205.039993,205.160004,204.550201,204.710007,892099.000000,1783962900.0
1783962900.0,204.710007,204.819901,204.259995,204.350006,870320.000000,1783963200.0
1783963200.0,204.324997,204.470001,204.110001,204.190002,1078811.000000,1783963500.0
1783963500.0,204.190002,204.240005,203.839996,204.240005,1532682.000000,1783963800.0
1783963800.0,204.250000,204.339996,203.970001,204.255005,800412.000000,1783964100.0
1783964100.0,204.250000,204.289993,203.779999,203.860001,813625.000000,1783964400.0
1783964400.0,203.865005,204.119995,203.710007,204.020004,965934.000000,1783964700.0
1783964700.0,204.029999,204.139999,203.680099,203.710007,736099.000000,1783965000.0
1783965000.0,203.699997,203.759995,203.470001,203.604996,984025.000000,1783965300.0
1783965300.0,203.610001,203.949997,203.574997,203.649994,758383.000000,1783965600.0
1783965600.0,203.645004,204.160004,203.600006,204.039993,958136.000000,1783965900.0
1783965900.0,204.029999,204.449997,204.009995,204.089996,933499.000000,1783966200.0
1783966200.0,204.089996,204.179993,203.759995,204.160004,1189693.000000,1783966500.0
1783966500.0,204.150299,204.229996,203.729996,203.860001,735650.000000,1783966800.0
1783966800.0,203.860001,204.160004,203.740005,204.125000,633679.000000,1783967100.0
1783967100.0,204.119995,204.139999,203.615601,203.630005,820735.000000,1783967400.0
1783967400.0,203.615005,204.070007,203.350006,203.770004,1183274.000000,1783967700.0
1783967700.0,203.774994,204.189804,203.720001,204.154999,651120.000000,1783968000.0
1783968000.0,204.154999,204.289993,204.009995,204.100006,651343.000000,1783968300.0
1783968300.0,204.119995,204.139999,203.899994,204.050003,632416.000000,1783968600.0
1783968600.0,204.044998,204.139999,203.820007,203.960007,582723.000000,1783968900.0
1783968900.0,203.960007,204.070007,203.539993,203.772095,930086.000000,1783969200.0
1783969200.0,203.800003,204.425797,203.660004,204.404999,837361.000000,1783969500.0
1783969500.0,204.419998,204.500000,203.800003,203.820496,911178.000000,1783969800.0
1783969800.0,203.824997,203.960098,203.600006,203.889999,787432.000000,1783970100.0
1783970100.0,203.869995,204.035004,203.740005,204.009995,906429.000000,1783970400.0
1783970400.0,204.020004,204.069000,203.550003,203.679993,854857.000000,1783970700.0
1783970700.0,203.664993,203.830002,203.549103,203.830002,865654.000000,1783971000.0
1783971000.0,203.850006,204.350006,203.820007,204.179993,1176377.000000,1783971300.0
1783971300.0,204.145004,204.149994,203.679993,203.710007,1172692.000000,1783971600.0
1783971600.0,203.720001,204.080002,203.610001,204.049896,964840.000000,1783971900.0
1783971900.0,204.039993,204.110001,203.750000,204.009995,1132558.000000,1783972200.0
1783972200.0,204.029999,204.500000,203.440002,203.649994,2628335.000000,1783972500.0
1783972500.0,203.669998,204.210007,203.419998,203.479996,4581356.000000,1783972800.0
1784035800.0,208.199997,208.339996,204.830002,204.926102,7988442.000000,1784036100.0
1784036100.0,204.899994,205.179993,204.220001,204.244995,2243354.000000,1784036400.0
1784036400.0,204.250000,204.550003,203.800003,204.205002,2148971.000000,1784036700.0
1784036700.0,204.199997,205.309998,204.199997,205.065002,2693225.000000,1784037000.0
1784037000.0,205.070007,205.529999,204.800003,205.142700,1700737.000000,1784037300.0
1784037300.0,205.149994,205.320007,204.839996,205.000000,900066.000000,1784037600.0
1784037600.0,204.990005,205.119995,204.399994,204.470093,1195606.000000,1784037900.0
1784037900.0,204.479996,204.899994,204.059998,204.440002,1132477.000000,1784038200.0
1784038200.0,204.410004,204.850006,204.199997,204.699997,911582.000000,1784038500.0
1784038500.0,204.649994,205.500000,204.226395,205.369995,1292395.000000,1784038800.0
1784038800.0,205.366394,205.830002,205.060501,205.138794,1672796.000000,1784039100.0
1784039100.0,205.154999,206.050003,204.929993,205.532196,1752537.000000,1784039400.0
1784039400.0,205.539993,207.429993,205.250000,207.009995,1834137.000000,1784039700.0
1784039700.0,206.975006,207.130005,206.539993,206.669998,1196142.000000,1784040000.0
1784040000.0,206.669998,206.749893,206.279999,206.509995,745409.000000,1784040300.0
1784040300.0,206.479996,206.805603,206.350006,206.490005,823965.000000,1784040600.0
1784040600.0,206.490005,207.339996,206.380005,207.330002,1061499.000000,1784040900.0
1784040900.0,207.330002,207.679993,207.255005,207.485001,1112563.000000,1784041200.0
1784041200.0,207.500000,207.800003,207.210007,207.505005,1399277.000000,1784041500.0
1784041500.0,207.500000,208.330002,207.445007,208.173096,1464680.000000,1784041800.0
1784041800.0,208.164993,208.300003,207.639999,207.779999,1122480.000000,1784042100.0
1784042100.0,207.779999,208.139999,207.763901,208.029999,924056.000000,1784042400.0
1784042400.0,208.035004,208.929993,207.919998,208.684998,1583819.000000,1784042700.0
1784042700.0,208.690094,209.139999,208.509995,209.100006,1336174.000000,1784043000.0
1784043000.0,209.119995,209.179993,208.429993,208.929993,1388139.000000,1784043300.0
1784043300.0,208.925003,209.050003,208.630005,208.919998,927851.000000,1784043600.0
1784043600.0,208.919998,209.309998,208.550003,209.130096,1068327.000000,1784043900.0
1784043900.0,209.130005,209.318802,208.822693,208.839996,943509.000000,1784044200.0
1784044200.0,208.839996,208.924805,208.320007,208.848495,1003078.000000,1784044500.0
1784044500.0,208.866699,209.219894,208.690002,209.169998,990829.000000,1784044800.0
1784044800.0,209.188202,209.270004,208.500000,208.850006,1179878.000000,1784045100.0
1784045100.0,208.820007,208.899994,208.600006,208.649704,842685.000000,1784045400.0
1784045400.0,208.645004,208.742905,208.310104,208.559998,790433.000000,1784045700.0
1784045700.0,208.574997,209.199997,208.369995,209.160004,919037.000000,1784046000.0
1784046000.0,209.149994,209.490005,208.949997,209.310104,1196365.000000,1784046300.0
1784046300.0,209.320007,209.585007,209.220001,209.554993,938503.000000,1784046600.0
1784046600.0,209.559998,209.899994,209.300003,209.880005,1080812.000000,1784046900.0
1784046900.0,209.880005,209.899994,209.309998,209.717896,906739.000000,1784047200.0
1784047200.0,209.710007,210.259506,209.639999,210.080002,1589034.000000,1784047500.0
1784047500.0,210.089996,210.229004,209.800003,210.104996,1456861.000000,1784047800.0
1784047800.0,210.100006,210.460007,210.029999,210.240005,1076418.000000,1784048100.0
1784048100.0,210.259506,210.914993,210.240295,210.869995,1276884.000000,1784048400.0
1784048400.0,210.869995,211.350006,210.800003,211.130005,2018850.000000,1784048700.0
1784048700.0,211.139999,211.500000,211.100098,211.200104,1449513.000000,1784049000.0
1784049000.0,211.210007,211.350006,211.000000,211.210007,1057050.000000,1784049300.0
1784049300.0,211.199997,211.520004,210.889999,211.210007,1368812.000000,1784049600.0
1784049600.0,211.220001,211.490005,211.160004,211.255005,967039.000000,1784049900.0
1784049900.0,211.259705,211.350006,210.940002,211.029999,774554.000000,1784050200.0
1784050200.0,211.029999,211.240005,210.600006,210.669907,938133.000000,1784050500.0
1784050500.0,210.699997,210.899902,210.509995,210.729996,827192.000000,1784050800.0
1784050800.0,210.740005,210.789993,210.520004,210.769897,629196.000000,1784051100.0
1784051100.0,210.759995,211.130005,210.690002,211.024002,832420.000000,1784051400.0
1784051400.0,211.055496,211.389999,211.055496,211.330002,777761.000000,1784051700.0
1784051700.0,211.330002,211.483704,211.220001,211.310104,847384.000000,1784052000.0
1784052000.0,211.320007,211.500000,211.149994,211.425003,865942.000000,1784052300.0
1784052300.0,211.419998,211.610001,211.169998,211.570099,975145.000000,1784052600.0
1784052600.0,211.570099,212.009995,211.520004,211.914993,1483969.000000,1784052900.0
1784052900.0,211.910004,212.080002,211.850006,211.955002,1089557.000000,1784053200.0
1784053200.0,211.949997,212.100006,211.690002,211.740005,980050.000000,1784053500.0
1784053500.0,211.740005,211.830002,211.570007,211.779694,882175.000000,1784053800.0
1784053800.0,211.779999,212.289902,211.725006,212.285004,1171076.000000,1784054100.0
1784054100.0,212.280502,212.539993,212.050003,212.169998,1284440.000000,1784054400.0
1784054400.0,212.160004,212.248505,211.919998,212.095001,1038076.000000,1784054700.0
1784054700.0,212.080002,212.249100,211.910004,211.985504,763291.000000,1784055000.0
1784055000.0,211.979996,212.429993,211.949997,212.380005,815356.000000,1784055300.0
1784055300.0,212.380005,212.399994,212.279999,212.320007,752657.000000,1784055600.0
1784055600.0,212.320007,212.330704,211.839996,211.945007,945923.000000,1784055900.0
1784055900.0,211.955002,212.070007,211.630005,211.630005,754540.000000,1784056200.0
1784056200.0,211.639999,211.919998,211.460007,211.729996,977617.000000,1784056500.0
1784056500.0,211.729996,211.979996,211.679993,211.949997,908288.000000,1784056800.0
1784056800.0,211.949997,212.225006,211.910004,212.014999,1064324.000000,1784057100.0
1784057100.0,212.009995,212.115005,211.259995,211.274994,1138933.000000,1784057400.0
1784057400.0,211.279999,211.619995,211.020004,211.615005,1342399.000000,1784057700.0
1784057700.0,211.615005,211.720001,211.070007,211.220001,1165175.000000,1784058000.0
1784058000.0,211.210007,211.875000,211.089996,211.744995,1250706.000000,1784058300.0
1784058300.0,211.750000,211.979996,211.670593,211.919998,1191903.000000,1784058600.0
1784058600.0,211.910004,212.300003,211.539993,212.179993,2516869.000000,1784058900.0
1784058900.0,212.190002,212.210007,211.479996,211.800003,4550824.000000,1784059200.0
1784122200.0,212.009995,213.809998,211.160095,213.360001,7197443.000000,1784122500.0
1784122500.0,213.350006,213.630005,211.460007,212.070007,2165083.000000,1784122800.0
1784122800.0,212.074997,212.419998,211.300003,212.009598,1746560.000000,1784123100.0
1784123100.0,211.994995,212.050003,211.259995,211.340393,1662588.000000,1784123400.0
1784123400.0,211.419998,211.490005,210.710007,211.065002,1558358.000000,1784123700.0
1784123700.0,211.035004,211.990005,210.809998,211.990005,1476539.000000,1784124000.0
1784124000.0,211.979996,212.079895,210.580002,210.639999,1525739.000000,1784124300.0
1784124300.0,210.649994,211.559998,210.279999,211.489197,1527710.000000,1784124600.0
1784124600.0,211.505005,211.969894,211.285995,211.354996,1096007.000000,1784124900.0
1784124900.0,211.365005,211.970001,211.149994,211.660004,1141335.000000,1784125200.0
1784125200.0,211.649994,211.649994,209.809998,209.949997,1686512.000000,1784125500.0
1784125500.0,209.940002,210.770004,209.360001,210.679993,1732944.000000,1784125800.0
1784125800.0,210.679993,210.820007,209.782303,210.600006,1465930.000000,1784126100.0
1784126100.0,210.600006,210.710007,209.649994,209.744995,1231113.000000,1784126400.0
1784126400.0,209.759995,210.229996,209.365005,209.985001,1388136.000000,1784126700.0
1784126700.0,209.929993,210.679993,209.570099,210.510101,1259802.000000,1784127000.0
1784127000.0,210.524994,210.639999,209.839996,210.119904,891040.000000,1784127300.0
1784127300.0,210.119995,210.449997,209.880005,210.029999,1267067.000000,1784127600.0
1784127600.0,210.035004,210.039993,209.447205,209.480103,1011310.000000,1784127900.0
1784127900.0,209.500000,210.210007,209.410004,209.945007,1541763.000000,1784128200.0
1784128200.0,209.959900,209.960007,209.089996,209.119995,1013298.000000,1784128500.0
1784128500.0,209.113007,209.205002,208.369995,208.899994,1657546.000000,1784128800.0
1784128800.0,208.889999,209.050003,208.550003,208.919998,961664.000000,1784129100.0
1784129100.0,208.949997,209.520004,208.809998,209.500000,943016.000000,1784129400.0
1784129400.0,209.505005,209.737793,209.350006,209.460007,854314.000000,1784129700.0
1784129700.0,209.429993,209.455002,208.960007,209.320007,717919.000000,1784130000.0
1784130000.0,209.330002,209.330002,208.770004,208.899506,669488.000000,1784130300.0
1784130300.0,208.899994,208.979996,208.450607,208.919998,2086971.000000,1784130600.0
1784130600.0,208.889999,208.910004,208.375000,208.559998,873922.000000,1784130900.0
1784130900.0,208.570007,208.789993,208.369995,208.640106,1274013.000000,1784131200.0
1784131200.0,208.600006,208.770004,207.630005,207.820007,1776033.000000,1784131500.0
1784131500.0,207.809998,207.880005,206.910004,207.362000,2218335.000000,1784131800.0
1784131800.0,207.369995,207.490005,206.831894,206.942001,1639834.000000,1784132100.0
1784132100.0,206.940094,207.289993,206.809998,206.964996,1327079.000000,1784132400.0
1784132400.0,206.970001,207.039993,206.520004,206.619995,1063015.000000,1784132700.0
1784132700.0,206.630005,207.000000,206.595001,206.860001,826408.000000,1784133000.0
1784133000.0,206.854996,207.100006,206.220001,206.354095,1655603.000000,1784133300.0
1784133300.0,206.380005,206.490005,206.130005,206.369995,1058997.000000,1784133600.0
1784133600.0,206.375000,206.684998,206.039993,206.669998,1209542.000000,1784133900.0
1784133900.0,206.677399,207.779999,206.500000,207.065002,1620357.000000,1784134200.0
1784134200.0,207.059998,207.639999,207.020004,207.420105,1042034.000000,1784134500.0
1784134500.0,207.429901,207.500000,206.770004,207.279999,891325.000000,1784134800.0
1784134800.0,207.300003,207.889999,207.190002,207.710007,878680.000000,1784135100.0
1784135100.0,207.720001,208.369904,207.649994,208.229996,1166591.000000,1784135400.0
1784135400.0,208.229996,208.309998,207.899994,207.949997,983952.000000,1784135700.0
1784135700.0,207.960007,208.990005,207.919998,208.970001,1141950.000000,1784136000.0
1784136000.0,208.955002,209.109894,208.669998,209.000000,911715.000000,1784136300.0
1784136300.0,209.000000,209.099899,208.679993,209.029999,829367.000000,1784136600.0
1784136600.0,209.029999,209.409897,209.022003,209.220093,978272.000000,1784136900.0
1784136900.0,209.225098,209.339996,209.020004,209.139999,601020.000000,1784137200.0
1784137200.0,209.139999,209.250000,208.860001,209.119995,657936.000000,1784137500.0
1784137500.0,209.129898,209.580002,209.050095,209.550003,839243.000000,1784137800.0
1784137800.0,209.559998,209.789993,209.410004,209.669998,762071.000000,1784138100.0
1784138100.0,209.701096,209.804993,209.550003,209.639999,1400239.000000,1784138400.0
1784138400.0,209.619995,211.000000,209.580002,210.360107,1355522.000000,1784138700.0
1784138700.0,210.360001,210.389999,210.100006,210.304993,759029.000000,1784139000.0
1784139000.0,210.289993,210.520004,210.199997,210.369995,687979.000000,1784139300.0
1784139300.0,210.384995,210.384995,209.919998,210.130005,645307.000000,1784139600.0
1784139600.0,210.100006,210.649994,210.029999,210.535004,804118.000000,1784139900.0
1784139900.0,210.549896,210.750000,210.369995,210.470001,621649.000000,1784140200.0
1784140200.0,210.490005,210.630005,210.429993,210.539993,535965.000000,1784140500.0
1784140500.0,210.529999,210.570007,210.210007,210.300003,577629.000000,1784140800.0
1784140800.0,210.289993,210.719894,210.229996,210.380005,875057.000000,1784141100.0
1784141100.0,210.380005,210.660004,210.250000,210.485001,694641.000000,1784141400.0
1784141400.0,210.470001,210.494995,209.850006,210.123993,859862.000000,1784141700.0
1784141700.0,210.110001,210.580002,210.070007,210.270004,878889.000000,1784142000.0
1784142000.0,210.279999,211.490005,210.190002,211.380798,1258193.000000,1784142300.0
1784142300.0,211.389999,212.009995,211.324997,211.630005,1668584.000000,1784142600.0
1784142600.0,211.610001,211.889999,211.309998,211.645004,1318978.000000,1784142900.0
1784142900.0,211.639999,211.740005,210.929993,210.929993,1131576.000000,1784143200.0
1784143200.0,210.919998,210.929993,210.410004,210.660004,1018591.000000,1784143500.0
1784143500.0,210.649994,211.078003,210.501205,210.968506,805486.000000,1784143800.0
1784143800.0,211.000000,211.429993,210.910004,211.050003,1027145.000000,1784144100.0
1784144100.0,211.050003,211.499405,210.910004,211.470001,756583.000000,1784144400.0
1784144400.0,211.460007,211.850006,211.399994,211.720001,1266817.000000,1784144700.0
1784144700.0,211.699997,211.740005,211.259995,211.380005,1282037.000000,1784145000.0
1784145000.0,211.389999,212.169998,211.389999,211.940002,2770495.000000,1784145300.0
1784145300.0,211.979996,212.569305,211.975006,212.490005,4484608.000000,1784145600.0
1784208600.0,210.264999,211.080002,209.350006,209.399994,6672207.000000,1784208900.0
1784208900.0,209.419998,209.550003,208.220001,208.478104,1886173.000000,1784209200.0
1784209200.0,208.479996,209.277100,207.475006,207.785004,2511973.000000,1784209500.0
1784209500.0,207.539993,207.800003,207.179993,207.350006,1790341.000000,1784209800.0
1784209800.0,207.336105,208.460007,207.190002,207.820007,1754770.000000,1784210100.0
1784210100.0,207.839996,208.429993,207.389999,207.500000,1655797.000000,1784210400.0
1784210400.0,207.479996,207.934006,207.289993,207.649902,1299230.000000,1784210700.0
1784210700.0,207.654999,208.529999,207.529999,208.360001,1613694.000000,1784211000.0
1784211000.0,208.360001,208.649994,207.880005,208.589996,1331957.000000,1784211300.0
1784211300.0,208.585007,209.270004,208.410004,208.759995,1671133.000000,1784211600.0
1784211600.0,208.755005,208.883301,207.913895,208.330399,1179061.000000,1784211900.0
1784211900.0,208.334793,208.979996,208.000000,208.969894,1254129.000000,1784212200.0
1784212200.0,208.949997,208.990005,208.350098,208.815002,886514.000000,1784212500.0
1784212500.0,208.774994,209.149994,208.220001,208.289993,846353.000000,1784212800.0
1784212800.0,208.270203,208.360001,207.630005,207.845001,1231661.000000,1784213100.0
1784213100.0,207.839996,208.009995,207.520004,207.550095,938789.000000,1784213400.0
1784213400.0,207.559998,207.630005,206.100006,206.509995,2630901.000000,1784213700.0
1784213700.0,206.509995,206.684998,206.000000,206.485001,1750759.000000,1784214000.0
1784214000.0,206.500000,206.750000,206.119995,206.309998,1301207.000000,1784214300.0
1784214300.0,206.309998,206.429993,205.850006,206.410004,1787948.000000,1784214600.0
1784214600.0,206.419998,206.750000,205.865005,206.029999,1324661.000000,1784214900.0
1784214900.0,206.009995,206.600006,205.899994,206.570099,1133924.000000,1784215200.0
1784215200.0,206.570007,206.679993,206.059906,206.630005,2930701.000000,1784215500.0
1784215500.0,206.660004,207.097000,206.470093,207.059998,1240349.000000,1784215800.0
1784215800.0,207.029999,207.459305,206.710007,207.350006,905854.000000,1784216100.0
1784216100.0,207.350006,207.733902,206.979996,207.679993,877473.000000,1784216400.0
1784216400.0,207.669998,207.869995,207.203995,207.440002,859281.000000,1784216700.0
1784216700.0,207.414993,207.610001,207.059998,207.530106,848483.000000,1784217000.0
1784217000.0,207.544998,207.940002,207.529999,207.679993,893141.000000,1784217300.0
1784217300.0,207.675003,207.750000,207.339996,207.600006,787371.000000,1784217600.0
1784217600.0,207.600006,208.169998,207.399994,207.529999,1374255.000000,1784217900.0
1784217900.0,207.529999,207.539993,206.932007,207.039993,1021962.000000,1784218200.0
1784218200.0,207.039993,207.044998,206.464401,206.649994,875745.000000,1784218500.0
1784218500.0,206.639999,207.160004,206.470093,207.054993,865972.000000,1784218800.0
1784218800.0,207.054993,207.054993,206.539993,206.824997,873161.000000,1784219100.0
1784219100.0,206.830002,212.500000,206.630005,207.220001,756369.000000,1784219400.0
1784219400.0,207.229996,207.815002,207.199997,207.604599,785723.000000,1784219700.0
1784219700.0,207.580002,207.604996,207.130005,207.195007,669037.000000,1784220000.0
1784220000.0,207.184998,207.457703,207.100006,207.300003,994194.000000,1784220300.0
1784220300.0,207.300003,207.410004,206.820007,206.960007,786167.000000,1784220600.0
1784220600.0,206.960007,207.410004,206.880005,207.384995,721770.000000,1784220900.0
1784220900.0,207.382202,207.589996,207.130005,207.199997,642245.000000,1784221200.0
1784221200.0,207.205002,207.240005,206.619995,207.100006,832946.000000,1784221500.0
1784221500.0,207.110001,207.610001,206.950104,207.520004,844676.000000,1784221800.0
1784221800.0,207.509995,207.699997,207.059998,207.085007,702721.000000,1784222100.0
1784222100.0,207.104996,207.210007,206.750000,207.190002,724990.000000,1784222400.0
1784222400.0,207.179993,207.279999,206.929993,207.000000,633161.000000,1784222700.0
1784222700.0,206.960007,207.349899,206.960007,207.322601,562141.000000,1784223000.0
1784223000.0,207.330002,207.449997,206.940002,206.970001,780498.000000,1784223300.0
1784223300.0,206.975006,207.024994,206.724899,206.785004,600425.000000,1784223600.0
1784223600.0,206.789993,206.809998,206.009995,206.179993,1134122.000000,1784223900.0
1784223900.0,206.199905,206.600006,205.875000,206.580002,1187082.000000,1784224200.0
1784224200.0,206.580002,206.830002,206.520004,206.619995,708855.000000,1784224500.0
1784224500.0,206.630005,206.750000,206.419998,206.678299,551302.000000,1784224800.0
1784224800.0,206.679993,206.839996,206.400101,206.479996,591153.000000,1784225100.0
1784225100.0,206.490005,206.860001,206.274994,206.860001,848188.000000,1784225400.0
1784225400.0,206.860001,207.240005,206.750107,206.820007,869581.000000,1784225700.0
1784225700.0,206.809998,207.119995,206.589996,207.039993,723292.000000,1784226000.0
1784226000.0,207.039993,207.326996,206.979996,207.300003,3233359.000000,1784226300.0
1784226300.0,207.285004,207.380005,206.809998,206.889999,654462.000000,1784226600.0
1784226600.0,206.880005,206.960007,206.660095,206.699997,651220.000000,1784226900.0
1784226900.0,206.690094,206.899994,206.559998,206.809998,628031.000000,1784227200.0
1784227200.0,206.820007,206.989899,206.520004,206.949997,695083.000000,1784227500.0
1784227500.0,206.940002,207.350006,206.869995,207.225006,745729.000000,1784227800.0
1784227800.0,207.235001,207.419998,207.020004,207.069595,570492.000000,1784228100.0
1784228100.0,207.070007,207.259995,206.919998,207.020004,626846.000000,1784228400.0
1784228400.0,207.000000,207.630005,207.000000,207.559998,1045562.000000,1784228700.0
1784228700.0,207.550003,207.660004,206.850098,206.979996,1091231.000000,1784229000.0
1784229000.0,206.970001,207.125000,206.683197,206.820007,868537.000000,1784229300.0
1784229300.0,206.809998,207.065002,206.630005,206.839996,928152.000000,1784229600.0
1784229600.0,206.839996,207.190002,206.500000,206.638596,1139200.000000,1784229900.0
1784229900.0,206.619995,206.649994,206.139999,206.470001,965933.000000,1784230200.0
1784230200.0,206.460007,206.579895,206.104507,206.539993,1084966.000000,1784230500.0
1784230500.0,206.539993,206.550003,206.080002,206.250000,1265767.000000,1784230800.0
1784230800.0,206.229996,206.289993,205.940002,206.059998,1326492.000000,1784231100.0
1784231100.0,206.050003,206.240005,205.970001,206.082596,2076019.000000,1784231400.0
1784231400.0,206.089996,206.899994,206.089996,206.559998,3298317.000000,1784231700.0
1784231700.0,206.589996,207.539993,206.470001,207.470001,5139650.000000,1784232000.0
1784295000.0,202.735001,202.735001,199.940002,200.225006,17223231.000000,1784295300.0
1784295300.0,200.210007,200.639999,199.410004,199.429993,4885672.000000,1784295600.0
1784295600.0,199.429993,199.979996,197.970001,198.345001,4891151.000000,1784295900.0
1784295900.0,198.330994,199.610001,198.259995,199.244995,3128718.000000,1784296200.0
1784296200.0,199.229996,200.559998,199.029999,200.539993,2628981.000000,1784296500.0
1784296500.0,200.550003,201.729904,200.000000,201.664993,6617635.000000,1784296800.0
1784296800.0,201.690002,203.029999,201.520004,202.680496,2844450.000000,1784297100.0
1784297100.0,202.699997,204.979996,202.684494,204.639999,3055265.000000,1784297400.0
1784297400.0,204.660004,205.539993,204.039993,204.490005,2795702.000000,1784297700.0
1784297700.0,204.500000,206.199997,204.199997,205.054993,3077420.000000,1784298000.0
1784298000.0,205.059998,205.639999,204.429993,204.684998,1793964.000000,1784298300.0
1784298300.0,204.693298,204.969894,203.600006,203.800003,1389901.000000,1784298600.0
1784298600.0,203.820007,204.389999,202.900101,203.580093,1984680.000000,1784298900.0
1784298900.0,203.600006,204.645004,203.570007,204.539993,1406681.000000,1784299200.0
1784299200.0,204.429993,204.500000,203.020004,203.250000,2124076.000000,1784299500.0
1784299500.0,203.244995,204.149994,202.766006,203.919998,1849027.000000,1784299800.0
1784299800.0,203.910095,204.289993,203.429993,203.589996,1677551.000000,1784300100.0
1784300100.0,203.580002,204.199997,202.975006,203.010193,1001558.000000,1784300400.0
1784300400.0,203.009995,203.300003,202.440704,202.475006,1479781.000000,1784300700.0
1784300700.0,202.471802,203.309906,202.369995,203.214996,1224448.000000,1784301000.0
1784301000.0,203.179993,203.479996,202.820007,203.279999,1026610.000000,1784301300.0
1784301300.0,203.285095,203.889893,203.089996,203.679993,1009105.000000,1784301600.0
1784301600.0,203.690002,204.039993,203.139999,203.479996,1079380.000000,1784301900.0
1784301900.0,203.508499,204.059998,203.440002,203.925003,866688.000000,1784302200.0
1784302200.0,203.925003,204.460007,203.839996,204.169998,1044007.000000,1784302500.0
1784302500.0,204.139999,205.000000,203.869995,204.720093,1207685.000000,1784302800.0
1784302800.0,204.744995,204.889999,204.042999,204.425003,1374248.000000,1784303100.0
1784303100.0,204.399994,204.889999,204.289993,204.854294,788945.000000,1784303400.0
1784303400.0,204.839996,205.000000,204.539993,205.000000,718772.000000,1784303700.0
1784303700.0,205.009995,205.399902,204.931793,205.119995,1339578.000000,1784304000.0
1784304000.0,205.119995,205.380005,204.341003,204.509995,1332978.000000,1784304300.0
1784304300.0,204.505005,204.740005,204.000000,204.720093,886843.000000,1784304600.0
1784304600.0,204.720001,205.050003,204.460007,205.020004,1796014.000000,1784304900.0
1784304900.0,205.039993,205.250000,204.869995,205.164993,944614.000000,1784305200.0
1784305200.0,205.160004,205.294998,204.169998,204.250000,946360.000000,1784305500.0
1784305500.0,204.255005,204.945007,204.190308,204.835007,880652.000000,1784305800.0
1784305800.0,204.824997,205.199997,204.559998,205.115005,840329.000000,1784306100.0
1784306100.0,205.119995,205.220001,204.820007,204.975006,562780.000000,1784306400.0
1784306400.0,204.975006,205.322006,204.750000,205.300003,610024.000000,1784306700.0
1784306700.0,205.330002,205.880005,205.169998,205.850006,801734.000000,1784307000.0
1784307000.0,205.860001,206.149994,205.744507,206.029999,1094710.000000,1784307300.0
1784307300.0,206.029999,206.160004,205.470001,205.610001,1274458.000000,1784307600.0
1784307600.0,205.619995,206.149994,205.580002,205.865005,910186.000000,1784307900.0
1784307900.0,205.860001,206.639893,205.809998,206.499496,989092.000000,1784308200.0
1784308200.0,206.494995,206.645004,206.139999,206.164993,787734.000000,1784308500.0
1784308500.0,206.164993,206.375000,205.820007,205.880005,804511.000000,1784308800.0
1784308800.0,205.860001,205.860001,205.350998,205.705002,989797.000000,1784309100.0
1784309100.0,205.705002,206.179993,205.684998,206.134995,695057.000000,1784309400.0
1784309400.0,206.139999,206.229996,205.660004,205.719894,677671.000000,1784309700.0
1784309700.0,205.720001,205.800003,205.250000,205.429993,805976.000000,1784310000.0
1784310000.0,205.425003,205.490005,205.110001,205.309998,570008.000000,1784310300.0
1784310300.0,205.315002,205.500000,205.130005,205.199997,608481.000000,1784310600.0
1784310600.0,205.210007,205.274994,204.929993,204.985001,664792.000000,1784310900.0
1784310900.0,204.979996,205.009995,204.250000,204.410004,882453.000000,1784311200.0
1784311200.0,204.423004,204.707397,204.369995,204.380005,729406.000000,1784311500.0
1784311500.0,204.375000,204.375000,203.839996,203.880005,975419.000000,1784311800.0
1784311800.0,203.889999,204.000000,203.602707,203.634995,637242.000000,1784312100.0
1784312100.0,203.639999,203.699997,202.990005,203.384995,1099078.000000,1784312400.0
1784312400.0,203.384995,203.589996,203.070007,203.320007,853607.000000,1784312700.0
1784312700.0,203.324997,203.440002,203.080002,203.395798,725902.000000,1784313000.0
1784313000.0,203.360001,203.899994,203.169998,203.304993,1038329.000000,1784313300.0
1784313300.0,203.300003,203.520004,203.190002,203.339996,813543.000000,1784313600.0
1784313600.0,203.350006,203.399994,202.800003,203.070007,850326.000000,1784313900.0
1784313900.0,203.070007,203.470001,202.960007,203.225006,731336.000000,1784314200.0
1784314200.0,203.225006,203.626999,203.059998,203.595001,645027.000000,1784314500.0
1784314500.0,203.609894,203.670898,203.130096,203.304993,982489.000000,1784314800.0
1784314800.0,203.294998,203.380005,202.970001,203.089996,752949.000000,1784315100.0
1784315100.0,203.100006,203.145004,202.680496,202.729996,834297.000000,1784315400.0
1784315400.0,202.740005,202.770004,202.110001,202.270004,1337181.000000,1784315700.0
1784315700.0,202.259995,202.315002,201.630096,202.225006,1741795.000000,1784316000.0
1784316000.0,202.220001,202.350006,202.080002,202.110001,932265.000000,1784316300.0
1784316300.0,202.100006,203.110001,201.960007,202.964996,1172079.000000,1784316600.0
1784316600.0,202.970001,203.304993,202.770004,202.959900,1542267.000000,1784316900.0
1784316900.0,202.940002,203.330002,202.600006,202.600693,1217673.000000,1784317200.0
1784317200.0,202.619995,203.289993,202.520004,203.045105,1251893.000000,1784317500.0
1784317500.0,203.029999,203.539993,202.850006,203.399994,1236706.000000,1784317800.0
1784317800.0,203.410004,203.820007,203.309998,203.509995,1667978.000000,1784318100.0
1784318100.0,203.550003,203.599899,202.580002,202.639999,4096417.000000,1784318400.0
1784554200.0,205.975006,207.339996,205.080002,206.750000,6712839.000000,1784554500.0
1784554500.0,206.759995,207.740005,206.610001,206.955002,2409564.000000,1784554800.0
1784554800.0,206.960007,207.610001,206.758804,207.199997,1673707.000000,1784555100.0
1784555100.0,207.199997,207.299896,206.664993,207.110001,1382118.000000,1784555400.0
1784555400.0,207.130005,207.210007,206.050003,206.250000,1414144.000000,1784555700.0
1784555700.0,206.244995,206.470001,205.598801,205.854996,1180823.000000,1784556000.0
1784556000.0,205.850006,206.579895,205.514999,206.220001,1366523.000000,1784556300.0
1784556300.0,206.239899,206.490005,205.870193,206.210007,858181.000000,1784556600.0
1784556600.0,206.200104,206.200104,205.270004,205.699997,948872.000000,1784556900.0
1784556900.0,205.720001,205.720001,204.960007,205.130005,1123470.000000,1784557200.0
1784557200.0,205.130005,205.610001,204.660004,205.509995,1156200.000000,1784557500.0
1784557500.0,205.509995,205.990005,205.505005,205.934998,991134.000000,1784557800.0
1784557800.0,205.926102,206.250000,205.529999,205.550003,1182281.000000,1784558100.0
1784558100.0,205.570007,205.789902,205.210007,205.433197,759813.000000,1784558400.0
1784558400.0,205.410004,205.800003,205.410004,205.514999,660847.000000,1784558700.0
1784558700.0,205.529999,205.889999,205.160004,205.199997,744044.000000,1784559000.0
1784559000.0,205.179993,205.320007,204.580093,204.720001,744863.000000,1784559300.0
1784559300.0,204.720001,204.990005,204.600006,204.875000,754015.000000,1784559600.0
1784559600.0,204.875000,205.669998,204.710602,205.389999,988653.000000,1784559900.0
1784559900.0,205.390396,206.009995,204.990005,205.979996,924606.000000,1784560200.0
1784560200.0,205.964996,206.080002,205.645004,205.779999,737833.000000,1784560500.0
1784560500.0,205.789993,206.199997,205.630005,205.919998,805061.000000,1784560800.0
1784560800.0,205.910004,206.470505,205.779999,206.134995,910843.000000,1784561100.0
1784561100.0,206.134995,206.505005,205.970001,206.490005,1021015.000000,1784561400.0
1784561400.0,206.460495,206.535004,206.160004,206.160004,685675.000000,1784561700.0
1784561700.0,206.175003,206.190002,205.580002,205.639999,630346.000000,1784562000.0
1784562000.0,205.649994,206.195007,205.500000,206.130005,750170.000000,1784562300.0
1784562300.0,206.130005,206.190002,204.779999,204.910004,1086884.000000,1784562600.0
1784562600.0,204.899994,205.589996,204.809998,205.565002,794476.000000,1784562900.0
1784562900.0,205.563507,206.029999,205.559998,205.920105,636357.000000,1784563200.0
1784563200.0,205.940002,206.220001,205.745499,205.964996,706946.000000,1784563500.0
1784563500.0,205.960007,206.330002,205.940002,206.169998,575333.000000,1784563800.0
1784563800.0,206.169998,206.335007,205.820007,205.889893,532891.000000,1784564100.0
1784564100.0,205.885300,205.910004,205.520004,205.649994,613906.000000,1784564400.0
1784564400.0,205.669998,205.768005,205.410004,205.490005,500991.000000,1784564700.0
1784564700.0,205.490005,205.522797,205.130005,205.274994,520282.000000,1784565000.0
1784565000.0,205.289993,205.360001,204.875000,204.889999,631684.000000,1784565300.0
1784565300.0,204.889999,205.195007,204.869995,205.130005,654603.000000,1784565600.0
1784565600.0,205.125000,205.199997,204.289993,204.309998,1174344.000000,1784565900.0
1784565900.0,204.320007,204.815002,204.199997,204.649994,625362.000000,1784566200.0
1784566200.0,204.664993,204.664993,203.899994,203.929993,800989.000000,1784566500.0
1784566500.0,203.919998,204.070007,203.660004,204.020004,748640.000000,1784566800.0
1784566800.0,204.029999,204.100006,203.638901,203.649994,662712.000000,1784567100.0
1784567100.0,203.649994,203.720001,203.500000,203.619995,533010.000000,1784567400.0
1784567400.0,203.600006,203.610001,203.110001,203.199997,768667.000000,1784567700.0
1784567700.0,203.199997,203.710007,203.042603,203.679993,797836.000000,1784568000.0
1784568000.0,203.670105,203.875000,203.580002,203.740005,765223.000000,1784568300.0
1784568300.0,203.740005,203.919998,203.614502,203.789993,520969.000000,1784568600.0
1784568600.0,203.789993,204.050003,203.650101,203.940002,516927.000000,1784568900.0
1784568900.0,203.929993,204.259995,203.899994,204.100006,584474.000000,1784569200.0
1784569200.0,204.100006,204.139694,203.850098,203.975006,423009.000000,1784569500.0
1784569500.0,203.979996,204.419998,203.975006,204.279999,556719.000000,1784569800.0
1784569800.0,204.274994,204.729996,204.240005,204.604996,562586.000000,1784570100.0
1784570100.0,204.600006,204.649994,204.270004,204.434998,597439.000000,1784570400.0
1784570400.0,204.470001,204.889999,204.453903,204.639999,553615.000000,1784570700.0
1784570700.0,204.649994,204.779999,204.550003,204.770004,484999.000000,1784571000.0
1784571000.0,204.779999,204.889999,204.570007,204.844299,517493.000000,1784571300.0
1784571300.0,204.830002,205.014999,204.729996,204.800003,565790.000000,1784571600.0
1784571600.0,204.820007,204.829407,204.290100,204.309998,474140.000000,1784571900.0
1784571900.0,204.309998,204.539993,204.240005,204.309998,472956.000000,1784572200.0
1784572200.0,204.310593,204.315002,203.789993,203.919998,608728.000000,1784572500.0
1784572500.0,203.919998,204.259995,203.839996,203.929993,560769.000000,1784572800.0
1784572800.0,203.910004,204.050003,203.630005,203.630005,671237.000000,1784573100.0
1784573100.0,203.630005,203.710007,203.419998,203.429993,576304.000000,1784573400.0
1784573400.0,203.440002,203.580002,203.350006,203.500000,603439.000000,1784573700.0
1784573700.0,203.500000,203.547699,203.139999,203.350006,576190.000000,1784574000.0
1784574000.0,203.365005,203.470001,202.820007,202.835007,914247.000000,1784574300.0
1784574300.0,202.845001,202.979996,202.580002,202.899994,1438836.000000,1784574600.0
1784574600.0,202.895004,203.220001,202.389999,202.490005,1107740.000000,1784574900.0
1784574900.0,202.479996,202.630005,202.279999,202.490005,1063611.000000,1784575200.0
1784575200.0,202.500000,202.789993,202.364594,202.759995,687006.000000,1784575500.0
1784575500.0,202.759995,203.050003,202.370102,202.959900,751618.000000,1784575800.0
1784575800.0,202.949997,203.309998,202.710007,203.175003,869502.000000,1784576100.0
1784576100.0,203.179993,203.210007,202.879593,203.070007,825740.000000,1784576400.0
1784576400.0,203.070007,203.389999,203.029999,203.050003,725152.000000,1784576700.0
1784576700.0,203.050003,203.350006,202.770004,203.339996,867522.000000,1784577000.0
1784577000.0,203.330002,203.330002,202.580002,203.281906,1326346.000000,1784577300.0
1784577300.0,203.285004,203.440002,203.011002,203.380005,3256258.000000,1784577600.0
1784640600.0,207.539993,208.649994,206.294998,206.462494,7197263.000000,1784640900.0
1784640900.0,206.479996,207.399994,206.259995,207.061707,2413634.000000,1784641200.0
1784641200.0,207.080002,207.089996,206.419998,206.699997,1744291.000000,1784641500.0
1784641500.0,206.699997,207.059998,205.789993,206.149994,1762918.000000,1784641800.0
1784641800.0,206.205002,206.790100,205.533905,205.679993,1713259.000000,1784642100.0
1784642100.0,205.690002,205.880005,204.820007,205.440002,1833411.000000,1784642400.0
1784642400.0,205.440002,205.919998,204.350006,204.494995,1664832.000000,1784642700.0
1784642700.0,204.520004,205.059998,204.020096,204.195007,1596461.000000,1784643000.0
1784643000.0,204.195007,204.789993,204.059998,204.500107,1250162.000000,1784643300.0
1784643300.0,204.500000,205.259995,204.010101,205.220001,1317884.000000,1784643600.0
1784643600.0,205.225006,205.449997,204.630005,204.850006,1087375.000000,1784643900.0
1784643900.0,204.820007,205.419907,204.639999,205.389999,945121.000000,1784644200.0
1784644200.0,205.369995,205.449997,204.700302,204.970001,965158.000000,1784644500.0
1784644500.0,204.929993,205.535294,204.880005,205.434998,841501.000000,1784644800.0
1784644800.0,205.470001,205.500000,204.919998,205.440994,858630.000000,1784645100.0
1784645100.0,205.449997,205.889999,205.229996,205.249893,1023903.000000,1784645400.0
1784645400.0,205.235001,205.639999,205.089996,205.494995,716122.000000,1784645700.0
1784645700.0,205.494995,205.889999,205.169998,205.830505,853502.000000,1784646000.0
1784646000.0,205.830002,206.580002,205.539993,205.591202,1756047.000000,1784646300.0
1784646300.0,205.589996,206.229996,205.460007,206.024994,1031029.000000,1784646600.0
1784646600.0,206.039993,206.350006,205.970093,206.177399,847719.000000,1784646900.0
1784646900.0,206.210007,206.309998,206.039993,206.080002,947208.000000,1784647200.0
1784647200.0,206.070007,206.500000,205.699997,206.470001,1115449.000000,1784647500.0
1784647500.0,206.470001,206.729996,206.425003,206.600006,964619.000000,1784647800.0
1784647800.0,206.619995,206.820007,206.240097,206.735001,1211777.000000,1784648100.0
1784648100.0,206.744995,206.819794,206.309998,206.428802,783315.000000,1784648400.0
1784648400.0,206.414993,206.649994,206.119995,206.149994,1402470.000000,1784648700.0
1784648700.0,206.145004,206.500000,206.009995,206.380005,782981.000000,1784649000.0
1784649000.0,206.404999,206.460495,205.929993,206.000000,3617667.000000,1784649300.0
1784649300.0,206.009995,206.126999,205.720001,205.770004,714262.000000,1784649600.0
1784649600.0,205.779999,206.279907,205.580505,206.270996,916385.000000,1784649900.0
1784649900.0,206.289993,206.537399,206.100006,206.100098,685766.000000,1784650200.0
1784650200.0,206.110001,206.220001,205.800003,205.824997,512609.000000,1784650500.0
1784650500.0,205.810104,206.100006,205.669998,205.800003,1241330.000000,1784650800.0
1784650800.0,205.779999,205.949997,205.399994,205.440002,672197.000000,1784651100.0
1784651100.0,205.440002,205.610001,205.020004,205.085007,801953.000000,1784651400.0
1784651400.0,205.080002,205.134995,204.830002,204.990005,1615911.000000,1784651700.0
1784651700.0,204.990005,205.100006,204.850006,205.099594,639536.000000,1784652000.0
1784652000.0,205.080002,205.395004,205.070099,205.320007,704696.000000,1784652300.0
1784652300.0,205.330002,205.419998,204.970001,205.129898,1200215.000000,1784652600.0
1784652600.0,205.115005,205.380005,205.000000,205.365005,591973.000000,1784652900.0
1784652900.0,205.380005,205.507294,205.139999,205.457397,717152.000000,1784653200.0
1784653200.0,205.455002,205.570007,205.300003,205.339996,795016.000000,1784653500.0
1784653500.0,205.360001,205.800003,205.300003,205.710007,938483.000000,1784653800.0
1784653800.0,205.710007,206.360001,205.710007,206.354996,1693410.000000,1784654100.0
1784654100.0,206.350098,206.354996,206.000000,206.020096,1356874.000000,1784654400.0
1784654400.0,206.020004,206.240005,205.884995,205.960007,642175.000000,1784654700.0
1784654700.0,205.949997,206.139999,205.679993,206.125000,894058.000000,1784655000.0
1784655000.0,206.125000,206.949905,206.125000,206.884995,1308880.000000,1784655300.0
1784655300.0,206.884995,206.899994,206.610107,206.899902,675060.000000,1784655600.0
1784655600.0,206.890503,206.964996,205.711197,206.759995,674361.000000,1784655900.0
1784655900.0,206.770203,206.929993,206.550003,206.830002,587229.000000,1784656200.0
1784656200.0,206.839996,206.850006,206.395004,206.449997,486654.000000,1784656500.0
1784656500.0,206.445007,206.490005,206.179993,206.259995,537037.000000,1784656800.0
1784656800.0,206.270004,206.649994,206.210007,206.339996,607096.000000,1784657100.0
1784657100.0,206.330002,206.589996,206.300003,206.389999,431160.000000,1784657400.0
1784657400.0,206.380005,206.440002,206.160004,206.179993,489088.000000,1784657700.0
1784657700.0,206.184998,206.304993,206.020004,206.119995,457017.000000,1784658000.0
1784658000.0,206.125000,206.440002,205.940002,206.320007,614966.000000,1784658300.0
1784658300.0,206.320099,206.360001,206.160004,206.250000,441810.000000,1784658600.0
1784658600.0,206.249893,206.460007,206.220001,206.369995,584615.000000,1784658900.0
1784658900.0,206.339996,206.880005,206.339996,206.828003,679941.000000,1784659200.0
1784659200.0,206.824997,207.069702,206.759995,207.000000,885040.000000,1784659500.0
1784659500.0,207.000000,207.289993,206.910004,206.949997,1003478.000000,1784659800.0
1784659800.0,206.955002,207.345001,206.929306,207.029999,693576.000000,1784660100.0
1784660100.0,207.039993,207.300003,207.020004,207.169998,600665.000000,1784660400.0
1784660400.0,207.184998,207.300003,206.779999,206.779999,719447.000000,1784660700.0
1784660700.0,206.770004,206.910004,206.500000,206.539993,2228321.000000,1784661000.0
1784661000.0,206.550003,206.800003,206.500000,206.729996,680749.000000,1784661300.0
1784661300.0,206.720001,207.039993,206.610001,206.960007,791983.000000,1784661600.0
1784661600.0,206.949997,207.190002,206.899994,207.100006,696751.000000,1784661900.0
1784661900.0,207.080002,207.139999,206.714996,206.770004,764797.000000,1784662200.0
1784662200.0,206.789993,207.055695,206.610001,206.919998,796366.000000,1784662500.0
1784662500.0,206.929993,207.169006,206.884995,207.009995,731901.000000,1784662800.0
1784662800.0,207.029999,207.210007,206.919998,206.929993,857067.000000,1784663100.0
1784663100.0,206.929993,207.020004,206.649994,206.820999,767553.000000,1784663400.0
1784663400.0,206.820007,207.300003,206.500000,207.240005,1828803.000000,1784663700.0
1784663700.0,207.240005,207.820099,207.119995,207.179993,5457493.000000,1784664000.0
1784727000.0,205.804993,206.830002,204.949997,206.660004,5070150.000000,1784727300.0
1784727300.0,206.639999,207.059998,206.160004,206.789993,1680949.000000,1784727600.0
1784727600.0,206.807495,207.429993,206.488907,207.265106,1974801.000000,1784727900.0
1784727900.0,207.270004,207.539993,206.764999,207.130096,1485076.000000,1784728200.0
1784728200.0,207.139999,208.229996,207.070007,207.970093,1857950.000000,1784728500.0
1784728500.0,207.978500,208.119995,207.399994,207.750000,1673510.000000,1784728800.0
1784728800.0,207.729996,207.770004,207.190002,207.410004,1260811.000000,1784729100.0
1784729100.0,207.429993,207.729996,206.820007,206.839996,1153541.000000,1784729400.0
1784729400.0,206.820007,207.389999,206.525406,207.050003,1238142.000000,1784729700.0
1784729700.0,207.059998,207.184998,206.559998,207.184998,948667.000000,1784730000.0
1784730000.0,207.199997,207.585007,206.500000,206.860001,1263162.000000,1784730300.0
1784730300.0,206.860001,206.990005,206.464905,206.799500,938741.000000,1784730600.0
1784730600.0,206.800003,207.250000,206.449997,206.909897,1676716.000000,1784730900.0
1784730900.0,206.899994,207.739899,206.869995,207.723999,1060382.000000,1784731200.0
1784731200.0,207.723694,208.179993,207.119995,207.289902,1285115.000000,1784731500.0
1784731500.0,207.294998,208.019897,207.179993,207.845001,995470.000000,1784731800.0
1784731800.0,207.850006,208.259995,207.639999,208.125000,1186958.000000,1784732100.0
1784732100.0,208.089996,209.500000,207.949997,209.229996,2252569.000000,1784732400.0
1784732400.0,209.179993,209.895004,209.100006,209.789993,1725656.000000,1784732700.0
1784732700.0,209.789993,211.804993,209.779999,211.649994,3837168.000000,1784733000.0
1784733000.0,211.639999,213.110001,211.619995,212.996399,4346983.000000,1784733300.0
1784733300.0,213.020004,213.545898,212.509995,212.715607,4237857.000000,1784733600.0
1784733600.0,212.713806,212.836105,212.119995,212.410004,2532420.000000,1784733900.0
1784733900.0,212.380005,212.709900,212.119995,212.199997,1648719.000000,1784734200.0
1784734200.0,212.225006,212.669998,212.080002,212.389999,1558743.000000,1784734500.0
1784734500.0,212.389999,212.559998,211.839996,211.932205,1474220.000000,1784734800.0
1784734800.0,211.945404,212.365005,211.899994,211.985001,1240140.000000,1784735100.0
1784735100.0,211.985001,212.429993,211.880005,212.429993,1121084.000000,1784735400.0
1784735400.0,212.410095,213.610001,212.320007,212.875000,2570234.000000,1784735700.0
1784735700.0,212.865005,213.449997,212.660004,213.230103,1381841.000000,1784736000.0
1784736000.0,213.210007,213.699997,213.190002,213.554993,1929773.000000,1784736300.0
1784736300.0,213.559998,213.690002,213.162003,213.179993,1369544.000000,1784736600.0
1784736600.0,213.179993,213.519608,212.914993,213.470093,1859564.000000,1784736900.0
1784736900.0,213.470001,214.259995,213.440002,213.949997,2671511.000000,1784737200.0
1784737200.0,213.960007,214.250000,213.759995,213.979996,1609830.000000,1784737500.0
1784737500.0,213.970093,214.039993,213.410004,213.500000,1065021.000000,1784737800.0
1784737800.0,213.490005,214.320007,213.380005,214.005005,1584700.000000,1784738100.0
1784738100.0,214.000000,214.014999,213.660004,213.785004,947883.000000,1784738400.0
1784738400.0,213.789902,213.839996,213.550003,213.590103,832963.000000,1784738700.0
1784738700.0,213.619995,213.770004,213.320007,213.375000,1945241.000000,1784739000.0
1784739000.0,213.389999,213.910004,213.320007,213.710007,941430.000000,1784739300.0
1784739300.0,213.699997,214.169998,213.699997,214.009995,1054103.000000,1784739600.0
1784739600.0,214.029999,214.389999,213.979996,214.134995,1034865.000000,1784739900.0
1784739900.0,214.134995,214.270004,213.880005,214.020004,964066.000000,1784740200.0
1784740200.0,214.024994,214.050003,213.460007,213.490005,949828.000000,1784740500.0
1784740500.0,213.490005,213.529999,213.259995,213.300003,1045439.000000,1784740800.0
1784740800.0,213.319199,213.770004,213.199997,213.720001,1137850.000000,1784741100.0
1784741100.0,213.729996,213.839996,213.559998,213.759995,711301.000000,1784741400.0
1784741400.0,213.770004,214.379898,213.699997,213.819901,1289819.000000,1784741700.0
1784741700.0,213.820007,214.339996,213.740005,214.285004,1014726.000000,1784742000.0
1784742000.0,214.285004,214.349899,213.770004,213.850006,907183.000000,1784742300.0
1784742300.0,213.850006,214.159897,213.820007,213.949097,768567.000000,1784742600.0
1784742600.0,213.960007,214.024994,213.565002,213.580002,734405.000000,1784742900.0
1784742900.0,213.580002,213.759903,213.460098,213.600006,802837.000000,1784743200.0
1784743200.0,213.589996,213.865005,213.559998,213.759903,793681.000000,1784743500.0
1784743500.0,213.750000,213.889999,213.580002,213.585007,634479.000000,1784743800.0
1784743800.0,213.580002,213.949997,213.509995,213.529999,915712.000000,1784744100.0
1784744100.0,213.529999,213.800003,213.509995,213.604996,718561.000000,1784744400.0
1784744400.0,213.600006,213.750000,213.479996,213.610001,584004.000000,1784744700.0
1784744700.0,213.619995,213.830002,213.565002,213.740005,784067.000000,1784745000.0
1784745000.0,213.729996,213.750000,213.460007,213.554993,919696.000000,1784745300.0
1784745300.0,213.539993,213.800003,213.529999,213.723007,643324.000000,1784745600.0
1784745600.0,213.720001,213.750000,213.529999,213.669998,850356.000000,1784745900.0
1784745900.0,213.665802,213.880005,213.649994,213.729996,680773.000000,1784746200.0
1784746200.0,213.735001,213.869995,213.570007,213.845001,769915.000000,1784746500.0
1784746500.0,213.839996,213.990005,213.660004,213.770004,744951.000000,1784746800.0
1784746800.0,213.770004,214.205002,213.740005,213.960007,1070912.000000,1784747100.0
1784747100.0,213.949997,214.070007,213.619995,213.679993,933756.000000,1784747400.0
1784747400.0,213.669998,213.720001,213.309998,213.320007,1022825.000000,1784747700.0
1784747700.0,213.320007,213.529999,213.009995,213.399994,1776821.000000,1784748000.0
1784748000.0,213.393494,213.589996,213.250000,213.300003,997742.000000,1784748300.0
1784748300.0,213.309998,213.490005,212.910004,213.350006,1198152.000000,1784748600.0
1784748600.0,213.350006,213.399994,212.729996,212.789993,1356380.000000,1784748900.0
1784748900.0,212.800003,212.819901,212.360001,212.539993,1636857.000000,1784749200.0
1784749200.0,212.539993,212.750000,212.380005,212.479996,1875323.000000,1784749500.0
1784749500.0,212.490005,212.809998,212.389999,212.509995,1438265.000000,1784749800.0
1784749800.0,212.520004,212.809998,212.160004,212.399994,2039867.000000,1784750100.0
1784750100.0,212.404999,212.460007,211.720001,212.059906,5055069.000000,1784750400.0
1784813400.0,209.395004,210.009003,208.449997,209.095001,6619623.000000,1784813700.0
1784813700.0,209.085007,210.868698,208.600204,208.779999,2743336.000000,1784814000.0
1784814000.0,208.772705,209.949997,208.770004,209.699997,2017363.000000,1784814300.0
1784814300.0,209.670105,209.839996,208.850006,208.990005,1861171.000000,1784814600.0
1784814600.0,208.979996,210.250000,208.949997,210.149994,1434253.000000,1784814900.0
1784814900.0,210.160004,210.355301,208.729996,208.929993,1639031.000000,1784815200.0
1784815200.0,208.949997,209.649994,208.690002,208.994995,1377483.000000,1784815500.0
1784815500.0,208.990005,209.960007,208.470001,208.945999,1731266.000000,1784815800.0
1784815800.0,208.990005,209.329895,208.539993,208.630005,1307430.000000,1784816100.0
1784816100.0,208.649902,208.919998,208.250000,208.300003,1067804.000000,1784816400.0
1784816400.0,208.289993,209.220001,208.050003,208.554993,1448480.000000,1784816700.0
1784816700.0,208.539993,208.779907,208.149994,208.576004,990103.000000,1784817000.0
1784817000.0,208.539993,208.800003,207.339996,207.729996,1637028.000000,1784817300.0
1784817300.0,207.726807,209.050003,207.530106,208.970001,1370556.000000,1784817600.0
1784817600.0,208.949997,209.129898,208.029999,208.210007,944150.000000,1784817900.0
1784817900.0,208.240005,208.710007,208.080002,208.339996,982898.000000,1784818200.0
1784818200.0,208.339996,208.529999,207.300003,207.345001,1206407.000000,1784818500.0
1784818500.0,207.339996,207.690002,207.199997,207.304993,992856.000000,1784818800.0
1784818800.0,207.330002,207.339996,206.850006,206.970001,1522326.000000,1784819100.0
1784819100.0,206.960007,207.089996,206.679993,206.789993,1439489.000000,1784819400.0
1784819400.0,206.800003,207.080002,206.529999,206.639999,1447572.000000,1784819700.0
1784819700.0,206.630005,207.399994,206.490005,207.335007,1289953.000000,1784820000.0
1784820000.0,207.345001,207.779602,206.240005,206.819702,1417209.000000,1784820300.0
1784820300.0,206.789993,206.875000,206.040100,206.380005,1152754.000000,1784820600.0
1784820600.0,206.345001,206.750000,205.960007,206.649994,1179135.000000,1784820900.0
1784820900.0,206.654999,207.479996,206.654999,207.280106,1151884.000000,1784821200.0
1784821200.0,207.279999,207.490005,207.089996,207.229996,981773.000000,1784821500.0
1784821500.0,207.229996,207.690002,207.100006,207.620102,858840.000000,1784821800.0
1784821800.0,207.619995,208.139999,207.500000,208.110001,1098774.000000,1784822100.0
1784822100.0,208.115005,208.250000,207.754700,208.180099,807352.000000,1784822400.0
1784822400.0,208.190002,209.354996,208.039993,209.350006,1213368.000000,1784822700.0
1784822700.0,209.349503,209.429993,208.710007,208.770004,1146176.000000,1784823000.0
1784823000.0,208.770004,208.990005,208.669998,208.880005,555983.000000,1784823300.0
1784823300.0,208.869995,209.106995,208.720001,208.945099,657401.000000,1784823600.0
1784823600.0,208.940002,209.815002,208.919998,209.740005,1084212.000000,1784823900.0
1784823900.0,209.720001,209.770004,209.350098,209.630005,845629.000000,1784824200.0
1784824200.0,209.639999,209.830002,209.240005,209.692505,872612.000000,1784824500.0
1784824500.0,209.729996,210.389999,209.570007,210.220093,1262881.000000,1784824800.0
1784824800.0,210.229996,210.315002,209.880096,209.975006,908821.000000,1784825100.0
1784825100.0,209.960007,209.970001,209.449997,209.714996,822823.000000,1784825400.0
1784825400.0,209.720001,209.820007,209.419998,209.619995,639065.000000,1784825700.0
1784825700.0,209.619995,209.960007,209.550003,209.880005,672272.000000,1784826000.0
1784826000.0,209.889999,210.244003,209.660004,209.673294,732078.000000,1784826300.0
1784826300.0,209.679993,209.679993,209.179993,209.600006,781131.000000,1784826600.0
1784826600.0,209.600006,210.429993,209.589996,210.090103,902332.000000,1784826900.0
1784826900.0,210.059998,210.250000,209.809998,210.029999,560063.000000,1784827200.0
1784827200.0,210.036499,210.429993,209.820007,210.279999,633877.000000,1784827500.0
1784827500.0,210.279999,210.330002,210.100006,210.130005,429699.000000,1784827800.0
1784827800.0,210.134995,210.199997,209.399994,209.690002,590951.000000,1784828100.0
1784828100.0,209.699997,209.739899,209.149994,209.259995,644038.000000,1784828400.0
1784828400.0,209.274994,209.509995,209.250000,209.440002,435478.000000,1784828700.0
1784828700.0,209.350494,209.830002,209.320007,209.699997,438946.000000,1784829000.0
1784829000.0,209.720001,209.794998,209.300003,209.309998,400086.000000,1784829300.0
1784829300.0,209.300003,209.309998,209.000000,209.070007,627466.000000,1784829600.0
1784829600.0,209.089996,209.109894,208.649994,208.830002,722211.000000,1784829900.0
1784829900.0,208.829895,208.829895,208.259995,208.360107,775700.000000,1784830200.0
1784830200.0,208.335007,208.889999,208.300003,208.455002,782553.000000,1784830500.0
1784830500.0,208.460007,208.520004,208.190002,208.285004,668604.000000,1784830800.0
1784830800.0,208.300003,208.714996,208.270004,208.690002,594454.000000,1784831100.0
1784831100.0,208.699997,208.728897,208.389999,208.570007,614698.000000,1784831400.0
1784831400.0,208.579803,208.800003,208.539993,208.789993,886856.000000,1784831700.0
1784831700.0,208.779999,208.824997,208.039993,208.190002,636654.000000,1784832000.0
1784832000.0,208.190002,208.210007,207.580002,207.679398,803976.000000,1784832300.0
1784832300.0,207.649994,208.019897,207.649994,207.699905,884538.000000,1784832600.0
1784832600.0,207.695007,207.969894,207.450195,207.500000,583362.000000,1784832900.0
1784832900.0,207.500000,207.690002,207.330002,207.675003,634548.000000,1784833200.0
1784833200.0,207.674194,207.820007,207.229996,207.235107,650088.000000,1784833500.0
1784833500.0,207.250000,207.515106,207.119995,207.309998,719130.000000,1784833800.0
1784833800.0,207.297897,207.580002,207.279999,207.389999,705224.000000,1784834100.0
1784834100.0,207.380005,207.830002,207.360001,207.660004,950894.000000,1784834400.0
1784834400.0,207.649994,208.040497,207.639999,208.014999,864251.000000,1784834700.0
1784834700.0,208.014999,208.164993,207.570007,207.845001,993540.000000,1784835000.0
1784835000.0,207.850006,207.889999,207.149002,207.490005,1029195.000000,1784835300.0
1784835300.0,207.505005,207.779999,207.350006,207.503006,856457.000000,1784835600.0
1784835600.0,207.509995,207.550003,206.889999,206.970093,1202627.000000,1784835900.0
1784835900.0,206.979996,207.399994,206.910004,207.399994,1067109.000000,1784836200.0
1784836200.0,207.410004,207.990005,207.229996,207.804993,2209847.000000,1784836500.0
1784836500.0,207.880005,208.979996,207.850006,208.699997,4340542.000000,1784836800.0
1784899800.0,207.559998,208.250000,206.729996,208.130005,3839623.000000,1784900100.0
1784900100.0,208.085007,208.600006,207.020004,207.455002,1506940.000000,1784900400.0
1784900400.0,207.489594,207.938599,206.979004,207.803696,1329003.000000,1784900700.0
1784900700.0,207.770004,208.490005,207.383102,208.389999,1569889.000000,1784901000.0
1784901000.0,208.384995,208.395004,205.759995,206.039993,2672948.000000,1784901300.0
1784901300.0,206.038895,206.470001,205.669998,206.283905,1369770.000000,1784901600.0
1784901600.0,206.289993,207.559906,206.230103,207.139999,1613124.000000,1784901900.0
1784901900.0,207.199905,208.179993,206.899994,208.100006,1467233.000000,1784902200.0
1784902200.0,208.085007,208.300003,207.670105,207.910004,1256548.000000,1784902500.0
1784902500.0,207.929993,208.029999,206.470001,207.080002,1371152.000000,1784902800.0
1784902800.0,207.100006,208.350006,206.660004,207.910004,1205691.000000,1784903100.0
1784903100.0,207.940002,208.229996,207.660004,208.110001,1104018.000000,1784903400.0
1784903400.0,208.110001,208.110001,207.535004,207.739807,1119881.000000,1784903700.0
1784903700.0,207.744995,208.259903,207.440002,207.529999,1116629.000000,1784904000.0
1784904000.0,207.520096,207.690002,207.110992,207.470093,1248885.000000,1784904300.0
1784904300.0,207.479996,208.149994,207.100006,208.059998,1683700.000000,1784904600.0
1784904600.0,208.074799,208.300003,207.619995,207.955002,891479.000000,1784904900.0
1784904900.0,207.979996,209.580002,207.979507,209.494995,1686290.000000,1784905200.0
1784905200.0,209.520004,210.049896,209.009995,209.009995,1690006.000000,1784905500.0
1784905500.0,209.014999,209.470001,208.660004,208.700104,1198567.000000,1784905800.0
1784905800.0,208.710007,209.880005,208.589996,209.729996,1103814.000000,1784906100.0
1784906100.0,209.714996,210.360001,209.310104,209.399994,1330023.000000,1784906400.0
1784906400.0,209.410004,209.835907,209.360107,209.580002,872075.000000,1784906700.0
1784906700.0,209.550003,209.878006,209.100006,209.210007,1145081.000000,1784907000.0
1784907000.0,209.210007,209.759995,209.095505,209.149994,1134662.000000,1784907300.0
1784907300.0,209.130005,209.649994,208.979996,209.549103,754045.000000,1784907600.0
1784907600.0,209.529999,209.854996,209.059998,209.229996,885354.000000,1784907900.0
1784907900.0,209.240005,209.589096,209.154999,209.169998,639710.000000,1784908200.0
1784908200.0,209.190002,209.939896,209.184998,209.809998,743206.000000,1784908500.0
1784908500.0,209.800003,210.309998,209.690002,210.181000,1088384.000000,1784908800.0
1784908800.0,210.184998,210.929901,210.009995,210.889404,3156825.000000,1784909100.0
1784909100.0,210.869904,211.550003,210.809998,211.462601,1580600.000000,1784909400.0
1784909400.0,211.440002,211.909897,210.864594,210.869995,1132537.000000,1784909700.0
1784909700.0,210.850006,211.009995,210.690002,210.785004,895925.000000,1784910000.0
1784910000.0,210.789993,210.990005,210.669998,210.740005,1849174.000000,1784910300.0
1784910300.0,210.759995,211.100006,210.740005,210.770004,697221.000000,1784910600.0
1784910600.0,210.774994,210.809692,210.294998,210.610107,884779.000000,1784910900.0
1784910900.0,210.619995,210.880005,210.365005,210.500000,624152.000000,1784911200.0
1784911200.0,210.485001,210.599899,209.979996,210.179993,811395.000000,1784911500.0
1784911500.0,210.169998,210.270004,209.910095,210.080002,941818.000000,1784911800.0
1784911800.0,210.080002,210.160004,209.759995,209.960007,705125.000000,1784912100.0
1784912100.0,209.960007,210.429993,209.869995,210.220001,792573.000000,1784912400.0
1784912400.0,210.240005,210.330597,209.910004,210.070007,564678.000000,1784912700.0
1784912700.0,210.059998,210.199997,209.606003,209.675003,801943.000000,1784913000.0
1784913000.0,209.660004,209.960007,209.520004,209.789993,1067704.000000,1784913300.0
1784913300.0,209.780106,210.300003,209.610001,210.190094,668499.000000,1784913600.0
1784913600.0,210.199997,210.339996,209.809998,210.059998,567011.000000,1784913900.0
1784913900.0,210.060501,210.354996,209.850006,210.250000,608735.000000,1784914200.0
1784914200.0,210.270004,210.529999,210.130005,210.512299,652186.000000,1784914500.0
1784914500.0,210.505005,210.520004,210.270004,210.319107,521732.000000,1784914800.0
1784914800.0,210.300003,210.300003,209.809998,209.850006,565178.000000,1784915100.0
1784915100.0,209.850006,210.169998,209.720001,210.149994,473822.000000,1784915400.0
1784915400.0,210.160004,210.299896,209.940002,210.050003,429665.000000,1784915700.0
1784915700.0,210.050003,210.164993,209.669998,209.699997,531890.000000,1784916000.0
1784916000.0,209.699997,209.910004,209.610001,209.690002,461822.000000,1784916300.0
1784916300.0,209.679993,209.740005,209.389999,209.535004,636386.000000,1784916600.0
1784916600.0,209.550003,209.580002,209.010101,209.285004,707204.000000,1784916900.0
1784916900.0,209.270004,209.339996,208.990005,209.029999,693050.000000,1784917200.0
1784917200.0,209.029999,209.039993,208.384995,208.419998,1100367.000000,1784917500.0
1784917500.0,208.419998,208.490005,207.729996,207.824997,1065520.000000,1784917800.0
1784917800.0,207.830002,207.885803,207.139999,207.139999,1312168.000000,1784918100.0
1784918100.0,207.145004,207.339996,206.712997,206.899994,1492104.000000,1784918400.0
1784918400.0,206.889999,206.889999,206.130005,206.220001,1249446.000000,1784918700.0
1784918700.0,206.220001,207.059998,206.149994,206.539993,1132550.000000,1784919000.0
1784919000.0,206.539993,206.659897,206.020004,206.229996,1198295.000000,1784919300.0
1784919300.0,206.240005,206.610001,206.169998,206.279999,2364540.000000,1784919600.0
1784919600.0,206.270004,206.710007,205.789993,205.850006,1452566.000000,1784919900.0
1784919900.0,205.835007,206.250000,205.009995,205.100006,1747534.000000,1784920200.0
1784920200.0,205.110001,205.429993,204.940002,205.100006,1475493.000000,1784920500.0
1784920500.0,205.089996,205.389801,204.919998,205.110001,1416457.000000,1784920800.0
1784920800.0,205.100006,205.500000,204.809998,205.169998,1436736.000000,1784921100.0
1784921100.0,205.164993,205.837997,205.009995,205.606598,1715184.000000,1784921400.0
1784921400.0,205.600006,206.119995,205.565002,205.800095,1365006.000000,1784921700.0
1784921700.0,205.802002,206.119995,205.653595,205.750000,1274573.000000,1784922000.0
1784922000.0,205.735001,205.869995,205.369995,205.779999,1748737.000000,1784922300.0
1784922300.0,205.774994,205.899994,205.360001,205.869995,1780399.000000,1784922600.0
1784922600.0,205.889999,206.100006,205.289993,205.976105,1978797.000000,1784922900.0
1784922900.0,205.990005,207.179993,205.910004,206.960007,5100884.000000,1784923200.0
1785159000.0,208.110001,208.750000,204.949997,205.729996,6272581.000000,1785159300.0
1785159300.0,205.720001,206.619995,204.600006,204.710007,2562984.000000,1785159600.0
1785159600.0,204.779999,204.879898,202.049393,202.274994,3694224.000000,1785159900.0
1785159900.0,202.274994,202.839996,201.199997,202.774994,3892272.000000,1785160200.0
1785160200.0,202.759995,203.039993,202.160004,202.419998,2549910.000000,1785160500.0
1785160500.0,202.380005,202.770004,201.570007,201.764999,2117921.000000,1785160800.0
1785160800.0,201.809998,202.080002,201.330002,201.940002,1861589.000000,1785161100.0
1785161100.0,201.949997,202.929001,201.795105,202.470703,1820084.000000,1785161400.0
1785161400.0,202.479996,202.500000,200.850006,201.135498,2452892.000000,1785161700.0
1785161700.0,201.149994,201.589996,200.750000,201.024994,2413401.000000,1785162000.0
1785162000.0,201.000000,201.029999,199.830002,200.089905,2766971.000000,1785162300.0
1785162300.0,200.089996,200.149994,198.880005,198.945007,2387806.000000,1785162600.0
1785162600.0,198.949997,199.119995,198.449997,198.779907,2722008.000000,1785162900.0
1785162900.0,198.764999,199.639893,198.320007,199.130005,2748579.000000,1785163200.0
1785163200.0,199.139999,199.309998,197.419998,197.669998,3423927.000000,1785163500.0
1785163500.0,197.690002,199.000000,197.682800,198.929993,3116094.000000,1785163800.0
1785163800.0,198.925003,199.579895,198.759995,199.285995,2241853.000000,1785164100.0
1785164100.0,199.269897,200.000000,199.009995,199.774994,1648579.000000,1785164400.0
1785164400.0,199.800003,199.899994,198.451004,198.589996,1825367.000000,1785164700.0
1785164700.0,198.589996,198.899994,198.059998,198.139999,1800208.000000,1785165000.0
1785165000.0,198.139008,198.500000,197.710007,197.910004,1691796.000000,1785165300.0
1785165300.0,197.910004,197.985107,196.789993,197.568405,2533966.000000,1785165600.0
1785165600.0,197.576294,198.380005,197.029999,197.335007,1831988.000000,1785165900.0
1785165900.0,197.315002,197.419998,196.770004,197.065002,1637763.000000,1785166200.0
1785166200.0,197.074997,197.074997,196.169998,196.389999,2035686.000000,1785166500.0
1785166500.0,196.408997,196.699997,195.919998,196.449997,2501190.000000,1785166800.0
1785166800.0,196.449997,196.940002,196.080002,196.830002,1516305.000000,1785167100.0
1785167100.0,196.830002,197.079895,196.440002,196.570007,1257068.000000,1785167400.0
1785167400.0,196.610001,196.869995,196.419998,196.594696,1237458.000000,1785167700.0
1785167700.0,196.604996,197.630005,196.560196,197.600006,1530770.000000,1785168000.0
1785168000.0,197.600006,198.259995,197.470001,198.080002,1642849.000000,1785168300.0
1785168300.0,198.060104,198.289902,197.679993,198.169998,1202522.000000,1785168600.0
1785168600.0,198.179993,198.539993,197.569199,197.690002,1204077.000000,1785168900.0
1785168900.0,197.690002,197.733398,196.770996,196.970001,1501176.000000,1785169200.0
1785169200.0,197.000000,197.570007,196.850006,197.429993,1151789.000000,1785169500.0
1785169500.0,197.429993,198.331802,197.404007,197.779999,1523853.000000,1785169800.0
1785169800.0,197.779999,198.149994,197.110001,197.169998,994146.000000,1785170100.0
1785170100.0,197.169998,197.649994,196.729996,197.460007,1113217.000000,1785170400.0
1785170400.0,197.455002,197.559998,197.080002,197.309998,711652.000000,1785170700.0
1785170700.0,197.320007,197.825104,197.240005,197.410004,1520553.000000,1785171000.0
1785171000.0,197.410004,197.419998,196.600006,196.720001,1051061.000000,1785171300.0
1785171300.0,196.729996,196.729996,196.180496,196.325104,1035626.000000,1785171600.0
1785171600.0,196.330002,196.399994,195.779999,195.810104,1296842.000000,1785171900.0
1785171900.0,195.809998,196.009903,195.580093,195.789993,1240854.000000,1785172200.0
1785172200.0,195.744995,196.070007,195.639999,195.994995,965131.000000,1785172500.0
1785172500.0,195.994995,196.019897,195.449997,195.559998,1067977.000000,1785172800.0
1785172800.0,195.550003,195.819305,195.449997,195.539993,1110193.000000,1785173100.0
1785173100.0,195.554993,195.779999,195.440002,195.570007,842480.000000,1785173400.0
1785173400.0,195.580002,196.119995,195.500000,196.039993,777392.000000,1785173700.0
1785173700.0,196.039001,196.169998,195.860001,195.949997,797711.000000,1785174000.0
1785174000.0,195.914993,196.110001,195.750000,195.899994,751247.000000,1785174300.0
1785174300.0,195.910004,196.389999,195.759995,196.139999,1344499.000000,1785174600.0
1785174600.0,196.145004,196.549896,196.119995,196.539993,779691.000000,1785174900.0
1785174900.0,196.544998,196.839401,196.479996,196.794998,967648.000000,1785175200.0
1785175200.0,196.800003,197.080002,196.759995,196.850006,972889.000000,1785175500.0
1785175500.0,196.854996,196.860001,196.369995,196.514999,946203.000000,1785175800.0
1785175800.0,196.509995,196.639999,196.350006,196.613007,721079.000000,1785176100.0
1785176100.0,196.606598,196.639694,196.050003,196.466293,891106.000000,1785176400.0
1785176400.0,196.460007,196.570007,196.220001,196.520004,615064.000000,1785176700.0
1785176700.0,196.514999,196.749893,196.455002,196.705002,601333.000000,1785177000.0
1785177000.0,196.695007,196.709900,196.230103,196.279999,873663.000000,1785177300.0
1785177300.0,196.264999,196.309998,196.125000,196.218994,593715.000000,1785177600.0
1785177600.0,196.199997,196.800003,196.089996,196.785095,983333.000000,1785177900.0
1785177900.0,196.785004,196.929993,196.610001,196.669998,695785.000000,1785178200.0
1785178200.0,196.679901,197.330002,196.550003,197.279999,1007838.000000,1785178500.0
1785178500.0,197.289993,197.649994,197.089996,197.449493,1219448.000000,1785178800.0
1785178800.0,197.440002,197.610001,197.179993,197.360001,910437.000000,1785179100.0
1785179100.0,197.369995,197.759995,197.164993,197.619995,1327561.000000,1785179400.0
1785179400.0,197.615402,197.830002,197.380096,197.509995,1854629.000000,1785179700.0
1785179700.0,197.509995,197.720001,197.410004,197.669998,909737.000000,1785180000.0
1785180000.0,197.699997,197.949997,197.490005,197.940002,1074216.000000,1785180300.0
1785180300.0,197.960007,198.020004,197.470001,197.729996,1321915.000000,1785180600.0
1785180600.0,197.729996,197.759995,197.410004,197.630005,1120515.000000,1785180900.0
1785180900.0,197.619003,197.830002,196.750000,196.809998,1470664.000000,1785181200.0
1785181200.0,196.789993,197.029999,196.660095,196.800003,1473468.000000,1785181500.0
1785181500.0,196.800003,197.100006,196.660004,197.020004,1709684.000000,1785181800.0
1785181800.0,197.029999,197.399994,196.860001,197.100006,2269414.000000,1785182100.0
1785182100.0,197.089996,197.160004,196.309998,196.520004,5667704.000000,1785182400.0
1785245400.0,194.949997,195.455002,193.570007,194.239105,10845263.000000,1785245700.0
1785245700.0,194.199997,194.889999,193.880005,194.408203,2695234.000000,1785246000.0
1785246000.0,194.369995,195.190002,193.679092,194.300003,3169598.000000,1785246300.0
1785246300.0,194.270004,194.500000,192.800003,193.960007,3528787.000000,1785246600.0
1785246600.0,193.929993,194.419998,193.339996,193.414993,2044615.000000,1785246900.0
1785246900.0,193.429993,194.240005,193.180099,193.630005,1963207.000000,1785247200.0
1785247200.0,193.639999,194.669601,193.520004,194.218201,2130108.000000,1785247500.0
1785247500.0,194.200104,195.169998,193.669998,194.160095,2010054.000000,1785247800.0
1785247800.0,194.149994,194.899994,193.610001,193.910004,1876918.000000,1785248100.0
1785248100.0,193.929993,194.179993,193.220001,193.259995,2098508.000000,1785248400.0
1785248400.0,193.250000,193.880005,192.740005,193.434998,2766633.000000,1785248700.0
1785248700.0,193.440002,194.149704,193.256805,194.089996,1692317.000000,1785249000.0
1785249000.0,194.089996,194.839996,193.899994,194.440002,1968494.000000,1785249300.0
1785249300.0,194.440002,196.110001,194.410004,195.645004,2467897.000000,1785249600.0
1785249600.0,195.660004,196.339996,195.500000,196.019897,1847289.000000,1785249900.0
1785249900.0,196.009995,197.164993,195.714203,197.020004,2269110.000000,1785250200.0
1785250200.0,197.029999,197.580002,196.774994,197.380096,1941547.000000,1785250500.0
1785250500.0,197.360001,197.597397,196.380005,196.770004,1636359.000000,1785250800.0
1785250800.0,196.779999,197.089996,196.119995,196.169998,1483470.000000,1785251100.0
1785251100.0,196.169998,196.699997,195.860001,196.335007,1273797.000000,1785251400.0
1785251400.0,196.369995,196.880005,196.059998,196.481003,1228988.000000,1785251700.0
1785251700.0,196.509995,197.270004,196.264999,197.255005,1446788.000000,1785252000.0
1785252000.0,197.270004,197.839996,197.250000,197.570007,1699677.000000,1785252300.0
1785252300.0,197.570007,197.850006,196.649994,196.720001,1403130.000000,1785252600.0
1785252600.0,196.699997,197.039993,196.440002,196.835007,1283167.000000,1785252900.0
1785252900.0,196.820007,197.494003,196.759995,197.390503,1092563.000000,1785253200.0
1785253200.0,197.339996,197.899994,197.039993,197.740097,1245943.000000,1785253500.0
1785253500.0,197.730103,198.610001,197.690002,198.320007,1679009.000000,1785253800.0
1785253800.0,198.324997,198.479996,197.740005,197.990005,1374218.000000,1785254100.0
1785254100.0,197.970001,198.570007,197.774200,198.330002,1153667.000000,1785254400.0
1785254400.0,198.330002,198.550003,198.179993,198.285004,997883.000000,1785254700.0
1785254700.0,198.289993,198.699997,197.630005,197.720001,1219660.000000,1785255000.0
1785255000.0,197.700394,198.079895,197.449997,197.690002,955343.000000,1785255300.0
1785255300.0,197.669998,198.044998,197.500000,198.009995,742311.000000,1785255600.0
1785255600.0,198.009995,198.179993,197.304993,197.434998,908598.000000,1785255900.0
1785255900.0,197.434998,197.559998,197.250000,197.279999,724907.000000,1785256200.0
1785256200.0,197.279999,197.279999,196.600006,196.860001,1099342.000000,1785256500.0
1785256500.0,196.865005,197.389999,196.850204,197.380005,1750040.000000,1785256800.0
1785256800.0,197.399994,197.830002,197.330093,197.679993,1609717.000000,1785257100.0
1785257100.0,197.669998,197.850006,197.350006,197.550003,675912.000000,1785257400.0
1785257400.0,197.550003,198.149994,197.550003,198.119995,736148.000000,1785257700.0
1785257700.0,198.130005,198.244995,197.949997,198.020096,700284.000000,1785258000.0
1785258000.0,198.029999,198.190002,197.419998,197.460007,764707.000000,1785258300.0
1785258300.0,197.460007,197.669998,197.250000,197.335007,724101.000000,1785258600.0
1785258600.0,197.350006,197.889999,197.149994,197.619995,914037.000000,1785258900.0
1785258900.0,197.615005,197.889999,197.529999,197.839996,485417.000000,1785259200.0
1785259200.0,197.839996,198.240005,197.679993,197.700104,889545.000000,1785259500.0
1785259500.0,197.690002,198.029999,197.589996,197.699997,534767.000000,1785259800.0
1785259800.0,197.690094,197.970001,197.600006,197.880005,646542.000000,1785260100.0
1785260100.0,197.880005,198.089905,197.570007,197.610001,592284.000000,1785260400.0
1785260400.0,197.600006,197.750000,197.270004,197.350006,515590.000000,1785260700.0
1785260700.0,197.350006,197.439499,196.930099,197.229996,831155.000000,1785261000.0
1785261000.0,197.229996,197.229996,196.815094,196.859406,437961.000000,1785261300.0
1785261300.0,196.839996,197.135101,196.669998,197.100006,607332.000000,1785261600.0
1785261600.0,197.100006,197.399307,196.990005,197.180603,706943.000000,1785261900.0
1785261900.0,197.199997,197.289993,196.789993,196.929993,413147.000000,1785262200.0
1785262200.0,196.940002,197.039993,196.750000,196.869995,451856.000000,1785262500.0
1785262500.0,196.869995,197.160004,196.779999,196.970001,502418.000000,1785262800.0
1785262800.0,196.979996,197.169998,196.919998,197.000000,484487.000000,1785263100.0
1785263100.0,196.990005,197.027405,196.649994,196.705002,750125.000000,1785263400.0
1785263400.0,196.705002,197.110001,196.669998,196.960007,660137.000000,1785263700.0
1785263700.0,196.949997,197.339996,196.884995,197.100006,583052.000000,1785264000.0
1785264000.0,197.100006,197.139999,196.533096,197.009995,732777.000000,1785264300.0
1785264300.0,197.009995,197.339996,196.850006,197.119995,568252.000000,1785264600.0
1785264600.0,197.119995,197.389999,196.904999,197.020004,582631.000000,1785264900.0
1785264900.0,197.017197,197.250000,196.884995,197.070007,1555680.000000,1785265200.0
1785265200.0,197.070007,197.660004,197.053696,197.580002,940703.000000,1785265500.0
1785265500.0,197.570007,197.740005,197.280106,197.320007,1021860.000000,1785265800.0
1785265800.0,197.339996,197.690002,197.190002,197.604996,1138652.000000,1785266100.0
1785266100.0,197.580002,197.729996,197.289993,197.719193,735150.000000,1785266400.0
1785266400.0,197.699997,198.029999,197.509995,197.929993,916768.000000,1785266700.0
1785266700.0,197.925003,198.000000,197.550003,197.889999,734769.000000,1785267000.0
1785267000.0,197.910004,197.990005,197.669998,197.699997,986549.000000,1785267300.0
1785267300.0,197.690002,197.695007,197.000000,197.110001,2079327.000000,1785267600.0
1785267600.0,197.100006,197.429993,197.020004,197.179993,1667840.000000,1785267900.0
1785267900.0,197.179993,197.419907,196.960007,197.380005,976272.000000,1785268200.0
1785268200.0,197.369995,198.149994,197.080002,198.000000,1770713.000000,1785268500.0
1785268500.0,198.005005,198.005005,196.750000,196.949997,6058384.000000,1785268800.0
1785331800.0,195.845001,197.074005,194.860001,196.789993,5715308.000000,1785332100.0
1785332100.0,196.740005,197.050003,195.729996,195.750000,1565412.000000,1785332400.0
1785332400.0,195.740005,196.500000,195.520004,196.419998,1423098.000000,1785332700.0
1785332700.0,196.389999,196.589905,195.039993,195.514999,1327087.000000,1785333000.0
1785333000.0,195.509995,195.630005,194.070099,194.140106,1634018.000000,1785333300.0
1785333300.0,194.117493,194.134995,192.649994,193.380005,2883300.000000,1785333600.0
1785333600.0,193.389999,193.649994,192.830002,193.179993,1607950.000000,1785333900.0
1785333900.0,193.229996,193.576797,192.250000,192.660004,1965789.000000,1785334200.0
1785334200.0,192.610001,192.610001,191.199997,191.789993,3300670.000000,1785334500.0
1785334500.0,191.789993,192.419998,191.740005,192.115005,1587868.000000,1785334800.0
1785334800.0,192.130005,192.479996,191.570007,191.649994,1406460.000000,1785335100.0
1785335100.0,191.669998,191.740005,190.923004,191.634995,2359777.000000,1785335400.0
1785335400.0,191.610001,192.309998,191.550003,191.989899,1434121.000000,1785335700.0
1785335700.0,191.960007,191.975006,191.510101,191.559998,1011405.000000,1785336000.0
1785336000.0,191.529999,191.619995,190.960007,191.110001,1548391.000000,1785336300.0
1785336300.0,191.100006,191.850098,191.009995,191.755005,1290384.000000,1785336600.0
1785336600.0,191.755005,192.470001,191.710007,192.255005,1380252.000000,1785336900.0
1785336900.0,192.240005,192.630005,191.869995,192.485001,1341420.000000,1785337200.0
1785337200.0,192.479996,193.158005,192.220001,193.145004,1364704.000000,1785337500.0
1785337500.0,193.115005,193.160004,192.669998,192.889999,967624.000000,1785337800.0
1785337800.0,192.910004,192.945007,192.160004,192.389999,1050371.000000,1785338100.0
1785338100.0,192.395004,192.839996,192.220001,192.360001,990415.000000,1785338400.0
1785338400.0,192.389999,192.839996,192.225006,192.820007,733772.000000,1785338700.0
1785338700.0,192.850006,193.119995,192.360001,192.375000,867644.000000,1785339000.0
1785339000.0,192.375000,192.550003,192.169998,192.324997,747104.000000,1785339300.0
1785339300.0,192.339996,192.600006,191.843597,191.843597,1075612.000000,1785339600.0
1785339600.0,191.850006,192.125000,191.649994,191.759995,991589.000000,1785339900.0
1785339900.0,191.740005,191.990005,191.600006,191.884995,804510.000000,1785340200.0
1785340200.0,191.865005,192.119995,191.460007,191.600006,919980.000000,1785340500.0
1785340500.0,191.599899,191.971893,191.440002,191.860001,1003702.000000,1785340800.0
1785340800.0,191.850006,192.119995,191.220001,191.324997,969254.000000,1785341100.0
1785341100.0,191.350006,191.350006,190.800003,191.169998,2737941.000000,1785341400.0
1785341400.0,191.169998,191.460007,190.910095,190.910095,853223.000000,1785341700.0
1785341700.0,190.910004,191.179993,190.682007,191.050003,1202438.000000,1785342000.0
1785342000.0,191.050003,191.679993,190.919998,191.489899,1024181.000000,1785342300.0
1785342300.0,191.479996,191.669495,191.311005,191.589996,1892648.000000,1785342600.0
1785342600.0,191.574997,191.979996,191.485001,191.520004,781380.000000,1785342900.0
1785342900.0,191.520004,191.889999,191.279999,191.854996,628386.000000,1785343200.0
1785343200.0,191.833206,191.880005,191.365005,191.625000,601066.000000,1785343500.0
1785343500.0,191.595001,191.940002,191.479996,191.871994,603944.000000,1785343800.0
1785343800.0,191.889999,192.169998,191.640198,191.990005,782729.000000,1785344100.0
1785344100.0,191.985001,192.000000,191.662094,191.970001,3489183.000000,1785344400.0
1785344400.0,191.970001,192.399994,191.854996,192.350006,1083454.000000,1785344700.0
1785344700.0,192.350006,192.600006,192.198700,192.485001,862420.000000,1785345000.0
1785345000.0,192.499893,192.949997,192.360001,192.929993,1580496.000000,1785345300.0
1785345300.0,192.929993,193.080002,192.559998,192.660004,855298.000000,1785345600.0
1785345600.0,192.660004,192.970001,192.529999,192.585999,760467.000000,1785345900.0
1785345900.0,192.580002,192.679993,192.130005,192.169495,668539.000000,1785346200.0
1785346200.0,192.110107,192.330002,191.759995,192.220001,946511.000000,1785346500.0
1785346500.0,192.175003,192.234497,191.800003,192.130005,606961.000000,1785346800.0
1785346800.0,192.115005,192.308807,191.919998,192.059998,902833.000000,1785347100.0
1785347100.0,192.070007,192.210007,191.710007,192.119995,780019.000000,1785347400.0
1785347400.0,192.139999,192.500000,192.100006,192.220001,640167.000000,1785347700.0
1785347700.0,192.214996,192.352997,191.916306,192.320007,735256.000000,1785348000.0
1785348000.0,192.350006,193.759995,192.304993,192.934998,3808899.000000,1785348300.0
1785348300.0,192.920105,194.057007,192.880005,193.860001,1455267.000000,1785348600.0
1785348600.0,193.839996,194.000000,192.679993,192.839996,1551864.000000,1785348900.0
1785348900.0,192.789993,193.300003,192.399994,192.610001,822726.000000,1785349200.0
1785349200.0,192.619995,193.139999,192.389999,192.990005,766093.000000,1785349500.0
1785349500.0,192.990005,193.199997,192.755005,193.199997,675379.000000,1785349800.0
1785349800.0,193.171005,193.580002,192.720001,193.089996,994440.000000,1785350100.0
1785350100.0,193.110107,194.479996,192.835999,194.200104,1123332.000000,1785350400.0
1785350400.0,194.210007,195.550003,194.169998,195.469894,1811374.000000,1785350700.0
1785350700.0,195.449997,196.080002,195.236801,195.960007,1608306.000000,1785351000.0
1785351000.0,195.970001,196.119995,195.565506,195.979996,1215537.000000,1785351300.0
1785351300.0,196.020004,196.179993,195.460098,195.939896,1272959.000000,1785351600.0
1785351600.0,195.930099,196.329895,195.330002,195.600006,1170553.000000,1785351900.0
1785351900.0,195.619904,195.630005,194.479996,194.520004,1088931.000000,1785352200.0
1785352200.0,194.500504,195.119904,194.195007,194.880005,1212666.000000,1785352500.0
1785352500.0,194.875000,195.118607,193.960098,194.225006,1198693.000000,1785352800.0
1785352800.0,194.210007,194.240005,192.889999,193.149994,1788699.000000,1785353100.0
1785353100.0,193.130005,193.389999,192.565002,193.369995,1339691.000000,1785353400.0
1785353400.0,193.380005,193.755005,191.910004,192.255005,1583310.000000,1785353700.0
1785353700.0,192.240906,192.550003,191.375000,191.440002,1758768.000000,1785354000.0
1785354000.0,191.440002,191.990005,191.031998,191.479996,1647392.000000,1785354300.0
1785354300.0,191.460007,192.300003,191.149994,192.169998,1932289.000000,1785354600.0
1785354600.0,192.059998,192.080002,191.220001,191.369995,2875963.000000,1785354900.0
1785354900.0,191.350006,191.350006,190.020004,190.059998,11216422.000000,1785355200.0
1785418200.0,193.449997,193.500000,191.729996,192.130005,8444119.000000,1785418500.0
1785418500.0,192.110001,192.610001,191.520004,192.524994,2752648.000000,1785418800.0
1785418800.0,192.514999,192.699997,191.919998,192.440002,2437143.000000,1785419100.0
1785419100.0,192.399994,193.570007,192.389999,193.369995,2654710.000000,1785419400.0
1785419400.0,193.380005,194.320007,192.960098,194.152206,3093838.000000,1785419700.0
1785419700.0,194.149902,195.600006,194.035004,195.535202,2792427.000000,1785420000.0
1785420000.0,195.529999,196.399994,195.479996,196.119995,2908216.000000,1785420300.0
1785420300.0,196.119995,196.339996,195.089996,195.220001,1831539.000000,1785420600.0
1785420600.0,195.270004,195.849899,194.919998,195.779999,1660002.000000,1785420900.0
1785420900.0,195.789993,195.964996,195.280502,195.610001,1526310.000000,1785421200.0
1785421200.0,195.619995,196.839996,195.514999,196.557999,1987956.000000,1785421500.0
1785421500.0,196.550003,197.179993,196.307205,196.809998,1749155.000000,1785421800.0
1785421800.0,196.809998,197.250000,196.500000,197.235001,1736199.000000,1785422100.0
1785422100.0,197.220001,197.229996,196.080002,196.279999,1767076.000000,1785422400.0
1785422400.0,196.285095,196.619995,195.910004,195.979996,1317812.000000,1785422700.0
1785422700.0,195.955002,196.000000,195.050003,195.600006,1735755.000000,1785423000.0
1785423000.0,195.604996,195.639893,194.710098,194.879898,1528976.000000,1785423300.0
1785423300.0,194.882004,195.039993,194.240005,194.877304,2215279.000000,1785423600.0
1785423600.0,194.889999,195.147598,194.330002,195.119995,1549048.000000,1785423900.0
1785423900.0,195.115005,195.324997,194.509995,195.240005,1329426.000000,1785424200.0
1785424200.0,195.214996,195.229996,194.040100,194.304993,1198623.000000,1785424500.0
1785424500.0,194.300003,194.539993,193.765305,193.809998,1962390.000000,1785424800.0
1785424800.0,193.800201,194.229996,193.500000,193.880005,1424912.000000,1785425100.0
1785425100.0,193.879898,194.169998,193.434998,193.509995,1272926.000000,1785425400.0
1785425400.0,193.509995,193.589996,193.119995,193.419998,1254865.000000,1785425700.0
1785425700.0,193.410004,193.509094,192.830902,193.179993,1381055.000000,1785426000.0
1785426000.0,193.184998,193.419998,192.943802,193.149994,1079249.000000,1785426300.0
1785426300.0,193.169998,193.520004,193.144196,193.404999,1454544.000000,1785426600.0
1785426600.0,193.410004,193.460007,192.729996,193.169998,1186020.000000,1785426900.0
1785426900.0,193.150101,193.371796,192.910004,193.110901,1119543.000000,1785427200.0
1785427200.0,193.119995,194.100006,192.850006,193.970001,1366580.000000,1785427500.0
1785427500.0,193.970001,194.229996,193.860001,194.080002,1202099.000000,1785427800.0
1785427800.0,194.059998,194.369995,194.029999,194.220001,873550.000000,1785428100.0
1785428100.0,194.220001,194.315002,193.759995,193.759995,837041.000000,1785428400.0
1785428400.0,193.770004,194.050003,193.639999,193.869995,780331.000000,1785428700.0
1785428700.0,193.879898,194.050003,193.800003,193.809998,731615.000000,1785429000.0
1785429000.0,193.809998,193.949997,193.559998,193.899994,912964.000000,1785429300.0
1785429300.0,193.919998,194.014999,193.500000,193.505005,897092.000000,1785429600.0
1785429600.0,193.500305,193.509995,192.679993,192.899597,1239471.000000,1785429900.0
1785429900.0,192.889999,193.579697,192.860001,193.419998,782811.000000,1785430200.0
1785430200.0,193.445007,193.529999,193.059998,193.395004,539616.000000,1785430500.0
1785430500.0,193.410004,193.490005,193.240005,193.395004,468859.000000,1785430800.0
1785430800.0,193.410004,193.889999,193.399994,193.850006,635449.000000,1785431100.0
1785431100.0,193.850006,194.009995,193.470001,193.529999,712264.000000,1785431400.0
1785431400.0,193.539993,193.669998,193.429993,193.507202,563316.000000,1785431700.0
1785431700.0,193.509995,193.980103,193.437195,193.964005,618105.000000,1785432000.0
1785432000.0,193.960007,193.990005,193.729996,193.910004,539592.000000,1785432300.0
1785432300.0,193.899994,193.899994,193.580002,193.619995,463498.000000,1785432600.0
1785432600.0,193.619995,193.809998,193.410004,193.470001,550253.000000,1785432900.0
1785432900.0,193.470001,193.800003,193.060104,193.110001,811144.000000,1785433200.0
1785433200.0,193.110001,193.750000,193.110001,193.660095,763332.000000,1785433500.0
1785433500.0,193.660004,194.009995,193.630005,193.798004,669076.000000,1785433800.0
1785433800.0,193.820007,194.029999,193.669998,193.705002,656990.000000,1785434100.0
1785434100.0,193.709000,193.889999,193.574997,193.770004,482399.000000,1785434400.0
1785434400.0,193.750504,194.070007,193.750504,193.779999,642660.000000,1785434700.0
1785434700.0,193.759995,193.979996,193.690002,193.860001,622170.000000,1785435000.0
1785435000.0,193.889999,193.937897,193.585693,193.689896,535980.000000,1785435300.0
1785435300.0,193.684998,193.729996,193.270004,193.279999,683874.000000,1785435600.0
1785435600.0,193.300003,193.580002,193.240005,193.499695,676448.000000,1785435900.0
1785435900.0,193.500000,193.580002,193.410004,193.490005,486298.000000,1785436200.0
1785436200.0,193.490005,193.832504,193.360001,193.419998,721024.000000,1785436500.0
1785436500.0,193.410004,193.500000,193.139999,193.220001,614169.000000,1785436800.0
1785436800.0,193.210007,193.389999,193.139999,193.320007,762438.000000,1785437100.0
1785437100.0,193.315002,193.740005,193.315002,193.699997,642296.000000,1785437400.0
1785437400.0,193.699997,193.748001,193.540405,193.550003,568219.000000,1785437700.0
1785437700.0,193.559998,193.559998,193.279999,193.520004,896478.000000,1785438000.0
1785438000.0,193.529800,193.770004,193.419998,193.660004,823982.000000,1785438300.0
1785438300.0,193.660507,194.579895,193.620300,194.417801,1294084.000000,1785438600.0
1785438600.0,194.400208,194.779999,194.389999,194.589996,1092827.000000,1785438900.0
1785438900.0,194.580002,194.925003,194.429993,194.815002,1156449.000000,1785439200.0
1785439200.0,194.830002,194.839996,194.311798,194.339996,1004016.000000,1785439500.0
1785439500.0,194.339996,194.339996,193.994995,194.054993,819307.000000,1785439800.0
1785439800.0,194.039993,194.259995,193.990005,194.119995,1132046.000000,1785440100.0
1785440100.0,194.134995,194.360001,194.029999,194.330002,1033311.000000,1785440400.0
1785440400.0,194.330002,194.824997,194.300003,194.750107,1257398.000000,1785440700.0
1785440700.0,194.759995,195.044998,194.740005,194.940002,1300405.000000,1785441000.0
1785441000.0,194.929993,195.325500,194.559998,195.130005,2969104.000000,1785441300.0
1785441300.0,195.119995,195.320007,194.729996,195.149994,4253720.000000,1785441600.0
1785504600.0,198.440506,199.710007,197.110001,199.565002,8528253.000000,1785504900.0
1785504900.0,199.539993,200.089996,198.490005,198.580002,3671592.000000,1785505200.0
1785505200.0,198.584305,199.589996,197.410004,197.515106,2913243.000000,1785505500.0
1785505500.0,197.520004,198.502594,196.938202,197.678101,2027032.000000,1785505800.0
1785505800.0,197.669998,198.289993,197.415497,197.809998,1585469.000000,1785506100.0
1785506100.0,197.839996,198.319107,197.539993,197.690002,1446625.000000,1785506400.0
1785506400.0,197.669998,197.899994,196.179993,196.188599,1790063.000000,1785506700.0
1785506700.0,196.184998,196.960007,195.490005,195.710007,1827196.000000,1785507000.0
1785507000.0,195.720001,195.970001,194.949997,195.477997,1851666.000000,1785507300.0
1785507300.0,195.464996,196.449997,195.050095,196.100006,1707147.000000,1785507600.0
1785507600.0,196.080002,197.250000,195.860001,196.800003,1378329.000000,1785507900.0
1785507900.0,196.815002,197.130005,195.910004,196.994995,1140140.000000,1785508200.0
1785508200.0,197.000000,197.529999,196.770203,197.130005,1069136.000000,1785508500.0
1785508500.0,197.130005,197.979904,197.095001,197.675003,948998.000000,1785508800.0
1785508800.0,197.669998,198.070007,197.279999,197.854996,1027192.000000,1785509100.0
1785509100.0,197.880005,198.720001,197.539993,198.626007,1274731.000000,1785509400.0
1785509400.0,198.630005,198.929993,198.220001,198.235001,1897287.000000,1785509700.0
1785509700.0,198.235001,198.449997,197.600006,198.110107,1660849.000000,1785510000.0
1785510000.0,198.119995,198.339996,197.300003,197.699997,1198803.000000,1785510300.0
1785510300.0,197.700104,197.839996,197.250000,197.500000,971838.000000,1785510600.0
1785510600.0,197.505005,197.580002,196.619995,197.199905,1097750.000000,1785510900.0
1785510900.0,197.149994,197.919998,196.580002,196.656494,1069574.000000,1785511200.0
1785511200.0,196.610001,196.699997,195.800003,195.833099,1276983.000000,1785511500.0
1785511500.0,195.830002,195.959900,195.320007,195.619995,1424173.000000,1785511800.0
1785511800.0,195.600006,195.949997,195.238693,195.797897,1030542.000000,1785512100.0
1785512100.0,195.789993,196.669998,195.750000,196.490005,1190235.000000,1785512400.0
1785512400.0,196.494995,196.649902,195.820999,196.189896,796273.000000,1785512700.0
1785512700.0,196.190002,196.289993,195.619995,195.919998,842117.000000,1785513000.0
1785513000.0,195.929993,196.509995,195.880005,196.410004,689613.000000,1785513300.0
1785513300.0,196.395004,196.490005,196.020004,196.279999,738106.000000,1785513600.0
1785513600.0,196.274994,196.799896,196.214996,196.619995,781657.000000,1785513900.0
1785513900.0,196.619995,196.699997,196.179993,196.649994,612692.000000,1785514200.0
1785514200.0,196.660004,196.809998,196.460007,196.615005,585600.000000,1785514500.0
1785514500.0,196.625000,196.675507,196.149994,196.544998,675857.000000,1785514800.0
1785514800.0,196.550003,197.559998,196.547607,197.470093,882327.000000,1785515100.0
1785515100.0,197.479996,198.020004,197.210007,198.020004,905109.000000,1785515400.0
1785515400.0,198.044998,198.289993,197.710007,197.990204,1160479.000000,1785515700.0
1785515700.0,197.994995,198.220001,197.830002,197.979996,685472.000000,1785516000.0
1785516000.0,197.975006,198.049194,197.500000,197.695007,633380.000000,1785516300.0
1785516300.0,197.679993,197.971298,197.570007,197.960007,599335.000000,1785516600.0
1785516600.0,197.975006,198.429901,197.884995,198.115005,797182.000000,1785516900.0
1785516900.0,198.100006,198.520004,198.000000,198.220001,860211.000000,1785517200.0
1785517200.0,198.220001,198.639893,198.130005,198.539993,624125.000000,1785517500.0
1785517500.0,198.520004,198.529907,198.197693,198.369995,568652.000000,1785517800.0
1785517800.0,198.339996,198.835007,198.320007,198.710007,793745.000000,1785518100.0
1785518100.0,198.704605,199.110001,198.679993,199.035004,992901.000000,1785518400.0
1785518400.0,199.029999,199.169998,198.729996,199.130005,755463.000000,1785518700.0
1785518700.0,199.134995,199.319901,199.070007,199.255005,700450.000000,1785519000.0
1785519000.0,199.255005,199.479996,199.149994,199.375000,655108.000000,1785519300.0
1785519300.0,199.369995,199.970001,199.270004,199.279999,1235614.000000,1785519600.0
1785519600.0,199.270004,199.449905,199.179993,199.339996,777287.000000,1785519900.0
1785519900.0,199.335007,199.539993,198.970001,199.149994,908551.000000,1785520200.0
1785520200.0,199.119995,199.639999,199.100006,199.440002,631676.000000,1785520500.0
1785520500.0,199.445007,199.709702,199.416107,199.494995,605722.000000,1785520800.0
1785520800.0,199.494995,199.789795,199.370102,199.550003,648853.000000,1785521100.0
1785521100.0,199.559998,199.750107,199.410004,199.604996,643651.000000,1785521400.0
1785521400.0,199.610001,199.629898,198.839996,198.913193,973520.000000,1785521700.0
1785521700.0,198.910004,199.229996,198.850006,198.889999,897137.000000,1785522000.0
1785522000.0,198.899994,199.080002,198.839996,198.909897,1024703.000000,1785522300.0
1785522300.0,198.899994,198.910004,198.490005,198.550095,753868.000000,1785522600.0
1785522600.0,198.595001,198.878006,198.580002,198.779999,1910414.000000,1785522900.0
1785522900.0,198.759995,198.770004,198.481003,198.679993,506058.000000,1785523200.0
1785523200.0,198.669998,198.799896,198.600006,198.725006,395227.000000,1785523500.0
1785523500.0,198.720001,199.069794,198.720001,199.050003,737921.000000,1785523800.0
1785523800.0,199.050003,199.329895,199.020004,199.149994,726437.000000,1785524100.0
1785524100.0,199.139999,199.270004,198.830002,198.970001,699088.000000,1785524400.0
1785524400.0,198.960007,199.100006,198.610001,198.639893,678424.000000,1785524700.0
1785524700.0,198.630005,198.720001,198.259995,198.389999,823251.000000,1785525000.0
1785525000.0,198.380005,198.789993,198.294998,198.699997,653336.000000,1785525300.0
1785525300.0,198.705902,200.550003,198.699997,200.503601,2739344.000000,1785525600.0
1785525600.0,200.520004,201.119995,200.230103,200.259995,4453277.000000,1785525900.0
1785525900.0,200.235001,200.600006,200.100006,200.304993,1590606.000000,1785526200.0
1785526200.0,200.304993,200.455994,199.880005,200.384995,1684430.000000,1785526500.0
1785526500.0,200.384995,200.625000,200.300903,200.610001,1556412.000000,1785526800.0
1785526800.0,200.600006,201.089996,200.320007,201.089996,1747161.000000,1785527100.0
1785527100.0,201.100006,201.625000,201.020004,201.625000,2251110.000000,1785527400.0
1785527400.0,201.610001,201.970001,201.210098,201.789993,3607111.000000,1785527700.0
1785527700.0,201.800003,201.949997,200.619995,200.809998,8806297.000000,1785528000.0
1785763800.0,198.500000,199.829895,198.309998,199.475006,7639416.000000,1785764100.0
1785764100.0,199.500000,199.830002,198.759995,199.145004,2306594.000000,1785764400.0
1785764400.0,199.125504,199.209900,198.089996,198.850006,1770037.000000,1785764700.0
1785764700.0,198.880005,199.940002,198.679993,199.720001,1705385.000000,1785765000.0
1785765000.0,199.679993,200.220001,199.339996,200.214996,1954241.000000,1785765300.0
1785765300.0,200.225098,202.350006,199.940002,202.262405,2537893.000000,1785765600.0
1785765600.0,202.229996,202.729996,201.509995,202.399994,3336185.000000,1785765900.0
1785765900.0,202.369995,204.059998,202.139999,203.969894,3502826.000000,1785766200.0
1785766200.0,203.970001,205.589996,203.910004,204.210007,3150099.000000,1785766500.0
1785766500.0,204.199997,205.210007,203.949997,204.375000,1893319.000000,1785766800.0
1785766800.0,204.375000,205.720001,204.230103,205.455002,2074899.000000,1785767100.0
1785767100.0,205.440002,205.660004,204.750000,205.390106,1781920.000000,1785767400.0
1785767400.0,205.389999,205.750000,204.800095,205.470001,1923809.000000,1785767700.0
1785767700.0,205.479996,206.270004,205.369995,205.880005,2034323.000000,1785768000.0
1785768000.0,205.895004,206.369995,205.509995,206.009995,1700216.000000,1785768300.0
1785768300.0,206.009995,206.399994,205.714996,206.179993,1304372.000000,1785768600.0
1785768600.0,206.149994,206.570007,206.000000,206.119995,1507581.000000,1785768900.0
1785768900.0,206.160004,206.600006,206.080002,206.289993,1287377.000000,1785769200.0
1785769200.0,206.291901,207.089996,206.080002,207.080002,2106665.000000,1785769500.0
1785769500.0,207.080002,207.210007,206.399994,206.449997,1764622.000000,1785769800.0
1785769800.0,206.440002,207.089996,206.250000,206.634995,1337860.000000,1785770100.0
1785770100.0,206.634995,207.220001,206.600006,207.000000,1319921.000000,1785770400.0
1785770400.0,207.009995,207.399994,206.820007,206.949997,1298355.000000,1785770700.0
1785770700.0,206.949997,207.214996,206.389999,206.414993,1500902.000000,1785771000.0
1785771000.0,206.419998,207.240005,206.410004,207.039993,1157904.000000,1785771300.0
1785771300.0,207.039993,207.059998,206.270004,206.554993,1846032.000000,1785771600.0
1785771600.0,206.539993,206.880005,206.529999,206.634995,688348.000000,1785771900.0
1785771900.0,206.634995,206.990005,206.610001,206.899994,685131.000000,1785772200.0
1785772200.0,206.889999,207.130005,206.780106,206.960297,1538292.000000,1785772500.0
1785772500.0,206.960007,207.190002,206.729996,206.779999,870955.000000,1785772800.0
1785772800.0,206.774994,206.929993,206.610001,206.830002,685262.000000,1785773100.0
1785773100.0,206.846893,207.110001,206.735901,207.070007,856272.000000,1785773400.0
1785773400.0,207.089996,207.229996,206.910004,207.130005,617091.000000,1785773700.0
1785773700.0,207.119995,207.425003,207.050003,207.184998,781595.000000,1785774000.0
1785774000.0,207.190002,207.479996,207.000000,207.077896,819371.000000,1785774300.0
1785774300.0,207.074997,207.276398,206.899994,207.089996,656933.000000,1785774600.0
1785774600.0,207.086807,207.104996,206.690002,206.869995,937127.000000,1785774900.0
1785774900.0,206.869995,207.119995,206.740005,206.949997,635284.000000,1785775200.0
1785775200.0,206.975006,207.134995,206.720001,207.089996,667906.000000,1785775500.0
1785775500.0,207.100006,207.320007,206.929993,207.104996,571947.000000,1785775800.0
1785775800.0,207.110992,207.239899,206.919998,206.979996,527740.000000,1785776100.0
1785776100.0,206.970093,207.139999,206.860001,206.899994,482452.000000,1785776400.0
1785776400.0,206.899994,207.130005,206.820007,207.070007,626792.000000,1785776700.0
1785776700.0,207.059998,207.274994,206.929993,207.139801,564655.000000,1785777000.0
1785777000.0,207.120102,207.619995,207.120102,207.535004,1221721.000000,1785777300.0
1785777300.0,207.529999,207.875000,207.360001,207.869995,1075052.000000,1785777600.0
1785777600.0,207.854996,208.330002,207.690002,208.289993,1243803.000000,1785777900.0
1785777900.0,208.289993,208.679901,208.209900,208.595001,1055265.000000,1785778200.0
1785778200.0,208.599899,208.710007,208.350006,208.669998,959346.000000,1785778500.0
1785778500.0,208.677795,208.679993,207.929993,207.940002,1061316.000000,1785778800.0
1785778800.0,207.955002,207.970001,207.690201,207.964996,789088.000000,1785779100.0
1785779100.0,207.949997,207.990005,207.660004,207.809998,727272.000000,1785779400.0
1785779400.0,207.809998,207.990005,207.700104,207.979996,1025079.000000,1785779700.0
1785779700.0,207.980103,208.449997,207.980103,208.110901,1238524.000000,1785780000.0
1785780000.0,208.119904,208.449997,208.059998,208.360001,922356.000000,1785780300.0
1785780300.0,208.380005,208.554993,208.250000,208.520004,879358.000000,1785780600.0
1785780600.0,208.520004,208.740005,208.259995,208.259995,746663.000000,1785780900.0
1785780900.0,208.279999,208.509995,208.020004,208.050003,673805.000000,1785781200.0
1785781200.0,208.054993,208.210007,207.699997,208.029999,1034242.000000,1785781500.0
1785781500.0,208.029999,208.110107,207.570007,207.710007,671833.000000,1785781800.0
1785781800.0,207.699997,207.869995,207.600006,207.699997,672182.000000,1785782100.0
1785782100.0,207.682907,207.910004,207.639999,207.839996,666431.000000,1785782400.0
1785782400.0,207.841995,208.070007,207.800095,208.000000,608358.000000,1785782700.0
1785782700.0,208.000000,208.110001,207.770004,207.904999,557861.000000,1785783000.0
1785783000.0,207.911301,208.070007,207.800003,207.910004,569673.000000,1785783300.0
1785783300.0,207.919998,208.179993,207.695007,208.160004,678588.000000,1785783600.0
1785783600.0,208.154999,208.660004,208.154999,208.659897,1268724.000000,1785783900.0
1785783900.0,208.639008,208.720001,208.190002,208.369995,973003.000000,1785784200.0
1785784200.0,208.380005,208.429993,207.639999,207.749893,1022222.000000,1785784500.0
1785784500.0,207.750000,208.100006,207.679993,208.035004,1060794.000000,1785784800.0
1785784800.0,208.040100,208.080002,207.901001,207.970001,666336.000000,1785785100.0
1785785100.0,207.960297,208.145996,207.794998,207.839996,957733.000000,1785785400.0
1785785400.0,207.850006,207.919998,207.510101,207.690002,1168328.000000,1785785700.0
1785785700.0,207.679993,207.830002,207.210007,207.229996,1060094.000000,1785786000.0
1785786000.0,207.240005,207.470001,207.100006,207.270004,1150892.000000,1785786300.0
1785786300.0,207.274994,207.440002,207.104996,207.139999,864539.000000,1785786600.0
1785786600.0,207.149994,207.300003,205.919998,206.184998,3069500.000000,1785786900.0
1785786900.0,206.190002,206.759995,206.000000,206.690002,4629592.000000,1785787200.0
1785850200.0,210.679993,212.170898,210.479996,210.899994,9084459.000000,1785850500.0
1785850500.0,210.919998,211.740005,210.529999,210.960007,2668069.000000,1785850800.0
1785850800.0,210.977203,211.429993,210.781693,211.206802,2121176.000000,1785851100.0
1785851100.0,211.250000,212.110001,210.690002,210.774994,2927833.000000,1785851400.0
1785851400.0,210.770004,211.249893,210.550003,210.925003,2105092.000000,1785851700.0
1785851700.0,210.914993,210.917999,209.190002,210.039993,2469673.000000,1785852000.0
1785852000.0,210.000000,210.285004,209.789993,209.990005,1361804.000000,1785852300.0
1785852300.0,209.990005,210.839996,209.899994,210.350204,1623005.000000,1785852600.0
1785852600.0,210.360001,210.410004,209.970001,210.220001,1346094.000000,1785852900.0
1785852900.0,210.220001,210.298492,209.613297,209.714996,1347732.000000,1785853200.0
1785853200.0,209.729996,209.740005,209.115005,209.580002,1535624.000000,1785853500.0
1785853500.0,209.589905,210.395004,209.490005,210.262405,1398491.000000,1785853800.0
1785853800.0,210.240005,210.258606,209.785004,210.184006,1215064.000000,1785854100.0
1785854100.0,210.175003,210.729996,210.149994,210.304993,1820209.000000,1785854400.0
1785854400.0,210.309998,210.322800,209.830002,210.164993,984061.000000,1785854700.0
1785854700.0,210.130005,211.039902,209.990005,210.919998,1594349.000000,1785855000.0
1785855000.0,210.902496,211.020004,209.354507,209.595001,1981955.000000,1785855300.0
1785855300.0,209.630005,209.729996,209.050003,209.570007,1409508.000000,1785855600.0
1785855600.0,209.559998,210.059998,209.500000,209.899994,1243099.000000,1785855900.0
1785855900.0,209.899994,209.970001,209.720093,209.760498,852084.000000,1785856200.0
1785856200.0,209.770004,210.117493,209.570007,210.044998,901441.000000,1785856500.0
1785856500.0,210.039993,210.294998,209.929993,210.220001,1044296.000000,1785856800.0
1785856800.0,210.220001,210.451401,210.000000,210.080002,1127675.000000,1785857100.0
1785857100.0,210.080002,210.130005,209.850006,209.899994,759061.000000,1785857400.0
1785857400.0,209.899994,209.979904,209.619995,209.770493,796423.000000,1785857700.0
1785857700.0,209.770004,210.289993,209.679993,210.204498,915951.000000,1785858000.0
1785858000.0,210.205002,210.639999,210.199997,210.636993,816023.000000,1785858300.0
1785858300.0,210.639999,210.949997,210.600006,210.634995,883640.000000,1785858600.0
1785858600.0,210.630005,210.860001,210.574997,210.695007,822379.000000,1785858900.0
1785858900.0,210.699493,210.904999,210.669998,210.774994,714818.000000,1785859200.0
1785859200.0,210.770004,210.830002,210.449997,210.660004,727731.000000,1785859500.0
1785859500.0,210.679993,210.789993,210.433197,210.490005,763977.000000,1785859800.0
1785859800.0,210.470093,210.630005,210.370102,210.509995,633809.000000,1785860100.0
1785860100.0,210.529999,210.889801,210.470001,210.889801,695128.000000,1785860400.0
1785860400.0,210.880096,210.910004,210.509995,210.518997,873542.000000,1785860700.0
1785860700.0,210.509995,210.639999,210.170105,210.220306,897198.000000,1785861000.0
1785861000.0,210.220001,210.419998,210.000000,210.014999,833245.000000,1785861300.0
1785861300.0,210.011002,210.339996,209.940002,210.210007,768929.000000,1785861600.0
1785861600.0,210.199997,210.565002,210.119995,210.490005,672434.000000,1785861900.0
1785861900.0,210.490005,210.564606,210.380005,210.490005,517308.000000,1785862200.0
1785862200.0,210.459000,210.774994,210.450104,210.735001,723999.000000,1785862500.0
1785862500.0,210.759995,210.770004,210.529999,210.623993,374761.000000,1785862800.0
1785862800.0,210.646805,211.100006,210.600006,211.100006,1196818.000000,1785863100.0
1785863100.0,211.089996,211.380005,211.039993,211.270004,1090935.000000,1785863400.0
1785863400.0,211.279999,211.300003,211.100006,211.270004,622432.000000,1785863700.0
1785863700.0,211.270004,211.419998,211.179993,211.360001,857349.000000,1785864000.0
1785864000.0,211.380005,211.490005,211.190002,211.279999,688104.000000,1785864300.0
1785864300.0,211.279999,211.649994,211.264999,211.460007,741610.000000,1785864600.0
1785864600.0,211.469894,211.469894,211.164993,211.340103,639625.000000,1785864900.0
1785864900.0,211.350006,211.800003,211.270096,211.710098,906212.000000,1785865200.0
1785865200.0,211.710007,211.889801,211.600098,211.759995,753546.000000,1785865500.0
1785865500.0,211.770004,212.119995,211.740005,211.925003,1579126.000000,1785865800.0
1785865800.0,211.919998,211.919998,211.399994,211.710007,1396626.000000,1785866100.0
1785866100.0,211.699997,211.860001,211.470001,211.479996,761875.000000,1785866400.0
1785866400.0,211.490005,211.660004,211.065002,211.115005,874522.000000,1785866700.0
1785866700.0,211.119995,211.529999,211.039993,211.500000,702213.000000,1785867000.0
1785867000.0,211.485001,211.679993,211.339996,211.660095,621332.000000,1785867300.0
1785867300.0,211.669998,211.929993,211.660004,211.899994,782695.000000,1785867600.0
1785867600.0,211.899994,212.190002,211.869995,212.169998,993594.000000,1785867900.0
1785867900.0,212.164993,212.649994,212.149994,212.559998,2048343.000000,1785868200.0
1785868200.0,212.570007,212.809998,212.550003,212.789993,1074764.000000,1785868500.0
1785868500.0,212.779999,213.000000,212.529999,212.660004,1628677.000000,1785868800.0
1785868800.0,212.660004,212.660004,212.199997,212.324997,983945.000000,1785869100.0
1785869100.0,212.329300,212.850006,212.259995,212.809998,1045162.000000,1785869400.0
1785869400.0,212.809998,212.934998,212.740005,212.850006,1097995.000000,1785869700.0
1785869700.0,212.850006,212.990005,212.729996,212.949997,987081.000000,1785870000.0
1785870000.0,212.940002,213.041306,212.821899,213.024994,1353233.000000,1785870300.0
1785870300.0,213.020004,213.059998,212.735001,212.969894,1069172.000000,1785870600.0
1785870600.0,212.949997,212.960297,212.559998,212.679993,1351242.000000,1785870900.0
1785870900.0,212.675003,212.940002,212.600006,212.809998,1081480.000000,1785871200.0
1785871200.0,212.800003,212.880005,212.699997,212.729996,895800.000000,1785871500.0
1785871500.0,212.729996,212.800003,212.289993,212.490005,1200391.000000,1785871800.0
1785871800.0,212.485001,212.789993,212.330002,212.600006,1304998.000000,1785872100.0
1785872100.0,212.604996,212.830002,212.419998,212.804993,1144936.000000,1785872400.0
1785872400.0,212.800003,212.949997,212.750107,212.860001,1176465.000000,1785872700.0
1785872700.0,212.860001,212.979996,212.589996,212.640106,2229520.000000,1785873000.0
1785873000.0,212.660004,212.759995,211.899994,212.029007,2300911.000000,1785873300.0
1785873300.0,212.050003,212.479996,211.809998,211.839996,3800604.000000,1785873600.0
1785936600.0,216.860001,219.600006,216.399994,218.369995,14677091.000000,1785936900.0
1785936900.0,218.369995,221.100006,218.270004,221.009399,8209840.000000,1785937200.0
1785937200.0,220.990005,221.770004,219.809998,219.899994,4923677.000000,1785937500.0
1785937500.0,219.910004,220.945007,218.860001,220.580002,4610527.000000,1785937800.0
1785937800.0,220.570007,220.680603,219.369995,219.789993,2912992.000000,1785938100.0
1785938100.0,219.794998,221.350006,219.429993,221.154999,3311422.000000,1785938400.0
1785938400.0,221.154999,221.255005,220.110001,220.850006,3025301.000000,1785938700.0
1785938700.0,220.860001,221.835007,220.720001,221.639999,2965998.000000,1785939000.0
1785939000.0,221.625793,222.160004,221.000000,221.949997,3390986.000000,1785939300.0
1785939300.0,221.929993,222.220001,221.466400,221.561707,1966808.000000,1785939600.0
1785939600.0,221.574997,221.720001,220.860001,221.679901,2184654.000000,1785939900.0
1785939900.0,221.669998,221.979996,220.710007,220.727798,2001082.000000,1785940200.0
1785940200.0,220.699997,220.729996,219.699997,220.339996,2341273.000000,1785940500.0
1785940500.0,220.380005,220.689407,219.630005,219.804993,1657816.000000,1785940800.0
1785940800.0,219.789993,220.300003,219.559998,219.900101,1476124.000000,1785941100.0
1785941100.0,219.895004,220.257904,219.595001,219.945007,1205231.000000,1785941400.0
1785941400.0,219.929993,220.119003,218.350006,218.899994,1949198.000000,1785941700.0
1785941700.0,218.884995,219.486801,218.405899,218.800003,1752277.000000,1785942000.0
1785942000.0,218.809998,219.440002,218.744995,219.147903,1235302.000000,1785942300.0
1785942300.0,219.160004,219.500000,218.919998,219.339905,1137032.000000,1785942600.0
1785942600.0,219.309998,219.789993,219.130005,219.339996,1196889.000000,1785942900.0
1785942900.0,219.350006,219.479996,218.550003,219.209900,1375835.000000,1785943200.0
1785943200.0,219.220001,219.694199,218.760101,219.080002,1401828.000000,1785943500.0
1785943500.0,219.080002,219.443604,218.824997,219.110001,1008998.000000,1785943800.0
1785943800.0,219.098999,220.179993,219.080093,219.679993,1412070.000000,1785944100.0
1785944100.0,219.676498,220.289993,219.675003,220.225006,1075669.000000,1785944400.0
1785944400.0,220.205002,220.330002,219.774994,219.949997,990127.000000,1785944700.0
1785944700.0,219.925705,220.009995,219.570007,219.620193,1030903.000000,1785945000.0
1785945000.0,219.630005,219.755997,219.020004,219.296005,1030335.000000,1785945300.0
1785945300.0,219.270004,219.279907,218.440002,219.054993,1315313.000000,1785945600.0
1785945600.0,219.054993,219.940002,219.020004,219.744995,1192038.000000,1785945900.0
1785945900.0,219.735001,219.910004,218.964996,219.205002,881943.000000,1785946200.0
1785946200.0,219.190002,219.544998,218.972198,219.500000,1000703.000000,1785946500.0
1785946500.0,219.520004,220.410004,219.470001,219.809998,1429370.000000,1785946800.0
1785946800.0,219.809998,220.737000,219.759995,220.710007,1249922.000000,1785947100.0
1785947100.0,220.712997,221.369995,220.680099,221.169998,1726225.000000,1785947400.0
1785947400.0,221.169998,221.500000,221.110001,221.289993,1409423.000000,1785947700.0
1785947700.0,221.289993,221.350006,221.039993,221.199997,1091795.000000,1785948000.0
1785948000.0,221.199997,221.524994,221.059998,221.169998,1028306.000000,1785948300.0
1785948300.0,221.149994,221.559998,221.080994,221.360001,923940.000000,1785948600.0
1785948600.0,221.350006,221.600006,221.300003,221.559998,1208317.000000,1785948900.0
1785948900.0,221.550003,221.568802,221.229996,221.339996,839902.000000,1785949200.0
1785949200.0,221.320007,221.485001,220.770004,220.785004,1145439.000000,1785949500.0
1785949500.0,220.770004,221.059998,220.608200,220.960007,883103.000000,1785949800.0
1785949800.0,220.979996,221.449997,220.830002,221.380005,909058.000000,1785950100.0
1785950100.0,221.380005,221.570007,221.220001,221.244995,930738.000000,1785950400.0
1785950400.0,221.240005,221.419998,221.070007,221.399994,872943.000000,1785950700.0
1785950700.0,221.417999,221.559998,221.020004,221.050003,838608.000000,1785951000.0
1785951000.0,221.059998,221.270004,220.809998,221.020004,798037.000000,1785951300.0
1785951300.0,221.024994,221.179993,220.949997,221.042892,640518.000000,1785951600.0
1785951600.0,221.050003,221.440002,221.039993,221.278000,645395.000000,1785951900.0
1785951900.0,221.285004,221.285004,220.869995,221.100006,680896.000000,1785952200.0
1785952200.0,221.089996,221.220001,220.889999,220.970001,706661.000000,1785952500.0
1785952500.0,220.970001,220.979507,220.680603,220.815002,718571.000000,1785952800.0
1785952800.0,220.820007,221.070007,220.746506,220.979996,666516.000000,1785953100.0
1785953100.0,220.979996,220.979996,220.590103,220.721695,700093.000000,1785953400.0
1785953400.0,220.740005,221.270004,220.710007,221.046997,909387.000000,1785953700.0
1785953700.0,221.054993,221.490005,220.919998,221.419205,836696.000000,1785954000.0
1785954000.0,221.418594,221.600006,221.350098,221.580505,1015164.000000,1785954300.0
1785954300.0,221.589996,221.800003,221.529999,221.739807,1001441.000000,1785954600.0
1785954600.0,221.740005,221.750000,221.169998,221.543900,1023337.000000,1785954900.0
1785954900.0,221.550003,221.910004,221.529999,221.690002,1117343.000000,1785955200.0
1785955200.0,221.664993,221.779999,221.559998,221.740005,902415.000000,1785955500.0
1785955500.0,221.740005,221.919693,221.600006,221.770004,1018276.000000,1785955800.0
1785955800.0,221.759995,221.820007,221.509995,221.522995,707904.000000,1785956100.0
1785956100.0,221.524994,221.759995,221.289993,221.729996,982690.000000,1785956400.0
1785956400.0,221.740005,222.179993,221.682205,222.020004,3642942.000000,1785956700.0
1785956700.0,222.020004,222.149994,221.860001,221.940002,1025904.000000,1785957000.0
1785957000.0,221.934998,221.955002,221.690002,221.880096,852478.000000,1785957300.0
1785957300.0,221.880005,221.925003,221.600006,221.770004,1040786.000000,1785957600.0
1785957600.0,221.755005,222.039993,221.750000,221.880005,1310527.000000,1785957900.0
1785957900.0,221.875000,222.080002,221.820007,221.835007,1236316.000000,1785958200.0
1785958200.0,221.830002,221.869995,220.979996,221.009995,1796727.000000,1785958500.0
1785958500.0,221.000000,221.139999,220.619995,220.649994,1725053.000000,1785958800.0
1785958800.0,220.649994,220.985001,220.169998,220.250000,1520123.000000,1785959100.0
1785959100.0,220.250000,220.315002,219.770004,220.179993,2344717.000000,1785959400.0
1785959400.0,220.199997,220.439896,220.020996,220.270004,2258687.000000,1785959700.0
1785959700.0,220.279999,220.309998,218.850006,219.199997,6087277.000000,1785960000.0
1786023000.0,221.529999,222.220001,220.020004,222.205002,8132220.000000,1786023300.0
1786023300.0,222.199997,223.439896,222.169998,222.610001,4421061.000000,1786023600.0
1786023600.0,222.600006,223.529999,221.779999,222.054001,2866309.000000,1786023900.0
1786023900.0,222.059998,223.627502,222.050003,223.494995,2792250.000000,1786024200.0
1786024200.0,223.505005,223.580002,222.690002,222.809998,1921281.000000,1786024500.0
1786024500.0,222.839996,223.110001,221.960007,222.160004,2100233.000000,1786024800.0
1786024800.0,222.134995,222.630005,221.649994,221.960007,2055390.000000,1786025100.0
1786025100.0,221.949997,222.058304,221.401993,221.835007,1632205.000000,1786025400.0
1786025400.0,221.835007,222.000000,221.289993,221.350006,1469268.000000,1786025700.0
1786025700.0,221.328293,221.869995,220.911194,220.911194,2034887.000000,1786026000.0
1786026000.0,220.910004,221.359894,220.229996,220.315002,1886137.000000,1786026300.0
1786026300.0,220.380005,220.450394,219.330093,219.815002,2249239.000000,1786026600.0
1786026600.0,219.821793,219.969894,219.169998,219.750000,2108251.000000,1786026900.0
1786026900.0,219.729996,219.949997,218.921005,218.990005,2362751.000000,1786027200.0
1786027200.0,218.979996,219.830002,218.929901,219.220001,1503171.000000,1786027500.0
1786027500.0,219.229996,219.589996,218.809998,219.397903,1292024.000000,1786027800.0
1786027800.0,219.369995,219.609894,218.949997,219.410004,1120193.000000,1786028100.0
1786028100.0,219.419998,219.789993,219.000000,219.119995,1176673.000000,1786028400.0
1786028400.0,219.110001,219.349899,217.740005,217.830002,2007579.000000,1786028700.0
1786028700.0,217.824997,218.489899,217.710098,218.190002,1460144.000000,1786029000.0
1786029000.0,218.149994,218.690002,218.054993,218.345001,1210054.000000,1786029300.0
1786029300.0,218.320007,218.360107,217.830002,217.994995,1062485.000000,1786029600.0
1786029600.0,218.009995,218.199997,217.710007,217.925003,977700.000000,1786029900.0
1786029900.0,217.910004,218.429901,217.860001,218.204102,839201.000000,1786030200.0
1786030200.0,218.210007,218.419998,217.639999,217.695007,936109.000000,1786030500.0
1786030500.0,217.699997,217.919998,217.310196,217.675003,1185874.000000,1786030800.0
1786030800.0,217.690002,217.880005,217.330002,217.380005,874042.000000,1786031100.0
1786031100.0,217.354996,218.179901,217.335007,217.824997,862135.000000,1786031400.0
1786031400.0,217.809998,218.098007,217.270004,217.350006,1108739.000000,1786031700.0
1786031700.0,217.339996,218.169998,217.270004,217.910095,1135975.000000,1786032000.0
1786032000.0,217.889999,217.990005,217.440002,217.705002,800609.000000,1786032300.0
1786032300.0,217.710007,218.387207,217.649994,218.301895,719933.000000,1786032600.0
1786032600.0,218.289993,218.660004,218.289993,218.365005,1094756.000000,1786032900.0
1786032900.0,218.360001,218.770004,218.020004,218.622604,954475.000000,1786033200.0
1786033200.0,218.610001,219.095001,218.440002,219.089996,969519.000000,1786033500.0
1786033500.0,219.095001,219.130005,218.500107,218.529999,1300901.000000,1786033800.0
1786033800.0,218.539993,219.073807,218.500000,218.908798,1205738.000000,1786034100.0
1786034100.0,218.919998,219.179993,218.865601,219.169998,628503.000000,1786034400.0
1786034400.0,219.190002,219.309998,218.880005,218.949997,680343.000000,1786034700.0
1786034700.0,218.919998,219.238007,218.479996,219.061798,250219.000000,1786035000.0
1786035000.0,219.089996,219.320007,218.949997,218.970001,684049.000000,1786035300.0
1786035300.0,218.979996,219.440002,218.869995,219.369995,478151.000000,1786035600.0
1786035600.0,219.380005,219.679993,219.270004,219.324997,864451.000000,1786035900.0
1786035900.0,219.322800,219.750000,219.270004,219.549896,1191564.000000,1786036200.0
1786036200.0,219.539902,219.619995,219.279999,219.320007,606893.000000,1786036500.0
1786036500.0,219.322098,219.649994,219.199997,219.565002,468560.000000,1786036800.0
1786036800.0,219.565002,219.718002,219.139999,219.160004,523082.000000,1786037100.0
1786037100.0,219.160706,219.448593,218.960007,218.960007,466630.000000,1786037400.0
1786037400.0,218.970001,219.250000,218.960007,219.000000,518633.000000,1786037700.0
1786037700.0,218.979996,219.229996,218.920105,218.950104,490462.000000,1786038000.0
1786038000.0,219.000000,219.039993,218.570007,218.764999,571801.000000,1786038300.0
1786038300.0,218.800095,218.910004,218.681198,218.746796,419890.000000,1786038600.0
1786038600.0,218.750000,219.339905,218.660004,219.274994,515579.000000,1786038900.0
1786038900.0,219.270004,219.619995,219.120102,219.610001,600978.000000,1786039200.0
1786039200.0,219.610001,219.869995,219.479996,219.860001,727679.000000,1786039500.0
1786039500.0,219.865005,219.979996,219.570099,219.679993,641336.000000,1786039800.0
1786039800.0,219.679993,220.079895,219.540100,220.009995,782928.000000,1786040100.0
1786040100.0,220.009995,220.910004,217.389999,220.360001,1694343.000000,1786040400.0
1786040400.0,220.360001,220.669998,220.330002,220.589905,749530.000000,1786040700.0
1786040700.0,220.589996,220.649902,220.339996,220.410004,536861.000000,1786041000.0
1786041000.0,220.414993,220.449997,219.789993,219.820007,684888.000000,1786041300.0
1786041300.0,219.820007,220.059998,219.729996,219.779999,561084.000000,1786041600.0
1786041600.0,219.789993,219.919998,219.490005,219.849899,703999.000000,1786041900.0
1786041900.0,219.830002,219.979996,219.550003,219.559998,631538.000000,1786042200.0
1786042200.0,219.570007,219.699997,219.410004,219.520004,574784.000000,1786042500.0
1786042500.0,219.520004,219.720001,219.411407,219.494995,689247.000000,1786042800.0
1786042800.0,219.494995,220.100006,219.490005,220.089996,875963.000000,1786043100.0
1786043100.0,220.089996,220.100006,219.679993,220.000000,709879.000000,1786043400.0
1786043400.0,220.005005,220.363495,219.759995,219.814499,1123286.000000,1786043700.0
1786043700.0,219.800003,219.880005,219.410004,219.550003,981993.000000,1786044000.0
1786044000.0,219.539993,220.135803,219.494995,219.714996,872002.000000,1786044300.0
1786044300.0,219.729797,220.009995,219.600006,219.850006,903818.000000,1786044600.0
1786044600.0,219.860001,220.259995,219.659103,220.250000,864999.000000,1786044900.0
1786044900.0,220.270004,220.289993,219.960007,219.990005,788388.000000,1786045200.0
1786045200.0,219.990005,220.149994,219.709396,219.899994,896322.000000,1786045500.0
1786045500.0,219.910004,219.940002,219.529999,219.690002,1061411.000000,1786045800.0
1786045800.0,219.669998,219.669998,218.570007,218.960007,2407478.000000,1786046100.0
1786046100.0,218.970001,219.550003,218.570007,218.990005,3990169.000000,1786046400.0
1786109400.0,222.000000,222.990005,220.660004,222.960007,6862854.000000,1786109700.0
1786109700.0,222.955002,223.130005,221.570007,221.684998,1903100.000000,1786110000.0
1786110000.0,221.699997,222.539993,221.274994,222.274994,1538512.000000,1786110300.0
1786110300.0,222.270004,222.619995,221.800003,222.179993,1444756.000000,1786110600.0
1786110600.0,222.210007,223.169998,222.119995,222.777496,1800146.000000,1786110900.0
1786110900.0,222.789993,222.860001,221.740005,222.500000,1691869.000000,1786111200.0
1786111200.0,222.509995,222.789993,221.899994,221.899994,1655638.000000,1786111500.0
1786111500.0,221.914993,222.800003,221.750000,222.134995,1471468.000000,1786111800.0
1786111800.0,222.134995,222.309998,220.929993,221.410095,1468832.000000,1786112100.0
1786112100.0,221.410004,222.350006,221.169998,222.294998,1231950.000000,1786112400.0
1786112400.0,222.309998,222.440002,221.820007,221.989899,966184.000000,1786112700.0
1786112700.0,221.990005,223.449997,221.975494,223.349899,2307041.000000,1786113000.0
1786113000.0,223.330002,223.630005,222.760300,223.270004,1736377.000000,1786113300.0
1786113300.0,223.264999,223.490005,222.759995,222.960007,1250869.000000,1786113600.0
1786113600.0,222.949997,223.378998,222.679993,222.799896,1039061.000000,1786113900.0
1786113900.0,222.804993,223.585007,222.729996,223.504898,1369764.000000,1786114200.0
1786114200.0,223.464996,223.769897,223.070007,223.089996,1282802.000000,1786114500.0
1786114500.0,223.117493,223.559998,222.979996,223.179993,1222702.000000,1786114800.0
1786114800.0,223.169998,223.789993,223.134995,223.552307,1331983.000000,1786115100.0
1786115100.0,223.565002,223.750000,223.490005,223.630005,840623.000000,1786115400.0
1786115400.0,223.619995,223.985001,223.273300,223.585007,1546275.000000,1786115700.0
1786115700.0,223.565002,223.964996,223.490005,223.830002,1120060.000000,1786116000.0
1786116000.0,223.839996,224.350006,223.750000,224.279999,1712976.000000,1786116300.0
1786116300.0,224.289993,224.649994,224.149994,224.199997,1397184.000000,1786116600.0
1786116600.0,224.210007,224.759995,224.210007,224.690002,1105079.000000,1786116900.0
1786116900.0,224.690002,224.729904,224.259995,224.380005,799844.000000,1786117200.0
1786117200.0,224.399994,224.520004,224.080002,224.345001,747774.000000,1786117500.0
1786117500.0,224.356506,224.579895,224.250000,224.524994,741913.000000,1786117800.0
1786117800.0,224.539993,224.679993,223.830002,223.975006,1064790.000000,1786118100.0
1786118100.0,223.979996,223.985001,223.592194,223.820007,1208163.000000,1786118400.0
1786118400.0,223.820007,223.889603,223.350006,223.460098,970115.000000,1786118700.0
1786118700.0,223.479996,223.520004,223.235001,223.365005,801217.000000,1786119000.0
1786119000.0,223.360001,223.720001,223.339996,223.600098,1369550.000000,1786119300.0
1786119300.0,223.589996,223.649902,223.250000,223.320007,1020288.000000,1786119600.0
1786119600.0,223.309998,223.460007,222.720001,222.759995,1121019.000000,1786119900.0
1786119900.0,222.729996,222.787796,222.250000,222.449997,1146561.000000,1786120200.0
1786120200.0,222.460007,222.570007,221.960007,222.479904,1989883.000000,1786120500.0
1786120500.0,222.479904,222.649994,222.273804,222.494995,749258.000000,1786120800.0
1786120800.0,222.470001,222.619995,222.339996,222.414993,623087.000000,1786121100.0
1786121100.0,222.410004,222.559998,222.335907,222.470001,593445.000000,1786121400.0
1786121400.0,222.462097,222.615005,222.149994,222.154999,794176.000000,1786121700.0
1786121700.0,222.179993,222.315002,221.880005,221.899994,628174.000000,1786122000.0
1786122000.0,221.899994,222.089996,221.720001,222.039993,827717.000000,1786122300.0
1786122300.0,222.050003,222.339996,221.923492,222.160004,828617.000000,1786122600.0
1786122600.0,222.175003,222.223007,221.710007,221.804993,733968.000000,1786122900.0
1786122900.0,221.809998,222.046906,221.770004,222.009995,522652.000000,1786123200.0
1786123200.0,222.000000,222.104996,221.669998,221.684998,686329.000000,1786123500.0
1786123500.0,221.669998,221.990005,221.550400,221.824997,577494.000000,1786123800.0
1786123800.0,221.824997,221.960007,221.679993,221.779999,577426.000000,1786124100.0
1786124100.0,221.785004,222.255005,221.770004,222.190002,565522.000000,1786124400.0
1786124400.0,222.184998,222.360001,222.050003,222.059998,623595.000000,1786124700.0
1786124700.0,222.059998,222.345001,221.940002,222.279999,484432.000000,1786125000.0
1786125000.0,222.285095,222.360001,222.050003,222.159500,476125.000000,1786125300.0
1786125300.0,222.145004,222.349701,222.054993,222.089996,385474.000000,1786125600.0
1786125600.0,222.100006,222.279999,222.070297,222.164993,495607.000000,1786125900.0
1786125900.0,222.164993,222.399994,222.035004,222.309998,392655.000000,1786126200.0
1786126200.0,222.309998,222.339996,221.850006,221.945007,460159.000000,1786126500.0
1786126500.0,221.960007,222.050003,221.839996,222.029999,483169.000000,1786126800.0
1786126800.0,222.014999,222.145004,221.899994,221.975006,467556.000000,1786127100.0
1786127100.0,221.960602,222.145004,221.850006,221.945007,452684.000000,1786127400.0
1786127400.0,221.960007,222.110001,221.854996,221.880005,440657.000000,1786127700.0
1786127700.0,221.875000,222.100006,221.764999,222.029999,720155.000000,1786128000.0
1786128000.0,222.039993,222.059998,221.875000,221.889999,352455.000000,1786128300.0
1786128300.0,221.910004,222.149994,221.880005,222.125000,436247.000000,1786128600.0
1786128600.0,222.134995,222.395004,222.090103,222.279999,602785.000000,1786128900.0
1786128900.0,222.279999,222.320007,222.039993,222.270004,506522.000000,1786129200.0
1786129200.0,222.309998,222.800003,222.309998,222.330002,973690.000000,1786129500.0
1786129500.0,222.327805,222.649704,222.309998,222.615005,784699.000000,1786129800.0
1786129800.0,222.610001,222.990005,222.600006,222.850006,900072.000000,1786130100.0
1786130100.0,222.859100,223.139999,222.820007,222.830002,978339.000000,1786130400.0
1786130400.0,222.830002,223.080002,222.781006,222.809998,760393.000000,1786130700.0
1786130700.0,222.804993,223.044998,222.789993,223.039993,826342.000000,1786131000.0
1786131000.0,223.039993,223.039993,222.389999,222.519897,1028828.000000,1786131300.0
1786131300.0,222.529907,223.139999,222.464996,222.985001,944783.000000,1786131600.0
1786131600.0,222.970001,223.100006,222.880005,222.934998,988637.000000,1786131900.0
1786131900.0,222.934998,223.039993,222.660004,222.862198,889229.000000,1786132200.0
1786132200.0,222.860001,223.410004,222.750000,223.395905,1902631.000000,1786132500.0
1786132500.0,223.380005,224.210007,223.210007,223.979996,5932233.000000,1786132800.0
1786368600.0,223.449997,224.137894,222.410004,222.770004,6416521.000000,1786368900.0
1786368900.0,222.779999,224.000000,222.580505,222.964996,1948422.000000,1786369200.0
1786369200.0,222.970001,223.139999,222.500000,223.009995,1637302.000000,1786369500.0
1786369500.0,223.020004,223.500000,222.820007,223.115005,1554315.000000,1786369800.0
1786369800.0,223.149994,223.169998,222.220001,222.289993,1756102.000000,1786370100.0
1786370100.0,222.289993,222.520004,221.759995,222.070007,1667724.000000,1786370400.0
1786370400.0,222.080002,222.429993,221.449997,221.750000,1704537.000000,1786370700.0
1786370700.0,221.755005,221.919998,221.660004,221.810104,1098250.000000,1786371000.0
1786371000.0,221.815002,222.229996,221.580002,222.110001,1514395.000000,1786371300.0
1786371300.0,222.110001,222.384995,221.199997,221.250000,1447672.000000,1786371600.0
1786371600.0,221.250000,221.429901,220.360001,220.479996,1663085.000000,1786371900.0
1786371900.0,220.500000,220.940002,220.179993,220.400101,1427805.000000,1786372200.0
1786372200.0,220.399994,220.509995,220.100006,220.179993,1264124.000000,1786372500.0
1786372500.0,220.199997,220.630005,220.182404,220.449997,1290910.000000,1786372800.0
1786372800.0,220.440002,220.600006,220.270004,220.479996,990912.000000,1786373100.0
1786373100.0,220.485001,221.139999,220.449997,220.911606,1169431.000000,1786373400.0
1786373400.0,220.910004,221.029999,220.020004,220.080002,1181386.000000,1786373700.0
1786373700.0,220.089996,220.197006,219.520004,219.596802,1697768.000000,1786374000.0
1786374000.0,219.600006,219.869507,219.309998,219.574997,1361653.000000,1786374300.0
1786374300.0,219.574997,219.800003,219.330002,219.339996,1158781.000000,1786374600.0
1786374600.0,219.332993,219.570007,218.929993,219.139999,1435385.000000,1786374900.0
1786374900.0,219.149994,219.509995,219.009995,219.089996,965801.000000,1786375200.0
1786375200.0,219.095001,219.259995,219.000000,219.210007,888235.000000,1786375500.0
1786375500.0,219.199997,219.509903,219.029999,219.449997,887821.000000,1786375800.0
1786375800.0,219.429993,219.490005,219.050003,219.065002,893178.000000,1786376100.0
1786376100.0,219.069702,219.130005,218.779999,218.891998,1192670.000000,1786376400.0
1786376400.0,218.895004,219.690002,218.759995,219.664993,1471295.000000,1786376700.0
1786376700.0,219.669998,219.830002,219.050095,219.059998,1099801.000000,1786377000.0
1786377000.0,219.070007,219.470001,218.990005,219.380005,859374.000000,1786377300.0
1786377300.0,219.380005,219.689896,219.289993,219.630295,818066.000000,1786377600.0
1786377600.0,219.639999,219.884995,219.529999,219.789993,704568.000000,1786377900.0
1786377900.0,219.800003,219.845001,219.429993,219.750000,969199.000000,1786378200.0
1786378200.0,219.764999,219.850006,219.590805,219.750000,573469.000000,1786378500.0
1786378500.0,219.750000,220.139999,219.651993,219.829895,854626.000000,1786378800.0
1786378800.0,219.800003,220.360001,219.699997,219.895004,1338631.000000,1786379100.0
1786379100.0,219.880005,220.600006,218.340103,218.340103,2560619.000000,1786379400.0
1786379400.0,218.360001,218.669998,217.690002,217.875000,2291017.000000,1786379700.0
1786379700.0,217.860001,217.889999,216.770004,217.009705,2832255.000000,1786380000.0
1786380000.0,216.985001,217.270004,216.778198,217.164993,1697599.000000,1786380300.0
1786380300.0,217.179993,217.500000,217.020096,217.470001,1318171.000000,1786380600.0
1786380600.0,217.460007,217.589996,216.899994,217.000107,1161159.000000,1786380900.0
1786380900.0,217.029999,217.630005,216.869995,217.619904,1197677.000000,1786381200.0
1786381200.0,217.610001,217.800003,217.229996,217.372101,1248911.000000,1786381500.0
1786381500.0,217.380005,218.229996,217.320007,218.149994,1214816.000000,1786381800.0
1786381800.0,218.160004,218.660004,218.070007,218.649994,1408616.000000,1786382100.0
1786382100.0,218.640106,218.880005,218.580002,218.774994,1189662.000000,1786382400.0
1786382400.0,218.779999,219.000000,218.580002,218.589996,953859.000000,1786382700.0
1786382700.0,218.580002,218.669998,218.360504,218.498093,686453.000000,1786383000.0
1786383000.0,218.489899,219.044998,218.430603,218.539993,965007.000000,1786383300.0
1786383300.0,218.544998,218.554993,217.830002,218.300003,994996.000000,1786383600.0
1786383600.0,218.297699,218.440002,217.985001,218.199799,664643.000000,1786383900.0
1786383900.0,218.190002,218.350006,218.128006,218.203506,827666.000000,1786384200.0
1786384200.0,218.199997,218.410004,218.080002,218.309998,472639.000000,1786384500.0
1786384500.0,218.320007,218.429993,218.210007,218.300003,358982.000000,1786384800.0
1786384800.0,218.300003,218.610001,218.279999,218.550003,1233450.000000,1786385100.0
1786385100.0,218.559998,218.789993,218.500000,218.649994,558410.000000,1786385400.0
1786385400.0,218.639999,218.869995,218.600006,218.679993,559259.000000,1786385700.0
1786385700.0,218.688004,218.719894,218.320007,218.414993,576309.000000,1786386000.0
1786386000.0,218.410004,218.559998,218.399994,218.490005,552936.000000,1786386300.0
1786386300.0,218.479996,218.649994,218.440002,218.539993,409389.000000,1786386600.0
1786386600.0,218.544998,218.679993,218.410004,218.529999,597581.000000,1786386900.0
1786386900.0,218.539993,218.625000,218.369995,218.580002,502372.000000,1786387200.0
1786387200.0,218.585007,218.839996,218.570007,218.813202,443406.000000,1786387500.0
1786387500.0,218.820007,218.897995,218.580002,218.630005,445614.000000,1786387800.0
1786387800.0,218.634995,218.800003,218.619995,218.740005,406492.000000,1786388100.0
1786388100.0,218.740005,219.100006,218.630005,219.020004,747721.000000,1786388400.0
1786388400.0,219.020004,219.270004,218.925705,219.110001,778910.000000,1786388700.0
1786388700.0,219.110001,219.399994,219.059998,219.244995,812788.000000,1786389000.0
1786389000.0,219.255005,219.449997,219.130005,219.294998,1062003.000000,1786389300.0
1786389300.0,219.289993,219.389893,218.850006,218.852005,909009.000000,1786389600.0
1786389600.0,218.869995,219.239899,218.759995,219.210007,872276.000000,1786389900.0
1786389900.0,219.199997,219.229996,218.929993,219.148804,575671.000000,1786390200.0
1786390200.0,219.149994,219.214996,218.919998,218.990005,770050.000000,1786390500.0
1786390500.0,218.979996,219.130005,218.929993,219.050003,627531.000000,1786390800.0
1786390800.0,219.039993,219.130005,218.809998,218.880005,752931.000000,1786391100.0
1786391100.0,218.889999,218.929993,218.649994,218.880005,882119.000000,1786391400.0
1786391400.0,218.869995,218.869995,217.660004,217.710007,2205790.000000,1786391700.0
1786391700.0,217.699997,218.089996,217.369995,217.559998,5242764.000000,1786392000.0
1786455000.0,222.149994,222.199997,220.500000,220.860001,8422619.000000,1786455300.0
1786455300.0,220.839996,220.839996,219.250107,219.820007,2593199.000000,1786455600.0
1786455600.0,219.820007,221.009995,219.800003,220.585007,2078089.000000,1786455900.0
1786455900.0,220.559998,220.580002,219.750000,220.080002,1769960.000000,1786456200.0
1786456200.0,220.039993,220.289993,219.179993,219.354996,1671144.000000,1786456500.0
1786456500.0,219.354996,219.979996,218.830002,219.880005,1676208.000000,1786456800.0
1786456800.0,219.860001,219.869995,219.440002,219.550003,1223871.000000,1786457100.0
1786457100.0,219.529999,220.074997,219.455002,219.865005,1408214.000000,1786457400.0
1786457400.0,219.854996,220.127197,219.794998,219.919998,1306939.000000,1786457700.0
1786457700.0,219.917007,220.300003,219.337601,219.350006,1529297.000000,1786458000.0
1786458000.0,219.339996,219.600006,219.199997,219.580002,1077092.000000,1786458300.0
1786458300.0,219.580002,220.110001,219.280197,219.574997,1229028.000000,1786458600.0
1786458600.0,219.589996,219.675003,219.100006,219.380005,1254036.000000,1786458900.0
1786458900.0,219.365005,219.517899,218.850006,218.940002,1322845.000000,1786459200.0
1786459200.0,218.949997,219.250000,218.850098,218.899994,796081.000000,1786459500.0
1786459500.0,218.889999,219.559998,218.830002,219.470001,1285213.000000,1786459800.0
1786459800.0,219.440002,219.839996,219.130005,219.789993,952281.000000,1786460100.0
1786460100.0,219.782196,220.559998,219.729996,219.804993,1452342.000000,1786460400.0
1786460400.0,219.804993,219.836807,219.610001,219.695007,725200.000000,1786460700.0
1786460700.0,219.679993,219.689896,219.190201,219.210007,800189.000000,1786461000.0
1786461000.0,219.199997,219.360001,218.770004,218.815002,1005017.000000,1786461300.0
1786461300.0,218.809998,218.909698,218.464996,218.815994,1310259.000000,1786461600.0
1786461600.0,218.850006,219.059998,218.710007,218.889999,897271.000000,1786461900.0
1786461900.0,218.880005,219.330002,218.865005,219.080002,898077.000000,1786462200.0
1786462200.0,219.089996,219.380005,219.067596,219.172104,648179.000000,1786462500.0
1786462500.0,219.191498,219.210007,218.854996,218.889999,820826.000000,1786462800.0
1786462800.0,218.889999,219.009995,218.710007,218.820007,650371.000000,1786463100.0
1786463100.0,218.820007,218.820007,218.449997,218.479996,758465.000000,1786463400.0
1786463400.0,218.479996,218.699997,218.449997,218.490005,1021618.000000,1786463700.0
1786463700.0,218.490005,218.649994,218.419998,218.529999,524472.000000,1786464000.0
1786464000.0,218.539993,218.579895,218.300003,218.399002,583790.000000,1786464300.0
1786464300.0,218.399902,218.529999,218.250000,218.351898,504780.000000,1786464600.0
1786464600.0,218.339996,218.582993,218.259995,218.449997,668042.000000,1786464900.0
1786464900.0,218.455002,218.630005,218.430099,218.479996,486745.000000,1786465200.0
1786465200.0,218.479996,218.600006,218.360001,218.414993,466826.000000,1786465500.0
1786465500.0,218.414993,218.750000,218.259995,218.669998,774146.000000,1786465800.0
1786465800.0,218.669998,218.970001,218.649994,218.854996,724553.000000,1786466100.0
1786466100.0,218.854996,219.269897,218.839996,219.241501,627270.000000,1786466400.0
1786466400.0,219.250000,219.250000,218.759995,218.830093,619887.000000,1786466700.0
1786466700.0,218.830200,218.897995,218.047501,218.089996,904403.000000,1786467000.0
1786467000.0,218.110001,218.210007,217.809998,217.860001,1018613.000000,1786467300.0
1786467300.0,217.869995,217.880005,217.649994,217.716995,684975.000000,1786467600.0
1786467600.0,217.725006,217.820007,217.550003,217.554993,723574.000000,1786467900.0
1786467900.0,217.554993,217.789993,217.470001,217.479996,820949.000000,1786468200.0
1786468200.0,217.460007,217.500000,216.729996,216.779999,1582836.000000,1786468500.0
1786468500.0,216.759995,217.139999,216.720001,217.100006,795845.000000,1786468800.0
1786468800.0,217.095001,217.554993,216.960007,217.279999,761680.000000,1786469100.0
1786469100.0,217.270004,217.410004,217.119995,217.285095,522191.000000,1786469400.0
1786469400.0,217.285004,217.360001,216.930099,217.220001,641993.000000,1786469700.0
1786469700.0,217.225006,217.455093,217.059998,217.189194,598602.000000,1786470000.0
1786470000.0,217.180099,217.550003,217.160004,217.550003,604721.000000,1786470300.0
1786470300.0,217.550003,217.820007,217.490097,217.710007,567074.000000,1786470600.0
1786470600.0,217.710007,217.803696,217.550003,217.764999,537087.000000,1786470900.0
1786470900.0,217.770004,217.839996,217.660004,217.740005,296225.000000,1786471200.0
1786471200.0,217.725006,217.770004,217.520004,217.539993,412286.000000,1786471500.0
1786471500.0,217.539993,217.580093,217.029999,217.144501,681557.000000,1786471800.0
1786471800.0,217.160004,217.193893,217.031403,217.137802,382236.000000,1786472100.0
1786472100.0,217.134995,217.134995,216.809998,216.929993,655271.000000,1786472400.0
1786472400.0,216.929993,217.000000,216.600006,216.770004,864277.000000,1786472700.0
1786472700.0,216.759995,216.830002,216.300003,216.470001,814565.000000,1786473000.0
1786473000.0,216.479996,216.849792,216.399994,216.743393,668062.000000,1786473300.0
1786473300.0,216.759903,216.927994,216.669998,216.800003,859407.000000,1786473600.0
1786473600.0,216.800003,216.800003,216.570007,216.632797,440108.000000,1786473900.0
1786473900.0,216.619995,217.259903,216.615005,217.229996,572339.000000,1786474200.0
1786474200.0,217.229996,217.329895,217.149994,217.246094,502957.000000,1786474500.0
1786474500.0,217.244995,217.354996,217.130005,217.157898,587887.000000,1786474800.0
1786474800.0,217.139999,217.490997,217.070099,217.440002,744052.000000,1786475100.0
1786475100.0,217.429993,217.470001,217.169998,217.320007,611908.000000,1786475400.0
1786475400.0,217.309998,217.500000,217.259995,217.440094,518883.000000,1786475700.0
1786475700.0,217.455002,217.664993,217.419998,217.639999,591994.000000,1786476000.0
1786476000.0,217.664993,217.970001,217.544998,217.850006,907398.000000,1786476300.0
1786476300.0,217.865005,217.964996,217.789993,217.854996,562606.000000,1786476600.0
1786476600.0,217.860001,218.035004,217.770096,218.029999,862483.000000,1786476900.0
1786476900.0,218.035004,218.179993,217.889999,218.160004,743000.000000,1786477200.0
1786477200.0,218.154999,218.169998,217.710007,217.746002,775645.000000,1786477500.0
1786477500.0,217.740005,217.744995,217.059998,217.089996,1121945.000000,1786477800.0
1786477800.0,217.100006,217.770004,216.892807,217.710007,2535344.000000,1786478100.0
1786478100.0,217.729996,218.160004,217.199997,217.479996,5029923.000000,1786478400.0
1786541400.0,221.039993,222.449997,220.199997,221.725006,8867946.000000,1786541700.0
1786541700.0,221.720001,222.250000,220.860001,220.913498,2606032.000000,1786542000.0
1786542000.0,220.909393,221.599899,220.300003,221.324600,1895348.000000,1786542300.0
1786542300.0,221.320007,223.229996,221.199997,223.080002,3506082.000000,1786542600.0
1786542600.0,223.080002,223.460007,222.470001,222.520004,2340638.000000,1786542900.0
1786542900.0,222.520004,223.830002,222.419998,223.634995,2438849.000000,1786543200.0
1786543200.0,223.634995,224.050003,222.800507,222.800507,2748040.000000,1786543500.0
1786543500.0,222.800003,223.199997,222.630005,222.994995,1357048.000000,1786543800.0
1786543800.0,222.975006,223.429993,222.419998,223.110001,1850070.000000,1786544100.0
1786544100.0,223.110001,223.759995,223.080002,223.270004,1230764.000000,1786544400.0
1786544400.0,223.250000,223.800003,223.020004,223.647797,1380387.000000,1786544700.0
1786544700.0,223.642807,224.729996,223.560104,224.476593,2463729.000000,1786545000.0
1786545000.0,224.449997,224.479996,223.675003,223.994995,1614044.000000,1786545300.0
1786545300.0,224.009995,224.755005,223.830093,224.639999,1285617.000000,1786545600.0
1786545600.0,224.639999,224.820007,224.520004,224.809998,1394135.000000,1786545900.0
1786545900.0,224.809998,225.100006,224.389999,224.470001,3455758.000000,1786546200.0
1786546200.0,224.462997,224.529999,223.809998,223.932007,1617183.000000,1786546500.0
1786546500.0,223.940002,224.065002,223.649994,223.744995,1116946.000000,1786546800.0
1786546800.0,223.744995,224.509995,223.729996,224.190002,1164171.000000,1786547100.0
1786547100.0,224.175003,224.199997,223.589996,223.669998,962292.000000,1786547400.0
1786547400.0,223.675003,223.729996,223.370499,223.419998,885166.000000,1786547700.0
1786547700.0,223.410004,223.929901,223.350006,223.759995,866326.000000,1786548000.0
1786548000.0,223.750107,224.000000,223.720001,223.800003,687014.000000,1786548300.0
1786548300.0,223.804993,223.850006,223.470001,223.839905,861292.000000,1786548600.0
1786548600.0,223.850006,223.940002,223.370102,223.475006,646211.000000,1786548900.0
1786548900.0,223.470001,223.615005,223.270004,223.285004,779033.000000,1786549200.0
1786549200.0,223.270004,223.529999,223.139999,223.169998,880119.000000,1786549500.0
1786549500.0,223.164993,223.449997,222.890106,223.449905,1063123.000000,1786549800.0
1786549800.0,223.440002,223.610001,223.080002,223.230103,841422.000000,1786550100.0
1786550100.0,223.210007,223.210007,222.910004,223.020004,759624.000000,1786550400.0
1786550400.0,223.024994,223.320007,222.990005,223.214996,862154.000000,1786550700.0
1786550700.0,223.210007,223.548996,223.160004,223.450104,893123.000000,1786551000.0
1786551000.0,223.449997,223.850006,223.449997,223.600098,915177.000000,1786551300.0
1786551300.0,223.619995,223.710007,223.270004,223.375000,717932.000000,1786551600.0
1786551600.0,223.370102,223.490005,223.190002,223.440002,530435.000000,1786551900.0
1786551900.0,223.429993,223.580002,223.190002,223.220001,552803.000000,1786552200.0
1786552200.0,223.220795,223.279999,222.789993,222.809998,717080.000000,1786552500.0
1786552500.0,222.809998,223.160004,222.670105,223.149994,731088.000000,1786552800.0
1786552800.0,223.150299,223.229996,222.880005,222.899994,796920.000000,1786553100.0
1786553100.0,222.914993,223.220001,222.860001,223.184998,639117.000000,1786553400.0
1786553400.0,223.184998,223.960007,223.184998,223.875000,897045.000000,1786553700.0
1786553700.0,223.877304,223.975998,223.669998,223.800003,671951.000000,1786554000.0
1786554000.0,223.800003,224.289993,223.789993,224.175003,1052290.000000,1786554300.0
1786554300.0,224.179993,224.199997,223.895004,223.919998,507310.000000,1786554600.0
1786554600.0,223.910004,224.130005,223.899994,224.120102,505496.000000,1786554900.0
1786554900.0,224.129700,224.130005,223.669998,223.820007,660609.000000,1786555200.0
1786555200.0,223.824997,224.020004,223.810104,223.970001,467405.000000,1786555500.0
1786555500.0,223.971603,224.229996,223.919998,224.100098,572949.000000,1786555800.0
1786555800.0,224.090500,224.139999,223.960007,224.059998,528845.000000,1786556100.0
1786556100.0,224.050003,224.122299,223.960007,223.994995,561535.000000,1786556400.0
1786556400.0,223.990005,224.119995,223.860001,224.090103,581190.000000,1786556700.0
1786556700.0,224.085007,224.220001,223.740005,223.755005,691298.000000,1786557000.0
1786557000.0,223.740005,223.880005,223.539993,223.600006,691677.000000,1786557300.0
1786557300.0,223.600006,223.824997,223.510101,223.654999,592502.000000,1786557600.0
1786557600.0,223.639999,223.684998,223.169998,223.414993,712262.000000,1786557900.0
1786557900.0,223.410294,223.589996,223.369995,223.570007,535427.000000,1786558200.0
1786558200.0,223.574997,223.979996,223.559998,223.970001,618237.000000,1786558500.0
1786558500.0,223.960007,223.967300,223.714996,223.755096,555855.000000,1786558800.0
1786558800.0,223.750000,224.000000,223.690002,223.964996,522424.000000,1786559100.0
1786559100.0,223.960999,224.199997,223.960999,224.119995,627888.000000,1786559400.0
1786559400.0,224.119995,224.449997,224.089996,224.190002,791673.000000,1786559700.0
1786559700.0,224.169998,224.190002,223.865005,223.945007,545204.000000,1786560000.0
1786560000.0,223.949997,224.220001,223.710007,223.774994,663303.000000,1786560300.0
1786560300.0,223.770004,223.820007,223.559998,223.800003,501189.000000,1786560600.0
1786560600.0,223.820007,223.925003,223.720001,223.729996,466899.000000,1786560900.0
1786560900.0,223.720001,223.740005,223.500000,223.682800,498202.000000,1786561200.0
1786561200.0,223.679993,223.850006,223.630005,223.774506,570534.000000,1786561500.0
1786561500.0,223.779999,223.880005,223.669998,223.725494,497781.000000,1786561800.0
1786561800.0,223.720001,223.727905,223.460007,223.524994,605633.000000,1786562100.0
1786562100.0,223.520004,223.660004,223.289993,223.289993,680729.000000,1786562400.0
1786562400.0,223.294998,223.300003,222.940002,223.039993,849748.000000,1786562700.0
1786562700.0,223.054993,223.129700,222.809998,223.000000,852988.000000,1786563000.0
1786563000.0,222.990005,223.016403,222.490005,222.544998,1113571.000000,1786563300.0
1786563300.0,222.544998,222.619995,222.380005,222.479996,952135.000000,1786563600.0
1786563600.0,222.479996,222.554993,222.229996,222.340302,1047627.000000,1786563900.0
1786563900.0,222.320007,223.066803,222.240005,222.899994,1396668.000000,1786564200.0
1786564200.0,222.889999,223.770004,222.660004,223.440002,1833667.000000,1786564500.0
1786564500.0,223.470001,224.349899,223.253204,224.130005,4423077.000000,1786564800.0
1786627800.0,225.054993,226.869995,224.134995,226.000000,9284958.000000,1786628100.0
1786628100.0,226.009995,227.229996,224.759995,225.300003,4620182.000000,1786628400.0
1786628400.0,225.309998,225.320007,224.630005,224.910004,2669522.000000,1786628700.0
1786628700.0,224.899994,225.880005,224.750000,225.625000,2390564.000000,1786629000.0
1786629000.0,225.634995,226.139893,225.410004,225.449997,1828930.000000,1786629300.0
1786629300.0,225.475006,225.850006,225.205002,225.770004,1821709.000000,1786629600.0
1786629600.0,225.779999,226.179993,225.010101,226.169998,1957773.000000,1786629900.0
1786629900.0,226.177994,226.419998,225.740097,226.218704,1575839.000000,1786630200.0
1786630200.0,226.227997,226.350006,226.029999,226.205002,1004302.000000,1786630500.0
1786630500.0,226.200195,226.214996,225.649994,225.799896,1119265.000000,1786630800.0
1786630800.0,225.809906,225.910004,225.550003,225.839996,798572.000000,1786631100.0
1786631100.0,225.830002,226.210007,225.730103,226.029999,794904.000000,1786631400.0
1786631400.0,226.035004,226.220001,225.899994,226.095001,712728.000000,1786631700.0
1786631700.0,226.099899,226.479996,226.009995,226.389999,826053.000000,1786632000.0
1786632000.0,226.375000,226.425003,225.619995,225.630005,1203323.000000,1786632300.0
1786632300.0,225.630005,225.710007,224.639999,225.054993,1759861.000000,1786632600.0
1786632600.0,225.065002,225.089996,224.660004,224.979996,1044870.000000,1786632900.0
1786632900.0,224.975006,225.270004,224.763702,224.990005,1154968.000000,1786633200.0
1786633200.0,224.979996,225.169998,224.699997,224.705002,675757.000000,1786633500.0
1786633500.0,224.710007,224.904999,224.360001,224.630005,1270805.000000,1786633800.0
1786633800.0,224.619995,224.800003,224.339996,224.679993,772528.000000,1786634100.0
1786634100.0,224.690002,225.130005,224.570007,224.880005,1116660.000000,1786634400.0
1786634400.0,224.869995,225.029907,224.634995,224.639999,876528.000000,1786634700.0
1786634700.0,224.639999,224.699997,224.300003,224.449997,1120217.000000,1786635000.0
1786635000.0,224.448196,224.589996,223.759995,223.779999,1236441.000000,1786635300.0
1786635300.0,223.789993,224.125000,223.710007,224.125000,897984.000000,1786635600.0
1786635600.0,224.119995,224.789993,224.029999,224.576797,875946.000000,1786635900.0
1786635900.0,224.559998,224.820007,224.460007,224.679993,626793.000000,1786636200.0
1786636200.0,224.690002,224.750000,224.179993,224.320007,570843.000000,1786636500.0
1786636500.0,224.285004,224.389999,224.100006,224.270004,565698.000000,1786636800.0
1786636800.0,224.240005,224.869507,224.205002,224.722107,655916.000000,1786637100.0
1786637100.0,224.740005,225.139999,224.720001,225.100006,740409.000000,1786637400.0
1786637400.0,225.089996,225.145004,224.730103,224.791306,527700.000000,1786637700.0
1786637700.0,224.789993,224.919907,224.660004,224.849899,578806.000000,1786638000.0
1786638000.0,224.820007,225.270004,224.699997,225.244995,952703.000000,1786638300.0
1786638300.0,225.253998,225.460007,225.250000,225.289993,625669.000000,1786638600.0
1786638600.0,225.300003,225.479996,225.220001,225.440002,535380.000000,1786638900.0
1786638900.0,225.440002,225.595001,225.110001,225.169495,648949.000000,1786639200.0
1786639200.0,225.150101,225.259995,224.960007,225.020004,408135.000000,1786639500.0
1786639500.0,225.002197,225.365005,225.002197,225.330002,539736.000000,1786639800.0
1786639800.0,225.309998,225.324997,225.020004,225.080002,424418.000000,1786640100.0
1786640100.0,225.065002,225.350006,224.990005,225.330002,419002.000000,1786640400.0
1786640400.0,225.339996,225.587799,225.330002,225.509995,459005.000000,1786640700.0
1786640700.0,225.500000,225.535004,225.330093,225.494003,377949.000000,1786641000.0
1786641000.0,225.500000,225.800003,225.460007,225.649994,848217.000000,1786641300.0
1786641300.0,225.660004,225.869507,225.600006,225.850098,648045.000000,1786641600.0
1786641600.0,225.854996,225.909897,225.509995,225.520004,561464.000000,1786641900.0
1786641900.0,225.520004,225.549698,225.322998,225.345001,362115.000000,1786642200.0
1786642200.0,225.345001,225.520004,225.270004,225.365005,430012.000000,1786642500.0
1786642500.0,225.360001,225.380096,225.141998,225.190002,320823.000000,1786642800.0
1786642800.0,225.195007,225.600006,225.160004,225.189896,752188.000000,1786643100.0
1786643100.0,225.169998,225.695007,225.090607,225.630005,684775.000000,1786643400.0
1786643400.0,225.630005,225.740005,225.330399,225.399994,497878.000000,1786643700.0
1786643700.0,225.402206,225.490005,225.259995,225.304993,398944.000000,1786644000.0
1786644000.0,225.300003,225.380005,225.080002,225.115005,400880.000000,1786644300.0
1786644300.0,225.110107,225.279999,225.039993,225.240005,520462.000000,1786644600.0
1786644600.0,225.229996,225.425003,225.139999,225.199997,560970.000000,1786644900.0
1786644900.0,225.210007,225.469498,225.200104,225.309998,338278.000000,1786645200.0
1786645200.0,225.320007,225.389893,225.250000,225.279999,329638.000000,1786645500.0
1786645500.0,225.289993,225.649994,225.279999,225.625000,484492.000000,1786645800.0
1786645800.0,225.628494,225.979996,225.619995,225.789993,820627.000000,1786646100.0
1786646100.0,225.800003,225.830002,225.419998,225.509995,582896.000000,1786646400.0
1786646400.0,225.520004,225.779999,225.500000,225.559998,529283.000000,1786646700.0
1786646700.0,225.539993,225.729996,225.490005,225.509995,687591.000000,1786647000.0
1786647000.0,225.506302,225.716797,225.494995,225.716797,407790.000000,1786647300.0
1786647300.0,225.720001,225.804993,225.619995,225.735001,507094.000000,1786647600.0
1786647600.0,225.738495,225.919998,225.720001,225.779999,593696.000000,1786647900.0
1786647900.0,225.787399,226.240005,225.720001,226.091995,1284615.000000,1786648200.0
1786648200.0,226.089996,226.110001,225.630005,225.700302,796811.000000,1786648500.0
1786648500.0,225.699997,226.079803,225.470001,226.039993,921188.000000,1786648800.0
1786648800.0,226.009995,226.070007,225.830002,225.889999,531331.000000,1786649100.0
1786649100.0,225.869995,226.000000,225.651001,225.779999,702585.000000,1786649400.0
1786649400.0,225.759995,226.199997,225.739807,225.860001,1019143.000000,1786649700.0
1786649700.0,225.860001,225.929993,225.610001,225.740005,587807.000000,1786650000.0
1786650000.0,225.740005,225.980301,225.714996,225.779999,683682.000000,1786650300.0
1786650300.0,225.789993,225.859894,225.264999,225.529999,1457944.000000,1786650600.0
1786650600.0,225.520004,225.839996,225.330002,225.369995,2265019.000000,1786650900.0
1786650900.0,225.362106,225.520004,224.850006,225.369995,4641698.000000,1786651200.0
1786714200.0,226.800003,227.490005,226.089996,226.600006,5947424.000000,1786714500.0
1786714500.0,226.621994,227.005005,225.009995,226.009995,2249316.000000,1786714800.0
1786714800.0,226.005005,226.255005,225.580002,225.725006,1338560.000000,1786715100.0
1786715100.0,225.710007,226.800003,225.419998,225.800003,1589109.000000,1786715400.0
1786715400.0,225.858002,226.100006,225.419998,225.649994,1060778.000000,1786715700.0
1786715700.0,225.649994,225.850006,225.350006,225.750000,963877.000000,1786716000.0
1786716000.0,225.654999,225.889999,225.380005,225.832001,872112.000000,1786716300.0
1786716300.0,225.820007,226.589996,225.800003,226.240005,1083044.000000,1786716600.0
1786716600.0,226.225006,226.419998,225.831894,225.831894,1131351.000000,1786716900.0
1786716900.0,225.820007,225.869995,225.000000,225.074997,1379370.000000,1786717200.0
1786717200.0,225.059998,225.160004,224.500000,224.919998,1242325.000000,1786717500.0
1786717500.0,224.921997,225.115005,224.699997,225.115005,769098.000000,1786717800.0
1786717800.0,225.115005,225.431305,225.000000,225.404205,916844.000000,1786718100.0
1786718100.0,225.365005,225.750000,225.229996,225.639999,887218.000000,1786718400.0
1786718400.0,225.631302,226.350006,225.352005,226.324997,1189390.000000,1786718700.0
1786718700.0,226.309998,226.940002,226.080002,226.669998,1759739.000000,1786719000.0
1786719000.0,226.639999,226.750000,226.370102,226.370102,785569.000000,1786719300.0
1786719300.0,226.399994,226.529999,226.085007,226.100006,995119.000000,1786719600.0
1786719600.0,226.100006,226.324997,225.789993,226.039993,741639.000000,1786719900.0
1786719900.0,226.059998,226.179901,225.835007,225.940002,615467.000000,1786720200.0
1786720200.0,225.949997,226.050003,225.369995,225.460007,616409.000000,1786720500.0
1786720500.0,225.470001,226.500000,225.419998,225.899994,679449.000000,1786720800.0
1786720800.0,225.910004,225.949997,224.929993,224.993500,829954.000000,1786721100.0
1786721100.0,225.000000,225.580002,224.940002,225.548004,943599.000000,1786721400.0
1786721400.0,225.539993,225.570007,225.154999,225.240005,674321.000000,1786721700.0
1786721700.0,225.250000,225.429993,224.945007,224.960693,700785.000000,1786722000.0
1786722000.0,224.960800,224.986603,224.619995,224.869995,697988.000000,1786722300.0
1786722300.0,224.860001,225.009995,224.684998,224.824997,519433.000000,1786722600.0
1786722600.0,224.830002,225.287796,224.770004,225.145004,716402.000000,1786722900.0
1786722900.0,225.131500,225.389999,225.029999,225.240005,569039.000000,1786723200.0
1786723200.0,225.270004,225.550003,225.229996,225.410995,697915.000000,1786723500.0
1786723500.0,225.410004,225.479996,225.139008,225.264999,370153.000000,1786723800.0
1786723800.0,225.289993,225.619995,225.240005,225.559998,546898.000000,1786724100.0
1786724100.0,225.559998,225.759995,225.550003,225.649994,492100.000000,1786724400.0
1786724400.0,225.649994,225.799896,225.460007,225.630005,420745.000000,1786724700.0
1786724700.0,225.625000,225.800003,225.580002,225.649994,335230.000000,1786725000.0
1786725000.0,225.639999,225.710007,225.169998,225.169998,1005832.000000,1786725300.0
1786725300.0,225.179993,225.477905,225.110001,225.240005,380172.000000,1786725600.0
1786725600.0,225.229996,225.250000,224.979996,225.070007,483298.000000,1786725900.0
1786725900.0,225.059998,225.199997,224.949997,225.190094,452058.000000,1786726200.0
1786726200.0,225.179993,225.199997,225.009995,225.065002,336281.000000,1786726500.0
1786726500.0,225.059998,225.210007,224.960007,225.067795,399470.000000,1786726800.0
1786726800.0,225.059998,225.257904,225.059998,225.190002,380727.000000,1786727100.0
1786727100.0,225.190002,225.320007,225.149994,225.255005,694704.000000,1786727400.0
1786727400.0,225.250000,225.345001,225.160004,225.339996,818637.000000,1786727700.0
1786727700.0,225.330002,225.369995,225.139999,225.249893,309404.000000,1786728000.0
1786728000.0,225.250000,225.379898,225.141006,225.149994,304630.000000,1786728300.0
1786728300.0,225.139999,225.300003,225.070007,225.119995,308503.000000,1786728600.0
1786728600.0,225.119995,225.289993,225.100006,225.220001,290560.000000,1786728900.0
1786728900.0,225.210007,225.289993,225.099899,225.199997,674812.000000,1786729200.0
1786729200.0,225.190002,225.419998,225.154999,225.414993,330298.000000,1786729500.0
1786729500.0,225.414001,225.662598,225.380005,225.414993,481824.000000,1786729800.0
1786729800.0,225.414993,225.414993,225.229996,225.264999,425509.000000,1786730100.0
1786730100.0,225.250000,225.490005,225.190002,225.339996,414392.000000,1786730400.0
1786730400.0,225.343994,225.580002,225.259995,225.550003,414965.000000,1786730700.0
1786730700.0,225.520004,225.639893,225.429993,225.494995,436971.000000,1786731000.0
1786731000.0,225.490005,226.500000,225.289993,225.300003,472495.000000,1786731300.0
1786731300.0,225.300003,225.369995,225.139999,225.184998,369636.000000,1786731600.0
1786731600.0,225.187302,225.296799,225.020004,225.020004,418547.000000,1786731900.0
1786731900.0,225.039993,225.070007,224.559998,224.720001,1001423.000000,1786732200.0
1786732200.0,224.699997,224.860001,224.649994,224.860001,456916.000000,1786732500.0
1786732500.0,224.860001,225.169998,224.840103,225.139999,497020.000000,1786732800.0
1786732800.0,225.149704,225.396805,225.129898,225.324997,555553.000000,1786733100.0
1786733100.0,225.320007,225.320007,225.059998,225.151398,694032.000000,1786733400.0
1786733400.0,225.160004,225.220001,224.929993,224.970001,429249.000000,1786733700.0
1786733700.0,224.989899,225.130005,224.910004,225.130005,485661.000000,1786734000.0
1786734000.0,225.130005,225.369995,224.809998,225.164993,750996.000000,1786734300.0
1786734300.0,225.169098,225.449997,225.169098,225.240005,579177.000000,1786734600.0
1786734600.0,225.259995,225.300003,224.885803,224.910004,541444.000000,1786734900.0
1786734900.0,224.910004,225.086807,224.850006,224.979996,581404.000000,1786735200.0
1786735200.0,224.979996,225.115005,224.889999,225.070099,420674.000000,1786735500.0
1786735500.0,225.089996,225.350006,225.059998,225.130005,678146.000000,1786735800.0
1786735800.0,225.164993,225.380005,225.149994,225.166306,515126.000000,1786736100.0
1786736100.0,225.175003,225.270004,225.029999,225.074997,960087.000000,1786736400.0
1786736400.0,225.080002,225.199997,225.009995,225.052505,547277.000000,1786736700.0
1786736700.0,225.050003,225.240005,225.000000,225.225006,688506.000000,1786737000.0
1786737000.0,225.250000,225.929993,225.229996,225.358994,1531506.000000,1786737300.0
1786737300.0,225.380005,225.619995,224.860001,225.160004,15296328.000000,1786737600.0
