ts_open,o,h,l,c,v,ts_close
1786023000.0,221.529999,221.949997,220.809998,220.994995,5461259.000000,1786023060.0
1786023060.0,220.949997,221.830002,220.729996,221.714996,551696.000000,1786023120.0
1786023120.0,221.710007,221.770004,220.550003,220.639999,613020.000000,1786023180.0
1786023180.0,220.639999,220.990005,220.020004,220.850296,460340.000000,1786023240.0
1786023240.0,220.884995,222.220001,220.880096,222.205002,1045905.000000,1786023300.0
1786023300.0,222.199997,223.199997,222.169998,222.815002,1692619.000000,1786023360.0
1786023360.0,222.830002,223.439896,222.649994,223.345001,935265.000000,1786023420.0
1786023420.0,223.360001,223.410004,222.839996,223.339996,578303.000000,1786023480.0
1786023480.0,223.335007,223.369995,222.729996,222.999893,681811.000000,1786023540.0
1786023540.0,222.949997,222.979996,222.300095,222.610001,533063.000000,1786023600.0
1786023600.0,222.600006,223.529999,222.520004,223.360001,691234.000000,1786023660.0
1786023660.0,223.335007,223.529999,222.800003,222.979996,583247.000000,1786023720.0
1786023720.0,222.979996,223.020004,222.259995,222.259995,569181.000000,1786023780.0
1786023780.0,222.240005,222.684998,222.023605,222.304993,538576.000000,1786023840.0
1786023840.0,222.309998,222.417999,221.779999,222.054001,484071.000000,1786023900.0
1786023900.0,222.059998,223.000000,222.050003,222.630005,446768.000000,1786023960.0
1786023960.0,222.619995,222.800003,222.360001,222.770004,372813.000000,1786024020.0
1786024020.0,222.759995,223.289993,222.725006,223.130005,737355.000000,1786024080.0
1786024080.0,223.125000,223.489899,223.070007,223.469193,654010.000000,1786024140.0
1786024140.0,223.464996,223.627502,223.291000,223.494995,581304.000000,1786024200.0
1786024200.0,223.505005,223.580002,222.735504,222.933304,609033.000000,1786024260.0
1786024260.0,222.964996,223.402298,222.899994,223.339996,372574.000000,1786024320.0
1786024320.0,223.330002,223.399994,223.068207,223.331406,314456.000000,1786024380.0
1786024380.0,223.354996,223.369995,222.910095,222.976303,324652.000000,1786024440.0
1786024440.0,222.979996,223.139999,222.690002,222.809998,300566.000000,1786024500.0
1786024500.0,222.839996,222.975006,222.600006,222.965607,406787.000000,1786024560.0
1786024560.0,222.929993,223.110001,222.399994,222.464996,432389.000000,1786024620.0
1786024620.0,222.479996,222.564102,222.100006,222.429993,378455.000000,1786024680.0
1786024680.0,222.429993,222.589905,222.160004,222.414993,399829.000000,1786024740.0
1786024740.0,222.380005,222.440002,221.960007,222.160004,482773.000000,1786024800.0
1786024800.0,222.134995,222.240005,221.649994,221.919998,522042.000000,1786024860.0
1786024860.0,221.900101,222.539993,221.669998,222.384995,539199.000000,1786024920.0
1786024920.0,222.380005,222.630005,222.330002,222.479996,403914.000000,1786024980.0
1786024980.0,222.479996,222.529999,221.910004,221.964996,263906.000000,1786025040.0
1786025040.0,221.979996,222.130005,221.750000,221.960007,326329.000000,1786025100.0
1786025100.0,221.949997,222.058304,221.690002,221.884995,321242.000000,1786025160.0
1786025160.0,221.860001,221.860001,221.401993,221.800003,408833.000000,1786025220.0
1786025220.0,221.820007,221.850006,221.500000,221.514999,291454.000000,1786025280.0
1786025280.0,221.514999,221.770004,221.419998,221.660797,332448.000000,1786025340.0
1786025340.0,221.670105,221.889999,221.625000,221.835007,278228.000000,1786025400.0
1786025400.0,221.835007,222.000000,221.630005,221.725006,336921.000000,1786025460.0
1786025460.0,221.725006,221.960007,221.710007,221.917007,245716.000000,1786025520.0
1786025520.0,221.910004,221.987000,221.479996,221.565002,323345.000000,1786025580.0
1786025580.0,221.574997,221.830994,221.573196,221.634995,234883.000000,1786025640.0
1786025640.0,221.643204,221.729904,221.289993,221.350006,328403.000000,1786025700.0
1786025700.0,221.328293,221.520004,221.009995,221.389999,562780.000000,1786025760.0
1786025760.0,221.389999,221.669998,221.309998,221.514999,332020.000000,1786025820.0
1786025820.0,221.500000,221.869995,221.429993,221.690002,293186.000000,1786025880.0
1786025880.0,221.709198,221.829895,221.509995,221.534393,271616.000000,1786025940.0
1786025940.0,221.530106,221.570007,220.911194,220.911194,575285.000000,1786026000.0
1786026000.0,220.910004,221.359894,220.860001,221.134995,412113.000000,1786026060.0
1786026060.0,221.149994,221.259903,220.895004,221.054993,416031.000000,1786026120.0
1786026120.0,221.059998,221.229996,220.809998,220.880005,256685.000000,1786026180.0
1786026180.0,220.865005,220.889999,220.509995,220.535400,387722.000000,1786026240.0
1786026240.0,220.520004,220.709900,220.229996,220.315002,413586.000000,1786026300.0
1786026300.0,220.380005,220.450394,220.000000,220.210007,516652.000000,1786026360.0
1786026360.0,220.199997,220.209900,219.705704,219.869995,490220.000000,1786026420.0
1786026420.0,219.879501,219.880005,219.470093,219.645004,491044.000000,1786026480.0
1786026480.0,219.654999,219.846603,219.440002,219.589996,368886.000000,1786026540.0
1786026540.0,219.570007,219.815002,219.330093,219.815002,382437.000000,1786026600.0
1786026600.0,219.821793,219.949997,219.380005,219.383499,352657.000000,1786026660.0
1786026660.0,219.395004,219.604996,219.169998,219.604996,422078.000000,1786026720.0
1786026720.0,219.684998,219.749893,219.360001,219.573502,295049.000000,1786026780.0
1786026780.0,219.600006,219.735992,219.300003,219.699997,349115.000000,1786026840.0
1786026840.0,219.731903,219.969894,219.710098,219.750000,689352.000000,1786026900.0
1786026900.0,219.729996,219.914993,219.449997,219.869995,771312.000000,1786026960.0
1786026960.0,219.888107,219.949997,219.270004,219.479996,371504.000000,1786027020.0
1786027020.0,219.479706,219.490005,218.929993,219.229996,567091.000000,1786027080.0
1786027080.0,219.225006,219.240005,218.921005,219.080002,283917.000000,1786027140.0
1786027140.0,219.050095,219.250000,218.934998,218.990005,368927.000000,1786027200.0
1786027200.0,218.979996,219.491699,218.929901,219.476303,350831.000000,1786027260.0
1786027260.0,219.449997,219.600006,219.179993,219.574997,327090.000000,1786027320.0
1786027320.0,219.550003,219.731293,219.380005,219.695007,286262.000000,1786027380.0
1786027380.0,219.695007,219.779999,219.529999,219.735001,246024.000000,1786027440.0
1786027440.0,219.729996,219.830002,219.199997,219.220001,292964.000000,1786027500.0
1786027500.0,219.229996,219.335999,218.809998,219.169495,391949.000000,1786027560.0
1786027560.0,219.169998,219.464996,219.070007,219.104996,300656.000000,1786027620.0
1786027620.0,219.095001,219.429993,219.070206,219.429993,209171.000000,1786027680.0
1786027680.0,219.449997,219.550003,219.179993,219.360001,224429.000000,1786027740.0
1786027740.0,219.365005,219.589996,219.350006,219.397903,165819.000000,1786027800.0
1786027800.0,219.369995,219.609894,219.220001,219.470001,291741.000000,1786027860.0
1786027860.0,219.455002,219.580002,219.190002,219.259506,198492.000000,1786027920.0
1786027920.0,219.257004,219.399994,219.010101,219.335007,207750.000000,1786027980.0
1786027980.0,219.335007,219.335007,218.960007,218.964996,198405.000000,1786028040.0
1786028040.0,218.949997,219.410004,218.949997,219.410004,223805.000000,1786028100.0
1786028100.0,219.419998,219.449997,219.000000,219.190002,199540.000000,1786028160.0
1786028160.0,219.191895,219.539993,219.093399,219.509995,203817.000000,1786028220.0
1786028220.0,219.520004,219.789993,219.440002,219.639999,302709.000000,1786028280.0
1786028280.0,219.660004,219.710007,219.199997,219.199997,282618.000000,1786028340.0
1786028340.0,219.220001,219.319901,219.059998,219.119995,187989.000000,1786028400.0
1786028400.0,219.110001,219.349899,218.710007,218.804993,377843.000000,1786028460.0
1786028460.0,218.801895,218.839996,218.619995,218.660004,299103.000000,1786028520.0
1786028520.0,218.645004,218.690002,218.149994,218.184998,503446.000000,1786028580.0
1786028580.0,218.195007,218.289902,217.817993,217.899994,533036.000000,1786028640.0
1786028640.0,217.899994,218.059998,217.740005,217.830002,294151.000000,1786028700.0
1786028700.0,217.824997,218.080093,217.710098,218.024994,294508.000000,1786028760.0
1786028760.0,218.039993,218.338501,217.839996,218.289993,425440.000000,1786028820.0
1786028820.0,218.270004,218.488998,218.250000,218.354996,275512.000000,1786028880.0
1786028880.0,218.350296,218.489899,218.110001,218.139999,228239.000000,1786028940.0
1786028940.0,218.100204,218.300003,218.020096,218.190002,236445.000000,1786029000.0
1786029000.0,218.149994,218.320007,218.054993,218.229996,290737.000000,1786029060.0
1786029060.0,218.225006,218.479996,218.190002,218.479904,249322.000000,1786029120.0
1786029120.0,218.440002,218.610001,218.360001,218.429993,269487.000000,1786029180.0
1786029180.0,218.429993,218.690002,218.419998,218.440002,236965.000000,1786029240.0
1786029240.0,218.429993,218.459900,218.199997,218.345001,163543.000000,1786029300.0
1786029300.0,218.320007,218.360107,218.105499,218.169998,157661.000000,1786029360.0
1786029360.0,218.160004,218.244400,217.929993,218.219498,259658.000000,1786029420.0
1786029420.0,218.229797,218.250000,217.929993,218.020004,186927.000000,1786029480.0
1786029480.0,218.024994,218.244995,217.830002,218.195007,263753.000000,1786029540.0
1786029540.0,218.190002,218.239899,217.970703,217.994995,194486.000000,1786029600.0
1786029600.0,218.009995,218.109894,217.809998,218.029999,210174.000000,1786029660.0
1786029660.0,218.000000,218.100006,217.710007,218.046997,191001.000000,1786029720.0
1786029720.0,218.029999,218.139999,217.979996,218.039993,181110.000000,1786029780.0
1786029780.0,218.059998,218.199997,217.820007,218.139999,203921.000000,1786029840.0
1786029840.0,218.139999,218.179901,217.875702,217.925003,191494.000000,1786029900.0
1786029900.0,217.910004,218.110001,217.860001,218.058105,152480.000000,1786029960.0
1786029960.0,218.080002,218.319901,218.003403,218.035004,203557.000000,1786030020.0
1786030020.0,218.044998,218.429901,217.990005,218.047897,178277.000000,1786030080.0
1786030080.0,218.050003,218.279999,218.050003,218.264999,170328.000000,1786030140.0
1786030140.0,218.270004,218.339996,218.079498,218.204102,134559.000000,1786030200.0
1786030200.0,218.210007,218.399994,218.160095,218.335297,162650.000000,1786030260.0
1786030260.0,218.339996,218.419998,218.100006,218.117996,163554.000000,1786030320.0
1786030320.0,218.100006,218.119995,217.929993,217.964996,201334.000000,1786030380.0
1786030380.0,217.929993,218.050003,217.800201,217.934998,166386.000000,1786030440.0
1786030440.0,217.940002,217.945007,217.639999,217.695007,242185.000000,1786030500.0
1786030500.0,217.699997,217.919998,217.682297,217.865005,235188.000000,1786030560.0
1786030560.0,217.869995,217.884995,217.399994,217.410004,289572.000000,1786030620.0
1786030620.0,217.399994,217.559998,217.310196,217.514999,256673.000000,1786030680.0
1786030680.0,217.529999,217.750000,217.414993,217.577301,154148.000000,1786030740.0
1786030740.0,217.569000,217.759995,217.410004,217.675003,250293.000000,1786030800.0
1786030800.0,217.690002,217.800003,217.649994,217.690002,216834.000000,1786030860.0
1786030860.0,217.705002,217.787903,217.649994,217.699997,136682.000000,1786030920.0
1786030920.0,217.679993,217.880005,217.630005,217.669998,160429.000000,1786030980.0
1786030980.0,217.679993,217.880005,217.619995,217.729996,157917.000000,1786031040.0
1786031040.0,217.740005,217.755005,217.330002,217.380005,202180.000000,1786031100.0
1786031100.0,217.354996,217.580002,217.335007,217.462006,155794.000000,1786031160.0
1786031160.0,217.475006,217.889893,217.395004,217.889893,178737.000000,1786031220.0
1786031220.0,217.889999,217.989899,217.779999,217.800003,171915.000000,1786031280.0
1786031280.0,217.789993,218.131897,217.759995,218.125000,180661.000000,1786031340.0
1786031340.0,218.139999,218.179901,217.779999,217.824997,175028.000000,1786031400.0
1786031400.0,217.809998,218.059998,217.809998,217.889999,180819.000000,1786031460.0
1786031460.0,217.899994,217.919998,217.580002,217.824997,278080.000000,1786031520.0
1786031520.0,217.824997,218.098007,217.630005,217.720001,245281.000000,1786031580.0
1786031580.0,217.725006,217.850006,217.410004,217.490005,193609.000000,1786031640.0
1786031640.0,217.475006,217.649902,217.270004,217.350006,210950.000000,1786031700.0
1786031700.0,217.339996,217.729996,217.270004,217.725006,243894.000000,1786031760.0
1786031760.0,217.735001,217.979996,217.735001,217.896805,206662.000000,1786031820.0
1786031820.0,217.889999,218.169998,217.889999,218.115005,237586.000000,1786031880.0
1786031880.0,218.100006,218.125000,217.869995,217.990005,193127.000000,1786031940.0
1786031940.0,217.979996,218.029999,217.775696,217.910095,254706.000000,1786032000.0
1786032000.0,217.889999,217.990005,217.570007,217.570007,205657.000000,1786032060.0
1786032060.0,217.570007,217.690002,217.440002,217.679901,214260.000000,1786032120.0
1786032120.0,217.710007,217.820007,217.649994,217.711807,148512.000000,1786032180.0
1786032180.0,217.714996,217.850006,217.630005,217.669998,104852.000000,1786032240.0
1786032240.0,217.669998,217.705002,217.470001,217.705002,127328.000000,1786032300.0
1786032300.0,217.710007,217.970001,217.649994,217.940002,126893.000000,1786032360.0
1786032360.0,217.934998,218.000000,217.839996,217.979996,98155.000000,1786032420.0
1786032420.0,217.985001,218.229996,217.949997,218.134995,179773.000000,1786032480.0
1786032480.0,218.149994,218.315002,218.125000,218.210007,155570.000000,1786032540.0
1786032540.0,218.220001,218.387207,218.160004,218.301895,159542.000000,1786032600.0
1786032600.0,218.289993,218.660004,218.289993,218.539902,301996.000000,1786032660.0
1786032660.0,218.524994,218.554993,218.320007,218.410004,315980.000000,1786032720.0
1786032720.0,218.419998,218.619797,218.399994,218.600006,146515.000000,1786032780.0
1786032780.0,218.610001,218.630005,218.369995,218.369995,180234.000000,1786032840.0
1786032840.0,218.360001,218.459900,218.300003,218.365005,150031.000000,1786032900.0
1786032900.0,218.360001,218.490005,218.229996,218.365005,144382.000000,1786032960.0
1786032960.0,218.360001,218.468002,218.020004,218.419998,190480.000000,1786033020.0
1786033020.0,218.410004,218.449997,218.199997,218.319397,154146.000000,1786033080.0
1786033080.0,218.339905,218.660004,218.259995,218.600006,175556.000000,1786033140.0
1786033140.0,218.604996,218.770004,218.570007,218.622604,289911.000000,1786033200.0
1786033200.0,218.610001,218.709396,218.440002,218.619995,151887.000000,1786033260.0
1786033260.0,218.619995,218.679993,218.500000,218.600006,159998.000000,1786033320.0
1786033320.0,218.619995,218.737900,218.449997,218.574997,151194.000000,1786033380.0
1786033380.0,218.559998,218.839996,218.550095,218.729996,220142.000000,1786033440.0
1786033440.0,218.748001,219.095001,218.529999,219.089996,286298.000000,1786033500.0
1786033500.0,219.095001,219.130005,218.759995,218.759995,219080.000000,1786033560.0
1786033560.0,218.755005,218.910004,218.710007,218.835007,154957.000000,1786033620.0
1786033620.0,218.820007,218.899994,218.649994,218.880005,663298.000000,1786033680.0
1786033680.0,218.860107,218.959900,218.699997,218.739899,136579.000000,1786033740.0
1786033740.0,218.729996,218.744995,218.500107,218.529999,126987.000000,1786033800.0
1786033800.0,218.539993,218.770004,218.500000,218.770004,155155.000000,1786033860.0
1786033860.0,218.759995,218.880005,218.690002,218.859894,87966.000000,1786033920.0
1786033920.0,218.860001,219.073807,218.854996,218.919693,183315.000000,1786033980.0
1786033980.0,218.914993,218.925003,218.679993,218.755005,624351.000000,1786034040.0
1786034040.0,218.740005,218.919998,218.645599,218.908798,154951.000000,1786034100.0
1786034100.0,218.919998,219.054993,218.873199,218.910004,117345.000000,1786034160.0
1786034160.0,218.910004,219.104996,218.865601,219.085007,158067.000000,1786034220.0
1786034220.0,219.074997,219.169998,218.994995,219.130005,122773.000000,1786034280.0
1786034280.0,219.119995,219.179993,219.100006,219.119995,106870.000000,1786034340.0
1786034340.0,219.100006,219.179901,219.009995,219.169998,123448.000000,1786034400.0
1786034400.0,219.190002,219.270004,219.145004,219.240005,184148.000000,1786034460.0
1786034460.0,219.229996,219.309998,218.880005,219.060501,221536.000000,1786034520.0
1786034520.0,219.070007,219.149994,219.020004,219.080002,92512.000000,1786034580.0
1786034580.0,219.110001,219.160004,218.940002,218.981400,77573.000000,1786034640.0
1786034640.0,218.970001,219.059998,218.899994,218.949997,104574.000000,1786034700.0
1786034700.0,218.919998,219.238007,218.891006,219.164993,97528.000000,1786034760.0
1786034760.0,219.160004,219.169495,218.560104,218.649994,139801.000000,1786034820.0
1786034820.0,218.654999,218.785004,218.479996,218.709900,332384.000000,1786034880.0
1786034880.0,218.684998,218.850006,218.680099,218.754501,74896.000000,1786034940.0
1786034940.0,218.755005,219.061798,218.740005,219.061798,0.000000,1786035000.0
1786035000.0,219.089996,219.169998,219.039993,219.080002,196074.000000,1786035060.0
1786035060.0,219.070007,219.264999,218.960098,219.149994,113904.000000,1786035120.0
1786035120.0,219.134995,219.270004,219.100006,219.220001,122504.000000,1786035180.0
1786035180.0,219.225006,219.320007,219.169998,219.225006,113092.000000,1786035240.0
1786035240.0,219.220001,219.240005,218.949997,218.970001,138475.000000,1786035300.0
1786035300.0,218.979996,219.115005,218.869995,219.100006,134637.000000,1786035360.0
1786035360.0,219.119995,219.149994,219.000000,219.080002,77059.000000,1786035420.0
1786035420.0,219.070007,219.179901,219.009995,219.044998,58416.000000,1786035480.0
1786035480.0,219.050003,219.285004,219.040802,219.259995,80788.000000,1786035540.0
1786035540.0,219.264999,219.440002,219.264999,219.369995,127251.000000,1786035600.0
1786035600.0,219.380005,219.649994,219.350006,219.619995,215259.000000,1786035660.0
1786035660.0,219.639999,219.669998,219.461700,219.490005,200448.000000,1786035720.0
1786035720.0,219.475006,219.649994,219.460007,219.625000,150517.000000,1786035780.0
1786035780.0,219.625000,219.679993,219.500000,219.509995,156832.000000,1786035840.0
1786035840.0,219.470001,219.559998,219.270004,219.324997,141395.000000,1786035900.0
1786035900.0,219.322800,219.520004,219.270004,219.500000,131770.000000,1786035960.0
1786035960.0,219.490097,219.539902,219.460007,219.478195,89452.000000,1786036020.0
1786036020.0,219.485001,219.583694,219.360001,219.455002,145793.000000,1786036080.0
1786036080.0,219.419998,219.520004,219.360001,219.479996,95376.000000,1786036140.0
1786036140.0,219.499893,219.750000,219.476501,219.549896,729173.000000,1786036200.0
1786036200.0,219.539902,219.574997,219.399994,219.460007,139501.000000,1786036260.0
1786036260.0,219.464996,219.464996,219.320007,219.384995,69775.000000,1786036320.0
1786036320.0,219.369995,219.440002,219.320007,219.429993,114604.000000,1786036380.0
1786036380.0,219.449493,219.619995,219.419998,219.479996,173025.000000,1786036440.0
1786036440.0,219.490005,219.585007,219.279999,219.320007,109988.000000,1786036500.0
1786036500.0,219.322098,219.360001,219.199997,219.289993,96910.000000,1786036560.0
1786036560.0,219.294998,219.490005,219.289993,219.399994,71147.000000,1786036620.0
1786036620.0,219.399994,219.529999,219.350006,219.505005,109707.000000,1786036680.0
1786036680.0,219.509995,219.604996,219.460007,219.597794,109068.000000,1786036740.0
1786036740.0,219.589996,219.649994,219.490005,219.565002,81728.000000,1786036800.0
1786036800.0,219.565002,219.718002,219.509995,219.654999,108581.000000,1786036860.0
1786036860.0,219.660004,219.669998,219.389999,219.500000,103390.000000,1786036920.0
1786036920.0,219.505005,219.619995,219.490005,219.550003,91895.000000,1786036980.0
1786036980.0,219.529999,219.639999,219.429993,219.452805,87354.000000,1786037040.0
1786037040.0,219.410004,219.460007,219.139999,219.160004,131862.000000,1786037100.0
1786037100.0,219.160706,219.399994,219.160706,219.375000,86817.000000,1786037160.0
1786037160.0,219.370193,219.448593,219.229996,219.300003,99129.000000,1786037220.0
1786037220.0,219.320007,219.419998,219.270004,219.350006,58211.000000,1786037280.0
1786037280.0,219.360001,219.399994,219.259995,219.330002,74146.000000,1786037340.0
1786037340.0,219.320007,219.330002,218.960007,218.960007,148327.000000,1786037400.0
1786037400.0,218.970001,219.240005,218.970001,219.139999,113230.000000,1786037460.0
1786037460.0,219.199997,219.199997,218.990005,218.990005,63914.000000,1786037520.0
1786037520.0,218.962097,219.229996,218.962097,219.119995,66421.000000,1786037580.0
1786037580.0,219.095001,219.250000,219.029999,219.059998,81509.000000,1786037640.0
1786037640.0,219.080002,219.089996,218.960007,219.000000,193559.000000,1786037700.0
1786037700.0,218.979996,219.080002,218.929993,218.970001,87121.000000,1786037760.0
1786037760.0,218.990005,219.080002,218.929993,218.929993,104160.000000,1786037820.0
1786037820.0,218.929993,219.130005,218.929993,219.080002,90980.000000,1786037880.0
1786037880.0,219.074997,219.229996,219.000107,219.041000,106106.000000,1786037940.0
1786037940.0,219.039993,219.119995,218.920105,218.950104,102095.000000,1786038000.0
1786038000.0,219.000000,219.039993,218.750000,218.750000,103485.000000,1786038060.0
1786038060.0,218.759995,218.764999,218.570007,218.649994,175450.000000,1786038120.0
1786038120.0,218.649994,218.839996,218.619995,218.809799,95173.000000,1786038180.0
1786038180.0,218.815094,218.815094,218.630005,218.789993,113207.000000,1786038240.0
1786038240.0,218.737305,218.770004,218.660004,218.764999,84486.000000,1786038300.0
1786038300.0,218.800095,218.910004,218.681198,218.869995,87420.000000,1786038360.0
1786038360.0,218.854996,218.909897,218.729996,218.850006,123811.000000,1786038420.0
1786038420.0,218.858994,218.860001,218.750000,218.809998,85578.000000,1786038480.0
1786038480.0,218.835007,218.910004,218.764999,218.839996,69326.000000,1786038540.0
1786038540.0,218.854996,218.854996,218.740005,218.746796,53755.000000,1786038600.0
1786038600.0,218.750000,218.869995,218.679993,218.679993,74624.000000,1786038660.0
1786038660.0,218.694000,218.975006,218.660004,218.889999,100656.000000,1786038720.0
1786038720.0,218.891907,219.312500,218.880005,219.308304,156958.000000,1786038780.0
1786038780.0,219.279999,219.339905,219.220001,219.259995,104119.000000,1786038840.0
1786038840.0,219.269897,219.318802,219.207901,219.274994,79222.000000,1786038900.0
1786038900.0,219.270004,219.350006,219.120102,219.120102,106832.000000,1786038960.0
1786038960.0,219.126404,219.255005,219.126404,219.169998,116450.000000,1786039020.0
1786039020.0,219.190094,219.470001,219.190094,219.470001,138199.000000,1786039080.0
1786039080.0,219.490005,219.584595,219.470093,219.530106,158352.000000,1786039140.0
1786039140.0,219.540497,219.619995,219.529999,219.610001,81145.000000,1786039200.0
1786039200.0,219.610001,219.690002,219.479996,219.619904,174563.000000,1786039260.0
1786039260.0,219.600006,219.735001,219.582596,219.604996,153964.000000,1786039320.0
1786039320.0,219.604996,219.690002,219.527405,219.625000,115138.000000,1786039380.0
1786039380.0,219.619995,219.660004,219.520004,219.630005,113320.000000,1786039440.0
1786039440.0,219.630005,219.869995,219.630005,219.860001,170694.000000,1786039500.0
1786039500.0,219.865005,219.979996,219.820007,219.889999,190071.000000,1786039560.0
1786039560.0,219.880005,219.899994,219.660004,219.679993,149273.000000,1786039620.0
1786039620.0,219.684998,219.884995,219.600006,219.869995,121902.000000,1786039680.0
1786039680.0,219.860001,219.860001,219.639999,219.664993,99414.000000,1786039740.0
1786039740.0,219.679993,219.699905,219.570099,219.679993,80676.000000,1786039800.0
1786039800.0,219.679993,219.739899,219.540100,219.565002,84838.000000,1786039860.0
1786039860.0,219.565002,219.759995,219.565002,219.740005,78447.000000,1786039920.0
1786039920.0,219.740005,219.839996,219.690094,219.729996,124593.000000,1786039980.0
1786039980.0,219.729996,219.899994,219.729996,219.889999,89010.000000,1786040040.0
1786040040.0,219.889999,220.079895,219.869995,220.009995,406040.000000,1786040100.0
1786040100.0,220.009995,220.100006,219.970001,220.000000,173704.000000,1786040160.0
1786040160.0,220.000000,220.910004,217.389999,220.330002,1053316.000000,1786040220.0
1786040220.0,220.330002,220.479996,220.146896,220.169998,193695.000000,1786040280.0
1786040280.0,220.169998,220.380005,220.130005,220.360001,141009.000000,1786040340.0
1786040340.0,220.345001,220.479996,220.330002,220.360001,132619.000000,1786040400.0
1786040400.0,220.360001,220.449997,220.330002,220.434998,148038.000000,1786040460.0
1786040460.0,220.429993,220.610001,220.429993,220.520004,178611.000000,1786040520.0
1786040520.0,220.510101,220.669998,220.490005,220.649994,156171.000000,1786040580.0
1786040580.0,220.649994,220.669296,220.500000,220.548004,161288.000000,1786040640.0
1786040640.0,220.535004,220.589996,220.479996,220.589905,105422.000000,1786040700.0
1786040700.0,220.589996,220.649902,220.520004,220.538696,99148.000000,1786040760.0
1786040760.0,220.520004,220.600006,220.369995,220.410004,161233.000000,1786040820.0
1786040820.0,220.395004,220.449997,220.339996,220.399994,98749.000000,1786040880.0
1786040880.0,220.419998,220.479996,220.350006,220.460007,91658.000000,1786040940.0
1786040940.0,220.460007,220.470001,220.339996,220.410004,86073.000000,1786041000.0
1786041000.0,220.414993,220.449997,220.292007,220.324997,113697.000000,1786041060.0
1786041060.0,220.320007,220.380005,220.250000,220.260803,95692.000000,1786041120.0
1786041120.0,220.274994,220.320007,220.119995,220.154999,144557.000000,1786041180.0
1786041180.0,220.145004,220.149994,220.020004,220.044998,125079.000000,1786041240.0
1786041240.0,220.044998,220.080002,219.789993,219.820007,205863.000000,1786041300.0
1786041300.0,219.820007,220.029999,219.800095,219.919998,127012.000000,1786041360.0
1786041360.0,219.919907,220.009995,219.880005,219.985001,89075.000000,1786041420.0
1786041420.0,219.979996,220.059998,219.940506,219.970001,137588.000000,1786041480.0
1786041480.0,219.950104,220.009903,219.919403,219.940002,74546.000000,1786041540.0
1786041540.0,219.940002,219.960007,219.729996,219.779999,132863.000000,1786041600.0
1786041600.0,219.789993,219.860001,219.720001,219.850998,110110.000000,1786041660.0
1786041660.0,219.850006,219.919998,219.630600,219.639999,117922.000000,1786041720.0
1786041720.0,219.630005,219.659195,219.490005,219.529999,165226.000000,1786041780.0
1786041780.0,219.529999,219.789993,219.529999,219.789993,177124.000000,1786041840.0
1786041840.0,219.789993,219.854996,219.740005,219.849899,133617.000000,1786041900.0
1786041900.0,219.830002,219.919998,219.740005,219.820007,168351.000000,1786041960.0
1786041960.0,219.830002,219.910004,219.785706,219.820007,113021.000000,1786042020.0
1786042020.0,219.819000,219.904999,219.800003,219.869995,79778.000000,1786042080.0
1786042080.0,219.860001,219.979996,219.807007,219.807007,100677.000000,1786042140.0
1786042140.0,219.809998,219.824997,219.550003,219.559998,169711.000000,1786042200.0
1786042200.0,219.570007,219.669907,219.550003,219.619995,119793.000000,1786042260.0
1786042260.0,219.619995,219.699997,219.544998,219.560806,107422.000000,1786042320.0
1786042320.0,219.565002,219.589996,219.429993,219.475006,135053.000000,1786042380.0
1786042380.0,219.496002,219.539993,219.410004,219.509995,102718.000000,1786042440.0
1786042440.0,219.544998,219.570007,219.440002,219.520004,109798.000000,1786042500.0
1786042500.0,219.520004,219.559998,219.429993,219.500000,125409.000000,1786042560.0
1786042560.0,219.509995,219.589996,219.500000,219.541595,151395.000000,1786042620.0
1786042620.0,219.535004,219.677795,219.535004,219.669998,119406.000000,1786042680.0
1786042680.0,219.669998,219.720001,219.470001,219.500000,143330.000000,1786042740.0
1786042740.0,219.500000,219.539993,219.411407,219.494995,149707.000000,1786042800.0
1786042800.0,219.494995,219.695007,219.490005,219.679993,133228.000000,1786042860.0
1786042860.0,219.669998,219.740005,219.539993,219.725006,133118.000000,1786042920.0
1786042920.0,219.720001,219.929993,219.720001,219.899902,227357.000000,1786042980.0
1786042980.0,219.889999,220.095001,219.865005,219.933807,249066.000000,1786043040.0
1786043040.0,219.925003,220.100006,219.884995,220.089996,133194.000000,1786043100.0
1786043100.0,220.089996,220.100006,219.679993,219.735001,234532.000000,1786043160.0
1786043160.0,219.750000,219.919998,219.699997,219.830093,123583.000000,1786043220.0
1786043220.0,219.830002,219.860001,219.690002,219.829895,123362.000000,1786043280.0
1786043280.0,219.824997,220.070007,219.824997,219.979996,142251.000000,1786043340.0
1786043340.0,219.980499,220.019897,219.960007,220.000000,86151.000000,1786043400.0
1786043400.0,220.005005,220.160004,219.970001,220.134995,245970.000000,1786043460.0
1786043460.0,220.134995,220.351593,220.110001,220.351593,285281.000000,1786043520.0
1786043520.0,220.349503,220.363495,219.899994,219.910004,334217.000000,1786043580.0
1786043580.0,219.914993,219.990005,219.875000,219.906006,117467.000000,1786043640.0
1786043640.0,219.904999,219.919998,219.759995,219.814499,140351.000000,1786043700.0
1786043700.0,219.800003,219.880005,219.639999,219.639999,147669.000000,1786043760.0
1786043760.0,219.654999,219.699997,219.410004,219.505005,336120.000000,1786043820.0
1786043820.0,219.509995,219.610001,219.479996,219.589996,149625.000000,1786043880.0
1786043880.0,219.589996,219.600006,219.460007,219.559998,209002.000000,1786043940.0
1786043940.0,219.580002,219.660004,219.500000,219.550003,139577.000000,1786044000.0
1786044000.0,219.539993,219.960007,219.494995,219.910004,201709.000000,1786044060.0
1786044060.0,219.904999,219.929993,219.818207,219.908096,121013.000000,1786044120.0
1786044120.0,219.889999,220.135803,219.889999,220.009995,198683.000000,1786044180.0
1786044180.0,220.009995,220.024902,219.899994,219.949997,139455.000000,1786044240.0
1786044240.0,219.940002,219.990005,219.669998,219.714996,211142.000000,1786044300.0
1786044300.0,219.729797,219.919998,219.600006,219.904999,197407.000000,1786044360.0
1786044360.0,219.910004,220.009995,219.770004,219.930496,246826.000000,1786044420.0
1786044420.0,219.929993,220.009995,219.815002,219.824997,164156.000000,1786044480.0
1786044480.0,219.827896,219.989899,219.779999,219.970001,148783.000000,1786044540.0
1786044540.0,219.960007,219.985001,219.740005,219.850006,146646.000000,1786044600.0
1786044600.0,219.860001,220.009995,219.659103,219.970001,318178.000000,1786044660.0
1786044660.0,220.001907,220.080002,219.943298,220.050003,115341.000000,1786044720.0
1786044720.0,220.054993,220.210007,220.039993,220.164993,183531.000000,1786044780.0
1786044780.0,220.174194,220.240005,220.130005,220.160004,111737.000000,1786044840.0
1786044840.0,220.190002,220.259995,220.190002,220.250000,136212.000000,1786044900.0
1786044900.0,220.270004,220.279999,220.130005,220.259995,204644.000000,1786044960.0
1786044960.0,220.250000,220.289993,220.139999,220.199997,197669.000000,1786045020.0
1786045020.0,220.199997,220.238998,220.119995,220.190002,111491.000000,1786045080.0
1786045080.0,220.196793,220.196793,220.035004,220.035004,137101.000000,1786045140.0
1786045140.0,220.059998,220.080002,219.960007,219.990005,137483.000000,1786045200.0
1786045200.0,219.990005,220.149994,219.960007,220.139999,160355.000000,1786045260.0
1786045260.0,220.130005,220.149994,219.835007,219.848694,208783.000000,1786045320.0
1786045320.0,219.839996,219.860504,219.709396,219.735001,149137.000000,1786045380.0
1786045380.0,219.740005,219.830002,219.720001,219.755707,150839.000000,1786045440.0
1786045440.0,219.750000,219.909897,219.720001,219.899994,227208.000000,1786045500.0
1786045500.0,219.910004,219.940002,219.660004,219.750000,349312.000000,1786045560.0
1786045560.0,219.729996,219.759995,219.529999,219.660004,203232.000000,1786045620.0
1786045620.0,219.639999,219.740005,219.619995,219.620102,188603.000000,1786045680.0
1786045680.0,219.639999,219.740005,219.619995,219.619995,141785.000000,1786045740.0
1786045740.0,219.630005,219.735001,219.630005,219.690002,178479.000000,1786045800.0
1786045800.0,219.669998,219.669998,218.750000,218.830002,659595.000000,1786045860.0
1786045860.0,218.850006,218.889999,218.730103,218.830002,412435.000000,1786045920.0
1786045920.0,218.809998,218.919998,218.740005,218.779999,364798.000000,1786045980.0
1786045980.0,218.800003,219.419998,218.570007,219.419907,518840.000000,1786046040.0
1786046040.0,219.419998,219.466995,218.850006,218.960007,451810.000000,1786046100.0
1786046100.0,218.970001,219.479996,218.860001,219.440002,570853.000000,1786046160.0
1786046160.0,219.429993,219.460007,219.235001,219.280106,348807.000000,1786046220.0
1786046220.0,219.289993,219.550003,219.259995,219.535004,520199.000000,1786046280.0
1786046280.0,219.539993,219.539993,219.179993,219.190002,658399.000000,1786046340.0
1786046340.0,219.179993,219.229996,218.570007,218.990005,1891911.000000,1786046400.0
1786109400.0,222.000000,222.000000,221.074997,221.179993,4324267.000000,1786109460.0
1786109460.0,221.039993,221.240005,220.660004,220.753998,842520.000000,1786109520.0
1786109520.0,220.809998,222.050003,220.755005,221.904999,429589.000000,1786109580.0
1786109580.0,221.910004,222.740005,221.899994,222.550003,633867.000000,1786109640.0
1786109640.0,222.559998,222.990005,222.500000,222.960007,632611.000000,1786109700.0
1786109700.0,222.955002,223.130005,222.110001,222.163895,759432.000000,1786109760.0
1786109760.0,222.160004,222.220001,221.664993,222.059998,363978.000000,1786109820.0
1786109820.0,222.039993,222.069000,221.660004,221.660004,271429.000000,1786109880.0
1786109880.0,221.669998,222.039993,221.610001,221.809998,274645.000000,1786109940.0
1786109940.0,221.809006,221.960007,221.570007,221.684998,233616.000000,1786110000.0
1786110000.0,221.699997,221.819901,221.274994,221.630005,361887.000000,1786110060.0
1786110060.0,221.610001,221.850006,221.449997,221.739899,195428.000000,1786110120.0
1786110120.0,221.720001,221.759995,221.324997,221.755005,240447.000000,1786110180.0
1786110180.0,221.779999,222.300003,221.690002,222.270004,424451.000000,1786110240.0
1786110240.0,222.272995,222.539993,222.149994,222.274994,316299.000000,1786110300.0
1786110300.0,222.270004,222.544998,221.949997,222.078903,329446.000000,1786110360.0
1786110360.0,222.080002,222.199997,221.800003,221.985001,254983.000000,1786110420.0
1786110420.0,222.009003,222.339996,221.990005,222.274994,227627.000000,1786110480.0
1786110480.0,222.289993,222.619995,222.039993,222.054993,357861.000000,1786110540.0
1786110540.0,222.040100,222.229996,221.868103,222.179993,274839.000000,1786110600.0
1786110600.0,222.210007,222.610001,222.119995,222.509995,263735.000000,1786110660.0
1786110660.0,222.495697,222.875000,222.380005,222.869995,315422.000000,1786110720.0
1786110720.0,222.899994,223.169998,222.764999,222.880005,610634.000000,1786110780.0
1786110780.0,222.875000,222.990005,222.479996,222.779999,361807.000000,1786110840.0
1786110840.0,222.744995,222.880005,222.649994,222.777496,248548.000000,1786110900.0
1786110900.0,222.789993,222.845001,222.529999,222.779999,278242.000000,1786110960.0
1786110960.0,222.789993,222.860001,222.240097,222.399994,308212.000000,1786111020.0
1786111020.0,222.384995,222.414993,221.779999,221.929993,428079.000000,1786111080.0
1786111080.0,221.919998,222.089996,221.740005,222.089996,369593.000000,1786111140.0
1786111140.0,222.050003,222.584305,222.040100,222.500000,307743.000000,1786111200.0
1786111200.0,222.509995,222.645004,222.140503,222.550003,344650.000000,1786111260.0
1786111260.0,222.554993,222.789993,222.279999,222.315002,342214.000000,1786111320.0
1786111320.0,222.289993,222.729996,222.169998,222.654999,354383.000000,1786111380.0
1786111380.0,222.639999,222.653000,222.279999,222.410004,252142.000000,1786111440.0
1786111440.0,222.404999,222.404999,221.899994,221.899994,362249.000000,1786111500.0
1786111500.0,221.914993,222.119904,221.750000,221.945007,289156.000000,1786111560.0
1786111560.0,221.945007,222.429993,221.850006,222.399994,310584.000000,1786111620.0
1786111620.0,222.429993,222.459503,222.059998,222.449493,306009.000000,1786111680.0
1786111680.0,222.429993,222.800003,222.160004,222.429993,289919.000000,1786111740.0
1786111740.0,222.401901,222.410004,221.960205,222.134995,275800.000000,1786111800.0
1786111800.0,222.134995,222.309998,221.910706,222.119995,238739.000000,1786111860.0
1786111860.0,222.115005,222.229996,221.460495,221.500000,331790.000000,1786111920.0
1786111920.0,221.500000,221.589996,220.929993,221.574997,482018.000000,1786111980.0
1786111980.0,221.570007,221.660004,221.420105,221.610001,243656.000000,1786112040.0
1786112040.0,221.529999,221.630005,221.339996,221.410095,172629.000000,1786112100.0
1786112100.0,221.410004,221.925003,221.169998,221.870499,316444.000000,1786112160.0
1786112160.0,221.880096,222.220001,221.880005,222.149994,210003.000000,1786112220.0
1786112220.0,222.160004,222.250000,221.889999,221.929504,228202.000000,1786112280.0
1786112280.0,221.929993,222.130005,221.679993,222.100006,234007.000000,1786112340.0
1786112340.0,222.105499,222.350006,222.054993,222.294998,243294.000000,1786112400.0
1786112400.0,222.309998,222.358002,221.899994,222.210007,232348.000000,1786112460.0
1786112460.0,222.149994,222.320007,222.060104,222.210007,157839.000000,1786112520.0
1786112520.0,222.210007,222.250000,221.889999,221.910004,187515.000000,1786112580.0
1786112580.0,221.925003,222.419998,221.820007,222.389999,190105.000000,1786112640.0
1786112640.0,222.370102,222.440002,221.899994,221.989899,198377.000000,1786112700.0
1786112700.0,221.990005,222.380005,221.975494,222.369995,171206.000000,1786112760.0
1786112760.0,222.363205,222.919998,222.363205,222.889999,490097.000000,1786112820.0
1786112820.0,222.889999,223.220001,222.750000,223.166504,856955.000000,1786112880.0
1786112880.0,223.169998,223.449997,223.065002,223.410004,450965.000000,1786112940.0
1786112940.0,223.410004,223.440002,223.139999,223.349899,337818.000000,1786113000.0
1786113000.0,223.330002,223.630005,223.160004,223.235001,624277.000000,1786113060.0
1786113060.0,223.239899,223.239899,222.760300,222.934998,341170.000000,1786113120.0
1786113120.0,222.940002,223.089996,222.830002,222.990005,293637.000000,1786113180.0
1786113180.0,222.992599,223.240005,222.960007,223.054794,209873.000000,1786113240.0
1786113240.0,223.059998,223.279907,222.960007,223.270004,267420.000000,1786113300.0
1786113300.0,223.264999,223.490005,223.100006,223.225006,340091.000000,1786113360.0
1786113360.0,223.193497,223.270004,222.789993,222.889999,234486.000000,1786113420.0
1786113420.0,222.899597,223.289993,222.849899,223.065002,209139.000000,1786113480.0
1786113480.0,223.095001,223.375000,223.039993,223.210007,227828.000000,1786113540.0
1786113540.0,223.199997,223.237000,222.759995,222.960007,239325.000000,1786113600.0
1786113600.0,222.949997,223.083694,222.875000,223.009995,224250.000000,1786113660.0
1786113660.0,223.009995,223.210007,223.009995,223.148895,187336.000000,1786113720.0
1786113720.0,223.169006,223.378998,222.910004,222.960098,245449.000000,1786113780.0
1786113780.0,222.970001,222.987000,222.679993,222.789993,216779.000000,1786113840.0
1786113840.0,222.744995,222.889999,222.679993,222.799896,165247.000000,1786113900.0
1786113900.0,222.804993,223.139603,222.729996,223.070007,198742.000000,1786113960.0
1786113960.0,223.050003,223.289993,222.860001,223.229996,295584.000000,1786114020.0
1786114020.0,223.240005,223.585007,223.210007,223.524994,425217.000000,1786114080.0
1786114080.0,223.520004,223.559998,223.289993,223.395004,230156.000000,1786114140.0
1786114140.0,223.384995,223.580002,223.339996,223.504898,220065.000000,1786114200.0
1786114200.0,223.464996,223.679993,223.419998,223.625000,328144.000000,1786114260.0
1786114260.0,223.625000,223.769897,223.410507,223.518997,402159.000000,1786114320.0
1786114320.0,223.509995,223.570007,223.170303,223.425003,210508.000000,1786114380.0
1786114380.0,223.410004,223.490005,223.130005,223.151993,165927.000000,1786114440.0
1786114440.0,223.164993,223.250000,223.070007,223.089996,176064.000000,1786114500.0
1786114500.0,223.117493,223.324997,223.085007,223.286301,141789.000000,1786114560.0
1786114560.0,223.350006,223.470001,223.039993,223.119995,220521.000000,1786114620.0
1786114620.0,223.134995,223.419998,223.029999,223.110001,177721.000000,1786114680.0
1786114680.0,223.100006,223.559998,222.979996,223.490005,525760.000000,1786114740.0
1786114740.0,223.509995,223.509995,223.044998,223.179993,156911.000000,1786114800.0
1786114800.0,223.169998,223.350006,223.134995,223.324997,158623.000000,1786114860.0
1786114860.0,223.330002,223.750000,223.300003,223.460007,479200.000000,1786114920.0
1786114920.0,223.490005,223.639694,223.470001,223.615005,131315.000000,1786114980.0
1786114980.0,223.600006,223.789993,223.499893,223.660004,407122.000000,1786115040.0
1786115040.0,223.667801,223.740005,223.529999,223.552307,155723.000000,1786115100.0
1786115100.0,223.565002,223.650299,223.490005,223.526398,150014.000000,1786115160.0
1786115160.0,223.524994,223.639496,223.500000,223.600006,133521.000000,1786115220.0
1786115220.0,223.587997,223.699997,223.570007,223.589905,177999.000000,1786115280.0
1786115280.0,223.589905,223.750000,223.570007,223.679993,210202.000000,1786115340.0
1786115340.0,223.690094,223.699997,223.530106,223.630005,168887.000000,1786115400.0
1786115400.0,223.619995,223.850006,223.610001,223.779999,688629.000000,1786115460.0
1786115460.0,223.770096,223.985001,223.600006,223.634995,327139.000000,1786115520.0
1786115520.0,223.619995,223.769897,223.380005,223.410004,219490.000000,1786115580.0
1786115580.0,223.410004,223.550003,223.273300,223.505005,161264.000000,1786115640.0
1786115640.0,223.509995,223.669907,223.475006,223.585007,149753.000000,1786115700.0
1786115700.0,223.565002,223.669998,223.490005,223.519897,114632.000000,1786115760.0
1786115760.0,223.509995,223.820007,223.500000,223.820007,171162.000000,1786115820.0
1786115820.0,223.817001,223.919998,223.509995,223.579895,319538.000000,1786115880.0
1786115880.0,223.559998,223.836807,223.550003,223.836807,202006.000000,1786115940.0
1786115940.0,223.820099,223.964996,223.750000,223.830002,312722.000000,1786116000.0
1786116000.0,223.839996,223.929993,223.759995,223.880005,185719.000000,1786116060.0
1786116060.0,223.889999,223.975006,223.750000,223.960007,211366.000000,1786116120.0
1786116120.0,223.964996,224.220001,223.899994,224.145004,816665.000000,1786116180.0
1786116180.0,224.149994,224.169998,224.050003,224.130096,217403.000000,1786116240.0
1786116240.0,224.149994,224.350006,224.137299,224.279999,281823.000000,1786116300.0
1786116300.0,224.289993,224.550003,224.255005,224.524994,436531.000000,1786116360.0
1786116360.0,224.520004,224.649994,224.512497,224.604996,339326.000000,1786116420.0
1786116420.0,224.600006,224.610001,224.479996,224.500107,193758.000000,1786116480.0
1786116480.0,224.515396,224.520493,224.300003,224.336594,238669.000000,1786116540.0
1786116540.0,224.313507,224.339996,224.149994,224.199997,188900.000000,1786116600.0
1786116600.0,224.210007,224.610001,224.210007,224.585007,261836.000000,1786116660.0
1786116660.0,224.589996,224.639999,224.540100,224.565002,162402.000000,1786116720.0
1786116720.0,224.559998,224.679993,224.530106,224.669998,160640.000000,1786116780.0
1786116780.0,224.675003,224.729996,224.470001,224.589996,254394.000000,1786116840.0
1786116840.0,224.570007,224.759995,224.460297,224.690002,265807.000000,1786116900.0
1786116900.0,224.690002,224.729904,224.449997,224.455002,209369.000000,1786116960.0
1786116960.0,224.455002,224.500000,224.309998,224.380005,140782.000000,1786117020.0
1786117020.0,224.380005,224.619995,224.339905,224.559006,158747.000000,1786117080.0
1786117080.0,224.559998,224.570007,224.350006,224.360001,142364.000000,1786117140.0
1786117140.0,224.360001,224.404999,224.259995,224.380005,148582.000000,1786117200.0
1786117200.0,224.399994,224.520004,224.369995,224.386993,139706.000000,1786117260.0
1786117260.0,224.399994,224.399994,224.080002,224.110107,190372.000000,1786117320.0
1786117320.0,224.132706,224.285004,224.089996,224.169998,169590.000000,1786117380.0
1786117380.0,224.190002,224.300003,224.134003,224.289993,110545.000000,1786117440.0
1786117440.0,224.289993,224.429993,224.240005,224.345001,137561.000000,1786117500.0
1786117500.0,224.356506,224.419998,224.250000,224.315002,115940.000000,1786117560.0
1786117560.0,224.315002,224.425003,224.271194,224.363205,163254.000000,1786117620.0
1786117620.0,224.369995,224.391006,224.250000,224.285004,122542.000000,1786117680.0
1786117680.0,224.279999,224.339905,224.270004,224.320007,70017.000000,1786117740.0
1786117740.0,224.324997,224.579895,224.289993,224.524994,270160.000000,1786117800.0
1786117800.0,224.539993,224.629898,224.479996,224.604996,191729.000000,1786117860.0
1786117860.0,224.619995,224.679993,224.383896,224.395004,191321.000000,1786117920.0
1786117920.0,224.393402,224.460007,224.190002,224.220001,165692.000000,1786117980.0
1786117980.0,224.227798,224.227798,223.869995,223.919998,308533.000000,1786118040.0
1786118040.0,223.934998,223.975006,223.830002,223.975006,207515.000000,1786118100.0
1786118100.0,223.979996,223.985001,223.830002,223.875000,241767.000000,1786118160.0
1786118160.0,223.889999,223.969696,223.835007,223.899994,128880.000000,1786118220.0
1786118220.0,223.889999,223.889999,223.600006,223.610107,184011.000000,1786118280.0
1786118280.0,223.615005,223.750000,223.592194,223.709900,207619.000000,1786118340.0
1786118340.0,223.690002,223.839996,223.639999,223.820007,445886.000000,1786118400.0
1786118400.0,223.820007,223.889603,223.683197,223.740494,209691.000000,1786118460.0
1786118460.0,223.729996,223.740005,223.529999,223.660095,213486.000000,1786118520.0
1786118520.0,223.660095,223.679993,223.412003,223.464996,210553.000000,1786118580.0
1786118580.0,223.479996,223.527802,223.350006,223.505005,174696.000000,1786118640.0
1786118640.0,223.519897,223.519897,223.360001,223.460098,161689.000000,1786118700.0
1786118700.0,223.479996,223.520004,223.289993,223.320007,176707.000000,1786118760.0
1786118760.0,223.330002,223.389999,223.301804,223.341003,148759.000000,1786118820.0
1786118820.0,223.345001,223.409698,223.250000,223.309998,180746.000000,1786118880.0
1786118880.0,223.330002,223.350006,223.235001,223.289001,129497.000000,1786118940.0
1786118940.0,223.300003,223.389999,223.240005,223.365005,165508.000000,1786119000.0
1786119000.0,223.360001,223.559998,223.339996,223.550003,199823.000000,1786119060.0
1786119060.0,223.533203,223.720001,223.509995,223.630096,406148.000000,1786119120.0
1786119120.0,223.639999,223.699997,223.529999,223.529999,276780.000000,1786119180.0
1786119180.0,223.529999,223.548004,223.410095,223.460007,222080.000000,1786119240.0
1786119240.0,223.460007,223.654999,223.449997,223.600098,264719.000000,1786119300.0
1786119300.0,223.589996,223.619995,223.419998,223.505005,229024.000000,1786119360.0
1786119360.0,223.509995,223.580002,223.399994,223.410004,149206.000000,1786119420.0
1786119420.0,223.419998,223.649902,223.369995,223.455002,238234.000000,1786119480.0
1786119480.0,223.455002,223.500000,223.330002,223.414993,199622.000000,1786119540.0
1786119540.0,223.410095,223.425003,223.250000,223.320007,204202.000000,1786119600.0
1786119600.0,223.309998,223.460007,223.229996,223.309998,219523.000000,1786119660.0
1786119660.0,223.320007,223.330002,223.009995,223.074997,225691.000000,1786119720.0
1786119720.0,223.074997,223.179993,223.020004,223.059998,181944.000000,1786119780.0
1786119780.0,223.070007,223.110001,222.880997,222.929993,242588.000000,1786119840.0
1786119840.0,222.920105,223.035004,222.720001,222.759995,251273.000000,1786119900.0
1786119900.0,222.729996,222.787796,222.419998,222.500900,301882.000000,1786119960.0
1786119960.0,222.509995,222.539993,222.250000,222.339996,271859.000000,1786120020.0
1786120020.0,222.330002,222.549896,222.300003,222.479996,188911.000000,1786120080.0
1786120080.0,222.490005,222.539993,222.360001,222.479996,158725.000000,1786120140.0
1786120140.0,222.460007,222.550003,222.399994,222.449997,225184.000000,1786120200.0
1786120200.0,222.460007,222.539993,222.100006,222.109497,273275.000000,1786120260.0
1786120260.0,222.119995,222.229996,222.024994,222.029999,939218.000000,1786120320.0
1786120320.0,222.029999,222.229996,221.960007,222.229996,288346.000000,1786120380.0
1786120380.0,222.250000,222.339996,222.160004,222.300003,187351.000000,1786120440.0
1786120440.0,222.285004,222.570007,222.285004,222.479904,301693.000000,1786120500.0
1786120500.0,222.479904,222.489502,222.273804,222.350006,158317.000000,1786120560.0
1786120560.0,222.350006,222.460007,222.289993,222.360001,180438.000000,1786120620.0
1786120620.0,222.360001,222.389999,222.293701,222.380005,105611.000000,1786120680.0
1786120680.0,222.369995,222.499893,222.350006,222.460007,121877.000000,1786120740.0
1786120740.0,222.460999,222.649994,222.389999,222.494995,183015.000000,1786120800.0
1786120800.0,222.470001,222.615005,222.429993,222.559998,129000.000000,1786120860.0
1786120860.0,222.554993,222.619995,222.475006,222.570007,144424.000000,1786120920.0
1786120920.0,222.589996,222.589996,222.350006,222.360001,124179.000000,1786120980.0
1786120980.0,222.360001,222.499893,222.339996,222.449997,134916.000000,1786121040.0
1786121040.0,222.460007,222.479904,222.369995,222.414993,90568.000000,1786121100.0
1786121100.0,222.410004,222.529999,222.395004,222.509995,108867.000000,1786121160.0
1786121160.0,222.506500,222.554794,222.419998,222.434998,92989.000000,1786121220.0
1786121220.0,222.429993,222.559998,222.410004,222.419998,122780.000000,1786121280.0
1786121280.0,222.440002,222.539993,222.389999,222.389999,147806.000000,1786121340.0
1786121340.0,222.389999,222.494995,222.335907,222.470001,121003.000000,1786121400.0
1786121400.0,222.462097,222.615005,222.429993,222.559998,205720.000000,1786121460.0
1786121460.0,222.539993,222.559906,222.350006,222.350006,140001.000000,1786121520.0
1786121520.0,222.345093,222.487503,222.279999,222.279999,156870.000000,1786121580.0
1786121580.0,222.270004,222.375000,222.149994,222.369995,185815.000000,1786121640.0
1786121640.0,222.399994,222.410004,222.154999,222.154999,105770.000000,1786121700.0
1786121700.0,222.179993,222.250000,222.085007,222.199997,150090.000000,1786121760.0
1786121760.0,222.214996,222.315002,222.160004,222.220001,114442.000000,1786121820.0
1786121820.0,222.210007,222.304993,222.164993,222.179993,77864.000000,1786121880.0
1786121880.0,222.175003,222.229996,222.100098,222.119995,90024.000000,1786121940.0
1786121940.0,222.111298,222.127808,221.880005,221.899994,195754.000000,1786122000.0
1786122000.0,221.899994,221.940002,221.720001,221.789993,190792.000000,1786122060.0
1786122060.0,221.820007,222.089996,221.772095,221.989807,168267.000000,1786122120.0
1786122120.0,221.985001,222.039993,221.955002,221.997894,97909.000000,1786122180.0
1786122180.0,221.987000,222.070007,221.970001,222.050003,158468.000000,1786122240.0
1786122240.0,222.054993,222.089996,221.949997,222.039993,212281.000000,1786122300.0
1786122300.0,222.050003,222.054993,221.923492,222.000000,158859.000000,1786122360.0
1786122360.0,222.029999,222.119995,221.960007,222.029999,124677.000000,1786122420.0
1786122420.0,222.050003,222.149994,221.979996,222.110001,195528.000000,1786122480.0
1786122480.0,222.125000,222.339996,222.119995,222.229996,227004.000000,1786122540.0
1786122540.0,222.229996,222.229996,222.080002,222.160004,122549.000000,1786122600.0
1786122600.0,222.175003,222.223007,222.130005,222.130005,87201.000000,1786122660.0
1786122660.0,222.130005,222.195007,222.014999,222.060196,74156.000000,1786122720.0
1786122720.0,222.080002,222.115005,221.815002,221.820007,260866.000000,1786122780.0
1786122780.0,221.824997,221.889999,221.710007,221.879501,203714.000000,1786122840.0
1786122840.0,221.875000,221.930405,221.770004,221.804993,108031.000000,1786122900.0
1786122900.0,221.809998,221.929993,221.770004,221.830002,121173.000000,1786122960.0
1786122960.0,221.839996,221.979996,221.781998,221.904999,112619.000000,1786123020.0
1786123020.0,221.910004,221.939896,221.839996,221.939896,60281.000000,1786123080.0
1786123080.0,221.938004,221.979996,221.869995,221.869995,124847.000000,1786123140.0
1786123140.0,221.865005,222.046906,221.865005,222.009995,103732.000000,1786123200.0
1786123200.0,222.000000,222.104996,222.000000,222.039993,96524.000000,1786123260.0
1786123260.0,222.029999,222.029999,221.930206,221.960007,206750.000000,1786123320.0
1786123320.0,221.960007,222.070007,221.949997,222.059998,105486.000000,1786123380.0
1786123380.0,222.057404,222.057404,221.880005,221.904999,136976.000000,1786123440.0
1786123440.0,221.933701,221.979904,221.669998,221.684998,140593.000000,1786123500.0
1786123500.0,221.669998,221.750000,221.550400,221.710007,174278.000000,1786123560.0
1786123560.0,221.699997,221.850006,221.690002,221.809906,129036.000000,1786123620.0
1786123620.0,221.809998,221.860001,221.794998,221.820007,89579.000000,1786123680.0
1786123680.0,221.820007,221.889999,221.800003,221.854996,83142.000000,1786123740.0
1786123740.0,221.860001,221.990005,221.809998,221.824997,101459.000000,1786123800.0
1786123800.0,221.824997,221.910095,221.820007,221.869995,103572.000000,1786123860.0
1786123860.0,221.880005,221.960007,221.864594,221.910004,97437.000000,1786123920.0
1786123920.0,221.919998,221.960007,221.820007,221.820007,94257.000000,1786123980.0
1786123980.0,221.815002,221.942993,221.679993,221.869995,155316.000000,1786124040.0
1786124040.0,221.889999,221.910004,221.720093,221.779999,126844.000000,1786124100.0
1786124100.0,221.785004,221.869995,221.770004,221.850006,124741.000000,1786124160.0
1786124160.0,221.845001,221.969803,221.835007,221.960007,82509.000000,1786124220.0
1786124220.0,221.940903,222.029999,221.875000,222.000000,107375.000000,1786124280.0
1786124280.0,221.994995,222.165207,221.990005,222.130005,132936.000000,1786124340.0
1786124340.0,222.128799,222.255005,222.059998,222.190002,117961.000000,1786124400.0
1786124400.0,222.184998,222.320007,222.182098,222.246506,142902.000000,1786124460.0
1786124460.0,222.250000,222.360001,222.240005,222.309998,90296.000000,1786124520.0
1786124520.0,222.309998,222.350006,222.160095,222.184998,147414.000000,1786124580.0
1786124580.0,222.184998,222.320007,222.173492,222.315002,85336.000000,1786124640.0
1786124640.0,222.315002,222.324997,222.050003,222.059998,157647.000000,1786124700.0
1786124700.0,222.059998,222.115005,221.940002,222.095001,110649.000000,1786124760.0
1786124760.0,222.089996,222.294998,222.080002,222.229996,88565.000000,1786124820.0
1786124820.0,222.220001,222.289001,222.184998,222.229996,70854.000000,1786124880.0
1786124880.0,222.240005,222.345001,222.230301,222.270004,97710.000000,1786124940.0
1786124940.0,222.279999,222.329498,222.210007,222.279999,116654.000000,1786125000.0
1786125000.0,222.285095,222.360001,222.270096,222.350006,72883.000000,1786125060.0
1786125060.0,222.350006,222.354996,222.139999,222.190002,151152.000000,1786125120.0
1786125120.0,222.184998,222.210007,222.050003,222.089996,96449.000000,1786125180.0
1786125180.0,222.100006,222.139999,222.080002,222.130005,64156.000000,1786125240.0
1786125240.0,222.130005,222.179993,222.089996,222.159500,91485.000000,1786125300.0
1786125300.0,222.145004,222.175003,222.054993,222.060104,74390.000000,1786125360.0
1786125360.0,222.067795,222.195007,222.067795,222.130005,75299.000000,1786125420.0
1786125420.0,222.139999,222.285095,222.139999,222.274994,68615.000000,1786125480.0
1786125480.0,222.274994,222.349701,222.214996,222.259903,65922.000000,1786125540.0
1786125540.0,222.250000,222.294998,222.085007,222.089996,101248.000000,1786125600.0
1786125600.0,222.100006,222.190002,222.070297,222.163498,142685.000000,1786125660.0
1786125660.0,222.154999,222.264999,222.139999,222.250000,86057.000000,1786125720.0
1786125720.0,222.244995,222.279999,222.220001,222.235001,97238.000000,1786125780.0
1786125780.0,222.244995,222.279999,222.160004,222.175003,76418.000000,1786125840.0
1786125840.0,222.169998,222.207199,222.080002,222.164993,93209.000000,1786125900.0
1786125900.0,222.164993,222.179993,222.085007,222.130096,61188.000000,1786125960.0
1786125960.0,222.119995,222.145004,222.052002,222.074997,71736.000000,1786126020.0
1786126020.0,222.074997,222.259995,222.035004,222.250000,88839.000000,1786126080.0
1786126080.0,222.259995,222.350006,222.222504,222.300003,87107.000000,1786126140.0
1786126140.0,222.290100,222.399994,222.240005,222.309998,83785.000000,1786126200.0
1786126200.0,222.309998,222.339996,222.230103,222.235001,58740.000000,1786126260.0
1786126260.0,222.229996,222.235001,222.100098,222.134995,72845.000000,1786126320.0
1786126320.0,222.134995,222.152298,222.029999,222.050293,97906.000000,1786126380.0
1786126380.0,222.072906,222.095001,222.000000,222.000000,95327.000000,1786126440.0
1786126440.0,222.014999,222.020004,221.850006,221.945007,135341.000000,1786126500.0
1786126500.0,221.960007,221.990005,221.860001,221.869995,89553.000000,1786126560.0
1786126560.0,221.869995,221.949997,221.839996,221.889999,113232.000000,1786126620.0
1786126620.0,221.880005,221.919998,221.854996,221.899994,79683.000000,1786126680.0
1786126680.0,221.889999,222.039993,221.889999,222.014999,122584.000000,1786126740.0
1786126740.0,222.009995,222.050003,221.979996,222.029999,78117.000000,1786126800.0
1786126800.0,222.014999,222.080002,221.949997,222.050003,99857.000000,1786126860.0
1786126860.0,222.050003,222.119995,222.005005,222.005005,80146.000000,1786126920.0
1786126920.0,222.000000,222.145004,222.000000,222.030594,110852.000000,1786126980.0
1786126980.0,222.044998,222.060104,221.929993,221.934998,106537.000000,1786127040.0
1786127040.0,221.936996,221.979996,221.899994,221.975006,70164.000000,1786127100.0
1786127100.0,221.960602,222.048401,221.910004,221.919998,74755.000000,1786127160.0
1786127160.0,221.919998,221.929993,221.850006,221.899994,103850.000000,1786127220.0
1786127220.0,221.919998,222.145004,221.899994,222.039993,100248.000000,1786127280.0
1786127280.0,222.039993,222.052307,221.910004,221.925003,91446.000000,1786127340.0
1786127340.0,221.925003,221.975006,221.899994,221.945007,82385.000000,1786127400.0
1786127400.0,221.960007,221.970001,221.865005,221.929993,85478.000000,1786127460.0
1786127460.0,221.911407,222.029800,221.911407,222.009995,88430.000000,1786127520.0
1786127520.0,222.009995,222.110001,221.990005,222.039993,83976.000000,1786127580.0
1786127580.0,222.039993,222.100006,221.990005,222.085007,67032.000000,1786127640.0
1786127640.0,222.085007,222.099899,221.854996,221.880005,115741.000000,1786127700.0
1786127700.0,221.875000,221.955002,221.794998,221.815002,97683.000000,1786127760.0
1786127760.0,221.820099,221.880005,221.770096,221.770096,167691.000000,1786127820.0
1786127820.0,221.774994,222.100006,221.764999,222.079697,197703.000000,1786127880.0
1786127880.0,222.063202,222.080002,221.940002,221.970001,169472.000000,1786127940.0
1786127940.0,221.960007,222.095001,221.884995,222.029999,87606.000000,1786128000.0
1786128000.0,222.039993,222.050003,221.975006,222.016998,60197.000000,1786128060.0
1786128060.0,222.015900,222.059998,221.990005,222.005005,51533.000000,1786128120.0
1786128120.0,221.990005,222.014999,221.949997,221.979996,58921.000000,1786128180.0
1786128180.0,221.975006,221.985001,221.914993,221.949707,89453.000000,1786128240.0
1786128240.0,221.940002,222.020004,221.875000,221.889999,92351.000000,1786128300.0
1786128300.0,221.910004,222.129807,221.900101,222.108994,74874.000000,1786128360.0
1786128360.0,222.104996,222.119995,221.880005,221.899994,128793.000000,1786128420.0
1786128420.0,221.901001,221.960007,221.892197,221.940002,80000.000000,1786128480.0
1786128480.0,221.933502,222.109695,221.933502,222.065002,73920.000000,1786128540.0
1786128540.0,222.080002,222.149994,222.039993,222.125000,78660.000000,1786128600.0
1786128600.0,222.134995,222.250000,222.090103,222.214996,103731.000000,1786128660.0
1786128660.0,222.220001,222.330002,222.214996,222.320007,123087.000000,1786128720.0
1786128720.0,222.329895,222.360001,222.237000,222.345001,112579.000000,1786128780.0
1786128780.0,222.339996,222.395004,222.210007,222.264999,162389.000000,1786128840.0
1786128840.0,222.270004,222.315002,222.259995,222.279999,100999.000000,1786128900.0
1786128900.0,222.279999,222.320007,222.169998,222.179993,107831.000000,1786128960.0
1786128960.0,222.190002,222.240005,222.089996,222.110001,80326.000000,1786129020.0
1786129020.0,222.106094,222.149994,222.059998,222.140106,90407.000000,1786129080.0
1786129080.0,222.149994,222.220001,222.050003,222.054993,106075.000000,1786129140.0
1786129140.0,222.054993,222.300003,222.039993,222.270004,121883.000000,1786129200.0
1786129200.0,222.309998,222.589996,222.309998,222.539993,314990.000000,1786129260.0
1786129260.0,222.539993,222.800003,222.520004,222.610001,246302.000000,1786129320.0
1786129320.0,222.610001,222.664993,222.529999,222.544495,129590.000000,1786129380.0
1786129380.0,222.550003,222.570007,222.320007,222.339996,153621.000000,1786129440.0
1786129440.0,222.335007,222.410004,222.309998,222.330002,129187.000000,1786129500.0
1786129500.0,222.327805,222.499893,222.309998,222.430405,209678.000000,1786129560.0
1786129560.0,222.429993,222.589996,222.399994,222.563797,205501.000000,1786129620.0
1786129620.0,222.570007,222.649704,222.550003,222.600006,111146.000000,1786129680.0
1786129680.0,222.589996,222.598999,222.449997,222.464996,119782.000000,1786129740.0
1786129740.0,222.469696,222.639999,222.419998,222.615005,138592.000000,1786129800.0
1786129800.0,222.610001,222.919998,222.600006,222.875000,238993.000000,1786129860.0
1786129860.0,222.875000,222.906693,222.860001,222.869995,174047.000000,1786129920.0
1786129920.0,222.860001,222.985001,222.830002,222.979996,220080.000000,1786129980.0
1786129980.0,222.990005,222.990005,222.850006,222.880005,155078.000000,1786130040.0
1786130040.0,222.875000,222.893707,222.820007,222.850006,111874.000000,1786130100.0
1786130100.0,222.859100,223.139999,222.850006,223.139999,301927.000000,1786130160.0
1786130160.0,223.134995,223.139694,222.919998,223.000000,162311.000000,1786130220.0
1786130220.0,222.990005,223.059998,222.901398,222.966797,175879.000000,1786130280.0
1786130280.0,222.960007,223.080002,222.937500,223.074997,133097.000000,1786130340.0
1786130340.0,223.074997,223.089996,222.820007,222.830002,205125.000000,1786130400.0
1786130400.0,222.830002,222.990005,222.820007,222.960007,151219.000000,1786130460.0
1786130460.0,222.955002,223.080002,222.889999,222.957794,207428.000000,1786130520.0
1786130520.0,222.895004,223.014999,222.869995,222.949997,107932.000000,1786130580.0
1786130580.0,222.940002,222.990005,222.850601,222.964996,111739.000000,1786130640.0
1786130640.0,222.970001,222.990005,222.781006,222.809998,182075.000000,1786130700.0
1786130700.0,222.804993,222.869003,222.789993,222.800003,111878.000000,1786130760.0
1786130760.0,222.794998,222.949997,222.789993,222.940002,116265.000000,1786130820.0
1786130820.0,222.934998,222.960007,222.830002,222.945007,224461.000000,1786130880.0
1786130880.0,222.940002,223.000000,222.889999,223.000000,170321.000000,1786130940.0
1786130940.0,223.009995,223.044998,222.934998,223.039993,203417.000000,1786131000.0
1786131000.0,223.039993,223.039993,222.559998,222.565002,268752.000000,1786131060.0
1786131060.0,222.580002,222.744995,222.559998,222.687805,167267.000000,1786131120.0
1786131120.0,222.679993,222.679993,222.389999,222.435898,235877.000000,1786131180.0
1786131180.0,222.449600,222.589996,222.419998,222.554993,208357.000000,1786131240.0
1786131240.0,222.539993,222.604996,222.500000,222.519897,148575.000000,1786131300.0
1786131300.0,222.529907,222.649994,222.464996,222.570007,166764.000000,1786131360.0
1786131360.0,222.560104,222.709702,222.531006,222.690002,144324.000000,1786131420.0
1786131420.0,222.679993,222.809998,222.639999,222.794998,193144.000000,1786131480.0
1786131480.0,222.794998,223.039993,222.794998,223.000000,232081.000000,1786131540.0
1786131540.0,223.020004,223.139999,222.970001,222.985001,208470.000000,1786131600.0
1786131600.0,222.970001,223.020004,222.880005,222.975006,229433.000000,1786131660.0
1786131660.0,222.960007,222.994995,222.899994,222.994995,154885.000000,1786131720.0
1786131720.0,222.976196,223.074997,222.976196,223.074997,188874.000000,1786131780.0
1786131780.0,223.080002,223.085007,222.919998,222.955002,175418.000000,1786131840.0
1786131840.0,222.955002,223.100006,222.919998,222.934998,240027.000000,1786131900.0
1786131900.0,222.934998,223.039993,222.869995,222.895004,168651.000000,1786131960.0
1786131960.0,222.890198,222.960007,222.839996,222.858002,144980.000000,1786132020.0
1786132020.0,222.859894,222.860001,222.660004,222.824997,183908.000000,1786132080.0
1786132080.0,222.820007,222.912292,222.750000,222.830002,178082.000000,1786132140.0
1786132140.0,222.850006,222.929901,222.809998,222.862198,213608.000000,1786132200.0
1786132200.0,222.860001,223.039993,222.750000,222.970001,356648.000000,1786132260.0
1786132260.0,222.949997,223.050003,222.889999,223.003006,240190.000000,1786132320.0
1786132320.0,222.990005,223.080002,222.960800,223.070007,249942.000000,1786132380.0
1786132380.0,223.070007,223.240005,223.059998,223.169998,479759.000000,1786132440.0
1786132440.0,223.190002,223.410004,223.100006,223.395905,576092.000000,1786132500.0
1786132500.0,223.380005,223.839996,223.210007,223.520096,835214.000000,1786132560.0
1786132560.0,223.524994,223.764999,223.494995,223.744995,559048.000000,1786132620.0
1786132620.0,223.744995,224.115005,223.744995,223.970001,1023226.000000,1786132680.0
1786132680.0,223.964996,224.149994,223.940002,224.089996,946987.000000,1786132740.0
1786132740.0,224.085007,224.210007,223.830002,223.979996,2567758.000000,1786132800.0
1786368600.0,223.449997,224.000000,223.029999,223.500000,4780158.000000,1786368660.0
1786368660.0,223.544800,224.137894,223.419998,223.502396,394885.000000,1786368720.0
1786368720.0,223.455002,223.622803,223.059998,223.074997,314966.000000,1786368780.0
1786368780.0,223.070007,223.660004,223.060104,223.060104,375832.000000,1786368840.0
1786368840.0,223.029999,223.220001,222.410004,222.770004,550680.000000,1786368900.0
1786368900.0,222.779999,223.544998,222.580505,223.460007,386298.000000,1786368960.0
1786368960.0,223.449997,223.960007,223.399994,223.759995,373177.000000,1786369020.0
1786369020.0,223.729996,224.000000,223.330093,223.330093,416557.000000,1786369080.0
1786369080.0,223.358597,223.539993,223.059998,223.210007,378565.000000,1786369140.0
1786369140.0,223.199997,223.259995,222.755005,222.964996,393825.000000,1786369200.0
1786369200.0,222.970001,223.000000,222.559998,222.785004,365798.000000,1786369260.0
1786369260.0,222.785004,222.869904,222.500000,222.865005,280355.000000,1786369320.0
1786369320.0,222.860001,223.139999,222.850006,223.130005,249950.000000,1786369380.0
1786369380.0,223.115005,223.139999,222.759995,222.911896,437503.000000,1786369440.0
1786369440.0,222.949905,223.089996,222.781998,223.009995,303696.000000,1786369500.0
1786369500.0,223.020004,223.484406,222.990005,223.149994,457877.000000,1786369560.0
1786369560.0,223.139999,223.470001,223.130005,223.403595,239535.000000,1786369620.0
1786369620.0,223.414993,223.500000,223.110001,223.244995,227083.000000,1786369680.0
1786369680.0,223.241501,223.309998,223.150208,223.235001,181928.000000,1786369740.0
1786369740.0,223.210007,223.363998,222.820007,223.115005,447892.000000,1786369800.0
1786369800.0,223.149994,223.169998,222.509995,222.684998,385027.000000,1786369860.0
1786369860.0,222.699997,222.960007,222.600006,222.714996,370724.000000,1786369920.0
1786369920.0,222.720001,222.770004,222.279999,222.449997,382634.000000,1786369980.0
1786369980.0,222.487106,222.660004,222.320007,222.398697,301788.000000,1786370040.0
1786370040.0,222.393097,222.570007,222.220001,222.289993,315929.000000,1786370100.0
1786370100.0,222.289993,222.520004,222.100006,222.100006,335733.000000,1786370160.0
1786370160.0,222.080002,222.130005,221.830002,221.967804,356104.000000,1786370220.0
1786370220.0,221.970001,222.089996,221.759995,222.009995,319918.000000,1786370280.0
1786370280.0,222.002594,222.279999,221.860001,221.880005,334108.000000,1786370340.0
1786370340.0,221.904007,222.199997,221.843903,222.070007,321861.000000,1786370400.0
1786370400.0,222.080002,222.429993,221.800003,221.860001,565692.000000,1786370460.0
1786370460.0,221.865005,221.986801,221.699997,221.920105,245812.000000,1786370520.0
1786370520.0,221.884506,221.904999,221.529999,221.554001,315424.000000,1786370580.0
1786370580.0,221.569901,221.689896,221.449997,221.494995,287662.000000,1786370640.0
1786370640.0,221.464096,221.806396,221.460007,221.750000,289947.000000,1786370700.0
1786370700.0,221.755005,221.884995,221.690002,221.820007,221422.000000,1786370760.0
1786370760.0,221.830002,221.919998,221.690002,221.699997,243491.000000,1786370820.0
1786370820.0,221.710007,221.838104,221.699997,221.729996,239647.000000,1786370880.0
1786370880.0,221.729507,221.850006,221.660004,221.764999,192256.000000,1786370940.0
1786370940.0,221.759995,221.919998,221.682999,221.810104,201434.000000,1786371000.0
1786371000.0,221.815002,221.979996,221.785004,221.975296,265549.000000,1786371060.0
1786371060.0,221.970001,221.990005,221.580002,221.589996,322785.000000,1786371120.0
1786371120.0,221.589996,222.229996,221.580505,222.080002,433957.000000,1786371180.0
1786371180.0,222.089996,222.149994,221.949997,222.074997,310610.000000,1786371240.0
1786371240.0,222.070007,222.169998,222.029999,222.110001,181494.000000,1786371300.0
1786371300.0,222.110001,222.339996,222.090805,222.299805,386154.000000,1786371360.0
1786371360.0,222.270004,222.384995,222.100006,222.115005,215219.000000,1786371420.0
1786371420.0,222.100006,222.250000,221.949997,222.125000,174132.000000,1786371480.0
1786371480.0,222.114395,222.139999,221.544998,221.585007,290839.000000,1786371540.0
1786371540.0,221.606094,221.622406,221.199997,221.250000,381328.000000,1786371600.0
1786371600.0,221.250000,221.429901,221.160004,221.339996,257657.000000,1786371660.0
1786371660.0,221.339996,221.339996,221.040497,221.059998,337154.000000,1786371720.0
1786371720.0,221.059998,221.130005,220.789993,220.809998,448211.000000,1786371780.0
1786371780.0,220.809998,220.899902,220.710007,220.720001,263118.000000,1786371840.0
1786371840.0,220.720001,220.729996,220.360001,220.479996,356945.000000,1786371900.0
1786371900.0,220.500000,220.860001,220.330002,220.809998,346556.000000,1786371960.0
1786371960.0,220.824997,220.940002,220.630005,220.679199,300824.000000,1786372020.0
1786372020.0,220.684006,220.759995,220.440002,220.505005,286429.000000,1786372080.0
1786372080.0,220.500000,220.520004,220.315002,220.399994,201439.000000,1786372140.0
1786372140.0,220.365005,220.429901,220.179993,220.400101,292557.000000,1786372200.0
1786372200.0,220.399994,220.509995,220.250000,220.324997,280334.000000,1786372260.0
1786372260.0,220.324997,220.440002,220.100006,220.240005,358894.000000,1786372320.0
1786372320.0,220.240005,220.419998,220.190002,220.380005,173715.000000,1786372380.0
1786372380.0,220.395004,220.395004,220.229996,220.259995,227009.000000,1786372440.0
1786372440.0,220.253906,220.369995,220.100006,220.179993,224172.000000,1786372500.0
1786372500.0,220.199997,220.579895,220.182404,220.419998,345998.000000,1786372560.0
1786372560.0,220.429993,220.527405,220.380005,220.389999,243862.000000,1786372620.0
1786372620.0,220.389999,220.630005,220.354996,220.589996,233927.000000,1786372680.0
1786372680.0,220.580002,220.630005,220.244995,220.250000,258289.000000,1786372740.0
1786372740.0,220.250000,220.490005,220.199997,220.449997,208834.000000,1786372800.0
1786372800.0,220.440002,220.600006,220.420105,220.449997,228392.000000,1786372860.0
1786372860.0,220.449997,220.550003,220.270004,220.386703,237951.000000,1786372920.0
1786372920.0,220.389999,220.526794,220.324997,220.470001,181450.000000,1786372980.0
1786372980.0,220.469894,220.499207,220.300003,220.436493,181142.000000,1786373040.0
1786373040.0,220.425003,220.580002,220.392197,220.479996,161977.000000,1786373100.0
1786373100.0,220.485001,220.789993,220.449997,220.789993,239203.000000,1786373160.0
1786373160.0,220.779999,220.854996,220.679993,220.820007,206245.000000,1786373220.0
1786373220.0,220.824997,220.949997,220.820007,220.949997,196309.000000,1786373280.0
1786373280.0,220.944305,221.039993,220.889999,221.003098,237933.000000,1786373340.0
1786373340.0,221.000504,221.139999,220.904999,220.911606,289741.000000,1786373400.0
1786373400.0,220.910004,221.029999,220.750000,220.759995,225488.000000,1786373460.0
1786373460.0,220.770004,220.815002,220.580002,220.626999,219657.000000,1786373520.0
1786373520.0,220.610001,220.649994,220.429993,220.492004,206933.000000,1786373580.0
1786373580.0,220.500000,220.529999,220.160004,220.169998,270078.000000,1786373640.0
1786373640.0,220.160599,220.289993,220.020004,220.080002,259230.000000,1786373700.0
1786373700.0,220.089996,220.179993,219.919998,219.940002,576678.000000,1786373760.0
1786373760.0,219.940002,220.197006,219.800003,220.009995,398015.000000,1786373820.0
1786373820.0,220.009995,220.020004,219.830002,219.886505,196603.000000,1786373880.0
1786373880.0,219.899994,220.050003,219.820007,219.866394,182910.000000,1786373940.0
1786373940.0,219.869995,219.949493,219.520004,219.596802,343562.000000,1786374000.0
1786374000.0,219.600006,219.690002,219.350006,219.350006,362714.000000,1786374060.0
1786374060.0,219.360001,219.639893,219.309998,219.580002,234058.000000,1786374120.0
1786374120.0,219.570007,219.743500,219.520004,219.729996,284340.000000,1786374180.0
1786374180.0,219.720001,219.869507,219.630005,219.820007,249781.000000,1786374240.0
1786374240.0,219.820007,219.859894,219.550095,219.574997,230760.000000,1786374300.0
1786374300.0,219.574997,219.679993,219.553101,219.660004,184540.000000,1786374360.0
1786374360.0,219.664993,219.729599,219.410004,219.485001,255910.000000,1786374420.0
1786374420.0,219.490005,219.720001,219.440002,219.700104,163745.000000,1786374480.0
1786374480.0,219.720001,219.800003,219.460007,219.460098,244100.000000,1786374540.0
1786374540.0,219.475006,219.580002,219.330002,219.339996,310486.000000,1786374600.0
1786374600.0,219.332993,219.570007,219.300003,219.460007,244171.000000,1786374660.0
1786374660.0,219.445007,219.570007,219.130005,219.152802,289187.000000,1786374720.0
1786374720.0,219.139999,219.255005,218.929993,219.059998,443807.000000,1786374780.0
1786374780.0,219.059998,219.360001,218.974304,219.350006,268073.000000,1786374840.0
1786374840.0,219.350006,219.460007,219.089996,219.139999,190147.000000,1786374900.0
1786374900.0,219.149994,219.369995,219.080093,219.369995,159017.000000,1786374960.0
1786374960.0,219.350006,219.509995,219.309998,219.360001,198864.000000,1786375020.0
1786375020.0,219.360001,219.479996,219.309998,219.440002,136890.000000,1786375080.0
1786375080.0,219.440002,219.460007,219.020004,219.056793,244947.000000,1786375140.0
1786375140.0,219.039993,219.259995,219.009995,219.089996,226083.000000,1786375200.0
1786375200.0,219.095001,219.210007,219.059998,219.080002,180798.000000,1786375260.0
1786375260.0,219.089706,219.169998,219.054993,219.133606,180121.000000,1786375320.0
1786375320.0,219.139999,219.250000,219.080002,219.089996,176103.000000,1786375380.0
1786375380.0,219.100006,219.259995,219.070007,219.130005,142594.000000,1786375440.0
1786375440.0,219.120300,219.259796,219.000000,219.210007,208619.000000,1786375500.0
1786375500.0,219.199997,219.279999,219.110001,219.148193,152751.000000,1786375560.0
1786375560.0,219.139999,219.220001,219.029999,219.149994,150655.000000,1786375620.0
1786375620.0,219.156494,219.509903,219.110001,219.414993,286141.000000,1786375680.0
1786375680.0,219.399994,219.425003,219.279999,219.350006,143801.000000,1786375740.0
1786375740.0,219.350006,219.500000,219.339996,219.449997,154473.000000,1786375800.0
1786375800.0,219.429993,219.490005,219.229996,219.322098,228843.000000,1786375860.0
1786375860.0,219.330002,219.345001,219.110001,219.169998,145830.000000,1786375920.0
1786375920.0,219.179993,219.220001,219.050003,219.214996,151176.000000,1786375980.0
1786375980.0,219.210098,219.429993,219.149994,219.235001,194790.000000,1786376040.0
1786376040.0,219.220001,219.289993,219.059906,219.065002,172539.000000,1786376100.0
1786376100.0,219.069702,219.119995,218.899994,218.940002,321770.000000,1786376160.0
1786376160.0,218.945801,219.059998,218.779999,218.850006,240732.000000,1786376220.0
1786376220.0,218.850006,218.960007,218.830002,218.960007,200644.000000,1786376280.0
1786376280.0,218.955002,219.039993,218.800507,219.037399,221400.000000,1786376340.0
1786376340.0,219.024994,219.130005,218.881500,218.891998,208124.000000,1786376400.0
1786376400.0,218.895004,219.100006,218.759995,219.029999,320856.000000,1786376460.0
1786376460.0,219.039993,219.139999,218.949997,219.115005,188689.000000,1786376520.0
1786376520.0,219.119995,219.279999,219.059998,219.080002,282200.000000,1786376580.0
1786376580.0,219.062805,219.619507,219.029999,219.619400,389756.000000,1786376640.0
1786376640.0,219.625000,219.690002,219.509995,219.664993,289794.000000,1786376700.0
1786376700.0,219.669998,219.830002,219.505005,219.559998,424574.000000,1786376760.0
1786376760.0,219.559998,219.574997,219.270004,219.350006,227234.000000,1786376820.0
1786376820.0,219.339996,219.399994,219.130005,219.197006,166740.000000,1786376880.0
1786376880.0,219.186798,219.240005,219.070007,219.164993,120714.000000,1786376940.0
1786376940.0,219.160004,219.199997,219.050095,219.059998,160539.000000,1786377000.0
1786377000.0,219.070007,219.279999,218.990005,219.225006,245773.000000,1786377060.0
1786377060.0,219.229996,219.289993,219.149994,219.233505,129855.000000,1786377120.0
1786377120.0,219.235001,219.339996,219.203903,219.320007,167234.000000,1786377180.0
1786377180.0,219.309998,219.369995,219.263000,219.279999,123948.000000,1786377240.0
1786377240.0,219.300003,219.470001,219.300003,219.380005,192564.000000,1786377300.0
1786377300.0,219.380005,219.449493,219.289993,219.389999,206205.000000,1786377360.0
1786377360.0,219.380005,219.539993,219.369995,219.539993,140017.000000,1786377420.0
1786377420.0,219.559998,219.689896,219.559998,219.580002,181439.000000,1786377480.0
1786377480.0,219.589996,219.639893,219.509995,219.559998,132554.000000,1786377540.0
1786377540.0,219.559998,219.660004,219.514999,219.630295,157851.000000,1786377600.0
1786377600.0,219.639999,219.809998,219.529999,219.809998,173861.000000,1786377660.0
1786377660.0,219.809998,219.828705,219.649994,219.725006,151726.000000,1786377720.0
1786377720.0,219.725006,219.884995,219.679993,219.770004,162006.000000,1786377780.0
1786377780.0,219.809998,219.809998,219.669998,219.735001,122575.000000,1786377840.0
1786377840.0,219.710007,219.809998,219.690002,219.789993,94400.000000,1786377900.0
1786377900.0,219.800003,219.845001,219.559998,219.580002,225390.000000,1786377960.0
1786377960.0,219.589996,219.630005,219.449997,219.600006,225563.000000,1786378020.0
1786378020.0,219.600006,219.636505,219.479996,219.490005,155707.000000,1786378080.0
1786378080.0,219.460007,219.639999,219.440002,219.505005,135607.000000,1786378140.0
1786378140.0,219.509995,219.800003,219.429993,219.750000,226932.000000,1786378200.0
1786378200.0,219.764999,219.789993,219.679993,219.735001,114976.000000,1786378260.0
1786378260.0,219.735001,219.850006,219.649994,219.710007,180472.000000,1786378320.0
1786378320.0,219.710007,219.750000,219.590805,219.710007,95131.000000,1786378380.0
1786378380.0,219.705002,219.770004,219.669998,219.749603,91812.000000,1786378440.0
1786378440.0,219.740005,219.789993,219.690002,219.750000,91078.000000,1786378500.0
1786378500.0,219.750000,219.910004,219.660004,219.669998,145963.000000,1786378560.0
1786378560.0,219.660004,219.860001,219.651993,219.839996,101139.000000,1786378620.0
1786378620.0,219.830093,219.949997,219.800003,219.861694,167101.000000,1786378680.0
1786378680.0,219.884201,220.139999,219.830002,219.910004,284067.000000,1786378740.0
1786378740.0,219.899994,219.929993,219.789993,219.829895,156356.000000,1786378800.0
1786378800.0,219.800003,220.080002,219.794998,219.994995,222503.000000,1786378860.0
1786378860.0,219.970001,219.991806,219.822098,219.875000,108316.000000,1786378920.0
1786378920.0,219.862198,219.919998,219.809998,219.889999,146148.000000,1786378980.0
1786378980.0,219.910004,220.360001,219.840103,220.179993,410096.000000,1786379040.0
1786379040.0,220.199905,220.199905,219.699997,219.895004,451568.000000,1786379100.0
1786379100.0,219.880005,220.600006,219.589996,220.259995,576133.000000,1786379160.0
1786379160.0,220.259903,220.309998,219.259995,219.610107,631038.000000,1786379220.0
1786379220.0,219.615005,219.729401,219.270004,219.294006,224699.000000,1786379280.0
1786379280.0,219.270004,219.270004,218.839996,219.119995,547100.000000,1786379340.0
1786379340.0,219.119995,219.119995,218.340103,218.340103,581649.000000,1786379400.0
1786379400.0,218.360001,218.550003,218.100006,218.464996,448086.000000,1786379460.0
1786379460.0,218.479996,218.669998,217.869995,217.900101,652743.000000,1786379520.0
1786379520.0,217.919998,218.339996,217.770004,218.169998,497164.000000,1786379580.0
1786379580.0,218.169998,218.179993,217.880005,217.929993,301017.000000,1786379640.0
1786379640.0,217.910004,218.009995,217.690002,217.875000,392007.000000,1786379700.0
1786379700.0,217.860001,217.889999,217.470001,217.589996,477975.000000,1786379760.0
1786379760.0,217.589996,217.660004,217.050003,217.059998,563808.000000,1786379820.0
1786379820.0,217.070007,217.100006,216.809998,216.869995,694074.000000,1786379880.0
1786379880.0,216.889999,217.229904,216.770004,216.865005,643018.000000,1786379940.0
1786379940.0,216.865005,217.205505,216.840103,217.009705,453380.000000,1786380000.0
1786380000.0,216.985001,217.210007,216.919998,217.130005,407438.000000,1786380060.0
1786380060.0,217.139999,217.270004,216.778198,216.815002,461144.000000,1786380120.0
1786380120.0,216.820007,217.149994,216.790497,216.934998,314323.000000,1786380180.0
1786380180.0,216.936798,217.087799,216.875000,216.949905,274418.000000,1786380240.0
1786380240.0,216.949905,217.179993,216.899994,217.164993,240276.000000,1786380300.0
1786380300.0,217.179993,217.380005,217.119995,217.229996,340770.000000,1786380360.0
1786380360.0,217.240005,217.500000,217.219498,217.270004,275296.000000,1786380420.0
1786380420.0,217.259995,217.449997,217.020096,217.419998,254584.000000,1786380480.0
1786380480.0,217.399994,217.449997,217.220001,217.220001,150513.000000,1786380540.0
1786380540.0,217.220306,217.498306,217.089005,217.470001,297008.000000,1786380600.0
1786380600.0,217.460007,217.589996,217.059998,217.085007,269695.000000,1786380660.0
1786380660.0,217.070099,217.149902,216.979996,217.089996,301422.000000,1786380720.0
1786380720.0,217.089996,217.209900,217.022202,217.169998,168558.000000,1786380780.0
1786380780.0,217.169998,217.229996,216.979996,217.009995,182146.000000,1786380840.0
1786380840.0,217.009995,217.110001,216.899994,217.000107,239338.000000,1786380900.0
1786380900.0,217.029999,217.169998,216.970001,216.979996,210704.000000,1786380960.0
1786380960.0,217.000000,217.159897,216.910004,217.139999,124145.000000,1786381020.0
1786381020.0,217.130005,217.139999,216.929993,217.070007,229911.000000,1786381080.0
1786381080.0,217.070007,217.220001,216.869995,216.899994,227454.000000,1786381140.0
1786381140.0,216.910004,217.630005,216.891998,217.619904,405463.000000,1786381200.0
1786381200.0,217.610001,217.800003,217.410004,217.654999,486044.000000,1786381260.0
1786381260.0,217.650101,217.779999,217.399994,217.414993,278697.000000,1786381320.0
1786381320.0,217.399994,217.559998,217.390198,217.509995,145766.000000,1786381380.0
1786381380.0,217.520004,217.539993,217.229996,217.264999,212275.000000,1786381440.0
1786381440.0,217.270004,217.464996,217.250793,217.372101,126129.000000,1786381500.0
1786381500.0,217.380005,217.559906,217.320007,217.529999,141510.000000,1786381560.0
1786381560.0,217.538300,217.707794,217.479996,217.606796,179648.000000,1786381620.0
1786381620.0,217.580002,217.770004,217.550003,217.746307,188321.000000,1786381680.0
1786381680.0,217.764206,218.000000,217.710098,217.945007,339439.000000,1786381740.0
1786381740.0,217.932404,218.229996,217.932404,218.149994,365898.000000,1786381800.0
1786381800.0,218.160004,218.289993,218.070007,218.190094,280260.000000,1786381860.0
1786381860.0,218.199493,218.625000,218.100006,218.565002,363958.000000,1786381920.0
1786381920.0,218.580002,218.610001,218.429993,218.544998,297057.000000,1786381980.0
1786381980.0,218.544998,218.654999,218.503204,218.610001,240483.000000,1786382040.0
1786382040.0,218.619904,218.660004,218.539993,218.649994,226858.000000,1786382100.0
1786382100.0,218.640106,218.839996,218.589996,218.622696,269281.000000,1786382160.0
1786382160.0,218.630005,218.839996,218.580002,218.750000,279698.000000,1786382220.0
1786382220.0,218.729996,218.809998,218.610107,218.750000,241764.000000,1786382280.0
1786382280.0,218.740005,218.880005,218.679993,218.785004,237088.000000,1786382340.0
1786382340.0,218.785004,218.867905,218.729996,218.774994,161831.000000,1786382400.0
1786382400.0,218.779999,218.910004,218.679993,218.739899,235435.000000,1786382460.0
1786382460.0,218.729996,218.880005,218.692093,218.869995,145744.000000,1786382520.0
1786382520.0,218.863007,219.000000,218.820801,218.919098,203791.000000,1786382580.0
1786382580.0,218.929993,218.949997,218.732300,218.732300,165502.000000,1786382640.0
1786382640.0,218.750000,218.793503,218.580002,218.589996,203387.000000,1786382700.0
1786382700.0,218.580002,218.669998,218.539993,218.574997,130349.000000,1786382760.0
1786382760.0,218.580002,218.639999,218.539993,218.539993,103822.000000,1786382820.0
1786382820.0,218.550003,218.649994,218.500000,218.509995,115807.000000,1786382880.0
1786382880.0,218.513397,218.634995,218.360504,218.469894,215736.000000,1786382940.0
1786382940.0,218.464996,218.649994,218.464996,218.498093,120739.000000,1786383000.0
1786383000.0,218.489899,218.759995,218.430603,218.750000,204531.000000,1786383060.0
1786383060.0,218.750000,218.929993,218.710098,218.860001,144252.000000,1786383120.0
1786383120.0,218.859695,219.044998,218.800003,218.989807,232433.000000,1786383180.0
1786383180.0,218.985001,219.020004,218.619995,218.630005,216639.000000,1786383240.0
1786383240.0,218.634995,218.690002,218.539993,218.539993,167152.000000,1786383300.0
1786383300.0,218.544998,218.554993,218.203598,218.210007,169904.000000,1786383360.0
1786383360.0,218.199997,218.250000,218.065002,218.065002,137218.000000,1786383420.0
1786383420.0,218.059998,218.080002,217.830002,217.850006,295411.000000,1786383480.0
1786383480.0,217.860001,218.300003,217.830002,218.235001,248509.000000,1786383540.0
1786383540.0,218.235001,218.350006,218.235001,218.300003,143954.000000,1786383600.0
1786383600.0,218.297699,218.440002,218.240005,218.404999,149570.000000,1786383660.0
1786383660.0,218.409897,218.434998,218.320007,218.339996,106101.000000,1786383720.0
1786383720.0,218.330307,218.389999,218.127502,218.145004,144847.000000,1786383780.0
1786383780.0,218.160004,218.169693,217.985001,217.994995,123380.000000,1786383840.0
1786383840.0,218.009506,218.239304,218.009506,218.199799,140745.000000,1786383900.0
1786383900.0,218.190002,218.270004,218.128006,218.179993,497859.000000,1786383960.0
1786383960.0,218.179993,218.240005,218.140305,218.210007,62520.000000,1786384020.0
1786384020.0,218.210007,218.250000,218.160004,218.179993,96231.000000,1786384080.0
1786384080.0,218.160400,218.350006,218.160400,218.316193,106250.000000,1786384140.0
1786384140.0,218.309998,218.320007,218.199997,218.203506,64806.000000,1786384200.0
1786384200.0,218.199997,218.239700,218.110001,218.119995,67573.000000,1786384260.0
1786384260.0,218.130005,218.240005,218.080002,218.229706,98904.000000,1786384320.0
1786384320.0,218.220505,218.389999,218.190002,218.380005,169634.000000,1786384380.0
1786384380.0,218.380005,218.389999,218.279999,218.365494,70409.000000,1786384440.0
1786384440.0,218.350006,218.410004,218.300003,218.309998,66119.000000,1786384500.0
1786384500.0,218.320007,218.429993,218.229996,218.270004,123276.000000,1786384560.0
1786384560.0,218.270004,218.279999,218.210007,218.244995,56114.000000,1786384620.0
1786384620.0,218.244995,218.289902,218.219894,218.289902,56050.000000,1786384680.0
1786384680.0,218.289001,218.339996,218.243698,218.319901,58977.000000,1786384740.0
1786384740.0,218.320007,218.330002,218.250000,218.300003,64565.000000,1786384800.0
1786384800.0,218.300003,218.479996,218.279999,218.453003,120809.000000,1786384860.0
1786384860.0,218.464996,218.509995,218.350006,218.389999,112914.000000,1786384920.0
1786384920.0,218.395004,218.520004,218.375000,218.380005,85266.000000,1786384980.0
1786384980.0,218.360001,218.554993,218.350006,218.539993,101753.000000,1786385040.0
1786385040.0,218.559998,218.610001,218.523193,218.550003,812708.000000,1786385100.0
1786385100.0,218.559998,218.654999,218.500000,218.574997,102979.000000,1786385160.0
1786385160.0,218.576004,218.729996,218.520004,218.697998,122196.000000,1786385220.0
1786385220.0,218.681000,218.736496,218.639999,218.706406,113278.000000,1786385280.0
1786385280.0,218.699997,218.789993,218.664993,218.679901,123861.000000,1786385340.0
1786385340.0,218.669998,218.673706,218.585007,218.649994,96096.000000,1786385400.0
1786385400.0,218.639999,218.869995,218.600006,218.789993,153034.000000,1786385460.0
1786385460.0,218.800003,218.820007,218.710007,218.764999,153049.000000,1786385520.0
1786385520.0,218.770294,218.839996,218.740005,218.750000,110288.000000,1786385580.0
1786385580.0,218.740005,218.770004,218.630005,218.741592,69928.000000,1786385640.0
1786385640.0,218.750000,218.759506,218.671600,218.679993,72960.000000,1786385700.0
1786385700.0,218.688004,218.719894,218.419998,218.441498,139328.000000,1786385760.0
1786385760.0,218.449997,218.482498,218.320007,218.440002,126414.000000,1786385820.0
1786385820.0,218.440002,218.520004,218.410004,218.485001,117717.000000,1786385880.0
1786385880.0,218.486404,218.589996,218.410004,218.410004,118981.000000,1786385940.0
1786385940.0,218.410004,218.449997,218.380005,218.414993,73869.000000,1786386000.0
1786386000.0,218.410004,218.520004,218.410004,218.509995,73006.000000,1786386060.0
1786386060.0,218.516205,218.520004,218.399994,218.464996,90240.000000,1786386120.0
1786386120.0,218.455002,218.529999,218.429993,218.449997,89065.000000,1786386180.0
1786386180.0,218.460007,218.559998,218.440002,218.505005,108027.000000,1786386240.0
1786386240.0,218.509995,218.550003,218.440002,218.490005,192598.000000,1786386300.0
1786386300.0,218.479996,218.600006,218.440002,218.589996,83447.000000,1786386360.0
1786386360.0,218.589996,218.649994,218.524994,218.550003,108691.000000,1786386420.0
1786386420.0,218.550003,218.585007,218.509995,218.520004,50248.000000,1786386480.0
1786386480.0,218.520004,218.619995,218.470001,218.580002,92544.000000,1786386540.0
1786386540.0,218.580002,218.630005,218.509995,218.539993,74459.000000,1786386600.0
1786386600.0,218.544998,218.550003,218.410004,218.445007,128096.000000,1786386660.0
1786386660.0,218.445007,218.679993,218.429993,218.660004,146053.000000,1786386720.0
1786386720.0,218.660004,218.660004,218.494995,218.592499,114904.000000,1786386780.0
1786386780.0,218.589996,218.589996,218.460007,218.490005,114055.000000,1786386840.0
1786386840.0,218.494995,218.536804,218.420105,218.529999,94473.000000,1786386900.0
1786386900.0,218.539993,218.625000,218.509995,218.529999,103335.000000,1786386960.0
1786386960.0,218.535004,218.570007,218.380005,218.417297,130661.000000,1786387020.0
1786387020.0,218.414993,218.520004,218.369995,218.505005,109219.000000,1786387080.0
1786387080.0,218.485001,218.490005,218.429993,218.440002,56529.000000,1786387140.0
1786387140.0,218.449997,218.610001,218.434998,218.580002,102628.000000,1786387200.0
1786387200.0,218.585007,218.630005,218.580002,218.618698,55750.000000,1786387260.0
1786387260.0,218.610107,218.720001,218.570007,218.699905,128818.000000,1786387320.0
1786387320.0,218.690002,218.789993,218.690002,218.789993,87225.000000,1786387380.0
1786387380.0,218.785004,218.789993,218.669998,218.690094,95445.000000,1786387440.0
1786387440.0,218.695007,218.839996,218.695007,218.813202,76168.000000,1786387500.0
1786387500.0,218.820007,218.897995,218.740005,218.770004,139070.000000,1786387560.0
1786387560.0,218.770401,218.770401,218.639999,218.650101,86816.000000,1786387620.0
1786387620.0,218.654999,218.720001,218.630005,218.695007,73764.000000,1786387680.0
1786387680.0,218.695007,218.744995,218.669998,218.696793,64119.000000,1786387740.0
1786387740.0,218.696503,218.696503,218.580002,218.630005,81845.000000,1786387800.0
1786387800.0,218.634995,218.789993,218.619995,218.750000,116795.000000,1786387860.0
1786387860.0,218.750000,218.800003,218.674500,218.699997,94717.000000,1786387920.0
1786387920.0,218.705002,218.750000,218.660004,218.699997,52488.000000,1786387980.0
1786387980.0,218.690002,218.740005,218.664993,218.714996,55057.000000,1786388040.0
1786388040.0,218.714996,218.750000,218.699997,218.740005,87435.000000,1786388100.0
1786388100.0,218.740005,218.779999,218.654999,218.669998,139844.000000,1786388160.0
1786388160.0,218.669998,218.889999,218.630005,218.880005,135109.000000,1786388220.0
1786388220.0,218.880005,219.100006,218.865005,219.085007,196507.000000,1786388280.0
1786388280.0,219.074799,219.089996,218.910004,218.940002,143591.000000,1786388340.0
1786388340.0,218.936005,219.050003,218.919998,219.020004,132670.000000,1786388400.0
1786388400.0,219.020004,219.110001,218.925705,218.949997,145307.000000,1786388460.0
1786388460.0,218.970001,219.139999,218.960999,219.115005,153564.000000,1786388520.0
1786388520.0,219.110001,219.195007,219.104996,219.130005,187223.000000,1786388580.0
1786388580.0,219.139999,219.240005,219.110001,219.225006,141579.000000,1786388640.0
1786388640.0,219.225006,219.270004,219.110001,219.110001,151237.000000,1786388700.0
1786388700.0,219.110001,219.205002,219.059998,219.070007,155340.000000,1786388760.0
1786388760.0,219.059998,219.179993,219.059998,219.090103,112031.000000,1786388820.0
1786388820.0,219.095001,219.259995,219.080002,219.240005,179252.000000,1786388880.0
1786388880.0,219.240005,219.399994,219.186295,219.379898,227682.000000,1786388940.0
1786388940.0,219.375000,219.399994,219.199997,219.244995,138483.000000,1786389000.0
1786389000.0,219.255005,219.312897,219.220001,219.289993,114782.000000,1786389060.0
1786389060.0,219.279999,219.449997,219.214996,219.229996,196787.000000,1786389120.0
1786389120.0,219.220001,219.320007,219.130005,219.309998,402419.000000,1786389180.0
1786389180.0,219.315002,219.339996,219.270004,219.304993,223330.000000,1786389240.0
1786389240.0,219.300003,219.399994,219.270096,219.294998,124685.000000,1786389300.0
1786389300.0,219.289993,219.389893,219.270004,219.304993,144912.000000,1786389360.0
1786389360.0,219.289993,219.345001,219.040100,219.053101,179918.000000,1786389420.0
1786389420.0,219.050003,219.125000,219.039993,219.104996,162589.000000,1786389480.0
1786389480.0,219.104996,219.154999,219.044998,219.085007,188666.000000,1786389540.0
1786389540.0,219.070007,219.080002,218.850006,218.852005,232924.000000,1786389600.0
1786389600.0,218.869995,218.960007,218.774994,218.804993,264734.000000,1786389660.0
1786389660.0,218.809998,218.889999,218.759995,218.889999,144969.000000,1786389720.0
1786389720.0,218.880005,218.960007,218.835007,218.839996,127828.000000,1786389780.0
1786389780.0,218.845001,219.164993,218.820007,219.100006,208424.000000,1786389840.0
1786389840.0,219.130005,219.239899,219.110001,219.210007,126321.000000,1786389900.0
1786389900.0,219.199997,219.229996,219.070007,219.070099,120722.000000,1786389960.0
1786389960.0,219.094894,219.210007,219.070007,219.180099,118077.000000,1786390020.0
1786390020.0,219.190002,219.199997,218.929993,219.066498,168619.000000,1786390080.0
1786390080.0,219.060104,219.139999,219.060104,219.100006,77864.000000,1786390140.0
1786390140.0,219.110001,219.169907,219.085007,219.148804,90389.000000,1786390200.0
1786390200.0,219.149994,219.210007,219.060699,219.175003,158369.000000,1786390260.0
1786390260.0,219.179993,219.214996,219.050003,219.100006,131498.000000,1786390320.0
1786390320.0,219.095001,219.139999,218.979996,219.054993,134124.000000,1786390380.0
1786390380.0,219.059998,219.095001,218.990005,219.009995,149514.000000,1786390440.0
1786390440.0,219.000000,219.014999,218.919998,218.990005,196545.000000,1786390500.0
1786390500.0,218.979996,219.009995,218.929993,219.005005,155337.000000,1786390560.0
1786390560.0,218.990005,219.046295,218.960007,219.039993,93039.000000,1786390620.0
1786390620.0,219.029999,219.059998,218.960007,219.020004,120731.000000,1786390680.0
1786390680.0,219.029999,219.110001,219.009995,219.089996,129450.000000,1786390740.0
1786390740.0,219.089996,219.130005,219.039993,219.050003,128974.000000,1786390800.0
1786390800.0,219.039993,219.130005,219.010101,219.020004,127757.000000,1786390860.0
1786390860.0,219.020004,219.057205,218.830002,218.869995,254637.000000,1786390920.0
1786390920.0,218.880005,218.957504,218.824997,218.929993,138031.000000,1786390980.0
1786390980.0,218.919998,218.919998,218.820007,218.830002,128425.000000,1786391040.0
1786391040.0,218.839996,218.899994,218.809998,218.880005,104081.000000,1786391100.0
1786391100.0,218.889999,218.929993,218.740005,218.759995,172232.000000,1786391160.0
1786391160.0,218.765503,218.869293,218.699997,218.742798,200091.000000,1786391220.0
1786391220.0,218.744995,218.789993,218.729996,218.770004,129354.000000,1786391280.0
1786391280.0,218.770004,218.779999,218.649994,218.679993,180705.000000,1786391340.0
1786391340.0,218.690002,218.909103,218.680099,218.880005,199737.000000,1786391400.0
1786391400.0,218.869995,218.869995,218.223206,218.294998,427417.000000,1786391460.0
1786391460.0,218.289993,218.348297,218.039993,218.050003,503949.000000,1786391520.0
1786391520.0,218.029999,218.110001,217.809998,217.940002,494874.000000,1786391580.0
1786391580.0,217.940002,218.130005,217.830002,217.990005,374202.000000,1786391640.0
1786391640.0,217.970001,218.000000,217.660004,217.710007,405348.000000,1786391700.0
1786391700.0,217.699997,218.089996,217.460007,217.550003,781717.000000,1786391760.0
1786391760.0,217.559998,217.580002,217.449997,217.464996,444259.000000,1786391820.0
1786391820.0,217.470001,217.675003,217.470001,217.664993,641463.000000,1786391880.0
1786391880.0,217.664993,217.740005,217.550003,217.690002,916563.000000,1786391940.0
1786391940.0,217.675003,217.690002,217.369995,217.559998,2458762.000000,1786392000.0
1786455000.0,222.149994,222.199997,221.089996,221.589905,6490516.000000,1786455060.0
1786455060.0,221.574600,221.720001,220.889999,221.154999,667727.000000,1786455120.0
1786455120.0,221.154999,221.252502,220.500000,221.240005,514224.000000,1786455180.0
1786455180.0,221.270004,221.300003,220.669998,220.720001,333864.000000,1786455240.0
1786455240.0,220.740005,220.979996,220.539993,220.860001,416288.000000,1786455300.0
1786455300.0,220.839996,220.839996,219.886093,219.929993,556898.000000,1786455360.0
1786455360.0,219.917603,220.059998,219.449997,219.714996,666420.000000,1786455420.0
1786455420.0,219.720001,220.179993,219.684998,219.985001,503968.000000,1786455480.0
1786455480.0,220.011093,220.011093,219.250107,219.365005,469422.000000,1786455540.0
1786455540.0,219.369995,219.839996,219.264999,219.820007,396491.000000,1786455600.0
1786455600.0,219.820007,220.628998,219.800003,220.628998,555986.000000,1786455660.0
1786455660.0,220.649994,220.960007,220.419998,220.880005,425392.000000,1786455720.0
1786455720.0,220.854996,221.009995,220.120102,220.470001,497342.000000,1786455780.0
1786455780.0,220.500000,220.550003,220.300003,220.399994,294744.000000,1786455840.0
1786455840.0,220.429901,220.669998,220.214996,220.585007,304625.000000,1786455900.0
1786455900.0,220.559998,220.580002,220.059998,220.100006,304287.000000,1786455960.0
1786455960.0,220.080002,220.279999,219.750000,220.270004,453830.000000,1786456020.0
1786456020.0,220.205002,220.330002,220.065002,220.220901,219861.000000,1786456080.0
1786456080.0,220.235001,220.550003,220.169998,220.264999,376782.000000,1786456140.0
1786456140.0,220.250000,220.389999,219.960007,220.080002,415200.000000,1786456200.0
1786456200.0,220.039993,220.289993,219.580002,219.604996,311265.000000,1786456260.0
1786456260.0,219.580002,219.785400,219.374496,219.649994,365456.000000,1786456320.0
1786456320.0,219.634995,219.710007,219.220001,219.438202,441262.000000,1786456380.0
1786456380.0,219.455002,219.550003,219.179993,219.500000,296092.000000,1786456440.0
1786456440.0,219.500000,219.529907,219.199997,219.354996,257069.000000,1786456500.0
1786456500.0,219.354996,219.720001,219.320007,219.680206,281037.000000,1786456560.0
1786456560.0,219.679993,219.699997,219.190002,219.389999,283024.000000,1786456620.0
1786456620.0,219.380005,219.740005,219.300003,219.380005,254160.000000,1786456680.0
1786456680.0,219.378098,219.425797,218.830002,219.009995,435966.000000,1786456740.0
1786456740.0,219.029999,219.979996,218.970001,219.880005,422021.000000,1786456800.0
1786456800.0,219.860001,219.869995,219.440002,219.715607,310282.000000,1786456860.0
1786456860.0,219.690002,219.791901,219.500000,219.679993,235133.000000,1786456920.0
1786456920.0,219.654007,219.800003,219.470001,219.529999,226319.000000,1786456980.0
1786456980.0,219.524994,219.784393,219.475006,219.699997,212135.000000,1786457040.0
1786457040.0,219.690002,219.740005,219.460007,219.550003,240002.000000,1786457100.0
1786457100.0,219.529999,219.910004,219.529999,219.860001,256020.000000,1786457160.0
1786457160.0,219.851303,219.889801,219.639999,219.664993,254418.000000,1786457220.0
1786457220.0,219.619995,219.850006,219.455002,219.830002,263975.000000,1786457280.0
1786457280.0,219.839905,220.074997,219.679993,220.010803,340544.000000,1786457340.0
1786457340.0,220.009995,220.059998,219.660004,219.865005,293257.000000,1786457400.0
1786457400.0,219.854996,220.070007,219.794998,219.969894,283442.000000,1786457460.0
1786457460.0,219.929993,220.012695,219.830002,219.945007,241221.000000,1786457520.0
1786457520.0,219.945007,219.960007,219.809998,219.854996,260316.000000,1786457580.0
1786457580.0,219.850006,220.127197,219.800003,220.044998,250690.000000,1786457640.0
1786457640.0,220.038193,220.110001,219.865005,219.919998,271270.000000,1786457700.0
1786457700.0,219.917007,220.070007,219.669998,219.729996,286758.000000,1786457760.0
1786457760.0,219.750000,220.300003,219.749893,220.134995,423641.000000,1786457820.0
1786457820.0,220.139999,220.179993,219.750000,219.789993,269804.000000,1786457880.0
1786457880.0,219.779999,219.857101,219.410095,219.539993,339627.000000,1786457940.0
1786457940.0,219.509995,219.619995,219.337601,219.350006,209467.000000,1786458000.0
1786458000.0,219.339996,219.585800,219.270096,219.429993,218324.000000,1786458060.0
1786458060.0,219.434998,219.550003,219.350006,219.399902,210501.000000,1786458120.0
1786458120.0,219.395401,219.500000,219.229996,219.294998,235156.000000,1786458180.0
1786458180.0,219.289993,219.570007,219.199997,219.460007,249003.000000,1786458240.0
1786458240.0,219.449997,219.600006,219.384995,219.580002,164108.000000,1786458300.0
1786458300.0,219.580002,220.110001,219.486404,220.059998,265036.000000,1786458360.0
1786458360.0,220.059998,220.079895,219.300003,219.345001,290509.000000,1786458420.0
1786458420.0,219.330002,219.520004,219.289993,219.410004,225703.000000,1786458480.0
1786458480.0,219.400406,219.429993,219.280197,219.399994,223538.000000,1786458540.0
1786458540.0,219.399994,219.639999,219.324997,219.574997,224242.000000,1786458600.0
1786458600.0,219.589996,219.675003,219.137497,219.139999,341696.000000,1786458660.0
1786458660.0,219.139999,219.389999,219.139999,219.229996,233696.000000,1786458720.0
1786458720.0,219.225006,219.466995,219.225006,219.460007,276672.000000,1786458780.0
1786458780.0,219.449997,219.529999,219.100006,219.119995,208512.000000,1786458840.0
1786458840.0,219.119995,219.380005,219.119995,219.380005,193460.000000,1786458900.0
1786458900.0,219.365005,219.517899,219.070007,219.195007,385364.000000,1786458960.0
1786458960.0,219.184998,219.380005,219.150101,219.255005,168591.000000,1786459020.0
1786459020.0,219.270004,219.369995,219.061996,219.110001,132669.000000,1786459080.0
1786459080.0,219.110001,219.149902,218.850006,218.860001,411665.000000,1786459140.0
1786459140.0,218.850494,219.119995,218.850006,218.940002,224556.000000,1786459200.0
1786459200.0,218.949997,219.132996,218.949997,219.020004,159852.000000,1786459260.0
1786459260.0,219.029999,219.100006,218.888397,218.960007,162624.000000,1786459320.0
1786459320.0,218.949997,219.220001,218.919998,219.210007,175079.000000,1786459380.0
1786459380.0,219.229996,219.250000,218.899994,218.970001,155964.000000,1786459440.0
1786459440.0,218.975006,219.009995,218.850098,218.899994,142562.000000,1786459500.0
1786459500.0,218.889999,219.044998,218.830002,219.009995,267629.000000,1786459560.0
1786459560.0,219.039993,219.159897,218.933197,219.000000,217779.000000,1786459620.0
1786459620.0,219.005005,219.119995,218.910004,219.104996,288696.000000,1786459680.0
1786459680.0,219.100494,219.199997,219.050003,219.179901,207510.000000,1786459740.0
1786459740.0,219.179993,219.559998,219.160004,219.470001,303599.000000,1786459800.0
1786459800.0,219.440002,219.476807,219.134995,219.283707,238161.000000,1786459860.0
1786459860.0,219.285004,219.490005,219.130005,219.475006,156580.000000,1786459920.0
1786459920.0,219.470001,219.625000,219.470001,219.502197,174784.000000,1786459980.0
1786459980.0,219.509995,219.675003,219.509995,219.585007,187893.000000,1786460040.0
1786460040.0,219.589905,219.839996,219.559998,219.789993,194863.000000,1786460100.0
1786460100.0,219.782196,220.119705,219.782196,220.110001,291105.000000,1786460160.0
1786460160.0,220.115005,220.559998,220.115005,220.460007,459512.000000,1786460220.0
1786460220.0,220.490005,220.505005,219.970001,220.100006,336897.000000,1786460280.0
1786460280.0,220.095001,220.119995,219.921005,219.949997,193105.000000,1786460340.0
1786460340.0,219.970001,220.014099,219.729996,219.804993,171723.000000,1786460400.0
1786460400.0,219.804993,219.830002,219.660095,219.750000,160766.000000,1786460460.0
1786460460.0,219.755005,219.801605,219.660004,219.750000,134694.000000,1786460520.0
1786460520.0,219.750000,219.794998,219.640106,219.690002,140190.000000,1786460580.0
1786460580.0,219.708298,219.836807,219.630096,219.764404,170443.000000,1786460640.0
1786460640.0,219.759995,219.770004,219.610001,219.695007,119107.000000,1786460700.0
1786460700.0,219.679993,219.689896,219.500000,219.580002,181131.000000,1786460760.0
1786460760.0,219.600006,219.669998,219.410004,219.490005,175057.000000,1786460820.0
1786460820.0,219.479996,219.539993,219.350006,219.360001,146629.000000,1786460880.0
1786460880.0,219.350006,219.559998,219.300003,219.399994,156004.000000,1786460940.0
1786460940.0,219.399994,219.399994,219.190201,219.210007,141368.000000,1786461000.0
1786461000.0,219.199997,219.300003,219.160004,219.285004,119874.000000,1786461060.0
1786461060.0,219.285095,219.343002,219.130005,219.264999,169078.000000,1786461120.0
1786461120.0,219.264999,219.360001,219.083405,219.100006,196783.000000,1786461180.0
1786461180.0,219.109894,219.130005,218.919998,218.929993,198515.000000,1786461240.0
1786461240.0,218.929993,219.000000,218.770004,218.815002,320767.000000,1786461300.0
1786461300.0,218.809998,218.854996,218.580002,218.645004,351423.000000,1786461360.0
1786461360.0,218.649994,218.669098,218.464996,218.580002,256052.000000,1786461420.0
1786461420.0,218.580002,218.679901,218.529999,218.619995,174925.000000,1786461480.0
1786461480.0,218.600006,218.779999,218.520004,218.607498,216792.000000,1786461540.0
1786461540.0,218.610001,218.909698,218.600006,218.815994,311067.000000,1786461600.0
1786461600.0,218.850006,219.059998,218.830002,218.920395,214746.000000,1786461660.0
1786461660.0,218.910004,219.009796,218.880005,218.937302,147612.000000,1786461720.0
1786461720.0,218.936295,219.009995,218.869995,218.895004,158426.000000,1786461780.0
1786461780.0,218.889999,218.947403,218.785004,218.899994,189167.000000,1786461840.0
1786461840.0,218.889999,218.929993,218.710007,218.889999,187320.000000,1786461900.0
1786461900.0,218.880005,219.070007,218.865005,219.058105,164300.000000,1786461960.0
1786461960.0,219.039993,219.320007,219.039993,219.279999,264821.000000,1786462020.0
1786462020.0,219.289993,219.330002,219.240005,219.244995,221090.000000,1786462080.0
1786462080.0,219.240005,219.244995,219.059998,219.120499,126744.000000,1786462140.0
1786462140.0,219.119995,219.199997,219.059998,219.080002,121122.000000,1786462200.0
1786462200.0,219.089996,219.329895,219.067596,219.289993,149119.000000,1786462260.0
1786462260.0,219.300003,219.380005,219.190002,219.270004,142354.000000,1786462320.0
1786462320.0,219.279999,219.379700,219.229996,219.300003,97128.000000,1786462380.0
1786462380.0,219.295105,219.369995,219.220001,219.220001,109899.000000,1786462440.0
1786462440.0,219.214996,219.317001,219.080002,219.172104,149679.000000,1786462500.0
1786462500.0,219.191498,219.210007,219.080002,219.130096,131243.000000,1786462560.0
1786462560.0,219.134995,219.160004,219.020096,219.050003,281720.000000,1786462620.0
1786462620.0,219.035004,219.089996,218.990005,219.080002,105836.000000,1786462680.0
1786462680.0,219.080002,219.119995,218.985001,219.020004,123325.000000,1786462740.0
1786462740.0,219.020004,219.174896,218.854996,218.889999,178702.000000,1786462800.0
1786462800.0,218.889999,219.000000,218.833206,218.914993,109975.000000,1786462860.0
1786462860.0,218.919998,218.949997,218.759995,218.833694,144928.000000,1786462920.0
1786462920.0,218.839996,218.850006,218.710007,218.815002,127762.000000,1786462980.0
1786462980.0,218.810104,219.009995,218.779999,218.889999,155049.000000,1786463040.0
1786463040.0,218.860107,218.889999,218.750000,218.820007,112657.000000,1786463100.0
1786463100.0,218.820007,218.820007,218.570007,218.600098,175993.000000,1786463160.0
1786463160.0,218.589996,218.641403,218.470993,218.479996,161504.000000,1786463220.0
1786463220.0,218.479996,218.600006,218.479996,218.580002,113225.000000,1786463280.0
1786463280.0,218.574997,218.604996,218.519699,218.529999,134236.000000,1786463340.0
1786463340.0,218.529999,218.574997,218.449997,218.479996,173507.000000,1786463400.0
1786463400.0,218.479996,218.679993,218.470001,218.625000,136735.000000,1786463460.0
1786463460.0,218.625000,218.699997,218.580002,218.639999,118944.000000,1786463520.0
1786463520.0,218.639999,218.649994,218.449997,218.470001,117431.000000,1786463580.0
1786463580.0,218.470001,218.579895,218.460098,218.520004,74282.000000,1786463640.0
1786463640.0,218.529907,218.559998,218.483200,218.490005,574226.000000,1786463700.0
1786463700.0,218.490005,218.570007,218.449997,218.460007,62870.000000,1786463760.0
1786463760.0,218.460007,218.649994,218.455002,218.571594,142975.000000,1786463820.0
1786463820.0,218.580002,218.580002,218.419998,218.440002,111520.000000,1786463880.0
1786463880.0,218.449997,218.589996,218.429993,218.574997,111155.000000,1786463940.0
1786463940.0,218.576904,218.649994,218.485001,218.529999,95952.000000,1786464000.0
1786464000.0,218.539993,218.579895,218.479996,218.479996,74526.000000,1786464060.0
1786464060.0,218.470001,218.549896,218.380005,218.419495,115529.000000,1786464120.0
1786464120.0,218.419907,218.451294,218.300003,218.390106,190405.000000,1786464180.0
1786464180.0,218.399902,218.470001,218.350006,218.399994,81444.000000,1786464240.0
1786464240.0,218.410004,218.460007,218.350006,218.399002,121886.000000,1786464300.0
1786464300.0,218.399902,218.524994,218.350006,218.524994,152826.000000,1786464360.0
1786464360.0,218.520004,218.529999,218.445007,218.460007,76761.000000,1786464420.0
1786464420.0,218.470001,218.529907,218.380493,218.389999,71859.000000,1786464480.0
1786464480.0,218.397995,218.485001,218.320007,218.389999,76470.000000,1786464540.0
1786464540.0,218.391693,218.391693,218.250000,218.351898,126864.000000,1786464600.0
1786464600.0,218.339996,218.414993,218.279999,218.410004,108951.000000,1786464660.0
1786464660.0,218.425003,218.445007,218.279999,218.320099,134943.000000,1786464720.0
1786464720.0,218.335007,218.445007,218.270004,218.310104,122922.000000,1786464780.0
1786464780.0,218.317505,218.360001,218.259995,218.339996,91694.000000,1786464840.0
1786464840.0,218.339996,218.582993,218.339996,218.449997,209532.000000,1786464900.0
1786464900.0,218.455002,218.580002,218.430099,218.565002,106777.000000,1786464960.0
1786464960.0,218.566803,218.630005,218.505005,218.585007,125865.000000,1786465020.0
1786465020.0,218.589996,218.610001,218.490005,218.509995,84783.000000,1786465080.0
1786465080.0,218.509995,218.539993,218.440002,218.539993,73129.000000,1786465140.0
1786465140.0,218.520004,218.570007,218.470001,218.479996,96191.000000,1786465200.0
1786465200.0,218.479996,218.529999,218.420105,218.434998,76203.000000,1786465260.0
1786465260.0,218.440002,218.490005,218.380005,218.479996,79427.000000,1786465320.0
1786465320.0,218.479996,218.580002,218.460007,218.579895,82021.000000,1786465380.0
1786465380.0,218.570007,218.600006,218.500000,218.539993,102802.000000,1786465440.0
1786465440.0,218.539993,218.539993,218.360001,218.414993,126373.000000,1786465500.0
1786465500.0,218.414993,218.414993,218.259995,218.389893,199340.000000,1786465560.0
1786465560.0,218.380005,218.505005,218.279999,218.475006,118504.000000,1786465620.0
1786465620.0,218.483597,218.600006,218.449997,218.595001,96002.000000,1786465680.0
1786465680.0,218.595001,218.610001,218.485397,218.550003,114688.000000,1786465740.0
1786465740.0,218.580002,218.750000,218.570007,218.669998,245612.000000,1786465800.0
1786465800.0,218.669998,218.970001,218.649994,218.920593,234947.000000,1786465860.0
1786465860.0,218.919998,218.960007,218.800003,218.830002,145935.000000,1786465920.0
1786465920.0,218.830002,218.889893,218.789993,218.845093,90229.000000,1786465980.0
1786465980.0,218.857498,218.919998,218.779999,218.804993,104065.000000,1786466040.0
1786466040.0,218.804993,218.959000,218.780106,218.854996,149377.000000,1786466100.0
1786466100.0,218.854996,219.088394,218.839996,219.029999,143309.000000,1786466160.0
1786466160.0,219.039993,219.139999,219.009995,219.029999,134548.000000,1786466220.0
1786466220.0,219.039993,219.264999,219.029999,219.157898,162933.000000,1786466280.0
1786466280.0,219.145004,219.190002,219.080002,219.184998,93887.000000,1786466340.0
1786466340.0,219.190002,219.269897,219.170105,219.241501,92593.000000,1786466400.0
1786466400.0,219.250000,219.250000,219.100006,219.184006,111641.000000,1786466460.0
1786466460.0,219.179993,219.247803,219.100006,219.100006,72832.000000,1786466520.0
1786466520.0,219.100006,219.134995,219.024994,219.029999,81779.000000,1786466580.0
1786466580.0,219.020096,219.087601,218.809998,218.865005,241423.000000,1786466640.0
1786466640.0,218.869995,218.879501,218.759995,218.830093,112212.000000,1786466700.0
1786466700.0,218.830200,218.897995,218.750000,218.759995,95546.000000,1786466760.0
1786466760.0,218.729996,218.740005,218.490005,218.554993,182996.000000,1786466820.0
1786466820.0,218.544998,218.589996,218.375000,218.440002,148604.000000,1786466880.0
1786466880.0,218.440002,218.440002,218.110001,218.184998,300020.000000,1786466940.0
1786466940.0,218.184998,218.229401,218.047501,218.089996,177237.000000,1786467000.0
1786467000.0,218.110001,218.210007,217.910004,217.919998,392632.000000,1786467060.0
1786467060.0,217.910004,218.110001,217.869995,218.080002,180701.000000,1786467120.0
1786467120.0,218.070007,218.104996,217.899994,217.919998,155336.000000,1786467180.0
1786467180.0,217.910004,217.983200,217.820007,217.835007,170412.000000,1786467240.0
1786467240.0,217.830002,217.899902,217.809998,217.860001,119532.000000,1786467300.0
1786467300.0,217.869995,217.869995,217.770004,217.789993,119299.000000,1786467360.0
1786467360.0,217.787903,217.834305,217.649994,217.737198,220109.000000,1786467420.0
1786467420.0,217.746796,217.809998,217.699997,217.800003,113814.000000,1786467480.0
1786467480.0,217.789993,217.869904,217.770004,217.839996,110642.000000,1786467540.0
1786467540.0,217.839996,217.880005,217.710999,217.716995,121111.000000,1786467600.0
1786467600.0,217.725006,217.820007,217.600006,217.649994,172707.000000,1786467660.0
1786467660.0,217.649994,217.770004,217.634995,217.639999,133321.000000,1786467720.0
1786467720.0,217.639999,217.684998,217.570099,217.610001,150137.000000,1786467780.0
1786467780.0,217.610001,217.679993,217.608398,217.660004,139679.000000,1786467840.0
1786467840.0,217.660004,217.699997,217.550003,217.554993,127730.000000,1786467900.0
1786467900.0,217.554993,217.759995,217.529999,217.664993,224885.000000,1786467960.0
1786467960.0,217.664993,217.750000,217.660004,217.699402,135504.000000,1786468020.0
1786468020.0,217.695007,217.789993,217.679993,217.720001,146476.000000,1786468080.0
1786468080.0,217.714996,217.759995,217.660004,217.720001,118834.000000,1786468140.0
1786468140.0,217.701706,217.719803,217.470001,217.479996,195250.000000,1786468200.0
1786468200.0,217.460007,217.500000,217.100006,217.139999,399567.000000,1786468260.0
1786468260.0,217.139999,217.159897,216.960007,217.050003,432873.000000,1786468320.0
1786468320.0,217.039993,217.050003,216.839996,216.860001,241175.000000,1786468380.0
1786468380.0,216.860001,216.889999,216.729996,216.789993,259647.000000,1786468440.0
1786468440.0,216.794998,216.979996,216.770004,216.779999,249574.000000,1786468500.0
1786468500.0,216.759995,216.960007,216.720001,216.929901,181849.000000,1786468560.0
1786468560.0,216.919998,217.009995,216.850006,216.853195,163373.000000,1786468620.0
1786468620.0,216.860001,217.029999,216.854996,217.024994,148687.000000,1786468680.0
1786468680.0,217.020004,217.070007,216.960007,217.000000,125130.000000,1786468740.0
1786468740.0,216.979996,217.139999,216.972000,217.100006,176806.000000,1786468800.0
1786468800.0,217.095001,217.169998,217.039993,217.039993,115532.000000,1786468860.0
1786468860.0,217.039001,217.389999,216.960007,217.354996,176038.000000,1786468920.0
1786468920.0,217.354996,217.389999,217.240005,217.300003,142264.000000,1786468980.0
1786468980.0,217.285004,217.554993,217.199997,217.250000,228494.000000,1786469040.0
1786469040.0,217.235001,217.309998,217.200104,217.279999,99352.000000,1786469100.0
1786469100.0,217.270004,217.410004,217.140106,217.160004,165421.000000,1786469160.0
1786469160.0,217.181000,217.269897,217.119995,217.259506,82661.000000,1786469220.0
1786469220.0,217.250000,217.350006,217.220001,217.259995,104257.000000,1786469280.0
1786469280.0,217.264999,217.389999,217.240005,217.320007,86320.000000,1786469340.0
1786469340.0,217.309998,217.350006,217.270004,217.285095,83532.000000,1786469400.0
1786469400.0,217.285004,217.360001,217.169998,217.199997,106209.000000,1786469460.0
1786469460.0,217.195007,217.250000,217.149994,217.160004,104764.000000,1786469520.0
1786469520.0,217.160004,217.164993,216.990005,217.000000,154746.000000,1786469580.0
1786469580.0,217.009995,217.095001,216.957504,216.962204,155859.000000,1786469640.0
1786469640.0,216.964996,217.220001,216.930099,217.220001,120415.000000,1786469700.0
1786469700.0,217.225006,217.455093,217.225006,217.330002,244366.000000,1786469760.0
1786469760.0,217.339996,217.389893,217.240005,217.324997,91243.000000,1786469820.0
1786469820.0,217.330002,217.335007,217.240005,217.250000,80502.000000,1786469880.0
1786469880.0,217.250000,217.300003,217.080002,217.080002,103133.000000,1786469940.0
1786469940.0,217.080002,217.189896,217.059998,217.189194,79358.000000,1786470000.0
1786470000.0,217.180099,217.299896,217.160004,217.229996,109816.000000,1786470060.0
1786470060.0,217.229996,217.386795,217.220001,217.386795,65057.000000,1786470120.0
1786470120.0,217.369995,217.515396,217.369995,217.469803,145915.000000,1786470180.0
1786470180.0,217.470001,217.550003,217.432404,217.509995,95530.000000,1786470240.0
1786470240.0,217.503204,217.550003,217.479996,217.550003,188403.000000,1786470300.0
1786470300.0,217.550003,217.580002,217.490097,217.574997,118564.000000,1786470360.0
1786470360.0,217.570007,217.610001,217.509995,217.552597,104712.000000,1786470420.0
1786470420.0,217.529999,217.610001,217.500000,217.585007,82969.000000,1786470480.0
1786470480.0,217.604996,217.789993,217.604996,217.740005,149357.000000,1786470540.0
1786470540.0,217.755005,217.820007,217.660004,217.710007,111472.000000,1786470600.0
1786470600.0,217.710007,217.803696,217.649994,217.699905,153517.000000,1786470660.0
1786470660.0,217.699997,217.749893,217.684998,217.740005,53221.000000,1786470720.0
1786470720.0,217.720001,217.729996,217.550003,217.699997,153405.000000,1786470780.0
1786470780.0,217.679993,217.720001,217.619995,217.695007,101778.000000,1786470840.0
1786470840.0,217.699997,217.764999,217.654999,217.764999,75166.000000,1786470900.0
1786470900.0,217.770004,217.839996,217.744995,217.820007,77542.000000,1786470960.0
1786470960.0,217.809998,217.816803,217.660004,217.660004,66509.000000,1786471020.0
1786471020.0,217.669998,217.779999,217.669998,217.720001,55085.000000,1786471080.0
1786471080.0,217.710007,217.770004,217.699997,217.764999,54228.000000,1786471140.0
1786471140.0,217.770004,217.770004,217.710007,217.740005,42861.000000,1786471200.0
1786471200.0,217.725006,217.770004,217.672104,217.719604,73353.000000,1786471260.0
1786471260.0,217.710007,217.750000,217.643005,217.654999,82496.000000,1786471320.0
1786471320.0,217.644302,217.669998,217.580002,217.649994,81895.000000,1786471380.0
1786471380.0,217.654999,217.684998,217.604996,217.679993,46692.000000,1786471440.0
1786471440.0,217.699997,217.719894,217.520004,217.539993,127850.000000,1786471500.0
1786471500.0,217.539993,217.580093,217.419998,217.490005,110720.000000,1786471560.0
1786471560.0,217.485001,217.499893,217.130005,217.145004,164469.000000,1786471620.0
1786471620.0,217.110001,217.240005,217.029999,217.214996,231991.000000,1786471680.0
1786471680.0,217.220001,217.249893,217.059998,217.110001,114810.000000,1786471740.0
1786471740.0,217.110001,217.220001,217.110001,217.144501,59567.000000,1786471800.0
1786471800.0,217.160004,217.169998,217.080002,217.130005,62663.000000,1786471860.0
1786471860.0,217.115005,217.179901,217.110001,217.168701,79846.000000,1786471920.0
1786471920.0,217.160095,217.193893,217.080002,217.110001,76481.000000,1786471980.0
1786471980.0,217.104996,217.189896,217.031403,217.080994,71541.000000,1786472040.0
1786472040.0,217.080002,217.160004,217.080002,217.137802,91705.000000,1786472100.0
1786472100.0,217.134995,217.134995,216.899994,216.912994,193915.000000,1786472160.0
1786472160.0,216.910995,216.940002,216.827499,216.850006,145566.000000,1786472220.0
1786472220.0,216.859894,216.880005,216.809998,216.830002,94708.000000,1786472280.0
1786472280.0,216.830002,217.039993,216.809998,216.985001,125484.000000,1786472340.0
1786472340.0,216.990005,217.039993,216.889999,216.929993,95598.000000,1786472400.0
1786472400.0,216.929993,216.990005,216.820007,216.899506,89204.000000,1786472460.0
1786472460.0,216.895096,216.919998,216.766998,216.899994,105675.000000,1786472520.0
1786472520.0,216.870102,217.000000,216.804993,216.919998,102055.000000,1786472580.0
1786472580.0,216.910004,216.910004,216.600006,216.653000,361882.000000,1786472640.0
1786472640.0,216.649994,216.850006,216.625000,216.770004,205461.000000,1786472700.0
1786472700.0,216.759995,216.793793,216.716995,216.777603,87238.000000,1786472760.0
1786472760.0,216.770004,216.830002,216.710007,216.759995,94062.000000,1786472820.0
1786472820.0,216.755005,216.820007,216.559998,216.589996,141891.000000,1786472880.0
1786472880.0,216.585007,216.625000,216.470001,216.533493,204115.000000,1786472940.0
1786472940.0,216.535004,216.559998,216.300003,216.470001,287259.000000,1786473000.0
1786473000.0,216.479996,216.690002,216.399994,216.661697,152053.000000,1786473060.0
1786473060.0,216.660004,216.839996,216.650406,216.769196,251574.000000,1786473120.0
1786473120.0,216.789993,216.830002,216.669998,216.809998,79296.000000,1786473180.0
1786473180.0,216.800003,216.839905,216.740005,216.764496,100105.000000,1786473240.0
1786473240.0,216.759995,216.849792,216.710007,216.743393,85034.000000,1786473300.0
1786473300.0,216.759903,216.770004,216.669998,216.690002,88875.000000,1786473360.0
1786473360.0,216.699997,216.820007,216.699997,216.789993,434977.000000,1786473420.0
1786473420.0,216.800003,216.927994,216.770004,216.789993,159801.000000,1786473480.0
1786473480.0,216.770004,216.830002,216.729996,216.820007,97658.000000,1786473540.0
1786473540.0,216.830002,216.854996,216.729996,216.800003,78096.000000,1786473600.0
1786473600.0,216.800003,216.800003,216.652206,216.652206,89976.000000,1786473660.0
1786473660.0,216.660004,216.740005,216.570007,216.600098,141309.000000,1786473720.0
1786473720.0,216.610001,216.714996,216.589996,216.714996,66160.000000,1786473780.0
1786473780.0,216.725006,216.725006,216.663498,216.699997,72074.000000,1786473840.0
1786473840.0,216.690002,216.789993,216.619995,216.632797,70589.000000,1786473900.0
1786473900.0,216.619995,216.761597,216.615005,216.695007,62035.000000,1786473960.0
1786473960.0,216.699997,216.779999,216.684998,216.770004,79792.000000,1786474020.0
1786474020.0,216.770004,216.960007,216.759995,216.930099,104461.000000,1786474080.0
1786474080.0,216.940002,217.160004,216.934998,217.110001,154157.000000,1786474140.0
1786474140.0,217.109802,217.259903,217.100006,217.229996,171894.000000,1786474200.0
1786474200.0,217.229996,217.300003,217.190201,217.220001,149573.000000,1786474260.0
1786474260.0,217.220001,217.229996,217.149994,217.190002,73370.000000,1786474320.0
1786474320.0,217.190002,217.279999,217.179993,217.255005,125263.000000,1786474380.0
1786474380.0,217.259995,217.329895,217.250000,217.274994,83350.000000,1786474440.0
1786474440.0,217.270004,217.315002,217.230103,217.246094,71401.000000,1786474500.0
1786474500.0,217.244995,217.300003,217.240005,217.289993,175399.000000,1786474560.0
1786474560.0,217.289993,217.300003,217.210007,217.264999,98255.000000,1786474620.0
1786474620.0,217.270004,217.354996,217.250000,217.328995,85541.000000,1786474680.0
1786474680.0,217.324997,217.324997,217.130005,217.190201,140489.000000,1786474740.0
1786474740.0,217.214996,217.250000,217.130005,217.157898,88203.000000,1786474800.0
1786474800.0,217.139999,217.220001,217.070099,217.179993,163003.000000,1786474860.0
1786474860.0,217.190094,217.360001,217.180298,217.289993,222329.000000,1786474920.0
1786474920.0,217.309998,217.470001,217.309998,217.360107,168638.000000,1786474980.0
1786474980.0,217.369995,217.490997,217.350006,217.470001,105017.000000,1786475040.0
1786475040.0,217.470001,217.470001,217.389999,217.440002,85065.000000,1786475100.0
1786475100.0,217.429993,217.449997,217.380005,217.429993,82591.000000,1786475160.0
1786475160.0,217.440002,217.470001,217.259995,217.309998,161520.000000,1786475220.0
1786475220.0,217.300201,217.319397,217.220001,217.289993,123816.000000,1786475280.0
1786475280.0,217.270096,217.369995,217.169998,217.240005,139089.000000,1786475340.0
1786475340.0,217.229996,217.350006,217.179993,217.320007,104892.000000,1786475400.0
1786475400.0,217.309998,217.410004,217.259995,217.345001,117347.000000,1786475460.0
1786475460.0,217.327103,217.419998,217.327103,217.335007,89429.000000,1786475520.0
1786475520.0,217.335007,217.399994,217.300095,217.300095,75042.000000,1786475580.0
1786475580.0,217.300293,217.452499,217.300003,217.451202,138127.000000,1786475640.0
1786475640.0,217.455002,217.500000,217.419998,217.440094,98938.000000,1786475700.0
1786475700.0,217.455002,217.500000,217.429993,217.489899,117994.000000,1786475760.0
1786475760.0,217.470001,217.554993,217.419998,217.490005,115464.000000,1786475820.0
1786475820.0,217.479996,217.529999,217.429993,217.479996,91123.000000,1786475880.0
1786475880.0,217.485001,217.630005,217.485001,217.619995,157467.000000,1786475940.0
1786475940.0,217.610001,217.664993,217.539993,217.639999,109946.000000,1786476000.0
1786476000.0,217.664993,217.740005,217.544998,217.720001,131210.000000,1786476060.0
1786476060.0,217.729996,217.850006,217.729996,217.815002,164052.000000,1786476120.0
1786476120.0,217.815094,217.860001,217.770004,217.850006,224996.000000,1786476180.0
1786476180.0,217.850006,217.970001,217.830002,217.910004,224876.000000,1786476240.0
1786476240.0,217.904999,217.955002,217.839996,217.850006,162264.000000,1786476300.0
1786476300.0,217.865005,217.959000,217.789993,217.880005,132776.000000,1786476360.0
1786476360.0,217.880005,217.919998,217.820099,217.919998,85292.000000,1786476420.0
1786476420.0,217.914993,217.930099,217.839996,217.930099,124001.000000,1786476480.0
1786476480.0,217.929993,217.964996,217.860001,217.945007,108034.000000,1786476540.0
1786476540.0,217.945007,217.955002,217.830093,217.854996,112503.000000,1786476600.0
1786476600.0,217.860001,218.020004,217.800003,217.925003,281361.000000,1786476660.0
1786476660.0,217.910004,217.955002,217.800003,217.830002,132398.000000,1786476720.0
1786476720.0,217.830002,217.895004,217.800003,217.835007,109586.000000,1786476780.0
1786476780.0,217.824997,217.875000,217.770096,217.838501,104298.000000,1786476840.0
1786476840.0,217.830002,218.035004,217.830002,218.029999,234840.000000,1786476900.0
1786476900.0,218.035004,218.035004,217.929993,217.970001,201748.000000,1786476960.0
1786476960.0,217.969696,218.100006,217.889999,218.089996,124272.000000,1786477020.0
1786477020.0,218.099899,218.179993,218.070007,218.095001,181741.000000,1786477080.0
1786477080.0,218.095001,218.154999,218.059998,218.149902,122830.000000,1786477140.0
1786477140.0,218.149994,218.160004,218.100006,218.160004,112409.000000,1786477200.0
1786477200.0,218.154999,218.169998,218.000000,218.095001,162179.000000,1786477260.0
1786477260.0,218.089996,218.119995,217.970001,218.005005,124313.000000,1786477320.0
1786477320.0,218.009201,218.042999,217.942093,217.949997,131215.000000,1786477380.0
1786477380.0,217.940002,217.979004,217.891998,217.940002,174295.000000,1786477440.0
1786477440.0,217.929993,217.939697,217.710007,217.746002,183643.000000,1786477500.0
1786477500.0,217.740005,217.744995,217.520004,217.565002,202590.000000,1786477560.0
1786477560.0,217.570007,217.610001,217.389999,217.419998,211180.000000,1786477620.0
1786477620.0,217.414993,217.460007,217.289993,217.419998,269275.000000,1786477680.0
1786477680.0,217.440002,217.440002,217.259995,217.279999,168853.000000,1786477740.0
1786477740.0,217.279999,217.289993,217.059998,217.089996,270047.000000,1786477800.0
1786477800.0,217.100006,217.330002,216.892807,217.274994,533820.000000,1786477860.0
1786477860.0,217.274994,217.479996,217.100006,217.380005,537277.000000,1786477920.0
1786477920.0,217.369995,217.373703,217.070007,217.070007,284951.000000,1786477980.0
1786477980.0,217.070007,217.339996,217.000000,217.285004,390417.000000,1786478040.0
1786478040.0,217.289993,217.770004,217.059998,217.710007,788879.000000,1786478100.0
1786478100.0,217.729996,218.160004,217.729996,217.816101,786766.000000,1786478160.0
1786478160.0,217.815002,217.899994,217.729996,217.865005,590465.000000,1786478220.0
1786478220.0,217.869904,217.880005,217.524994,217.574997,693539.000000,1786478280.0
1786478280.0,217.580002,217.639999,217.479996,217.630005,831579.000000,1786478340.0
1786478340.0,217.634995,217.710007,217.199997,217.479996,2127574.000000,1786478400.0
1786541400.0,221.039993,221.669998,220.199997,221.589996,5507897.000000,1786541460.0
1786541460.0,221.589996,222.419907,221.289993,222.419907,1225980.000000,1786541520.0
1786541520.0,222.369995,222.449997,221.529999,221.579895,871597.000000,1786541580.0
1786541580.0,221.554993,221.960007,221.330002,221.755005,609681.000000,1786541640.0
1786541640.0,221.770004,222.149994,221.649994,221.725006,652791.000000,1786541700.0
1786541700.0,221.720001,221.979996,221.429993,221.585007,487350.000000,1786541760.0
1786541760.0,221.600006,222.139999,221.580002,221.919998,651489.000000,1786541820.0
1786541820.0,221.899994,222.250000,221.750000,221.979996,575103.000000,1786541880.0
1786541880.0,221.960007,222.070007,221.395004,221.634995,436755.000000,1786541940.0
1786541940.0,221.610001,221.634995,220.860001,220.913498,455335.000000,1786542000.0
1786542000.0,220.909393,221.381805,220.429993,221.140793,495190.000000,1786542060.0
1786542060.0,221.139999,221.599899,221.080002,221.179993,432166.000000,1786542120.0
1786542120.0,221.190002,221.309998,220.889999,221.009201,330474.000000,1786542180.0
1786542180.0,220.979996,220.990005,220.300003,220.619995,330082.000000,1786542240.0
1786542240.0,220.646698,221.324600,220.600098,221.324600,307436.000000,1786542300.0
1786542300.0,221.320007,221.830002,221.199997,221.770096,492472.000000,1786542360.0
1786542360.0,221.781998,222.300003,221.729996,222.287994,634165.000000,1786542420.0
1786542420.0,222.299896,222.429993,221.920105,222.289993,570689.000000,1786542480.0
1786542480.0,222.279999,222.990005,222.270004,222.970001,955871.000000,1786542540.0
1786542540.0,222.970001,223.229996,222.880005,223.080002,852885.000000,1786542600.0
1786542600.0,223.080002,223.139999,222.764999,223.070007,466327.000000,1786542660.0
1786542660.0,223.070007,223.289993,222.949997,223.195007,490302.000000,1786542720.0
1786542720.0,223.195007,223.460007,222.979996,223.300003,559240.000000,1786542780.0
1786542780.0,223.289993,223.350006,222.764999,222.820007,444438.000000,1786542840.0
1786542840.0,222.821899,222.929993,222.470001,222.520004,380331.000000,1786542900.0
1786542900.0,222.520004,222.600006,222.419998,222.490097,328132.000000,1786542960.0
1786542960.0,222.529999,222.770004,222.430099,222.610001,328237.000000,1786543020.0
1786543020.0,222.600006,222.990005,222.509995,222.977798,342549.000000,1786543080.0
1786543080.0,222.970001,223.656799,222.970001,223.656799,819774.000000,1786543140.0
1786543140.0,223.660004,223.830002,223.559998,223.634995,620157.000000,1786543200.0
1786543200.0,223.634995,223.919998,223.020004,223.919998,643489.000000,1786543260.0
1786543260.0,223.914993,224.050003,223.570007,223.589996,802882.000000,1786543320.0
1786543320.0,223.580002,223.580002,223.149994,223.279999,410930.000000,1786543380.0
1786543380.0,223.285004,223.404999,223.128403,223.365005,378087.000000,1786543440.0
1786543440.0,223.369995,223.380005,222.800507,222.800507,512652.000000,1786543500.0
1786543500.0,222.800003,223.020004,222.699997,222.740005,380434.000000,1786543560.0
1786543560.0,222.720001,222.990005,222.630005,222.964996,266788.000000,1786543620.0
1786543620.0,222.964996,222.970001,222.770004,222.789993,186006.000000,1786543680.0
1786543680.0,222.803802,223.167999,222.690002,223.139999,257033.000000,1786543740.0
1786543740.0,223.115005,223.199997,222.900101,222.994995,266787.000000,1786543800.0
1786543800.0,222.975006,223.033798,222.699997,223.014694,414751.000000,1786543860.0
1786543860.0,223.050003,223.164993,223.000000,223.059998,353978.000000,1786543920.0
1786543920.0,223.058594,223.089996,222.574493,222.604996,302798.000000,1786543980.0
1786543980.0,222.589996,223.080002,222.419998,223.079895,370733.000000,1786544040.0
1786544040.0,223.072906,223.429993,223.065002,223.110001,407810.000000,1786544100.0
1786544100.0,223.110001,223.309998,223.080002,223.250000,275707.000000,1786544160.0
1786544160.0,223.219193,223.389999,223.160004,223.173904,222848.000000,1786544220.0
1786544220.0,223.169998,223.380005,223.080002,223.250000,196634.000000,1786544280.0
1786544280.0,223.285004,223.439697,223.190002,223.429901,163749.000000,1786544340.0
1786544340.0,223.417999,223.759995,223.250000,223.270004,371826.000000,1786544400.0
1786544400.0,223.250000,223.460007,223.020004,223.399994,271548.000000,1786544460.0
1786544460.0,223.404999,223.580002,223.240005,223.500000,259612.000000,1786544520.0
1786544520.0,223.500000,223.800003,223.460007,223.614700,283486.000000,1786544580.0
1786544580.0,223.604996,223.669998,223.473404,223.485001,311081.000000,1786544640.0
1786544640.0,223.486801,223.649994,223.455002,223.647797,254660.000000,1786544700.0
1786544700.0,223.642807,223.940002,223.560104,223.925003,380073.000000,1786544760.0
1786544760.0,223.940002,224.149994,223.880005,224.089996,543690.000000,1786544820.0
1786544820.0,224.099899,224.720001,224.099899,224.660004,745098.000000,1786544880.0
1786544880.0,224.690002,224.729996,224.460098,224.550095,454622.000000,1786544940.0
1786544940.0,224.559998,224.559998,224.320007,224.476593,340246.000000,1786545000.0
1786545000.0,224.449997,224.479996,224.080002,224.324997,327489.000000,1786545060.0
1786545060.0,224.320007,224.380005,223.675003,223.979996,597208.000000,1786545120.0
1786545120.0,223.970001,224.080002,223.810104,223.940094,226359.000000,1786545180.0
1786545180.0,223.947495,224.349594,223.929993,224.185699,238584.000000,1786545240.0
1786545240.0,224.183197,224.229996,223.830002,223.994995,224404.000000,1786545300.0
1786545300.0,224.009995,224.139999,223.830093,223.990005,208625.000000,1786545360.0
1786545360.0,224.000000,224.210007,224.000000,224.179993,187020.000000,1786545420.0
1786545420.0,224.179993,224.399994,224.139999,224.395004,234899.000000,1786545480.0
1786545480.0,224.384995,224.755005,224.369995,224.625000,434093.000000,1786545540.0
1786545540.0,224.619995,224.679993,224.466599,224.639999,220980.000000,1786545600.0
1786545600.0,224.639999,224.779999,224.539993,224.770004,278760.000000,1786545660.0
1786545660.0,224.759995,224.817795,224.639999,224.730103,358702.000000,1786545720.0
1786545720.0,224.740005,224.804993,224.539993,224.554993,280143.000000,1786545780.0
1786545780.0,224.570007,224.707993,224.520004,224.667999,192439.000000,1786545840.0
1786545840.0,224.660004,224.820007,224.600006,224.809998,284091.000000,1786545900.0
1786545900.0,224.809998,224.979996,224.774994,224.960007,511944.000000,1786545960.0
1786545960.0,224.949997,224.990005,224.570007,224.589096,570990.000000,1786546020.0
1786546020.0,224.589996,224.839996,224.560104,224.779800,303997.000000,1786546080.0
1786546080.0,224.770004,225.100006,224.630005,224.824997,1764405.000000,1786546140.0
1786546140.0,224.824997,224.824997,224.389999,224.470001,304422.000000,1786546200.0
1786546200.0,224.462997,224.529999,224.289993,224.446899,246717.000000,1786546260.0
1786546260.0,224.449295,224.470001,224.104996,224.169998,266018.000000,1786546320.0
1786546320.0,224.175095,224.529999,224.160004,224.524994,280474.000000,1786546380.0
1786546380.0,224.524994,224.529999,224.190002,224.390106,277983.000000,1786546440.0
1786546440.0,224.410004,224.429993,223.809998,223.932007,545991.000000,1786546500.0
1786546500.0,223.940002,224.065002,223.649994,223.720795,332636.000000,1786546560.0
1786546560.0,223.740005,223.949997,223.729996,223.889999,208047.000000,1786546620.0
1786546620.0,223.919998,223.949997,223.789993,223.895004,172079.000000,1786546680.0
1786546680.0,223.880005,224.000000,223.770004,223.797897,203028.000000,1786546740.0
1786546740.0,223.800003,223.809998,223.669998,223.744995,201156.000000,1786546800.0
1786546800.0,223.744995,224.309998,223.729996,224.309998,369038.000000,1786546860.0
1786546860.0,224.324997,224.509995,224.089996,224.479996,294526.000000,1786546920.0
1786546920.0,224.464996,224.509995,224.119995,224.289993,235097.000000,1786546980.0
1786546980.0,224.289398,224.360001,224.059998,224.070007,151812.000000,1786547040.0
1786547040.0,224.070007,224.190002,224.029999,224.190002,113698.000000,1786547100.0
1786547100.0,224.175003,224.199997,224.050003,224.070007,123271.000000,1786547160.0
1786547160.0,224.080002,224.179901,223.930099,224.070007,189626.000000,1786547220.0
1786547220.0,224.070007,224.080002,223.820007,223.990005,224661.000000,1786547280.0
1786547280.0,223.998505,223.998505,223.789993,223.927505,201902.000000,1786547340.0
1786547340.0,223.925003,223.939896,223.589996,223.669998,222832.000000,1786547400.0
1786547400.0,223.675003,223.729996,223.380005,223.419998,232664.000000,1786547460.0
1786547460.0,223.429993,223.559998,223.400101,223.500000,161612.000000,1786547520.0
1786547520.0,223.505096,223.660004,223.470001,223.639999,150176.000000,1786547580.0
1786547580.0,223.639999,223.667999,223.470001,223.570007,183437.000000,1786547640.0
1786547640.0,223.559998,223.559998,223.370499,223.419998,157277.000000,1786547700.0
1786547700.0,223.410004,223.807907,223.350006,223.715805,273674.000000,1786547760.0
1786547760.0,223.735901,223.929901,223.700806,223.845001,187896.000000,1786547820.0
1786547820.0,223.845001,223.880905,223.690002,223.759995,135599.000000,1786547880.0
1786547880.0,223.770004,223.800003,223.649994,223.679993,165754.000000,1786547940.0
1786547940.0,223.660004,223.800003,223.586197,223.759995,103403.000000,1786548000.0
1786548000.0,223.750107,223.860001,223.740005,223.794998,139757.000000,1786548060.0
1786548060.0,223.794998,224.000000,223.785004,223.979996,192649.000000,1786548120.0
1786548120.0,223.979996,223.979996,223.809998,223.889999,130887.000000,1786548180.0
1786548180.0,223.889999,223.889999,223.802200,223.841293,93848.000000,1786548240.0
1786548240.0,223.850006,223.850006,223.720001,223.800003,129873.000000,1786548300.0
1786548300.0,223.804993,223.805496,223.710999,223.720001,135872.000000,1786548360.0
1786548360.0,223.720001,223.829498,223.699997,223.763504,179588.000000,1786548420.0
1786548420.0,223.776794,223.849701,223.597000,223.660004,193751.000000,1786548480.0
1786548480.0,223.649994,223.740005,223.470001,223.725006,191157.000000,1786548540.0
1786548540.0,223.770004,223.850006,223.699997,223.839905,160924.000000,1786548600.0
1786548600.0,223.850006,223.940002,223.729996,223.820007,141694.000000,1786548660.0
1786548660.0,223.830002,223.853699,223.660004,223.675003,116210.000000,1786548720.0
1786548720.0,223.690002,223.799896,223.550003,223.610199,90820.000000,1786548780.0
1786548780.0,223.619995,223.679993,223.434998,223.440002,120019.000000,1786548840.0
1786548840.0,223.445007,223.509995,223.370102,223.475006,177468.000000,1786548900.0
1786548900.0,223.470001,223.615005,223.380005,223.389999,169428.000000,1786548960.0
1786548960.0,223.369995,223.559906,223.320007,223.559906,170080.000000,1786549020.0
1786549020.0,223.539993,223.549896,223.339996,223.380096,130689.000000,1786549080.0
1786549080.0,223.369995,223.409897,223.276901,223.345001,158086.000000,1786549140.0
1786549140.0,223.350006,223.389999,223.270004,223.285004,150750.000000,1786549200.0
1786549200.0,223.270004,223.389999,223.160004,223.279999,241537.000000,1786549260.0
1786549260.0,223.279999,223.490005,223.240005,223.490005,185154.000000,1786549320.0
1786549320.0,223.490005,223.529999,223.270004,223.328003,109527.000000,1786549380.0
1786549380.0,223.349899,223.360001,223.139999,223.190002,127058.000000,1786549440.0
1786549440.0,223.179993,223.389999,223.149994,223.169998,216843.000000,1786549500.0
1786549500.0,223.164993,223.242401,222.919998,223.059998,307461.000000,1786549560.0
1786549560.0,223.050003,223.070007,222.890106,222.964996,170560.000000,1786549620.0
1786549620.0,222.949997,223.229904,222.899994,223.229904,227703.000000,1786549680.0
1786549680.0,223.225006,223.229996,223.110001,223.220001,147955.000000,1786549740.0
1786549740.0,223.210693,223.449997,223.190201,223.449905,209444.000000,1786549800.0
1786549800.0,223.440002,223.610001,223.080002,223.110001,236432.000000,1786549860.0
1786549860.0,223.119995,223.279999,223.115005,223.244995,132705.000000,1786549920.0
1786549920.0,223.250000,223.389999,223.250000,223.387497,139212.000000,1786549980.0
1786549980.0,223.380005,223.391800,223.309998,223.380005,97839.000000,1786550040.0
1786550040.0,223.369995,223.419998,223.190002,223.230103,235234.000000,1786550100.0
1786550100.0,223.210007,223.210007,223.020004,223.070007,154198.000000,1786550160.0
1786550160.0,223.080002,223.100006,222.940002,223.009995,188768.000000,1786550220.0
1786550220.0,223.029999,223.065002,222.919998,222.919998,135799.000000,1786550280.0
1786550280.0,222.912003,223.000000,222.910004,222.970001,140346.000000,1786550340.0
1786550340.0,222.970001,223.039993,222.949997,223.020004,140513.000000,1786550400.0
1786550400.0,223.024994,223.100006,222.990005,223.089996,160114.000000,1786550460.0
1786550460.0,223.104797,223.320007,223.100006,223.190903,208111.000000,1786550520.0
1786550520.0,223.190002,223.199905,223.080200,223.149994,128628.000000,1786550580.0
1786550580.0,223.149307,223.190002,223.070007,223.125000,156040.000000,1786550640.0
1786550640.0,223.125000,223.257507,223.070007,223.214996,209261.000000,1786550700.0
1786550700.0,223.210007,223.539993,223.160004,223.335007,314310.000000,1786550760.0
1786550760.0,223.320007,223.320007,223.190002,223.195007,137503.000000,1786550820.0
1786550820.0,223.190002,223.500000,223.179993,223.449997,146111.000000,1786550880.0
1786550880.0,223.449997,223.548996,223.370102,223.445007,168388.000000,1786550940.0
1786550940.0,223.434998,223.479996,223.320099,223.450104,126811.000000,1786551000.0
1786551000.0,223.449997,223.669998,223.449997,223.630005,180912.000000,1786551060.0
1786551060.0,223.630005,223.820007,223.539993,223.809998,242345.000000,1786551120.0
1786551120.0,223.820007,223.850006,223.669998,223.735001,203750.000000,1786551180.0
1786551180.0,223.735001,223.830002,223.639999,223.660004,177670.000000,1786551240.0
1786551240.0,223.660004,223.729996,223.589996,223.600098,110500.000000,1786551300.0
1786551300.0,223.619995,223.710007,223.500000,223.510101,145799.000000,1786551360.0
1786551360.0,223.529999,223.535004,223.330002,223.389999,161042.000000,1786551420.0
1786551420.0,223.388000,223.419998,223.270004,223.384995,100848.000000,1786551480.0
1786551480.0,223.384995,223.539993,223.310104,223.445007,192195.000000,1786551540.0
1786551540.0,223.429993,223.488007,223.360001,223.375000,118048.000000,1786551600.0
1786551600.0,223.370102,223.399994,223.240005,223.250000,89643.000000,1786551660.0
1786551660.0,223.230103,223.380005,223.190002,223.369995,148698.000000,1786551720.0
1786551720.0,223.369995,223.490005,223.360001,223.384995,120639.000000,1786551780.0
1786551780.0,223.404999,223.460007,223.344604,223.410004,91880.000000,1786551840.0
1786551840.0,223.399994,223.449997,223.369995,223.440002,79575.000000,1786551900.0
1786551900.0,223.429993,223.580002,223.351898,223.544998,155712.000000,1786551960.0
1786551960.0,223.539993,223.539993,223.410004,223.419998,104009.000000,1786552020.0
1786552020.0,223.410004,223.410004,223.190002,223.246994,124706.000000,1786552080.0
1786552080.0,223.229996,223.320007,223.229996,223.264999,60694.000000,1786552140.0
1786552140.0,223.264999,223.270004,223.190002,223.220001,107682.000000,1786552200.0
1786552200.0,223.220795,223.279999,223.160004,223.199997,100234.000000,1786552260.0
1786552260.0,223.190506,223.199997,222.960007,222.964996,169326.000000,1786552320.0
1786552320.0,222.964996,223.183899,222.949997,223.099899,164632.000000,1786552380.0
1786552380.0,223.089996,223.089996,222.955002,222.985001,86873.000000,1786552440.0
1786552440.0,222.985001,222.999893,222.789993,222.809998,196015.000000,1786552500.0
1786552500.0,222.809998,222.979904,222.789993,222.859894,166540.000000,1786552560.0
1786552560.0,222.850006,222.880005,222.670105,222.720001,165152.000000,1786552620.0
1786552620.0,222.729996,222.839996,222.729996,222.830002,106355.000000,1786552680.0
1786552680.0,222.835007,222.970001,222.820007,222.940002,144703.000000,1786552740.0
1786552740.0,222.949997,223.160004,222.949997,223.149994,148338.000000,1786552800.0
1786552800.0,223.150299,223.179993,222.950104,223.059998,158154.000000,1786552860.0
1786552860.0,223.050003,223.149994,223.029999,223.095001,155324.000000,1786552920.0
1786552920.0,223.089996,223.229996,223.070206,223.115005,193605.000000,1786552980.0
1786552980.0,223.115005,223.119995,222.929993,222.949997,140543.000000,1786553040.0
1786553040.0,222.940002,223.000000,222.880005,222.899994,149294.000000,1786553100.0
1786553100.0,222.914993,222.929993,222.865005,222.889999,140209.000000,1786553160.0
1786553160.0,222.895004,223.050003,222.860001,223.024994,134144.000000,1786553220.0
1786553220.0,223.020203,223.100006,222.975006,223.039993,146885.000000,1786553280.0
1786553280.0,223.039993,223.089996,223.000000,223.050003,73539.000000,1786553340.0
1786553340.0,223.059998,223.220001,223.050003,223.184998,144340.000000,1786553400.0
1786553400.0,223.184998,223.440002,223.184998,223.410004,153738.000000,1786553460.0
1786553460.0,223.425003,223.625000,223.419998,223.600006,188073.000000,1786553520.0
1786553520.0,223.607101,223.839996,223.559998,223.819901,219597.000000,1786553580.0
1786553580.0,223.809998,223.826004,223.699997,223.759995,127316.000000,1786553640.0
1786553640.0,223.755005,223.960007,223.750000,223.875000,208321.000000,1786553700.0
1786553700.0,223.877304,223.940002,223.800003,223.869995,153165.000000,1786553760.0
1786553760.0,223.869995,223.949997,223.869995,223.914993,108582.000000,1786553820.0
1786553820.0,223.929993,223.975998,223.880005,223.910004,127933.000000,1786553880.0
1786553880.0,223.910004,223.940002,223.669998,223.740005,166106.000000,1786553940.0
1786553940.0,223.720001,223.809998,223.710007,223.800003,116165.000000,1786554000.0
1786554000.0,223.800003,224.050003,223.789993,223.960007,292023.000000,1786554060.0
1786554060.0,223.975006,224.020004,223.949997,223.985001,179245.000000,1786554120.0
1786554120.0,223.985001,224.080002,223.931595,223.949997,185702.000000,1786554180.0
1786554180.0,223.949997,223.979996,223.880096,223.940002,116634.000000,1786554240.0
1786554240.0,223.940002,224.289993,223.930099,224.175003,278686.000000,1786554300.0
1786554300.0,224.179993,224.199997,224.080093,224.139999,95292.000000,1786554360.0
1786554360.0,224.145004,224.179993,223.949997,223.960007,113130.000000,1786554420.0
1786554420.0,223.960007,224.029694,223.949997,224.029694,75687.000000,1786554480.0
1786554480.0,224.000000,224.097794,223.990005,224.009995,84822.000000,1786554540.0
1786554540.0,224.000000,224.040100,223.895004,223.919998,138379.000000,1786554600.0
1786554600.0,223.910004,224.100006,223.899994,224.065002,139744.000000,1786554660.0
1786554660.0,224.076508,224.110001,223.899994,223.929993,98152.000000,1786554720.0
1786554720.0,223.940002,224.005005,223.940002,223.990005,74776.000000,1786554780.0
1786554780.0,223.990005,224.070007,223.970001,224.070007,86938.000000,1786554840.0
1786554840.0,224.070007,224.130005,224.009995,224.120102,105886.000000,1786554900.0
1786554900.0,224.129700,224.130005,223.960007,224.007996,102561.000000,1786554960.0
1786554960.0,223.990005,224.020004,223.820007,223.835007,158330.000000,1786555020.0
1786555020.0,223.820007,223.919098,223.740005,223.756897,157005.000000,1786555080.0
1786555080.0,223.741302,223.830002,223.669998,223.710007,145722.000000,1786555140.0
1786555140.0,223.740005,223.820007,223.679993,223.820007,96991.000000,1786555200.0
1786555200.0,223.824997,223.970001,223.810104,223.960007,115603.000000,1786555260.0
1786555260.0,223.949997,224.020004,223.899994,223.979996,107941.000000,1786555320.0
1786555320.0,223.979996,223.993698,223.899994,223.929993,74373.000000,1786555380.0
1786555380.0,223.919998,223.970001,223.870804,223.889999,102884.000000,1786555440.0
1786555440.0,223.895004,223.978699,223.860001,223.970001,66604.000000,1786555500.0
1786555500.0,223.971603,224.099899,223.919998,224.095001,132747.000000,1786555560.0
1786555560.0,224.094193,224.192505,224.085007,224.192505,124065.000000,1786555620.0
1786555620.0,224.191803,224.229996,224.125000,224.154999,127640.000000,1786555680.0
1786555680.0,224.149994,224.169998,224.089996,224.145004,76043.000000,1786555740.0
1786555740.0,224.134995,224.159195,224.000000,224.100098,112454.000000,1786555800.0
1786555800.0,224.090500,224.110001,224.020004,224.050003,102337.000000,1786555860.0
1786555860.0,224.044998,224.139999,223.960007,223.970093,130894.000000,1786555920.0
1786555920.0,223.960007,224.100006,223.960007,224.074997,96604.000000,1786555980.0
1786555980.0,224.070007,224.119995,224.009995,224.014999,115226.000000,1786556040.0
1786556040.0,224.020004,224.100006,224.000000,224.059998,83784.000000,1786556100.0
1786556100.0,224.050003,224.122299,223.984497,224.000000,113931.000000,1786556160.0
1786556160.0,224.009995,224.029907,223.960007,224.018997,102187.000000,1786556220.0
1786556220.0,224.014999,224.110001,224.009995,224.089996,125778.000000,1786556280.0
1786556280.0,224.085007,224.100006,224.050095,224.080002,121746.000000,1786556340.0
1786556340.0,224.079895,224.079895,223.960007,223.994995,97893.000000,1786556400.0
1786556400.0,223.990005,224.039993,223.860001,223.975006,152341.000000,1786556460.0
1786556460.0,223.970001,224.070007,223.860001,223.907501,145634.000000,1786556520.0
1786556520.0,223.904999,224.059998,223.904999,223.994995,104461.000000,1786556580.0
1786556580.0,224.000000,224.089996,223.970001,224.089996,71674.000000,1786556640.0
1786556640.0,224.080002,224.119995,224.029999,224.090103,107080.000000,1786556700.0
1786556700.0,224.085007,224.104996,224.050003,224.080002,79234.000000,1786556760.0
1786556760.0,224.085007,224.179993,224.080002,224.149994,136942.000000,1786556820.0
1786556820.0,224.160004,224.220001,224.119995,224.134995,134465.000000,1786556880.0
1786556880.0,224.134995,224.144302,223.949997,223.960007,153974.000000,1786556940.0
1786556940.0,223.960007,224.009201,223.740005,223.755005,186683.000000,1786557000.0
1786557000.0,223.740005,223.779999,223.589996,223.760498,193706.000000,1786557060.0
1786557060.0,223.759995,223.880005,223.750000,223.770004,150288.000000,1786557120.0
1786557120.0,223.770004,223.860001,223.759995,223.830002,107633.000000,1786557180.0
1786557180.0,223.830002,223.839996,223.725006,223.725006,107521.000000,1786557240.0
1786557240.0,223.705002,223.721298,223.539993,223.600006,132529.000000,1786557300.0
1786557300.0,223.600006,223.630005,223.510101,223.539993,120565.000000,1786557360.0
1786557360.0,223.534698,223.755005,223.534698,223.691803,146372.000000,1786557420.0
1786557420.0,223.690002,223.809998,223.660004,223.804993,100831.000000,1786557480.0
1786557480.0,223.804993,223.824997,223.600006,223.710007,138740.000000,1786557540.0
1786557540.0,223.699997,223.710007,223.645004,223.654999,85994.000000,1786557600.0
1786557600.0,223.639999,223.684998,223.556900,223.580002,137332.000000,1786557660.0
1786557660.0,223.580002,223.609894,223.509995,223.544998,107813.000000,1786557720.0
1786557720.0,223.544998,223.559998,223.309998,223.330002,171755.000000,1786557780.0
1786557780.0,223.339996,223.410004,223.169998,223.269897,183672.000000,1786557840.0
1786557840.0,223.264999,223.420898,223.250000,223.414993,111690.000000,1786557900.0
1786557900.0,223.410294,223.520004,223.384399,223.460007,125839.000000,1786557960.0
1786557960.0,223.470001,223.479996,223.369995,223.414993,131930.000000,1786558020.0
1786558020.0,223.410004,223.470001,223.389999,223.419495,101721.000000,1786558080.0
1786558080.0,223.419495,223.490005,223.399994,223.475006,70594.000000,1786558140.0
1786558140.0,223.479996,223.589996,223.449997,223.570007,105343.000000,1786558200.0
1786558200.0,223.574997,223.689499,223.559998,223.689499,118002.000000,1786558260.0
1786558260.0,223.684998,223.869995,223.660004,223.869995,156791.000000,1786558320.0
1786558320.0,223.860107,223.940002,223.839996,223.850006,151072.000000,1786558380.0
1786558380.0,223.850006,223.899994,223.830002,223.899994,83147.000000,1786558440.0
1786558440.0,223.895004,223.979996,223.850006,223.970001,109225.000000,1786558500.0
1786558500.0,223.960007,223.967300,223.869995,223.889999,103008.000000,1786558560.0
1786558560.0,223.895401,223.910004,223.820007,223.899994,122338.000000,1786558620.0
1786558620.0,223.910004,223.939697,223.740005,223.771698,141726.000000,1786558680.0
1786558680.0,223.740005,223.800003,223.714996,223.785004,88891.000000,1786558740.0
1786558740.0,223.785004,223.800003,223.729996,223.755096,99892.000000,1786558800.0
1786558800.0,223.750000,223.809998,223.690002,223.714996,108077.000000,1786558860.0
1786558860.0,223.714996,223.830002,223.699997,223.794998,98557.000000,1786558920.0
1786558920.0,223.799698,223.839996,223.739105,223.830002,70400.000000,1786558980.0
1786558980.0,223.839996,223.929993,223.815002,223.929993,70558.000000,1786559040.0
1786559040.0,223.913193,224.000000,223.910004,223.964996,174832.000000,1786559100.0
1786559100.0,223.960999,224.160004,223.960999,224.139999,168336.000000,1786559160.0
1786559160.0,224.139999,224.184998,224.095001,224.160004,117149.000000,1786559220.0
1786559220.0,224.160004,224.190002,224.050003,224.100006,124524.000000,1786559280.0
1786559280.0,224.104996,224.199997,224.080002,224.149994,140886.000000,1786559340.0
1786559340.0,224.160095,224.190002,224.073105,224.119995,76993.000000,1786559400.0
1786559400.0,224.119995,224.240005,224.089996,224.220001,118825.000000,1786559460.0
1786559460.0,224.225006,224.330002,224.190002,224.324997,144944.000000,1786559520.0
1786559520.0,224.322693,224.369995,224.309998,224.362305,167656.000000,1786559580.0
1786559580.0,224.360001,224.449997,224.279999,224.326004,227843.000000,1786559640.0
1786559640.0,224.320007,224.380005,224.160004,224.190002,132405.000000,1786559700.0
1786559700.0,224.169998,224.190002,224.000000,224.065002,141849.000000,1786559760.0
1786559760.0,224.067993,224.080002,223.865005,223.880005,153211.000000,1786559820.0
1786559820.0,223.878006,223.979996,223.870102,223.975006,80713.000000,1786559880.0
1786559880.0,223.960007,224.029999,223.949997,224.029907,84426.000000,1786559940.0
1786559940.0,224.023499,224.029999,223.940002,223.945007,85005.000000,1786560000.0
1786560000.0,223.949997,224.189896,223.945007,224.139999,111345.000000,1786560060.0
1786560060.0,224.164993,224.220001,224.110001,224.119995,112639.000000,1786560120.0
1786560120.0,224.119995,224.126602,223.960007,224.009903,89184.000000,1786560180.0
1786560180.0,223.979996,224.070007,223.779999,223.800003,143869.000000,1786560240.0
1786560240.0,223.800003,223.806198,223.710007,223.774994,206266.000000,1786560300.0
1786560300.0,223.770004,223.789993,223.679993,223.750000,95595.000000,1786560360.0
1786560360.0,223.750000,223.759506,223.690002,223.710007,80665.000000,1786560420.0
1786560420.0,223.722000,223.729996,223.559998,223.619995,140371.000000,1786560480.0
1786560480.0,223.632004,223.698700,223.630005,223.669998,70775.000000,1786560540.0
1786560540.0,223.669998,223.820007,223.660004,223.800003,113783.000000,1786560600.0
1786560600.0,223.820007,223.887802,223.786499,223.809998,137799.000000,1786560660.0
1786560660.0,223.820007,223.910004,223.800003,223.890106,64539.000000,1786560720.0
1786560720.0,223.899994,223.925003,223.800003,223.801498,87403.000000,1786560780.0
1786560780.0,223.804993,223.877197,223.779999,223.845001,73120.000000,1786560840.0
1786560840.0,223.839996,223.849899,223.720001,223.729996,104038.000000,1786560900.0
1786560900.0,223.720001,223.725494,223.630005,223.649994,105460.000000,1786560960.0
1786560960.0,223.660004,223.740005,223.634995,223.669998,85057.000000,1786561020.0
1786561020.0,223.660004,223.714996,223.500000,223.559906,111249.000000,1786561080.0
1786561080.0,223.550003,223.728302,223.540695,223.725006,95679.000000,1786561140.0
1786561140.0,223.735001,223.740005,223.675003,223.682800,100757.000000,1786561200.0
1786561200.0,223.679993,223.792007,223.669998,223.789993,112164.000000,1786561260.0
1786561260.0,223.779999,223.850006,223.759995,223.800003,146966.000000,1786561320.0
1786561320.0,223.779999,223.820007,223.679993,223.804993,93823.000000,1786561380.0
1786561380.0,223.790100,223.816101,223.630005,223.649994,105734.000000,1786561440.0
1786561440.0,223.660004,223.809998,223.639999,223.774506,111847.000000,1786561500.0
1786561500.0,223.779999,223.839996,223.725006,223.809998,127228.000000,1786561560.0
1786561560.0,223.820007,223.880005,223.809998,223.819901,108287.000000,1786561620.0
1786561620.0,223.815002,223.880005,223.750000,223.751999,80977.000000,1786561680.0
1786561680.0,223.759995,223.839996,223.720001,223.820007,71432.000000,1786561740.0
1786561740.0,223.826797,223.826797,223.669998,223.725494,109857.000000,1786561800.0
1786561800.0,223.720001,223.727905,223.600006,223.630005,135173.000000,1786561860.0
1786561860.0,223.619995,223.648697,223.529999,223.529999,110799.000000,1786561920.0
1786561920.0,223.529999,223.597794,223.460007,223.585007,142391.000000,1786561980.0
1786561980.0,223.585007,223.649994,223.470001,223.559799,128121.000000,1786562040.0
1786562040.0,223.554993,223.559998,223.470001,223.524994,89149.000000,1786562100.0
1786562100.0,223.520004,223.660004,223.500000,223.619995,128974.000000,1786562160.0
1786562160.0,223.615005,223.619995,223.500000,223.529999,91960.000000,1786562220.0
1786562220.0,223.529999,223.559998,223.380005,223.395004,190716.000000,1786562280.0
1786562280.0,223.389999,223.469894,223.350998,223.389999,140796.000000,1786562340.0
1786562340.0,223.384995,223.399902,223.289993,223.289993,128283.000000,1786562400.0
1786562400.0,223.294998,223.300003,223.160004,223.160004,167267.000000,1786562460.0
1786562460.0,223.160004,223.190002,223.059998,223.160004,187830.000000,1786562520.0
1786562520.0,223.164993,223.179596,222.979996,223.009995,184132.000000,1786562580.0
1786562580.0,223.005005,223.020004,222.940002,223.000000,169547.000000,1786562640.0
1786562640.0,223.000107,223.110001,222.990005,223.039993,140972.000000,1786562700.0
1786562700.0,223.054993,223.110001,223.020004,223.100006,160422.000000,1786562760.0
1786562760.0,223.082794,223.129700,222.960007,223.029404,221899.000000,1786562820.0
1786562820.0,223.026993,223.044998,222.869995,222.884995,167484.000000,1786562880.0
1786562880.0,222.884995,222.929993,222.809998,222.919998,154383.000000,1786562940.0
1786562940.0,222.910004,223.089996,222.910004,223.000000,148800.000000,1786563000.0
1786563000.0,222.990005,223.016403,222.660004,222.679993,307897.000000,1786563060.0
1786563060.0,222.684998,222.750000,222.600006,222.727493,220231.000000,1786563120.0
1786563120.0,222.729996,222.764999,222.604996,222.630096,187537.000000,1786563180.0
1786563180.0,222.630005,222.660004,222.589996,222.595001,174767.000000,1786563240.0
1786563240.0,222.589996,222.595001,222.490005,222.544998,223139.000000,1786563300.0
1786563300.0,222.544998,222.610001,222.500000,222.580200,203537.000000,1786563360.0
1786563360.0,222.587494,222.619995,222.509995,222.539993,167392.000000,1786563420.0
1786563420.0,222.539993,222.556198,222.445007,222.509995,125878.000000,1786563480.0
1786563480.0,222.514999,222.589996,222.500000,222.580002,144714.000000,1786563540.0
1786563540.0,222.580002,222.600006,222.380005,222.479996,310614.000000,1786563600.0
1786563600.0,222.479996,222.544998,222.445007,222.539993,196891.000000,1786563660.0
1786563660.0,222.544998,222.554993,222.343002,222.365005,193253.000000,1786563720.0
1786563720.0,222.369995,222.399994,222.280594,222.285004,242307.000000,1786563780.0
1786563780.0,222.289993,222.330002,222.229996,222.310104,227313.000000,1786563840.0
1786563840.0,222.315002,222.399200,222.250000,222.340302,187863.000000,1786563900.0
1786563900.0,222.320007,222.369995,222.240005,222.270004,253996.000000,1786563960.0
1786563960.0,222.259995,222.550003,222.259995,222.539993,234038.000000,1786564020.0
1786564020.0,222.550003,222.770004,222.520004,222.740005,302420.000000,1786564080.0
1786564080.0,222.729996,222.897903,222.639999,222.880005,233815.000000,1786564140.0
1786564140.0,222.880005,223.066803,222.839996,222.899994,372399.000000,1786564200.0
1786564200.0,222.889999,222.990005,222.660004,222.940002,386254.000000,1786564260.0
1786564260.0,222.949905,223.119995,222.929993,223.074997,302608.000000,1786564320.0
1786564320.0,223.080002,223.195999,223.020004,223.169998,249282.000000,1786564380.0
1786564380.0,223.160004,223.360001,223.130096,223.360001,360696.000000,1786564440.0
1786564440.0,223.339996,223.770004,223.289993,223.440002,534827.000000,1786564500.0
1786564500.0,223.470001,223.509995,223.253204,223.445007,444558.000000,1786564560.0
1786564560.0,223.449799,223.854996,223.429993,223.839996,466564.000000,1786564620.0
1786564620.0,223.839996,223.949997,223.740097,223.910004,542390.000000,1786564680.0
1786564680.0,223.919998,224.139999,223.720001,224.119995,905538.000000,1786564740.0
1786564740.0,224.119995,224.349899,224.059998,224.130005,2064027.000000,1786564800.0
1786627800.0,225.054993,225.940002,224.134995,224.479996,5393196.000000,1786627860.0
1786627860.0,224.449997,225.300003,224.360001,224.850006,832422.000000,1786627920.0
1786627920.0,224.884995,225.970001,224.479996,225.869995,793517.000000,1786627980.0
1786627980.0,225.904999,226.869995,225.882202,226.589996,1488352.000000,1786628040.0
1786628040.0,226.604004,226.660004,225.800095,226.000000,777471.000000,1786628100.0
1786628100.0,226.009995,226.020004,225.580002,225.985001,583553.000000,1786628160.0
1786628160.0,225.973999,226.710007,225.779999,226.619904,806082.000000,1786628220.0
1786628220.0,226.619995,227.229996,226.460007,226.699997,1438343.000000,1786628280.0
1786628280.0,226.779999,226.779999,225.000000,225.264999,1052102.000000,1786628340.0
1786628340.0,225.270004,225.445007,224.759995,225.300003,740102.000000,1786628400.0
1786628400.0,225.309998,225.320007,224.669998,224.895004,711085.000000,1786628460.0
1786628460.0,224.880005,225.169998,224.639999,225.095001,572235.000000,1786628520.0
1786628520.0,225.089996,225.279999,224.630005,225.130005,715933.000000,1786628580.0
1786628580.0,225.134995,225.160004,224.660004,224.729599,414302.000000,1786628640.0
1786628640.0,224.714996,224.949997,224.699997,224.910004,255967.000000,1786628700.0
1786628700.0,224.899994,225.600006,224.750000,225.574799,759515.000000,1786628760.0
1786628760.0,225.589996,225.880005,225.540604,225.620102,434424.000000,1786628820.0
1786628820.0,225.630005,225.869995,225.610107,225.735001,370474.000000,1786628880.0
1786628880.0,225.735001,225.789993,225.470001,225.544998,307402.000000,1786628940.0
1786628940.0,225.539993,225.664993,225.110001,225.625000,518749.000000,1786629000.0
1786629000.0,225.634995,226.139893,225.490005,226.099701,447413.000000,1786629060.0
1786629060.0,226.100006,226.100006,225.660995,225.740005,536898.000000,1786629120.0
1786629120.0,225.740005,225.970001,225.740005,225.909698,293619.000000,1786629180.0
1786629180.0,225.940002,225.940002,225.565002,225.565002,247725.000000,1786629240.0
1786629240.0,225.570007,225.619995,225.410004,225.449997,303275.000000,1786629300.0
1786629300.0,225.475006,225.749893,225.259995,225.630005,275762.000000,1786629360.0
1786629360.0,225.645004,225.679993,225.309998,225.460007,281203.000000,1786629420.0
1786629420.0,225.479996,225.529999,225.339996,225.429993,299346.000000,1786629480.0
1786629480.0,225.445007,225.565002,225.205002,225.384995,472301.000000,1786629540.0
1786629540.0,225.380005,225.850006,225.320099,225.770004,493097.000000,1786629600.0
1786629600.0,225.779999,225.779999,225.010101,225.339996,590542.000000,1786629660.0
1786629660.0,225.339996,225.610001,225.262100,225.574997,383114.000000,1786629720.0
1786629720.0,225.574997,225.720001,225.500000,225.513199,225121.000000,1786629780.0
1786629780.0,225.511002,225.587006,225.080002,225.559998,384524.000000,1786629840.0
1786629840.0,225.539993,226.179993,225.539993,226.169998,374472.000000,1786629900.0
1786629900.0,226.177994,226.209900,225.820007,225.940002,323184.000000,1786629960.0
1786629960.0,225.949997,226.169998,225.740097,226.154999,346010.000000,1786630020.0
1786630020.0,226.151993,226.419998,226.029999,226.129898,391392.000000,1786630080.0
1786630080.0,226.119995,226.270004,226.041000,226.205002,260370.000000,1786630140.0
1786630140.0,226.179993,226.350006,226.179993,226.218704,254883.000000,1786630200.0
1786630200.0,226.227997,226.350006,226.199997,226.315002,195750.000000,1786630260.0
1786630260.0,226.309998,226.350006,226.080002,226.084000,268477.000000,1786630320.0
1786630320.0,226.080002,226.259995,226.050003,226.160004,189804.000000,1786630380.0
1786630380.0,226.139999,226.190002,226.039993,226.074997,147283.000000,1786630440.0
1786630440.0,226.070007,226.259995,226.029999,226.205002,202988.000000,1786630500.0
1786630500.0,226.200195,226.214996,226.000000,226.119995,220868.000000,1786630560.0
1786630560.0,226.125000,226.210007,225.850006,225.936203,227142.000000,1786630620.0
1786630620.0,225.949997,225.985001,225.724106,225.830002,226590.000000,1786630680.0
1786630680.0,225.830002,225.970001,225.710007,225.735001,225882.000000,1786630740.0
1786630740.0,225.735001,225.880096,225.649994,225.799896,218783.000000,1786630800.0
1786630800.0,225.809906,225.830002,225.639999,225.830002,154240.000000,1786630860.0
1786630860.0,225.839996,225.899994,225.669998,225.830002,210513.000000,1786630920.0
1786630920.0,225.839996,225.859497,225.729996,225.755005,110353.000000,1786630980.0
1786630980.0,225.755005,225.755005,225.550003,225.750000,160616.000000,1786631040.0
1786631040.0,225.750000,225.910004,225.699997,225.839996,162850.000000,1786631100.0
1786631100.0,225.830002,225.929993,225.770004,225.929993,177884.000000,1786631160.0
1786631160.0,225.934998,225.969894,225.730103,225.794998,120161.000000,1786631220.0
1786631220.0,225.800003,225.960007,225.770004,225.949997,129900.000000,1786631280.0
1786631280.0,225.940002,226.100006,225.889999,226.050003,200690.000000,1786631340.0
1786631340.0,226.059998,226.210007,226.029999,226.029999,166269.000000,1786631400.0
1786631400.0,226.035004,226.039993,225.930099,225.970001,157561.000000,1786631460.0
1786631460.0,225.975006,226.190002,225.899994,226.184998,150547.000000,1786631520.0
1786631520.0,226.189896,226.220001,226.050003,226.059998,165809.000000,1786631580.0
1786631580.0,226.062607,226.089996,226.002197,226.050003,123960.000000,1786631640.0
1786631640.0,226.050003,226.110001,226.014008,226.095001,114851.000000,1786631700.0
1786631700.0,226.099899,226.164993,226.009995,226.100006,162481.000000,1786631760.0
1786631760.0,226.087601,226.300003,226.044998,226.199997,171890.000000,1786631820.0
1786631820.0,226.190002,226.470001,226.139999,226.449997,194696.000000,1786631880.0
1786631880.0,226.460007,226.479996,226.330002,226.414993,164717.000000,1786631940.0
1786631940.0,226.410004,226.424194,226.250000,226.389999,132269.000000,1786632000.0
1786632000.0,226.375000,226.425003,226.199997,226.315002,191042.000000,1786632060.0
1786632060.0,226.315002,226.315002,226.119995,226.130005,154001.000000,1786632120.0
1786632120.0,226.149902,226.259995,226.013397,226.250000,164851.000000,1786632180.0
1786632180.0,226.240005,226.240005,225.649994,225.820007,490979.000000,1786632240.0
1786632240.0,225.809998,225.809998,225.619995,225.630005,202450.000000,1786632300.0
1786632300.0,225.630005,225.710007,225.451996,225.470001,371280.000000,1786632360.0
1786632360.0,225.479996,225.505005,225.169998,225.250000,229829.000000,1786632420.0
1786632420.0,225.229996,225.410004,225.039993,225.070007,325140.000000,1786632480.0
1786632480.0,225.050507,225.110001,224.639999,224.669998,526242.000000,1786632540.0
1786632540.0,224.669998,225.139999,224.669998,225.054993,307370.000000,1786632600.0
1786632600.0,225.065002,225.089996,224.800003,224.800095,180541.000000,1786632660.0
1786632660.0,224.815002,225.000000,224.779999,224.919998,182387.000000,1786632720.0
1786632720.0,224.899200,225.050003,224.830002,224.880005,235558.000000,1786632780.0
1786632780.0,224.860001,224.929993,224.660004,224.904999,229736.000000,1786632840.0
1786632840.0,224.904999,225.070007,224.860001,224.979996,216648.000000,1786632900.0
1786632900.0,224.975006,225.020004,224.779999,224.830002,143893.000000,1786632960.0
1786632960.0,224.809998,224.994995,224.763702,224.925293,231655.000000,1786633020.0
1786633020.0,224.929993,225.089996,224.918198,225.039993,171489.000000,1786633080.0
1786633080.0,225.050003,225.270004,225.000000,225.100006,425952.000000,1786633140.0
1786633140.0,225.119995,225.149994,224.960007,224.990005,181979.000000,1786633200.0
1786633200.0,224.979996,225.149994,224.970001,225.080002,127246.000000,1786633260.0
1786633260.0,225.080002,225.169998,225.005005,225.005096,101835.000000,1786633320.0
1786633320.0,225.009995,225.100006,225.000000,225.039993,98620.000000,1786633380.0
1786633380.0,225.035004,225.100006,224.729996,224.759995,199061.000000,1786633440.0
1786633440.0,224.755005,224.866898,224.699997,224.705002,148995.000000,1786633500.0
1786633500.0,224.710007,224.831207,224.600006,224.830002,244184.000000,1786633560.0
1786633560.0,224.839996,224.904999,224.550003,224.570007,189648.000000,1786633620.0
1786633620.0,224.579895,224.589996,224.389999,224.440002,325147.000000,1786633680.0
1786633680.0,224.419998,224.630005,224.360001,224.570007,288406.000000,1786633740.0
1786633740.0,224.565002,224.679993,224.539993,224.630005,223420.000000,1786633800.0
1786633800.0,224.619995,224.800003,224.559998,224.720001,161879.000000,1786633860.0
1786633860.0,224.725006,224.725006,224.419998,224.490005,161575.000000,1786633920.0
1786633920.0,224.503006,224.550003,224.339996,224.440002,136150.000000,1786633980.0
1786633980.0,224.445007,224.789993,224.350006,224.754395,185830.000000,1786634040.0
1786634040.0,224.750000,224.759995,224.630005,224.679993,127094.000000,1786634100.0
1786634100.0,224.690002,224.880005,224.570007,224.880005,157590.000000,1786634160.0
1786634160.0,224.865005,224.899994,224.720795,224.845001,190456.000000,1786634220.0
1786634220.0,224.850006,225.020004,224.789993,225.020004,316903.000000,1786634280.0
1786634280.0,225.029999,225.130005,224.710693,224.779999,299510.000000,1786634340.0
1786634340.0,224.776993,224.938004,224.770004,224.880005,152201.000000,1786634400.0
1786634400.0,224.869995,225.029907,224.839996,224.880005,209960.000000,1786634460.0
1786634460.0,224.869995,224.899994,224.750000,224.860001,175814.000000,1786634520.0
1786634520.0,224.850006,224.938004,224.699997,224.755005,151340.000000,1786634580.0
1786634580.0,224.755005,224.779999,224.669998,224.759995,147409.000000,1786634640.0
1786634640.0,224.764999,224.800003,224.634995,224.639999,192005.000000,1786634700.0
1786634700.0,224.639999,224.654999,224.369995,224.410004,288443.000000,1786634760.0
1786634760.0,224.399994,224.699997,224.330002,224.697906,187429.000000,1786634820.0
1786634820.0,224.673203,224.696198,224.350006,224.520004,301808.000000,1786634880.0
1786634880.0,224.539993,224.559998,224.300003,224.369995,207134.000000,1786634940.0
1786634940.0,224.395004,224.550003,224.309998,224.449997,135403.000000,1786635000.0
1786635000.0,224.448196,224.589996,224.380005,224.440002,172429.000000,1786635060.0
1786635060.0,224.449997,224.485001,224.259995,224.259995,145633.000000,1786635120.0
1786635120.0,224.259995,224.315506,224.050003,224.110001,248771.000000,1786635180.0
1786635180.0,224.115005,224.179993,223.960007,224.130005,410928.000000,1786635240.0
1786635240.0,224.145004,224.179199,223.759995,223.779999,258680.000000,1786635300.0
1786635300.0,223.789993,224.049896,223.770004,223.979996,161423.000000,1786635360.0
1786635360.0,223.970001,224.039993,223.710007,223.839996,233082.000000,1786635420.0
1786635420.0,223.845001,224.000000,223.710007,223.949997,184541.000000,1786635480.0
1786635480.0,223.949997,223.964996,223.754898,223.850006,155116.000000,1786635540.0
1786635540.0,223.880005,224.125000,223.830002,224.125000,163822.000000,1786635600.0
1786635600.0,224.119995,224.229996,224.029999,224.089996,171356.000000,1786635660.0
1786635660.0,224.089996,224.279999,224.089996,224.259995,157097.000000,1786635720.0
1786635720.0,224.244995,224.750000,224.235001,224.720001,271001.000000,1786635780.0
1786635780.0,224.729996,224.789993,224.630005,224.669998,168827.000000,1786635840.0
1786635840.0,224.695007,224.695007,224.570007,224.576797,107665.000000,1786635900.0
1786635900.0,224.559998,224.649994,224.520004,224.590103,111262.000000,1786635960.0
1786635960.0,224.604996,224.779999,224.604996,224.720001,102535.000000,1786636020.0
1786636020.0,224.729996,224.820007,224.600006,224.700394,122135.000000,1786636080.0
1786636080.0,224.729996,224.740005,224.619995,224.626907,89566.000000,1786636140.0
1786636140.0,224.600403,224.690002,224.460007,224.679993,201295.000000,1786636200.0
1786636200.0,224.690002,224.750000,224.520004,224.539993,157699.000000,1786636260.0
1786636260.0,224.535004,224.550003,224.313293,224.330002,82302.000000,1786636320.0
1786636320.0,224.320496,224.337204,224.179993,224.270004,107331.000000,1786636380.0
1786636380.0,224.259995,224.440002,224.229996,224.419998,126871.000000,1786636440.0
1786636440.0,224.425003,224.470001,224.289993,224.320007,96640.000000,1786636500.0
1786636500.0,224.285004,224.320007,224.190002,224.229996,94233.000000,1786636560.0
1786636560.0,224.250000,224.309998,224.160004,224.294998,98925.000000,1786636620.0
1786636620.0,224.264999,224.389999,224.190094,224.199997,107851.000000,1786636680.0
1786636680.0,224.190002,224.289902,224.150101,224.160004,135306.000000,1786636740.0
1786636740.0,224.151993,224.300003,224.100006,224.270004,129383.000000,1786636800.0
1786636800.0,224.240005,224.449997,224.205002,224.449997,94307.000000,1786636860.0
1786636860.0,224.460007,224.699997,224.440094,224.690094,174314.000000,1786636920.0
1786636920.0,224.690002,224.770004,224.620804,224.744995,141851.000000,1786636980.0
1786636980.0,224.743195,224.850006,224.660004,224.839996,140494.000000,1786637040.0
1786637040.0,224.839996,224.869507,224.699997,224.722107,104950.000000,1786637100.0
1786637100.0,224.740005,224.889893,224.720001,224.860107,103019.000000,1786637160.0
1786637160.0,224.860001,225.080002,224.820007,225.000000,290635.000000,1786637220.0
1786637220.0,224.990005,225.070007,224.979996,225.020004,128829.000000,1786637280.0
1786637280.0,225.020004,225.139999,225.020004,225.115005,124127.000000,1786637340.0
1786637340.0,225.120300,225.139999,225.020004,225.100006,93799.000000,1786637400.0
1786637400.0,225.089996,225.145004,225.080002,225.110001,106180.000000,1786637460.0
1786637460.0,225.115005,225.122604,225.039993,225.070007,104842.000000,1786637520.0
1786637520.0,225.060104,225.086502,224.815002,224.815002,128118.000000,1786637580.0
1786637580.0,224.809998,224.869995,224.770004,224.785004,93932.000000,1786637640.0
1786637640.0,224.800003,224.822006,224.730103,224.791306,94628.000000,1786637700.0
1786637700.0,224.789993,224.899902,224.789993,224.860001,95311.000000,1786637760.0
1786637760.0,224.850006,224.889999,224.710007,224.745697,96831.000000,1786637820.0
1786637820.0,224.729996,224.799896,224.660004,224.740005,142065.000000,1786637880.0
1786637880.0,224.740005,224.800003,224.699997,224.789993,130756.000000,1786637940.0
1786637940.0,224.764999,224.919907,224.764999,224.849899,113843.000000,1786638000.0
1786638000.0,224.820007,224.846802,224.699997,224.809998,91315.000000,1786638060.0
1786638060.0,224.817200,225.199997,224.800003,225.163193,210361.000000,1786638120.0
1786638120.0,225.179993,225.227997,225.110001,225.214996,172052.000000,1786638180.0
1786638180.0,225.210007,225.229996,225.149994,225.179993,177103.000000,1786638240.0
1786638240.0,225.169998,225.270004,225.160004,225.244995,301872.000000,1786638300.0
1786638300.0,225.253998,225.330002,225.250000,225.259995,179212.000000,1786638360.0
1786638360.0,225.250107,225.380005,225.250000,225.369995,122431.000000,1786638420.0
1786638420.0,225.369995,225.460007,225.320007,225.330002,144614.000000,1786638480.0
1786638480.0,225.322998,225.360001,225.300003,225.320007,78342.000000,1786638540.0
1786638540.0,225.315094,225.339996,225.250000,225.289993,101070.000000,1786638600.0
1786638600.0,225.300003,225.429993,225.299805,225.425003,112989.000000,1786638660.0
1786638660.0,225.420898,225.449997,225.220001,225.289993,107685.000000,1786638720.0
1786638720.0,225.270004,225.369904,225.229996,225.285004,112962.000000,1786638780.0
1786638780.0,225.289993,225.389404,225.289993,225.375000,75881.000000,1786638840.0
1786638840.0,225.380005,225.479996,225.380005,225.440002,125863.000000,1786638900.0
1786638900.0,225.440002,225.595001,225.399994,225.526001,168760.000000,1786638960.0
1786638960.0,225.524994,225.524994,225.460007,225.500000,90038.000000,1786639020.0
1786639020.0,225.490005,225.539200,225.410004,225.429993,100920.000000,1786639080.0
1786639080.0,225.449997,225.449997,225.250000,225.289993,134367.000000,1786639140.0
1786639140.0,225.289993,225.320007,225.110001,225.169495,154864.000000,1786639200.0
1786639200.0,225.150101,225.197205,225.070007,225.130005,88335.000000,1786639260.0
1786639260.0,225.130005,225.159897,225.080002,225.125000,60650.000000,1786639320.0
1786639320.0,225.130005,225.259995,225.050003,225.229996,104550.000000,1786639380.0
1786639380.0,225.229996,225.229996,225.033005,225.059906,69931.000000,1786639440.0
1786639440.0,225.050003,225.089996,224.960007,225.020004,84669.000000,1786639500.0
1786639500.0,225.002197,225.199997,225.002197,225.089996,100751.000000,1786639560.0
1786639560.0,225.100006,225.240005,225.039993,225.208496,77425.000000,1786639620.0
1786639620.0,225.199997,225.294998,225.190002,225.279999,75064.000000,1786639680.0
1786639680.0,225.279999,225.330002,225.220596,225.330002,175765.000000,1786639740.0
1786639740.0,225.330002,225.365005,225.289993,225.330002,110731.000000,1786639800.0
1786639800.0,225.309998,225.320007,225.240005,225.270004,73159.000000,1786639860.0
1786639860.0,225.259995,225.311905,225.210007,225.229996,73217.000000,1786639920.0
1786639920.0,225.229996,225.324997,225.199997,225.240005,111063.000000,1786639980.0
1786639980.0,225.244995,225.255005,225.110001,225.115005,61631.000000,1786640040.0
1786640040.0,225.128494,225.128494,225.020004,225.080002,105348.000000,1786640100.0
1786640100.0,225.065002,225.113693,224.990005,225.110001,105678.000000,1786640160.0
1786640160.0,225.119995,225.179993,225.089996,225.134995,77698.000000,1786640220.0
1786640220.0,225.134995,225.259995,225.089996,225.255096,82540.000000,1786640280.0
1786640280.0,225.255005,225.320007,225.220001,225.250000,86984.000000,1786640340.0
1786640340.0,225.251999,225.350006,225.240005,225.330002,66102.000000,1786640400.0
1786640400.0,225.339996,225.429993,225.330002,225.360001,93628.000000,1786640460.0
1786640460.0,225.360001,225.514999,225.350403,225.470001,116711.000000,1786640520.0
1786640520.0,225.470001,225.519897,225.404999,225.500000,101362.000000,1786640580.0
1786640580.0,225.500000,225.570007,225.470398,225.509995,78073.000000,1786640640.0
1786640640.0,225.507797,225.587799,225.479996,225.509995,69231.000000,1786640700.0
1786640700.0,225.500000,225.500000,225.360001,225.429993,136358.000000,1786640760.0
1786640760.0,225.429993,225.449997,225.339996,225.360001,53097.000000,1786640820.0
1786640820.0,225.359894,225.424103,225.330093,225.390106,63329.000000,1786640880.0
1786640880.0,225.390198,225.535004,225.389999,225.479996,79067.000000,1786640940.0
1786640940.0,225.479996,225.509995,225.429993,225.494003,46098.000000,1786641000.0
1786641000.0,225.500000,225.699997,225.460007,225.690002,162646.000000,1786641060.0
1786641060.0,225.689697,225.800003,225.687805,225.763000,261156.000000,1786641120.0
1786641120.0,225.770004,225.800003,225.699997,225.729996,175703.000000,1786641180.0
1786641180.0,225.710007,225.720001,225.570007,225.648605,176737.000000,1786641240.0
1786641240.0,225.649994,225.689896,225.630005,225.649994,71975.000000,1786641300.0
1786641300.0,225.660004,225.720001,225.645004,225.654999,75906.000000,1786641360.0
1786641360.0,225.660004,225.699997,225.649994,225.690002,71838.000000,1786641420.0
1786641420.0,225.681000,225.719498,225.619995,225.619995,96093.000000,1786641480.0
1786641480.0,225.615005,225.850006,225.600006,225.800003,182637.000000,1786641540.0
1786641540.0,225.800003,225.869507,225.779999,225.850098,221571.000000,1786641600.0
1786641600.0,225.854996,225.909897,225.684097,225.690002,233189.000000,1786641660.0
1786641660.0,225.669998,225.690002,225.559998,225.574997,117347.000000,1786641720.0
1786641720.0,225.562103,225.679993,225.550003,225.619995,113044.000000,1786641780.0
1786641780.0,225.630005,225.729996,225.589996,225.609100,53472.000000,1786641840.0
1786641840.0,225.600006,225.600006,225.509995,225.520004,44412.000000,1786641900.0
1786641900.0,225.520004,225.539902,225.460007,225.500000,69690.000000,1786641960.0
1786641960.0,225.500000,225.548996,225.434998,225.434998,92989.000000,1786642020.0
1786642020.0,225.440002,225.520004,225.434006,225.514999,64643.000000,1786642080.0
1786642080.0,225.514999,225.549698,225.440002,225.440002,63420.000000,1786642140.0
1786642140.0,225.436798,225.470001,225.322998,225.345001,71373.000000,1786642200.0
1786642200.0,225.345001,225.520004,225.320007,225.479996,154169.000000,1786642260.0
1786642260.0,225.490005,225.509995,225.420105,225.429993,54693.000000,1786642320.0
1786642320.0,225.434998,225.459000,225.360001,225.369995,80846.000000,1786642380.0
1786642380.0,225.365005,225.369995,225.270004,225.299896,89417.000000,1786642440.0
1786642440.0,225.282104,225.389999,225.279999,225.365005,50887.000000,1786642500.0
1786642500.0,225.360001,225.380096,225.259995,225.260101,63321.000000,1786642560.0
1786642560.0,225.261597,225.320007,225.259995,225.290100,56688.000000,1786642620.0
1786642620.0,225.294998,225.294998,225.169998,225.220001,82049.000000,1786642680.0
1786642680.0,225.210007,225.229996,225.141998,225.214996,68349.000000,1786642740.0
1786642740.0,225.210007,225.218994,225.169998,225.190002,50416.000000,1786642800.0
1786642800.0,225.195007,225.440002,225.160004,225.419998,124934.000000,1786642860.0
1786642860.0,225.419998,225.539993,225.395004,225.520004,177180.000000,1786642920.0
1786642920.0,225.511002,225.589996,225.500000,225.580093,169381.000000,1786642980.0
1786642980.0,225.580093,225.600006,225.360001,225.369995,187806.000000,1786643040.0
1786643040.0,225.369995,225.395004,225.177994,225.189896,92887.000000,1786643100.0
1786643100.0,225.169998,225.529999,225.090607,225.360306,216357.000000,1786643160.0
1786643160.0,225.360001,225.395004,225.289993,225.350006,72444.000000,1786643220.0
1786643220.0,225.350006,225.419907,225.309998,225.309998,42129.000000,1786643280.0
1786643280.0,225.320007,225.574997,225.289993,225.574997,104964.000000,1786643340.0
1786643340.0,225.574997,225.695007,225.570007,225.630005,248881.000000,1786643400.0
1786643400.0,225.630005,225.699997,225.600006,225.679993,163171.000000,1786643460.0
1786643460.0,225.684998,225.740005,225.480103,225.520004,149989.000000,1786643520.0
1786643520.0,225.544998,225.559906,225.490005,225.520004,50445.000000,1786643580.0
1786643580.0,225.524002,225.539993,225.410004,225.442703,61454.000000,1786643640.0
1786643640.0,225.460007,225.460007,225.330399,225.399994,72819.000000,1786643700.0
1786643700.0,225.402206,225.469894,225.380005,225.402405,74296.000000,1786643760.0
1786643760.0,225.399994,225.414993,225.350006,225.360001,45719.000000,1786643820.0
1786643820.0,225.365005,225.429993,225.360107,225.410004,82039.000000,1786643880.0
1786643880.0,225.410004,225.490005,225.369995,225.416000,76300.000000,1786643940.0
1786643940.0,225.410004,225.419907,225.259995,225.304993,120590.000000,1786644000.0
1786644000.0,225.300003,225.380005,225.220001,225.220001,70794.000000,1786644060.0
1786644060.0,225.210007,225.229996,225.130005,225.169998,82864.000000,1786644120.0
1786644120.0,225.169998,225.270004,225.169998,225.190002,64522.000000,1786644180.0
1786644180.0,225.178696,225.190002,225.119995,225.179993,57709.000000,1786644240.0
1786644240.0,225.169998,225.190002,225.080002,225.115005,124991.000000,1786644300.0
1786644300.0,225.110107,225.214996,225.110001,225.169998,87364.000000,1786644360.0
1786644360.0,225.169998,225.225006,225.039993,225.050095,174107.000000,1786644420.0
1786644420.0,225.067795,225.210007,225.050003,225.184998,108986.000000,1786644480.0
1786644480.0,225.190002,225.220001,225.135101,225.199997,71364.000000,1786644540.0
1786644540.0,225.190002,225.279999,225.179993,225.240005,78641.000000,1786644600.0
1786644600.0,225.229996,225.350006,225.179993,225.339996,181544.000000,1786644660.0
1786644660.0,225.339996,225.425003,225.270004,225.309998,113882.000000,1786644720.0
1786644720.0,225.300003,225.334595,225.199997,225.215302,95977.000000,1786644780.0
1786644780.0,225.210007,225.269104,225.195007,225.199997,68190.000000,1786644840.0
1786644840.0,225.199997,225.220001,225.139999,225.199997,101377.000000,1786644900.0
1786644900.0,225.210007,225.339996,225.200104,225.330002,74835.000000,1786644960.0
1786644960.0,225.339996,225.380005,225.330902,225.339996,55801.000000,1786645020.0
1786645020.0,225.339996,225.469498,225.330002,225.419907,82803.000000,1786645080.0
1786645080.0,225.419998,225.449997,225.360306,225.399994,73573.000000,1786645140.0
1786645140.0,225.390106,225.395004,225.300003,225.309998,51266.000000,1786645200.0
1786645200.0,225.320007,225.360001,225.260101,225.339996,76249.000000,1786645260.0
1786645260.0,225.320007,225.350006,225.279999,225.324997,52259.000000,1786645320.0
1786645320.0,225.324997,225.384995,225.309998,225.378998,40783.000000,1786645380.0
1786645380.0,225.380005,225.389893,225.259995,225.294998,86896.000000,1786645440.0
1786645440.0,225.289993,225.298203,225.250000,225.279999,73451.000000,1786645500.0
1786645500.0,225.289993,225.399994,225.279999,225.399994,87014.000000,1786645560.0
1786645560.0,225.380005,225.529999,225.350006,225.449997,133318.000000,1786645620.0
1786645620.0,225.449997,225.457794,225.360001,225.419998,78150.000000,1786645680.0
1786645680.0,225.429993,225.579407,225.410004,225.570007,104915.000000,1786645740.0
1786645740.0,225.570007,225.649994,225.559998,225.625000,81095.000000,1786645800.0
1786645800.0,225.628494,225.800003,225.619995,225.760193,205192.000000,1786645860.0
1786645860.0,225.770004,225.919998,225.750107,225.899994,175909.000000,1786645920.0
1786645920.0,225.899994,225.979996,225.884995,225.889999,192362.000000,1786645980.0
1786645980.0,225.880005,225.880005,225.759995,225.839996,131510.000000,1786646040.0
1786646040.0,225.839996,225.880005,225.770004,225.789993,115654.000000,1786646100.0
1786646100.0,225.800003,225.830002,225.720001,225.779999,93543.000000,1786646160.0
1786646160.0,225.800003,225.800003,225.729996,225.740005,106367.000000,1786646220.0
1786646220.0,225.735001,225.770004,225.660004,225.660004,118362.000000,1786646280.0
1786646280.0,225.663895,225.750000,225.479996,225.513702,162282.000000,1786646340.0
1786646340.0,225.519897,225.580002,225.419998,225.509995,102342.000000,1786646400.0
1786646400.0,225.520004,225.630005,225.509995,225.589996,96930.000000,1786646460.0
1786646460.0,225.570007,225.699905,225.570007,225.670502,105837.000000,1786646520.0
1786646520.0,225.690002,225.779999,225.670105,225.690002,114273.000000,1786646580.0
1786646580.0,225.690002,225.690002,225.589996,225.619995,85789.000000,1786646640.0
1786646640.0,225.619293,225.646698,225.500000,225.559998,126454.000000,1786646700.0
1786646700.0,225.539993,225.600006,225.490005,225.565002,328201.000000,1786646760.0
1786646760.0,225.565002,225.649994,225.520004,225.649994,89423.000000,1786646820.0
1786646820.0,225.645004,225.690002,225.590897,225.649994,103168.000000,1786646880.0
1786646880.0,225.639999,225.729996,225.610794,225.646301,88311.000000,1786646940.0
1786646940.0,225.630005,225.649994,225.509995,225.509995,78488.000000,1786647000.0
1786647000.0,225.506302,225.654999,225.506302,225.595001,123333.000000,1786647060.0
1786647060.0,225.600006,225.645004,225.559998,225.589996,77278.000000,1786647120.0
1786647120.0,225.580002,225.649994,225.494995,225.645004,67438.000000,1786647180.0
1786647180.0,225.640396,225.690002,225.580002,225.600006,74712.000000,1786647240.0
1786647240.0,225.619995,225.716797,225.619995,225.716797,65029.000000,1786647300.0
1786647300.0,225.720001,225.729996,225.619995,225.690002,86431.000000,1786647360.0
1786647360.0,225.679993,225.779999,225.669998,225.690002,162060.000000,1786647420.0
1786647420.0,225.695007,225.770004,225.679993,225.750000,69154.000000,1786647480.0
1786647480.0,225.759995,225.779999,225.690002,225.759995,89369.000000,1786647540.0
1786647540.0,225.759995,225.804993,225.729996,225.735001,100080.000000,1786647600.0
1786647600.0,225.738495,225.830002,225.720001,225.830002,161435.000000,1786647660.0
1786647660.0,225.824997,225.880005,225.789993,225.860107,120626.000000,1786647720.0
1786647720.0,225.869995,225.899994,225.839996,225.880005,110370.000000,1786647780.0
1786647780.0,225.880005,225.919998,225.800003,225.839996,111627.000000,1786647840.0
1786647840.0,225.850006,225.860001,225.759995,225.779999,89638.000000,1786647900.0
1786647900.0,225.787399,225.949905,225.720001,225.945007,186362.000000,1786647960.0
1786647960.0,225.949997,226.179993,225.940002,226.169998,596148.000000,1786648020.0
1786648020.0,226.170105,226.240005,226.130005,226.169998,185825.000000,1786648080.0
1786648080.0,226.179993,226.199997,226.010895,226.039993,130804.000000,1786648140.0
1786648140.0,226.050003,226.149994,226.029999,226.091995,185476.000000,1786648200.0
1786648200.0,226.089996,226.110001,226.051605,226.051605,115554.000000,1786648260.0
1786648260.0,226.050003,226.089996,226.032196,226.050003,109371.000000,1786648320.0
1786648320.0,226.048004,226.070007,225.794998,225.809998,242126.000000,1786648380.0
1786648380.0,225.809998,225.839996,225.699997,225.720001,166044.000000,1786648440.0
1786648440.0,225.720001,225.770004,225.630005,225.700302,163716.000000,1786648500.0
1786648500.0,225.699997,225.720001,225.550003,225.720001,155186.000000,1786648560.0
1786648560.0,225.710007,225.770004,225.580002,225.600006,142266.000000,1786648620.0
1786648620.0,225.610001,225.673492,225.470001,225.673492,151986.000000,1786648680.0
1786648680.0,225.675003,225.865005,225.660004,225.839996,183680.000000,1786648740.0
1786648740.0,225.839996,226.079803,225.809998,226.039993,288070.000000,1786648800.0
1786648800.0,226.009995,226.050003,225.960007,226.000000,111636.000000,1786648860.0
1786648860.0,226.009995,226.070007,225.919998,225.922195,103586.000000,1786648920.0
1786648920.0,225.929993,225.990005,225.910004,225.970001,86450.000000,1786648980.0
1786648980.0,225.979996,226.000000,225.919998,225.955002,109538.000000,1786649040.0
1786649040.0,225.960007,225.960007,225.830002,225.889999,120121.000000,1786649100.0
1786649100.0,225.869995,225.929993,225.690002,225.690002,129083.000000,1786649160.0
1786649160.0,225.690002,225.749298,225.651001,225.705002,124758.000000,1786649220.0
1786649220.0,225.705002,225.839996,225.705002,225.839996,141603.000000,1786649280.0
1786649280.0,225.839996,226.000000,225.839996,225.919998,167210.000000,1786649340.0
1786649340.0,225.925003,225.926697,225.764999,225.779999,139931.000000,1786649400.0
1786649400.0,225.759995,225.879700,225.739807,225.820007,125422.000000,1786649460.0
1786649460.0,225.820007,225.869995,225.809998,225.850006,87342.000000,1786649520.0
1786649520.0,225.839996,225.979996,225.839996,225.955597,159339.000000,1786649580.0
1786649580.0,225.952499,226.199997,225.865005,225.880005,438626.000000,1786649640.0
1786649640.0,225.884995,225.949905,225.779999,225.860001,208414.000000,1786649700.0
1786649700.0,225.860001,225.929993,225.800095,225.800095,108560.000000,1786649760.0
1786649760.0,225.809998,225.850006,225.740005,225.794998,136734.000000,1786649820.0
1786649820.0,225.790298,225.830002,225.764999,225.790298,93407.000000,1786649880.0
1786649880.0,225.790100,225.809998,225.610001,225.610001,136026.000000,1786649940.0
1786649940.0,225.610001,225.740005,225.610001,225.740005,113080.000000,1786650000.0
1786650000.0,225.740005,225.960007,225.740005,225.960007,142958.000000,1786650060.0
1786650060.0,225.955002,225.970001,225.860001,225.964996,127062.000000,1786650120.0
1786650120.0,225.964996,225.980301,225.875000,225.949997,131944.000000,1786650180.0
1786650180.0,225.950302,225.955002,225.774994,225.910095,156845.000000,1786650240.0
1786650240.0,225.910004,225.929993,225.714996,225.779999,124873.000000,1786650300.0
1786650300.0,225.789993,225.859894,225.630005,225.669998,259747.000000,1786650360.0
1786650360.0,225.677795,225.750000,225.630005,225.690094,150865.000000,1786650420.0
1786650420.0,225.699997,225.824997,225.520004,225.520004,347145.000000,1786650480.0
1786650480.0,225.500000,225.529999,225.264999,225.425003,299906.000000,1786650540.0
1786650540.0,225.425003,225.710007,225.311005,225.529999,400281.000000,1786650600.0
1786650600.0,225.520004,225.539993,225.330002,225.479996,589681.000000,1786650660.0
1786650660.0,225.470001,225.720001,225.369995,225.654999,375971.000000,1786650720.0
1786650720.0,225.649994,225.660004,225.490005,225.625000,372890.000000,1786650780.0
1786650780.0,225.619995,225.800003,225.460007,225.790604,311193.000000,1786650840.0
1786650840.0,225.800003,225.839996,225.350006,225.369995,615284.000000,1786650900.0
1786650900.0,225.362106,225.520004,225.119995,225.195007,970741.000000,1786650960.0
1786650960.0,225.195007,225.300003,225.149994,225.285004,448791.000000,1786651020.0
1786651020.0,225.279999,225.389999,225.070007,225.164993,574522.000000,1786651080.0
1786651080.0,225.169998,225.169998,224.850006,225.005005,1004448.000000,1786651140.0
1786651140.0,224.990005,225.399994,224.970093,225.369995,1643196.000000,1786651200.0
1786714200.0,226.800003,227.199997,226.089996,226.729996,3658706.000000,1786714260.0
1786714260.0,226.735001,227.320007,226.520004,227.239899,680076.000000,1786714320.0
1786714320.0,227.220001,227.279999,226.850006,226.869995,509016.000000,1786714380.0
1786714380.0,226.869995,227.270004,226.600006,227.139999,532200.000000,1786714440.0
1786714440.0,227.130005,227.490005,226.570206,226.600006,567426.000000,1786714500.0
1786714500.0,226.621994,227.005005,226.509995,226.699997,406966.000000,1786714560.0
1786714560.0,226.714996,226.759995,225.550003,225.664993,569025.000000,1786714620.0
1786714620.0,225.664505,225.899994,225.009995,225.479599,526831.000000,1786714680.0
1786714680.0,225.455002,225.679901,225.220001,225.610001,340505.000000,1786714740.0
1786714740.0,225.619995,226.059998,225.369995,226.009995,405989.000000,1786714800.0
1786714800.0,226.005005,226.080002,225.651199,225.759995,329856.000000,1786714860.0
1786714860.0,225.785004,226.255005,225.699997,226.220001,266655.000000,1786714920.0
1786714920.0,226.214996,226.229996,225.800003,225.850006,233750.000000,1786714980.0
1786714980.0,225.854996,226.059998,225.690002,225.985001,257338.000000,1786715040.0
1786715040.0,225.983994,226.100006,225.580002,225.725006,250961.000000,1786715100.0
1786715100.0,225.710007,226.800003,225.660004,226.149902,562555.000000,1786715160.0
1786715160.0,226.149994,226.210007,225.650101,225.800003,341189.000000,1786715220.0
1786715220.0,225.794998,225.871307,225.419998,225.860001,249366.000000,1786715280.0
1786715280.0,225.856003,225.919998,225.470093,225.634995,231530.000000,1786715340.0
1786715340.0,225.639999,225.919907,225.580002,225.800003,204469.000000,1786715400.0
1786715400.0,225.858002,225.979996,225.539993,225.739502,167076.000000,1786715460.0
1786715460.0,225.714996,226.100006,225.540100,225.960007,316845.000000,1786715520.0
1786715520.0,225.970001,225.998795,225.600006,225.698196,170226.000000,1786715580.0
1786715580.0,225.710007,225.789993,225.419998,225.690002,218589.000000,1786715640.0
1786715640.0,225.710007,225.839996,225.490005,225.649994,188042.000000,1786715700.0
1786715700.0,225.649994,225.785004,225.490005,225.785004,209274.000000,1786715760.0
1786715760.0,225.789993,225.850006,225.570007,225.770004,204965.000000,1786715820.0
1786715820.0,225.764999,225.824997,225.410004,225.498993,217442.000000,1786715880.0
1786715880.0,225.498398,225.779907,225.350006,225.759995,201804.000000,1786715940.0
1786715940.0,225.779999,225.809998,225.620102,225.750000,130392.000000,1786716000.0
1786716000.0,225.654999,225.721497,225.380005,225.507202,192046.000000,1786716060.0
1786716060.0,225.509995,225.669998,225.429993,225.574997,163140.000000,1786716120.0
1786716120.0,225.559998,225.729904,225.520004,225.710007,118229.000000,1786716180.0
1786716180.0,225.699997,225.860001,225.630005,225.759995,265293.000000,1786716240.0
1786716240.0,225.727798,225.889999,225.690002,225.832001,133404.000000,1786716300.0
1786716300.0,225.820007,226.110001,225.800003,226.074997,225560.000000,1786716360.0
1786716360.0,226.053101,226.300003,226.050003,226.244995,218633.000000,1786716420.0
1786716420.0,226.240005,226.589996,226.220093,226.490097,302162.000000,1786716480.0
1786716480.0,226.500000,226.570007,226.240005,226.285004,165836.000000,1786716540.0
1786716540.0,226.270004,226.300003,226.065002,226.240005,170853.000000,1786716600.0
1786716600.0,226.225006,226.279999,226.009995,226.050003,163198.000000,1786716660.0
1786716660.0,226.039993,226.100006,225.870102,226.035004,216064.000000,1786716720.0
1786716720.0,226.029999,226.259995,225.914993,226.225006,233103.000000,1786716780.0
1786716780.0,226.216599,226.419998,226.160004,226.250000,304015.000000,1786716840.0
1786716840.0,226.255005,226.324997,225.831894,225.831894,214971.000000,1786716900.0
1786716900.0,225.820007,225.869995,225.550003,225.669998,241846.000000,1786716960.0
1786716960.0,225.664993,225.710007,225.509995,225.520004,169188.000000,1786717020.0
1786717020.0,225.528107,225.649994,225.339996,225.582001,272507.000000,1786717080.0
1786717080.0,225.580002,225.587402,225.010406,225.250000,291778.000000,1786717140.0
1786717140.0,225.249893,225.300003,225.000000,225.074997,404051.000000,1786717200.0
1786717200.0,225.059998,225.160004,224.899994,224.985001,255784.000000,1786717260.0
1786717260.0,224.949997,224.979996,224.770004,224.914993,231669.000000,1786717320.0
1786717320.0,224.929993,224.929993,224.710007,224.710007,234258.000000,1786717380.0
1786717380.0,224.729904,224.809998,224.500000,224.759995,271173.000000,1786717440.0
1786717440.0,224.779999,225.029999,224.729996,224.919998,249441.000000,1786717500.0
1786717500.0,224.921997,224.949997,224.699997,224.920898,162490.000000,1786717560.0
1786717560.0,224.934998,225.000000,224.720001,224.759995,168112.000000,1786717620.0
1786717620.0,224.759995,225.100006,224.750000,225.054993,198734.000000,1786717680.0
1786717680.0,225.050003,225.054993,224.830002,224.860107,110710.000000,1786717740.0
1786717740.0,224.860001,225.115005,224.780106,225.115005,129052.000000,1786717800.0
1786717800.0,225.115005,225.259995,225.029999,225.029999,270790.000000,1786717860.0
1786717860.0,225.029999,225.210007,225.000000,225.059998,146392.000000,1786717920.0
1786717920.0,225.079895,225.249893,225.000000,225.100006,157775.000000,1786717980.0
1786717980.0,225.086197,225.179993,225.023407,225.149994,180032.000000,1786718040.0
1786718040.0,225.130005,225.431305,225.080002,225.404205,161855.000000,1786718100.0
1786718100.0,225.365005,225.479996,225.320007,225.350006,184074.000000,1786718160.0
1786718160.0,225.354996,225.410004,225.229996,225.339996,137428.000000,1786718220.0
1786718220.0,225.365005,225.479996,225.315506,225.360001,168761.000000,1786718280.0
1786718280.0,225.398697,225.679993,225.375504,225.514999,249906.000000,1786718340.0
1786718340.0,225.544998,225.750000,225.470001,225.639999,147049.000000,1786718400.0
1786718400.0,225.631302,225.639999,225.455002,225.490005,168002.000000,1786718460.0
1786718460.0,225.464996,225.639999,225.352005,225.595001,154681.000000,1786718520.0
1786718520.0,225.585007,225.990005,225.570099,225.969894,246367.000000,1786718580.0
1786718580.0,225.960007,226.250000,225.949997,226.214996,317963.000000,1786718640.0
1786718640.0,226.220001,226.350006,226.089996,226.324997,302377.000000,1786718700.0
1786718700.0,226.309998,226.410004,226.080002,226.350006,397837.000000,1786718760.0
1786718760.0,226.369507,226.550003,226.272003,226.339996,345850.000000,1786718820.0
1786718820.0,226.347000,226.740005,226.347000,226.725006,314667.000000,1786718880.0
1786718880.0,226.715897,226.940002,226.660004,226.770004,436637.000000,1786718940.0
1786718940.0,226.744995,226.759995,226.449997,226.669998,264748.000000,1786719000.0
1786719000.0,226.639999,226.739594,226.490204,226.669998,176712.000000,1786719060.0
1786719060.0,226.679993,226.699997,226.419998,226.460800,138951.000000,1786719120.0
1786719120.0,226.470093,226.750000,226.449600,226.623306,212243.000000,1786719180.0
1786719180.0,226.625000,226.739899,226.460007,226.490005,125107.000000,1786719240.0
1786719240.0,226.460098,226.610001,226.370102,226.370102,132556.000000,1786719300.0
1786719300.0,226.399994,226.514404,226.259995,226.455002,347998.000000,1786719360.0
1786719360.0,226.440094,226.529999,226.259995,226.259995,166422.000000,1786719420.0
1786719420.0,226.279907,226.429993,226.149994,226.199997,192440.000000,1786719480.0
1786719480.0,226.190002,226.339996,226.160004,226.229996,116960.000000,1786719540.0
1786719540.0,226.225006,226.229996,226.085007,226.100006,171299.000000,1786719600.0
1786719600.0,226.100006,226.266998,226.059998,226.190002,135102.000000,1786719660.0
1786719660.0,226.199997,226.324997,226.000000,226.289993,142952.000000,1786719720.0
1786719720.0,226.304993,226.316895,226.005005,226.009995,150216.000000,1786719780.0
1786719780.0,226.029999,226.029999,225.839996,225.889999,189821.000000,1786719840.0
1786719840.0,225.895004,226.059998,225.789993,226.039993,123548.000000,1786719900.0
1786719900.0,226.059998,226.080002,225.929993,225.979996,112800.000000,1786719960.0
1786719960.0,225.975006,226.089996,225.960007,226.050095,83048.000000,1786720020.0
1786720020.0,226.059998,226.179901,226.000000,226.000000,145804.000000,1786720080.0
1786720080.0,226.009995,226.050003,225.860001,225.869995,158933.000000,1786720140.0
1786720140.0,225.870697,226.000000,225.835007,225.940002,114882.000000,1786720200.0
1786720200.0,225.949997,226.050003,225.742004,225.880005,129686.000000,1786720260.0
1786720260.0,225.869995,225.929993,225.779999,225.789993,80277.000000,1786720320.0
1786720320.0,225.809998,225.879898,225.740005,225.794998,96270.000000,1786720380.0
1786720380.0,225.794998,225.809906,225.620102,225.675003,108283.000000,1786720440.0
1786720440.0,225.649994,225.669998,225.369995,225.460007,201893.000000,1786720500.0
1786720500.0,225.470001,226.500000,225.419998,225.637894,173503.000000,1786720560.0
1786720560.0,225.610001,225.773697,225.610001,225.759995,133304.000000,1786720620.0
1786720620.0,225.750000,225.979996,225.660004,225.970001,158431.000000,1786720680.0
1786720680.0,225.979095,226.014999,225.800003,225.970001,142370.000000,1786720740.0
1786720740.0,225.960007,225.979996,225.865005,225.899994,71841.000000,1786720800.0
1786720800.0,225.910004,225.940002,225.830002,225.919907,111312.000000,1786720860.0
1786720860.0,225.919998,225.949997,225.820007,225.869995,97840.000000,1786720920.0
1786720920.0,225.889999,225.899994,225.490005,225.490005,129810.000000,1786720980.0
1786720980.0,225.479996,225.525894,225.283295,225.320007,177706.000000,1786721040.0
1786721040.0,225.304993,225.335007,224.929993,224.993500,313286.000000,1786721100.0
1786721100.0,225.000000,225.199997,224.949997,225.039993,229542.000000,1786721160.0
1786721160.0,225.000000,225.164993,224.940002,225.089996,165705.000000,1786721220.0
1786721220.0,225.089996,225.300003,225.089996,225.235001,224235.000000,1786721280.0
1786721280.0,225.235001,225.354996,225.195007,225.332993,136501.000000,1786721340.0
1786721340.0,225.339996,225.580002,225.309998,225.548004,187616.000000,1786721400.0
1786721400.0,225.539993,225.570007,225.354507,225.410095,121727.000000,1786721460.0
1786721460.0,225.399994,225.449997,225.229996,225.294998,157536.000000,1786721520.0
1786721520.0,225.289993,225.309998,225.184998,225.210098,117605.000000,1786721580.0
1786721580.0,225.240005,225.379196,225.190002,225.220001,184667.000000,1786721640.0
1786721640.0,225.208099,225.309998,225.154999,225.240005,92786.000000,1786721700.0
1786721700.0,225.250000,225.429993,225.240005,225.315002,143212.000000,1786721760.0
1786721760.0,225.303696,225.389999,225.250702,225.258102,84142.000000,1786721820.0
1786721820.0,225.240005,225.248001,225.070007,225.072006,111845.000000,1786721880.0
1786721880.0,225.070007,225.179993,225.000000,225.035004,189164.000000,1786721940.0
1786721940.0,225.056793,225.158005,224.945007,224.960693,172422.000000,1786722000.0
1786722000.0,224.960800,224.986603,224.729996,224.875793,198135.000000,1786722060.0
1786722060.0,224.880005,224.950394,224.720093,224.774994,92561.000000,1786722120.0
1786722120.0,224.770004,224.889999,224.710007,224.764999,82236.000000,1786722180.0
1786722180.0,224.725006,224.785004,224.619995,224.679993,206983.000000,1786722240.0
1786722240.0,224.690002,224.878998,224.663605,224.869995,118073.000000,1786722300.0
1786722300.0,224.860001,224.990005,224.820007,224.960007,109603.000000,1786722360.0
1786722360.0,224.960007,225.009995,224.899994,224.909897,115721.000000,1786722420.0
1786722420.0,224.909897,224.940002,224.830002,224.850006,113129.000000,1786722480.0
1786722480.0,224.839905,224.934204,224.714996,224.747803,105670.000000,1786722540.0
1786722540.0,224.750000,224.824997,224.684998,224.824997,75310.000000,1786722600.0
1786722600.0,224.830002,224.909897,224.770004,224.899994,100792.000000,1786722660.0
1786722660.0,224.895004,224.974503,224.789993,224.974503,93952.000000,1786722720.0
1786722720.0,224.979904,225.099197,224.955002,225.070007,201249.000000,1786722780.0
1786722780.0,225.060699,225.287796,225.000000,225.220001,198385.000000,1786722840.0
1786722840.0,225.239899,225.269897,225.139999,225.145004,122024.000000,1786722900.0
1786722900.0,225.131500,225.279999,225.131500,225.229996,92744.000000,1786722960.0
1786722960.0,225.225006,225.244995,225.029999,225.134995,124578.000000,1786723020.0
1786723020.0,225.130005,225.270004,225.088898,225.264999,103750.000000,1786723080.0
1786723080.0,225.270004,225.389999,225.236206,225.289993,147568.000000,1786723140.0
1786723140.0,225.297104,225.324997,225.223099,225.240005,100399.000000,1786723200.0
1786723200.0,225.270004,225.500000,225.229996,225.500000,267773.000000,1786723260.0
1786723260.0,225.494995,225.550003,225.460098,225.520004,162387.000000,1786723320.0
1786723320.0,225.509995,225.529999,225.360001,225.384995,80297.000000,1786723380.0
1786723380.0,225.399796,225.479996,225.343704,225.464996,72974.000000,1786723440.0
1786723440.0,225.468002,225.539993,225.410995,225.410995,114484.000000,1786723500.0
1786723500.0,225.410004,225.455002,225.259995,225.289993,85116.000000,1786723560.0
1786723560.0,225.289993,225.309998,225.229996,225.299896,84012.000000,1786723620.0
1786723620.0,225.309998,225.440002,225.300003,225.380096,79315.000000,1786723680.0
1786723680.0,225.404999,225.479996,225.309998,225.331802,48048.000000,1786723740.0
1786723740.0,225.320007,225.353806,225.139008,225.264999,73662.000000,1786723800.0
1786723800.0,225.289993,225.520004,225.240005,225.509995,99605.000000,1786723860.0
1786723860.0,225.520004,225.600006,225.380005,225.529999,140360.000000,1786723920.0
1786723920.0,225.524994,225.569107,225.440002,225.569107,73508.000000,1786723980.0
1786723980.0,225.565002,225.619995,225.409897,225.550003,142131.000000,1786724040.0
1786724040.0,225.539902,225.600006,225.529999,225.559998,91294.000000,1786724100.0
1786724100.0,225.559998,225.755493,225.550003,225.744995,147687.000000,1786724160.0
1786724160.0,225.729996,225.759995,225.669998,225.714996,85676.000000,1786724220.0
1786724220.0,225.699997,225.744095,225.621094,225.720093,147879.000000,1786724280.0
1786724280.0,225.710999,225.740005,225.649994,225.690002,65844.000000,1786724340.0
1786724340.0,225.675003,225.726898,225.649994,225.649994,45014.000000,1786724400.0
1786724400.0,225.649994,225.664993,225.460007,225.600006,128512.000000,1786724460.0
1786724460.0,225.600006,225.799896,225.580002,225.740097,97231.000000,1786724520.0
1786724520.0,225.750000,225.750000,225.630005,225.630005,68663.000000,1786724580.0
1786724580.0,225.630005,225.710007,225.630005,225.682007,66983.000000,1786724640.0
1786724640.0,225.675003,225.689896,225.600006,225.630005,59356.000000,1786724700.0
1786724700.0,225.625000,225.710007,225.610001,225.683197,57550.000000,1786724760.0
1786724760.0,225.684006,225.770004,225.679993,225.740005,71872.000000,1786724820.0
1786724820.0,225.725006,225.800003,225.699997,225.712494,75496.000000,1786724880.0
1786724880.0,225.710007,225.720001,225.580002,225.619995,70723.000000,1786724940.0
1786724940.0,225.619995,225.692307,225.580002,225.649994,59589.000000,1786725000.0
1786725000.0,225.639999,225.710007,225.550003,225.559998,563420.000000,1786725060.0
1786725060.0,225.559998,225.570007,225.330093,225.469894,156310.000000,1786725120.0
1786725120.0,225.440002,225.500000,225.229996,225.240005,137296.000000,1786725180.0
1786725180.0,225.230103,225.279999,225.180099,225.210007,74032.000000,1786725240.0
1786725240.0,225.199997,225.236206,225.169998,225.169998,74774.000000,1786725300.0
1786725300.0,225.179993,225.300003,225.110001,225.270004,115536.000000,1786725360.0
1786725360.0,225.270004,225.429993,225.270004,225.429993,77524.000000,1786725420.0
1786725420.0,225.449997,225.477905,225.260101,225.320099,69765.000000,1786725480.0
1786725480.0,225.320007,225.330002,225.190002,225.279999,64529.000000,1786725540.0
1786725540.0,225.264999,225.264999,225.169998,225.240005,52818.000000,1786725600.0
1786725600.0,225.229996,225.250000,225.130005,225.205002,83737.000000,1786725660.0
1786725660.0,225.205002,225.205002,224.979996,225.110001,179751.000000,1786725720.0
1786725720.0,225.100006,225.160004,225.089996,225.139999,81614.000000,1786725780.0
1786725780.0,225.130005,225.173706,225.110001,225.160004,52631.000000,1786725840.0
1786725840.0,225.169998,225.179703,225.029999,225.070007,85565.000000,1786725900.0
1786725900.0,225.059998,225.126907,225.000000,225.011398,129995.000000,1786725960.0
1786725960.0,225.020004,225.074997,224.949997,225.009903,113396.000000,1786726020.0
1786726020.0,224.994995,225.117996,224.990005,225.070007,77761.000000,1786726080.0
1786726080.0,225.058701,225.130005,225.039993,225.110001,72067.000000,1786726140.0
1786726140.0,225.119995,225.199997,225.093201,225.190094,58839.000000,1786726200.0
1786726200.0,225.179993,225.179993,225.060196,225.119995,71156.000000,1786726260.0
1786726260.0,225.130005,225.149994,225.060104,225.139999,51278.000000,1786726320.0
1786726320.0,225.149994,225.149994,225.050003,225.059998,74589.000000,1786726380.0
1786726380.0,225.059998,225.199997,225.039993,225.119995,82283.000000,1786726440.0
1786726440.0,225.110001,225.139801,225.009995,225.065002,56975.000000,1786726500.0
1786726500.0,225.059998,225.139999,225.059998,225.130402,53101.000000,1786726560.0
1786726560.0,225.134995,225.210007,225.070007,225.166794,66033.000000,1786726620.0
1786726620.0,225.179398,225.199997,225.050003,225.085999,89867.000000,1786726680.0
1786726680.0,225.080002,225.117798,224.960007,225.046600,148613.000000,1786726740.0
1786726740.0,225.035004,225.100006,225.016098,225.067795,41856.000000,1786726800.0
1786726800.0,225.059998,225.179993,225.059998,225.160004,138912.000000,1786726860.0
1786726860.0,225.160004,225.257507,225.160004,225.240005,70774.000000,1786726920.0
1786726920.0,225.244705,225.255005,225.089996,225.105499,67599.000000,1786726980.0
1786726980.0,225.091095,225.210007,225.089996,225.190002,42907.000000,1786727040.0
1786727040.0,225.199997,225.257904,225.160004,225.190002,60535.000000,1786727100.0
1786727100.0,225.190002,225.250000,225.149994,225.169998,66718.000000,1786727160.0
1786727160.0,225.160004,225.249802,225.149994,225.179993,50110.000000,1786727220.0
1786727220.0,225.179993,225.320007,225.179993,225.244995,91521.000000,1786727280.0
1786727280.0,225.240005,225.309998,225.149994,225.309998,48603.000000,1786727340.0
1786727340.0,225.309998,225.309998,225.220093,225.255005,437752.000000,1786727400.0
1786727400.0,225.250000,225.270004,225.190002,225.192001,47924.000000,1786727460.0
1786727460.0,225.162201,225.320007,225.160004,225.279602,70575.000000,1786727520.0
1786727520.0,225.270004,225.345001,225.179993,225.320007,93649.000000,1786727580.0
1786727580.0,225.315094,225.330002,225.220093,225.250000,58659.000000,1786727640.0
1786727640.0,225.250000,225.343704,225.225403,225.339996,547830.000000,1786727700.0
1786727700.0,225.330002,225.369995,225.322998,225.339996,63363.000000,1786727760.0
1786727760.0,225.350006,225.360001,225.179993,225.210007,80304.000000,1786727820.0
1786727820.0,225.220001,225.279999,225.139999,225.279999,75067.000000,1786727880.0
1786727880.0,225.290100,225.300003,225.229996,225.229996,45478.000000,1786727940.0
1786727940.0,225.216003,225.279999,225.200897,225.249893,45192.000000,1786728000.0
1786728000.0,225.250000,225.309998,225.220001,225.304993,45177.000000,1786728060.0
1786728060.0,225.304398,225.330002,225.250000,225.270004,43652.000000,1786728120.0
1786728120.0,225.270004,225.379898,225.270004,225.309998,78056.000000,1786728180.0
1786728180.0,225.304993,225.369995,225.268005,225.312698,44857.000000,1786728240.0
1786728240.0,225.330002,225.350006,225.141006,225.149994,92888.000000,1786728300.0
1786728300.0,225.139999,225.162003,225.070099,225.150101,84822.000000,1786728360.0
1786728360.0,225.149994,225.220001,225.070007,225.210007,73242.000000,1786728420.0
1786728420.0,225.220001,225.259995,225.149994,225.259995,63495.000000,1786728480.0
1786728480.0,225.270004,225.300003,225.169998,225.214996,41019.000000,1786728540.0
1786728540.0,225.218994,225.235001,225.119995,225.119995,45925.000000,1786728600.0
1786728600.0,225.119995,225.169998,225.100006,225.130005,52350.000000,1786728660.0
1786728660.0,225.149994,225.289993,225.119995,225.269897,40090.000000,1786728720.0
1786728720.0,225.250000,225.289993,225.210007,225.220993,47207.000000,1786728780.0
1786728780.0,225.220001,225.270004,225.190994,225.235001,43514.000000,1786728840.0
1786728840.0,225.235001,225.235001,225.169998,225.220001,107399.000000,1786728900.0
1786728900.0,225.210007,225.279999,225.169998,225.269897,409038.000000,1786728960.0
1786728960.0,225.269897,225.289993,225.190002,225.199997,105485.000000,1786729020.0
1786729020.0,225.205002,225.217499,225.099899,225.139999,60771.000000,1786729080.0
1786729080.0,225.159897,225.169998,225.100006,225.137894,51978.000000,1786729140.0
1786729140.0,225.134995,225.210007,225.119995,225.199997,47540.000000,1786729200.0
1786729200.0,225.190002,225.324997,225.154999,225.300003,90971.000000,1786729260.0
1786729260.0,225.298996,225.350006,225.210007,225.289993,60264.000000,1786729320.0
1786729320.0,225.300003,225.339996,225.259995,225.304993,64160.000000,1786729380.0
1786729380.0,225.290100,225.347900,225.259995,225.279999,41776.000000,1786729440.0
1786729440.0,225.270004,225.419998,225.270004,225.414993,73127.000000,1786729500.0
1786729500.0,225.414001,225.539993,225.390106,225.526901,158650.000000,1786729560.0
1786729560.0,225.529999,225.662598,225.520004,225.651993,108854.000000,1786729620.0
1786729620.0,225.639999,225.649994,225.550003,225.570007,71050.000000,1786729680.0
1786729680.0,225.570007,225.589996,225.480103,225.490005,65758.000000,1786729740.0
1786729740.0,225.479996,225.509995,225.380005,225.414993,77512.000000,1786729800.0
1786729800.0,225.414993,225.414993,225.231995,225.270004,92779.000000,1786729860.0
1786729860.0,225.270004,225.360001,225.270004,225.330002,74090.000000,1786729920.0
1786729920.0,225.320007,225.389999,225.280106,225.345001,77033.000000,1786729980.0
1786729980.0,225.339996,225.367996,225.300003,225.339798,91053.000000,1786730040.0
1786730040.0,225.335007,225.374298,225.229996,225.264999,90554.000000,1786730100.0
1786730100.0,225.250000,225.274994,225.190094,225.199997,86459.000000,1786730160.0
1786730160.0,225.199997,225.300003,225.190002,225.270599,73667.000000,1786730220.0
1786730220.0,225.279999,225.380005,225.229996,225.365005,90934.000000,1786730280.0
1786730280.0,225.365005,225.470001,225.360199,225.440002,86122.000000,1786730340.0
1786730340.0,225.440002,225.490005,225.339996,225.339996,77210.000000,1786730400.0
1786730400.0,225.343994,225.360001,225.259995,225.300003,84218.000000,1786730460.0
1786730460.0,225.309998,225.373795,225.280106,225.309998,42284.000000,1786730520.0
1786730520.0,225.339996,225.499893,225.270004,225.494995,95941.000000,1786730580.0
1786730580.0,225.499893,225.520004,225.445007,225.479996,87628.000000,1786730640.0
1786730640.0,225.489807,225.580002,225.465195,225.550003,104894.000000,1786730700.0
1786730700.0,225.520004,225.552399,225.449997,225.514999,83789.000000,1786730760.0
1786730760.0,225.520004,225.589996,225.485001,225.490005,98676.000000,1786730820.0
1786730820.0,225.500000,225.639893,225.500000,225.585007,98228.000000,1786730880.0
1786730880.0,225.595001,225.630005,225.514999,225.520004,53475.000000,1786730940.0
1786730940.0,225.509995,225.589996,225.429993,225.494995,102803.000000,1786731000.0
1786731000.0,225.490005,225.500000,225.422104,225.429993,107653.000000,1786731060.0
1786731060.0,225.429993,225.529999,225.410004,225.434998,79595.000000,1786731120.0
1786731120.0,225.443695,225.449997,225.289993,225.309906,114501.000000,1786731180.0
1786731180.0,225.300003,226.500000,225.300003,225.350006,114685.000000,1786731240.0
1786731240.0,225.350006,225.410004,225.300003,225.300003,56061.000000,1786731300.0
1786731300.0,225.300003,225.369995,225.289993,225.320007,77026.000000,1786731360.0
1786731360.0,225.309998,225.348007,225.270004,225.307205,49324.000000,1786731420.0
1786731420.0,225.316605,225.365005,225.289993,225.309998,59956.000000,1786731480.0
1786731480.0,225.320007,225.369995,225.289993,225.289993,77734.000000,1786731540.0
1786731540.0,225.289993,225.289993,225.139999,225.184998,105596.000000,1786731600.0
1786731600.0,225.187302,225.229996,225.149994,225.229996,76863.000000,1786731660.0
1786731660.0,225.220001,225.296799,225.220001,225.279999,56036.000000,1786731720.0
1786731720.0,225.279999,225.279999,225.119995,225.130005,103594.000000,1786731780.0
1786731780.0,225.130005,225.199997,225.110001,225.199905,98538.000000,1786731840.0
1786731840.0,225.179993,225.210007,225.020004,225.020004,83516.000000,1786731900.0
1786731900.0,225.039993,225.070007,224.970001,225.020004,250817.000000,1786731960.0
1786731960.0,225.020004,225.067993,224.875000,224.880096,166869.000000,1786732020.0
1786732020.0,224.889999,224.959702,224.699997,224.729904,208786.000000,1786732080.0
1786732080.0,224.739899,224.739899,224.559998,224.630005,221624.000000,1786732140.0
1786732140.0,224.634995,224.830002,224.630005,224.720001,153327.000000,1786732200.0
1786732200.0,224.699997,224.800003,224.690002,224.722000,111559.000000,1786732260.0
1786732260.0,224.729996,224.788605,224.669998,224.669998,86555.000000,1786732320.0
1786732320.0,224.690002,224.779999,224.649994,224.770996,66613.000000,1786732380.0
1786732380.0,224.778595,224.858994,224.759995,224.820007,113024.000000,1786732440.0
1786732440.0,224.824997,224.860001,224.790100,224.860001,79165.000000,1786732500.0
1786732500.0,224.860001,225.020004,224.840103,224.960007,126883.000000,1786732560.0
1786732560.0,224.970001,224.979996,224.899994,224.899994,82131.000000,1786732620.0
1786732620.0,224.910004,225.000000,224.899994,224.994995,93717.000000,1786732680.0
1786732680.0,225.005005,225.059906,224.990005,225.050003,74010.000000,1786732740.0
1786732740.0,225.039993,225.169998,225.039993,225.139999,120279.000000,1786732800.0
1786732800.0,225.149704,225.264999,225.129898,225.250000,125710.000000,1786732860.0
1786732860.0,225.255005,225.350006,225.229996,225.339996,181551.000000,1786732920.0
1786732920.0,225.339996,225.396805,225.270004,225.350006,123609.000000,1786732980.0
1786732980.0,225.369995,225.369995,225.300003,225.304993,64301.000000,1786733040.0
1786733040.0,225.303802,225.354996,225.279999,225.324997,60382.000000,1786733100.0
1786733100.0,225.320007,225.320007,225.160202,225.179993,101898.000000,1786733160.0
1786733160.0,225.179993,225.229996,225.110001,225.110001,368363.000000,1786733220.0
1786733220.0,225.110001,225.169998,225.070007,225.110001,88733.000000,1786733280.0
1786733280.0,225.110001,225.149902,225.059998,225.070007,72878.000000,1786733340.0
1786733340.0,225.080002,225.179993,225.065002,225.151398,62160.000000,1786733400.0
1786733400.0,225.160004,225.218399,225.140106,225.179993,72682.000000,1786733460.0
1786733460.0,225.186905,225.220001,225.139999,225.139999,57798.000000,1786733520.0
1786733520.0,225.145004,225.179993,225.050003,225.050003,60747.000000,1786733580.0
1786733580.0,225.050003,225.089096,224.929993,224.990005,140613.000000,1786733640.0
1786733640.0,224.999695,225.029999,224.960007,224.970001,97409.000000,1786733700.0
1786733700.0,224.989899,225.020004,224.939102,224.994995,73095.000000,1786733760.0
1786733760.0,224.994995,225.069901,224.990005,224.994995,92149.000000,1786733820.0
1786733820.0,224.994995,225.050003,224.970001,225.000000,93426.000000,1786733880.0
1786733880.0,225.005005,225.009995,224.940002,224.942200,71181.000000,1786733940.0
1786733940.0,224.949997,225.130005,224.910004,225.130005,155810.000000,1786734000.0
1786734000.0,225.130005,225.210007,224.809998,224.875000,256428.000000,1786734060.0
1786734060.0,224.869995,225.141998,224.820007,225.125000,118663.000000,1786734120.0
1786734120.0,225.125000,225.309006,225.111298,225.229996,168169.000000,1786734180.0
1786734180.0,225.220001,225.369995,225.220001,225.320007,107707.000000,1786734240.0
1786734240.0,225.309998,225.309998,225.164993,225.164993,100029.000000,1786734300.0
1786734300.0,225.169098,225.259995,225.169098,225.229996,80187.000000,1786734360.0
1786734360.0,225.229996,225.350006,225.190002,225.330002,114126.000000,1786734420.0
1786734420.0,225.320999,225.449997,225.279999,225.320007,214861.000000,1786734480.0
1786734480.0,225.309998,225.339996,225.222107,225.236801,90820.000000,1786734540.0
1786734540.0,225.240005,225.320007,225.240005,225.240005,79183.000000,1786734600.0
1786734600.0,225.259995,225.300003,225.179993,225.195007,105863.000000,1786734660.0
1786734660.0,225.195007,225.210007,225.020004,225.020096,92387.000000,1786734720.0
1786734720.0,225.020004,225.029999,224.910004,224.910004,151924.000000,1786734780.0
1786734780.0,224.919998,224.940002,224.885803,224.925003,100702.000000,1786734840.0
1786734840.0,224.925003,224.979996,224.899994,224.910004,90568.000000,1786734900.0
1786734900.0,224.910004,225.039993,224.850006,225.029999,212709.000000,1786734960.0
1786734960.0,225.035995,225.035995,224.949997,224.955002,93943.000000,1786735020.0
1786735020.0,224.970001,224.990005,224.914993,224.970001,78888.000000,1786735080.0
1786735080.0,224.964996,225.020004,224.899994,225.009995,95867.000000,1786735140.0
1786735140.0,225.009995,225.086807,224.957993,224.979996,99997.000000,1786735200.0
1786735200.0,224.979996,225.009995,224.922806,224.979996,75744.000000,1786735260.0
1786735260.0,224.964996,224.990005,224.889999,224.910004,82326.000000,1786735320.0
1786735320.0,224.919998,224.990005,224.910004,224.960007,98811.000000,1786735380.0
1786735380.0,224.960007,225.039993,224.950104,225.039993,71247.000000,1786735440.0
1786735440.0,225.030502,225.115005,225.009995,225.070099,92546.000000,1786735500.0
1786735500.0,225.089996,225.139999,225.059998,225.130005,94219.000000,1786735560.0
1786735560.0,225.110001,225.229706,225.104996,225.210007,100575.000000,1786735620.0
1786735620.0,225.220001,225.300003,225.207397,225.220001,105809.000000,1786735680.0
1786735680.0,225.225006,225.350006,225.210007,225.315002,131259.000000,1786735740.0
1786735740.0,225.309998,225.330002,225.130005,225.130005,246284.000000,1786735800.0
1786735800.0,225.164993,225.369995,225.160004,225.330002,168571.000000,1786735860.0
1786735860.0,225.339996,225.380005,225.190002,225.199997,85661.000000,1786735920.0
1786735920.0,225.220001,225.250000,225.149994,225.189896,78127.000000,1786735980.0
1786735980.0,225.179993,225.236298,225.160004,225.179993,74423.000000,1786736040.0
1786736040.0,225.190002,225.300003,225.149994,225.166306,108344.000000,1786736100.0
1786736100.0,225.175003,225.256897,225.139999,225.229996,236581.000000,1786736160.0
1786736160.0,225.229996,225.270004,225.164993,225.175003,82312.000000,1786736220.0
1786736220.0,225.175003,225.179993,225.050095,225.074997,164102.000000,1786736280.0
1786736280.0,225.089996,225.119995,225.029999,225.110001,81238.000000,1786736340.0
1786736340.0,225.119995,225.169907,225.059998,225.074997,395854.000000,1786736400.0
1786736400.0,225.080002,225.140701,225.035004,225.080002,154030.000000,1786736460.0
1786736460.0,225.070007,225.110001,225.029999,225.089996,72866.000000,1786736520.0
1786736520.0,225.080002,225.134995,225.059998,225.070099,93603.000000,1786736580.0
1786736580.0,225.089996,225.199997,225.009995,225.176102,144562.000000,1786736640.0
1786736640.0,225.175003,225.184998,225.029999,225.052505,82216.000000,1786736700.0
1786736700.0,225.050003,225.139999,225.039993,225.089996,187111.000000,1786736760.0
1786736760.0,225.089996,225.160004,225.065002,225.065002,81598.000000,1786736820.0
1786736820.0,225.059998,225.119904,225.020096,225.059998,94939.000000,1786736880.0
1786736880.0,225.065002,225.119995,225.030106,225.059998,114416.000000,1786736940.0
1786736940.0,225.039993,225.240005,225.000000,225.225006,210442.000000,1786737000.0
1786737000.0,225.250000,225.929993,225.229996,225.479996,517528.000000,1786737060.0
1786737060.0,225.490005,225.660004,225.464996,225.580093,313552.000000,1786737120.0
1786737120.0,225.597900,225.600006,225.320007,225.399994,258047.000000,1786737180.0
1786737180.0,225.429993,225.520004,225.309998,225.309998,201451.000000,1786737240.0
1786737240.0,225.350006,225.440002,225.270004,225.358994,240928.000000,1786737300.0
1786737300.0,225.380005,225.539993,224.960007,225.069702,519837.000000,1786737360.0
1786737360.0,225.059998,225.080002,224.960007,225.044998,306454.000000,1786737420.0
1786737420.0,225.039993,225.050003,224.899994,224.929993,375553.000000,1786737480.0
1786737480.0,224.929993,225.029999,224.860001,225.012497,550685.000000,1786737540.0
1786737540.0,225.014999,225.619995,225.009995,225.160004,13543799.000000,1786737600.0
