ts_open,o,h,l,c,v,ts_close
1695043800.0,369.320007,371.320007,369.029999,370.470001,10091609.000000,1695047400.0
1695047400.0,370.489990,370.929993,369.500000,370.869995,5319400.000000,1695051000.0
1695051000.0,370.869995,371.670013,370.809998,371.519989,4420408.000000,1695054600.0
1695054600.0,371.565002,371.790009,370.920013,371.355011,2018503.000000,1695058200.0
1695058200.0,371.359985,371.690002,371.010010,371.063507,2782753.000000,1695061800.0
1695061800.0,371.070007,371.339996,369.850006,370.470001,5033255.000000,1695065400.0
1695065400.0,370.470001,370.760010,370.019989,370.649994,5060678.000000,1695069000.0
1695130200.0,369.320007,369.765015,367.380005,368.049988,9735163.000000,1695133800.0
1695133800.0,368.040009,368.069000,366.799988,367.600006,4911513.000000,1695137400.0
1695137400.0,367.589996,367.928986,367.049988,367.660004,3030511.000000,1695141000.0
1695141000.0,367.630615,368.920013,367.149994,368.569000,4682807.000000,1695144600.0
1695144600.0,368.575012,370.040009,368.575012,369.519989,5697085.000000,1695148200.0
1695148200.0,369.519989,370.630005,368.932007,369.510010,4334159.000000,1695151800.0
1695151800.0,369.519989,370.184998,369.303406,369.869995,3749877.000000,1695155400.0
1695216600.0,370.950012,371.309998,369.559692,369.839996,5970740.000000,1695220200.0
1695220200.0,369.839996,370.269989,368.809998,368.970001,3640006.000000,1695223800.0
1695223800.0,368.924988,369.940002,368.769989,369.912994,2846618.000000,1695227400.0
1695227400.0,369.920013,370.149994,369.600098,369.720001,1929697.000000,1695231000.0
1695231000.0,369.739990,369.970001,367.750000,368.890015,7509081.000000,1695234600.0
1695234600.0,368.890015,370.279999,366.279999,366.970001,12080212.000000,1695238200.0
1695238200.0,367.000000,367.100006,364.459991,364.540009,8778841.000000,1695241800.0
1695303000.0,361.304993,361.600006,359.170013,360.309998,20525050.000000,1695306600.0
1695306600.0,360.320007,361.559998,359.609985,359.750000,9164181.000000,1695310200.0
1695310200.0,359.739990,360.487610,359.227295,359.730011,6616186.000000,1695313800.0
1695313800.0,359.730011,361.000000,359.579987,360.739990,5985202.000000,1695317400.0
1695317400.0,360.760010,361.119995,359.470001,359.510010,5860398.000000,1695321000.0
1695321000.0,359.500000,359.989990,358.480011,358.589996,7653121.000000,1695324600.0
1695324600.0,358.600006,358.924988,357.690002,357.769989,9536277.000000,1695328200.0
1695389400.0,359.630005,360.280914,358.440002,360.000000,12524358.000000,1695393000.0
1695393000.0,360.005005,361.559998,360.000000,361.399994,7113564.000000,1695396600.0
1695396600.0,361.410004,361.799988,360.450012,361.250000,4332479.000000,1695400200.0
1695400200.0,361.269989,361.679993,359.600006,359.829987,4379297.000000,1695403800.0
1695403800.0,359.785004,359.799988,357.909912,358.459991,5898782.000000,1695407400.0
1695407400.0,358.459991,360.600098,358.079987,359.960114,5244497.000000,1695411000.0
1695411000.0,359.970001,360.170013,357.589996,357.940002,8716716.000000,1695414600.0
1695648600.0,356.929993,358.679993,355.929993,357.038910,11342819.000000,1695652200.0
1695652200.0,357.019989,359.170013,356.769989,358.670013,6753870.000000,1695655800.0
1695655800.0,358.679993,359.600006,358.380005,359.437500,3634084.000000,1695659400.0
1695659400.0,359.470001,359.500000,357.910004,358.440002,3505350.000000,1695663000.0
1695663000.0,358.489990,359.089996,358.049988,358.489990,2530640.000000,1695666600.0
1695666600.0,358.489990,359.149994,357.380005,358.531189,5403799.000000,1695670200.0
1695670200.0,358.529999,359.700012,358.320007,359.660004,3872110.000000,1695673800.0
1695735000.0,356.989990,357.540009,354.630005,355.619995,13792426.000000,1695738600.0
1695738600.0,355.619995,356.579987,354.700012,354.709991,6856568.000000,1695742200.0
1695742200.0,354.720001,355.769989,354.589996,355.640015,4948396.000000,1695745800.0
1695745800.0,355.630493,356.024994,354.970001,354.970001,4885179.000000,1695749400.0
1695749400.0,354.980011,355.209991,354.130005,354.239990,5422569.000000,1695753000.0
1695753000.0,354.225006,354.540009,353.239990,353.404999,6534960.000000,1695756600.0
1695756600.0,353.410004,354.470001,353.210114,354.214996,8281833.000000,1695760200.0
1695821400.0,355.380005,356.630005,354.230011,355.609985,9645318.000000,1695825000.0
1695825000.0,355.579987,355.809998,353.670013,355.006195,6333465.000000,1695828600.0
1695828600.0,355.029999,355.070007,352.730011,353.190002,6360363.000000,1695832200.0
1695832200.0,353.190002,353.709991,352.079987,352.109985,5283766.000000,1695835800.0
1695835800.0,352.099915,353.489990,351.359985,353.459991,6417557.000000,1695839400.0
1695839400.0,353.459900,356.980011,353.459900,355.630005,11784730.000000,1695843000.0
1695843000.0,355.639893,355.839996,354.119995,355.130005,7788624.000000,1695846600.0
1695907800.0,354.109985,356.019989,353.239990,354.890015,14775431.000000,1695911400.0
1695911400.0,354.880005,357.309998,353.790009,357.309998,7621381.000000,1695915000.0
1695915000.0,357.320007,360.170013,357.279999,360.054993,7871347.000000,1695918600.0
1695918600.0,360.070007,360.154999,358.070007,358.420013,5864560.000000,1695922200.0
1695922200.0,358.429993,358.660004,357.369995,358.470001,4624558.000000,1695925800.0
1695925800.0,358.489990,359.369995,356.920013,359.269989,5702722.000000,1695929400.0
1695929400.0,359.269989,359.369995,357.609985,358.049988,5829279.000000,1695933000.0
1695994200.0,361.540009,362.950012,360.790009,361.040009,16921644.000000,1695997800.0
1695997800.0,361.049988,362.130005,360.359985,360.404999,7336270.000000,1696001400.0
1696001400.0,360.394989,360.670013,359.299988,360.250000,6217347.000000,1696005000.0
1696005000.0,360.279999,360.510010,357.390015,358.309998,7269172.000000,1696008600.0
1696008600.0,358.309998,358.489990,357.130005,357.269989,7363214.000000,1696012200.0
1696012200.0,357.279999,359.391815,357.019989,358.570007,8231880.000000,1696015800.0
1696015800.0,358.579987,359.805603,357.689911,358.339996,8480745.000000,1696019400.0
1696253400.0,358.540009,361.399994,357.920013,359.959991,12489708.000000,1696257000.0
1696257000.0,359.970001,362.679993,359.338593,362.500000,8050174.000000,1696260600.0
1696260600.0,362.500000,362.669098,358.839996,359.490112,8666029.000000,1696264200.0
1696264200.0,359.480011,359.820007,358.390015,359.500000,4342684.000000,1696267800.0
1696267800.0,359.510010,360.570007,358.700012,358.730011,4444683.000000,1696271400.0
1696271400.0,358.776398,359.929993,358.339996,359.618896,4987941.000000,1696275000.0
1696275000.0,359.619995,361.320007,359.480011,361.309998,5824423.000000,1696278600.0
1696339800.0,358.779999,361.010010,356.149994,356.290009,16989396.000000,1696343400.0
1696343400.0,356.299988,357.119995,355.070007,355.350006,8115950.000000,1696347000.0
1696347000.0,355.359985,356.295013,354.712708,356.089996,6712756.000000,1696350600.0
1696350600.0,356.109985,356.510010,354.869904,355.070007,4976889.000000,1696354200.0
1696354200.0,355.070007,355.140015,353.760010,354.119904,6133109.000000,1696357800.0
1696357800.0,354.089996,354.850006,353.559998,353.595001,6246732.000000,1696361400.0
1696361400.0,353.630005,355.000000,353.274994,354.890015,8244094.000000,1696365000.0
1696426200.0,355.769989,357.730011,355.299988,355.420013,13245843.000000,1696429800.0
1696429800.0,355.420013,358.250000,355.420013,357.829987,7647309.000000,1696433400.0
1696433400.0,357.820007,359.260010,357.609985,358.829987,5914250.000000,1696437000.0
1696437000.0,358.839996,359.119995,357.649994,357.709991,3960037.000000,1696440600.0
1696440600.0,357.709991,358.059998,357.000000,357.899994,4862024.000000,1696444200.0
1696444200.0,357.880005,360.019989,357.510010,359.700012,6666236.000000,1696447800.0
1696447800.0,359.709991,360.609985,359.470001,359.769989,8324333.000000,1696451400.0
1696512600.0,359.739990,360.149994,356.269989,357.140015,10812136.000000,1696516200.0
1696516200.0,357.130005,357.220001,355.140015,356.100006,8118051.000000,1696519800.0
1696519800.0,356.109985,357.709991,355.600006,357.640106,5649243.000000,1696523400.0
1696523400.0,357.640015,357.910004,356.450012,357.494995,4006952.000000,1696527000.0
1696527000.0,357.519989,359.049988,357.020996,358.689911,5710591.000000,1696530600.0
1696530600.0,358.694794,359.679993,358.470001,359.095001,4023686.000000,1696534200.0
1696534200.0,359.100006,359.220001,358.399994,358.660004,4402394.000000,1696537800.0
1696599000.0,355.649994,358.262085,354.850006,358.179993,20205252.000000,1696602600.0
1696602600.0,358.190002,360.480011,358.166901,360.170013,12232468.000000,1696606200.0
1696606200.0,360.164001,363.679993,360.160004,362.970001,11236082.000000,1696609800.0
1696609800.0,363.000000,364.359985,362.459991,364.100006,6025753.000000,1696613400.0
1696613400.0,364.119995,365.059998,363.769989,365.029999,5035111.000000,1696617000.0
1696617000.0,365.019989,365.910004,364.820007,365.649994,7072694.000000,1696620600.0
1696620600.0,365.640015,365.880005,364.600006,364.690002,9506201.000000,1696624200.0
1696858200.0,362.299988,363.619690,360.779999,362.829987,12769505.000000,1696861800.0
1696861800.0,362.829987,363.040894,361.174988,362.760010,5113603.000000,1696865400.0
1696865400.0,362.760010,364.299988,362.529999,363.589996,3817751.000000,1696869000.0
1696869000.0,363.589996,364.540009,363.130005,364.510010,3451685.000000,1696872600.0
1696872600.0,364.529999,366.940002,364.529999,366.709991,6386973.000000,1696876200.0
1696876200.0,366.730011,367.109985,366.000092,366.619995,6140430.000000,1696879800.0
1696879800.0,366.625000,366.649994,366.000000,366.559998,6270621.000000,1696883400.0
1696944600.0,366.899994,369.160004,366.390015,369.019989,9741315.000000,1696948200.0
1696948200.0,369.049988,370.695007,368.950012,370.510010,7462758.000000,1696951800.0
1696951800.0,370.510010,371.279999,370.440002,370.959991,5091729.000000,1696955400.0
1696955400.0,370.959991,371.049988,368.181000,369.028992,7156903.000000,1696959000.0
1696959000.0,369.029999,369.380005,368.420013,368.670013,4469559.000000,1696962600.0
1696962600.0,368.690002,369.549988,368.339996,368.970001,4951186.000000,1696966200.0
1696966200.0,368.970001,369.239990,368.390015,368.529999,5655341.000000,1696969800.0
1697031000.0,369.940002,371.411987,369.350006,369.730011,10113898.000000,1697034600.0
1697034600.0,369.750000,371.320007,369.339996,369.640015,5191866.000000,1697038200.0
1697038200.0,369.638397,370.049988,368.739990,369.220001,4926016.000000,1697041800.0
1697041800.0,369.250000,369.572510,368.480011,368.941589,4173018.000000,1697045400.0
1697045400.0,368.929993,370.334991,368.190002,369.579987,4768638.000000,1697049000.0
1697049000.0,369.579987,370.480011,369.454987,370.300415,3075774.000000,1697052600.0
1697052600.0,370.299988,371.380005,370.170105,371.200012,4169107.000000,1697056200.0
1697117400.0,371.730011,373.390015,371.089996,372.339996,11478730.000000,1697121000.0
1697121000.0,372.339996,373.739990,371.850006,372.369995,6134524.000000,1697124600.0
1697124600.0,372.364990,373.559998,372.140015,373.404999,4504015.000000,1697128200.0
1697128200.0,373.410004,373.454987,369.640015,369.730011,6190456.000000,1697131800.0
1697131800.0,369.730011,370.070007,367.500000,368.700012,8005516.000000,1697135400.0
1697135400.0,368.700012,370.000000,368.510010,369.579987,5680309.000000,1697139000.0
1697139000.0,369.559998,370.359985,369.559998,369.869995,5418310.000000,1697142600.0
1697203800.0,370.570007,371.160004,368.739990,369.019989,9271399.000000,1697207400.0
1697207400.0,369.010010,369.470001,365.890503,366.190002,6948013.000000,1697211000.0
1697211000.0,366.190002,366.859985,365.000000,366.769989,6023987.000000,1697214600.0
1697214600.0,366.760010,367.190002,364.170013,364.239990,5920849.000000,1697218200.0
1697218200.0,364.239990,365.705811,363.859985,365.070190,5876189.000000,1697221800.0
1697221800.0,365.079987,366.429993,364.779999,364.980011,6404972.000000,1697225400.0
1697225400.0,364.980011,365.470001,364.325012,365.250000,9091494.000000,1697229000.0
1697463000.0,366.619995,369.619995,366.470001,369.570007,12007699.000000,1697466600.0
1697466600.0,369.570007,370.220001,369.089996,369.660004,6160332.000000,1697470200.0
1697470200.0,369.660004,369.829987,368.570007,369.170105,3500394.000000,1697473800.0
1697473800.0,369.170013,370.119904,367.509491,368.755005,4586282.000000,1697477400.0
1697477400.0,368.769989,370.160004,368.609985,369.685303,3879312.000000,1697481000.0
1697481000.0,369.690002,370.429993,369.243011,370.390015,5350421.000000,1697484600.0
1697484600.0,370.399994,370.480011,369.209991,369.480011,5338496.000000,1697488200.0
1697549400.0,365.809998,367.394989,363.660004,366.869995,15269360.000000,1697553000.0
1697553000.0,366.869995,368.420013,366.779999,368.049988,7098318.000000,1697556600.0
1697556600.0,368.059998,369.920013,368.041992,369.920013,6994815.000000,1697560200.0
1697560200.0,369.910004,369.920013,368.630005,368.709991,4186895.000000,1697563800.0
1697563800.0,368.690002,368.730011,367.070007,367.750000,4777518.000000,1697567400.0
1697567400.0,367.744995,368.269989,366.750000,367.670013,5536214.000000,1697571000.0
1697571000.0,367.700012,368.370087,367.309998,368.260010,4566173.000000,1697574600.0
1697635800.0,365.670013,367.910004,365.480011,366.320007,11001902.000000,1697639400.0
1697639400.0,366.320007,366.329987,364.779907,365.660004,7037661.000000,1697643000.0
1697643000.0,365.660004,366.779999,365.119904,365.239990,5984391.000000,1697646600.0
1697646600.0,365.260010,366.679993,364.230011,366.040009,6131265.000000,1697650200.0
1697650200.0,366.040009,366.040009,364.089996,364.893494,5605784.000000,1697653800.0
1697653800.0,364.880005,365.339905,363.079987,363.200012,7005983.000000,1697657400.0
1697657400.0,363.209991,363.554993,362.019989,363.070007,8394392.000000,1697661000.0
1697722200.0,364.809998,365.334991,362.790009,362.790009,12680404.000000,1697725800.0
1697725800.0,362.859985,363.940002,361.869995,363.038300,6354364.000000,1697729400.0
1697729400.0,363.010101,365.709991,362.760010,363.549988,11534965.000000,1697733000.0
1697733000.0,363.600006,365.519989,360.920013,365.140015,12685214.000000,1697736600.0
1697736600.0,364.709991,364.790009,362.010010,362.410004,7648173.000000,1697740200.0
1697740200.0,362.424988,362.424988,359.765015,360.209991,9846538.000000,1697743800.0
1697743800.0,360.209991,360.665009,359.160004,359.940002,7705705.000000,1697747400.0
1697808600.0,359.459991,360.040009,356.989990,357.114990,13363615.000000,1697812200.0
1697812200.0,357.100006,357.350006,354.739990,354.970001,12595794.000000,1697815800.0
1697815800.0,355.000000,356.500610,354.600006,355.709991,10730569.000000,1697819400.0
1697819400.0,355.709991,358.059998,355.700104,357.419403,7935127.000000,1697823000.0
1697823000.0,357.429993,357.890015,355.640015,355.769989,5961214.000000,1697826600.0
1697826600.0,355.739990,356.350006,355.040009,355.470001,6836836.000000,1697830200.0
1697830200.0,355.489899,355.799988,354.369995,354.619995,10663682.000000,1697833800.0
1698067800.0,353.750000,355.309998,351.119904,354.790009,17623371.000000,1698071400.0
1698071400.0,354.779999,356.769989,354.015015,356.570007,6806831.000000,1698075000.0
1698075000.0,356.570007,357.690002,356.239990,357.575012,7136307.000000,1698078600.0
1698078600.0,357.600006,359.260010,357.220001,357.790009,6051963.000000,1698082200.0
1698082200.0,357.799988,358.809906,357.179993,357.530090,5934259.000000,1698085800.0
1698085800.0,357.570007,357.994995,356.339996,356.450012,7272230.000000,1698089400.0
1698089400.0,356.459991,356.470001,355.510010,355.679993,7697656.000000,1698093000.0
1698154200.0,357.510010,359.214996,357.059998,359.199493,11568542.000000,1698157800.0
1698157800.0,359.190002,359.910004,357.899994,358.079987,7147409.000000,1698161400.0
1698161400.0,358.089996,358.859985,356.510010,356.670013,4646091.000000,1698165000.0
1698165000.0,356.670013,357.427704,355.790009,357.410004,5201067.000000,1698168600.0
1698168600.0,357.410004,358.220001,357.049988,358.214996,3374694.000000,1698172200.0
1698172200.0,358.220001,359.394989,358.179993,359.290009,4310851.000000,1698175800.0
1698175800.0,359.299988,359.510010,358.890015,359.179993,5312726.000000,1698179400.0
1698240600.0,356.700012,356.880005,353.230011,353.600006,15262823.000000,1698244200.0
1698244200.0,353.579987,355.359985,353.490997,354.230011,9851661.000000,1698247800.0
1698247800.0,354.230011,354.462006,352.390991,352.809998,6016791.000000,1698251400.0
1698251400.0,352.779999,353.174988,350.809998,351.046509,6720555.000000,1698255000.0
1698255000.0,351.049988,351.097992,349.779999,350.549988,8423731.000000,1698258600.0
1698258600.0,350.540009,350.850006,349.750000,350.600006,6833951.000000,1698262200.0
1698262200.0,350.589996,351.000000,350.084991,350.299988,9213011.000000,1698265800.0
1698327000.0,349.119995,350.070007,345.470001,346.630005,21349816.000000,1698330600.0
1698330600.0,346.630005,348.239990,345.029999,345.179993,9824346.000000,1698334200.0
1698334200.0,345.190002,345.850006,342.850006,343.609985,8422337.000000,1698337800.0
1698337800.0,343.619995,343.959991,342.429993,342.839996,7724819.000000,1698341400.0
1698341400.0,342.850006,345.234985,342.350006,345.190094,7268565.000000,1698345000.0
1698345000.0,345.194092,347.000000,344.850006,345.350006,8487267.000000,1698348600.0
1698348600.0,345.359985,345.380005,343.274994,343.660004,9802614.000000,1698352200.0
1698413400.0,346.429993,347.970001,346.065002,346.910004,15324670.000000,1698417000.0
1698417000.0,346.890015,348.839996,345.652496,348.400391,9802887.000000,1698420600.0
1698420600.0,348.410004,348.519989,346.600006,347.089996,5098312.000000,1698424200.0
1698424200.0,347.140015,347.579987,344.790009,345.230011,7736358.000000,1698427800.0
1698427800.0,345.209991,345.720886,344.140015,344.519989,9060975.000000,1698431400.0
1698431400.0,344.529999,345.869995,344.179993,345.190002,7721936.000000,1698435000.0
1698435000.0,345.207489,345.570007,344.079987,345.400085,7007508.000000,1698438600.0
1698672600.0,347.829987,350.540009,347.039490,347.279999,14921226.000000,1698676200.0
1698676200.0,347.291290,348.619995,346.450012,347.269897,8245524.000000,1698679800.0
1698679800.0,347.269989,348.660004,347.140015,347.434998,5964943.000000,1698683400.0
1698683400.0,347.420013,348.809998,346.549988,348.654999,4751727.000000,1698687000.0
1698687000.0,348.649994,349.450012,348.209991,348.850006,4792840.000000,1698690600.0
1698690600.0,348.839996,350.440002,348.834991,349.859985,7686739.000000,1698694200.0
1698694200.0,349.869995,350.029999,349.005005,349.170013,5224796.000000,1698697800.0
1698759000.0,349.230011,349.450012,346.619995,348.679993,11568570.000000,1698762600.0
1698762600.0,348.679993,349.579987,347.429993,348.269989,6442685.000000,1698766200.0
1698766200.0,348.279999,349.165802,347.959991,348.679993,4534771.000000,1698769800.0
1698769800.0,348.679993,349.859985,348.100006,349.549988,5779707.000000,1698773400.0
1698773400.0,349.559998,350.869995,349.540009,349.780090,5969203.000000,1698777000.0
1698777000.0,349.799988,351.250000,349.790100,350.839996,5402538.000000,1698780600.0
1698780600.0,350.850006,351.170013,350.420013,350.919891,5839591.000000,1698784200.0
1698845400.0,351.720001,354.579987,351.619995,354.399994,12329404.000000,1698849000.0
1698849000.0,354.390015,354.829987,353.220001,353.419586,6456438.000000,1698852600.0
1698852600.0,353.390015,354.109985,353.079987,353.549988,4286946.000000,1698856200.0
1698856200.0,353.529999,354.035004,352.730011,353.579987,3970827.000000,1698859800.0
1698859800.0,353.559998,354.600006,352.950012,353.950012,4910866.000000,1698863400.0
1698863400.0,353.959991,357.225006,352.630005,356.790009,16728827.000000,1698867000.0
1698867000.0,356.790009,357.529785,356.630005,357.079987,7795820.000000,1698870600.0
1698931800.0,361.540009,362.309998,360.299988,361.730011,15908371.000000,1698935400.0
1698935400.0,361.730011,362.760010,361.339996,362.010010,9339914.000000,1698939000.0
1698939000.0,362.029999,362.546814,361.600006,362.000000,5556389.000000,1698942600.0
1698942600.0,362.029999,363.024994,361.799988,362.790009,5226989.000000,1698946200.0
1698946200.0,362.799988,363.459991,362.799988,363.279999,4416185.000000,1698949800.0
1698949800.0,363.290009,363.649994,363.109985,363.290009,4057267.000000,1698953400.0
1698953400.0,363.299988,363.679993,363.230011,363.440002,8391359.000000,1698957000.0
1699018200.0,364.750000,367.399994,364.519989,365.350006,15629973.000000,1699021800.0
1699021800.0,365.359985,366.459991,365.049988,366.040009,6095987.000000,1699025400.0
1699025400.0,366.059998,368.119995,366.010010,367.924988,6580662.000000,1699029000.0
1699029000.0,367.929993,368.190002,367.285004,367.577301,5264435.000000,1699032600.0
1699032600.0,367.570007,368.480011,367.385010,368.478912,4033502.000000,1699036200.0
1699036200.0,368.470001,369.019989,368.089996,368.250000,5222280.000000,1699039800.0
1699039800.0,368.230011,368.309998,367.709991,367.720001,6177325.000000,1699043400.0
1699281000.0,368.489990,369.779999,368.019989,368.690002,9123623.000000,1699284600.0
1699284600.0,368.709991,369.500000,368.549988,368.899994,4289622.000000,1699288200.0
1699288200.0,368.920013,369.089508,368.190002,368.480011,4170936.000000,1699291800.0
1699291800.0,368.470001,368.619995,366.910004,367.299988,4694911.000000,1699295400.0
1699295400.0,367.282501,367.899994,367.019989,367.769989,4216370.000000,1699299000.0
1699299000.0,367.760010,368.739990,367.674988,368.535004,5206646.000000,1699302600.0
1699302600.0,368.549988,369.290009,368.269989,369.220001,5594207.000000,1699306200.0
1699367400.0,370.269989,371.929993,369.045013,371.799988,11243620.000000,1699371000.0
1699371000.0,371.790009,373.187195,371.730011,372.929993,7700086.000000,1699374600.0
1699374600.0,372.929993,373.350006,371.839996,371.989990,5888958.000000,1699378200.0
1699378200.0,372.000000,373.339996,371.600006,373.079987,5130014.000000,1699381800.0
1699381800.0,373.079987,373.559998,373.049988,373.359985,4252710.000000,1699385400.0
1699385400.0,373.390015,373.579987,372.540009,373.214996,6291439.000000,1699389000.0
1699389000.0,373.220001,373.470886,372.190002,372.679993,7166578.000000,1699392600.0
1699453800.0,373.079987,373.790009,371.890015,372.149994,9426081.000000,1699457400.0
1699457400.0,372.140015,372.559998,371.679993,372.049988,5295602.000000,1699461000.0
1699461000.0,372.045013,372.609985,370.619995,371.290009,4752504.000000,1699464600.0
1699464600.0,371.279999,372.350006,371.059998,372.289703,3742587.000000,1699468200.0
1699468200.0,372.299988,372.950012,372.220001,372.880005,3504092.000000,1699471800.0
1699471800.0,372.899994,373.045013,372.170013,372.619995,3352193.000000,1699475400.0
1699475400.0,372.605011,373.220001,372.359985,372.970001,3775673.000000,1699479000.0
1699540200.0,373.640015,374.320007,372.399994,372.630096,8176340.000000,1699543800.0
1699543800.0,372.640015,374.299988,372.260010,373.728790,5862061.000000,1699547400.0
1699547400.0,373.730011,374.799988,373.279999,373.380005,5255857.000000,1699551000.0
1699551000.0,373.380005,373.980011,371.250000,373.049988,8456995.000000,1699554600.0
1699554600.0,373.049988,373.429993,370.489990,371.480011,7610495.000000,1699558200.0
1699558200.0,371.459991,371.730011,369.649994,370.040009,6896233.000000,1699561800.0
1699561800.0,370.040009,370.282013,369.570007,370.079987,9382064.000000,1699565400.0
1699626600.0,371.399994,373.290009,371.279999,371.980011,12615961.000000,1699630200.0
1699630200.0,371.980011,374.739990,371.709991,374.450012,7291200.000000,1699633800.0
1699633800.0,374.450012,375.640015,373.880005,375.450012,5012220.000000,1699637400.0
1699637400.0,375.450012,377.070007,375.385712,376.859985,7716399.000000,1699641000.0
1699641000.0,376.859985,377.829987,376.850006,377.690002,6443009.000000,1699644600.0
1699644600.0,377.700500,378.269989,377.415009,378.209900,5547359.000000,1699648200.0
1699648200.0,378.190002,378.540009,377.940002,378.390015,8838676.000000,1699651800.0
1699885800.0,376.790009,377.019989,375.239990,376.619995,12024510.000000,1699889400.0
1699889400.0,376.609985,377.765015,376.460114,377.750000,5578104.000000,1699893000.0
1699893000.0,377.750000,378.279999,377.059998,377.429993,4908961.000000,1699896600.0
1699896600.0,377.440002,377.695007,377.010010,377.149994,3271172.000000,1699900200.0
1699900200.0,377.170013,378.160095,377.010010,378.160004,4005478.000000,1699903800.0
1699903800.0,378.160004,378.250000,377.459991,377.855011,4076552.000000,1699907400.0
1699907400.0,377.850006,377.889893,377.109985,377.260010,5372847.000000,1699911000.0
1699972200.0,383.799988,385.500000,383.179993,385.399994,23550620.000000,1699975800.0
1699975800.0,385.399994,385.869995,384.880005,385.087708,8236399.000000,1699979400.0
1699979400.0,385.089996,385.299988,384.190002,384.329987,6574820.000000,1699983000.0
1699983000.0,384.339996,385.390015,384.279999,385.304993,4800311.000000,1699986600.0
1699986600.0,385.309998,385.519989,383.915009,384.720001,5836573.000000,1699990200.0
1699990200.0,384.730011,386.260010,384.720001,386.040009,6585316.000000,1699993800.0
1699993800.0,386.049988,386.179993,384.910004,385.320007,8212357.000000,1699997400.0
1700058600.0,387.250000,387.649994,385.990601,386.769196,12818549.000000,1700062200.0
1700062200.0,386.809998,387.750000,386.352997,387.260010,6632710.000000,1700065800.0
1700065800.0,387.269989,387.269989,385.492004,386.019989,6831645.000000,1700069400.0
1700069400.0,386.010010,386.279999,384.234985,385.488800,7874582.000000,1700073000.0
1700073000.0,385.480011,386.339996,385.329987,386.329987,4621285.000000,1700076600.0
1700076600.0,386.320007,386.559998,385.450012,385.787994,4836643.000000,1700080200.0
1700080200.0,385.790009,386.170013,385.220001,385.609985,6742008.000000,1700083800.0
1700145000.0,384.750000,386.170013,384.255005,385.440002,11296771.000000,1700148600.0
1700148600.0,385.459991,385.880005,383.850006,383.910004,7059768.000000,1700152200.0
1700152200.0,383.910004,385.519989,383.559998,385.440002,7066114.000000,1700155800.0
1700155800.0,385.440002,386.089996,384.720001,385.250000,4268872.000000,1700159400.0
1700159400.0,385.250000,385.440002,384.380005,384.950012,4083535.000000,1700163000.0
1700163000.0,384.940002,385.869995,384.890015,385.440002,4123899.000000,1700166600.0
1700166600.0,385.440002,386.190002,385.320007,385.969604,5515206.000000,1700170200.0
1700231400.0,385.209991,385.630005,384.339996,385.385010,8769332.000000,1700235000.0
1700235000.0,385.380005,385.440002,384.290009,385.100006,4248774.000000,1700238600.0
1700238600.0,385.109985,386.045013,384.910004,385.339996,10676142.000000,1700242200.0
1700242200.0,385.359985,386.489990,385.269989,386.239899,3080812.000000,1700245800.0
1700245800.0,386.239990,387.070007,385.950012,386.515015,3873264.000000,1700249400.0
1700249400.0,386.510010,386.799988,386.029999,386.325012,4318903.000000,1700253000.0
1700253000.0,386.320007,386.359985,385.410004,386.059998,6860085.000000,1700256600.0
1700490600.0,386.049988,388.649994,386.049988,387.640015,9268506.000000,1700494200.0
1700494200.0,387.640015,389.029999,387.220001,388.850006,5344153.000000,1700497800.0
1700497800.0,388.859985,389.359985,388.619995,389.040009,4246423.000000,1700501400.0
1700501400.0,389.059998,390.429993,388.829987,390.320007,6220355.000000,1700505000.0
1700505000.0,390.320007,390.480011,390.019989,390.290009,4628360.000000,1700508600.0
1700508600.0,390.299988,391.410004,390.299988,391.160004,5798719.000000,1700512200.0
1700512200.0,391.149994,391.200012,390.424988,390.739990,6497117.000000,1700515800.0
1700577000.0,389.010010,389.230011,386.829987,386.940002,10440995.000000,1700580600.0
1700580600.0,386.950012,387.579987,386.700012,387.459991,6037209.000000,1700584200.0
1700584200.0,387.450012,388.105011,387.019989,388.040009,4959489.000000,1700587800.0
1700587800.0,388.035004,388.489990,387.320007,387.600006,3650147.000000,1700591400.0
1700591400.0,387.609985,388.510010,387.480011,388.096710,3369777.000000,1700595000.0
1700595000.0,388.060089,388.730011,387.829987,388.500000,4089850.000000,1700598600.0
1700598600.0,388.515015,388.549988,388.059998,388.420013,6788175.000000,1700602200.0
1700663400.0,391.339996,393.070007,389.040009,390.383514,15477767.000000,1700667000.0
1700667000.0,390.390015,391.290009,389.559998,390.447113,5524797.000000,1700670600.0
1700670600.0,390.459991,391.339996,390.350006,390.980011,3778288.000000,1700674200.0
1700674200.0,390.989990,391.339996,390.299988,391.311310,3036475.000000,1700677800.0
1700677800.0,391.339996,391.420013,390.869995,390.970001,3885530.000000,1700681400.0
1700681400.0,390.962006,390.980011,389.200012,390.269989,6272360.000000,1700685000.0
1700685000.0,390.270111,390.380005,389.962311,390.040009,3753303.000000,1700688600.0
1700836200.0,389.649994,390.250000,388.720001,388.834991,6126479.000000,1700839800.0
1700839800.0,388.839996,389.260010,388.500000,389.170013,3171205.000000,1700843400.0
1700843400.0,389.169891,389.540009,388.950012,389.300110,2583558.000000,1700847000.0
1701095400.0,389.899902,390.200012,388.279999,389.355011,8515498.000000,1701099000.0
1701099000.0,389.369995,390.244995,389.160004,389.684998,3983201.000000,1701102600.0
1701102600.0,389.679993,390.640015,389.510010,390.450012,4003346.000000,1701106200.0
1701106200.0,390.454987,391.149902,390.335999,390.606995,3653686.000000,1701109800.0
1701109800.0,390.609985,390.709991,389.809998,389.950012,2765292.000000,1701113400.0
1701113400.0,389.970001,390.040009,388.940002,389.920013,4245260.000000,1701117000.0
1701117000.0,389.920013,390.140015,388.970001,389.130005,5740441.000000,1701120600.0
1701181800.0,388.410004,389.230011,388.049988,388.695007,9054257.000000,1701185400.0
1701185400.0,388.679993,390.209991,388.350006,390.029999,5783582.000000,1701189000.0
1701189000.0,390.029999,390.779999,389.989990,390.049988,3230979.000000,1701192600.0
1701192600.0,390.059998,390.065002,388.299988,389.096008,4572108.000000,1701196200.0
1701196200.0,389.099915,389.399902,388.829987,388.989990,2908291.000000,1701199800.0
1701199800.0,389.000000,389.709991,388.690002,389.190002,3737949.000000,1701203400.0
1701203400.0,389.179993,390.309998,389.170013,390.209991,4471663.000000,1701207000.0
1701268200.0,392.690002,394.140015,391.179993,391.750000,10821904.000000,1701271800.0
1701271800.0,391.760010,392.345001,390.079987,390.220001,7819041.000000,1701275400.0
1701275400.0,390.225006,391.309204,389.910004,391.279999,4003961.000000,1701279000.0
1701279000.0,391.290009,391.540009,390.739990,391.239990,3452257.000000,1701282600.0
1701282600.0,391.239990,391.250000,390.535004,390.774994,3009535.000000,1701286200.0
1701286200.0,390.785004,390.785004,389.549988,389.660004,3487188.000000,1701289800.0
1701289800.0,389.665009,389.875000,389.459991,389.760010,3708230.000000,1701293400.0
1701354600.0,390.079987,390.549988,387.369995,388.070007,11668315.000000,1701358200.0
1701358200.0,388.089996,388.489990,386.459991,386.760010,9468756.000000,1701361800.0
1701361800.0,386.760010,386.869995,385.929993,386.350006,4522963.000000,1701365400.0
1701365400.0,386.329987,387.174988,386.119995,386.130005,4365436.000000,1701369000.0
1701369000.0,386.140015,387.000000,385.820007,386.595001,3566288.000000,1701372600.0
1701372600.0,386.579987,387.584991,386.160004,386.480011,4928922.000000,1701376200.0
1701376200.0,386.480011,389.100006,386.429993,388.799988,9881632.000000,1701379800.0
1701441000.0,387.750000,388.459991,386.290009,386.459991,8221499.000000,1701444600.0
1701444600.0,386.459991,388.950012,386.072601,388.410004,7808830.000000,1701448200.0
1701448200.0,388.429993,389.899902,387.820007,389.850006,6733004.000000,1701451800.0
1701451800.0,389.845001,390.540009,389.489990,389.570007,4972155.000000,1701455400.0
1701455400.0,389.570007,389.880005,389.000000,389.778412,3018114.000000,1701459000.0
1701459000.0,389.779999,390.179993,389.403503,390.109985,3640487.000000,1701462600.0
1701462600.0,390.105011,390.250000,389.489990,389.970001,4235367.000000,1701466200.0
1701700200.0,386.040009,386.420013,383.250000,383.420013,13831392.000000,1701703800.0
1701703800.0,383.420013,383.850006,382.660004,383.850006,8886675.000000,1701707400.0
1701707400.0,383.839996,385.790009,383.619995,385.480011,6345737.000000,1701711000.0
1701711000.0,385.489990,386.190002,385.040009,385.045013,4661996.000000,1701714600.0
1701714600.0,385.040009,385.470001,384.445007,385.250000,3926895.000000,1701718200.0
1701718200.0,385.239990,385.549988,384.733002,385.410004,4244684.000000,1701721800.0
1701721800.0,385.410004,386.595001,385.260010,386.269989,6979291.000000,1701725400.0
1701786600.0,384.390015,387.920013,384.209991,386.830902,11316837.000000,1701790200.0
1701790200.0,386.839996,388.500000,386.019989,386.475006,7991329.000000,1701793800.0
1701793800.0,386.470001,387.110687,385.399994,386.691010,4349875.000000,1701797400.0
1701797400.0,386.709991,386.829987,385.290009,386.429993,3557985.000000,1701801000.0
1701801000.0,386.440002,387.130005,386.010010,386.855011,4548435.000000,1701804600.0
1701804600.0,386.850006,387.225006,386.131989,386.920013,3785818.000000,1701808200.0
1701808200.0,386.910004,387.309998,386.619995,387.299988,4474200.000000,1701811800.0
1701873000.0,390.269989,390.369995,386.519989,387.000000,10872567.000000,1701876600.0
1701876600.0,387.010010,388.289795,386.959991,387.299988,4597583.000000,1701880200.0
1701880200.0,387.320007,387.679993,386.214996,387.000000,5116399.000000,1701883800.0
1701883800.0,387.010010,387.429993,385.760010,386.559998,4118816.000000,1701887400.0
1701887400.0,386.570007,386.819885,385.913605,386.170013,3597525.000000,1701891000.0
1701891000.0,386.170013,386.782104,385.130005,385.315002,5204416.000000,1701894600.0
1701894600.0,385.309998,385.720001,384.700012,385.015015,5659408.000000,1701898200.0
1701959400.0,388.070007,389.579987,386.959991,389.480011,12638229.000000,1701963000.0
1701963000.0,389.480011,389.910004,388.000000,388.929993,7315379.000000,1701966600.0
1701966600.0,388.920013,391.059998,388.899994,390.842987,6360863.000000,1701970200.0
1701970200.0,390.850006,390.959991,390.114990,390.290009,3681789.000000,1701973800.0
1701973800.0,390.299988,391.269989,390.049988,391.079987,5395414.000000,1701977400.0
1701977400.0,391.079987,391.109985,390.149994,390.649994,4154558.000000,1701981000.0
1701981000.0,390.658203,390.839996,390.320007,390.570007,5113609.000000,1701984600.0
1702045800.0,388.670013,392.510010,388.480103,392.149994,14839975.000000,1702049400.0
1702049400.0,392.170013,392.470001,390.270111,391.059998,9190387.000000,1702053000.0
1702053000.0,391.070007,391.279999,389.521393,391.080109,4810068.000000,1702056600.0
1702056600.0,391.089996,391.829987,390.739990,391.649994,2896300.000000,1702060200.0
1702060200.0,391.660004,392.250000,391.230011,392.140015,2650515.000000,1702063800.0
1702063800.0,392.140015,392.619995,391.890015,392.390015,3813426.000000,1702067400.0
1702067400.0,392.380005,392.600006,392.059998,392.149994,5510036.000000,1702071000.0
1702305000.0,391.609985,394.059998,391.609985,393.375000,12431461.000000,1702308600.0
1702308600.0,393.369995,394.669708,393.045013,393.529999,6212083.000000,1702312200.0
1702312200.0,393.540009,394.450012,392.799988,394.399902,5053103.000000,1702315800.0
1702315800.0,394.399994,395.320007,394.279999,395.239990,4587814.000000,1702319400.0
1702319400.0,395.239990,395.790009,395.184998,395.529999,3023909.000000,1702323000.0
1702323000.0,395.529999,395.640015,394.949890,395.109894,3499346.000000,1702326600.0
1702326600.0,395.089996,395.709991,395.069885,395.529999,4155557.000000,1702330200.0
1702391400.0,395.559998,396.690002,394.410004,396.109985,10886281.000000,1702395000.0
1702395000.0,396.130096,397.320007,395.939911,396.829987,4136545.000000,1702398600.0
1702398600.0,396.829987,397.130005,396.089996,396.690094,3348477.000000,1702402200.0
1702402200.0,396.707794,397.290009,396.549988,397.005005,3459286.000000,1702405800.0
1702405800.0,397.019989,397.779999,396.880005,397.690002,3156386.000000,1702409400.0
1702409400.0,397.709991,398.510010,397.640106,398.434998,4815743.000000,1702413000.0
1702413000.0,398.429993,398.790009,398.179993,398.769989,5986749.000000,1702416600.0
1702477800.0,399.619995,400.790009,399.359985,400.091003,8162870.000000,1702481400.0
1702481400.0,400.100006,400.559998,399.410004,399.600006,3744266.000000,1702485000.0
1702485000.0,399.609985,399.890015,399.170013,399.500000,3425144.000000,1702488600.0
1702488600.0,399.500000,399.545013,398.839905,398.949707,2255045.000000,1702492200.0
1702492200.0,398.959991,402.299988,398.929993,401.739990,10713683.000000,1702495800.0
1702495800.0,401.750000,404.359985,401.119995,402.320007,14880639.000000,1702499400.0
1702499400.0,402.325012,403.820007,401.984985,403.750000,7546341.000000,1702503000.0
1702564200.0,405.079987,406.299988,404.109985,404.309998,12358617.000000,1702567800.0
1702567800.0,404.309998,404.940002,403.170013,403.670013,7929100.000000,1702571400.0
1702571400.0,403.690002,404.751099,403.119995,404.739990,5063547.000000,1702575000.0
1702575000.0,404.720001,404.947906,401.660004,401.704987,9943674.000000,1702578600.0
1702578600.0,401.700012,402.679993,400.339996,402.668793,6358002.000000,1702582200.0
1702582200.0,402.660004,403.179993,402.345001,402.834991,4846040.000000,1702585800.0
1702585800.0,402.839996,403.420013,402.739990,403.369995,5943758.000000,1702589400.0
1702650600.0,404.500000,406.049988,404.149994,405.989990,15933777.000000,1702654200.0
1702654200.0,405.989990,406.355011,405.380005,406.290009,9387803.000000,1702657800.0
1702657800.0,406.290009,406.539886,405.429993,405.989990,5864061.000000,1702661400.0
1702661400.0,406.000000,406.019989,404.434998,405.338501,5436420.000000,1702665000.0
1702665000.0,405.339996,405.469910,403.570007,404.244995,7422620.000000,1702668600.0
1702668600.0,404.269989,405.420013,404.250000,405.260010,5194223.000000,1702672200.0
1702672200.0,405.260010,406.100006,404.850006,404.940002,9884173.000000,1702675800.0
1702909800.0,404.929993,406.339996,404.600006,406.260010,10281786.000000,1702913400.0
1702913400.0,406.269989,406.315002,405.144989,406.198792,4735516.000000,1702917000.0
1702917000.0,406.200012,407.100006,406.190002,406.881012,4774649.000000,1702920600.0
1702920600.0,406.890015,407.478485,406.720001,407.375000,4925920.000000,1702924200.0
1702924200.0,407.389404,407.989990,407.220001,407.563995,6455861.000000,1702927800.0
1702927800.0,407.570007,407.980011,407.359985,407.885010,5871521.000000,1702931400.0
1702931400.0,407.899994,407.904999,407.100006,407.109985,6144258.000000,1702935000.0
1702996200.0,407.540009,408.570007,407.345001,408.450012,7745355.000000,1702999800.0
1702999800.0,408.440002,408.940002,407.809998,408.600006,4801654.000000,1703003400.0
1703003400.0,408.609985,408.898804,407.839996,408.269989,5058988.000000,1703007000.0
1703007000.0,408.260010,408.719910,407.829987,408.424988,2676980.000000,1703010600.0
1703010600.0,408.440002,408.880005,408.190002,408.790009,3843776.000000,1703014200.0
1703014200.0,408.790009,408.839996,408.299988,408.600006,3868200.000000,1703017800.0
1703017800.0,408.589996,409.279999,408.390015,409.160004,4965096.000000,1703021400.0
1703082600.0,408.304993,410.000000,408.112000,409.959991,7201346.000000,1703086200.0
1703086200.0,409.950012,410.469910,409.440002,409.687988,5315816.000000,1703089800.0
1703089800.0,409.690002,410.029999,409.380096,409.739990,2599856.000000,1703093400.0
1703093400.0,409.739990,410.250000,409.230011,410.085999,2874630.000000,1703097000.0
1703097000.0,410.089996,410.223999,408.890015,408.923309,4276664.000000,1703100600.0
1703100600.0,408.929993,408.950012,403.579987,403.700012,17229129.000000,1703104200.0
1703104200.0,403.760803,404.730011,402.899994,402.970001,10303747.000000,1703107800.0
1703169000.0,407.059998,407.920013,405.140015,405.975006,12115785.000000,1703172600.0
1703172600.0,405.989990,406.829987,405.549988,406.450012,4873023.000000,1703176200.0
1703176200.0,406.449493,407.005005,404.829987,405.070007,5947653.000000,1703179800.0
1703179800.0,405.100006,405.839996,404.470001,405.690002,4056140.000000,1703183400.0
1703183400.0,405.697998,406.359985,405.299988,406.059998,3770702.000000,1703187000.0
1703187000.0,406.051208,407.510010,405.750000,407.489990,4434637.000000,1703190600.0
1703190600.0,407.480011,408.140015,407.239990,407.790009,6865806.000000,1703194200.0
1703255400.0,409.000000,409.970001,408.769989,409.600006,7495378.000000,1703259000.0
1703259000.0,409.609985,409.795990,408.239990,408.950012,4000589.000000,1703262600.0
1703262600.0,408.950012,409.299988,408.220001,408.709991,2876255.000000,1703266200.0
1703266200.0,408.739990,409.429901,408.524994,409.308685,1689691.000000,1703269800.0
1703269800.0,409.309998,409.464996,406.809998,406.934998,4163866.000000,1703273400.0
1703273400.0,406.959991,408.790009,406.478699,408.704987,5658509.000000,1703277000.0
1703277000.0,408.714996,408.730011,407.929993,408.440002,3977856.000000,1703280600.0
1703601000.0,409.250000,410.320007,409.149994,410.010010,4601366.000000,1703604600.0
1703604600.0,410.029999,410.415009,409.529999,409.864990,3203505.000000,1703608200.0
1703608200.0,409.859985,410.291992,409.859985,410.015991,1485259.000000,1703611800.0
1703611800.0,410.015015,410.450012,409.820099,410.320007,1568743.000000,1703615400.0
1703615400.0,410.329987,410.450012,410.015015,410.385010,1449104.000000,1703619000.0
1703619000.0,410.390015,411.540009,410.350006,411.299988,2781571.000000,1703622600.0
1703622600.0,411.320007,411.559998,410.568695,410.864990,4480257.000000,1703626200.0
1703687400.0,410.950012,411.713989,410.079987,410.679993,5367963.000000,1703691000.0
1703691000.0,410.679993,410.700012,410.149994,410.610107,3166822.000000,1703694600.0
1703694600.0,410.630005,411.079987,410.570007,410.920013,3711147.000000,1703698200.0
1703698200.0,410.910004,411.787506,410.359985,411.359985,5124905.000000,1703701800.0
1703701800.0,411.369995,411.690002,410.225006,411.089996,4789683.000000,1703705400.0
1703705400.0,411.089996,411.109985,410.420013,410.809998,4654253.000000,1703709000.0
1703709000.0,410.799988,411.519989,410.579987,411.500000,3919204.000000,1703712600.0
1703773800.0,412.670013,412.920013,411.540009,412.160004,4488323.000000,1703777400.0
1703777400.0,412.170013,412.545013,411.579987,411.799988,3742878.000000,1703781000.0
1703781000.0,411.809998,412.059998,411.631805,411.920013,1931855.000000,1703784600.0
1703784600.0,411.915009,412.269104,411.290009,411.901001,4607611.000000,1703788200.0
1703788200.0,411.890015,412.349915,411.700012,412.056000,1918015.000000,1703791800.0
1703791800.0,412.040009,412.190002,411.200012,411.464996,3955280.000000,1703795400.0
1703795400.0,411.464996,411.839996,410.940002,411.209991,3866996.000000,1703799000.0
1703860200.0,411.279999,411.640015,410.899994,411.304993,4799533.000000,1703863800.0
1703863800.0,411.309998,411.325012,407.630005,407.695007,7283645.000000,1703867400.0
1703867400.0,407.700012,408.890015,407.579987,407.910004,5120944.000000,1703871000.0
1703871000.0,407.899994,409.589996,407.869995,408.989990,4306234.000000,1703874600.0
1703874600.0,409.000000,409.915009,408.959991,409.440002,2909905.000000,1703878200.0
1703878200.0,409.459991,410.230011,409.390015,409.875000,5679724.000000,1703881800.0
1703881800.0,409.869995,409.899994,408.720001,409.459991,7135968.000000,1703885400.0
1704205800.0,406.000000,406.089996,402.480011,402.640106,15887112.000000,1704209400.0
1704209400.0,402.640015,403.579987,401.740814,403.559998,8112151.000000,1704213000.0
1704213000.0,403.549988,404.179993,403.371490,403.519989,4230627.000000,1704216600.0
1704216600.0,403.519989,404.160095,402.179993,402.859985,3931431.000000,1704220200.0
1704220200.0,402.859985,403.079987,401.329987,402.079987,4997496.000000,1704223800.0
1704223800.0,402.079987,402.269989,400.239990,400.769989,9301257.000000,1704227400.0
1704227400.0,400.769989,402.690002,400.548798,402.570007,6981534.000000,1704231000.0
1704292200.0,400.179993,401.000000,398.709991,399.250000,13933652.000000,1704295800.0
1704295800.0,399.250000,400.179993,398.399994,399.519989,7036619.000000,1704299400.0
1704299400.0,399.510010,399.779999,398.529999,399.260010,4554622.000000,1704303000.0
1704303000.0,399.250000,400.220001,399.099915,399.484985,3371900.000000,1704306600.0
1704306600.0,399.480011,400.440002,398.079987,400.179993,5481937.000000,1704310200.0
1704310200.0,400.200012,400.424988,398.470001,398.779999,5653001.000000,1704313800.0
1704313800.0,398.774994,399.279999,397.890015,398.334991,5168553.000000,1704317400.0
1704378600.0,396.440002,398.368896,396.192810,397.760010,10907686.000000,1704382200.0
1704382200.0,397.750000,399.589996,397.640015,399.149994,5280810.000000,1704385800.0
1704385800.0,399.160004,399.359985,397.640015,398.170013,4507838.000000,1704389400.0
1704389400.0,398.190002,398.209991,397.170013,398.000000,3393763.000000,1704393000.0
1704393000.0,398.010010,398.309998,397.049988,397.100006,2981179.000000,1704396600.0
1704396600.0,397.089996,397.885010,396.790009,397.230011,4108152.000000,1704400200.0
1704400200.0,397.255005,397.605011,396.059998,396.239990,5708028.000000,1704403800.0
1704465000.0,396.450012,399.010010,396.160004,398.589996,13845658.000000,1704468600.0
1704468600.0,398.600006,399.559998,398.098694,398.119904,6770251.000000,1704472200.0
1704472200.0,398.130005,398.429993,396.450012,396.639893,4780680.000000,1704475800.0
1704475800.0,396.600006,397.250000,396.019989,396.989990,3779653.000000,1704479400.0
1704479400.0,396.980011,397.880005,396.934998,397.130005,4032515.000000,1704483000.0
1704483000.0,397.100006,397.390015,395.339996,395.720001,4692590.000000,1704486600.0
1704486600.0,395.693207,396.989990,395.359985,396.769989,5222890.000000,1704490200.0
1704724200.0,397.989990,401.185486,397.839905,401.100006,9845692.000000,1704727800.0
1704727800.0,401.109985,401.850006,401.079987,401.279999,3944892.000000,1704731400.0
1704731400.0,401.279999,402.420013,401.260010,402.144989,3861271.000000,1704735000.0
1704735000.0,402.149994,403.029999,402.089996,402.834991,2886160.000000,1704738600.0
1704738600.0,402.845001,403.950012,402.790009,403.869995,4032989.000000,1704742200.0
1704742200.0,403.880005,404.779999,403.880005,404.429993,4956455.000000,1704745800.0
1704745800.0,404.434998,405.239990,404.339996,405.000000,8251069.000000,1704749400.0
1704810600.0,401.910004,403.769989,401.709991,403.309998,13737477.000000,1704814200.0
1704814200.0,403.309998,404.739990,402.929993,404.567505,4982033.000000,1704817800.0
1704817800.0,404.579987,405.989685,404.429993,405.681213,3915370.000000,1704821400.0
1704821400.0,405.690002,406.690002,405.390015,405.771301,3090184.000000,1704825000.0
1704825000.0,405.769989,406.390015,405.010010,405.429993,3641420.000000,1704828600.0
1704828600.0,405.440002,406.049988,405.049988,405.660004,3165628.000000,1704832200.0
1704832200.0,405.649994,406.000000,404.529999,405.790009,4996667.000000,1704835800.0
1704897000.0,406.070007,406.899994,405.170013,406.519989,8222678.000000,1704900600.0
1704900600.0,406.524994,407.458405,406.415009,406.704987,4191838.000000,1704904200.0
1704904200.0,406.739990,407.399994,406.500000,407.290009,2280542.000000,1704907800.0
1704907800.0,407.290009,408.290009,407.200012,407.630005,3025990.000000,1704911400.0
1704911400.0,407.640015,409.089996,407.590790,408.749908,5004816.000000,1704915000.0
1704915000.0,408.760010,409.515015,408.059998,408.445007,4575351.000000,1704918600.0
1704918600.0,408.470001,408.769989,407.350006,408.540009,4549581.000000,1704922200.0
1704983400.0,409.790009,411.200409,405.959991,407.570007,15264001.000000,1704987000.0
1704987000.0,407.569000,408.410004,404.799988,405.269989,7397314.000000,1704990600.0
1704990600.0,405.269989,405.834991,404.242004,405.010010,7474705.000000,1704994200.0
1704994200.0,405.015015,407.730011,405.015015,407.429993,5197260.000000,1704997800.0
1704997800.0,407.450012,409.000000,407.350006,408.899994,4371059.000000,1705001400.0
1705001400.0,408.899994,409.779999,408.380005,408.890015,4273783.000000,1705005000.0
1705005000.0,408.899994,409.579987,408.470001,409.339996,4711104.000000,1705008600.0
1705069800.0,410.399994,411.250000,408.709991,409.420013,10770208.000000,1705073400.0
1705073400.0,409.467102,410.130005,408.149994,409.799988,5457986.000000,1705077000.0
1705077000.0,409.809998,409.954987,408.260010,408.880005,3675120.000000,1705080600.0
1705080600.0,408.899994,409.679993,408.579987,409.500000,3205076.000000,1705084200.0
1705084200.0,409.519989,410.079987,409.299988,409.589905,2614383.000000,1705087800.0
1705087800.0,409.589996,409.600006,408.609985,409.130005,3465145.000000,1705091400.0
1705091400.0,409.130005,409.750000,409.059998,409.559998,5440310.000000,1705095000.0
1705415400.0,408.625000,410.380005,406.829987,410.109985,12620883.000000,1705419000.0
1705419000.0,410.119995,411.119995,408.769989,410.179993,8309943.000000,1705422600.0
1705422600.0,410.209991,410.739990,408.220001,408.359985,4921132.000000,1705426200.0
1705426200.0,408.359985,409.079987,407.730011,408.859985,4338051.000000,1705429800.0
1705429800.0,408.869995,409.089905,407.019989,407.690002,4745049.000000,1705433400.0
1705433400.0,407.690002,408.989990,407.450012,408.579987,3104576.000000,1705437000.0
1705437000.0,408.600006,409.579987,408.429993,409.529999,4359895.000000,1705440600.0
1705501800.0,406.170013,406.609985,402.920013,404.410004,16520341.000000,1705505400.0
1705505400.0,404.399994,406.267792,403.859985,406.019989,7749273.000000,1705509000.0
1705509000.0,406.029999,406.565002,405.139893,405.309998,5858313.000000,1705512600.0
1705512600.0,405.329895,406.170013,404.519989,404.795013,4955845.000000,1705516200.0
1705516200.0,404.790009,405.720001,403.980011,405.609985,5256470.000000,1705519800.0
1705519800.0,405.600006,406.584991,405.489990,405.660004,5829212.000000,1705523400.0
1705523400.0,405.660004,407.584991,405.609894,407.200012,5561799.000000,1705527000.0
1705588200.0,410.519989,411.859985,410.220001,411.329987,13661491.000000,1705591800.0
1705591800.0,411.350006,412.660004,410.730011,412.590088,8509272.000000,1705595400.0
1705595400.0,412.600006,412.988098,410.339996,411.150085,8508750.000000,1705599000.0
1705599000.0,411.160004,411.190002,409.160095,409.480011,6314359.000000,1705602600.0
1705602600.0,409.470001,412.829987,409.459991,412.779999,5985533.000000,1705606200.0
1705606200.0,412.769989,413.279999,412.109985,413.141113,8119453.000000,1705609800.0
1705609800.0,413.140015,413.575012,412.619995,413.190002,5682025.000000,1705613400.0
1705674600.0,415.220001,416.209991,414.625000,415.820007,12644624.000000,1705678200.0
1705678200.0,415.809998,417.119995,415.265015,416.779999,9911867.000000,1705681800.0
1705681800.0,416.799988,417.649994,416.049988,417.511993,7605493.000000,1705685400.0
1705685400.0,417.519989,419.170013,417.450012,419.029999,9633444.000000,1705689000.0
1705689000.0,419.029999,420.970001,419.015015,420.549988,10034716.000000,1705692600.0
1705692600.0,420.559998,421.339996,419.820007,420.920013,8070574.000000,1705696200.0
1705696200.0,420.929993,421.329987,420.779999,421.239990,7400888.000000,1705699800.0
1705933800.0,423.750000,424.727509,422.299988,422.389893,12620914.000000,1705937400.0
1705937400.0,422.390015,422.709991,421.190002,422.540009,9667266.000000,1705941000.0
1705941000.0,422.540009,423.010010,421.750000,422.480011,3424952.000000,1705944600.0
1705944600.0,422.480011,422.660004,421.119995,421.230011,3526848.000000,1705948200.0
1705948200.0,421.240112,422.390015,421.190002,421.815002,3670637.000000,1705951800.0
1705951800.0,421.820007,422.448700,421.519989,422.359985,3587574.000000,1705955400.0
1705955400.0,422.369995,422.410004,421.589996,421.720001,5322398.000000,1705959000.0
1706020200.0,422.429993,422.440002,420.570007,421.880005,8459507.000000,1706023800.0
1706023800.0,421.920013,422.230011,421.209991,421.369995,4150829.000000,1706027400.0
1706027400.0,421.367706,422.010010,421.029999,421.570007,2486626.000000,1706031000.0
1706031000.0,421.563995,422.600006,421.410004,422.179993,3366281.000000,1706034600.0
1706034600.0,422.200012,422.450012,421.795013,422.089996,2646978.000000,1706038200.0
1706038200.0,421.975006,423.290009,421.902008,422.980011,3516990.000000,1706041800.0
1706041800.0,422.980011,423.649994,422.679993,423.429993,5131495.000000,1706045400.0
1706106600.0,427.440002,428.089996,426.119995,428.029999,10014008.000000,1706110200.0
1706110200.0,428.070007,429.220001,427.363098,427.839996,6600279.000000,1706113800.0
1706113800.0,427.878998,429.380005,427.689697,429.109985,4640750.000000,1706117400.0
1706117400.0,429.130005,429.850006,428.109985,429.040009,6413271.000000,1706121000.0
1706121000.0,429.059998,429.089996,426.000000,426.359985,5317960.000000,1706124600.0
1706124600.0,426.370087,427.440002,425.579987,425.640015,6285755.000000,1706128200.0
1706128200.0,425.649994,426.792297,425.329987,425.799988,4932921.000000,1706131800.0
1706193000.0,427.500000,428.660004,426.589996,428.520386,10188796.000000,1706196600.0
1706196600.0,428.529999,428.714996,427.250000,428.380005,4763497.000000,1706200200.0
1706200200.0,428.399994,429.040009,427.029999,427.290009,5134207.000000,1706203800.0
1706203800.0,427.290009,427.450195,425.649994,426.089996,6055607.000000,1706207400.0
1706207400.0,426.077301,426.480011,424.165009,424.755005,6209017.000000,1706211000.0
1706211000.0,424.809998,425.850006,424.380005,425.339996,4582485.000000,1706214600.0
1706214600.0,425.350006,426.329987,425.220001,426.309998,5093296.000000,1706218200.0
1706279400.0,424.440002,425.036011,423.179993,424.989990,9435050.000000,1706283000.0
1706283000.0,425.010010,426.170013,424.950012,425.709991,5587688.000000,1706286600.0
1706286600.0,425.700012,426.209991,424.920013,425.410004,3649755.000000,1706290200.0
1706290200.0,425.399994,425.399994,423.410004,424.105011,4901702.000000,1706293800.0
1706293800.0,424.100006,424.250000,423.149994,423.750000,3185525.000000,1706297400.0
1706297400.0,423.760010,424.839996,423.420013,423.994995,4096047.000000,1706301000.0
1706301000.0,423.989990,424.109985,423.450012,423.769989,4154755.000000,1706304600.0
1706538600.0,424.269989,425.119995,423.760010,424.329987,6850227.000000,1706542200.0
1706542200.0,424.329987,424.649994,423.609985,424.519989,4480734.000000,1706545800.0
1706545800.0,424.540009,425.700012,424.434998,425.390411,3966258.000000,1706549400.0
1706549400.0,425.398895,425.750000,425.010010,425.454987,4167046.000000,1706553000.0
1706553000.0,425.450012,426.119995,425.126190,425.989990,3161989.000000,1706556600.0
1706556600.0,426.000000,428.350006,425.902496,428.049988,7789776.000000,1706560200.0
1706560200.0,428.049988,428.279999,427.480011,428.160004,5755106.000000,1706563800.0
1706625000.0,427.100006,427.679993,426.049988,426.975098,7499075.000000,1706628600.0
1706628600.0,426.985809,427.269989,426.100006,426.640015,3860067.000000,1706632200.0
1706632200.0,426.670013,426.959991,425.240112,425.320007,3237991.000000,1706635800.0
1706635800.0,425.320007,425.584991,424.549988,425.553986,5161825.000000,1706639400.0
1706639400.0,425.559998,425.679993,424.380005,425.230011,3756096.000000,1706643000.0
1706643000.0,425.239990,425.829987,425.059998,425.609985,3037362.000000,1706646600.0
1706646600.0,425.619995,425.674988,425.049988,425.209991,4913559.000000,1706650200.0
1706711400.0,420.850006,421.529999,418.915009,419.040009,12499629.000000,1706715000.0
1706715000.0,419.040009,419.690002,418.059998,419.369995,6756563.000000,1706718600.0
1706718600.0,419.369995,420.149994,418.950012,419.855011,3807013.000000,1706722200.0
1706722200.0,419.855011,420.949890,419.260010,420.290009,4425338.000000,1706725800.0
1706725800.0,420.299988,420.950012,418.699890,419.220001,6284295.000000,1706729400.0
1706729400.0,419.239990,422.869904,417.059998,418.390015,17430936.000000,1706733000.0
1706733000.0,418.410004,418.519989,416.790009,416.890015,9837741.000000,1706736600.0
1706797800.0,418.790009,420.334991,417.839996,420.309998,11640983.000000,1706801400.0
1706801400.0,420.320007,420.390015,417.809998,418.200012,7121095.000000,1706805000.0
1706805000.0,418.184998,420.859985,418.184998,419.730011,5674876.000000,1706808600.0
1706808600.0,419.720093,421.387512,419.390015,420.440002,5183123.000000,1706812200.0
1706812200.0,420.450012,421.339691,419.649994,420.950012,4752333.000000,1706815800.0
1706815800.0,420.970001,422.309998,420.620087,422.019989,4588093.000000,1706819400.0
1706819400.0,422.040009,422.375000,421.190002,422.079987,5040231.000000,1706823000.0
1706884200.0,423.799988,426.579987,422.790009,425.660004,16680896.000000,1706887800.0
1706887800.0,425.670013,427.839996,424.799988,427.739990,7098407.000000,1706891400.0
1706891400.0,427.739990,429.670013,427.709991,429.609985,5443648.000000,1706895000.0
1706895000.0,429.630005,429.790009,427.549988,428.640015,8197770.000000,1706898600.0
1706898600.0,428.630005,430.095001,427.980011,429.584991,4631207.000000,1706902200.0
1706902200.0,429.589996,430.239990,429.260010,430.019989,5106598.000000,1706905800.0
1706905800.0,430.019989,430.220001,429.130005,429.144989,7426756.000000,1706909400.0
1707143400.0,428.750000,429.420013,426.119995,426.739990,11598619.000000,1707147000.0
1707147000.0,426.739990,426.920013,425.000000,426.394989,5704012.000000,1707150600.0
1707150600.0,426.390015,428.250000,426.390015,428.220001,4913328.000000,1707154200.0
1707154200.0,428.220001,429.019989,428.000000,428.030090,4407824.000000,1707157800.0
1707157800.0,428.049988,428.950012,427.980011,428.839996,3517097.000000,1707161400.0
1707161400.0,428.829987,429.609985,427.880005,428.869995,4630674.000000,1707165000.0
1707165000.0,428.869995,429.241302,428.390106,428.450012,3802266.000000,1707168600.0
1707229800.0,429.609985,430.220001,426.130005,426.730011,10094474.000000,1707233400.0
1707233400.0,426.730011,427.589996,426.464996,427.500000,4471183.000000,1707237000.0
1707237000.0,427.510010,427.679993,425.220001,426.239990,5760783.000000,1707240600.0
1707240600.0,426.250000,426.535004,425.679993,426.369995,3089920.000000,1707244200.0
1707244200.0,426.369995,426.950012,425.260101,426.019989,3290175.000000,1707247800.0
1707247800.0,426.019989,427.440002,425.920013,427.010010,3284541.000000,1707251400.0
1707251400.0,427.024994,427.700012,426.149994,427.649994,3964981.000000,1707255000.0
1707316200.0,430.410004,432.659698,429.089996,432.609985,10226232.000000,1707319800.0
1707319800.0,432.609985,432.829987,431.239990,431.690002,6859104.000000,1707323400.0
1707323400.0,431.720001,432.309998,431.089996,431.439087,3709757.000000,1707327000.0
1707327000.0,431.470001,432.200012,430.549988,432.183014,4350377.000000,1707330600.0
1707330600.0,432.190002,432.459991,431.730011,431.989899,3382499.000000,1707334200.0
1707334200.0,432.010010,432.619995,431.785004,432.359985,3423606.000000,1707337800.0
1707337800.0,432.339996,432.424988,431.769989,432.029999,4037097.000000,1707341400.0
1707402600.0,432.109985,432.809998,431.420013,432.200104,6808885.000000,1707406200.0
1707406200.0,432.200012,433.500000,431.839996,432.769989,4732281.000000,1707409800.0
1707409800.0,432.750000,433.559998,432.660004,433.390015,3205648.000000,1707413400.0
1707413400.0,433.390015,433.456299,432.429993,433.214996,3617321.000000,1707417000.0
1707417000.0,433.220001,433.470001,432.230011,432.269989,2859187.000000,1707420600.0
1707420600.0,432.269989,433.149994,431.901215,432.950012,3545907.000000,1707424200.0
1707424200.0,432.950012,433.075012,432.399994,432.809998,3646140.000000,1707427800.0
1707489000.0,433.609985,435.429993,433.140106,435.420013,8436687.000000,1707492600.0
1707492600.0,435.429993,436.320007,435.239990,435.730011,5383797.000000,1707496200.0
1707496200.0,435.739990,436.250000,435.341003,436.184998,3539726.000000,1707499800.0
1707499800.0,436.200012,437.119995,435.950012,437.000000,4441353.000000,1707503400.0
1707503400.0,437.000000,437.369904,436.770111,437.359009,3863466.000000,1707507000.0
1707507000.0,437.359985,437.845001,436.924713,437.165009,4885322.000000,1707510600.0
1707510600.0,437.149994,437.329987,436.885010,437.089996,4489413.000000,1707514200.0
1707748200.0,436.940002,437.450012,436.380615,437.000000,5796348.000000,1707751800.0
1707751800.0,437.000000,438.559998,436.890015,438.475006,3379380.000000,1707755400.0
1707755400.0,438.489990,439.140015,437.850006,438.070007,4260198.000000,1707759000.0
1707759000.0,438.089996,438.859009,437.510010,437.550110,2605717.000000,1707762600.0
1707762600.0,437.559998,437.559998,434.649994,435.670013,6919933.000000,1707766200.0
1707766200.0,435.670013,435.929199,434.815002,435.560608,4316217.000000,1707769800.0
1707769800.0,435.570007,435.750000,435.040009,435.309998,3642624.000000,1707773400.0
1707834600.0,427.279999,430.070007,426.279999,430.065002,18767192.000000,1707838200.0
1707838200.0,430.059998,431.269989,429.670013,430.320007,8207327.000000,1707841800.0
1707841800.0,430.320007,430.690002,428.700012,428.829987,4961111.000000,1707845400.0
1707845400.0,428.850006,429.730011,428.179993,428.640106,4402359.000000,1707849000.0
1707849000.0,428.630005,428.799988,426.450012,426.970001,6778745.000000,1707852600.0
1707852600.0,426.959991,427.820007,425.330505,425.971313,8385741.000000,1707856200.0
1707856200.0,425.980011,428.559998,425.769989,428.519989,9660117.000000,1707859800.0
1707921000.0,431.260010,432.649994,430.130005,432.410004,9559375.000000,1707924600.0
1707924600.0,432.440002,432.540100,429.214996,430.369995,6909447.000000,1707928200.0
1707928200.0,430.369995,430.750000,428.879913,430.609985,4970878.000000,1707931800.0
1707931800.0,430.619995,431.320007,430.035004,430.549988,3845745.000000,1707935400.0
1707935400.0,430.559998,431.850006,429.850006,431.059998,4304717.000000,1707939000.0
1707939000.0,431.070007,432.559998,430.859985,432.420013,5147837.000000,1707942600.0
1707942600.0,432.424988,433.649994,432.109985,433.239990,7174854.000000,1707946200.0
1708007400.0,433.920013,434.279999,431.725006,432.230011,8367065.000000,1708011000.0
1708011000.0,432.269989,433.149994,431.329987,432.575012,6439830.000000,1708014600.0
1708014600.0,432.579987,433.559998,432.119995,433.444702,3718898.000000,1708018200.0
1708018200.0,433.470001,434.744995,433.000000,434.709991,4638914.000000,1708021800.0
1708021800.0,434.720001,434.980011,433.738708,434.399994,5206468.000000,1708025400.0
1708025400.0,434.404999,434.859985,433.535004,434.089905,4361108.000000,1708029000.0
1708029000.0,434.079987,434.609985,433.760010,434.529999,3897016.000000,1708032600.0
1708093800.0,434.890015,434.989990,429.850006,431.029999,11614293.000000,1708097400.0
1708097400.0,431.070007,433.690002,430.410004,433.359985,8043296.000000,1708101000.0
1708101000.0,433.369995,434.079987,432.924988,433.785004,8307969.000000,1708104600.0
1708104600.0,433.779999,433.899994,431.920013,432.640015,4448117.000000,1708108200.0
1708108200.0,432.649994,434.350006,432.500000,433.989899,3307404.000000,1708111800.0
1708111800.0,433.984985,434.089996,430.940002,431.570007,6834152.000000,1708115400.0
1708115400.0,431.570007,431.709991,429.989990,430.589996,6852908.000000,1708119000.0
1708439400.0,428.929993,430.079987,424.720001,424.850006,13779668.000000,1708443000.0
1708443000.0,424.850006,426.947998,424.209991,426.399994,6988464.000000,1708446600.0
1708446600.0,426.410004,426.420013,423.654999,423.989990,5533307.000000,1708450200.0
1708450200.0,424.000000,425.440094,423.500000,424.462006,5896429.000000,1708453800.0
1708453800.0,424.460297,425.769989,424.059998,425.630005,4491556.000000,1708457400.0
1708457400.0,425.630005,426.869995,425.234985,426.709991,4734184.000000,1708461000.0
1708461000.0,426.720001,427.359985,425.380005,427.320007,8072491.000000,1708464600.0
1708525800.0,424.549988,425.299896,423.445007,424.049988,8313654.000000,1708529400.0
1708529400.0,424.049988,425.130005,423.579987,424.445007,4864069.000000,1708533000.0
1708533000.0,424.459991,424.994995,423.174988,423.370087,6423586.000000,1708536600.0
1708536600.0,423.390015,424.329987,422.950012,423.609985,6334855.000000,1708540200.0
1708540200.0,423.619995,424.359985,422.105011,422.545013,4764653.000000,1708543800.0
1708543800.0,422.540009,422.855499,421.630005,422.760010,5956796.000000,1708547400.0
1708547400.0,422.779999,425.700012,422.760010,425.609985,6763317.000000,1708551000.0
1708612200.0,434.500000,436.285004,433.709991,435.980011,15132058.000000,1708615800.0
1708615800.0,435.980011,436.410004,434.510010,435.920013,6525478.000000,1708619400.0
1708619400.0,435.929993,436.809998,435.450012,436.739990,4385249.000000,1708623000.0
1708623000.0,436.739990,437.709991,436.340088,437.559998,4008845.000000,1708626600.0
1708626600.0,437.589996,439.119995,437.434998,439.080292,4603051.000000,1708630200.0
1708630200.0,439.089996,439.119995,437.850006,438.450012,6490972.000000,1708633800.0
1708633800.0,438.450012,439.079895,438.059998,438.149994,7923904.000000,1708637400.0
1708698600.0,439.649994,440.589996,438.170013,438.269989,9804178.000000,1708702200.0
1708702200.0,438.269989,438.859985,435.790009,437.269989,7451174.000000,1708705800.0
1708705800.0,437.269989,438.619995,436.779999,437.579987,4081795.000000,1708709400.0
1708709400.0,437.575012,438.575012,436.959991,438.369995,2879739.000000,1708713000.0
1708713000.0,438.380005,438.510010,436.829987,436.999695,3480185.000000,1708716600.0
1708716600.0,437.029999,437.679993,436.309998,436.420013,3905583.000000,1708720200.0
1708720200.0,436.429993,437.500000,436.230011,436.739990,5196253.000000,1708723800.0
1708957800.0,438.000000,438.399994,436.355011,437.660004,9098743.000000,1708961400.0
1708961400.0,437.670013,438.140015,436.970001,437.579987,4119801.000000,1708965000.0
1708965000.0,437.589996,438.579987,437.519989,438.378113,4099649.000000,1708968600.0
1708968600.0,438.385010,438.600006,437.019989,437.135986,3526115.000000,1708972200.0
1708972200.0,437.160004,438.084991,436.690002,437.928589,3989412.000000,1708975800.0
1708975800.0,437.910004,438.170013,437.320007,437.510010,2814651.000000,1708979400.0
1708979400.0,437.519989,437.660004,436.519989,436.630005,3725217.000000,1708983000.0
1709044200.0,437.429901,437.989990,435.809998,437.470001,8114683.000000,1709047800.0
1709047800.0,437.480011,437.869995,436.579987,436.649994,3912488.000000,1709051400.0
1709051400.0,436.630005,437.470001,436.359985,436.619995,5152217.000000,1709055000.0
1709055000.0,436.630005,436.839996,435.024994,435.787506,3720435.000000,1709058600.0
1709058600.0,435.799988,437.415009,435.690002,437.369904,3320439.000000,1709062200.0
1709062200.0,437.369995,437.959991,437.320007,437.834991,3820699.000000,1709065800.0
1709065800.0,437.839996,437.899994,437.260010,437.630005,4006430.000000,1709069400.0
1709130600.0,435.429993,435.980011,434.299988,434.929993,8064991.000000,1709134200.0
1709134200.0,434.950012,436.500000,434.890015,436.329987,3612979.000000,1709137800.0
1709137800.0,436.350006,436.670013,435.489990,435.609985,2814041.000000,1709141400.0
1709141400.0,435.610107,435.850006,434.720001,435.780090,3708707.000000,1709145000.0
1709145000.0,435.809998,436.200012,434.980011,435.100311,3974004.000000,1709148600.0
1709148600.0,435.100006,435.549988,434.475006,435.484985,4200559.000000,1709152200.0
1709152200.0,435.470001,435.595001,434.654999,435.280090,3433573.000000,1709155800.0
1709217000.0,438.750000,439.269989,437.019989,437.899994,10639206.000000,1709220600.0
1709220600.0,437.910004,438.380005,436.690002,436.971405,4053653.000000,1709224200.0
1709224200.0,436.979401,437.529999,435.019989,436.790009,7203001.000000,1709227800.0
1709227800.0,436.779999,438.649994,436.760406,438.549988,4363014.000000,1709231400.0
1709231400.0,438.559998,438.875000,437.825012,438.095001,3544432.000000,1709235000.0
1709235000.0,438.109985,438.709991,437.640015,438.670013,2993926.000000,1709238600.0
1709238600.0,438.660004,440.089996,438.529999,439.089996,6942649.000000,1709242200.0
1709303400.0,440.220001,442.299988,439.850006,441.899994,5007677.000000,1709307000.0
1709307000.0,441.920013,443.410004,441.059998,443.110291,9265268.000000,1709310600.0
1709310600.0,443.140015,444.130005,442.730011,443.989990,3606104.000000,1709314200.0
1709314200.0,443.989990,445.309998,443.760010,445.269989,11221144.000000,1709317800.0
1709317800.0,445.269989,446.510010,445.130005,446.470001,0.000000,1709321400.0
1709321400.0,446.470001,446.579987,445.329987,445.890015,5577728.000000,1709325000.0
1709325000.0,445.899994,445.964996,445.519989,445.670013,6006102.000000,1709328600.0
1709562600.0,445.380005,445.600006,444.429993,444.679993,7870861.000000,1709566200.0
1709566200.0,444.679993,445.709991,444.600006,445.029999,0.000000,1709569800.0
1709569800.0,445.019989,445.519989,444.470001,445.515015,1605905.000000,1709573400.0
1709573400.0,445.510010,445.589996,444.200012,444.560211,1832224.000000,1709577000.0
1709577000.0,444.549988,445.209991,444.529999,444.929993,1781212.000000,1709580600.0
1709580600.0,444.929993,446.040009,444.875000,445.420013,3264359.000000,1709584200.0
1709584200.0,445.410004,445.630005,443.769989,443.910004,17897338.000000,1709587800.0
1709649000.0,440.750000,440.820007,436.570007,436.799988,14340907.000000,1709652600.0
1709652600.0,436.790009,436.790009,435.540009,436.739990,7697260.000000,1709656200.0
1709656200.0,436.190002,437.118011,435.480286,437.100006,0.000000,1709659800.0
1709659800.0,437.114990,437.190002,435.529999,435.859985,1915845.000000,1709663400.0
1709663400.0,435.809998,436.198914,434.720001,435.160095,3184375.000000,1709667000.0
1709667000.0,435.160004,435.230011,433.720001,433.850006,3683742.000000,1709670600.0
1709670600.0,433.850006,436.109985,433.650085,436.049988,26897213.000000,1709674200.0
1709735400.0,440.690002,440.690002,436.890015,438.200012,11995488.000000,1709739000.0
1709739000.0,438.209991,440.399994,437.799988,440.130005,0.000000,1709742600.0
1709742600.0,440.154999,441.760010,439.260010,441.519989,2562248.000000,1709746200.0
1709746200.0,441.545013,441.989990,440.609985,441.459991,1845545.000000,1709749800.0
1709749800.0,441.480011,441.559998,437.929993,439.670013,4567782.000000,1709753400.0
1709753400.0,439.720001,440.000000,437.609985,438.220001,2748383.000000,1709757000.0
1709757000.0,438.260010,439.299988,437.399994,438.859985,21841303.000000,1709760600.0
1709821800.0,442.420013,443.769989,440.859985,443.750000,10077095.000000,1709825400.0
1709825400.0,443.760010,445.089203,443.290009,444.929993,5616521.000000,1709829000.0
1709829000.0,444.929993,445.950012,444.279999,445.440002,4582843.000000,1709832600.0
1709832600.0,445.440002,445.920013,444.915009,445.920013,3429891.000000,1709836200.0
1709836200.0,445.929993,446.720001,445.760010,446.250000,4197410.000000,1709839800.0
1709839800.0,446.243988,446.619995,444.980011,445.350006,4345294.000000,1709843400.0
1709843400.0,445.350006,446.244995,445.299988,445.510010,6927361.000000,1709847000.0
1709908200.0,445.500000,448.600006,445.070007,448.469910,10941320.000000,1709911800.0
1709911800.0,448.489990,448.640015,442.700012,442.860992,12954959.000000,1709915400.0
1709915400.0,442.859985,443.640015,441.160004,442.619995,11694088.000000,1709919000.0
1709919000.0,442.670013,442.865906,439.100006,439.480011,8956420.000000,1709922600.0
1709922600.0,439.390015,441.140015,438.339996,440.857391,6996403.000000,1709926200.0
1709926200.0,440.859894,442.309998,439.149994,439.269989,8395312.000000,1709929800.0
1709929800.0,439.285004,440.260010,438.980011,439.000000,8626513.000000,1709933400.0
1710163800.0,437.750000,438.049988,435.440002,436.390015,12172923.000000,1710167400.0
1710167400.0,436.399994,438.630005,436.329987,436.420013,6822847.000000,1710171000.0
1710171000.0,436.429993,438.179993,436.119995,437.450012,4599674.000000,1710174600.0
1710174600.0,437.480011,438.119995,436.790009,437.910004,3784884.000000,1710178200.0
1710178200.0,437.880005,438.269989,436.649994,437.915009,4003659.000000,1710181800.0
1710181800.0,437.929993,438.660004,436.940002,437.070007,5706793.000000,1710185400.0
1710185400.0,437.070007,437.859985,436.799988,437.350006,5553856.000000,1710189000.0
1710250200.0,439.730011,441.049988,436.459991,440.989990,14023730.000000,1710253800.0
1710253800.0,441.000000,443.200012,441.000000,443.149994,7802710.000000,1710257400.0
1710257400.0,443.170013,443.192108,441.239990,441.480103,4756544.000000,1710261000.0
1710261000.0,441.484985,441.959991,440.070007,441.459991,7086511.000000,1710264600.0
1710264600.0,441.452515,442.934998,441.380402,442.903198,5547322.000000,1710268200.0
1710268200.0,442.906006,443.588989,442.059998,443.500000,6388151.000000,1710271800.0
1710271800.0,443.510010,444.019989,443.200012,443.679993,6527203.000000,1710275400.0
1710336600.0,442.649994,442.670013,439.660004,440.600006,9151903.000000,1710340200.0
1710340200.0,440.589996,441.597992,439.929993,440.070007,4844113.000000,1710343800.0
1710343800.0,440.070007,440.720001,439.119995,440.350006,5061408.000000,1710347400.0
1710347400.0,440.359985,441.730011,439.989990,441.540009,3653907.000000,1710351000.0
1710351000.0,441.549988,441.839996,441.040009,441.470001,3042181.000000,1710354600.0
1710354600.0,441.489990,441.970001,439.220001,439.820007,4493712.000000,1710358200.0
1710358200.0,439.820007,440.729889,439.649994,440.230011,5771340.000000,1710361800.0
1710423000.0,441.500000,442.029999,437.390015,440.054993,12070089.000000,1710426600.0
1710426600.0,440.029999,440.730011,438.875000,439.200012,7086338.000000,1710430200.0
1710430200.0,439.230011,440.040009,438.339996,439.239990,4371254.000000,1710433800.0
1710433800.0,439.225311,439.820007,437.579987,438.140015,5037066.000000,1710437400.0
1710437400.0,438.140015,440.440002,437.820007,439.700012,4622531.000000,1710441000.0
1710441000.0,439.690002,439.950012,436.649994,437.130005,8542646.000000,1710444600.0
1710444600.0,437.140015,439.190002,436.390015,439.190002,7584042.000000,1710448200.0
1710509400.0,436.160004,436.779999,433.299988,435.130005,9124295.000000,1710513000.0
1710513000.0,435.059998,436.690002,434.510010,435.040009,7642690.000000,1710516600.0
1710516600.0,435.040009,435.220001,433.119995,433.570007,4284724.000000,1710520200.0
1710520200.0,433.559998,434.289886,432.741699,433.795013,3310104.000000,1710523800.0
1710523800.0,433.790009,434.760010,433.480011,433.929993,3866955.000000,1710527400.0
1710527400.0,433.920013,435.089996,433.880005,434.679901,3036266.000000,1710531000.0
1710531000.0,434.690002,434.799988,433.565002,433.880005,6011106.000000,1710534600.0
1710768600.0,438.739990,441.040009,438.570007,440.820099,13946111.000000,1710772200.0
1710772200.0,440.829987,441.010010,439.089996,439.595001,6429290.000000,1710775800.0
1710775800.0,439.600006,439.630005,438.429993,438.940002,5710122.000000,1710779400.0
1710779400.0,438.950012,439.190002,437.609985,438.839996,4389004.000000,1710783000.0
1710783000.0,438.890015,439.411285,437.839996,439.399994,3662941.000000,1710786600.0
1710786600.0,439.388794,439.420013,438.079987,438.679993,4135314.000000,1710790200.0
1710790200.0,438.700012,438.959991,437.239990,437.470001,5055700.000000,1710793800.0
1710855000.0,435.470001,435.690002,433.329987,433.899994,10131944.000000,1710858600.0
1710858600.0,433.859985,435.570007,433.679993,435.192505,4732434.000000,1710862200.0
1710862200.0,435.220001,436.920013,435.220001,436.769989,5700990.000000,1710865800.0
1710865800.0,436.799988,438.890015,436.799988,438.070007,5705806.000000,1710869400.0
1710869400.0,438.095001,438.878906,437.859985,438.489685,3573677.000000,1710873000.0
1710873000.0,438.459991,438.980011,437.239990,437.619995,4468286.000000,1710876600.0
1710876600.0,437.609985,438.880005,437.484985,438.579987,6084306.000000,1710880200.0
1710941400.0,439.899994,440.160004,438.061188,439.299988,6367487.000000,1710945000.0
1710945000.0,439.290009,439.440002,438.165009,439.029999,2582829.000000,1710948600.0
1710948600.0,439.010010,439.250000,438.260010,438.869995,2996391.000000,1710952200.0
1710952200.0,438.880005,439.170013,438.290009,438.464996,2209965.000000,1710955800.0
1710955800.0,438.450012,441.859985,438.079987,441.070007,6918979.000000,1710959400.0
1710959400.0,441.089996,443.950012,439.040009,443.839996,11826068.000000,1710963000.0
1710963000.0,443.829987,444.109985,442.700012,443.809998,6433062.000000,1710966600.0
1711027800.0,448.888000,449.320007,447.380005,448.195007,9986095.000000,1711031400.0
1711031400.0,448.220001,448.450012,447.220001,448.149994,5178118.000000,1711035000.0
1711035000.0,448.079987,449.339996,448.015015,449.250000,3854370.000000,1711038600.0
1711038600.0,449.250000,449.339996,448.149994,448.309998,4081970.000000,1711042200.0
1711042200.0,448.290009,448.309998,446.410004,447.195007,4233067.000000,1711045800.0
1711045800.0,447.190002,447.190002,445.679993,446.470001,5102547.000000,1711049400.0
1711049400.0,446.470001,446.820007,445.670013,445.779999,4993745.000000,1711053000.0
1711114200.0,445.369995,446.040009,444.500000,445.265015,6190344.000000,1711117800.0
1711117800.0,445.290009,445.859985,444.559998,445.760010,2619807.000000,1711121400.0
1711121400.0,445.769989,446.105011,445.269989,445.769409,2788340.000000,1711125000.0
1711125000.0,445.799988,447.079987,445.170013,446.829895,2955894.000000,1711128600.0
1711128600.0,446.829987,447.489990,446.394989,447.090393,3586235.000000,1711132200.0
1711132200.0,447.111389,447.149994,445.600006,446.190002,3353231.000000,1711135800.0
1711135800.0,446.179993,446.989990,445.920013,446.200012,4307947.000000,1711139400.0
1711373400.0,443.420013,445.559998,442.540009,444.875000,7494336.000000,1711377000.0
1711377000.0,444.869995,445.559998,444.549988,445.234497,3564454.000000,1711380600.0
1711380600.0,445.260010,445.829987,444.989990,445.149506,2847253.000000,1711384200.0
1711384200.0,445.149994,445.679993,444.820007,445.605011,2035564.000000,1711387800.0
1711387800.0,445.619995,446.179993,445.459991,445.970001,2597461.000000,1711391400.0
1711391400.0,445.970001,446.260010,445.179993,445.309998,3196036.000000,1711395000.0
1711395000.0,445.281311,445.855011,444.700012,444.739990,4775823.000000,1711398600.0
1711459800.0,446.279999,447.225006,445.790009,445.959991,7270684.000000,1711463400.0
1711463400.0,445.920013,446.530090,445.429993,446.260010,3955475.000000,1711467000.0
1711467000.0,446.279999,446.750000,445.739990,446.059906,2788069.000000,1711470600.0
1711470600.0,446.062012,446.128998,445.350006,445.795013,2257321.000000,1711474200.0
1711474200.0,445.799988,446.084686,445.369995,446.029999,2119788.000000,1711477800.0
1711477800.0,446.019989,446.117401,444.625000,444.880005,3343110.000000,1711481400.0
1711481400.0,444.910004,444.910004,443.100006,443.299988,8980000.000000,1711485000.0
1711546200.0,446.440002,446.540009,441.929993,442.769989,9997624.000000,1711549800.0
1711549800.0,442.799988,443.470001,442.429993,442.449890,4330267.000000,1711553400.0
1711553400.0,442.470001,443.339996,442.200012,443.274994,4159683.000000,1711557000.0
1711557000.0,443.260010,443.690002,442.579987,443.053986,3104021.000000,1711560600.0
1711560600.0,443.089996,443.859589,442.759796,443.700012,3028794.000000,1711564200.0
1711564200.0,443.720001,443.820007,442.269989,443.200012,4914190.000000,1711567800.0
1711567800.0,443.209991,444.980011,443.010010,444.920013,7647610.000000,1711571400.0
1711632600.0,444.809998,445.640015,443.760010,444.466614,7062215.000000,1711636200.0
1711636200.0,444.484985,445.100006,444.339996,444.890015,5024323.000000,1711639800.0
1711639800.0,444.898804,445.049988,444.000000,444.480011,3434898.000000,1711643400.0
1711643400.0,444.510010,444.520294,443.731293,443.979004,2969188.000000,1711647000.0
1711647000.0,443.954987,444.380005,443.649994,444.234009,3065743.000000,1711650600.0
1711650600.0,444.239990,445.149994,443.690002,444.890106,4767731.000000,1711654200.0
1711654200.0,444.899994,445.079987,443.829987,443.989990,7453185.000000,1711657800.0
1711978200.0,444.959991,447.529999,444.549988,445.819885,10434848.000000,1711981800.0
1711981800.0,445.829987,446.000000,443.270905,444.350006,7372565.000000,1711985400.0
1711985400.0,444.359985,444.540009,443.019989,444.450104,4670009.000000,1711989000.0
1711989000.0,444.459991,444.839996,443.280090,443.869995,3669911.000000,1711992600.0
1711992600.0,443.890015,444.559998,443.730011,444.355011,2558422.000000,1711996200.0
1711996200.0,444.339996,444.730011,444.019989,444.309998,2814924.000000,1711999800.0
1711999800.0,444.319885,445.380005,444.049988,444.989990,5562844.000000,1712003400.0
1712064600.0,440.070007,440.190002,438.029999,438.899994,13913986.000000,1712068200.0
1712068200.0,438.915009,439.720001,438.181213,439.619904,6221814.000000,1712071800.0
1712071800.0,439.609985,440.019989,438.700012,439.279907,4124221.000000,1712075400.0
1712075400.0,439.278503,440.369995,439.220001,439.889893,3774743.000000,1712079000.0
1712079000.0,439.890015,440.279999,439.635010,439.940002,2884791.000000,1712082600.0
1712082600.0,439.940002,440.688812,439.600006,440.510010,4123111.000000,1712086200.0
1712086200.0,440.540009,441.429993,440.399994,441.089996,6868524.000000,1712089800.0
1712151000.0,438.970001,443.225006,438.959991,443.000092,9268230.000000,1712154600.0
1712154600.0,443.019989,443.950012,442.839996,443.779999,6315716.000000,1712158200.0
1712158200.0,443.809998,444.000000,442.239990,443.415009,4968872.000000,1712161800.0
1712161800.0,443.410004,443.700012,442.089996,443.299988,5055272.000000,1712165400.0
1712165400.0,443.320007,443.529907,442.929993,442.984985,2231170.000000,1712169000.0
1712169000.0,442.963013,443.388306,440.470001,441.179993,4854053.000000,1712172600.0
1712172600.0,441.195007,442.239990,440.769989,442.059998,5731024.000000,1712176200.0
1712237400.0,446.350006,446.950012,445.029999,445.579987,8721562.000000,1712241000.0
1712241000.0,445.579987,445.661896,444.910004,445.429993,3324219.000000,1712244600.0
1712244600.0,445.440002,446.890015,445.345001,446.630005,3762106.000000,1712248200.0
1712248200.0,446.640106,446.928986,446.320007,446.329987,2838151.000000,1712251800.0
1712251800.0,446.350006,446.410004,441.255005,441.440002,8568672.000000,1712255400.0
1712255400.0,441.420013,441.420013,436.000000,436.049988,15438940.000000,1712259000.0
1712259000.0,436.059998,436.809998,435.109985,435.239990,11123852.000000,1712262600.0
1712323800.0,436.839996,439.549988,435.959991,438.380005,12317732.000000,1712327400.0
1712327400.0,438.380005,441.209991,438.119995,440.239288,7206848.000000,1712331000.0
1712331000.0,440.239990,442.429993,440.010010,441.940002,6683545.000000,1712334600.0
1712334600.0,441.950012,443.170013,441.440002,442.220001,5502230.000000,1712338200.0
1712338200.0,442.239990,442.640015,439.450012,440.100006,6606461.000000,1712341800.0
1712341800.0,440.239990,441.079987,439.540009,440.339996,5752173.000000,1712345400.0
1712345400.0,440.329987,441.380005,440.220001,440.510010,7149093.000000,1712349000.0
1712583000.0,441.420013,441.700012,439.200012,441.679993,6818035.000000,1712586600.0
1712586600.0,441.684998,442.500000,441.320007,441.570007,4084629.000000,1712590200.0
1712590200.0,441.524597,441.537201,439.579987,440.279999,3722773.000000,1712593800.0
1712593800.0,440.279999,441.130005,440.174988,440.989990,2553641.000000,1712597400.0
1712597400.0,441.000000,441.279999,440.220612,441.003998,2449388.000000,1712601000.0
1712601000.0,441.034607,441.220001,440.359985,441.079987,2270670.000000,1712604600.0
1712604600.0,441.059998,441.450012,440.339996,440.619995,4986307.000000,1712608200.0
1712669400.0,443.029907,443.239990,440.070007,440.350006,7385649.000000,1712673000.0
1712673000.0,440.359985,440.380005,437.440002,438.984985,8734336.000000,1712676600.0
1712676600.0,438.980011,440.809998,438.582397,440.390015,3864752.000000,1712680200.0
1712680200.0,440.399994,440.850006,439.630005,440.200012,3171932.000000,1712683800.0
1712683800.0,440.209991,440.619995,439.290009,439.799988,3238859.000000,1712687400.0
1712687400.0,439.809998,441.489990,438.730103,441.420013,4433217.000000,1712691000.0
1712691000.0,441.399994,442.329987,440.519989,442.250000,6269353.000000,1712694600.0
1712755800.0,436.839996,438.670013,436.350006,437.899994,20080490.000000,1712759400.0
1712759400.0,437.950012,439.239990,436.769989,438.019714,8455256.000000,1712763000.0
1712763000.0,438.029999,438.059998,436.682007,437.299988,3319499.000000,1712766600.0
1712766600.0,437.309998,439.040009,436.450012,437.859985,6158327.000000,1712770200.0
1712770200.0,437.809998,438.630005,436.390015,437.072906,8008278.000000,1712773800.0
1712773800.0,437.109985,442.230011,436.519989,438.040009,6190144.000000,1712777400.0
1712777400.0,438.040009,439.059998,437.299988,438.279999,6400035.000000,1712781000.0
1712842200.0,440.250000,440.480011,437.959991,438.920013,10439314.000000,1712845800.0
1712845800.0,438.940002,440.549988,438.779999,439.795013,4707876.000000,1712849400.0
1712849400.0,439.809998,441.700012,439.720001,440.940002,4050017.000000,1712853000.0
1712853000.0,440.950012,444.040009,440.790009,443.730011,5809311.000000,1712856600.0
1712856600.0,443.750000,445.829987,443.299988,445.779999,6873959.000000,1712860200.0
1712860200.0,445.779999,446.140015,445.309998,445.904999,5369644.000000,1712863800.0
1712863800.0,445.904999,446.329987,445.424988,445.459991,6003562.000000,1712867400.0
1712928600.0,441.130005,442.230011,440.239990,440.589996,11017201.000000,1712932200.0
1712932200.0,440.589996,440.910004,438.661011,440.339996,7853509.000000,1712935800.0
1712935800.0,440.359985,441.010010,438.799988,438.850006,4509191.000000,1712939400.0
1712939400.0,438.859985,439.010010,437.019989,437.319885,7444702.000000,1712943000.0
1712943000.0,437.304993,438.630005,436.959991,438.059998,4690314.000000,1712946600.0
1712946600.0,438.049988,438.100006,436.880005,437.320007,6437332.000000,1712950200.0
1712950200.0,437.329895,438.709991,437.209991,438.309998,8165273.000000,1712953800.0
1713187800.0,442.070007,442.090088,438.600006,439.519989,11585642.000000,1713191400.0
1713191400.0,439.500000,440.000000,437.820007,438.709991,6551698.000000,1713195000.0
1713195000.0,438.725006,439.480011,437.059998,437.288910,4082047.000000,1713198600.0
1713198600.0,437.299988,437.299988,432.690002,432.790009,8098253.000000,1713202200.0
1713202200.0,432.809998,432.809998,430.940002,431.429993,12426591.000000,1713205800.0
1713205800.0,431.399994,432.549988,430.209991,430.619995,7456748.000000,1713209400.0
1713209400.0,430.660004,431.730011,430.570007,430.989990,9053573.000000,1713213000.0
1713274200.0,430.890015,432.410004,429.779999,430.640015,10376022.000000,1713277800.0
1713277800.0,430.641205,432.109985,430.079987,431.929993,6319661.000000,1713281400.0
1713281400.0,431.929993,432.529999,430.739990,431.654999,4040125.000000,1713285000.0
1713285000.0,431.619995,432.380005,431.350006,431.640015,3728673.000000,1713288600.0
1713288600.0,431.679993,433.760010,429.700012,430.619995,9581928.000000,1713292200.0
1713292200.0,430.619995,432.989990,430.589996,432.739990,5486429.000000,1713295800.0
1713295800.0,432.709991,432.709991,431.000000,431.089996,5898000.000000,1713299400.0
1713360600.0,433.089996,433.099915,429.529999,430.540009,9745198.000000,1713364200.0
1713364200.0,430.540009,430.730011,428.470001,428.529999,6273616.000000,1713367800.0
1713367800.0,428.529999,428.660004,426.239990,426.470001,7226447.000000,1713371400.0
1713371400.0,426.459991,427.269989,424.909302,427.269989,7960755.000000,1713375000.0
1713375000.0,427.260010,428.049988,426.730011,427.170013,5092803.000000,1713378600.0
1713378600.0,427.230011,429.250000,425.730011,425.867096,7464245.000000,1713382200.0
1713382200.0,425.869995,427.239990,425.679993,425.799988,9298346.000000,1713385800.0
1713447000.0,426.410004,426.609985,423.529999,425.989990,12003884.000000,1713450600.0
1713450600.0,426.010010,428.239990,425.989990,427.265015,5920460.000000,1713454200.0
1713454200.0,427.269989,427.480988,426.400085,426.779388,3773589.000000,1713457800.0
1713457800.0,426.769989,426.839996,423.200012,424.401398,5560977.000000,1713461400.0
1713461400.0,424.410004,424.619690,422.829987,423.809998,4991363.000000,1713465000.0
1713465000.0,423.820007,424.475006,422.859985,423.779999,5668211.000000,1713468600.0
1713468600.0,423.809998,424.540009,423.010010,423.359985,5683146.000000,1713472200.0
1713533400.0,422.119995,422.750000,418.519989,419.378693,15818148.000000,1713537000.0
1713537000.0,419.369995,420.470001,418.040009,418.350006,9598380.000000,1713540600.0
1713540600.0,418.325104,418.799988,415.299988,415.339996,9179840.000000,1713544200.0
1713544200.0,415.370514,417.924988,415.230011,416.619995,7886101.000000,1713547800.0
1713547800.0,416.589996,418.515106,415.380005,415.380005,6522768.000000,1713551400.0
1713551400.0,415.380005,415.890015,413.260010,414.670013,11039887.000000,1713555000.0
1713555000.0,414.670013,414.989899,413.070007,414.649994,11897156.000000,1713558600.0
1713792600.0,417.320007,418.329987,414.739990,414.999695,13291570.000000,1713796200.0
1713796200.0,414.994995,416.049988,413.940002,415.320496,6686222.000000,1713799800.0
1713799800.0,415.339996,417.480011,415.230011,416.584991,5655509.000000,1713803400.0
1713803400.0,416.589996,418.660889,416.025085,418.660889,3616583.000000,1713807000.0
1713807000.0,418.640015,420.940002,418.600006,420.709991,5424527.000000,1713810600.0
1713810600.0,420.725006,421.179993,419.451294,419.778687,5242715.000000,1713814200.0
1713814200.0,419.750000,419.879913,418.230011,418.850006,5049050.000000,1713817800.0
1713879000.0,420.910004,424.209991,420.420013,424.105011,11722008.000000,1713882600.0
1713882600.0,424.144989,425.079987,423.510010,424.610107,7519239.000000,1713886200.0
1713886200.0,424.614990,425.279999,423.959991,425.070007,3954913.000000,1713889800.0
1713889800.0,425.070007,425.269989,424.250000,424.920013,3284986.000000,1713893400.0
1713893400.0,424.910004,426.160004,424.649994,426.089996,3169795.000000,1713897000.0
1713897000.0,426.109985,426.279999,425.190002,425.529999,4589393.000000,1713900600.0
1713900600.0,425.529999,425.799988,424.769989,425.140015,5556011.000000,1713904200.0
1713965400.0,428.179993,429.730011,427.709991,428.070007,13448950.000000,1713969000.0
1713969000.0,428.089996,428.429993,425.859985,426.399994,5079667.000000,1713972600.0
1713972600.0,426.440002,426.979889,424.549988,425.209900,5542049.000000,1713976200.0
1713976200.0,425.190002,426.420013,424.200012,426.299988,4506635.000000,1713979800.0
1713979800.0,426.309998,427.549713,425.820007,425.929993,4904435.000000,1713983400.0
1713983400.0,425.920013,427.036713,425.170013,426.690002,4644580.000000,1713987000.0
1713987000.0,426.690002,427.109985,426.429993,426.429993,4056915.000000,1713990600.0
1714051800.0,419.239990,421.529999,418.140015,421.170013,15743104.000000,1714055400.0
1714055400.0,421.179993,421.279388,418.980011,420.549988,7523811.000000,1714059000.0
1714059000.0,420.540009,421.940002,419.484985,421.820587,6193783.000000,1714062600.0
1714062600.0,421.829987,423.260010,421.460114,422.679993,5465778.000000,1714066200.0
1714066200.0,422.660004,424.809998,422.550293,423.100006,5133700.000000,1714069800.0
1714069800.0,423.070007,425.320007,422.630005,425.160004,4560101.000000,1714073400.0
1714073400.0,425.165009,425.190002,423.609985,424.380005,5789003.000000,1714077000.0
1714138200.0,427.630005,431.089996,426.920013,429.980011,15850598.000000,1714141800.0
1714141800.0,430.010010,432.170013,429.640015,431.000000,5708778.000000,1714145400.0
1714145400.0,431.015015,431.929993,430.690002,431.230011,3039855.000000,1714149000.0
1714149000.0,431.269989,432.470001,430.959991,432.279999,2726232.000000,1714152600.0
1714152600.0,432.290009,432.549988,431.130005,431.312012,2857979.000000,1714156200.0
1714156200.0,431.309998,432.244995,430.970001,432.220001,3701951.000000,1714159800.0
1714159800.0,432.209991,432.239990,430.980011,431.049988,5568037.000000,1714163400.0
1714397400.0,433.100006,433.760010,430.899994,432.467102,8399214.000000,1714401000.0
1714401000.0,432.450012,432.989990,431.630005,432.049988,3568753.000000,1714404600.0
1714404600.0,432.059998,432.779907,431.260406,432.779907,2470894.000000,1714408200.0
1714408200.0,432.769989,433.200012,431.980011,433.179993,2481658.000000,1714411800.0
1714411800.0,433.179993,433.345306,432.190002,432.295288,2664488.000000,1714415400.0
1714415400.0,432.260010,432.390015,429.980011,431.334991,5068852.000000,1714419000.0
1714419000.0,431.339996,432.855011,431.250000,432.730011,3691072.000000,1714422600.0
1714483800.0,431.149994,432.559998,430.876099,430.880005,5986296.000000,1714487400.0
1714487400.0,430.869995,432.170013,429.130005,429.589996,4776699.000000,1714491000.0
1714491000.0,429.600006,429.699493,428.649994,429.450012,3624919.000000,1714494600.0
1714494600.0,429.450012,429.450012,427.299988,427.815002,4387103.000000,1714498200.0
1714498200.0,427.799988,428.970001,427.579987,427.600098,3000163.000000,1714501800.0
1714501800.0,427.640015,428.390015,426.910004,427.649994,5220479.000000,1714505400.0
1714505400.0,427.670013,428.049988,424.510010,424.559998,12087538.000000,1714509000.0
1714570200.0,423.140015,423.519989,421.299988,422.329987,8786375.000000,1714573800.0
1714573800.0,422.339996,423.250000,420.970001,421.929993,3810580.000000,1714577400.0
1714577400.0,421.940002,422.669586,420.660004,422.215790,3767177.000000,1714581000.0
1714581000.0,422.200195,422.214996,421.000000,421.847900,2838199.000000,1714584600.0
1714584600.0,421.880005,424.690002,421.690002,424.556305,5906254.000000,1714588200.0
1714588200.0,424.549988,430.140015,422.270111,428.358093,13269359.000000,1714591800.0
1714591800.0,428.350006,428.359985,421.309998,421.450012,10208444.000000,1714595400.0
1714656600.0,425.279999,425.750000,420.630005,423.269989,11028880.000000,1714660200.0
1714660200.0,423.279999,424.839996,422.000000,423.829987,4613212.000000,1714663800.0
1714663800.0,423.839996,425.049988,423.079987,424.299988,2975382.000000,1714667400.0
1714667400.0,424.239990,425.920013,423.181610,425.839996,2792819.000000,1714671000.0
1714671000.0,425.890015,426.600006,425.160004,426.420013,2656835.000000,1714674600.0
1714674600.0,426.449799,427.809998,426.359985,427.429993,4222192.000000,1714678200.0
1714678200.0,427.390015,427.549988,426.049988,426.920013,5073289.000000,1714681800.0
1714743000.0,434.420013,436.470001,432.739990,434.040009,15727574.000000,1714746600.0
1714746600.0,434.070007,435.149994,432.899994,434.119995,6045675.000000,1714750200.0
1714750200.0,434.125000,435.524994,434.125000,435.092896,5602119.000000,1714753800.0
1714753800.0,435.109985,435.589996,434.519989,435.149994,3359634.000000,1714757400.0
1714757400.0,435.169891,436.029999,434.640015,435.820312,2992498.000000,1714761000.0
1714761000.0,435.804993,436.070007,435.390015,435.820007,6150640.000000,1714764600.0
1714764600.0,435.820007,435.839996,435.149994,435.475006,5406181.000000,1714768200.0
1715002200.0,437.320007,438.320007,436.519989,437.847809,6562558.000000,1715005800.0
1715005800.0,437.700012,438.189789,435.480011,437.869995,3337797.000000,1715009400.0
1715009400.0,437.880005,438.500000,437.179993,437.679993,3236793.000000,1715013000.0
1715013000.0,437.714996,438.540009,437.609985,438.258301,3129512.000000,1715016600.0
1715016600.0,438.220001,439.279999,438.114990,439.075012,3545333.000000,1715020200.0
1715020200.0,439.075012,439.220001,438.660004,438.910004,3499007.000000,1715023800.0
1715023800.0,438.910004,440.339996,438.690002,440.329987,5061323.000000,1715027400.0
1715088600.0,440.720001,441.291412,439.980011,440.149994,7126083.000000,1715092200.0
1715092200.0,440.130005,441.910004,440.049988,441.529999,4581622.000000,1715095800.0
1715095800.0,441.510010,441.939911,441.239990,441.760010,2238955.000000,1715099400.0
1715099400.0,441.760010,441.859894,441.100006,441.739899,5568053.000000,1715103000.0
1715103000.0,441.725006,441.970001,439.829987,440.065002,3194543.000000,1715106600.0
1715106600.0,440.049896,440.584991,439.579987,440.390015,2947743.000000,1715110200.0
1715110200.0,440.410004,440.890015,440.089996,440.299988,3491378.000000,1715113800.0
1715175000.0,437.739990,440.729706,437.559998,440.559998,6177937.000000,1715178600.0
1715178600.0,440.565002,441.470001,439.779999,440.130005,3202850.000000,1715182200.0
1715182200.0,440.149597,440.299988,439.609985,439.970001,2356664.000000,1715185800.0
1715185800.0,439.970001,440.070007,439.010010,439.157990,3056300.000000,1715189400.0
1715189400.0,439.109985,440.299988,439.049988,440.148895,2709107.000000,1715193000.0
1715193000.0,440.149902,440.320007,439.390015,440.075012,2026911.000000,1715196600.0
1715196600.0,440.065002,440.480011,440.001007,440.070007,3306832.000000,1715200200.0
1715261400.0,440.329987,440.750000,438.459991,439.510010,6398531.000000,1715265000.0
1715265000.0,439.515015,441.420013,439.500000,441.380005,3708430.000000,1715268600.0
1715268600.0,441.390015,441.554993,439.959991,440.582886,2292078.000000,1715272200.0
1715272200.0,440.589996,441.450012,440.225006,441.170013,3210986.000000,1715275800.0
1715275800.0,441.179993,441.239990,440.440491,441.059998,2188492.000000,1715279400.0
1715279400.0,441.070007,441.600006,440.799988,440.880005,2557780.000000,1715283000.0
1715283000.0,440.859985,441.160004,440.579987,441.029999,3247008.000000,1715286600.0
1715347800.0,442.559998,444.309998,441.369995,441.515015,7564013.000000,1715351400.0
1715351400.0,441.559998,442.144989,440.498993,441.679993,4683954.000000,1715355000.0
1715355000.0,441.684998,441.819885,440.609985,441.609985,2825323.000000,1715358600.0
1715358600.0,441.590698,442.029907,441.239990,441.379913,1821698.000000,1715362200.0
1715362200.0,441.390015,442.255005,440.940002,441.980011,2081121.000000,1715365800.0
1715365800.0,441.970001,442.339996,441.440002,442.209991,2533289.000000,1715369400.0
1715369400.0,442.239990,442.440002,441.829987,442.059998,4213895.000000,1715373000.0
1715607000.0,443.989990,444.059998,442.084991,443.339996,5115188.000000,1715610600.0
1715610600.0,443.309998,443.410004,442.609985,442.730011,4610298.000000,1715614200.0
1715614200.0,442.700012,443.360107,442.250000,443.265015,2584587.000000,1715617800.0
1715617800.0,443.269989,443.440002,441.649994,443.040009,2605413.000000,1715621400.0
1715621400.0,443.049988,443.077698,442.434998,442.805603,1898890.000000,1715625000.0
1715625000.0,442.790009,443.125000,442.559998,442.924988,2043253.000000,1715628600.0
1715628600.0,442.929993,443.229889,442.834991,443.100006,2644386.000000,1715632200.0
1715693400.0,442.609985,444.970001,442.459991,444.815002,9277549.000000,1715697000.0
1715697000.0,444.820007,444.940002,442.890015,444.690002,4424861.000000,1715700600.0
1715700600.0,444.695007,444.695007,443.399994,443.579987,2548987.000000,1715704200.0
1715704200.0,443.559998,443.859985,443.239990,443.820007,2081433.000000,1715707800.0
1715707800.0,443.829987,445.339996,443.779602,445.139893,3338158.000000,1715711400.0
1715711400.0,445.130005,446.420013,444.940002,446.135010,5234604.000000,1715715000.0
1715715000.0,446.109985,446.464996,445.940002,445.959991,5570893.000000,1715718600.0
1715779800.0,448.440002,449.209015,446.899994,448.915009,9833041.000000,1715783400.0
1715783400.0,448.950012,450.790009,448.839996,450.480011,5230477.000000,1715787000.0
1715787000.0,450.489990,450.890015,450.054993,450.869995,3366705.000000,1715790600.0
1715790600.0,450.880005,451.910004,450.790009,451.910004,4859226.000000,1715794200.0
1715794200.0,451.920013,453.040009,451.765015,452.630005,4786211.000000,1715797800.0
1715797800.0,452.640015,453.149994,452.299988,452.859985,4733275.000000,1715801400.0
1715801400.0,452.850006,453.029999,452.450012,452.859985,5880342.000000,1715805000.0
1715866200.0,452.690002,453.760010,452.529999,453.600006,7468217.000000,1715869800.0
1715869800.0,453.630005,454.690002,453.459991,454.329987,3733966.000000,1715873400.0
1715873400.0,454.329987,454.570007,453.500000,453.829987,3167107.000000,1715877000.0
1715877000.0,453.810089,454.219208,452.549988,452.980011,2992767.000000,1715880600.0
1715880600.0,452.970001,453.529999,452.269989,452.625000,3703184.000000,1715884200.0
1715884200.0,452.605011,453.269989,452.605011,452.910095,5753426.000000,1715887800.0
1715887800.0,452.910004,452.959991,451.809998,451.959991,6321679.000000,1715891400.0
1715952600.0,452.089996,452.480011,451.350006,452.424988,7026994.000000,1715956200.0
1715956200.0,452.429993,452.720001,451.549988,452.170013,5771772.000000,1715959800.0
1715959800.0,452.170013,452.320007,451.390015,451.849792,3073102.000000,1715963400.0
1715963400.0,451.839996,451.947998,451.059998,451.410004,3069680.000000,1715967000.0
1715967000.0,451.415802,451.579987,449.539886,450.165009,3555183.000000,1715970600.0
1715970600.0,450.149994,451.839905,450.119995,451.580505,5394265.000000,1715974200.0
1715974200.0,451.570007,451.829987,451.265015,451.769989,6405627.000000,1715977800.0
1716211800.0,451.989990,454.709991,451.785004,454.600006,6665561.000000,1716215400.0
1716215400.0,454.600006,455.010010,454.019989,454.570007,2281442.000000,1716219000.0
1716219000.0,454.619995,454.815308,454.100006,454.450012,1595585.000000,1716222600.0
1716222600.0,454.420013,455.579987,454.322388,454.369995,2447100.000000,1716226200.0
1716226200.0,454.359985,454.609314,453.480011,454.519592,2340966.000000,1716229800.0
1716229800.0,454.510010,455.209991,454.350006,455.209900,2623770.000000,1716233400.0
1716233400.0,455.209991,455.317993,454.290009,454.920013,3890231.000000,1716237000.0
1716298200.0,453.040009,454.149994,452.839996,454.125000,5289950.000000,1716301800.0
1716301800.0,454.140015,454.920013,454.041901,454.680603,3274633.000000,1716305400.0
1716305400.0,454.690002,455.109985,454.140015,454.949890,1837627.000000,1716309000.0
1716309000.0,454.929993,454.980011,454.200012,454.750000,1318920.000000,1716312600.0
1716312600.0,454.760010,455.309998,454.690094,454.743195,1878025.000000,1716316200.0
1716316200.0,454.744995,455.429993,454.738007,455.154999,3217304.000000,1716319800.0
1716319800.0,455.140015,455.980011,455.125000,455.799988,4426744.000000,1716323400.0
1716384600.0,456.059998,456.649994,455.619995,456.290009,4495611.000000,1716388200.0
1716388200.0,456.299988,456.809998,455.920013,456.709991,1639824.000000,1716391800.0
1716391800.0,456.720001,456.790009,455.882599,456.370087,2307993.000000,1716395400.0
1716395400.0,456.369995,456.499695,455.660309,456.309998,1718532.000000,1716399000.0
1716399000.0,456.299988,456.299988,453.209991,453.269989,4488895.000000,1716402600.0
1716402600.0,453.250000,454.429901,453.079987,454.420013,3422848.000000,1716406200.0
1716406200.0,454.420013,455.679993,453.799988,455.679993,3273135.000000,1716409800.0
1716471000.0,460.549988,460.579987,457.070007,458.380005,12655181.000000,1716474600.0
1716474600.0,458.440002,458.929993,456.190002,458.440002,5402235.000000,1716478200.0
1716478200.0,458.450012,459.368286,458.250000,459.149994,2718183.000000,1716481800.0
1716481800.0,459.149994,459.230011,456.540009,457.269989,3232243.000000,1716485400.0
1716485400.0,457.250000,457.260010,452.920013,453.239990,5395035.000000,1716489000.0
1716489000.0,453.216003,453.700104,451.850311,452.549988,4359260.000000,1716492600.0
1716492600.0,452.542206,454.130005,452.540009,453.649994,4058245.000000,1716496200.0
1716557400.0,455.290009,457.109985,454.579987,456.980011,5297059.000000,1716561000.0
1716561000.0,457.037903,459.040009,456.540009,458.605011,4235253.000000,1716564600.0
1716564600.0,458.609985,458.959991,458.099915,458.739990,3332567.000000,1716568200.0
1716568200.0,458.755005,458.839996,457.950012,458.470001,3495271.000000,1716571800.0
1716571800.0,458.470001,459.230011,458.040009,458.579987,3636605.000000,1716575400.0
1716575400.0,458.579987,458.599915,457.049988,457.700012,3148158.000000,1716579000.0
1716579000.0,457.690002,458.190002,457.524994,458.010010,3129594.000000,1716582600.0
1716903000.0,459.149994,459.559998,457.100006,458.529999,5743068.000000,1716906600.0
1716906600.0,458.529999,459.369995,458.079987,459.274994,3721607.000000,1716910200.0
1716910200.0,459.279999,459.529999,458.872894,459.019989,1991845.000000,1716913800.0
1716913800.0,459.029999,459.669891,458.399994,459.220001,2639729.000000,1716917400.0
1716917400.0,459.220001,459.700012,458.059998,458.079987,2371297.000000,1716921000.0
1716921000.0,458.070007,458.769989,456.690002,458.122986,4361502.000000,1716924600.0
1716924600.0,458.140015,459.730011,458.000000,459.679993,3652990.000000,1716928200.0
1716989400.0,455.450012,457.928711,455.359985,457.579987,5862329.000000,1716993000.0
1716993000.0,457.600006,458.239990,456.881012,457.500000,2482865.000000,1716996600.0
1716996600.0,457.480011,457.709991,456.839996,457.589996,5042361.000000,1717000200.0
1717000200.0,457.600006,458.179993,457.130005,457.570007,2646965.000000,1717003800.0
1717003800.0,457.570007,457.880005,456.700012,457.255005,2045853.000000,1717007400.0
1717007400.0,457.209991,457.809998,456.660004,457.454987,3607730.000000,1717011000.0
1717011000.0,457.450012,457.630096,455.920990,456.510010,4779947.000000,1717014600.0
1717075800.0,455.420013,455.640015,453.559998,454.391693,6465632.000000,1717079400.0
1717079400.0,454.339996,454.500000,452.100006,453.299988,3376289.000000,1717083000.0
1717083000.0,453.290009,454.069885,453.140015,453.589996,1984948.000000,1717086600.0
1717086600.0,453.609894,454.529999,453.489990,454.339905,1652601.000000,1717090200.0
1717090200.0,454.339996,454.609985,452.750000,453.299988,3010089.000000,1717093800.0
1717093800.0,453.299988,453.649994,451.769989,452.355011,3587503.000000,1717097400.0
1717097400.0,452.350006,452.549988,450.209991,451.549988,6743130.000000,1717101000.0
1717162200.0,451.779999,452.480011,447.279999,447.394989,9638774.000000,1717165800.0
1717165800.0,447.339996,447.339996,445.190002,445.369995,7950685.000000,1717169400.0
1717169400.0,445.359985,445.510010,443.054993,443.519989,5227283.000000,1717173000.0
1717173000.0,443.510010,446.019989,443.359985,445.862396,5770302.000000,1717176600.0
1717176600.0,445.880005,446.100006,444.920013,444.940002,3837709.000000,1717180200.0
1717180200.0,444.950012,447.570007,444.740112,447.130005,7061866.000000,1717183800.0
1717183800.0,447.100006,451.758698,446.920013,451.709991,11024493.000000,1717187400.0
1717421400.0,454.570007,455.579987,452.940002,454.220001,8951613.000000,1717425000.0
1717425000.0,454.209991,454.269989,450.980011,452.260010,4955562.000000,1717428600.0
1717428600.0,452.250000,452.750000,449.179993,449.520996,3709662.000000,1717432200.0
1717432200.0,449.519989,450.230011,447.899994,450.190002,4636916.000000,1717435800.0
1717435800.0,450.179993,451.350006,450.100006,450.387512,2887668.000000,1717439400.0
1717439400.0,450.380005,451.850006,450.355011,451.580109,2981631.000000,1717443000.0
1717443000.0,451.589996,453.190002,451.033997,453.149994,3401579.000000,1717446600.0
1717507800.0,452.869995,453.450012,451.131104,452.329987,5718339.000000,1717511400.0
1717511400.0,452.339996,453.209991,451.677185,451.950012,2673409.000000,1717515000.0
1717515000.0,451.934998,452.149994,451.200012,452.089996,2226208.000000,1717518600.0
1717518600.0,452.079987,453.140015,451.723999,452.839996,2234415.000000,1717522200.0
1717522200.0,452.910004,455.170013,452.279999,455.170013,2461569.000000,1717525800.0
1717525800.0,455.170013,455.575012,452.690002,453.559998,4180151.000000,1717529400.0
1717529400.0,453.559998,454.640015,452.910004,454.339996,2674677.000000,1717533000.0
1717594200.0,458.018005,459.059998,456.839996,459.029999,6635701.000000,1717597800.0
1717597800.0,459.029999,461.149994,459.029999,460.769989,5587334.000000,1717601400.0
1717601400.0,460.834991,461.290009,460.529999,460.970001,2402731.000000,1717605000.0
1717605000.0,460.959991,462.130005,460.790009,461.540009,3228691.000000,1717608600.0
1717608600.0,461.570007,462.296814,461.543488,462.270294,2457928.000000,1717612200.0
1717612200.0,462.279999,462.869995,462.170013,462.452515,3889192.000000,1717615800.0
1717615800.0,462.450012,463.609985,462.160004,463.589996,6515642.000000,1717619400.0
1717680600.0,464.230011,464.540009,462.480011,463.700012,6000553.000000,1717684200.0
1717684200.0,463.683990,464.329987,463.329987,463.430115,2303014.000000,1717687800.0
1717687800.0,463.399994,463.619995,462.709991,463.130005,1889062.000000,1717691400.0
1717691400.0,463.140015,463.829987,462.610901,463.720001,1832618.000000,1717695000.0
1717695000.0,463.690002,463.964996,462.190002,463.019989,2130772.000000,1717698600.0
1717698600.0,462.920013,463.640015,462.700012,463.329987,2272740.000000,1717702200.0
1717702200.0,463.290009,463.600006,462.779999,463.410004,3981673.000000,1717705800.0
1717767000.0,462.959991,463.567810,461.839996,462.980011,5703212.000000,1717770600.0
1717770600.0,462.920013,464.850006,462.399994,463.625000,2860965.000000,1717774200.0
1717774200.0,463.630005,465.692688,463.369995,464.739990,2614367.000000,1717777800.0
1717777800.0,464.750000,465.739990,463.899994,465.029999,2748570.000000,1717781400.0
1717781400.0,465.000000,465.359894,461.940002,463.070007,2574213.000000,1717785000.0
1717785000.0,463.049988,463.744904,461.980011,463.179993,2975995.000000,1717788600.0
1717788600.0,463.149994,463.380005,462.429993,462.980011,3533661.000000,1717792200.0
1718026200.0,461.859985,462.980011,461.529999,462.950012,3921602.000000,1718029800.0
1718029800.0,462.869995,464.260010,462.614990,464.250000,2371243.000000,1718033400.0
1718033400.0,464.290009,465.019989,464.070007,464.670013,2157439.000000,1718037000.0
1718037000.0,464.674988,464.915009,463.589996,463.589996,1781665.000000,1718040600.0
1718040600.0,463.589996,464.900208,463.119995,463.334991,3091520.000000,1718044200.0
1718044200.0,463.295013,465.190002,462.869995,464.829987,3524642.000000,1718047800.0
1718047800.0,464.820007,464.894989,464.140015,464.790009,2645005.000000,1718051400.0
1718112600.0,463.519989,464.390015,462.029999,464.279999,4995793.000000,1718116200.0
1718116200.0,464.309998,465.479889,464.090515,464.975006,3117123.000000,1718119800.0
1718119800.0,464.970001,465.279999,463.704987,464.500000,2079152.000000,1718123400.0
1718123400.0,464.500092,465.600006,464.279999,465.049988,1723789.000000,1718127000.0
1718127000.0,465.059998,467.320007,465.024994,467.299988,2975641.000000,1718130600.0
1718130600.0,467.309998,467.760010,466.723206,466.859985,3066420.000000,1718134200.0
1718134200.0,466.850006,468.140015,466.679993,468.049988,2686639.000000,1718137800.0
1718199000.0,471.959991,475.380005,471.299988,475.359985,9211065.000000,1718202600.0
1718202600.0,475.369995,475.429993,474.019989,475.135010,3843292.000000,1718206200.0
1718206200.0,475.174988,475.184998,474.234100,474.350006,2277249.000000,1718209800.0
1718209800.0,474.350006,475.230011,474.179993,474.929993,2176213.000000,1718213400.0
1718213400.0,474.890015,475.119995,473.109985,474.956207,3471411.000000,1718217000.0
1718217000.0,475.036011,476.500000,473.130310,473.510010,5847822.000000,1718220600.0
1718220600.0,473.519989,475.040009,472.720001,474.140015,4628194.000000,1718224200.0
1718285400.0,477.679993,478.390015,475.250000,476.200012,8228146.000000,1718289000.0
1718289000.0,476.209991,476.730011,475.510010,476.339996,2864360.000000,1718292600.0
1718292600.0,476.320007,477.070007,474.420013,474.608795,2815658.000000,1718296200.0
1718296200.0,474.609985,476.459991,474.420105,476.190002,2593982.000000,1718299800.0
1718299800.0,476.209991,476.749603,475.641998,476.524994,1690971.000000,1718303400.0
1718303400.0,476.529999,477.299988,476.450012,476.899994,2708143.000000,1718307000.0
1718307000.0,476.890015,477.619995,476.609985,476.709991,3111734.000000,1718310600.0
1718371800.0,476.519989,478.269989,476.049988,477.690002,6387174.000000,1718375400.0
1718375400.0,477.720001,477.899994,476.459991,477.529999,3286415.000000,1718379000.0
1718379000.0,477.540009,478.119995,476.200012,477.290009,2781619.000000,1718382600.0
1718382600.0,477.290009,478.730011,477.119995,478.549896,2040901.000000,1718386200.0
1718386200.0,478.529999,478.929993,477.789886,478.457489,2418705.000000,1718389800.0
1718389800.0,478.454987,478.970001,477.880005,478.829315,1762305.000000,1718393400.0
1718393400.0,478.809998,479.260010,478.179993,479.170807,3232098.000000,1718397000.0
1718631000.0,479.410004,480.089996,478.140015,479.230011,6366915.000000,1718634600.0
1718634600.0,479.269989,480.940002,479.170013,480.750000,3117137.000000,1718638200.0
1718638200.0,480.790009,482.470001,480.529999,482.450012,3081903.000000,1718641800.0
1718641800.0,482.440002,484.369995,482.149994,484.189911,4133187.000000,1718645400.0
1718645400.0,484.200012,486.859985,484.130005,486.109985,6141708.000000,1718649000.0
1718649000.0,486.084991,486.649994,485.570007,486.579987,5512630.000000,1718652600.0
1718652600.0,486.559998,486.559998,484.829987,485.049988,5480761.000000,1718656200.0
1718717400.0,485.059998,485.679993,484.380005,484.739990,5967656.000000,1718721000.0
1718721000.0,484.730011,485.260803,483.429993,484.140015,3403328.000000,1718724600.0
1718724600.0,484.135010,485.130005,484.040009,484.602509,3133719.000000,1718728200.0
1718728200.0,484.602509,485.589996,484.450012,485.559998,2008169.000000,1718731800.0
1718731800.0,485.570007,485.899994,484.269989,484.859985,2360561.000000,1718735400.0
1718735400.0,484.859985,485.250000,484.630005,485.049988,2041176.000000,1718739000.0
1718739000.0,485.049988,485.420013,484.630005,485.230011,3405963.000000,1718742600.0
1718890200.0,486.420013,486.838715,483.369995,484.589996,7139454.000000,1718893800.0
1718893800.0,484.549988,486.035004,484.390015,485.101410,3183035.000000,1718897400.0
1718897400.0,485.119995,485.625397,482.070404,482.109985,2847718.000000,1718901000.0
1718901000.0,482.075012,483.000000,480.500000,480.809998,3991408.000000,1718904600.0
1718904600.0,480.850006,482.549011,479.640015,482.269989,3561372.000000,1718908200.0
1718908200.0,482.269989,482.380005,479.700012,481.290009,4795761.000000,1718911800.0
1718911800.0,481.279999,482.190002,480.959991,481.380005,5525810.000000,1718915400.0
1718976600.0,481.149994,481.450012,478.670013,479.920013,7903873.000000,1718980200.0
1718980200.0,479.910004,481.760010,479.399994,480.709991,6863341.000000,1718983800.0
1718983800.0,480.714996,482.535004,480.239899,481.820007,2657078.000000,1718987400.0
1718987400.0,481.904999,482.029999,479.850006,480.164001,3073574.000000,1718991000.0
1718991000.0,480.154999,480.799988,479.519989,480.769989,3531648.000000,1718994600.0
1718994600.0,480.705994,480.970001,480.019989,480.619995,3768356.000000,1718998200.0
1718998200.0,480.640015,481.049988,479.989990,480.079987,6577140.000000,1719001800.0
1719235800.0,478.179993,479.920013,476.820007,477.470001,7066986.000000,1719239400.0
1719239400.0,477.394989,478.640015,475.769989,477.910004,5293907.000000,1719243000.0
1719243000.0,477.918610,478.250000,477.170990,477.690002,2812995.000000,1719246600.0
1719246600.0,477.679993,478.059998,475.309998,475.708496,3803483.000000,1719250200.0
1719250200.0,475.674988,476.059998,474.619995,474.829987,3624516.000000,1719253800.0
1719253800.0,474.829987,476.559998,474.510010,476.050293,4854463.000000,1719257400.0
1719257400.0,476.049988,476.160004,473.820007,473.910004,6642720.000000,1719261000.0
1719322200.0,476.029999,477.679993,475.119995,477.260010,5094594.000000,1719325800.0
1719325800.0,477.260010,478.779999,476.619995,478.500000,6545019.000000,1719329400.0
1719329400.0,478.500000,479.329102,478.010010,478.209991,2937362.000000,1719333000.0
1719333000.0,478.209991,478.209991,476.279999,477.679993,2598525.000000,1719336600.0
1719336600.0,477.690002,479.269989,477.250000,479.265015,1876509.000000,1719340200.0
1719340200.0,479.260010,479.679993,478.130005,479.649994,2550070.000000,1719343800.0
1719343800.0,479.630005,479.649902,478.769989,479.350006,2988592.000000,1719347400.0
1719408600.0,478.528015,480.809998,478.329987,479.290100,4827575.000000,1719412200.0
1719412200.0,479.320007,480.470001,478.130005,479.249908,3108727.000000,1719415800.0
1719415800.0,479.220001,480.880005,478.859009,480.330109,2105602.000000,1719419400.0
1719419400.0,480.320007,480.420013,478.720001,479.340088,1863339.000000,1719423000.0
1719423000.0,479.299988,480.040009,479.160004,479.549988,1446934.000000,1719426600.0
1719426600.0,479.545013,479.924988,478.535004,479.310089,1972723.000000,1719430200.0
1719430200.0,479.309998,480.910004,479.140015,480.390015,4508879.000000,1719433800.0
1719495000.0,480.130005,483.089996,480.130005,482.239990,5847231.000000,1719498600.0
1719498600.0,482.230011,482.329987,479.859985,480.217712,2572488.000000,1719502200.0
1719502200.0,480.239990,481.295013,479.299988,481.140015,2593047.000000,1719505800.0
1719505800.0,481.154999,481.779999,480.979889,481.690002,2676896.000000,1719509400.0
1719509400.0,481.690002,482.000000,480.290009,480.679993,2216422.000000,1719513000.0
1719513000.0,480.649994,481.859985,480.459991,481.690002,3633178.000000,1719516600.0
1719516600.0,481.660004,481.671997,480.410004,481.549988,3632794.000000,1719520200.0
1719581400.0,482.399994,487.190002,481.670013,485.790009,7264600.000000,1719585000.0
1719585000.0,485.790009,486.554993,482.570007,483.148590,4879378.000000,1719588600.0
1719588600.0,483.119995,483.850006,481.250000,482.420013,2898864.000000,1719592200.0
1719592200.0,482.410004,482.570007,480.390015,481.910004,3442130.000000,1719595800.0
1719595800.0,481.910004,482.429993,480.839996,481.030090,2292486.000000,1719599400.0
1719599400.0,481.049988,481.529999,480.429993,480.489990,3638575.000000,1719603000.0
1719603000.0,480.489990,481.109985,478.461304,478.989990,7911640.000000,1719606600.0
1719840600.0,480.029999,480.390015,476.255005,479.179993,7449624.000000,1719844200.0
1719844200.0,479.238403,479.720001,477.500000,479.580597,3636458.000000,1719847800.0
1719847800.0,479.559998,481.230011,478.934998,481.179993,3029430.000000,1719851400.0
1719851400.0,481.149994,481.410004,480.209991,480.890015,1852513.000000,1719855000.0
1719855000.0,480.890015,481.959991,480.339996,480.910004,1764331.000000,1719858600.0
1719858600.0,480.890015,481.834991,480.360107,480.929993,2469638.000000,1719862200.0
1719862200.0,480.920013,482.489990,480.819885,481.940002,3219729.000000,1719865800.0
1719927000.0,480.380005,483.179993,480.279999,482.239990,5365530.000000,1719930600.0
1719930600.0,482.260010,483.929993,482.230011,483.799988,3035913.000000,1719934200.0
1719934200.0,483.829987,484.529999,482.380005,483.340088,2509486.000000,1719937800.0
1719937800.0,483.329987,485.308014,483.191010,485.029999,2122194.000000,1719941400.0
1719941400.0,485.040009,486.290009,484.700012,486.149811,2418066.000000,1719945000.0
1719945000.0,486.144989,486.549988,485.831512,486.220001,2655493.000000,1719948600.0
1719948600.0,486.220001,487.029999,485.820007,487.029999,4655849.000000,1719952200.0
1720013400.0,486.869995,488.200012,486.709991,487.299988,5473214.000000,1720017000.0
1720017000.0,487.290009,489.570007,487.089691,489.320007,3744845.000000,1720020600.0
1720020600.0,489.339996,491.170013,488.920013,491.161285,3378105.000000,1720024200.0
1720186200.0,491.910004,494.339691,491.589996,493.670013,6767425.000000,1720189800.0
1720189800.0,493.709198,494.880005,493.163605,494.679993,3737316.000000,1720193400.0
1720193400.0,494.679993,496.024994,494.670013,495.989990,3233886.000000,1720197000.0
1720197000.0,495.980011,496.125000,495.069702,495.960693,3210030.000000,1720200600.0
1720200600.0,495.980011,496.489990,495.640015,495.678406,3083616.000000,1720204200.0
1720204200.0,495.670013,496.429993,495.480011,496.174011,2643326.000000,1720207800.0
1720207800.0,496.160004,496.600006,496.019989,496.239990,3280176.000000,1720211400.0
1720445400.0,496.559998,496.940002,495.690002,496.339996,5618180.000000,1720449000.0
1720449000.0,496.339996,497.359985,495.500000,497.265015,3703452.000000,1720452600.0
1720452600.0,497.269989,497.480011,496.019989,496.339996,2823216.000000,1720456200.0
1720456200.0,496.329987,497.019989,496.059998,497.000000,1556525.000000,1720459800.0
1720459800.0,497.000000,497.450012,496.570099,497.047211,1640155.000000,1720463400.0
1720463400.0,497.040009,497.040009,496.019989,496.394989,2562767.000000,1720467000.0
1720467000.0,496.385010,497.894989,496.225006,497.390015,2574357.000000,1720470600.0
1720531800.0,499.040009,500.000000,498.130005,498.380005,5740294.000000,1720535400.0
1720535400.0,498.359985,499.260010,497.559998,497.989990,3807482.000000,1720539000.0
1720539000.0,497.989899,498.679993,497.630005,498.260010,1936147.000000,1720542600.0
1720542600.0,498.260010,498.369995,496.239990,496.640503,3224800.000000,1720546200.0
1720546200.0,496.630005,497.540009,496.571014,497.040405,1958938.000000,1720549800.0
1720549800.0,497.089996,497.779999,496.876007,497.429993,4146990.000000,1720553400.0
1720553400.0,497.398987,497.910004,497.209991,497.769989,2753014.000000,1720557000.0
1720618200.0,499.709991,500.604004,498.829987,500.040009,5085888.000000,1720621800.0
1720621800.0,500.040009,500.070007,498.390015,499.595703,3277066.000000,1720625400.0
1720625400.0,499.605011,501.079987,499.475006,501.059998,2562685.000000,1720629000.0
1720629000.0,501.079987,502.320007,500.887695,501.984009,3676906.000000,1720632600.0
1720632600.0,502.029999,502.690002,501.880005,502.310089,2988782.000000,1720636200.0
1720636200.0,502.329987,502.970001,501.999908,502.395599,2554101.000000,1720639800.0
1720639800.0,502.390015,503.519989,502.260010,502.970001,4381020.000000,1720643400.0
1720704600.0,503.059998,503.279999,497.350098,498.203705,11472244.000000,1720708200.0
1720708200.0,498.174988,499.029999,494.269989,494.454987,7522486.000000,1720711800.0
1720711800.0,494.450012,494.730011,492.500000,493.924988,6767617.000000,1720715400.0
1720715400.0,493.899994,494.570007,491.769989,493.269989,5293248.000000,1720719000.0
1720719000.0,493.250000,493.250000,490.725006,491.529999,4665885.000000,1720722600.0
1720722600.0,491.510010,493.535004,491.478790,492.130005,4978693.000000,1720726200.0
1720726200.0,492.109985,493.409912,491.869995,491.910004,6131203.000000,1720729800.0
1720791000.0,492.500000,495.940002,492.040009,495.029999,8570407.000000,1720794600.0
1720794600.0,495.070007,497.820007,494.950012,497.579987,4079972.000000,1720798200.0
1720798200.0,497.579987,497.820007,495.174286,495.880096,3074255.000000,1720801800.0
1720801800.0,495.910004,497.899994,495.630005,497.890015,2951026.000000,1720805400.0
1720805400.0,497.880005,499.619385,497.700806,498.709991,4129639.000000,1720809000.0
1720809000.0,498.730011,498.940002,497.739990,498.100006,3173195.000000,1720812600.0
1720812600.0,498.100006,498.100006,494.109985,494.869995,6295895.000000,1720816200.0
1721050200.0,496.630005,498.420013,495.920013,498.309998,5963531.000000,1721053800.0
1721053800.0,498.304993,501.010010,498.239990,499.869995,4005664.000000,1721057400.0
1721057400.0,499.369995,499.790009,496.390015,497.850006,5247075.000000,1721061000.0
1721061000.0,497.820007,498.382202,496.019989,496.489990,3535039.000000,1721064600.0
1721064600.0,496.399994,496.529999,495.079987,496.369995,3387414.000000,1721068200.0
1721068200.0,496.369995,497.359985,495.872803,496.855011,3144541.000000,1721071800.0
1721071800.0,496.881989,497.220001,494.089996,496.160004,4356960.000000,1721075400.0
1721136600.0,497.690002,498.440002,493.640015,494.529999,6627075.000000,1721140200.0
1721140200.0,494.519989,496.579987,494.220001,495.359985,2890813.000000,1721143800.0
1721143800.0,495.369995,495.790009,493.299988,493.679993,3494427.000000,1721147400.0
1721147400.0,493.678986,495.160004,493.149994,494.260010,2639920.000000,1721151000.0
1721151000.0,494.269989,495.089905,493.660004,494.795013,2459031.000000,1721154600.0
1721154600.0,494.769989,496.200012,494.660004,495.859985,3036825.000000,1721158200.0
1721158200.0,495.859985,496.690002,495.470001,496.390015,2959518.000000,1721161800.0
1721223000.0,488.125000,488.798401,484.369995,485.149994,14917498.000000,1721226600.0
1721226600.0,485.130005,486.339996,484.209991,485.160004,5546915.000000,1721230200.0
1721230200.0,485.160004,485.260010,482.640015,482.859985,5999503.000000,1721233800.0
1721233800.0,482.850006,483.660004,482.209991,483.130005,5992970.000000,1721237400.0
1721237400.0,483.100006,484.040009,482.329987,483.429993,3585331.000000,1721241000.0
1721241000.0,483.419403,483.809998,481.940002,483.339996,6515179.000000,1721244600.0
1721244600.0,483.329987,483.739990,481.700012,481.799988,7663967.000000,1721248200.0
1721309400.0,485.489990,485.700012,482.560303,483.238007,8984476.000000,1721313000.0
1721313000.0,483.220001,483.220001,477.614990,477.760010,8913121.000000,1721316600.0
1721316600.0,477.730011,478.719910,476.579987,478.029999,6302793.000000,1721320200.0
1721320200.0,478.029999,480.760590,477.730011,479.720001,4444222.000000,1721323800.0
1721323800.0,479.730011,480.450012,478.260010,478.479889,4687425.000000,1721327400.0
1721327400.0,478.415009,478.855011,476.279999,477.820007,5968842.000000,1721331000.0
1721331000.0,477.809998,481.119995,477.540009,479.529999,5964428.000000,1721334600.0
1721395800.0,478.869995,481.679993,477.459991,477.519989,9585626.000000,1721399400.0
1721399400.0,477.549988,479.279999,476.101013,476.197998,5310964.000000,1721403000.0
1721403000.0,476.239990,478.089996,475.190002,476.200012,5188173.000000,1721406600.0
1721406600.0,476.200012,476.375000,473.940002,474.850006,4126465.000000,1721410200.0
1721410200.0,474.809998,476.160004,474.170013,474.906586,3529291.000000,1721413800.0
1721413800.0,474.970001,477.069885,474.339996,476.649994,5218356.000000,1721417400.0
1721417400.0,476.640015,476.720001,474.649994,475.239990,5164444.000000,1721421000.0
1721655000.0,481.119995,482.859985,479.440002,481.334991,10726957.000000,1721658600.0
1721658600.0,481.369995,482.690002,478.200012,478.420013,7955900.000000,1721662200.0
1721662200.0,478.420013,480.049988,477.760010,479.690094,3403968.000000,1721665800.0
1721665800.0,479.670013,482.126495,479.429993,481.820099,2238202.000000,1721669400.0
1721669400.0,481.839996,483.350006,481.779999,482.828308,2712930.000000,1721673000.0
1721673000.0,482.809998,483.280090,481.809998,482.200012,3204446.000000,1721676600.0
1721676600.0,482.200012,483.105011,481.864990,482.329987,5005971.000000,1721680200.0
1721741400.0,481.410004,483.559998,480.871704,482.880005,6031924.000000,1721745000.0
1721745000.0,482.880005,484.429993,480.700012,483.929993,3711012.000000,1721748600.0
1721748600.0,483.950012,484.160614,480.954987,481.609985,2842446.000000,1721752200.0
1721752200.0,481.570007,481.929993,480.459991,481.559998,2339427.000000,1721755800.0
1721755800.0,481.475006,482.380005,481.100006,481.500000,2105909.000000,1721759400.0
1721759400.0,481.549988,482.329987,481.408508,482.165009,1492618.000000,1721763000.0
1721763000.0,482.130005,482.130005,480.149994,480.630005,2576229.000000,1721766600.0
1721827800.0,473.809998,474.190002,469.730011,470.220001,11697872.000000,1721831400.0
1721831400.0,470.209991,470.489990,467.410095,468.029999,5852584.000000,1721835000.0
1721835000.0,468.029999,468.500000,466.239990,466.493195,5534650.000000,1721838600.0
1721838600.0,466.459991,467.649994,465.900085,466.850006,6156775.000000,1721842200.0
1721842200.0,466.869995,467.519989,465.350006,465.459991,4786184.000000,1721845800.0
1721845800.0,465.484985,465.709991,463.579987,463.720001,7071808.000000,1721849400.0
1721849400.0,463.730011,465.855011,462.510010,463.329987,11373177.000000,1721853000.0
1721914200.0,463.720001,463.950012,455.630005,460.359985,19282687.000000,1721917800.0
1721917800.0,460.369995,465.239990,459.500000,463.398010,9266908.000000,1721921400.0
1721921400.0,463.390015,467.079987,461.980011,466.725006,5445543.000000,1721925000.0
1721925000.0,466.829987,467.929993,464.470001,464.919891,5006365.000000,1721928600.0
1721928600.0,464.959991,465.820007,463.119995,463.875000,3996479.000000,1721932200.0
1721932200.0,463.859985,464.410004,461.170013,463.730011,4651697.000000,1721935800.0
1721935800.0,463.690002,463.899994,458.049988,458.250000,7536069.000000,1721939400.0
1722000600.0,462.670013,463.369995,459.859985,462.015015,9993778.000000,1722004200.0
1722004200.0,462.070007,462.630005,459.779999,461.390015,5383492.000000,1722007800.0
1722007800.0,461.380005,464.760010,461.160004,464.350006,5848315.000000,1722011400.0
1722011400.0,464.369995,465.920105,464.299988,465.739990,4227256.000000,1722015000.0
1722015000.0,465.750000,465.850006,462.399994,463.052002,5449703.000000,1722018600.0
1722018600.0,463.082001,463.549988,461.290009,463.170013,3421019.000000,1722022200.0
1722022200.0,463.170013,463.329987,461.269989,463.000000,4055265.000000,1722025800.0
1722259800.0,465.709991,467.910004,464.209991,465.915009,7557183.000000,1722263400.0
1722263400.0,465.940002,466.600006,462.436005,463.390015,3756230.000000,1722267000.0
1722267000.0,463.329987,466.980011,461.614990,466.089996,4924655.000000,1722270600.0
1722270600.0,466.092010,467.195007,465.049988,465.059998,2233584.000000,1722274200.0
1722274200.0,465.070007,466.010010,463.950012,464.119995,2685486.000000,1722277800.0
1722277800.0,464.090088,464.859985,463.290009,464.619995,2470917.000000,1722281400.0
1722281400.0,464.619995,465.234985,463.579987,463.839996,2970788.000000,1722285000.0
1722346200.0,465.850006,466.561005,462.739990,462.880096,5645367.000000,1722349800.0
1722349800.0,462.899994,463.165009,458.339996,459.489990,5819498.000000,1722353400.0
1722353400.0,459.399994,459.729004,456.679993,457.369995,4197339.000000,1722357000.0
1722357000.0,457.325012,457.660004,454.149994,456.700012,4713091.000000,1722360600.0
1722360600.0,456.705902,458.899994,456.239990,458.200104,3548430.000000,1722364200.0
1722364200.0,458.209808,458.720001,456.690002,457.339813,4662133.000000,1722367800.0
1722367800.0,457.329987,459.239990,456.550110,457.380005,5731060.000000,1722371400.0
1722432600.0,467.660004,470.290009,466.410004,469.570007,13745346.000000,1722436200.0
1722436200.0,469.579987,470.829987,468.850006,470.739990,4355271.000000,1722439800.0
1722439800.0,470.720001,471.359985,469.500000,469.779999,3302190.000000,1722443400.0
1722443400.0,469.709991,470.519897,469.100006,469.579895,1987246.000000,1722447000.0
1722447000.0,469.549988,470.630005,467.303589,470.389893,3892615.000000,1722450600.0
1722450600.0,470.424988,472.790009,469.045013,469.500000,6665670.000000,1722454200.0
1722454200.0,469.559998,472.379913,469.190002,471.049988,6825257.000000,1722457800.0
1722519000.0,471.940002,475.549988,469.839996,469.869995,8675612.000000,1722522600.0
1722522600.0,469.921997,470.459991,465.170013,465.459991,6983245.000000,1722526200.0
1722526200.0,465.489990,465.910095,462.010010,462.830994,7722280.000000,1722529800.0
1722529800.0,462.815002,462.889404,458.828003,459.510010,5415244.000000,1722533400.0
1722533400.0,459.519989,459.970001,456.630493,457.160004,7901809.000000,1722537000.0
1722537000.0,457.119995,458.618713,455.980011,458.570007,6717552.000000,1722540600.0
1722540600.0,458.570007,460.480011,457.929993,459.799988,7186347.000000,1722544200.0
1722605400.0,450.470093,453.565002,444.500000,446.980011,22382243.000000,1722609000.0
1722609000.0,446.924988,448.510010,444.970001,446.757507,12121353.000000,1722612600.0
1722612600.0,446.765015,450.394989,446.380005,449.450012,7499616.000000,1722616200.0
1722616200.0,449.440002,450.489990,446.790009,446.890015,4887910.000000,1722619800.0
1722619800.0,446.859497,448.589996,445.954987,448.559998,4049128.000000,1722623400.0
1722623400.0,448.540009,449.399994,447.000000,448.545013,5007426.000000,1722627000.0
1722627000.0,448.505005,449.200012,446.369995,448.679993,6861521.000000,1722630600.0
1722864600.0,424.750000,438.070007,424.600006,431.910004,29643319.000000,1722868200.0
1722868200.0,431.920013,439.910004,431.730011,437.855011,11661104.000000,1722871800.0
1722871800.0,437.820007,442.290009,436.540009,442.160004,9002361.000000,1722875400.0
1722875400.0,442.144989,442.144989,435.809998,437.579987,6314875.000000,1722879000.0
1722879000.0,437.559998,439.350006,434.809998,436.209991,6471713.000000,1722882600.0
1722882600.0,436.149994,436.799988,432.730011,434.859985,9194982.000000,1722886200.0
1722886200.0,434.809998,436.029999,433.220001,435.750000,10487875.000000,1722889800.0
1722951000.0,437.230011,440.929993,434.559998,439.309998,15678250.000000,1722954600.0
1722954600.0,439.339996,443.619995,438.510010,439.890015,7868913.000000,1722958200.0
1722958200.0,439.920013,444.589996,439.869995,443.450012,5624165.000000,1722961800.0
1722961800.0,443.489990,446.250000,443.079987,445.630005,5895744.000000,1722965400.0
1722965400.0,445.649994,446.600006,444.589996,446.429993,4535617.000000,1722969000.0
1722969000.0,446.450012,447.070007,441.869995,443.660004,9185215.000000,1722972600.0
1722972600.0,443.690002,444.066498,439.440002,439.559998,7995435.000000,1722976200.0
1723037400.0,447.299988,449.000000,445.309998,445.890991,10975904.000000,1723041000.0
1723041000.0,446.049988,448.750000,445.579987,446.799988,4821794.000000,1723044600.0
1723044600.0,446.790009,447.279999,442.329987,444.789886,5222636.000000,1723048200.0
1723048200.0,444.739990,445.010010,439.269989,440.359894,10934440.000000,1723051800.0
1723051800.0,440.334991,441.487396,435.929993,437.480011,7756645.000000,1723055400.0
1723055400.0,437.465912,439.089996,435.549988,437.700012,7432853.000000,1723059000.0
1723059000.0,437.700012,438.290009,434.369995,434.820007,4886883.000000,1723062600.0
1723123800.0,441.149994,444.928986,437.149994,444.750000,12851627.000000,1723127400.0
1723127400.0,444.779999,446.089996,443.369995,444.779999,5421301.000000,1723131000.0
1723131000.0,444.799988,446.850006,444.140015,446.134888,3791582.000000,1723134600.0
1723134600.0,446.100006,447.559998,444.220001,447.549988,3952027.000000,1723138200.0
1723138200.0,447.589996,448.980011,447.380005,447.949493,4008728.000000,1723141800.0
1723141800.0,447.989990,448.540009,446.179993,446.260010,4842773.000000,1723145400.0
1723145400.0,446.279999,448.660004,445.359985,448.200012,8708067.000000,1723149000.0
1723210200.0,446.850006,449.519989,445.630005,447.769989,9576464.000000,1723213800.0
1723213800.0,447.829987,449.809998,446.420013,448.070007,3955266.000000,1723217400.0
1723217400.0,448.130005,449.059998,446.839996,447.470001,3051122.000000,1723221000.0
1723221000.0,447.429993,451.640015,447.359985,451.640015,3700295.000000,1723224600.0
1723224600.0,451.670013,452.059998,449.510010,449.980011,4042441.000000,1723228200.0
1723228200.0,449.934998,450.940002,449.420013,450.480011,3405964.000000,1723231800.0
1723231800.0,450.475006,451.089996,449.730011,450.529999,4256100.000000,1723235400.0
1723469400.0,451.350006,453.459991,448.554596,452.709991,7087072.000000,1723473000.0
1723473000.0,452.730011,454.369995,449.850006,451.130005,5024379.000000,1723476600.0
1723476600.0,451.100006,453.549988,450.190002,452.674988,4125184.000000,1723480200.0
1723480200.0,452.600006,453.160004,450.329987,451.654999,2160626.000000,1723483800.0
1723483800.0,451.700012,452.109192,450.049988,450.929993,2766654.000000,1723487400.0
1723487400.0,450.820007,451.589996,450.559998,450.880005,1821073.000000,1723491000.0
1723491000.0,450.899994,451.510010,449.940002,451.470001,2976543.000000,1723494600.0
1723555800.0,455.829987,458.209991,455.765015,457.789886,9008274.000000,1723559400.0
1723559400.0,457.640015,459.519989,456.632996,459.329987,3830749.000000,1723563000.0
1723563000.0,459.299988,460.739990,459.049988,460.410004,3861302.000000,1723566600.0
1723566600.0,460.399994,462.179993,460.010010,461.739990,3979343.000000,1723570200.0
1723570200.0,461.769989,462.070007,460.230011,461.760010,3310683.000000,1723573800.0
1723573800.0,461.779999,462.119995,460.890015,461.559998,4271917.000000,1723577400.0
1723577400.0,461.540009,462.839996,461.359985,462.600006,6470183.000000,1723581000.0
1723642200.0,463.500000,464.429993,459.380005,460.394989,10733027.000000,1723645800.0
1723645800.0,460.390015,462.820007,458.399994,462.799988,5115195.000000,1723649400.0
1723649400.0,462.820007,465.109314,461.239990,461.964996,4987098.000000,1723653000.0
1723653000.0,461.960297,462.670013,460.649994,462.250000,2807647.000000,1723656600.0
1723656600.0,462.220001,462.590088,461.299988,462.309998,2655160.000000,1723660200.0
1723660200.0,462.299988,462.910004,461.149994,461.589996,3198791.000000,1723663800.0
1723663800.0,461.635010,463.630005,461.299988,462.820007,3981182.000000,1723667400.0
1723728600.0,468.892487,472.019989,468.380005,471.709991,12094034.000000,1723732200.0
1723732200.0,471.739990,472.959991,471.510010,472.339996,4473038.000000,1723735800.0
1723735800.0,472.369995,473.989990,472.140015,473.909912,3418485.000000,1723739400.0
1723739400.0,473.920013,473.959991,472.659912,473.339996,2950480.000000,1723743000.0
1723743000.0,473.329987,474.529999,473.329987,474.279999,2543270.000000,1723746600.0
1723746600.0,474.299988,474.519989,473.850006,474.290009,3259013.000000,1723750200.0
1723750200.0,474.269989,474.820007,473.369995,474.500000,5763874.000000,1723753800.0
1723815000.0,471.750000,474.799988,471.660614,474.239990,12983862.000000,1723818600.0
1723818600.0,474.239990,474.779999,472.480011,473.290009,6361973.000000,1723822200.0
1723822200.0,473.339996,475.459198,473.179993,475.309998,3314193.000000,1723825800.0
1723825800.0,475.320007,476.410004,475.160095,475.869995,2131419.000000,1723829400.0
1723829400.0,475.859985,476.079987,474.739899,475.299988,2255623.000000,1723833000.0
1723833000.0,475.320007,475.609985,474.859985,475.000000,2973781.000000,1723836600.0
1723836600.0,475.010010,475.250000,474.269989,475.019989,2904528.000000,1723840200.0
1724074200.0,475.119995,475.670013,473.369995,475.320007,5767390.000000,1724077800.0
1724077800.0,475.339996,476.899994,474.880005,476.439911,2533089.000000,1724081400.0
1724081400.0,476.410004,476.940002,475.519989,476.571106,1820058.000000,1724085000.0
1724085000.0,476.494995,477.559998,476.144989,477.277496,2445167.000000,1724088600.0
1724088600.0,477.299988,478.518188,477.079987,478.464996,2060924.000000,1724092200.0
1724092200.0,478.470490,479.519989,478.420013,479.470093,2299208.000000,1724095800.0
1724095800.0,479.450012,481.309906,478.970001,481.269989,4345689.000000,1724099400.0
1724160600.0,480.350006,482.940002,479.970001,480.500000,8216787.000000,1724164200.0
1724164200.0,480.500000,480.779999,478.549988,479.700012,4370648.000000,1724167800.0
1724167800.0,479.649994,481.350006,479.489990,480.195007,2851220.000000,1724171400.0
1724171400.0,480.140015,480.440002,478.649994,479.640015,2728738.000000,1724175000.0
1724175000.0,479.649994,481.532013,479.339996,481.139313,2711603.000000,1724178600.0
1724178600.0,481.140015,481.500000,480.421295,480.489990,3197321.000000,1724182200.0
1724182200.0,480.489990,481.334991,480.029999,480.200012,3000624.000000,1724185800.0
1724247000.0,481.000000,482.699402,480.350006,481.822113,4920981.000000,1724250600.0
1724250600.0,481.859985,484.359985,480.070007,481.574005,5808334.000000,1724254200.0
1724254200.0,481.619995,481.717896,479.320007,480.959991,2303336.000000,1724257800.0
1724257800.0,480.950012,481.989990,480.869995,481.340088,1744173.000000,1724261400.0
1724261400.0,481.359985,483.269989,481.359985,483.188995,2957150.000000,1724265000.0
1724265000.0,483.179993,483.660004,480.750000,481.680115,3252908.000000,1724268600.0
1724268600.0,481.700012,482.929993,481.310608,482.529999,2844865.000000,1724272200.0
1724333400.0,484.829987,485.519989,482.130005,482.941986,5804482.000000,1724337000.0
1724337000.0,482.915009,482.915009,480.250000,480.345001,3991809.000000,1724340600.0
1724340600.0,480.350006,480.619995,476.799988,480.429993,5878863.000000,1724344200.0
1724344200.0,480.429993,480.829010,477.109985,477.919891,3909882.000000,1724347800.0
1724347800.0,477.890015,478.075500,474.930115,476.725006,5188078.000000,1724351400.0
1724351400.0,476.725006,477.059998,474.679993,474.779999,3609914.000000,1724355000.0
1724355000.0,474.820007,475.589996,473.809998,474.829987,6112107.000000,1724358600.0
1724419800.0,479.250000,482.730011,478.019989,482.187408,9758790.000000,1724423400.0
1724423400.0,482.260010,482.489990,475.980011,479.609985,7505710.000000,1724427000.0
1724427000.0,479.570007,480.690002,476.220001,476.940002,3995788.000000,1724430600.0
1724430600.0,476.950012,478.670013,475.279999,478.470001,3017682.000000,1724434200.0
1724434200.0,478.540009,479.489990,478.399994,479.079987,3349813.000000,1724437800.0
1724437800.0,479.089996,480.359985,478.230011,480.244995,2867880.000000,1724441400.0
1724441400.0,480.269989,480.540009,478.510010,480.019989,3928320.000000,1724445000.0
1724679000.0,479.579987,480.380005,475.690002,475.950012,5938766.000000,1724682600.0
1724682600.0,475.910004,476.320007,473.239990,475.760010,5790024.000000,1724686200.0
1724686200.0,475.609985,475.989990,474.119995,475.915009,2869573.000000,1724689800.0
1724689800.0,475.910004,476.559998,475.059998,475.380005,2461700.000000,1724693400.0
1724693400.0,475.399994,475.605011,473.430389,475.000000,3069891.000000,1724697000.0
1724697000.0,474.970001,476.091705,474.799988,475.184998,2329227.000000,1724700600.0
1724700600.0,475.170013,475.477692,474.480011,475.329987,3161719.000000,1724704200.0
1724765400.0,473.750000,476.369995,471.709991,476.279999,7013434.000000,1724769000.0
1724769000.0,476.279999,477.829987,476.100006,476.179993,5688088.000000,1724772600.0
1724772600.0,476.170013,476.559998,475.059998,476.129913,2743650.000000,1724776200.0
1724776200.0,476.130005,477.359985,475.179993,477.230896,2745153.000000,1724779800.0
1724779800.0,477.279999,477.785004,476.529999,477.089996,2583519.000000,1724783400.0
1724783400.0,477.029999,477.250000,476.350006,476.750000,2070751.000000,1724787000.0
1724787000.0,476.739990,477.239990,476.339996,476.829987,2431972.000000,1724790600.0
1724851800.0,476.290009,477.019989,473.589996,475.170013,5342327.000000,1724855400.0
1724855400.0,475.160004,475.469910,469.329987,470.470001,6123237.000000,1724859000.0
1724859000.0,470.489990,471.804993,469.910004,470.760010,3381235.000000,1724862600.0
1724862600.0,470.720001,472.459991,470.559998,471.519989,2290945.000000,1724866200.0
1724866200.0,471.519989,471.850006,467.910004,469.070007,6207606.000000,1724869800.0
1724869800.0,469.040009,472.350006,468.741486,472.160004,5241617.000000,1724873400.0
1724873400.0,472.160004,472.760010,471.019989,471.279999,3553050.000000,1724877000.0
1724938200.0,472.949707,477.760010,472.839996,475.696594,11026208.000000,1724941800.0
1724941800.0,475.709991,477.929993,475.559998,476.380005,5105116.000000,1724945400.0
1724945400.0,476.420013,477.829987,476.149994,477.320007,2675142.000000,1724949000.0
1724949000.0,477.310089,477.880005,475.730011,476.130005,3061718.000000,1724952600.0
1724952600.0,476.140015,476.579987,472.980011,473.274506,4306909.000000,1724956200.0
1724956200.0,473.279999,473.279999,469.372009,470.989990,8110972.000000,1724959800.0
1724959800.0,471.000000,472.459991,470.089996,470.700012,4446077.000000,1724963400.0
1725024600.0,475.059998,476.730011,473.980011,474.795013,7764151.000000,1725028200.0
1725028200.0,474.790009,476.170013,472.299988,472.809998,5429817.000000,1725031800.0
1725031800.0,472.779999,473.200012,471.519989,471.654999,3394725.000000,1725035400.0
1725035400.0,471.690002,473.549988,470.510010,472.769989,3767533.000000,1725039000.0
1725039000.0,472.820007,473.440002,472.040009,473.019989,2098112.000000,1725042600.0
1725042600.0,473.049988,475.220001,473.029999,475.130096,3124450.000000,1725046200.0
1725046200.0,475.144989,476.899994,474.119995,476.390015,6053220.000000,1725049800.0
1725370200.0,473.170013,473.299988,468.489990,469.309998,9774336.000000,1725373800.0
1725373800.0,469.269989,469.279999,465.230011,466.394989,7624569.000000,1725377400.0
1725377400.0,466.369995,467.089996,464.929993,465.670013,3918656.000000,1725381000.0
1725381000.0,465.619995,465.920013,464.690002,465.760010,2991324.000000,1725384600.0
1725384600.0,465.709991,465.880005,462.339996,462.480011,4530331.000000,1725388200.0
1725388200.0,462.480011,463.440002,462.190002,462.420013,4448800.000000,1725391800.0
1725391800.0,462.429993,462.670013,459.410095,461.820007,8017499.000000,1725395400.0
1725456600.0,458.690002,461.649994,457.769989,461.450012,9799358.000000,1725460200.0
1725460200.0,461.440002,464.450012,461.089996,461.980011,5077696.000000,1725463800.0
1725463800.0,462.029999,462.899994,461.130005,462.779999,3519802.000000,1725467400.0
1725467400.0,462.720001,463.750000,461.970001,462.149994,2331639.000000,1725471000.0
1725471000.0,462.119995,462.570007,461.070007,462.024689,3194050.000000,1725474600.0
1725474600.0,462.010010,462.390015,459.390015,460.820007,3555251.000000,1725478200.0
1725478200.0,460.790009,462.119995,460.311615,460.600006,3221072.000000,1725481800.0
1725543000.0,458.975006,465.359985,458.975006,464.289398,9466095.000000,1725546600.0
1725546600.0,464.350006,465.000000,458.480011,458.549988,5717055.000000,1725550200.0
1725550200.0,458.589996,460.519989,457.938995,460.410004,4018198.000000,1725553800.0
1725553800.0,460.410004,460.880005,459.060089,459.100006,2471756.000000,1725557400.0
1725557400.0,459.079987,462.399994,459.049988,461.549988,3137728.000000,1725561000.0
1725561000.0,461.549988,462.720001,459.459991,460.859985,3204371.000000,1725564600.0
1725564600.0,460.869995,461.700714,459.329987,461.140015,3339253.000000,1725568200.0
1725629400.0,461.040009,461.220001,453.309998,453.339996,13288720.000000,1725633000.0
1725633000.0,453.339996,453.799988,449.410004,450.029999,9957773.000000,1725636600.0
1725636600.0,450.040009,451.117493,448.571289,448.660095,5483149.000000,1725640200.0
1725640200.0,448.670013,451.000000,448.190002,449.709991,3944888.000000,1725643800.0
1725643800.0,449.690002,449.920013,448.250000,448.809998,3445867.000000,1725647400.0
1725647400.0,448.820007,450.679993,448.500000,450.160004,3527377.000000,1725651000.0
1725651000.0,450.170013,450.670013,448.320007,448.869995,7718369.000000,1725654600.0
1725888600.0,453.119995,455.239990,452.464996,452.869995,8871246.000000,1725892200.0
1725892200.0,452.859985,452.859985,449.823395,451.554596,4785005.000000,1725895800.0
1725895800.0,451.630005,454.279999,451.390015,454.182007,3887431.000000,1725899400.0
1725899400.0,454.196991,455.459991,453.940002,455.119995,3599239.000000,1725903000.0
1725903000.0,455.059998,455.100006,452.200012,452.279999,3237554.000000,1725906600.0
1725906600.0,452.278992,453.480011,451.559998,453.459991,3381793.000000,1725910200.0
1725910200.0,453.440002,454.720001,452.859985,454.510010,2895573.000000,1725913800.0
1725975000.0,456.592010,457.820007,454.549988,456.799988,7416080.000000,1725978600.0
1725978600.0,456.850006,456.940002,454.239990,456.670013,2836852.000000,1725982200.0
1725982200.0,456.769989,457.029999,452.230011,453.450012,4114785.000000,1725985800.0
1725985800.0,453.320007,456.739990,453.320007,456.019989,3184893.000000,1725989400.0
1725989400.0,456.000000,458.410004,455.890015,457.929993,2994012.000000,1725993000.0
1725993000.0,457.929993,458.720001,457.630005,458.711212,3619481.000000,1725996600.0
1725996600.0,458.720001,459.170013,458.209991,458.670013,3815380.000000,1726000200.0
1726061400.0,459.859985,459.940002,453.630005,453.890015,10937641.000000,1726065000.0
1726065000.0,453.910004,455.059998,451.279999,454.696106,7815141.000000,1726068600.0
1726068600.0,454.654999,460.140015,454.489990,460.100006,6981344.000000,1726072200.0
1726072200.0,460.109985,461.959991,459.109985,461.920013,4437594.000000,1726075800.0
1726075800.0,462.019989,465.350006,461.722412,465.130005,8650984.000000,1726079400.0
1726079400.0,465.149902,467.109985,464.630005,467.089996,7611972.000000,1726083000.0
1726083000.0,467.075012,469.369995,466.209991,468.450012,6912099.000000,1726086600.0
1726147800.0,468.619995,470.839996,466.849091,470.529907,8695600.000000,1726151400.0
1726151400.0,470.540009,471.790009,468.559998,469.339996,5358323.000000,1726155000.0
1726155000.0,469.337494,470.170013,468.349792,470.049988,5113987.000000,1726158600.0
1726158600.0,470.100006,472.519989,469.209991,472.200012,3118489.000000,1726162200.0
1726162200.0,472.170013,473.910004,471.929993,473.769989,4390950.000000,1726165800.0
1726165800.0,473.709991,474.040009,471.029999,473.140015,5228272.000000,1726169400.0
1726169400.0,473.119995,473.600006,472.279999,473.239990,5831611.000000,1726173000.0
1726234200.0,472.457001,475.380005,472.250000,473.750000,6751528.000000,1726237800.0
1726237800.0,473.739990,475.670013,472.598206,475.150085,4904672.000000,1726241400.0
1726241400.0,475.174988,476.109985,474.339996,474.616302,3169088.000000,1726245000.0
1726245000.0,474.632507,476.290009,474.149994,476.220001,2615602.000000,1726248600.0
1726248600.0,476.179993,476.529999,474.739990,474.980011,3198916.000000,1726252200.0
1726252200.0,474.980011,475.579987,474.500000,475.379791,2899754.000000,1726255800.0
1726255800.0,475.375000,475.910004,474.880005,475.380005,3938568.000000,1726259400.0
1726493400.0,472.415009,473.859894,470.530090,472.057892,6465665.000000,1726497000.0
1726497000.0,472.019989,472.559998,469.890015,471.929993,4420841.000000,1726500600.0
1726500600.0,471.903595,472.309998,470.200012,471.450012,2412389.000000,1726504200.0
1726504200.0,471.459808,472.260010,470.752991,471.959991,1618834.000000,1726507800.0
1726507800.0,471.985992,473.259796,471.929993,473.100006,2062699.000000,1726511400.0
1726511400.0,473.089996,473.190002,472.199005,472.769989,1650071.000000,1726515000.0
1726515000.0,472.804108,473.549988,472.590088,473.220001,2068198.000000,1726518600.0
1726579800.0,476.299988,477.049988,474.230011,476.369995,6534828.000000,1726583400.0
1726583400.0,476.359985,477.600006,475.100006,475.549988,4487508.000000,1726587000.0
1726587000.0,475.539703,476.019897,472.619995,473.779999,3581244.000000,1726590600.0
1726590600.0,473.750000,473.989990,471.529999,473.459991,3775453.000000,1726594200.0
1726594200.0,473.410004,473.839905,470.980011,473.029999,2633911.000000,1726597800.0
1726597800.0,473.035004,473.342010,471.820007,472.799988,3717401.000000,1726601400.0
1726601400.0,472.760010,473.549988,472.334015,473.510010,2926787.000000,1726605000.0
1726666200.0,474.630005,474.829895,472.739990,473.988800,4594184.000000,1726669800.0
1726669800.0,473.949310,474.570007,472.450012,473.165009,2700586.000000,1726673400.0
1726673400.0,473.149994,473.379913,471.250000,473.309906,2043602.000000,1726677000.0
1726677000.0,473.299988,474.279999,472.880005,474.109985,2019171.000000,1726680600.0
1726680600.0,474.100006,478.799988,472.600006,476.746704,9117157.000000,1726684200.0
1726684200.0,476.799988,478.070007,471.420013,475.149994,10428001.000000,1726687800.0
1726687800.0,475.160095,475.790009,470.829987,471.320007,6195280.000000,1726691400.0
1726752600.0,482.625000,484.630005,480.489990,484.489990,12858511.000000,1726756200.0
1726756200.0,484.720001,485.179993,482.589996,484.619995,7064607.000000,1726759800.0
1726759800.0,484.619995,485.380005,483.489990,485.209991,4709843.000000,1726763400.0
1726763400.0,485.229889,485.540009,484.700104,485.261108,3545032.000000,1726767000.0
1726767000.0,485.339996,486.230011,484.179993,485.070007,4164500.000000,1726770600.0
1726770600.0,485.079987,485.130005,483.140015,483.959991,6923593.000000,1726774200.0
1726774200.0,483.941711,484.690002,482.950012,483.410004,8873204.000000,1726777800.0
1726839000.0,482.459991,483.628693,481.000000,481.674988,6904169.000000,1726842600.0
1726842600.0,481.674988,482.059998,478.299988,479.429993,7139638.000000,1726846200.0
1726846200.0,479.420013,482.138611,479.299988,482.079987,2971117.000000,1726849800.0
1726849800.0,482.040009,482.540009,481.500488,481.779999,3546466.000000,1726853400.0
1726853400.0,481.769989,482.390015,480.200012,480.609985,2782376.000000,1726857000.0
1726857000.0,480.589996,482.950012,480.130005,482.619598,3627144.000000,1726860600.0
1726860600.0,482.589996,483.690002,482.179993,482.429993,4011910.000000,1726864200.0
1727098200.0,482.929993,483.989990,481.869995,483.545013,6505817.000000,1727101800.0
1727101800.0,483.540009,484.140015,482.279999,483.359985,3426977.000000,1727105400.0
1727105400.0,483.350006,484.089996,482.079987,482.690002,2366721.000000,1727109000.0
1727109000.0,482.690002,482.959991,481.600006,482.160004,1818498.000000,1727112600.0
1727112600.0,482.179993,483.179993,481.910004,482.769989,1931996.000000,1727116200.0
1727116200.0,482.779999,483.239990,482.549988,482.989990,2741962.000000,1727119800.0
1727119800.0,483.000000,483.320007,482.480011,483.019989,1411465.000000,1727123400.0
1727184600.0,484.459991,484.890015,480.429993,480.970001,5902248.000000,1727188200.0
1727188200.0,480.984985,484.209015,480.170013,483.970001,4546499.000000,1727191800.0
1727191800.0,483.980011,486.329987,483.920013,485.700012,4759595.000000,1727195400.0
1727195400.0,485.720001,486.260010,484.839996,485.309998,2091263.000000,1727199000.0
1727199000.0,485.329010,485.838013,484.480011,484.720001,1527786.000000,1727202600.0
1727202600.0,484.730011,485.089996,483.869995,484.870087,2562774.000000,1727206200.0
1727206200.0,484.890015,485.480011,484.619995,485.350006,2832234.000000,1727209800.0
1727271000.0,484.885010,487.790009,484.679993,486.700012,5881940.000000,1727274600.0
1727274600.0,486.709991,487.237793,486.119995,486.140015,2439288.000000,1727278200.0
1727278200.0,486.109985,487.070007,485.380005,486.309998,3208602.000000,1727281800.0
1727281800.0,486.301086,486.399994,484.559998,485.650604,2109596.000000,1727285400.0
1727285400.0,485.619995,486.235901,484.630005,486.039886,2626785.000000,1727289000.0
1727289000.0,486.029999,486.109985,485.239990,485.649994,3658135.000000,1727292600.0
1727292600.0,485.619995,486.070007,485.440002,485.929993,3481191.000000,1727296200.0
1727357400.0,493.394989,493.700012,489.429993,489.589996,8062230.000000,1727361000.0
1727361000.0,489.660004,490.084991,485.799988,487.454987,6351469.000000,1727364600.0
1727364600.0,487.380005,489.040497,486.769989,487.399994,3000179.000000,1727368200.0
1727368200.0,487.489990,487.739990,485.839996,487.272003,2192297.000000,1727371800.0
1727371800.0,487.250610,489.600006,487.230011,489.570007,3725640.000000,1727375400.0
1727375400.0,489.570007,489.959991,488.920013,489.579987,2353117.000000,1727379000.0
1727379000.0,489.593689,489.864990,489.049988,489.440002,3658796.000000,1727382600.0
1727443800.0,490.500000,490.640015,488.239990,488.894989,4800038.000000,1727447400.0
1727447400.0,488.760010,489.350006,487.299988,487.869995,3627257.000000,1727451000.0
1727451000.0,487.890015,488.239197,486.480011,487.480011,2833069.000000,1727454600.0
1727454600.0,487.420013,488.279999,487.015015,487.015015,1905787.000000,1727458200.0
1727458200.0,487.019989,488.429993,486.200012,486.209991,2320926.000000,1727461800.0
1727461800.0,486.260010,487.714996,485.570007,487.160004,2720848.000000,1727465400.0
1727465400.0,487.138794,487.349915,486.519989,486.779999,3077666.000000,1727469000.0
1727703000.0,485.679993,487.790009,484.589996,485.920013,5363826.000000,1727706600.0
1727706600.0,485.940002,486.899994,485.399994,486.890015,2503529.000000,1727710200.0
1727710200.0,487.069885,487.579987,485.520294,487.149994,3182866.000000,1727713800.0
1727713800.0,487.140015,487.238007,485.559998,485.720001,1910943.000000,1727717400.0
1727717400.0,485.700012,486.609985,482.929993,483.785004,3987854.000000,1727721000.0
1727721000.0,483.760010,485.720001,483.299988,485.199188,4866562.000000,1727724600.0
1727724600.0,485.179993,488.410004,484.920013,488.049988,5916719.000000,1727728200.0
1727789400.0,487.898987,487.899994,478.940002,479.529999,12078632.000000,1727793000.0
1727793000.0,479.510010,480.890015,477.399994,479.214996,6429398.000000,1727796600.0
1727796600.0,479.209991,481.613007,478.899994,480.614990,3539172.000000,1727800200.0
1727800200.0,480.559998,480.790009,478.059998,478.209991,4491299.000000,1727803800.0
1727803800.0,478.209991,483.140015,478.010010,483.059998,5819518.000000,1727807400.0
1727807400.0,483.010010,483.559998,482.100006,482.595001,4019113.000000,1727811000.0
1727811000.0,482.549988,482.549988,480.600006,481.170013,3563948.000000,1727814600.0
1727875800.0,480.362488,482.049988,477.739990,481.899994,7114545.000000,1727879400.0
1727879400.0,481.829987,483.880005,481.309998,483.070007,3953086.000000,1727883000.0
1727883000.0,483.149994,483.769989,482.470001,483.380005,2329210.000000,1727886600.0
1727886600.0,483.375000,483.375000,481.130005,482.190002,2377199.000000,1727890200.0
1727890200.0,482.149994,483.130005,481.010010,482.269989,2157319.000000,1727893800.0
1727893800.0,482.220001,482.899994,481.867493,482.850006,1367133.000000,1727897400.0
1727897400.0,482.890015,483.130005,481.834991,481.940002,2238302.000000,1727901000.0
1727962200.0,479.859985,484.545013,479.369995,481.000000,7032845.000000,1727965800.0
1727965800.0,480.959991,482.600006,479.808685,481.695007,3939600.000000,1727969400.0
1727969400.0,481.665009,483.252502,481.649994,482.570007,1961000.000000,1727973000.0
1727973000.0,482.570007,482.629913,478.989990,480.556610,4034763.000000,1727976600.0
1727976600.0,480.480103,481.299988,479.940002,480.709900,1831395.000000,1727980200.0
1727980200.0,480.719910,481.059998,479.820007,480.040405,1685032.000000,1727983800.0
1727983800.0,480.079987,482.029999,479.959991,481.619995,2994931.000000,1727987400.0
1728048600.0,487.510010,487.709991,482.385010,482.959991,9901686.000000,1728052200.0
1728052200.0,483.019989,485.850006,482.519989,483.510010,4095473.000000,1728055800.0
1728055800.0,483.433807,485.559998,482.890015,484.510010,2919821.000000,1728059400.0
1728059400.0,484.479706,486.339996,484.299988,485.470001,1890651.000000,1728063000.0
1728063000.0,485.470001,486.079987,484.019989,485.489990,2407090.000000,1728066600.0
1728066600.0,485.489990,486.850006,485.263611,486.671112,2269000.000000,1728070200.0
1728070200.0,486.670013,487.869995,486.540009,487.489990,3787459.000000,1728073800.0
1728307800.0,485.420013,486.420013,484.250000,486.369995,4501653.000000,1728311400.0
1728311400.0,486.390015,486.570007,484.970001,485.970001,2418668.000000,1728315000.0
1728315000.0,485.980011,486.230011,484.709991,485.779999,2154998.000000,1728318600.0
1728318600.0,485.790009,485.920013,484.940002,485.140015,1192589.000000,1728322200.0
1728322200.0,485.070007,485.769196,484.419006,484.649994,2788299.000000,1728325800.0
1728325800.0,484.649994,484.649994,481.160004,482.010010,5189338.000000,1728329400.0
1728329400.0,482.029999,482.790009,480.869995,482.059998,4054276.000000,1728333000.0
1728394200.0,484.660004,486.959991,483.845001,486.532501,6376331.000000,1728397800.0
1728397800.0,486.540009,488.649994,486.431091,487.649994,5305847.000000,1728401400.0
1728401400.0,487.700012,488.290009,486.899994,487.774994,1948215.000000,1728405000.0
1728405000.0,487.730011,488.040009,486.079987,486.839996,2398125.000000,1728408600.0
1728408600.0,486.880005,487.921204,486.670105,487.790009,1690743.000000,1728412200.0
1728412200.0,487.799988,489.184998,487.470001,489.029999,3104173.000000,1728415800.0
1728415800.0,489.019989,489.989990,488.890015,489.329987,4312819.000000,1728419400.0
1728480600.0,489.049988,490.700012,487.959991,490.420013,5410807.000000,1728484200.0
1728484200.0,490.440002,491.769989,489.769989,491.469391,2836473.000000,1728487800.0
1728487800.0,491.454895,492.899994,491.029999,492.084991,3767435.000000,1728491400.0
1728491400.0,492.084991,492.379913,491.320007,492.239990,3171639.000000,1728495000.0
1728495000.0,492.177490,493.220001,490.730011,493.109009,2183574.000000,1728498600.0
1728498600.0,493.089996,493.125000,491.929993,492.579987,2781827.000000,1728502200.0
1728502200.0,492.570007,493.730011,492.549988,493.179993,2949555.000000,1728505800.0
1728567000.0,490.869995,492.279999,489.529999,491.957001,6497428.000000,1728570600.0
1728570600.0,491.980011,492.839996,490.989990,492.678986,3222771.000000,1728574200.0
1728574200.0,492.670013,494.450012,492.320007,493.540009,4295195.000000,1728577800.0
1728577800.0,493.559998,493.635010,492.010010,493.309998,3478650.000000,1728581400.0
1728581400.0,493.309998,493.640015,491.390015,492.040009,1828883.000000,1728585000.0
1728585000.0,492.035004,492.484985,491.230011,492.285004,2094658.000000,1728588600.0
1728588600.0,492.279999,492.959991,491.859985,492.600006,2770920.000000,1728592200.0
1728653400.0,490.739990,494.100006,490.170013,493.510010,5595338.000000,1728657000.0
1728657000.0,493.505005,494.019989,491.929993,492.839996,3680499.000000,1728660600.0
1728660600.0,492.878815,493.829987,492.755005,493.140015,2251770.000000,1728664200.0
1728664200.0,493.059998,493.265015,492.269989,493.130005,1551882.000000,1728667800.0
1728667800.0,493.119995,493.950012,492.883606,493.529907,1276683.000000,1728671400.0
1728671400.0,493.579987,494.380005,492.769989,494.100006,1943802.000000,1728675000.0
1728675000.0,494.059998,494.250000,493.279999,493.339996,2099676.000000,1728678600.0
1728912600.0,495.760010,498.829987,495.540009,497.970001,6799922.000000,1728916200.0
1728916200.0,497.964996,498.119995,495.290009,495.759003,5420693.000000,1728919800.0
1728919800.0,495.760010,497.179993,495.260010,497.100006,1850973.000000,1728923400.0
1728923400.0,497.100006,497.524994,496.840088,497.160004,3324975.000000,1728927000.0
1728927000.0,497.160004,497.659912,496.869995,497.339996,2033268.000000,1728930600.0
1728930600.0,497.359985,497.950012,497.260101,497.904999,2490173.000000,1728934200.0
1728934200.0,497.890015,498.589996,497.279999,497.500000,2761842.000000,1728937800.0
1728999000.0,497.829987,498.500000,494.880005,495.000000,5312747.000000,1729002600.0
1729002600.0,494.940002,494.940002,490.559998,492.179993,8207933.000000,1729006200.0
1729006200.0,492.160004,493.019989,490.751007,491.850006,3886301.000000,1729009800.0
1729009800.0,491.878693,492.579987,490.649994,491.029999,2724425.000000,1729013400.0
1729013400.0,491.019989,491.929993,490.760895,491.320007,2106780.000000,1729017000.0
1729017000.0,491.299988,491.630005,488.980011,489.654999,4073064.000000,1729020600.0
1729020600.0,489.700012,490.920013,488.720001,490.779999,6075055.000000,1729024200.0
1729085400.0,491.109985,491.230011,487.570007,490.600006,7739481.000000,1729089000.0
1729089000.0,490.600006,490.869995,488.519989,490.140015,2793545.000000,1729092600.0
1729092600.0,490.130005,490.480011,489.101593,489.894989,1966296.000000,1729096200.0
1729096200.0,489.899994,490.929993,489.690002,490.100006,1753850.000000,1729099800.0
1729099800.0,490.059998,491.690002,490.035004,491.489990,2215952.000000,1729103400.0
1729103400.0,491.459991,491.679993,490.799988,490.970703,1942715.000000,1729107000.0
1729107000.0,490.980011,491.140015,490.570007,490.920013,2501941.000000,1729110600.0
1729171800.0,496.359985,496.489990,491.540100,493.299988,9133777.000000,1729175400.0
1729175400.0,493.454895,493.649994,491.570007,493.589996,3239491.000000,1729179000.0
1729179000.0,493.570007,495.350006,493.400391,494.285004,2446540.000000,1729182600.0
1729182600.0,494.269989,494.619995,493.450012,494.049988,1983640.000000,1729186200.0
1729186200.0,494.049988,494.700012,491.690002,492.140015,2462901.000000,1729189800.0
1729189800.0,492.140015,493.119995,491.470001,491.829987,2901359.000000,1729193400.0
1729193400.0,491.829987,492.019989,491.190094,491.350006,2886059.000000,1729197000.0
1729258200.0,494.049988,495.440002,493.299988,494.899994,5339099.000000,1729261800.0
1729261800.0,494.890015,495.269989,493.769989,495.190002,4888052.000000,1729265400.0
1729265400.0,495.200012,495.570007,493.549988,493.994995,3537255.000000,1729269000.0
1729269000.0,494.000000,495.440002,494.000000,494.690002,2406546.000000,1729272600.0
1729272600.0,494.720001,495.079987,493.720001,494.940002,1559233.000000,1729276200.0
1729276200.0,494.964996,495.055908,494.179993,494.700012,2097156.000000,1729279800.0
1729279800.0,494.679993,494.690002,493.890015,494.510010,4378018.000000,1729283400.0
1729517400.0,493.260010,496.230011,493.119995,495.149994,5520782.000000,1729521000.0
1729521000.0,495.140015,495.260010,491.309998,491.651398,5716794.000000,1729524600.0
1729524600.0,491.570007,494.126007,491.489990,493.570007,4296629.000000,1729528200.0
1729528200.0,493.579987,494.769989,493.200012,494.290009,2197732.000000,1729531800.0
1729531800.0,494.299988,494.909088,493.880096,494.212708,2288339.000000,1729535400.0
1729535400.0,494.209991,494.829987,493.679993,494.450012,2912642.000000,1729539000.0
1729539000.0,494.440002,495.529999,493.970001,495.470001,3636173.000000,1729542600.0
1729603800.0,492.739990,495.500000,491.970001,494.750092,7360726.000000,1729607400.0
1729607400.0,494.859985,495.309998,493.859985,494.535004,3116875.000000,1729611000.0
1729611000.0,494.510010,494.829987,493.390015,493.570007,2123286.000000,1729614600.0
1729614600.0,493.540009,495.209991,493.269989,495.084991,2789283.000000,1729618200.0
1729618200.0,495.119995,497.445007,495.060089,496.279999,4729947.000000,1729621800.0
1729621800.0,496.269989,496.320007,495.380005,496.160004,2077868.000000,1729625400.0
1729625400.0,496.142487,496.739990,495.929993,496.029999,2753563.000000,1729629000.0
1729690200.0,493.579987,494.239990,491.450012,493.191986,6191924.000000,1729693800.0
1729693800.0,493.170013,494.116913,490.489990,490.582489,5067798.000000,1729697400.0
1729697400.0,490.549988,491.799988,489.292603,489.377991,3881300.000000,1729701000.0
1729701000.0,489.359894,489.920013,487.029999,487.713287,5216423.000000,1729704600.0
1729704600.0,487.663788,487.690002,485.049988,486.079987,5363114.000000,1729708200.0
1729708200.0,486.059998,487.929993,485.910004,487.584991,4949632.000000,1729711800.0
1729711800.0,487.589996,488.619995,487.190002,488.369995,4326799.000000,1729715400.0
1729776600.0,492.130005,492.227997,490.299988,490.730011,5795425.000000,1729780200.0
1729780200.0,490.739990,492.100006,490.489990,491.369995,2517323.000000,1729783800.0
1729783800.0,491.309998,491.570099,489.440002,491.009888,2320987.000000,1729787400.0
1729787400.0,491.019989,492.466614,491.019989,491.769989,2240161.000000,1729791000.0
1729791000.0,491.760010,492.360107,491.049988,491.929993,1611838.000000,1729794600.0
1729794600.0,491.940002,492.600006,491.390015,492.540009,1771231.000000,1729798200.0
1729798200.0,492.480011,493.000000,492.154999,492.329987,3240348.000000,1729801800.0
1729863000.0,495.160004,500.279999,495.130005,499.950012,10645744.000000,1729866600.0
1729866600.0,499.950012,500.154999,498.250000,498.570007,5862243.000000,1729870200.0
1729870200.0,498.540009,499.220001,497.850098,499.219910,4033102.000000,1729873800.0
1729873800.0,499.221008,499.299988,496.652008,496.950012,3691860.000000,1729877400.0
1729877400.0,496.940002,497.200012,494.429993,496.240112,5668551.000000,1729881000.0
1729881000.0,496.269897,496.829987,495.260010,495.734985,2955576.000000,1729884600.0
1729884600.0,495.739990,496.059998,494.940002,495.260010,3021188.000000,1729888200.0
1730122200.0,498.459991,498.515015,496.200012,497.790100,5124601.000000,1730125800.0
1730125800.0,497.820007,498.230011,496.220001,496.864990,2508557.000000,1730129400.0
1730129400.0,496.859985,497.119995,495.825012,496.809998,2244352.000000,1730133000.0
1730133000.0,496.779999,496.839996,495.600006,496.329987,2103569.000000,1730136600.0
1730136600.0,496.429993,496.880005,496.100006,496.229889,1236715.000000,1730140200.0
1730140200.0,496.230011,496.576111,495.570007,496.125000,2883511.000000,1730143800.0
1730143800.0,496.141388,496.359985,495.100006,495.369995,3062881.000000,1730147400.0
1730208600.0,495.739990,497.919891,493.850006,496.470001,5290984.000000,1730212200.0
1730212200.0,496.489990,498.049988,496.489990,497.779999,2885534.000000,1730215800.0
1730215800.0,497.790009,498.890015,497.410004,498.230011,3005011.000000,1730219400.0
1730219400.0,498.230011,499.920013,497.529999,499.415009,3141983.000000,1730223000.0
1730223000.0,499.429993,500.178406,499.209991,500.160004,2080595.000000,1730226600.0
1730226600.0,500.149994,501.348907,500.029999,501.234985,3541470.000000,1730230200.0
1730230200.0,501.230011,501.339996,499.790894,500.140015,4522453.000000,1730233800.0
1730295000.0,499.350006,500.350006,496.600006,500.105011,6945975.000000,1730298600.0
1730298600.0,500.100006,500.160004,498.149994,499.940002,2866806.000000,1730302200.0
1730302200.0,499.940002,499.989990,498.869995,499.149994,1919785.000000,1730305800.0
1730305800.0,499.140015,499.600006,498.339996,498.420013,1588582.000000,1730309400.0
1730309400.0,498.381989,498.630005,496.980011,497.869995,3523291.000000,1730313000.0
1730313000.0,497.809998,498.459991,496.890015,497.239990,3243624.000000,1730316600.0
1730316600.0,497.234985,497.554993,495.890015,496.380005,6077219.000000,1730320200.0
1730381400.0,492.380005,492.429993,486.470001,486.970001,10128560.000000,1730385000.0
1730385000.0,486.940002,487.359985,484.869995,485.940002,5321152.000000,1730388600.0
1730388600.0,485.910004,486.149994,484.179993,485.709991,4407874.000000,1730392200.0
1730392200.0,485.709991,486.359985,485.200012,485.269989,2937147.000000,1730395800.0
1730395800.0,485.250000,485.390015,483.950012,484.540009,3919065.000000,1730399400.0
1730399400.0,484.540009,486.029999,483.820007,485.529999,4194429.000000,1730403000.0
1730403000.0,485.529999,486.779999,483.750000,483.890015,6338630.000000,1730406600.0
1730467800.0,485.760010,490.349701,485.209991,490.349701,8350837.000000,1730471400.0
1730471400.0,490.359985,490.750702,487.630005,490.649994,4723180.000000,1730475000.0
1730475000.0,490.670013,490.730011,488.880005,489.239990,1857772.000000,1730478600.0
1730478600.0,489.260010,489.929993,487.940002,489.779999,2823377.000000,1730482200.0
1730482200.0,489.779999,489.820007,486.940002,487.739990,4409978.000000,1730485800.0
1730485800.0,487.710114,488.730011,487.429993,487.660004,3302518.000000,1730489400.0
1730489400.0,487.640015,488.380005,486.799988,487.399994,4952908.000000,1730493000.0
1730730600.0,486.799988,488.829987,484.254486,488.340088,5096011.000000,1730734200.0
1730734200.0,488.380005,489.380005,487.824005,488.220001,2625264.000000,1730737800.0
1730737800.0,488.220001,488.290009,484.684998,486.679993,3677088.000000,1730741400.0
1730741400.0,486.679993,487.928802,486.000000,487.250000,1955655.000000,1730745000.0
1730745000.0,487.149994,488.140015,487.019989,487.160004,1728299.000000,1730748600.0
1730748600.0,487.100006,487.829987,486.549988,486.770691,2272879.000000,1730752200.0
1730752200.0,486.692505,486.807007,485.635010,485.959991,3937438.000000,1730755800.0
1730817000.0,487.619995,491.600006,487.619995,490.350006,5281916.000000,1730820600.0
1730820600.0,490.350006,491.480011,489.559998,491.119995,3401408.000000,1730824200.0
1730824200.0,491.190002,492.880005,491.170013,492.329987,2635741.000000,1730827800.0
1730827800.0,492.369995,492.880005,491.660095,491.679901,1978555.000000,1730831400.0
1730831400.0,491.690094,492.000000,490.860107,491.570190,1928787.000000,1730835000.0
1730835000.0,491.629913,492.019989,490.731598,491.959991,3004834.000000,1730838600.0
1730838600.0,491.950012,492.409912,491.309998,492.250000,2953535.000000,1730842200.0
1730903400.0,500.730011,503.459991,499.600006,503.190002,14047047.000000,1730907000.0
1730907000.0,503.200012,503.789398,500.720001,502.690002,4258924.000000,1730910600.0
1730910600.0,502.739990,503.589996,502.570007,503.239990,3306792.000000,1730914200.0
1730914200.0,503.260010,504.679993,502.944000,504.679993,4954231.000000,1730917800.0
1730917800.0,504.670013,505.339996,504.340607,505.320007,2903123.000000,1730921400.0
1730921400.0,505.309998,506.109985,504.839996,505.744995,3697084.000000,1730925000.0
1730925000.0,505.759094,506.410004,505.170013,505.619995,5044562.000000,1730928600.0
1730989800.0,508.471985,511.349915,508.339996,510.920013,7813980.000000,1730993400.0
1730993400.0,510.926514,512.340027,510.350098,511.959991,3489801.000000,1730997000.0
1730997000.0,511.940002,512.989014,511.859985,512.559998,2848565.000000,1731000600.0
1731000600.0,512.530029,512.960022,512.000000,512.400024,2427359.000000,1731004200.0
1731004200.0,512.380005,513.150024,511.880005,512.690002,3583516.000000,1731007800.0
1731007800.0,512.670105,514.330017,512.051025,513.820007,4246930.000000,1731011400.0
1731011400.0,513.809998,514.247498,513.174988,513.599976,5222144.000000,1731015000.0
1731076200.0,513.119995,514.156006,512.419983,513.190002,5445805.000000,1731079800.0
1731079800.0,513.179993,513.822510,512.669983,513.599915,2214214.000000,1731083400.0
1731083400.0,513.630005,514.219971,513.239990,513.450012,3492828.000000,1731087000.0
1731087000.0,513.440002,514.224976,513.390015,514.150024,1306745.000000,1731090600.0
1731090600.0,514.150024,514.917480,514.130005,514.789978,3354895.000000,1731094200.0
1731094200.0,514.770020,514.909973,513.669983,513.820007,2074925.000000,1731097800.0
1731097800.0,513.830017,514.169983,513.559998,514.159973,2491318.000000,1731101400.0
1731335400.0,515.429993,515.570007,512.239990,513.080017,6203044.000000,1731339000.0
1731339000.0,513.150024,514.429993,513.109924,513.516785,2772949.000000,1731342600.0
1731342600.0,513.559998,513.809998,512.489990,512.669983,2045699.000000,1731346200.0
1731346200.0,512.640015,513.090027,510.920013,511.940002,2756387.000000,1731349800.0
1731349800.0,511.920013,513.289001,511.880096,512.390076,2385660.000000,1731353400.0
1731353400.0,512.409973,513.340027,512.283691,513.184998,2624962.000000,1731357000.0
1731357000.0,513.179993,513.940002,512.960083,513.830017,3006063.000000,1731360600.0
1731421800.0,513.739990,514.659973,512.912476,513.750000,4712875.000000,1731425400.0
1731425400.0,513.770020,514.219971,512.510010,512.860107,2666269.000000,1731429000.0
1731429000.0,512.873413,513.179993,511.690002,512.332520,2668969.000000,1731432600.0
1731432600.0,512.325012,512.599976,509.829987,511.440002,3719143.000000,1731436200.0
1731436200.0,511.420013,513.450012,511.410004,513.080017,2565746.000000,1731439800.0
1731439800.0,513.109985,513.570007,512.590027,512.940002,2732164.000000,1731443400.0
1731443400.0,512.890015,513.439880,512.510681,512.909973,3988952.000000,1731447000.0
1731508200.0,512.460022,513.039978,509.966400,510.980011,5291168.000000,1731511800.0
1731511800.0,510.980011,512.340027,510.642487,512.299988,2255235.000000,1731515400.0
1731515400.0,512.359985,513.700012,511.024994,513.051819,2701560.000000,1731519000.0
1731519000.0,513.070007,514.229980,512.640015,514.030029,2226113.000000,1731522600.0
1731522600.0,514.010010,514.979980,513.320007,513.500000,2851973.000000,1731526200.0
1731526200.0,513.509521,513.679993,512.120117,512.842529,2650046.000000,1731529800.0
1731529800.0,512.820007,513.779907,511.450012,512.270020,3738750.000000,1731533400.0
1731594600.0,512.030029,512.789978,509.560089,510.970001,4935129.000000,1731598200.0
1731598200.0,510.910004,511.910004,510.380005,511.266602,2163681.000000,1731601800.0
1731601800.0,511.239990,511.950012,509.880005,510.079987,1933639.000000,1731605400.0
1731605400.0,510.029999,511.450012,508.959991,510.862213,3493738.000000,1731609000.0
1731609000.0,510.869995,511.000000,509.109985,510.109985,3852033.000000,1731612600.0
1731612600.0,510.040009,510.690002,508.257812,509.049988,4960907.000000,1731616200.0
1731616200.0,509.054993,509.250000,507.769989,508.670013,4620955.000000,1731619800.0
1731681000.0,502.929993,503.309998,498.700012,498.877411,11647451.000000,1731684600.0
1731684600.0,498.859985,499.369995,497.535004,498.660004,8950972.000000,1731688200.0
1731688200.0,498.679993,498.929993,496.140015,496.617493,6435229.000000,1731691800.0
1731691800.0,496.609985,497.059998,495.480011,496.140015,5231580.000000,1731695400.0
1731695400.0,496.130005,496.130005,494.500000,494.879913,5329481.000000,1731699000.0
1731699000.0,494.864990,496.790009,494.859985,496.239990,5016862.000000,1731702600.0
1731702600.0,496.279999,496.959991,495.529999,496.459991,4916541.000000,1731706200.0
1731940200.0,498.140015,500.429993,496.730011,500.410004,7149448.000000,1731943800.0
1731943800.0,500.410004,501.987701,500.360107,501.484985,3772508.000000,1731947400.0
1731947400.0,501.480011,502.140015,500.089996,500.549988,2983109.000000,1731951000.0
1731951000.0,500.510010,500.850006,499.609985,500.320007,2330626.000000,1731954600.0
1731954600.0,500.329987,500.739990,499.059998,499.209900,2847964.000000,1731958200.0
1731958200.0,499.225006,500.539001,499.000000,500.450012,2401634.000000,1731961800.0
1731961800.0,500.420013,500.450012,499.503815,500.000000,3657623.000000,1731965400.0
1732026600.0,497.679993,499.440002,497.079987,499.420013,5966945.000000,1732030200.0
1732030200.0,499.390015,501.450012,498.910004,501.339996,3079757.000000,1732033800.0
1732033800.0,501.339996,501.729889,500.390015,501.392090,2415963.000000,1732037400.0
1732037400.0,501.380005,502.500000,501.250000,502.394989,1905699.000000,1732041000.0
1732041000.0,502.427399,503.953613,502.258698,502.859985,2414721.000000,1732044600.0
1732044600.0,502.869904,503.130005,502.000000,503.029999,3725002.000000,1732048200.0
1732048200.0,503.000000,503.700012,502.850006,503.399994,2912457.000000,1732051800.0
1732113000.0,503.160004,503.200012,496.554993,497.570007,8042176.000000,1732116600.0
1732116600.0,497.549988,500.570007,497.380005,498.649994,4461836.000000,1732120200.0
1732120200.0,498.653687,502.089996,498.239990,500.229889,3904782.000000,1732123800.0
1732123800.0,500.179993,500.890015,499.079987,500.100006,2183015.000000,1732127400.0
1732127400.0,500.119995,500.119995,498.470001,498.829987,1713692.000000,1732131000.0
1732131000.0,498.769989,500.880005,498.700012,500.830200,2905882.000000,1732134600.0
1732134600.0,500.890015,503.470001,500.890015,503.200012,3531424.000000,1732138200.0
1732199400.0,506.230011,506.959991,497.769989,497.910004,11359228.000000,1732203000.0
1732203000.0,497.910004,503.939911,497.559998,503.939911,6330060.000000,1732206600.0
1732206600.0,503.920013,504.649994,501.934998,504.290009,3035869.000000,1732210200.0
1732210200.0,504.285004,505.799988,504.209991,505.535004,3020055.000000,1732213800.0
1732213800.0,505.549988,506.059998,504.201904,505.184998,2478135.000000,1732217400.0
1732217400.0,505.220001,506.309998,504.700012,506.119904,2908814.000000,1732221000.0
1732221000.0,506.100006,506.179993,504.869995,504.980011,3105924.000000,1732224600.0
1732285800.0,504.420013,506.339996,502.780701,503.239990,5811288.000000,1732289400.0
1732289400.0,503.260010,505.880005,503.109985,504.109985,3027709.000000,1732293000.0
1732293000.0,504.160004,505.730011,503.429993,505.510101,2214778.000000,1732296600.0
1732296600.0,505.519989,506.529999,504.609985,505.839996,2426185.000000,1732300200.0
1732300200.0,505.750000,506.353607,504.501007,505.279999,2626360.000000,1732303800.0
1732303800.0,505.279999,505.890015,504.679993,505.170105,2516655.000000,1732307400.0
1732307400.0,505.170013,506.260010,504.929993,505.809998,2602443.000000,1732311000.0
1732545000.0,509.950012,511.452515,506.440002,507.950012,8698379.000000,1732548600.0
1732548600.0,507.894989,508.350006,506.549988,508.000000,3372604.000000,1732552200.0
1732552200.0,508.010010,508.609985,504.950012,505.230011,3192005.000000,1732555800.0
1732555800.0,505.179993,506.880005,504.262512,506.410004,2879587.000000,1732559400.0
1732559400.0,506.380005,506.829895,505.339996,505.989990,1500631.000000,1732563000.0
1732563000.0,505.980011,506.619995,505.579987,506.079987,1701003.000000,1732566600.0
1732566600.0,506.089996,506.765015,505.980011,506.559998,3122830.000000,1732570200.0
1732631400.0,508.079987,510.140015,507.635010,508.500000,6285644.000000,1732635000.0
1732635000.0,508.459991,509.470001,508.070007,508.459991,2446246.000000,1732638600.0
1732638600.0,508.420013,508.779999,507.720001,508.135712,2068070.000000,1732642200.0
1732642200.0,508.140015,509.160004,508.079987,508.565002,2052534.000000,1732645800.0
1732645800.0,508.529907,509.101013,507.236389,507.670013,3169293.000000,1732649400.0
1732649400.0,507.579987,508.450012,507.390289,508.429993,4176164.000000,1732653000.0
1732653000.0,508.480011,509.709991,508.250000,509.299988,4182477.000000,1732656600.0
1732717800.0,508.170013,508.170013,504.089996,504.329987,6088472.000000,1732721400.0
1732721400.0,504.290009,504.579895,502.459991,503.109985,3754585.000000,1732725000.0
1732725000.0,503.019989,504.000000,501.940002,503.089996,2932462.000000,1732728600.0
1732728600.0,503.109985,504.649902,502.660004,504.209991,2387325.000000,1732732200.0
1732732200.0,504.200012,505.481293,504.105011,504.980011,2659986.000000,1732735800.0
1732735800.0,504.950012,505.649994,504.672791,504.890015,2246938.000000,1732739400.0
1732739400.0,504.890015,505.290009,504.220001,505.279999,3383794.000000,1732743000.0
1732890600.0,505.980011,509.299988,505.320007,508.630005,5588649.000000,1732894200.0
1732894200.0,508.630005,509.859985,508.420898,509.660004,3540470.000000,1732897800.0
1732897800.0,509.640015,510.079987,509.170105,509.500000,2535018.000000,1732901400.0
1733149800.0,511.010010,514.739990,510.630005,514.400024,6988246.000000,1733153400.0
1733153400.0,514.399719,514.885010,513.429993,514.440002,2433254.000000,1733157000.0
1733157000.0,514.429993,516.260010,514.299988,515.640015,3689405.000000,1733160600.0
1733160600.0,515.640015,515.969971,514.969971,515.121704,1766187.000000,1733164200.0
1733164200.0,515.117493,515.409973,514.280029,514.530090,2213726.000000,1733167800.0
1733167800.0,514.559998,515.770020,514.530029,515.739990,2051920.000000,1733171400.0
1733171400.0,515.731018,515.838196,515.170105,515.299988,3041386.000000,1733175000.0
1733236200.0,513.609985,515.780029,513.369995,514.440002,5604467.000000,1733239800.0
1733239800.0,514.380005,516.229980,514.140015,516.219971,2204256.000000,1733243400.0
1733243400.0,516.210022,516.479980,514.885010,515.049988,1852800.000000,1733247000.0
1733247000.0,515.039978,516.088379,514.750000,515.659973,1556026.000000,1733250600.0
1733250600.0,515.630676,515.965210,515.330017,515.809998,1091742.000000,1733254200.0
1733254200.0,515.812927,516.539978,515.789978,516.320007,1497133.000000,1733257800.0
1733257800.0,516.320007,517.140015,515.919983,516.919983,1929846.000000,1733261400.0
1733322600.0,520.309998,521.410583,519.619995,521.270020,6670715.000000,1733326200.0
1733326200.0,521.280029,522.229980,521.060120,521.559998,3942804.000000,1733329800.0
1733329800.0,521.570007,522.109985,521.059998,521.859985,2149739.000000,1733333400.0
1733333400.0,521.849976,522.020020,521.250000,521.500000,1553098.000000,1733337000.0
1733337000.0,521.520020,522.530029,520.880005,522.460083,2051467.000000,1733340600.0
1733340600.0,522.460022,522.909973,522.330627,522.820007,3359123.000000,1733344200.0
1733344200.0,522.809998,523.510010,522.719971,523.250000,3763106.000000,1733347800.0
1733409000.0,523.349976,523.640015,522.359985,522.849976,3946948.000000,1733412600.0
1733412600.0,522.909973,523.359985,522.133789,523.104980,1739456.000000,1733416200.0
1733416200.0,523.130005,523.989990,522.760010,523.820007,1637591.000000,1733419800.0
1733419800.0,523.810120,524.039917,521.989990,522.429993,1713402.000000,1733423400.0
1733423400.0,522.419983,522.979980,521.770020,522.309998,2735400.000000,1733427000.0
1733427000.0,522.280029,522.697998,521.679993,521.759888,1545771.000000,1733430600.0
1733430600.0,521.750000,522.280029,521.419983,521.799988,3134708.000000,1733434200.0
1733495400.0,522.549988,526.190002,522.349976,525.900024,4965906.000000,1733499000.0
1733499000.0,525.885010,526.030029,524.419983,525.549988,2663923.000000,1733502600.0
1733502600.0,525.510010,525.950012,524.989990,525.880005,2551032.000000,1733506200.0
1733506200.0,525.929993,526.719971,525.202515,526.500000,2412458.000000,1733509800.0
1733509800.0,526.500000,526.500000,525.410828,525.520020,2225865.000000,1733513400.0
1733513400.0,525.530029,526.289978,525.380005,526.217896,1861986.000000,1733517000.0
1733517000.0,526.210022,526.625000,525.929993,526.510010,4380734.000000,1733520600.0
1733754600.0,525.520020,526.349976,523.859985,524.059998,4045074.000000,1733758200.0
1733758200.0,524.080017,524.630005,521.219971,522.929993,4381720.000000,1733761800.0
1733761800.0,522.909973,523.250000,522.359985,522.820007,1566942.000000,1733765400.0
1733765400.0,522.770020,523.389893,522.119995,523.260010,1129441.000000,1733769000.0
1733769000.0,523.239990,523.960022,522.330017,522.500000,1537017.000000,1733772600.0
1733772600.0,522.472412,522.588806,521.330017,521.414978,2127386.000000,1733776200.0
1733776200.0,521.429993,522.469971,521.360107,522.369995,2702423.000000,1733779800.0
1733841000.0,523.619995,525.380005,522.940002,524.299988,4717905.000000,1733844600.0
1733844600.0,524.284973,524.659973,522.039978,522.110107,2960540.000000,1733848200.0
1733848200.0,522.099976,522.580017,521.409973,522.280029,2633503.000000,1733851800.0
1733851800.0,522.250000,522.820007,521.716492,522.179993,2275937.000000,1733855400.0
1733855400.0,522.229980,522.400024,521.179993,521.599976,1819106.000000,1733859000.0
1733859000.0,521.570007,521.609985,519.580017,519.609985,3489111.000000,1733862600.0
1733862600.0,519.619995,520.590027,519.169983,520.549988,3846401.000000,1733866200.0
1733927400.0,524.900024,528.520020,524.599976,527.395020,8231493.000000,1733931000.0
1733931000.0,527.460022,529.179993,527.020020,529.169983,4291160.000000,1733934600.0
1733934600.0,529.169983,529.770020,528.670105,529.549988,2548482.000000,1733938200.0
1733938200.0,529.549988,530.132019,529.190002,530.109985,2438492.000000,1733941800.0
1733941800.0,530.119995,530.359009,529.590027,530.140015,2864714.000000,1733945400.0
1733945400.0,530.090027,530.609985,529.820007,530.509888,3515189.000000,1733949000.0
1733949000.0,530.500122,530.500122,529.830017,529.919983,4752886.000000,1733952600.0
1734013800.0,527.669983,528.299988,526.020020,528.049377,5882958.000000,1734017400.0
1734017400.0,527.989990,528.830017,527.580017,528.269897,2409604.000000,1734021000.0
1734021000.0,528.280029,528.489990,527.109985,528.265015,2372014.000000,1734024600.0
1734024600.0,528.249878,528.950012,527.590027,528.559998,2850789.000000,1734028200.0
1734028200.0,528.580017,528.599976,527.010010,527.119995,2090114.000000,1734031800.0
1734031800.0,527.080017,527.719971,526.630005,526.729919,1935442.000000,1734035400.0
1734035400.0,526.729980,527.479980,526.500000,526.500000,2824952.000000,1734039000.0
1734100200.0,530.460022,533.166077,530.289978,530.630005,7940680.000000,1734103800.0
1734103800.0,530.650024,531.260010,527.300110,528.070129,5831496.000000,1734107400.0
1734107400.0,528.130005,529.510010,527.500122,528.090027,2632781.000000,1734111000.0
1734111000.0,528.049988,529.164978,527.640015,529.130005,1922019.000000,1734114600.0
1734114600.0,529.130005,530.720215,528.849976,530.674988,1708648.000000,1734118200.0
1734118200.0,530.709900,530.909973,529.950012,530.830688,3362427.000000,1734121800.0
1734121800.0,530.809998,531.150024,530.280396,530.500000,3018759.000000,1734125400.0
1734359400.0,533.000000,535.400024,533.000000,535.380127,6587480.000000,1734363000.0
1734363000.0,535.380005,536.640015,535.090027,536.320007,3196487.000000,1734366600.0
1734366600.0,536.369995,536.969971,535.579895,536.940002,2783348.000000,1734370200.0
1734370200.0,536.950012,538.500000,536.919983,538.414978,3025802.000000,1734373800.0
1734373800.0,538.400024,538.888000,538.000122,538.559998,4123430.000000,1734377400.0
1734377400.0,538.549988,539.150024,538.340027,538.989990,2946279.000000,1734381000.0
1734381000.0,538.979980,538.989990,537.813721,538.200012,5368227.000000,1734384600.0
1734445800.0,536.375000,537.080017,534.130005,534.219971,8010728.000000,1734449400.0
1734449400.0,534.210022,536.780029,534.169983,536.400024,3353034.000000,1734453000.0
1734453000.0,536.409973,537.479980,535.380005,536.390015,3208063.000000,1734456600.0
1734456600.0,536.400024,536.817688,535.672180,535.840027,2154366.000000,1734460200.0
1734460200.0,535.799988,536.229980,534.950012,535.119995,2849293.000000,1734463800.0
1734463800.0,535.140015,535.340027,534.349976,534.770020,2705451.000000,1734467400.0
1734467400.0,534.799988,536.210022,534.590027,535.869995,3103442.000000,1734471000.0
1734532200.0,535.270020,536.000000,533.460022,535.919983,4175822.000000,1734535800.0
1734535800.0,535.940002,536.879883,534.500000,535.919922,2458218.000000,1734539400.0
1734539400.0,535.919983,536.309998,535.500000,535.650085,1630846.000000,1734543000.0
1734543000.0,535.669983,535.979980,535.135010,535.484985,1012613.000000,1734546600.0
1734546600.0,535.450012,535.820007,530.289978,530.439880,5274910.000000,1734550200.0
1734550200.0,530.401001,531.809998,521.710022,521.969971,13469986.000000,1734553800.0
1734553800.0,521.989990,523.059998,515.020020,516.539978,17988583.000000,1734557400.0
1734618600.0,521.130005,521.759888,516.840027,516.905029,12797361.000000,1734622200.0
1734622200.0,516.880005,519.760681,516.090027,519.429993,6670534.000000,1734625800.0
1734625800.0,519.409973,520.119995,515.679993,515.989990,4415451.000000,1734629400.0
1734629400.0,515.979980,517.989990,515.390015,517.770020,4737932.000000,1734633000.0
1734633000.0,517.770020,519.479980,516.790100,517.140015,4267778.000000,1734636600.0
1734636600.0,517.119995,517.820007,515.549988,516.799988,3369039.000000,1734640200.0
1734640200.0,516.859985,517.280029,513.840027,514.169983,6849619.000000,1734643800.0
1734705000.0,510.369995,516.559998,509.299988,516.469971,12266909.000000,1734708600.0
1734708600.0,516.450012,521.679993,516.409973,521.469971,15194531.000000,1734712200.0
1734712200.0,521.460022,524.820007,521.400024,524.789917,6095639.000000,1734715800.0
1734715800.0,524.789978,524.820007,521.349976,521.400024,4503611.000000,1734719400.0
1734719400.0,521.409973,522.519897,520.840027,522.479980,3820926.000000,1734723000.0
1734723000.0,522.469971,523.359985,520.820007,520.929993,4183404.000000,1734726600.0
1734726600.0,520.919983,521.179993,517.659973,518.799988,8864760.000000,1734730200.0
1734964200.0,519.500000,520.820007,516.130005,517.732788,7310733.000000,1734967800.0
1734967800.0,517.719971,520.020020,517.280029,519.859985,3744590.000000,1734971400.0
1734971400.0,519.929993,522.119995,519.200012,520.792175,2983648.000000,1734975000.0
1734975000.0,520.890015,522.299988,520.570007,521.940002,2164291.000000,1734978600.0
1734978600.0,521.929993,523.234802,521.880005,522.833008,2658408.000000,1734982200.0
1734982200.0,522.854980,522.979980,520.683716,521.700012,3335911.000000,1734985800.0
1734985800.0,521.700012,523.190002,521.679993,522.919983,4127282.000000,1734989400.0
1735050600.0,524.830017,527.580017,524.190002,527.200012,5569628.000000,1735054200.0
1735054200.0,527.184998,528.669983,527.164978,528.462402,3451282.000000,1735057800.0
1735057800.0,528.460022,529.080017,527.950012,528.880005,2691040.000000,1735061400.0
1735223400.0,528.340027,529.539978,526.309998,529.260010,5612713.000000,1735227000.0
1735227000.0,529.239990,529.940002,528.700073,529.280029,2068786.000000,1735230600.0
1735230600.0,529.280029,531.239990,529.239990,530.099976,2336358.000000,1735234200.0
1735234200.0,530.150024,530.710022,528.830017,530.299988,2063679.000000,1735237800.0
1735237800.0,530.309998,530.400024,529.320007,529.646912,2327159.000000,1735241400.0
1735241400.0,529.679993,530.859985,529.530029,530.619995,1607882.000000,1735245000.0
1735245000.0,530.619995,530.869995,529.450012,529.549988,2031560.000000,1735248600.0
1735309800.0,526.010010,526.429993,518.150024,519.359985,8830577.000000,1735313400.0
1735313400.0,519.293213,521.445007,518.039978,521.349976,4338932.000000,1735317000.0
1735317000.0,521.344971,521.489990,517.867981,518.700012,4015990.000000,1735320600.0
1735320600.0,518.700012,520.369995,517.929993,519.934998,2777530.000000,1735324200.0
1735324200.0,519.919983,522.190002,519.710022,521.179993,3492743.000000,1735327800.0
1735327800.0,521.210022,522.859985,520.720093,521.280029,3128008.000000,1735331400.0
1735331400.0,521.229980,522.809998,520.270020,522.570007,4779704.000000,1735335000.0
1735569000.0,515.510010,515.710022,511.829987,512.440002,8023122.000000,1735572600.0
1735572600.0,512.400024,515.940796,512.400024,515.335022,4455672.000000,1735576200.0
1735576200.0,515.309998,518.189819,515.278870,518.079895,3838247.000000,1735579800.0
1735579800.0,518.083618,519.340027,517.400024,518.239990,3342775.000000,1735583400.0
1735583400.0,518.229980,519.270020,517.159973,517.900024,3139139.000000,1735587000.0
1735587000.0,517.888184,518.719910,516.900024,516.929993,3812776.000000,1735590600.0
1735590600.0,516.969971,517.710083,515.469971,515.570007,4423076.000000,1735594200.0
1735655400.0,516.994995,517.659973,514.000000,515.920105,5474985.000000,1735659000.0
1735659000.0,515.959717,516.590027,512.950012,513.159973,3136298.000000,1735662600.0
1735662600.0,513.140015,514.640015,512.099976,512.250000,2005815.000000,1735666200.0
1735666200.0,512.239990,513.979980,510.950012,511.190094,3103007.000000,1735669800.0
1735669800.0,511.170013,512.489990,510.420013,510.690002,3080841.000000,1735673400.0
1735673400.0,510.709991,513.330017,510.279999,513.289978,4242354.000000,1735677000.0
1735677000.0,513.280029,513.460022,510.450012,511.179993,5386115.000000,1735680600.0
1735828200.0,514.359985,516.630005,510.019989,513.049988,9600724.000000,1735831800.0
1735831800.0,512.929993,513.960327,510.529999,513.079895,4613708.000000,1735835400.0
1735835400.0,512.979980,514.580017,509.519989,509.730011,3326577.000000,1735839000.0
1735839000.0,509.700012,509.700012,505.709991,507.672485,6253617.000000,1735842600.0
1735842600.0,507.579987,509.049988,505.839996,508.779999,3451390.000000,1735846200.0
1735846200.0,508.600006,510.339996,507.480011,509.820007,3963171.000000,1735849800.0
1735849800.0,509.839996,510.750000,508.970093,510.149994,3392271.000000,1735853400.0
1735914600.0,513.349976,516.729980,512.530029,514.320007,7651418.000000,1735918200.0
1735918200.0,514.289978,516.450012,513.409973,516.440002,2665631.000000,1735921800.0
1735921800.0,516.440002,517.968994,516.340027,516.981628,3063936.000000,1735925400.0
1735925400.0,517.020020,518.299988,516.849976,518.289978,1572766.000000,1735929000.0
1735929000.0,518.297485,519.325623,518.039978,519.133179,2718898.000000,1735932600.0
1735932600.0,519.130005,519.645386,518.380005,518.840027,2709788.000000,1735936200.0
1735936200.0,518.750000,519.010010,517.719971,518.559998,5129332.000000,1735939800.0
1736173800.0,523.979980,527.679993,523.789978,527.460022,9118689.000000,1736177400.0
1736177400.0,527.450012,527.909973,526.669983,527.719971,3688583.000000,1736181000.0
1736181000.0,527.696411,527.760010,525.969971,526.250000,2411092.000000,1736184600.0
1736184600.0,526.250000,526.499878,524.210022,525.289978,4527516.000000,1736188200.0
1736188200.0,525.280029,525.369995,522.693909,523.489990,4174561.000000,1736191800.0
1736191800.0,523.490112,524.020020,522.030029,523.914978,3864181.000000,1736195400.0
1736195400.0,523.929993,524.659973,522.650024,524.520020,4659020.000000,1736199000.0
1736260200.0,525.739990,525.989990,519.200012,520.869995,7960323.000000,1736263800.0
1736263800.0,519.340027,520.329895,516.169983,519.969971,6515104.000000,1736267400.0
1736267400.0,519.849976,524.539978,516.430115,516.833008,3434903.000000,1736271000.0
1736271000.0,516.898987,519.020020,515.880005,518.809875,3329768.000000,1736274600.0
1736274600.0,518.780029,518.780029,516.890015,517.570007,2714914.000000,1736278200.0
1736278200.0,517.570007,517.630005,514.390015,514.422791,4813379.000000,1736281800.0
1736281800.0,514.429993,515.489990,513.280029,515.140015,5030297.000000,1736285400.0
1736346600.0,515.080017,516.289978,512.100098,513.489990,7849891.000000,1736350200.0
1736350200.0,513.450012,515.450012,513.210022,514.570007,2596842.000000,1736353800.0
1736353800.0,514.580017,516.570312,510.847992,511.140015,3199704.000000,1736357400.0
1736357400.0,511.200012,516.280029,510.570007,515.789978,4026040.000000,1736361000.0
1736361000.0,515.780029,516.919922,513.340027,516.630005,3113316.000000,1736364600.0
1736364600.0,516.559998,516.559998,513.849976,515.010010,3176077.000000,1736368200.0
1736368200.0,514.989990,515.690002,514.070007,515.299988,3392008.000000,1736371800.0
1736519400.0,511.470001,511.579987,503.920013,507.660004,12677213.000000,1736523000.0
1736523000.0,507.640015,509.859985,505.130005,505.459991,5957621.000000,1736526600.0
1736526600.0,505.420013,506.489990,504.200012,505.839996,4320488.000000,1736530200.0
1736530200.0,505.829987,510.089996,505.790009,509.540009,3605243.000000,1736533800.0
1736533800.0,509.540009,511.100006,507.980011,509.160004,3819273.000000,1736537400.0
1736537400.0,509.220001,509.339996,506.890015,507.149994,3155760.000000,1736541000.0
1736541000.0,507.119995,507.950012,506.450012,507.220001,3987272.000000,1736544600.0
1736778600.0,501.230011,503.420013,499.700012,500.095001,9337905.000000,1736782200.0
1736782200.0,500.109985,503.988007,500.080109,500.989990,4172042.000000,1736785800.0
1736785800.0,500.980011,503.519989,500.059998,503.170013,3471277.000000,1736789400.0
1736789400.0,503.160004,504.440002,502.470001,504.234985,3143654.000000,1736793000.0
1736793000.0,504.220001,504.729004,502.910004,504.225006,2377262.000000,1736796600.0
1736796600.0,504.119995,505.070007,503.700012,504.040009,2430766.000000,1736800200.0
1736800200.0,504.049988,506.010010,503.839996,505.600006,2507249.000000,1736803800.0
1736865000.0,508.170013,510.154999,506.260010,507.383911,8608099.000000,1736868600.0
1736868600.0,507.433594,507.679993,504.016693,504.730011,3900363.000000,1736872200.0
1736872200.0,504.700012,505.299896,502.420013,503.540009,3349832.000000,1736875800.0
1736875800.0,503.434998,505.704590,502.029999,505.510010,2968690.000000,1736879400.0
1736879400.0,505.510010,507.269989,505.260010,506.529999,2885804.000000,1736883000.0
1736883000.0,506.570007,507.130005,501.589996,503.049988,4927115.000000,1736886600.0
1736886600.0,503.109985,505.160004,502.149994,505.100006,3962365.000000,1736890200.0
1736951400.0,512.662476,516.719971,511.459991,516.344971,11117375.000000,1736955000.0
1736955000.0,516.340027,516.520020,514.640015,514.919983,3862182.000000,1736958600.0
1736958600.0,514.859985,514.929993,512.924988,514.793884,3354013.000000,1736962200.0
1736962200.0,514.819702,516.260010,514.650024,516.239929,1899358.000000,1736965800.0
1736965800.0,516.250000,517.049988,515.780029,516.988098,2542154.000000,1736969400.0
1736969400.0,516.989990,517.849976,516.650024,517.549988,3737630.000000,1736973000.0
1736973000.0,517.539978,517.690002,516.440002,516.530029,4177604.000000,1736976600.0
1737037800.0,518.304993,518.880005,515.201599,516.184998,6384529.000000,1737041400.0
1737041400.0,516.179993,518.520020,515.309998,516.979980,3338236.000000,1737045000.0
1737045000.0,516.960022,517.359985,514.760071,517.275024,2994386.000000,1737048600.0
1737048600.0,517.289978,517.320007,515.280029,515.435486,1714570.000000,1737052200.0
1737052200.0,515.423523,515.659973,513.467773,515.445129,3425209.000000,1737055800.0
1737055800.0,515.460022,516.630005,514.739014,515.097412,2616612.000000,1737059400.0
1737059400.0,515.059998,515.539673,512.950012,513.070007,3983295.000000,1737063000.0
1737124200.0,522.940002,523.049988,518.909973,520.049988,13818672.000000,1737127800.0
1737127800.0,520.099976,522.619995,519.789978,522.409973,8844305.000000,1737131400.0
1737131400.0,522.419983,522.559998,520.799988,522.309998,3130194.000000,1737135000.0
1737135000.0,522.299988,523.460022,521.859985,522.999817,4997072.000000,1737138600.0
1737138600.0,522.979980,523.140015,521.979980,522.451904,6456551.000000,1737142200.0
1737142200.0,522.443481,522.750000,521.440002,521.729980,6282713.000000,1737145800.0
1737145800.0,521.760010,522.650024,521.270020,521.770020,4766861.000000,1737149400.0
1737469800.0,524.489990,524.690002,520.059998,522.830017,6389723.000000,1737473400.0
1737473400.0,522.799988,523.190002,521.545105,522.580017,3663445.000000,1737477000.0
1737477000.0,522.570007,524.320007,522.020020,524.150024,1824910.000000,1737480600.0
1737480600.0,524.169922,525.969971,524.125000,525.489990,2510434.000000,1737484200.0
1737484200.0,525.530029,525.796204,524.539978,525.239990,1607981.000000,1737487800.0
1737487800.0,525.244995,525.400024,524.229980,525.349976,2009778.000000,1737491400.0
1737491400.0,525.349976,525.630005,524.250000,524.690002,2749848.000000,1737495000.0
1737556200.0,529.549988,532.440002,529.260010,531.849976,11223793.000000,1737559800.0
1737559800.0,531.869995,532.844971,531.330017,532.799988,4023880.000000,1737563400.0
1737563400.0,532.799988,533.815002,532.660217,533.215027,3407128.000000,1737567000.0
1737567000.0,533.200012,533.359985,531.820129,531.979980,3251302.000000,1737570600.0
1737570600.0,531.979980,532.789978,531.913818,532.049988,1869271.000000,1737574200.0
1737574200.0,532.059998,532.577881,531.739990,531.919983,2692991.000000,1737577800.0
1737577800.0,531.932373,532.250000,531.130005,531.510010,3592952.000000,1737581400.0
1737642600.0,528.510010,529.700012,528.450012,529.304077,5228132.000000,1737646200.0
1737646200.0,529.309998,530.450012,529.090027,530.429993,4614222.000000,1737649800.0
1737649800.0,530.400024,530.950012,529.760010,529.924988,2041256.000000,1737653400.0
1737653400.0,529.869995,531.090027,529.299988,530.679993,2226409.000000,1737657000.0
1737657000.0,530.705994,531.299988,529.859985,530.364990,1842793.000000,1737660600.0
1737660600.0,530.398987,531.169983,530.340027,530.979980,1754062.000000,1737664200.0
1737664200.0,530.929993,532.747314,530.679993,532.719971,3578522.000000,1737667800.0
1737729000.0,532.859985,533.789978,531.630005,531.739990,4752178.000000,1737732600.0
1737732600.0,531.760010,532.359985,531.207214,532.210022,2093700.000000,1737736200.0
1737736200.0,532.239990,532.750000,531.159973,531.380005,1954346.000000,1737739800.0
1737739800.0,531.320007,531.609985,529.723999,530.339905,1986702.000000,1737743400.0
1737743400.0,530.340027,530.609985,528.150024,528.739990,2900686.000000,1737747000.0
1737747000.0,528.700012,529.369995,528.450012,528.649902,2202594.000000,1737750600.0
1737750600.0,528.619995,529.900024,528.510010,529.650024,2215893.000000,1737754200.0
1737988200.0,510.980011,516.820007,510.548004,516.770020,20263005.000000,1737991800.0
1737991800.0,516.719971,517.969971,512.619995,512.965027,7219893.000000,1737995400.0
1737995400.0,512.940002,514.640015,511.820007,513.343689,5414284.000000,1737999000.0
1737999000.0,513.309998,514.019897,511.220001,511.410004,4048093.000000,1738002600.0
1738002600.0,511.399994,514.080383,511.329987,513.869080,4436765.000000,1738006200.0
1738006200.0,513.909790,513.909790,510.149994,512.020020,5481371.000000,1738009800.0
1738009800.0,512.070007,514.200012,511.980011,514.049988,7066265.000000,1738013400.0
1738074600.0,515.330017,519.539978,511.779999,519.210022,9833753.000000,1738078200.0
1738078200.0,519.219971,519.461670,517.293396,517.719910,4345747.000000,1738081800.0
1738081800.0,517.700012,521.520020,517.299988,521.229004,3488286.000000,1738085400.0
1738085400.0,521.215027,521.969971,520.544983,521.230103,2045797.000000,1738089000.0
1738089000.0,521.250000,521.510010,520.320007,521.409973,2823267.000000,1738092600.0
1738092600.0,521.409973,522.997986,521.409973,522.804993,4131285.000000,1738096200.0
1738096200.0,522.799988,522.950012,521.379883,521.859985,4114520.000000,1738099800.0
1738161000.0,522.531982,522.531982,519.630005,520.109985,5224550.000000,1738164600.0
1738164600.0,520.140015,520.748291,519.020020,519.849915,1941138.000000,1738168200.0
1738168200.0,519.750000,521.179993,519.299988,520.744995,1407361.000000,1738171800.0
1738171800.0,520.810425,521.000000,516.898804,519.900085,2869953.000000,1738175400.0
1738175400.0,519.950012,520.440002,517.349976,517.661011,2879219.000000,1738179000.0
1738179000.0,517.659973,522.414978,517.390015,522.139526,6382357.000000,1738182600.0
1738182600.0,522.150024,522.479980,519.380005,520.780029,2582760.000000,1738186200.0
1738247400.0,523.710022,526.094971,520.690002,520.905273,7820111.000000,1738251000.0
1738251000.0,520.940002,522.354980,518.220093,521.340027,3879716.000000,1738254600.0
1738254600.0,521.349976,523.129700,520.270020,520.653992,2794205.000000,1738258200.0
1738258200.0,520.690002,521.880005,520.234985,521.369995,1426041.000000,1738261800.0
1738261800.0,521.349976,523.119995,521.250000,522.780029,1467946.000000,1738265400.0
1738265400.0,522.799988,524.919617,522.470093,524.695007,2226971.000000,1738269000.0
1738269000.0,524.690002,524.690002,520.700012,523.119995,4737842.000000,1738272600.0
1738333800.0,526.919983,530.460022,526.719971,529.880371,7060913.000000,1738337400.0
1738337400.0,529.877014,531.517822,529.792297,530.340027,3370151.000000,1738341000.0
1738341000.0,530.369995,530.799988,529.140015,530.799988,3058852.000000,1738344600.0
1738344600.0,530.809998,530.890015,527.809998,527.909973,3177322.000000,1738348200.0
1738348200.0,527.919922,528.190002,524.489990,525.539978,6580161.000000,1738351800.0
1738351800.0,525.559998,526.080017,521.340027,521.736816,6910299.000000,1738355400.0
1738355400.0,521.729980,523.729980,521.190002,522.280029,5848438.000000,1738359000.0
1738593000.0,513.539978,517.030029,511.051392,516.849976,13056932.000000,1738596600.0
1738596600.0,516.770020,519.619995,516.080017,518.135010,6898325.000000,1738600200.0
1738600200.0,518.080017,519.419983,517.117981,517.780029,3315408.000000,1738603800.0
1738603800.0,517.780029,518.750000,516.539978,518.234985,4255567.000000,1738607400.0
1738607400.0,518.340027,520.849609,517.919983,520.130005,2655797.000000,1738611000.0
1738611000.0,520.150024,520.723877,519.265808,519.375000,2433398.000000,1738614600.0
1738614600.0,519.380005,519.690002,517.950012,518.140015,3240358.000000,1738618200.0
1738679400.0,518.645020,524.409973,518.229980,523.820007,7467581.000000,1738683000.0
1738683000.0,523.525818,524.890015,523.409973,524.870422,2417431.000000,1738686600.0
1738686600.0,524.830017,525.109985,521.830017,521.940002,3484761.000000,1738690200.0
1738690200.0,522.000000,523.770020,521.684998,523.659973,2227312.000000,1738693800.0
1738693800.0,523.650024,524.748779,523.140076,524.280029,1863903.000000,1738697400.0
1738697400.0,524.289978,524.630005,523.119995,523.599976,2283793.000000,1738701000.0
1738701000.0,523.590027,524.950012,523.489990,524.559998,3228896.000000,1738704600.0
1738765800.0,521.820007,522.729980,520.719971,522.539978,6961166.000000,1738769400.0
1738769400.0,522.510010,523.739990,521.690002,523.489990,2467855.000000,1738773000.0
1738773000.0,523.450012,526.359985,523.299988,525.520020,2861969.000000,1738776600.0
1738776600.0,525.545105,525.799988,524.700012,525.158386,1297965.000000,1738780200.0
1738780200.0,525.109985,526.229980,524.911011,525.770020,1475686.000000,1738783800.0
1738783800.0,525.739990,526.619019,525.445007,526.400024,1542242.000000,1738787400.0
1738787400.0,526.429993,527.010010,525.109985,526.849976,2432285.000000,1738791000.0
1738852200.0,527.359985,529.020020,526.400024,527.690002,4998111.000000,1738855800.0
1738855800.0,527.710022,528.729980,526.450012,527.859497,2708694.000000,1738859400.0
1738859400.0,527.890015,528.020081,526.630005,527.432007,1664671.000000,1738863000.0
1738863000.0,527.460022,528.710022,527.119995,528.590027,1508225.000000,1738866600.0
1738866600.0,528.599976,528.840027,527.609985,527.789978,987990.000000,1738870200.0
1738870200.0,527.809875,527.809875,525.741272,527.625000,2678279.000000,1738873800.0
1738873800.0,527.640015,529.809998,527.580017,529.580017,2428972.000000,1738877400.0
1738938600.0,529.960022,532.099976,525.349976,526.799988,8174527.000000,1738942200.0
1738942200.0,526.770020,528.168701,523.700012,524.582520,5270994.000000,1738945800.0
1738945800.0,524.760010,525.349915,522.909973,523.919983,3497039.000000,1738949400.0
1738949400.0,523.835022,526.395020,523.450012,525.949890,2436780.000000,1738953000.0
1738953000.0,525.919983,526.270020,522.619995,522.739990,2090630.000000,1738956600.0
1738956600.0,522.750000,523.820007,522.190002,522.669922,2837412.000000,1738960200.0
1738960200.0,522.650024,523.729980,522.570007,522.940002,3041930.000000,1738963800.0
1739197800.0,527.219971,529.849976,526.750000,529.625000,6044321.000000,1739201400.0
1739201400.0,529.640015,530.357117,529.179993,529.450012,2652874.000000,1739205000.0
1739205000.0,529.460022,529.850098,528.520020,528.700012,2577902.000000,1739208600.0
1739208600.0,528.719971,529.940002,528.669983,529.636780,1183376.000000,1739212200.0
1739212200.0,529.650085,530.135010,529.460022,529.775024,1212376.000000,1739215800.0
1739215800.0,529.799988,529.909973,529.169983,529.650024,1991279.000000,1739219400.0
1739219400.0,529.630005,529.700012,528.940002,529.215027,2826598.000000,1739223000.0
1739284200.0,525.960022,529.289978,525.830017,529.099976,4421908.000000,1739287800.0
1739287800.0,529.099976,529.919983,528.630005,528.749878,2565680.000000,1739291400.0
1739291400.0,528.770020,529.185120,526.171021,527.869995,2768553.000000,1739295000.0
1739295000.0,527.960022,528.070007,526.909973,527.614990,1525986.000000,1739298600.0
1739298600.0,527.650024,528.989990,527.563171,528.215027,1634886.000000,1739302200.0
1739302200.0,528.210022,529.169983,528.109985,528.440002,1681937.000000,1739305800.0
1739305800.0,528.409973,528.609985,527.369995,527.950012,3073242.000000,1739309400.0
1739370600.0,522.299988,526.757080,521.950012,525.750000,9119385.000000,1739374200.0
1739374200.0,525.760010,527.609985,524.609985,525.035217,2842083.000000,1739377800.0
1739377800.0,524.970093,528.359985,524.970093,527.980103,3291062.000000,1739381400.0
1739381400.0,527.960022,528.890015,527.219971,528.280029,1697376.000000,1739385000.0
1739385000.0,528.270020,528.500000,527.299988,528.010010,2050864.000000,1739388600.0
1739388600.0,528.010010,529.190002,527.970093,528.599976,1828497.000000,1739392200.0
1739392200.0,528.590027,528.809998,527.669983,528.309998,2509572.000000,1739395800.0
1739457000.0,530.030029,533.059998,529.190002,532.538025,7106257.000000,1739460600.0
1739460600.0,532.539978,534.570007,532.450012,533.229980,4525943.000000,1739464200.0
1739464200.0,533.250000,533.479980,531.799988,532.400024,2042715.000000,1739467800.0
1739467800.0,532.400024,533.159973,530.559998,531.840027,2653443.000000,1739471400.0
1739471400.0,531.780029,533.959717,531.030029,533.824707,2938911.000000,1739475000.0
1739475000.0,533.849976,535.429993,533.700012,535.205017,3089157.000000,1739478600.0
1739478600.0,535.174988,536.219971,534.679993,535.880005,3824063.000000,1739482200.0
1739543400.0,536.000000,537.340027,535.669983,536.820007,4700947.000000,1739547000.0
1739547000.0,536.830017,537.599976,535.940002,536.854309,2150303.000000,1739550600.0
1739550600.0,536.900024,536.927979,535.890015,535.909973,1130685.000000,1739554200.0
1739554200.0,535.957275,537.674988,535.710022,537.260010,1623854.000000,1739557800.0
1739557800.0,537.234985,538.400024,537.234985,537.739990,1617160.000000,1739561400.0
1739561400.0,537.735291,538.099976,537.250000,537.909973,1763534.000000,1739565000.0
1739565000.0,537.929993,538.840027,537.829224,538.119995,2730147.000000,1739568600.0
1739889000.0,539.770020,540.000000,536.694824,536.890015,5384886.000000,1739892600.0
1739892600.0,536.909973,538.520020,536.599976,538.500000,2608547.000000,1739896200.0
1739896200.0,538.489990,538.729980,537.440002,537.700012,1548061.000000,1739899800.0
1739899800.0,537.710022,538.488220,537.210022,537.460022,1247907.000000,1739903400.0
1739903400.0,537.469971,537.659973,536.039978,537.159973,2071678.000000,1739907000.0
1739907000.0,537.169983,538.010010,537.011230,537.609985,1686817.000000,1739910600.0
1739910600.0,537.616516,539.299988,537.400024,539.299988,3848140.000000,1739914200.0
1739975400.0,538.359985,538.909973,536.460022,537.224976,3965448.000000,1739979000.0
1739979000.0,537.210022,538.989990,537.119995,538.840027,2730941.000000,1739982600.0
1739982600.0,538.804993,539.707520,538.590027,538.895020,1875246.000000,1739986200.0
1739986200.0,538.900024,539.760010,538.320007,539.503479,1973814.000000,1739989800.0
1739989800.0,539.510010,540.500000,539.080383,540.195007,1800216.000000,1739993400.0
1739993400.0,540.190002,540.799988,538.539978,538.830017,2663280.000000,1739997000.0
1739997000.0,538.849976,539.809998,538.789978,539.559998,2902767.000000,1740000600.0
1740061800.0,538.710022,539.099976,532.460022,535.760010,7363101.000000,1740065400.0
1740065400.0,535.750000,536.219971,533.080017,535.049988,3467975.000000,1740069000.0
1740069000.0,535.169983,535.780029,534.070007,535.559998,2410322.000000,1740072600.0
1740072600.0,535.570007,536.010010,534.350281,534.719971,2112710.000000,1740076200.0
1740076200.0,534.672607,536.325012,534.580017,535.895081,1919869.000000,1740079800.0
1740079800.0,535.900024,536.700012,535.015015,536.140015,4054288.000000,1740083400.0
1740083400.0,536.150024,537.250000,535.889099,537.190002,3061255.000000,1740087000.0
1740148200.0,538.380005,538.400024,533.710022,534.020081,6857087.000000,1740151800.0
1740151800.0,534.010010,534.570007,532.469971,533.710876,9882631.000000,1740155400.0
1740155400.0,533.640076,534.400024,531.143799,532.120911,3053954.000000,1740159000.0
1740159000.0,532.159912,532.229980,528.609985,528.944092,4837209.000000,1740162600.0
1740162600.0,528.989929,530.210022,525.862671,526.090027,5372473.000000,1740166200.0
1740166200.0,526.080017,527.140015,525.809998,526.619995,7007343.000000,1740169800.0
1740169800.0,526.650024,526.869995,525.710022,526.099976,5851256.000000,1740173400.0
1740407400.0,527.919983,529.068970,520.189209,521.890015,12641593.000000,1740411000.0
1740411000.0,521.840027,524.340027,520.380005,524.025024,5676696.000000,1740414600.0
1740414600.0,524.049988,525.489990,523.059998,524.895020,4636557.000000,1740418200.0
1740418200.0,524.929993,525.659973,524.229980,525.369995,2228374.000000,1740421800.0
1740421800.0,525.400024,525.530029,523.380127,523.440002,2276981.000000,1740425400.0
1740425400.0,523.500000,524.061829,522.229980,522.260010,3215884.000000,1740429000.0
1740429000.0,522.309998,523.064087,519.530029,519.830017,5276339.000000,1740432600.0
1740493800.0,518.719971,519.317505,510.390015,510.804993,13672639.000000,1740497400.0
1740497400.0,510.839996,513.580017,510.390015,510.600494,7425115.000000,1740501000.0
1740501000.0,510.589996,514.580017,509.440002,514.340027,6758780.000000,1740504600.0
1740504600.0,514.309998,516.479980,513.820007,513.880005,3472290.000000,1740508200.0
1740508200.0,513.890015,515.809998,512.679993,512.929993,3762345.000000,1740511800.0
1740511800.0,512.900024,516.039978,512.820007,515.130005,4935802.000000,1740515400.0
1740515400.0,515.150024,515.289978,512.599976,513.229980,5206184.000000,1740519000.0
1740580200.0,515.530029,518.770203,514.390015,516.650024,8119343.000000,1740583800.0
1740583800.0,516.630005,519.570007,516.614990,518.650024,3522604.000000,1740587400.0
1740587400.0,518.640015,519.658813,517.890015,518.968811,3121178.000000,1740591000.0
1740591000.0,518.994995,519.349976,513.930115,513.965027,4001980.000000,1740594600.0
1740594600.0,513.929993,514.770020,511.403015,512.849976,4281464.000000,1740598200.0
1740598200.0,512.789978,514.030029,511.709991,513.414978,3508409.000000,1740601800.0
1740601800.0,513.400024,515.229980,512.929993,514.479980,3397309.000000,1740605400.0
1740666600.0,518.190002,519.069885,507.334991,512.945007,16674299.000000,1740670200.0
1740670200.0,512.929993,513.744019,510.089996,511.459991,4147436.000000,1740673800.0
1740673800.0,511.457489,512.340027,508.829987,511.209991,3031760.000000,1740677400.0
1740677400.0,511.209991,512.699890,509.679993,512.113708,3557767.000000,1740681000.0
1740681000.0,512.265015,512.570007,507.239990,507.390015,2605871.000000,1740684600.0
1740684600.0,507.410004,507.420013,502.220001,502.299988,9550510.000000,1740688200.0
1740688200.0,502.459991,503.579987,500.049988,500.329987,8295848.000000,1740691800.0
1740753000.0,500.109985,504.230011,496.929993,504.160095,14211794.000000,1740756600.0
1740756600.0,504.200012,504.670013,501.179993,501.260010,5807081.000000,1740760200.0
1740760200.0,501.239990,503.949890,500.940094,502.720001,2935604.000000,1740763800.0
1740763800.0,502.820007,502.820007,497.540009,500.130005,5645181.000000,1740767400.0
1740767400.0,500.130005,501.920013,498.820496,500.470001,3522291.000000,1740771000.0
1740771000.0,500.489990,504.450012,500.089996,504.410004,4303675.000000,1740774600.0
1740774600.0,504.418793,508.769989,502.390015,508.200012,8152347.000000,1740778200.0
1741012200.0,511.519989,513.039978,504.290009,509.113800,10185115.000000,1741015800.0
1741015800.0,509.140015,509.850006,506.459991,507.380005,4086388.000000,1741019400.0
1741019400.0,507.420013,509.000000,506.086304,508.720001,2913442.000000,1741023000.0
1741023000.0,508.722290,509.260010,502.244995,502.478394,4057909.000000,1741026600.0
1741026600.0,502.500000,505.109894,501.720001,503.209991,3907424.000000,1741030200.0
1741030200.0,503.161194,505.720001,494.649994,495.115509,7942874.000000,1741033800.0
1741033800.0,495.149994,497.429993,493.579987,497.320007,7094458.000000,1741037400.0
1741098600.0,494.170013,496.320007,487.734985,489.809998,21590768.000000,1741102200.0
1741102200.0,489.720001,492.239990,488.519989,489.380005,8542443.000000,1741105800.0
1741105800.0,489.290009,496.410004,489.269989,495.534912,7285313.000000,1741109400.0
1741109400.0,495.489990,497.940002,493.500000,495.070007,5591286.000000,1741113000.0
1741113000.0,495.084991,501.020111,494.424988,499.589996,5612202.000000,1741116600.0
1741116600.0,499.609985,503.739990,498.970001,502.230011,5923696.000000,1741120200.0
1741120200.0,502.239990,502.440002,493.769989,495.510010,8718421.000000,1741123800.0
1741185000.0,496.160004,498.049988,492.570007,494.030304,12090522.000000,1741188600.0
1741188600.0,494.084991,496.694611,492.170013,493.329987,5484997.000000,1741192200.0
1741192200.0,493.299988,497.619995,491.260010,497.489990,5695574.000000,1741195800.0
1741195800.0,497.579987,500.231598,496.679993,498.241211,6157359.000000,1741199400.0
1741199400.0,498.265015,503.279999,496.929993,501.519989,5137158.000000,1741203000.0
1741203000.0,501.570007,503.630005,500.600006,502.809998,4919039.000000,1741206600.0
1741206600.0,502.790009,503.170013,500.640015,502.079987,4273635.000000,1741210200.0
1741271400.0,492.940002,497.896301,491.650787,497.290009,13211041.000000,1741275000.0
1741275000.0,497.279999,498.578705,494.626312,496.149994,5839144.000000,1741278600.0
1741278600.0,496.059998,497.670013,489.260010,489.924988,7294455.000000,1741282200.0
1741282200.0,489.881592,491.200012,488.369995,489.429993,4874111.000000,1741285800.0
1741285800.0,489.459991,490.118805,486.339996,486.829987,6415635.000000,1741289400.0
1741289400.0,486.790009,491.170013,486.200012,488.679993,7647386.000000,1741293000.0
1741293000.0,488.700012,489.869598,487.089996,488.320007,6161171.000000,1741296600.0
1741357800.0,487.880005,492.179108,487.070007,487.734985,11830772.000000,1741361400.0
1741361400.0,487.690002,488.390015,482.829987,483.149994,8493881.000000,1741365000.0
1741365000.0,483.179993,483.750000,480.529999,483.250000,8592764.000000,1741368600.0
1741368600.0,483.223297,489.350006,482.600006,487.609985,7041844.000000,1741372200.0
1741372200.0,487.649994,492.910004,487.290009,492.440002,5930264.000000,1741375800.0
1741375800.0,492.470001,492.970001,490.329987,491.815002,5339208.000000,1741379400.0
1741379400.0,491.799988,493.269989,488.730011,491.809998,5005693.000000,1741383000.0
1741613400.0,483.450012,483.970001,477.980011,478.299988,12936635.000000,1741617000.0
1741617000.0,478.309998,478.984985,474.714996,477.450012,10925688.000000,1741620600.0
1741620600.0,477.450012,479.137207,474.769989,476.149994,6359069.000000,1741624200.0
1741624200.0,476.149994,477.589996,473.109985,474.369995,7372817.000000,1741627800.0
1741627800.0,474.369995,474.489990,471.720001,472.559998,8675842.000000,1741631400.0
1741631400.0,472.559998,474.200012,468.660004,472.630005,11233894.000000,1741635000.0
1741635000.0,472.549988,475.450012,471.619995,473.299988,11233328.000000,1741638600.0
1741699800.0,472.160004,476.690002,469.750000,469.920013,16055756.000000,1741703400.0
1741703400.0,469.940002,474.440002,468.549988,472.574585,9860843.000000,1741707000.0
1741707000.0,472.529999,475.329987,470.260010,471.429993,7055205.000000,1741710600.0
1741710600.0,471.609985,472.640015,467.130005,467.209991,6842042.000000,1741714200.0
1741714200.0,467.119995,475.390015,467.010010,474.470001,7976927.000000,1741717800.0
1741717800.0,474.459991,478.804993,473.350006,475.480011,10729452.000000,1741721400.0
1741721400.0,475.529999,475.890015,471.609985,471.670013,5836301.000000,1741725000.0
1741786200.0,479.160004,481.059998,476.329987,477.549988,14512192.000000,1741789800.0
1741789800.0,477.570007,477.859314,471.795013,474.924988,6930070.000000,1741793400.0
1741793400.0,474.980011,479.290009,474.619995,478.709991,5643976.000000,1741797000.0
1741797000.0,478.809998,479.890015,476.840088,479.250000,4233169.000000,1741800600.0
1741800600.0,479.200012,479.690002,475.149994,477.790009,4076721.000000,1741804200.0
1741804200.0,477.859985,479.390015,476.570007,477.269989,4111008.000000,1741807800.0
1741807800.0,477.299988,477.989990,475.709991,477.079987,4165779.000000,1741811400.0
1741872600.0,476.149994,476.280090,470.170013,473.859985,10372661.000000,1741876200.0
1741876200.0,473.980011,475.173798,470.679993,470.945007,6404694.000000,1741879800.0
1741879800.0,470.910004,471.809998,469.060211,469.670013,5322778.000000,1741883400.0
1741883400.0,469.649994,471.801910,466.670013,467.630005,5467252.000000,1741887000.0
1741887000.0,467.559998,470.269989,466.429993,470.269989,4623371.000000,1741890600.0
1741890600.0,470.269989,471.920013,468.079987,468.630005,4824516.000000,1741894200.0
1741894200.0,468.619995,469.144989,466.790009,468.350006,6005284.000000,1741897800.0
1741959000.0,473.709991,477.510010,473.119995,474.029999,11803103.000000,1741962600.0
1741962600.0,474.010010,478.605011,473.839996,478.127502,5386812.000000,1741966200.0
1741966200.0,478.149994,479.549988,477.240997,477.390015,5410101.000000,1741969800.0
1741969800.0,477.410004,479.670013,477.160095,478.329987,3491803.000000,1741973400.0
1741973400.0,478.320007,478.809998,477.350006,477.839996,3783005.000000,1741977000.0
1741977000.0,477.859985,479.790009,477.850006,478.713287,4288546.000000,1741980600.0
1741980600.0,478.730011,480.559998,478.279999,479.649994,6274492.000000,1741984200.0
1742218200.0,479.660004,483.140015,479.179993,479.959991,8836520.000000,1742221800.0
1742221800.0,479.950012,480.954987,478.420013,479.105011,4454630.000000,1742225400.0
1742225400.0,479.079987,480.609985,477.799988,478.739990,2879650.000000,1742229000.0
1742229000.0,478.799988,481.230011,478.440002,481.015015,2881007.000000,1742232600.0
1742232600.0,481.029999,484.984985,480.752014,484.850006,6963082.000000,1742236200.0
1742236200.0,484.850006,485.839996,484.480988,484.843109,5809809.000000,1742239800.0
1742239800.0,484.859985,485.170013,482.619995,482.730011,6752094.000000,1742243400.0
1742304600.0,479.309998,479.429993,473.190002,474.709808,10331437.000000,1742308200.0
1742308200.0,474.660004,475.489105,472.410004,473.940002,4229703.000000,1742311800.0
1742311800.0,473.940002,475.880005,473.000000,475.848511,3899269.000000,1742315400.0
1742315400.0,475.809998,475.959015,473.570007,474.661407,3834043.000000,1742319000.0
1742319000.0,474.700012,475.679413,473.679993,474.644989,3834784.000000,1742322600.0
1742322600.0,474.619995,476.640015,474.390015,474.875000,5120385.000000,1742326200.0
1742326200.0,474.880005,475.380005,473.709991,474.709991,4211304.000000,1742329800.0
1742391000.0,476.809998,479.500000,474.869995,478.269989,6226642.000000,1742394600.0
1742394600.0,478.309998,479.078491,476.880005,478.881012,3456132.000000,1742398200.0
1742398200.0,478.898804,480.380005,478.589996,479.684998,2881882.000000,1742401800.0
1742401800.0,479.619995,479.730011,477.200012,477.309998,2313850.000000,1742405400.0
1742405400.0,477.279999,480.179993,476.589996,478.771210,6003020.000000,1742409000.0
1742409000.0,478.769989,485.329987,478.769989,480.864990,10137975.000000,1742412600.0
1742412600.0,480.820007,483.321014,480.380005,480.790009,5535080.000000,1742416200.0
1742477400.0,476.880005,484.089996,476.179993,483.364990,8731419.000000,1742481000.0
1742481000.0,483.339996,484.540009,482.290009,482.829987,4258396.000000,1742484600.0
1742484600.0,482.820007,483.399994,478.950012,479.220001,4298693.000000,1742488200.0
1742488200.0,479.179993,480.700012,478.059998,478.070007,3882154.000000,1742491800.0
1742491800.0,478.100006,479.850006,477.430115,477.529999,5197936.000000,1742495400.0
1742495400.0,477.500000,479.679993,477.239990,478.070007,5156291.000000,1742499000.0
1742499000.0,478.140015,480.209991,478.140015,479.350006,3446948.000000,1742502600.0
1742563800.0,474.062500,476.820007,472.904999,476.160004,9819621.000000,1742567400.0
1742567400.0,476.170013,477.750000,474.959991,475.500000,5958782.000000,1742571000.0
1742571000.0,475.420013,479.079987,474.589996,478.489990,5141690.000000,1742574600.0
1742574600.0,478.529999,479.739990,477.660004,477.950012,3998019.000000,1742578200.0
1742578200.0,477.970001,479.829987,477.470001,478.404999,3568796.000000,1742581800.0
1742581800.0,478.399994,479.519104,477.690002,478.344696,3706607.000000,1742585400.0
1742585400.0,478.339996,481.600006,478.109985,481.140015,6045614.000000,1742589000.0
1742823000.0,487.739990,489.929993,487.119995,489.710785,8655435.000000,1742826600.0
1742826600.0,489.760010,490.519989,489.220001,490.109985,3314554.000000,1742830200.0
1742830200.0,490.114990,490.725006,489.510010,489.690002,2943599.000000,1742833800.0
1742833800.0,489.760010,490.250000,489.019989,489.700012,2128378.000000,1742837400.0
1742837400.0,489.730011,489.989990,489.010010,489.640015,2510257.000000,1742841000.0
1742841000.0,489.649994,490.989990,489.200012,490.510010,5026945.000000,1742844600.0
1742844600.0,490.549988,491.480011,490.279999,490.480011,5999414.000000,1742848200.0
1742909400.0,491.399994,492.649689,490.420013,492.649689,7099856.000000,1742913000.0
1742913000.0,492.649994,493.603699,491.880096,493.130005,3443022.000000,1742916600.0
1742916600.0,493.140015,493.176910,492.010010,492.109985,3199087.000000,1742920200.0
1742920200.0,492.109985,493.260010,490.660004,491.520111,2366004.000000,1742923800.0
1742923800.0,491.549988,492.670013,491.380005,492.130005,2032351.000000,1742927400.0
1742927400.0,492.140015,492.600006,491.609985,492.222198,2418555.000000,1742931000.0
1742931000.0,492.250000,493.559998,492.250000,493.459991,3138686.000000,1742934600.0
1742995800.0,492.329987,493.149994,487.210114,488.600891,7895550.000000,1742999400.0
1742999400.0,488.595001,489.480011,487.920013,488.353210,3233526.000000,1743003000.0
1743003000.0,488.333710,488.899994,485.764008,486.739990,4678730.000000,1743006600.0
1743006600.0,486.700012,487.000000,484.470001,484.660004,3437897.000000,1743010200.0
1743010200.0,484.670013,485.220001,483.559998,485.029999,4000976.000000,1743013800.0
1743013800.0,484.940094,485.299988,482.820007,483.279999,4380740.000000,1743017400.0
1743017400.0,483.299988,484.958405,483.209991,484.410004,4317556.000000,1743021000.0
1743082200.0,482.399994,484.690002,480.250000,484.690002,10203996.000000,1743085800.0
1743085800.0,484.700012,486.579895,484.341705,484.970001,4164266.000000,1743089400.0
1743089400.0,484.959991,485.480011,482.690002,483.665009,5603853.000000,1743093000.0
1743093000.0,483.739990,484.420013,481.790009,482.019989,2750640.000000,1743096600.0
1743096600.0,481.950012,483.880005,481.859985,483.140015,2272606.000000,1743100200.0
1743100200.0,483.079987,484.890015,482.643585,484.410004,2820938.000000,1743103800.0
1743103800.0,484.429993,484.440002,481.119995,481.600006,3561924.000000,1743107400.0
1743168600.0,479.809998,480.519989,473.010010,473.212494,12052847.000000,1743172200.0
1743172200.0,473.230011,473.739990,471.234985,472.380005,7473520.000000,1743175800.0
1743175800.0,472.320007,473.075104,469.570007,469.950012,4015703.000000,1743179400.0
1743179400.0,469.940002,470.699890,468.489105,468.790009,5305904.000000,1743183000.0
1743183000.0,468.769989,470.399994,468.489990,469.359985,4014090.000000,1743186600.0
1743186600.0,469.359985,470.040009,468.619995,468.959991,3976023.000000,1743190200.0
1743190200.0,468.959991,469.500000,468.049988,468.970001,6037922.000000,1743193800.0
1743427800.0,461.950012,462.519989,457.350006,459.345001,15012778.000000,1743431400.0
1743431400.0,459.350006,463.518799,459.350006,462.450012,6910365.000000,1743435000.0
1743435000.0,462.390015,464.809998,461.860107,464.809998,5463724.000000,1743438600.0
1743438600.0,464.820007,465.329895,462.980011,463.834991,2725269.000000,1743442200.0
1743442200.0,463.859985,466.929993,462.951294,466.899994,4643417.000000,1743445800.0
1743445800.0,466.899994,468.529999,466.309998,466.790009,6677092.000000,1743449400.0
1743449400.0,466.779999,469.850006,466.471008,468.929901,7737261.000000,1743453000.0
1743514200.0,467.230011,469.270996,464.420013,466.184998,10629229.000000,1743517800.0
1743517800.0,466.140015,472.660004,466.029999,471.709290,6268283.000000,1743521400.0
1743521400.0,471.774994,473.626190,470.940002,471.532013,4779340.000000,1743525000.0
1743525000.0,471.600006,472.459991,470.089996,470.739990,4713052.000000,1743528600.0
1743528600.0,470.730011,471.869995,467.369995,467.859985,4356841.000000,1743532200.0
1743532200.0,467.791199,470.198792,467.440002,469.559998,3686919.000000,1743535800.0
1743535800.0,469.510010,473.170013,469.280914,472.630005,4279213.000000,1743539400.0
1743600600.0,466.109985,473.109985,465.859985,472.515900,8634582.000000,1743604200.0
1743604200.0,472.529999,475.329895,471.670197,474.875000,5180707.000000,1743607800.0
1743607800.0,474.790009,476.630005,472.869995,476.579987,4784385.000000,1743611400.0
1743611400.0,476.649994,479.559998,472.700012,478.179993,4715033.000000,1743615000.0
1743615000.0,478.149994,478.250000,472.700012,472.865997,4423598.000000,1743618600.0
1743618600.0,472.869995,475.339996,472.679993,474.799988,4247081.000000,1743622200.0
1743622200.0,474.768585,477.239990,474.200012,476.179993,4434864.000000,1743625800.0
1743687000.0,456.390015,460.070007,454.820007,456.369995,20223874.000000,1743690600.0
1743690600.0,456.390015,457.029999,451.560791,453.980011,10304594.000000,1743694200.0
1743694200.0,453.980011,457.929993,453.880005,457.570007,8697606.000000,1743697800.0
1743697800.0,457.609985,457.984985,454.024994,454.489990,6183620.000000,1743701400.0
1743701400.0,454.350006,455.839996,452.513092,452.970001,4486563.000000,1743705000.0
1743705000.0,452.929993,454.950012,451.489990,451.690002,7103413.000000,1743708600.0
1743708600.0,451.700012,452.496399,450.140015,450.730011,8537095.000000,1743712200.0
1743773400.0,438.010010,440.350006,432.309998,432.390015,30855744.000000,1743777000.0
1743777000.0,432.369995,437.920013,426.100006,432.970306,23377524.000000,1743780600.0
1743780600.0,433.029999,434.859985,428.079987,428.739990,9471473.000000,1743784200.0
1743784200.0,428.690002,430.640015,425.250000,427.605011,10692853.000000,1743787800.0
1743787800.0,427.549988,432.329895,425.959991,426.250000,9404666.000000,1743791400.0
1743791400.0,426.299988,429.250000,423.589996,428.279999,12505664.000000,1743795000.0
1743795000.0,428.269989,431.334991,423.079987,423.201202,12602204.000000,1743798600.0
1744032600.0,407.750000,443.140015,402.390015,419.040009,64250811.000000,1744036200.0
1744036200.0,419.170013,429.630005,414.059998,415.111206,32943065.000000,1744039800.0
1744039800.0,415.125000,423.988312,415.125000,420.100006,14745100.000000,1744043400.0
1744043400.0,420.109985,426.000000,415.570007,425.739990,12697831.000000,1744047000.0
1744047000.0,425.848785,430.160004,422.720001,424.820007,12148621.000000,1744050600.0
1744050600.0,424.880005,428.648285,420.149994,420.760010,10318649.000000,1744054200.0
1744054200.0,420.790009,426.259491,420.600006,423.959991,8693799.000000,1744057800.0
1744119000.0,438.160004,443.138397,436.070007,441.385010,25937716.000000,1744122600.0
1744122600.0,441.380005,442.519989,434.070007,434.089996,11775498.000000,1744126200.0
1744126200.0,434.154999,437.809998,430.720001,432.579987,8411794.000000,1744129800.0
1744129800.0,432.549988,433.220001,422.510010,422.690002,13999254.000000,1744133400.0
1744133400.0,422.625000,428.779999,422.220001,422.684998,8467544.000000,1744137000.0
1744137000.0,422.700012,427.380005,413.730011,416.941711,12127954.000000,1744140600.0
1744140600.0,416.970093,416.970093,409.790009,416.239990,11642987.000000,1744144200.0
1744205400.0,415.592590,424.940002,415.450012,421.279999,24302916.000000,1744209000.0
1744209000.0,421.309998,423.859985,415.630005,420.049988,8942447.000000,1744212600.0
1744212600.0,420.059998,422.640015,416.847412,421.500000,6926590.000000,1744216200.0
1744216200.0,421.454987,453.500000,420.579987,444.209991,22554260.000000,1744219800.0
1744219800.0,444.220001,461.329102,443.540009,459.529999,31957691.000000,1744223400.0
1744223400.0,459.609985,463.479614,451.730011,462.230011,20294097.000000,1744227000.0
1744227000.0,462.070007,467.820007,461.410004,465.160004,17273381.000000,1744230600.0
1744291800.0,453.614990,455.589996,448.269989,450.148590,21462175.000000,1744295400.0
1744295400.0,450.160004,453.920013,445.859985,445.890015,10947948.000000,1744299000.0
1744299000.0,445.880005,446.420013,432.649994,434.750000,21093120.000000,1744302600.0
1744302600.0,434.829987,446.570007,434.529999,441.464996,15549182.000000,1744306200.0
1744306200.0,441.450012,449.809998,440.540009,449.440002,12243319.000000,1744309800.0
1744309800.0,449.464996,450.820007,443.799988,443.809998,12181092.000000,1744313400.0
1744313400.0,443.890015,447.920013,440.380005,446.179993,9686292.000000,1744317000.0
1744378200.0,445.609985,450.378998,441.329987,442.089996,14705287.000000,1744381800.0
1744381800.0,442.220001,448.619110,441.339996,444.769989,5994871.000000,1744385400.0
1744385400.0,444.730011,450.100006,444.200012,448.394989,4315407.000000,1744389000.0
1744389000.0,448.500000,453.700012,448.480011,450.188812,5998375.000000,1744392600.0
1744392600.0,450.250000,455.760010,449.040009,453.100006,7758607.000000,1744396200.0
1744396200.0,453.079987,455.569611,452.000000,454.649994,4568162.000000,1744399800.0
1744399800.0,454.589996,455.350006,453.420013,454.239990,6512679.000000,1744403400.0
1744637400.0,464.559998,465.049988,458.631805,462.160004,11650092.000000,1744641000.0
1744641000.0,462.170013,463.549988,457.529999,457.600006,5882938.000000,1744644600.0
1744644600.0,457.630005,458.720001,452.630005,454.470001,6890603.000000,1744648200.0
1744648200.0,454.464996,457.014801,453.500000,455.649994,4146256.000000,1744651800.0
1744651800.0,455.640015,459.019989,454.739990,458.854401,3649113.000000,1744655400.0
1744655400.0,458.799988,461.140015,458.600006,459.839905,3978004.000000,1744659000.0
1744659000.0,459.809998,460.750000,456.929993,457.399994,4282084.000000,1744662600.0
1744723800.0,458.484985,462.380005,457.149994,458.179993,10108432.000000,1744727400.0
1744727400.0,458.209991,461.230011,458.140015,459.190002,4589153.000000,1744731000.0
1744731000.0,459.260010,461.096893,458.570007,460.559998,4205066.000000,1744734600.0
1744734600.0,460.545013,460.919891,456.730011,457.109985,3668633.000000,1744738200.0
1744738200.0,457.070099,458.670013,456.149994,456.980011,3523443.000000,1744741800.0
1744741800.0,457.029785,458.929993,456.940002,458.029999,3138889.000000,1744745400.0
1744745400.0,458.029999,458.609985,457.070007,457.989990,3083743.000000,1744749000.0
1744810200.0,448.959991,451.279999,447.220001,449.858185,9253739.000000,1744813800.0
1744813800.0,449.825012,452.580414,449.200012,451.989990,4107743.000000,1744817400.0
1744817400.0,452.010010,452.070007,448.230011,449.170013,3277709.000000,1744821000.0
1744821000.0,449.144989,449.799988,447.670013,449.179993,2829884.000000,1744824600.0
1744824600.0,449.200012,449.250000,441.839996,443.404999,8953138.000000,1744828200.0
1744828200.0,443.350006,443.589996,437.760010,438.190002,7728270.000000,1744831800.0
1744831800.0,438.209991,444.529999,438.209991,444.230011,8761882.000000,1744835400.0
1744896600.0,447.130005,447.369995,442.700012,442.801300,9528233.000000,1744900200.0
1744900200.0,442.790009,445.750000,441.369995,443.241302,8636034.000000,1744903800.0
1744903800.0,443.309998,446.320007,442.730011,445.820007,5530542.000000,1744907400.0
1744907400.0,445.813812,446.626404,443.950012,443.954987,3071495.000000,1744911000.0
1744911000.0,444.000000,447.749603,443.985413,446.659393,4110390.000000,1744914600.0
1744914600.0,446.679993,447.589996,443.480011,444.059998,6027503.000000,1744918200.0
1744918200.0,444.089996,445.369995,443.000000,444.019989,4608438.000000,1744921800.0
1745242200.0,438.359985,439.079987,432.649994,433.320007,8320692.000000,1745245800.0
1745245800.0,433.230011,434.829987,431.679993,431.929993,5562205.000000,1745249400.0
1745249400.0,431.950012,432.200012,430.000000,430.680298,3816443.000000,1745253000.0
1745253000.0,430.688599,432.130005,428.700012,429.109985,5183693.000000,1745256600.0
1745256600.0,429.051514,429.700012,427.950012,429.200012,3411834.000000,1745260200.0
1745260200.0,429.195007,430.600006,427.929993,429.759308,5855755.000000,1745263800.0
1745263800.0,429.779999,433.970001,429.750000,433.269989,8437480.000000,1745267400.0
1745328600.0,438.880005,442.570007,437.619995,441.940002,9461455.000000,1745332200.0
1745332200.0,441.890015,444.470001,441.100006,443.649994,6799711.000000,1745335800.0
1745335800.0,443.660004,447.579987,442.119812,447.119995,6731661.000000,1745339400.0
1745339400.0,447.179993,447.399994,441.149994,441.430115,6539236.000000,1745343000.0
1745343000.0,441.399994,443.829987,440.290009,443.540009,7142127.000000,1745346600.0
1745346600.0,443.570007,444.829987,441.549988,441.785004,5430120.000000,1745350200.0
1745350200.0,441.779999,444.970001,441.010010,444.380005,5319648.000000,1745353800.0
1745415000.0,458.230011,462.579987,457.434998,461.839996,18585458.000000,1745418600.0
1745418600.0,461.779999,463.380005,456.529999,457.329987,7353612.000000,1745422200.0
1745422200.0,457.339996,458.299988,453.320007,455.510010,6491181.000000,1745425800.0
1745425800.0,455.445007,458.579987,455.070007,457.470001,4837255.000000,1745429400.0
1745429400.0,457.500000,458.409485,455.731415,456.369995,4191397.000000,1745433000.0
1745433000.0,456.429993,457.399994,453.533203,454.010010,4518954.000000,1745436600.0
1745436600.0,454.049988,456.000000,452.890015,454.350006,6132120.000000,1745440200.0
1745501400.0,456.480011,462.899994,455.830109,462.850006,11698189.000000,1745505000.0
1745505000.0,462.790009,464.509094,461.579987,462.979889,6601000.000000,1745508600.0
1745508600.0,463.079987,465.380005,462.443604,464.915009,4751866.000000,1745512200.0
1745512200.0,464.934998,466.154999,464.399994,465.529999,4009530.000000,1745515800.0
1745515800.0,465.559998,466.529999,464.779999,466.299988,3754581.000000,1745519400.0
1745519400.0,466.299988,467.329987,464.779999,465.260010,5461746.000000,1745523000.0
1745523000.0,465.269989,467.660004,465.165009,467.204987,5221977.000000,1745526600.0
1745587800.0,467.190002,469.489990,465.390015,466.220001,10675563.000000,1745591400.0
1745591400.0,466.285004,469.200012,465.399994,468.149994,3470059.000000,1745595000.0
1745595000.0,468.109985,470.067688,467.220215,469.940094,3884530.000000,1745598600.0
1745598600.0,469.949890,473.089996,469.670013,472.929993,4887742.000000,1745602200.0
1745602200.0,472.950012,472.959991,468.735199,471.454987,5785857.000000,1745605800.0
1745605800.0,471.506989,472.445190,471.250000,471.434998,3719187.000000,1745609400.0
1745609400.0,471.320007,472.890015,470.489990,472.549988,4181109.000000,1745613000.0
1745847000.0,473.410004,474.808014,470.260010,471.579987,9459460.000000,1745850600.0
1745850600.0,471.609985,472.779999,467.279999,467.444885,5193398.000000,1745854200.0
1745854200.0,467.454010,469.140015,466.205505,466.549988,4310476.000000,1745857800.0
1745857800.0,466.619995,468.380005,466.029999,466.369995,3277165.000000,1745861400.0
1745861400.0,466.380005,469.890015,466.149994,469.609985,2757421.000000,1745865000.0
1745865000.0,469.589996,472.209991,469.130005,472.029999,3357384.000000,1745868600.0
1745868600.0,471.989990,473.734985,471.700012,472.450012,3354023.000000,1745872200.0
1745933400.0,470.260010,474.346985,469.589996,471.799988,7210153.000000,1745937000.0
1745937000.0,471.795898,474.619995,471.719604,473.190002,3895281.000000,1745940600.0
1745940600.0,473.190002,474.459991,471.920013,473.529999,2534509.000000,1745944200.0
1745944200.0,473.489990,473.950012,471.209991,473.320007,3618698.000000,1745947800.0
1745947800.0,473.290009,476.369995,473.200012,476.070007,4840125.000000,1745951400.0
1745951400.0,476.070007,476.424286,475.080109,475.500000,3072774.000000,1745955000.0
1745955000.0,475.519989,476.299988,474.679993,475.420013,2913387.000000,1745958600.0
1746019800.0,467.029999,467.505005,462.429993,467.380005,12481267.000000,1746023400.0
1746023400.0,467.380005,470.519989,466.570007,469.880005,6321354.000000,1746027000.0
1746027000.0,469.880005,471.299988,468.840912,469.225006,3852204.000000,1746030600.0
1746030600.0,469.190002,471.029999,468.029999,470.910004,3606984.000000,1746034200.0
1746034200.0,470.859985,473.929993,470.679993,471.859985,5563790.000000,1746037800.0
1746037800.0,471.820007,472.660004,470.720001,471.450012,2899281.000000,1746041400.0
1746041400.0,471.470001,477.200012,471.329987,475.440002,5619878.000000,1746045000.0
1746106200.0,483.459991,484.290009,480.820099,484.149994,11274475.000000,1746109800.0
1746109800.0,484.149994,487.179993,483.579987,486.019989,6739291.000000,1746113400.0
1746113400.0,486.149994,486.167999,482.000000,483.369995,5630091.000000,1746117000.0
1746117000.0,483.342590,484.850006,482.309998,484.160004,2745280.000000,1746120600.0
1746120600.0,484.179993,485.220001,482.790009,484.550110,2628307.000000,1746124200.0
1746124200.0,484.630005,485.309998,483.440002,484.600006,2990563.000000,1746127800.0
1746127800.0,484.630005,484.690002,480.739990,481.209991,5821427.000000,1746131400.0
1746192600.0,486.630005,488.660004,484.829987,488.644989,10016208.000000,1746196200.0
1746196200.0,488.630005,488.970001,487.279999,487.670013,4155618.000000,1746199800.0
1746199800.0,487.690002,490.540009,487.350006,489.660004,5395030.000000,1746203400.0
1746203400.0,489.672394,490.670013,489.000000,489.320099,4936351.000000,1746207000.0
1746207000.0,489.329987,490.489899,489.040009,490.190002,2646614.000000,1746210600.0
1746210600.0,490.195007,490.910004,488.609985,489.649994,4035635.000000,1746214200.0
1746214200.0,489.563812,489.690002,487.959991,488.859985,5518728.000000,1746217800.0
1746451800.0,484.575012,487.089996,484.100006,485.875000,7995163.000000,1746455400.0
1746455400.0,485.864990,487.399994,484.640015,486.760010,4538043.000000,1746459000.0
1746459000.0,486.799988,487.820007,485.989990,487.630096,2089113.000000,1746462600.0
1746462600.0,487.649994,487.950012,486.989990,487.600006,2683021.000000,1746466200.0
1746466200.0,487.600006,488.575012,487.510010,488.325012,2079868.000000,1746469800.0
1746469800.0,488.299988,489.019989,486.989990,487.140015,2778449.000000,1746473400.0
1746473400.0,487.130005,487.779999,485.500000,485.950012,3652789.000000,1746477000.0
1746538200.0,479.559998,482.290009,478.200012,482.054993,8798086.000000,1746541800.0
1746541800.0,482.035004,483.130005,481.600006,483.040009,2864394.000000,1746545400.0
1746545400.0,483.019989,485.049988,481.615295,482.199890,5303139.000000,1746549000.0
1746549000.0,482.140015,483.119995,481.059998,481.589996,3137047.000000,1746552600.0
1746552600.0,481.640015,482.839905,480.540009,482.730011,3052120.000000,1746556200.0
1746556200.0,482.660004,483.429993,482.170013,483.200012,3019452.000000,1746559800.0
1746559800.0,483.149994,483.799988,481.309998,481.390015,3222648.000000,1746563400.0
1746624600.0,482.109985,484.000000,481.195007,483.878113,6277535.000000,1746628200.0
1746628200.0,483.880005,483.985199,479.459991,480.010101,4673146.000000,1746631800.0
1746631800.0,479.989990,481.049988,479.420013,480.000000,2958257.000000,1746635400.0
1746635400.0,480.000000,482.679993,479.859985,482.089996,2206996.000000,1746639000.0
1746639000.0,482.040009,482.230011,476.782013,479.040009,5064633.000000,1746642600.0
1746642600.0,479.000000,482.140015,478.350006,479.065002,5254988.000000,1746646200.0
1746646200.0,479.029999,485.799988,478.850006,483.339996,9195940.000000,1746649800.0
1746711000.0,488.540009,488.730011,485.239990,486.795013,8837501.000000,1746714600.0
1746714600.0,486.820007,489.521606,484.170013,488.725006,6381314.000000,1746718200.0
1746718200.0,488.720093,492.410004,488.049988,491.381012,7906519.000000,1746721800.0
1746721800.0,491.394897,492.700012,491.239990,491.809998,3285541.000000,1746725400.0
1746725400.0,491.800690,491.950012,490.230011,491.020203,3033864.000000,1746729000.0
1746729000.0,491.019989,492.559998,490.959991,492.279999,3540498.000000,1746732600.0
1746732600.0,492.299988,492.359985,487.989990,488.239990,4264732.000000,1746736200.0
1746797400.0,490.279999,491.540009,487.510101,488.000092,6310013.000000,1746801000.0
1746801000.0,488.040009,489.000000,486.209991,487.989990,5260414.000000,1746804600.0
1746804600.0,488.000000,488.959991,486.630005,487.189911,3043960.000000,1746808200.0
1746808200.0,487.200012,487.964996,486.269989,487.279999,3117308.000000,1746811800.0
1746811800.0,487.290009,488.649994,486.899994,487.720001,2738102.000000,1746815400.0
1746815400.0,487.727997,489.209991,487.660004,488.534912,2475164.000000,1746819000.0
1746819000.0,488.549988,488.829895,487.829987,488.059998,2904602.000000,1746822600.0
1747056600.0,506.989990,507.059998,502.279999,502.690002,14540412.000000,1747060200.0
1747060200.0,502.739990,504.458008,501.500000,503.774109,4947867.000000,1747063800.0
1747063800.0,503.779999,505.062897,503.130005,504.670013,4492036.000000,1747067400.0
1747067400.0,504.729889,507.370087,504.600006,506.549988,4115328.000000,1747071000.0
1747071000.0,506.549988,507.329987,506.399994,507.140015,2758243.000000,1747074600.0
1747074600.0,507.179993,507.580200,505.951599,506.149994,3963763.000000,1747078200.0
1747078200.0,506.140015,507.880005,505.579987,507.790009,5473940.000000,1747081800.0
1747143000.0,509.160004,514.950012,508.420013,514.130005,14555341.000000,1747146600.0
1747146600.0,514.150024,516.099976,513.554993,515.755005,8045765.000000,1747150200.0
1747150200.0,515.739990,516.469971,515.130005,516.359985,5912566.000000,1747153800.0
1747153800.0,516.320923,517.179993,515.919983,516.669983,5398665.000000,1747157400.0
1747157400.0,516.684998,517.390015,515.650024,516.335022,5661755.000000,1747161000.0
1747161000.0,516.359985,517.270020,515.780029,516.789978,4673961.000000,1747164600.0
1747164600.0,516.780029,517.270020,515.260010,515.580017,5956492.000000,1747168200.0
1747229400.0,516.719971,518.919983,515.750000,517.419983,13348163.000000,1747233000.0
1747233000.0,517.400024,518.409973,516.109985,518.150024,6769803.000000,1747236600.0
1747236600.0,518.140015,518.700012,517.840027,518.409973,5349563.000000,1747240200.0
1747240200.0,518.419983,519.227905,515.940002,516.730896,5706882.000000,1747243800.0
1747243800.0,516.719971,518.169983,516.629028,517.469971,3935926.000000,1747247400.0
1747247400.0,517.489990,518.789978,517.210022,517.684998,4854278.000000,1747251000.0
1747251000.0,517.690002,518.929993,517.099976,518.700012,5062865.000000,1747254600.0
1747315800.0,516.530029,517.525024,515.169983,516.130005,10733578.000000,1747319400.0
1747319400.0,516.130005,519.359985,515.400024,518.941895,6602560.000000,1747323000.0
1747323000.0,519.000000,520.280029,518.520020,519.849976,5860321.000000,1747326600.0
1747326600.0,519.830017,521.929993,519.479980,521.680176,4477233.000000,1747330200.0
1747330200.0,521.719299,521.719971,518.239990,519.059998,5658024.000000,1747333800.0
1747333800.0,519.030029,519.820007,516.489990,516.900024,7177233.000000,1747337400.0
1747337400.0,516.869995,519.299988,516.869995,519.289978,6982311.000000,1747341000.0
1747402200.0,520.520020,520.710022,518.789978,519.335022,10703525.000000,1747405800.0
1747405800.0,519.327515,519.359985,517.099976,518.979980,8353273.000000,1747409400.0
1747409400.0,518.979980,520.239990,518.969971,519.859985,5416858.000000,1747413000.0
1747413000.0,519.849976,520.570007,519.400024,520.409973,4526605.000000,1747416600.0
1747416600.0,520.409973,520.879089,519.840027,520.450012,3809130.000000,1747420200.0
1747420200.0,520.440002,521.549988,520.304993,521.315002,4952999.000000,1747423800.0
1747423800.0,521.320007,521.700012,520.500000,521.520020,7098817.000000,1747427400.0
1747661400.0,514.239990,520.554993,514.239990,519.166687,14850973.000000,1747665000.0
1747665000.0,519.190002,519.890015,518.520020,519.190002,8251306.000000,1747668600.0
1747668600.0,519.179993,520.919983,516.299988,520.780029,4697093.000000,1747672200.0
1747672200.0,520.789978,522.530029,520.140015,522.000000,5590846.000000,1747675800.0
1747675800.0,522.020020,522.500000,520.270020,520.520020,6499561.000000,1747679400.0
1747679400.0,520.530029,521.630005,520.119995,520.469971,5962340.000000,1747683000.0
1747683000.0,520.489990,522.275024,520.419983,522.030029,4357776.000000,1747686600.0
1747747800.0,519.469971,520.094971,518.070007,519.030090,9959453.000000,1747751400.0
1747751400.0,518.989990,520.380005,518.729980,519.690002,5573502.000000,1747755000.0
1747755000.0,519.690002,520.250000,518.929993,519.890015,4141833.000000,1747758600.0
1747758600.0,519.890015,520.919983,519.840027,520.434998,2993437.000000,1747762200.0
1747762200.0,520.447510,520.489990,517.700012,517.929993,4157316.000000,1747765800.0
1747765800.0,517.919983,518.809998,516.659973,518.559998,6137924.000000,1747769400.0
1747769400.0,518.580017,520.359985,518.575012,520.239990,5778130.000000,1747773000.0
1747834200.0,516.270020,520.080017,516.270020,518.817017,11018117.000000,1747837800.0
1747837800.0,518.820007,522.429993,518.530029,522.049988,7731051.000000,1747841400.0
1747841400.0,522.020020,522.789978,521.419983,522.320007,5643959.000000,1747845000.0
1747845000.0,522.349976,523.000000,514.210022,514.449890,11562450.000000,1747848600.0
1747848600.0,514.380005,517.450012,513.380005,515.280029,12297864.000000,1747852200.0
1747852200.0,515.320007,516.320007,511.239990,511.809998,10395599.000000,1747855800.0
1747855800.0,511.829987,514.809998,511.829987,513.059998,9849060.000000,1747859400.0
1747920600.0,513.599976,517.539978,512.299988,515.184998,14023492.000000,1747924200.0
1747924200.0,515.210022,516.020020,513.580017,514.635010,8044098.000000,1747927800.0
1747927800.0,514.590027,517.390015,514.380005,516.051270,7498432.000000,1747931400.0
1747931400.0,516.059998,516.190002,514.309998,515.994995,4659510.000000,1747935000.0
1747935000.0,515.989990,517.130005,515.510010,516.599976,5431478.000000,1747938600.0
1747938600.0,516.599976,517.710022,516.070007,517.419983,4525743.000000,1747942200.0
1747942200.0,517.440002,517.479980,513.591309,514.020020,8073523.000000,1747945800.0
1748007000.0,506.179993,509.670013,505.600006,508.429993,17816939.000000,1748010600.0
1748010600.0,508.470001,509.519989,507.059998,508.880005,7005955.000000,1748014200.0
1748014200.0,508.839996,510.024994,507.880005,509.010010,6141971.000000,1748017800.0
1748017800.0,509.029999,511.589996,508.290009,511.510010,5458775.000000,1748021400.0
1748021400.0,511.515015,511.839996,509.980011,510.760010,6025553.000000,1748025000.0
1748025000.0,510.720001,511.500000,509.529999,510.179993,5389524.000000,1748028600.0
1748028600.0,510.149994,511.104492,508.820007,509.286499,6856161.000000,1748032200.0
1748352600.0,516.159973,519.169983,514.590027,518.849976,12094472.000000,1748356200.0
1748356200.0,518.859985,519.575012,518.349976,519.340027,5405546.000000,1748359800.0
1748359800.0,519.320007,520.150024,518.820007,519.825012,4484930.000000,1748363400.0
1748363400.0,519.840027,521.190002,519.815002,520.885010,4973891.000000,1748367000.0
1748367000.0,520.893616,521.700012,520.650024,521.039978,5353971.000000,1748370600.0
1748370600.0,521.059998,521.195007,520.260010,520.440002,4697588.000000,1748374200.0
1748374200.0,520.440002,521.270020,519.909973,521.200012,7738055.000000,1748377800.0
1748439000.0,522.190002,523.679993,520.590027,521.000000,8265084.000000,1748442600.0
1748442600.0,521.010010,521.520020,520.299988,521.054993,5480086.000000,1748446200.0
1748446200.0,521.049988,521.489990,520.460022,521.330017,3650122.000000,1748449800.0
1748449800.0,521.320007,521.830017,520.920105,521.539978,3027361.000000,1748453400.0
1748453400.0,521.539978,522.119995,521.010010,521.609985,3659677.000000,1748457000.0
1748457000.0,521.599976,522.380127,519.669983,521.030701,7455824.000000,1748460600.0
1748460600.0,521.039978,521.120117,518.400024,518.950012,7928964.000000,1748464200.0
1748525400.0,526.330017,526.479980,519.250000,521.080017,16679999.000000,1748529000.0
1748529000.0,521.070007,522.650024,520.460022,522.150024,7863534.000000,1748532600.0
1748532600.0,522.119995,522.229980,517.320007,520.320007,9016373.000000,1748536200.0
1748536200.0,520.330017,521.640015,519.909973,520.049988,4963893.000000,1748539800.0
1748539800.0,520.070007,520.580017,517.710022,518.020020,5497632.000000,1748543400.0
1748543400.0,518.020020,519.880005,518.020020,518.969971,6578137.000000,1748547000.0
1748547000.0,518.960022,520.909973,518.960022,519.955017,6668325.000000,1748550600.0
1748611800.0,519.520020,519.679993,515.890015,519.500000,13417026.000000,1748615400.0
1748615400.0,519.489990,519.859985,517.929993,519.090027,7130227.000000,1748619000.0
1748619000.0,519.090027,519.349976,514.070007,514.440002,8555068.000000,1748622600.0
1748622600.0,514.429993,514.869995,511.929993,514.409973,12138083.000000,1748626200.0
1748626200.0,514.380005,517.400024,514.130005,516.979980,6542601.000000,1748629800.0
1748629800.0,516.979980,519.835022,516.530029,519.580017,7235924.000000,1748633400.0
1748633400.0,519.599976,520.679993,518.569275,519.179993,10086006.000000,1748637000.0
1748871000.0,517.309998,521.349976,515.969971,519.455017,12985661.000000,1748874600.0
1748874600.0,519.450012,520.385010,518.729980,519.219971,7614902.000000,1748878200.0
1748878200.0,519.289978,521.020020,518.890015,520.500000,4615328.000000,1748881800.0
1748881800.0,520.450012,521.750000,520.000000,521.145020,3537316.000000,1748885400.0
1748885400.0,521.130005,522.669983,520.570007,522.589294,5141303.000000,1748889000.0
1748889000.0,522.590027,523.450012,522.179993,523.150024,4185989.000000,1748892600.0
1748892600.0,523.140015,523.349976,522.289978,523.190002,4224884.000000,1748896200.0
1748957400.0,523.599976,525.809998,522.729309,525.400513,9833471.000000,1748961000.0
1748961000.0,525.414978,526.960022,524.520020,526.599976,5721217.000000,1748964600.0
1748964600.0,526.619995,527.619995,526.219971,527.520020,5335981.000000,1748968200.0
1748968200.0,527.520020,528.729980,527.460022,528.375000,4429288.000000,1748971800.0
1748971800.0,528.359985,528.474976,525.770020,527.309998,6454762.000000,1748975400.0
1748975400.0,527.300110,527.788391,527.049988,527.640015,4392647.000000,1748979000.0
1748979000.0,527.640015,527.905029,526.479980,527.429993,5166826.000000,1748982600.0
1749043800.0,528.030029,529.659973,525.969421,528.465027,11570121.000000,1749047400.0
1749047400.0,528.450012,529.429993,527.559998,528.765015,5401245.000000,1749051000.0
1749051000.0,528.719971,529.200012,527.548828,527.859985,3861524.000000,1749054600.0
1749054600.0,527.849976,529.359985,527.700012,529.174988,2666214.000000,1749058200.0
1749058200.0,529.155029,529.780029,528.719971,529.719971,4262649.000000,1749061800.0
1749061800.0,529.710022,529.840027,529.130005,529.409973,5516069.000000,1749065400.0
1749065400.0,529.409973,529.609985,528.549988,528.760010,5038676.000000,1749069000.0
1749130200.0,530.179993,530.840027,527.280029,529.919983,10188772.000000,1749133800.0
1749133800.0,529.919983,532.909973,527.590027,532.789307,10798469.000000,1749137400.0
1749137400.0,532.780029,533.049988,530.210022,531.379883,5433495.000000,1749141000.0
1749141000.0,531.359985,531.520020,526.510010,529.229980,7354027.000000,1749144600.0
1749144600.0,529.210022,529.619995,525.229980,527.635010,6206982.000000,1749148200.0
1749148200.0,527.619995,528.400024,522.669983,524.429993,9518531.000000,1749151800.0
1749151800.0,524.479980,526.830017,524.135010,524.700012,7870788.000000,1749155400.0
1749216600.0,529.909973,531.619995,529.299988,529.710083,12702364.000000,1749220200.0
1749220200.0,529.750000,531.599976,528.570007,529.849976,6447937.000000,1749223800.0
1749223800.0,529.840027,530.919983,529.390015,529.859985,3782366.000000,1749227400.0
1749227400.0,529.929993,530.159973,528.210022,529.809998,4080043.000000,1749231000.0
1749231000.0,529.820007,531.640015,529.820007,531.159973,3753555.000000,1749234600.0
1749234600.0,531.130005,531.799988,530.070007,530.294983,4142385.000000,1749238200.0
1749238200.0,530.289978,530.765015,529.739990,529.840027,4976974.000000,1749241800.0
1749475800.0,530.030029,531.789978,529.010010,531.450012,8058039.000000,1749479400.0
1749479400.0,531.460022,532.330017,530.530029,530.790710,4656546.000000,1749483000.0
1749483000.0,530.799988,531.390015,530.590027,530.919983,2863912.000000,1749486600.0
1749486600.0,530.960022,532.229980,530.919983,531.599976,3673883.000000,1749490200.0
1749490200.0,531.580017,532.080017,531.270020,531.789978,2576631.000000,1749493800.0
1749493800.0,531.760010,532.087280,531.200012,531.590027,4370096.000000,1749497400.0
1749497400.0,531.580017,531.760010,530.590027,530.679993,4952561.000000,1749501000.0
1749562200.0,531.307922,532.539978,530.751221,532.070007,7698002.000000,1749565800.0
1749565800.0,532.070007,532.440002,531.400085,531.669983,3990531.000000,1749569400.0
1749569400.0,531.674988,533.000000,528.890015,532.864990,6927763.000000,1749573000.0
1749573000.0,532.875000,533.409912,532.409973,532.450012,3666360.000000,1749576600.0
1749576600.0,532.450012,532.519104,530.789978,532.050110,4190576.000000,1749580200.0
1749580200.0,532.030029,534.900024,532.010010,534.325012,7292804.000000,1749583800.0
1749583800.0,534.299988,534.419983,532.940002,534.280029,5168487.000000,1749587400.0
1749648600.0,535.520020,536.260010,533.195007,536.135010,11147971.000000,1749652200.0
1749652200.0,536.140015,536.780029,535.280029,535.710022,6432266.000000,1749655800.0
1749655800.0,535.539978,535.840027,532.969971,534.640015,6347826.000000,1749659400.0
1749659400.0,534.630005,535.604980,534.150024,535.364990,3695956.000000,1749663000.0
1749663000.0,535.375000,535.440002,530.111328,531.538025,8593374.000000,1749666600.0
1749666600.0,531.585022,533.070007,530.690002,531.510010,8103753.000000,1749670200.0
1749670200.0,531.530029,532.549988,530.919983,532.450012,6636005.000000,1749673800.0
1749735000.0,531.000000,533.510010,530.849976,533.265015,7507777.000000,1749738600.0
1749738600.0,533.299988,534.643799,532.350098,533.210022,5403656.000000,1749742200.0
1749742200.0,533.219971,534.320007,532.639893,534.123596,4778650.000000,1749745800.0
1749745800.0,534.119995,534.419983,533.140015,533.760010,4045053.000000,1749749400.0
1749749400.0,533.729980,534.409973,532.820007,533.265015,3343076.000000,1749753000.0
1749753000.0,533.270020,534.049988,532.869995,533.630005,3847530.000000,1749756600.0
1749756600.0,533.630005,533.700012,532.599976,533.659973,3445438.000000,1749760200.0
1749821400.0,527.369995,530.380005,526.150024,526.369995,12057642.000000,1749825000.0
1749825000.0,526.359985,530.739990,526.239990,530.520020,7546631.000000,1749828600.0
1749828600.0,530.494995,531.869995,530.181274,531.025024,4868641.000000,1749832200.0
1749832200.0,531.059998,531.604980,529.460022,529.859985,4782127.000000,1749835800.0
1749835800.0,529.869995,530.650024,527.369995,527.489990,6113965.000000,1749839400.0
1749839400.0,527.489990,527.919983,525.770020,526.500000,10301218.000000,1749843000.0
1749843000.0,526.500000,527.500000,525.729980,526.940002,7665143.000000,1749846600.0
1750080600.0,530.500000,534.880005,530.450012,534.799988,10807362.000000,1750084200.0
1750084200.0,534.809998,535.369995,534.200012,534.580017,5008867.000000,1750087800.0
1750087800.0,534.559998,534.955017,533.809998,534.090027,3990396.000000,1750091400.0
1750091400.0,534.179993,534.960022,533.500000,534.760010,2910678.000000,1750095000.0
1750095000.0,534.765015,535.059998,533.809998,534.174988,2621959.000000,1750098600.0
1750098600.0,534.179321,534.400024,533.335022,534.010071,4237676.000000,1750102200.0
1750102200.0,534.020020,534.489990,533.450012,534.270020,4895472.000000,1750105800.0
1750167000.0,531.570007,533.320007,530.890015,532.580017,8204223.000000,1750170600.0
1750170600.0,532.559998,533.325012,531.880005,532.280029,4714011.000000,1750174200.0
1750174200.0,532.289978,533.239990,531.989990,532.710022,3805038.000000,1750177800.0
1750177800.0,532.690002,533.130005,530.419983,530.450012,5109722.000000,1750181400.0
1750181400.0,530.450012,531.280029,528.092529,528.534973,7489838.000000,1750185000.0
1750185000.0,528.549988,529.840027,527.919983,529.770020,5033517.000000,1750188600.0
1750188600.0,529.789978,530.080017,528.789978,529.000000,5070462.000000,1750192200.0
1750253400.0,530.080017,532.179993,528.479980,531.979980,8881047.000000,1750257000.0
1750257000.0,531.984985,532.549988,531.260010,531.340027,4817455.000000,1750260600.0
1750260600.0,531.638000,532.039978,530.729980,530.880676,3386063.000000,1750264200.0
1750264200.0,530.859985,531.460999,529.619995,529.633972,3397622.000000,1750267800.0
1750267800.0,529.640015,532.080017,528.780029,530.450012,6079520.000000,1750271400.0
1750271400.0,530.409119,531.739990,527.409973,528.330017,10179559.000000,1750275000.0
1750275000.0,528.289978,530.289978,528.030029,528.960022,4789708.000000,1750278600.0
1750426200.0,532.145020,533.549988,527.780029,528.900024,12116688.000000,1750429800.0
1750429800.0,528.940002,529.570007,525.109985,527.054993,8566306.000000,1750433400.0
1750433400.0,527.195129,528.599976,526.530029,527.219971,8985191.000000,1750437000.0
1750437000.0,527.210022,528.419983,525.580017,525.591980,5293773.000000,1750440600.0
1750440600.0,525.609985,528.090027,524.890015,527.590027,7520438.000000,1750444200.0
1750444200.0,527.599976,527.979980,525.739990,525.979980,5581177.000000,1750447800.0
1750447800.0,526.000000,527.099976,525.630005,526.700012,6664236.000000,1750451400.0
1750685400.0,526.309998,530.210022,524.159973,529.536621,10024265.000000,1750689000.0
1750689000.0,529.559998,530.349976,528.750000,529.000000,4363698.000000,1750692600.0
1750692600.0,528.613525,529.099976,526.440002,526.570007,5186647.000000,1750696200.0
1750696200.0,526.559998,530.669983,523.650024,530.359985,12558719.000000,1750699800.0
1750699800.0,530.380005,531.940002,530.380005,530.950012,6806951.000000,1750703400.0
1750703400.0,530.960022,531.579895,530.429993,531.239929,4352967.000000,1750707000.0
1750707000.0,531.219971,532.164978,530.644714,531.700012,4381724.000000,1750710600.0
1750771800.0,536.700012,538.039978,536.271973,537.405029,10883870.000000,1750775400.0
1750775400.0,537.409973,538.929871,537.239990,538.919983,5865488.000000,1750779000.0
1750779000.0,538.954773,539.499878,538.585022,539.394775,5404758.000000,1750782600.0
1750782600.0,539.380005,540.005005,539.109985,539.289978,4596771.000000,1750786200.0
1750786200.0,539.294983,540.330017,539.280029,539.940002,3416092.000000,1750789800.0
1750789800.0,539.940002,540.700012,539.770020,540.090027,4772816.000000,1750793400.0
1750793400.0,540.080017,540.375000,539.729980,539.729980,6372636.000000,1750797000.0
1750858200.0,542.150024,543.309998,541.250000,541.789978,13109829.000000,1750861800.0
1750861800.0,541.799988,542.650024,540.750000,541.169983,5706073.000000,1750865400.0
1750865400.0,541.169983,541.195007,540.130005,540.474976,3637083.000000,1750869000.0
1750869000.0,540.474976,541.125000,539.900024,540.980103,4021773.000000,1750872600.0
1750872600.0,540.989990,541.030029,539.380005,540.315002,5731064.000000,1750876200.0
1750876200.0,540.309998,541.080017,539.820007,540.609985,3434845.000000,1750879800.0
1750879800.0,540.590027,541.219971,540.119995,541.169983,4158081.000000,1750883400.0
1750944600.0,543.419983,543.864990,541.520020,543.781006,10024511.000000,1750948200.0
1750948200.0,543.755005,544.690002,543.450012,543.645020,6025419.000000,1750951800.0
1750951800.0,543.650024,545.229980,543.312500,544.815002,4815748.000000,1750955400.0
1750955400.0,544.789978,545.400024,544.419983,545.309998,2785131.000000,1750959000.0
1750959000.0,545.349976,546.520020,545.300110,546.224670,7549842.000000,1750962600.0
1750962600.0,546.229980,546.455017,545.750000,546.159973,3583070.000000,1750966200.0
1750966200.0,546.150024,546.669983,545.730713,546.219971,6155749.000000,1750969800.0
1751031000.0,547.200012,549.979980,546.739990,549.025208,10170395.000000,1751034600.0
1751034600.0,549.030029,549.760010,548.140320,549.260010,6086210.000000,1751038200.0
1751038200.0,549.260010,549.929871,548.919983,549.359985,4974769.000000,1751041800.0
1751041800.0,549.369995,549.429321,548.609985,548.760010,6454192.000000,1751045400.0
1751045400.0,548.739990,548.989929,546.179993,546.179993,9088471.000000,1751049000.0
1751049000.0,546.190002,546.609985,544.544983,546.260010,9399330.000000,1751052600.0
1751052600.0,546.299988,548.385010,546.289978,548.219971,8241611.000000,1751056200.0
1751290200.0,551.159973,551.309998,549.010010,550.499878,9764936.000000,1751293800.0
1751293800.0,550.515015,550.559998,549.530029,549.890015,5320905.000000,1751297400.0
1751297400.0,549.909973,551.098022,549.719971,550.354980,3583749.000000,1751301000.0
1751301000.0,550.340027,551.080017,550.070007,550.361694,3014931.000000,1751304600.0
1751304600.0,550.369995,550.669983,549.190002,549.969971,4738682.000000,1751308200.0
1751308200.0,549.969971,551.780029,549.049927,551.395020,6788437.000000,1751311800.0
1751311800.0,551.390015,552.799988,551.131592,551.655029,7766294.000000,1751315400.0
1751376600.0,549.768921,550.710022,548.419983,548.835022,10215701.000000,1751380200.0
1751380200.0,548.840027,549.210022,544.659973,546.830017,14622067.000000,1751383800.0
1751383800.0,546.809998,547.369995,545.210022,546.700012,6326509.000000,1751387400.0
1751387400.0,546.679993,548.260010,546.419983,547.807983,4431635.000000,1751391000.0
1751391000.0,547.929993,548.679993,547.469971,547.775024,3688317.000000,1751394600.0
1751394600.0,547.760010,548.275024,545.919983,547.784973,6695323.000000,1751398200.0
1751398200.0,547.780029,548.359985,546.830017,546.979980,7262404.000000,1751401800.0
1751463000.0,546.179993,549.640015,546.119995,549.465027,9329151.000000,1751466600.0
1751466600.0,549.450012,550.750000,549.030029,549.729980,6949515.000000,1751470200.0
1751470200.0,549.739990,550.700012,549.659973,550.429993,3583835.000000,1751473800.0
1751473800.0,550.419983,550.750000,549.909973,550.119995,3101864.000000,1751477400.0
1751477400.0,550.120789,550.544983,549.890015,550.369995,2698224.000000,1751481000.0
1751481000.0,550.359985,550.909973,550.159973,550.300781,3418483.000000,1751484600.0
1751484600.0,550.299988,551.000000,550.030029,550.809998,4768502.000000,1751488200.0
1751549400.0,553.179993,556.330017,553.179993,556.200012,10833414.000000,1751553000.0
1751553000.0,556.210022,556.650024,555.649902,556.419983,5406564.000000,1751556600.0
1751556600.0,556.410828,557.200012,556.340027,556.570007,4112725.000000,1751560200.0
1751895000.0,553.530029,554.340027,552.489990,553.380005,8626633.000000,1751898600.0
1751898600.0,553.380005,553.409973,552.049988,552.960022,4707825.000000,1751902200.0
1751902200.0,552.929993,553.919983,550.828125,552.289978,7067672.000000,1751905800.0
1751905800.0,552.260010,553.020020,551.260010,551.760010,5631773.000000,1751909400.0
1751909400.0,551.739990,553.099976,549.659973,549.710022,5920825.000000,1751913000.0
1751913000.0,549.729980,552.170105,549.585022,551.174988,6202439.000000,1751916600.0
1751916600.0,551.179993,552.229980,551.030029,552.059998,4505403.000000,1751920200.0
1751981400.0,553.340027,553.549988,551.289978,551.900024,7548516.000000,1751985000.0
1751985000.0,551.890015,553.530029,551.099976,551.770020,6797874.000000,1751988600.0
1751988600.0,551.770020,554.010010,551.770020,553.640015,3562440.000000,1751992200.0
1751992200.0,553.659973,553.760010,551.950073,552.815002,4024591.000000,1751995800.0
1751995800.0,552.840027,553.500000,552.320007,552.804993,3274550.000000,1751999400.0
1751999400.0,552.849976,552.989990,551.820007,552.265015,4293287.000000,1752003000.0
1752003000.0,552.270020,552.580017,551.820007,552.309998,4313025.000000,1752006600.0
1752067800.0,554.520020,557.630005,554.470093,556.135010,9872864.000000,1752071400.0
1752071400.0,556.140015,556.140015,553.099976,554.525085,9041238.000000,1752075000.0
1752075000.0,554.530029,554.739990,553.539978,554.364990,4012820.000000,1752078600.0
1752078600.0,554.369995,555.130127,554.179993,554.599976,4204952.000000,1752082200.0
1752082200.0,554.580017,555.619995,554.090027,555.304993,4431885.000000,1752085800.0
1752085800.0,555.299988,556.179993,555.209900,555.859985,4445684.000000,1752089400.0
1752089400.0,555.849976,556.369995,555.650024,556.260010,5204344.000000,1752093000.0
1752154200.0,556.859985,557.299988,552.750000,553.599976,10431008.000000,1752157800.0
1752157800.0,553.650024,555.159973,553.549988,555.059326,5291844.000000,1752161400.0
1752161400.0,555.059998,555.695007,554.239990,555.305298,4422740.000000,1752165000.0
1752165000.0,555.299988,555.500000,554.709900,555.395020,3333147.000000,1752168600.0
1752168600.0,555.385315,556.289978,555.385315,555.905029,2825946.000000,1752172200.0
1752172200.0,555.914978,556.159973,555.710022,555.809998,2900103.000000,1752175800.0
1752175800.0,555.799988,556.140015,554.890015,555.469971,3915629.000000,1752179400.0
1752240600.0,553.330017,555.390015,552.049988,555.090027,9249509.000000,1752244200.0
1752244200.0,555.080017,555.450012,553.109985,554.096191,5721198.000000,1752247800.0
1752247800.0,554.090027,555.510010,554.049988,555.100098,4544282.000000,1752251400.0
1752251400.0,555.109985,555.789978,554.570007,555.440002,3406474.000000,1752255000.0
1752255000.0,555.440002,555.604980,554.369995,555.289978,3621268.000000,1752258600.0
1752258600.0,555.270020,555.719971,553.479980,554.799988,5180172.000000,1752262200.0
1752262200.0,554.760010,554.855103,554.190002,554.210022,4050507.000000,1752265800.0
1752499800.0,553.950989,555.080017,551.630005,553.945129,11227506.000000,1752503400.0
1752503400.0,553.919983,555.919922,553.539978,555.655212,5243868.000000,1752507000.0
1752507000.0,555.659973,556.059875,555.200012,555.710022,3187616.000000,1752510600.0
1752510600.0,555.719971,556.850098,555.500000,556.549988,3863571.000000,1752514200.0
1752514200.0,556.559998,556.945007,556.224976,556.554993,3312265.000000,1752517800.0
1752517800.0,556.549988,556.788696,556.210022,556.359985,3436809.000000,1752521400.0
1752521400.0,556.349976,556.380005,555.748779,556.169983,3718038.000000,1752525000.0
1752586200.0,560.429993,560.479980,558.390015,559.750000,11226586.000000,1752589800.0
1752589800.0,559.770020,559.919983,557.760010,559.505005,6537943.000000,1752593400.0
1752593400.0,559.510010,559.780029,558.679993,558.960022,4303671.000000,1752597000.0
1752597000.0,558.965027,559.309998,557.460022,558.320007,4520680.000000,1752600600.0
1752600600.0,558.320007,559.750000,558.284973,559.460022,3462130.000000,1752604200.0
1752604200.0,559.460022,559.619995,557.380005,557.570007,5583330.000000,1752607800.0
1752607800.0,557.580017,558.169983,556.659973,556.710022,4738713.000000,1752611400.0
1752672600.0,557.109985,557.140015,554.309998,555.655029,9375773.000000,1752676200.0
1752676200.0,555.660095,556.580017,553.070007,555.044800,10183470.000000,1752679800.0
1752679800.0,555.039978,556.080017,551.559998,555.099976,11020692.000000,1752683400.0
1752683400.0,555.119995,557.109985,554.599976,556.479980,5262259.000000,1752687000.0
1752687000.0,556.500000,556.674988,555.919983,556.580017,3618400.000000,1752690600.0
1752690600.0,556.570007,557.469971,556.570007,557.260010,4375974.000000,1752694200.0
1752694200.0,557.244995,557.940002,557.109985,557.340027,4427276.000000,1752697800.0
1752759000.0,557.984985,559.809998,557.210022,559.309998,8594667.000000,1752762600.0
1752762600.0,559.320007,561.440002,559.155029,561.084900,5647376.000000,1752766200.0
1752766200.0,561.090027,562.210022,560.809998,561.825012,4966006.000000,1752769800.0
1752769800.0,561.820007,561.960083,561.390015,561.815002,3493197.000000,1752773400.0
1752773400.0,561.809998,562.309998,561.299988,561.755005,4113840.000000,1752777000.0
1752777000.0,561.755005,562.140015,561.525024,561.890015,4763942.000000,1752780600.0
1752780600.0,561.880005,562.270020,561.489990,561.799988,5725103.000000,1752784200.0
1752845400.0,563.109924,563.320007,560.330017,560.480103,10082522.000000,1752849000.0
1752849000.0,560.510010,561.375000,560.320007,561.049988,8495918.000000,1752852600.0
1752852600.0,561.049988,561.919983,560.130005,560.719971,5292458.000000,1752856200.0
1752856200.0,560.729980,561.109985,560.000000,560.920227,7123060.000000,1752859800.0
1752859800.0,560.919983,561.210022,560.380005,561.070007,6997297.000000,1752863400.0
1752863400.0,561.054993,561.380005,560.590027,560.950012,4115121.000000,1752867000.0
1752867000.0,560.950012,561.320007,560.640015,561.250000,4919836.000000,1752870600.0
1753104600.0,562.140015,565.900024,562.090027,565.878418,9286094.000000,1753108200.0
1753108200.0,565.890015,566.059998,565.030029,565.429871,4307688.000000,1753111800.0
1753111800.0,565.429993,565.629883,564.534973,564.979980,4021758.000000,1753115400.0
1753115400.0,564.961975,566.039917,564.940002,565.929993,4154086.000000,1753119000.0
1753119000.0,565.909973,566.047974,565.530029,565.789978,2741804.000000,1753122600.0
1753122600.0,565.794983,565.809998,564.539978,564.749878,5494501.000000,1753126200.0
1753126200.0,564.744995,564.970093,563.794983,564.159973,5597136.000000,1753129800.0
1753191000.0,563.674805,564.340027,558.609985,560.010010,15315236.000000,1753194600.0
1753194600.0,560.000000,561.489990,559.960022,560.979980,4969212.000000,1753198200.0
1753198200.0,560.950012,561.609985,559.909973,560.099976,3944284.000000,1753201800.0
1753201800.0,560.091980,561.974976,559.780029,561.820007,3804445.000000,1753205400.0
1753205400.0,561.820007,561.919983,560.080017,561.150024,3255714.000000,1753209000.0
1753209000.0,561.130005,562.140015,561.104980,561.719971,3764542.000000,1753212600.0
1753212600.0,561.710022,562.130005,561.210022,561.289978,5362338.000000,1753216200.0
1753277400.0,562.340027,562.350098,559.585022,560.690002,9626754.000000,1753281000.0
1753281000.0,560.679993,561.270020,559.679993,561.044983,4409621.000000,1753284600.0
1753284600.0,561.020020,563.070007,560.710022,561.099976,6930389.000000,1753288200.0
1753288200.0,561.049988,561.799988,560.940002,561.659973,2840157.000000,1753291800.0
1753291800.0,561.659973,563.789978,561.469971,563.125000,4719650.000000,1753295400.0
1753295400.0,563.119995,563.379883,562.875000,563.094971,3189805.000000,1753299000.0
1753299000.0,563.070007,563.830017,562.500000,563.830017,4536914.000000,1753302600.0
1753363800.0,565.020020,565.747498,563.299988,564.099976,9941820.000000,1753367400.0
1753367400.0,564.109985,565.630005,564.030029,565.265015,4265979.000000,1753371000.0
1753371000.0,565.280029,565.719971,564.279907,564.539978,4227017.000000,1753374600.0
1753374600.0,564.530029,566.219971,564.394775,565.455017,3711710.000000,1753378200.0
1753378200.0,565.460022,566.229980,565.250000,566.070007,3932122.000000,1753381800.0
1753381800.0,566.080017,566.239990,565.159973,566.065002,6125220.000000,1753385400.0
1753385400.0,566.059998,566.177979,564.979980,565.090027,8118390.000000,1753389000.0
1753450200.0,565.000000,566.239990,564.270020,566.054993,7451230.000000,1753453800.0
1753453800.0,566.054810,566.428528,565.659973,566.369995,3834350.000000,1753457400.0
1753457400.0,566.344971,567.590027,565.955017,567.414978,4549026.000000,1753461000.0
1753461000.0,567.400024,567.695007,566.671997,566.969971,2609703.000000,1753464600.0
1753464600.0,566.969971,567.320007,566.549988,567.130005,1936187.000000,1753468200.0
1753468200.0,567.140015,567.309998,566.794983,566.820007,3273857.000000,1753471800.0
1753471800.0,566.804993,567.085205,566.059998,566.390015,4379800.000000,1753475400.0
1753709400.0,567.719971,569.039978,567.539978,568.465027,8396604.000000,1753713000.0
1753713000.0,568.440002,568.830017,566.880005,567.916687,4021035.000000,1753716600.0
1753716600.0,567.924988,568.570007,567.770020,568.255005,3354062.000000,1753720200.0
1753720200.0,568.260010,568.260010,567.320007,567.530090,2775832.000000,1753723800.0
1753723800.0,567.530029,568.045227,566.960022,567.465027,2990389.000000,1753727400.0
1753727400.0,567.469971,567.659973,567.089478,567.469971,3243862.000000,1753731000.0
1753731000.0,567.460022,568.280029,567.299988,568.200012,4175518.000000,1753734600.0
1753795800.0,570.789978,572.109985,569.409973,569.890015,10374415.000000,1753799400.0
1753799400.0,569.880005,570.289978,567.419983,567.544983,6639083.000000,1753803000.0
1753803000.0,567.539978,568.880005,566.919983,567.849976,7180583.000000,1753806600.0
1753806600.0,567.840027,568.979980,567.179993,568.569885,3537224.000000,1753810200.0
1753810200.0,568.580017,568.739990,567.489990,567.876526,3482778.000000,1753813800.0
1753813800.0,567.869995,568.559998,567.390015,567.400024,2933919.000000,1753817400.0
1753817400.0,567.409973,567.530029,566.530029,567.320007,8142748.000000,1753821000.0
1753882200.0,568.169983,569.109985,567.270020,568.570007,6817561.000000,1753885800.0
1753885800.0,568.604980,569.468018,567.875000,568.169983,3379877.000000,1753889400.0
1753889400.0,568.179993,569.599976,567.909973,569.330017,2161614.000000,1753893000.0
1753893000.0,569.335022,569.489990,568.940002,569.100098,1374060.000000,1753896600.0
1753896600.0,569.119995,569.900024,568.770020,569.794800,3448184.000000,1753900200.0
1753900200.0,569.799988,570.619995,565.049988,565.989197,15525560.000000,1753903800.0
1753903800.0,566.000000,568.260010,565.700012,568.140015,6206395.000000,1753907400.0
1753968600.0,573.375000,574.580078,571.200012,571.930115,13703804.000000,1753972200.0
1753972200.0,571.909973,572.318787,568.174988,569.419983,8606201.000000,1753975800.0
1753975800.0,569.429993,571.349976,569.299988,571.130005,4781437.000000,1753979400.0
1753979400.0,571.150024,571.400024,567.049988,567.445007,5703519.000000,1753983000.0
1753983000.0,567.479980,568.469971,563.869995,566.590027,11347765.000000,1753986600.0
1753986600.0,566.580017,567.700012,565.400024,565.560730,6801137.000000,1753990200.0
1753990200.0,565.609985,566.489990,564.011780,565.000000,8594336.000000,1753993800.0
1754055000.0,558.820007,559.019409,551.880005,556.380005,24450011.000000,1754058600.0
1754058600.0,556.380005,557.250000,554.320007,554.378174,8502978.000000,1754062200.0
1754062200.0,554.359985,557.841003,554.234985,556.979980,6455860.000000,1754065800.0
1754065800.0,556.960022,557.219971,552.840027,553.130005,6650572.000000,1754069400.0
1754069400.0,553.109985,554.289978,551.700012,554.119995,5966567.000000,1754073000.0
1754073000.0,554.119995,555.358398,553.084778,553.789978,5678246.000000,1754076600.0
1754076600.0,553.780029,555.429993,552.809998,553.849976,7351638.000000,1754080200.0
1754314200.0,559.080017,563.127991,558.950012,562.820007,14056755.000000,1754317800.0
1754317800.0,562.849976,562.950012,561.369995,561.929993,5913478.000000,1754321400.0
1754321400.0,561.909973,563.510010,561.630005,563.219971,4809358.000000,1754325000.0
1754325000.0,563.215027,563.700012,562.955017,563.604980,4425439.000000,1754328600.0
1754328600.0,563.609985,563.734985,562.690002,563.275024,3752977.000000,1754332200.0
1754332200.0,563.270020,564.119995,563.030029,563.299988,3443739.000000,1754335800.0
1754335800.0,563.299988,564.315002,562.979980,564.099976,6592101.000000,1754339400.0
1754400600.0,565.294983,566.560730,563.280029,563.950012,11228360.000000,1754404200.0
1754404200.0,563.950012,563.989990,560.299988,561.114990,9535371.000000,1754407800.0
1754407800.0,561.090027,562.070007,559.729980,561.760010,5742588.000000,1754411400.0
1754411400.0,561.729980,562.409973,560.299988,562.051270,3772715.000000,1754415000.0
1754415000.0,562.049988,563.059998,561.239319,561.312012,4178987.000000,1754418600.0
1754418600.0,561.299988,561.679871,559.784973,561.119995,5719174.000000,1754422200.0
1754422200.0,561.130005,561.259521,559.900024,560.190002,5225258.000000,1754425800.0
1754487000.0,561.119995,563.890015,560.630005,561.830017,10252675.000000,1754490600.0
1754490600.0,561.849976,565.034973,561.364990,564.880005,6356892.000000,1754494200.0
1754494200.0,564.859985,566.340027,564.260010,565.919983,5030106.000000,1754497800.0
1754497800.0,565.914978,566.419983,565.380005,566.140015,3806023.000000,1754501400.0
1754501400.0,566.140015,567.239990,565.830017,567.179993,3475007.000000,1754505000.0
1754505000.0,567.169983,567.669983,566.950012,567.419983,4371193.000000,1754508600.0
1754508600.0,567.409973,567.755005,566.890015,567.319519,5037883.000000,1754512200.0
1754573400.0,571.679993,573.320007,570.260010,571.025024,11820553.000000,1754577000.0
1754577000.0,570.635010,571.460022,569.159973,569.445007,6142121.000000,1754580600.0
1754580600.0,569.465027,569.969971,568.270020,569.070007,4426010.000000,1754584200.0
1754584200.0,569.030029,569.400024,566.575012,567.010010,5327807.000000,1754587800.0
1754587800.0,566.994995,567.640015,565.109985,566.052002,5148401.000000,1754591400.0
1754591400.0,566.059998,567.319885,565.551575,566.719971,4071395.000000,1754595000.0
1754595000.0,566.739990,569.309998,566.669983,569.250000,5186285.000000,1754598600.0
1754659800.0,570.914978,573.799988,570.155029,573.619995,8689295.000000,1754663400.0
1754663400.0,573.609985,574.260010,572.859985,573.409973,5893752.000000,1754667000.0
1754667000.0,573.369995,574.330017,572.119995,574.000000,4310828.000000,1754670600.0
1754670600.0,574.000000,574.190002,573.131897,573.280029,2827278.000000,1754674200.0
1754674200.0,573.275024,574.770020,573.239990,574.375000,2864236.000000,1754677800.0
1754677800.0,574.375000,574.710022,574.250000,574.375000,3035754.000000,1754681400.0
1754681400.0,574.369995,574.679993,573.669983,574.549988,4721747.000000,1754685000.0
1754919000.0,574.775024,575.924988,573.830017,575.549988,7746936.000000,1754922600.0
1754922600.0,575.559998,575.765015,574.650024,575.094971,3122213.000000,1754926200.0
1754926200.0,575.090027,576.799988,574.684998,576.344971,4196639.000000,1754929800.0
1754929800.0,576.354980,576.442017,574.885010,574.994995,2822223.000000,1754933400.0
1754933400.0,574.989990,575.189880,573.710022,573.880005,3133985.000000,1754937000.0
1754937000.0,573.880005,574.280029,573.119995,573.380005,2872621.000000,1754940600.0
1754940600.0,573.385010,573.528015,571.570007,572.750000,6046929.000000,1754944200.0
1755005400.0,575.150024,576.940002,572.484985,575.650024,13776364.000000,1755009000.0
1755009000.0,575.659973,578.215027,575.150024,577.580017,6240117.000000,1755012600.0
1755012600.0,577.559998,578.760010,577.280029,578.659973,3778348.000000,1755016200.0
1755016200.0,578.640015,579.409973,578.572021,578.887085,3400339.000000,1755019800.0
1755019800.0,578.880005,579.950012,578.830017,579.619995,2877276.000000,1755023400.0
1755023400.0,579.650024,579.772522,579.239929,579.744995,3512632.000000,1755027000.0
1755027000.0,579.729980,580.349976,579.369995,580.020020,6274725.000000,1755030600.0
1755091800.0,582.820007,583.319885,580.409973,580.649292,9694987.000000,1755095400.0
1755095400.0,580.630005,581.030029,579.069885,579.875000,7819566.000000,1755099000.0
1755099000.0,579.900024,580.669983,579.460022,579.775024,3466645.000000,1755102600.0
1755102600.0,579.760010,580.390015,578.940002,580.340088,4090206.000000,1755106200.0
1755106200.0,580.359985,580.594971,579.320007,579.890076,3211903.000000,1755109800.0
1755109800.0,579.914978,580.580017,578.989990,580.155029,4874080.000000,1755113400.0
1755113400.0,580.155029,580.640015,579.559998,580.340027,4114439.000000,1755117000.0
1755178200.0,578.364990,580.799988,577.919983,580.580017,12744343.000000,1755181800.0
1755181800.0,580.580017,581.879883,578.450012,579.030029,6047040.000000,1755185400.0
1755185400.0,579.020020,580.340027,578.460022,578.950012,5891512.000000,1755189000.0
1755189000.0,578.979980,581.229980,578.939880,581.169983,4301531.000000,1755192600.0
1755192600.0,581.169983,581.180115,579.265015,579.375000,4190258.000000,1755196200.0
1755196200.0,579.369995,580.400024,579.179993,579.989990,4141497.000000,1755199800.0
1755199800.0,579.989990,580.744995,579.820007,579.869995,4922812.000000,1755203400.0
1755264600.0,579.789978,579.789978,576.419983,578.489990,10723385.000000,1755268200.0
1755268200.0,578.489990,578.640015,576.840027,577.320007,9427942.000000,1755271800.0
1755271800.0,577.119995,577.599976,575.574280,576.309998,9732447.000000,1755275400.0
1755275400.0,576.344971,577.749390,576.260010,577.275024,4465488.000000,1755279000.0
1755279000.0,577.260010,578.270020,577.169983,577.719971,3900751.000000,1755282600.0
1755282600.0,577.719971,577.849976,576.534973,577.335022,4361274.000000,1755286200.0
1755286200.0,577.349976,577.799988,576.945007,577.229980,4838867.000000,1755289800.0
1755523800.0,577.219971,577.765015,575.645020,576.599976,8315814.000000,1755527400.0
1755527400.0,576.590027,576.900024,575.241211,575.849609,4736566.000000,1755531000.0
1755531000.0,575.840027,576.640015,575.479980,576.460022,3072540.000000,1755534600.0
1755534600.0,576.460022,576.708008,575.340027,576.445007,2820683.000000,1755538200.0
1755538200.0,576.439880,577.169983,575.979980,576.409912,3219203.000000,1755541800.0
1755541800.0,576.390015,577.479980,576.380005,576.979980,3267160.000000,1755545400.0
1755545400.0,576.989990,577.570007,576.862976,577.099976,2712232.000000,1755549000.0
1755610200.0,576.369995,576.559998,573.020020,573.094971,12888109.000000,1755613800.0
1755613800.0,573.119995,573.849976,570.400024,571.965027,9855482.000000,1755617400.0
1755617400.0,571.940002,572.174988,570.409973,570.859985,4930150.000000,1755621000.0
1755621000.0,570.859985,571.020020,568.710022,569.701294,7498101.000000,1755624600.0
1755624600.0,569.700012,570.409973,569.119995,569.410095,4226574.000000,1755628200.0
1755628200.0,569.409973,569.530029,568.250000,569.049988,5031300.000000,1755631800.0
1755631800.0,569.039978,569.440002,568.500000,569.280029,5911280.000000,1755635400.0
1755696600.0,568.219971,568.450012,559.510010,560.281006,23916140.000000,1755700200.0
1755700200.0,560.309998,563.500000,558.840027,563.440002,13198180.000000,1755703800.0
1755703800.0,563.434998,565.330017,561.670715,565.200012,10193369.000000,1755707400.0
1755707400.0,565.200012,565.228027,563.289978,563.950012,6087476.000000,1755711000.0
1755711000.0,563.960022,565.619995,562.599976,563.090027,7224950.000000,1755714600.0
1755714600.0,563.049988,566.510010,563.030029,565.750000,6359428.000000,1755718200.0
1755718200.0,565.750000,566.890015,565.599976,565.859985,6015990.000000,1755721800.0
1755783000.0,564.320007,566.479980,561.849976,566.409973,13572971.000000,1755786600.0
1755786600.0,566.419983,566.419983,563.010071,564.330017,7097116.000000,1755790200.0
1755790200.0,564.280029,565.219971,562.270020,562.484985,5211535.000000,1755793800.0
1755793800.0,562.469971,563.209290,560.979980,561.625000,5284151.000000,1755797400.0
1755797400.0,561.599976,563.474976,561.500000,562.885010,4393128.000000,1755801000.0
1755801000.0,562.885010,564.210022,562.429993,563.779907,4576506.000000,1755804600.0
1755804600.0,563.780029,563.815002,562.979980,563.299988,4206150.000000,1755808200.0
1755869400.0,564.669983,573.580017,563.280029,571.679993,17828894.000000,1755873000.0
1755873000.0,571.710022,573.989990,571.695007,573.320007,7999892.000000,1755876600.0
1755876600.0,573.289978,573.890015,570.969971,571.220276,5203676.000000,1755880200.0
1755880200.0,571.234985,573.215027,570.570007,573.205017,4897978.000000,1755883800.0
1755883800.0,573.205017,573.409973,572.500000,572.659973,3162939.000000,1755887400.0
1755887400.0,572.690002,573.169983,572.004211,572.200012,3771395.000000,1755891000.0
1755891000.0,572.200012,572.369995,571.140015,571.979980,5245421.000000,1755894600.0
1756128600.0,570.400024,571.940002,569.169983,571.479980,10988770.000000,1756132200.0
1756132200.0,571.450012,572.965027,571.265015,572.859924,4445412.000000,1756135800.0
1756135800.0,572.890015,573.287109,572.409973,572.866272,3316935.000000,1756139400.0
1756139400.0,572.820007,573.184998,572.200012,572.505127,2595074.000000,1756143000.0
1756143000.0,572.489990,572.669983,571.849976,572.059998,2859533.000000,1756146600.0
1756146600.0,572.049988,572.260010,571.635010,571.760010,2923208.000000,1756150200.0
1756150200.0,571.765015,571.859985,570.179993,570.349976,4947566.000000,1756153800.0
1756215000.0,569.830017,571.705017,568.799988,571.590027,9887487.000000,1756218600.0
1756218600.0,571.588684,571.809998,570.679993,570.740295,3515078.000000,1756222200.0
1756222200.0,570.702026,571.880005,570.369995,571.572327,2880978.000000,1756225800.0
1756225800.0,571.570007,571.729980,570.789978,571.434204,2450731.000000,1756229400.0
1756229400.0,571.450012,571.505005,570.049988,571.460022,3549891.000000,1756233000.0
1756233000.0,571.460022,572.419983,571.380005,572.150024,4886213.000000,1756236600.0
1756236600.0,572.130005,572.919983,571.340027,572.659973,5125134.000000,1756240200.0
1756301400.0,571.619995,573.179993,570.369995,572.970093,10177016.000000,1756305000.0
1756305000.0,572.989990,573.400024,572.650024,572.809875,5314240.000000,1756308600.0
1756308600.0,572.789978,573.770020,571.739990,572.250000,3999883.000000,1756312200.0
1756312200.0,572.229980,573.315002,571.650024,573.080078,3005409.000000,1756315800.0
1756315800.0,573.090027,574.405029,573.090027,574.215027,2867709.000000,1756319400.0
1756319400.0,574.200012,574.250000,571.940002,572.989990,4609739.000000,1756323000.0
1756323000.0,572.989990,574.145020,572.979980,573.539978,3739086.000000,1756326600.0
1756387800.0,574.070007,576.530029,572.460022,573.811829,14880749.000000,1756391400.0
1756391400.0,573.818787,576.760010,573.802002,574.859924,7219003.000000,1756395000.0
1756395000.0,574.859985,577.090027,574.820007,576.820984,4646949.000000,1756398600.0
1756398600.0,576.809998,576.979980,576.049988,576.969971,4576613.000000,1756402200.0
1756402200.0,576.969971,577.369995,576.840088,577.335022,3440743.000000,1756405800.0
1756405800.0,577.340027,577.849976,577.219971,577.378479,3685446.000000,1756409400.0
1756409400.0,577.369995,577.989990,577.039978,577.070007,5399602.000000,1756413000.0
1756474200.0,574.640015,575.030029,569.250000,570.947998,16883264.000000,1756477800.0
1756477800.0,570.940002,571.369995,568.960022,570.540100,7978145.000000,1756481400.0
1756481400.0,570.539978,570.645020,569.174988,569.859985,5188745.000000,1756485000.0
1756485000.0,569.849976,570.739990,568.539978,569.219971,4648724.000000,1756488600.0
1756488600.0,569.229980,570.380005,568.929993,569.540100,4749274.000000,1756492200.0
1756492200.0,569.549988,570.630005,569.479980,570.099976,4617085.000000,1756495800.0
1756495800.0,570.094971,570.844971,569.179993,570.309998,8062558.000000,1756499400.0
1756819800.0,561.330017,565.700012,559.554993,565.239990,21506650.000000,1756823400.0
1756823400.0,565.200012,565.219971,561.239990,561.570007,8674561.000000,1756827000.0
1756827000.0,561.570007,561.570007,559.570007,560.549988,7014899.000000,1756830600.0
1756830600.0,560.544983,563.000000,560.539978,562.809998,5484743.000000,1756834200.0
1756834200.0,562.830017,564.340027,562.820007,562.890015,6228144.000000,1756837800.0
1756837800.0,562.900024,564.719971,562.739990,564.590027,5464820.000000,1756841400.0
1756841400.0,564.585022,565.965027,564.500000,565.640015,6765457.000000,1756845000.0
1756906200.0,569.250000,570.409973,567.979980,569.510010,14022403.000000,1756909800.0
1756909800.0,569.510010,571.695007,569.190002,569.280029,7524676.000000,1756913400.0
1756913400.0,569.260010,570.243530,568.750000,569.500000,6580318.000000,1756917000.0
1756917000.0,569.520020,570.179993,568.489990,569.364990,4259085.000000,1756920600.0
1756920600.0,569.320007,569.530029,567.030029,567.479980,6321137.000000,1756924200.0
1756924200.0,567.460022,567.760010,566.729980,567.590027,5805953.000000,1756927800.0
1756927800.0,567.590027,570.070007,567.565002,569.989990,7139950.000000,1756931400.0
1756992600.0,570.739990,572.340027,569.025024,570.770020,12195419.000000,1756996200.0
1756996200.0,570.750000,572.530029,570.729980,572.299988,6935041.000000,1756999800.0
1756999800.0,572.325012,572.520020,571.520020,571.692810,3959670.000000,1757003400.0
1757003400.0,571.679993,573.119995,571.599976,573.030029,3921907.000000,1757007000.0
1757007000.0,573.020020,573.780029,572.809998,573.559998,3842267.000000,1757010600.0
1757010600.0,573.565002,574.660706,573.479980,574.330017,5359630.000000,1757014200.0
1757014200.0,574.309998,575.594971,574.169983,575.260010,6850583.000000,1757017800.0
1757079000.0,580.590027,581.119995,574.520020,575.129028,23651306.000000,1757082600.0
1757082600.0,575.099976,575.409973,571.539978,574.619995,14079388.000000,1757086200.0
1757086200.0,574.609985,575.500000,573.719971,574.320007,7461609.000000,1757089800.0
1757089800.0,574.369995,575.320007,573.750000,574.650024,5604855.000000,1757093400.0
1757093400.0,574.659973,575.179993,573.489990,574.869873,4654869.000000,1757097000.0
1757097000.0,574.859985,576.070007,574.594971,575.844971,4766751.000000,1757100600.0
1757100600.0,575.844971,576.119995,574.920227,576.030029,5732942.000000,1757104200.0
1757338200.0,578.500000,580.559998,578.070007,580.250000,14553913.000000,1757341800.0
1757341800.0,580.239990,580.840027,579.789978,580.565002,6001256.000000,1757345400.0
1757345400.0,580.559998,580.739990,579.250000,579.489990,4723997.000000,1757349000.0
1757349000.0,579.489990,579.650024,578.380005,578.852417,4659397.000000,1757352600.0
1757352600.0,578.875000,579.210022,577.840027,579.044983,4182475.000000,1757356200.0
1757356200.0,579.049988,579.139893,577.770020,578.010010,3701595.000000,1757359800.0
1757359800.0,578.020020,579.020020,578.020020,578.820007,6232931.000000,1757363400.0
1757424600.0,579.650024,580.200012,578.349976,579.104980,10733806.000000,1757428200.0
1757428200.0,579.070007,579.099976,577.039978,578.440002,7674939.000000,1757431800.0
1757431800.0,578.419983,579.630005,577.684998,579.250000,4816213.000000,1757435400.0
1757435400.0,579.260010,580.155029,578.970093,579.820007,3456904.000000,1757439000.0
1757439000.0,579.830017,579.979980,579.380005,579.619995,4599986.000000,1757442600.0
1757442600.0,579.630005,580.289978,579.380005,580.179993,4033353.000000,1757446200.0
1757446200.0,580.190002,580.929993,579.690002,580.469971,4798483.000000,1757449800.0
1757511000.0,583.690002,583.690002,581.330017,582.849976,15252783.000000,1757514600.0
1757514600.0,582.799988,583.450012,581.849915,582.330017,6852478.000000,1757518200.0
1757518200.0,582.349976,582.969910,581.419983,581.729980,4583484.000000,1757521800.0
1757521800.0,581.734985,582.280029,580.729980,580.950073,3898926.000000,1757525400.0
1757525400.0,580.940002,581.539978,580.000000,580.309998,4525887.000000,1757529000.0
1757529000.0,580.294983,580.820007,578.549988,579.119995,5860182.000000,1757532600.0
1757532600.0,579.155029,581.140015,579.109985,580.700012,5987729.000000,1757536200.0
1757597400.0,583.229980,583.849976,581.619995,582.950012,13812607.000000,1757601000.0
1757601000.0,582.940002,584.880005,582.869995,584.679993,0.000000,1757604600.0
1757604600.0,584.679993,584.860107,583.869995,584.359985,16038764.000000,1757608200.0
1757608200.0,584.400024,584.559998,583.669983,584.155029,3384296.000000,1757611800.0
1757611800.0,584.130005,584.659973,583.900024,584.289978,3462937.000000,1757615400.0
1757615400.0,584.309998,584.799988,584.219971,584.590027,3561350.000000,1757619000.0
1757619000.0,584.570007,584.859985,584.005005,584.099976,5165597.000000,1757622600.0
1757683800.0,585.020020,585.875000,584.099976,585.750000,10741486.000000,1757687400.0
1757687400.0,585.760010,586.830017,585.599976,586.135010,6718340.000000,1757691000.0
1757691000.0,586.150024,586.619995,585.770020,586.580017,4552225.000000,1757694600.0
1757694600.0,586.580017,586.969971,586.380005,586.455017,6566732.000000,1757698200.0
1757698200.0,586.455017,587.109985,586.234985,586.984985,6933871.000000,1757701800.0
1757701800.0,586.989990,587.859985,586.880005,587.020020,5773738.000000,1757705400.0
1757705400.0,587.020020,587.228882,586.125000,586.659973,6736882.000000,1757709000.0
1757943000.0,588.460022,590.559998,588.294983,590.290710,11260507.000000,1757946600.0
1757946600.0,590.280029,590.650024,589.890015,590.278015,5329170.000000,1757950200.0
1757950200.0,590.278809,591.179993,590.205017,590.669983,4898856.000000,1757953800.0
1757953800.0,590.670715,591.090027,590.270020,590.299927,4110169.000000,1757957400.0
1757957400.0,590.294983,591.179871,590.210022,590.520081,3846380.000000,1757961000.0
1757961000.0,590.521301,590.895020,590.090027,590.765015,4622100.000000,1757964600.0
1757964600.0,590.744995,591.789978,590.544983,591.690002,6525651.000000,1757968200.0
1758029400.0,592.609985,592.859985,590.989990,591.405029,10733052.000000,1758033000.0
1758033000.0,591.400024,591.830017,590.750000,590.924988,4501986.000000,1758036600.0
1758036600.0,590.909973,591.179993,590.489990,591.150024,3528065.000000,1758040200.0
1758040200.0,591.140015,591.630005,590.710083,591.299988,3720067.000000,1758043800.0
1758043800.0,591.330017,591.450012,591.070007,591.284973,3166712.000000,1758047400.0
1758047400.0,591.284973,591.960022,591.210022,591.479919,3761022.000000,1758051000.0
1758051000.0,591.479980,592.070007,591.010010,591.169983,5319583.000000,1758054600.0
1758115800.0,591.130005,591.559998,589.000000,589.080688,9917795.000000,1758119400.0
1758119400.0,589.090027,589.549988,588.230103,588.438782,4844695.000000,1758123000.0
1758123000.0,588.440002,588.705017,587.989990,588.615723,3278586.000000,1758126600.0
1758126600.0,588.599976,588.599976,587.525024,588.349976,3684291.000000,1758130200.0
1758130200.0,588.359985,591.090027,585.520020,589.159973,13150466.000000,1758133800.0
1758133800.0,589.159973,591.750000,584.364990,591.239990,21604327.000000,1758137400.0
1758137400.0,591.200012,591.669983,589.270020,589.929993,10198395.000000,1758141000.0
1758202200.0,594.909973,597.482483,593.070007,597.450012,18517034.000000,1758205800.0
1758205800.0,597.440002,598.130005,596.159973,597.340027,9918512.000000,1758209400.0
1758209400.0,597.349976,597.900024,595.900024,597.069275,6762573.000000,1758213000.0
1758213000.0,597.070007,597.684998,596.859985,596.869995,4544843.000000,1758216600.0
1758216600.0,596.880005,596.945007,595.934998,596.285095,5422620.000000,1758220200.0
1758220200.0,596.289978,596.950012,595.780029,595.885010,4273396.000000,1758223800.0
1758223800.0,595.880005,596.119995,595.289978,595.369995,7270667.000000,1758227400.0
1758288600.0,597.289978,598.419983,596.554993,597.629883,12235891.000000,1758292200.0
1758292200.0,597.619995,597.788025,596.109985,596.320007,10704460.000000,1758295800.0
1758295800.0,596.280029,598.510010,595.859985,598.429993,9444307.000000,1758299400.0
1758299400.0,598.419983,598.818115,597.914429,598.125000,3974332.000000,1758303000.0
1758303000.0,598.114990,598.679993,598.075012,598.229980,3127616.000000,1758306600.0
1758306600.0,598.229980,599.250000,598.119995,599.020020,5652580.000000,1758310200.0
1758310200.0,599.020020,600.049988,598.710022,599.460022,7695367.000000,1758313800.0
1758547800.0,597.739990,599.970093,597.739990,599.930115,12800375.000000,1758551400.0
1758551400.0,599.929993,600.719971,599.611511,600.320007,6762260.000000,1758555000.0
1758555000.0,600.320007,601.629883,599.770020,601.565002,11839575.000000,1758558600.0
1758558600.0,601.578003,602.070007,601.490112,601.934998,5585008.000000,1758562200.0
1758562200.0,601.934998,602.525024,601.679993,602.419983,4651616.000000,1758565800.0
1758565800.0,602.419983,602.869995,602.270020,602.635010,5453162.000000,1758569400.0
1758569400.0,602.640015,602.690002,602.000000,602.239990,6301691.000000,1758573000.0
1758634200.0,602.349976,602.565002,600.619995,601.190002,4806052.000000,1758637800.0
1758637800.0,601.210022,601.700012,600.674988,601.299927,4097335.000000,1758641400.0
1758641400.0,601.299988,601.385010,600.260010,600.650085,2634298.000000,1758645000.0
1758645000.0,600.650024,601.145020,599.059998,599.135010,3400325.000000,1758648600.0
1758648600.0,599.090027,599.380005,596.989990,597.750000,5596761.000000,1758652200.0
1758652200.0,597.729980,598.340027,597.099976,597.510986,30007326.000000,1758655800.0
1758655800.0,597.539978,598.460022,597.510010,598.159973,7795633.000000,1758659400.0
1758720600.0,599.570007,599.900024,597.140015,597.929993,5233043.000000,1758724200.0
1758724200.0,597.890015,598.205017,596.940186,597.354980,2339556.000000,1758727800.0
1758727800.0,597.359985,597.364990,593.369995,595.049988,6063201.000000,1758731400.0
1758731400.0,595.059998,596.099976,594.599976,595.860107,2488146.000000,1758735000.0
1758735000.0,595.898010,596.429993,594.690002,595.109985,2190566.000000,1758738600.0
1758738600.0,595.205627,596.100708,595.059998,595.659973,1881238.000000,1758742200.0
1758742200.0,595.669983,596.299988,595.109985,596.059998,1928448.000000,1758745800.0
1758807000.0,592.200012,593.789978,588.500000,593.239990,9465041.000000,1758810600.0
1758810600.0,593.250000,594.138977,592.400024,592.750000,4215648.000000,1758814200.0
1758814200.0,592.799988,595.114990,592.789978,593.570007,3095315.000000,1758817800.0
1758817800.0,593.570007,594.505005,591.929993,592.679993,2678836.000000,1758821400.0
1758821400.0,592.669983,592.919983,589.270020,592.349976,4393587.000000,1758825000.0
1758825000.0,592.330017,593.739990,592.020020,592.960022,3475829.000000,1758828600.0
1758828600.0,592.979980,593.849976,592.585022,593.549988,2198655.000000,1758832200.0
1758893400.0,594.349976,596.200012,591.059998,592.210022,6334623.000000,1758897000.0
1758897000.0,592.250000,594.010010,591.549988,593.770020,3642256.000000,1758900600.0
1758900600.0,593.770020,594.945007,592.280029,594.489990,2664880.000000,1758904200.0
1758904200.0,594.479980,595.808594,594.020020,595.630005,2532922.000000,1758907800.0
1758907800.0,595.630005,596.109985,594.570007,595.760010,2182244.000000,1758911400.0
1758911400.0,595.799988,596.299988,595.510010,596.030029,1681084.000000,1758915000.0
1758915000.0,596.030029,596.270020,595.404480,596.049988,2076500.000000,1758918600.0
1759152600.0,599.140015,602.039978,599.049988,601.604980,5708923.000000,1759156200.0
1759156200.0,601.604980,601.719971,599.369995,599.484985,2788045.000000,1759159800.0
1759159800.0,599.479980,599.630127,598.511292,599.049988,2837830.000000,1759163400.0
1759163400.0,599.059998,599.469971,597.919983,598.679993,1709158.000000,1759167000.0
1759167000.0,598.690002,599.549988,598.280029,599.330688,1738080.000000,1759170600.0
1759170600.0,599.335022,599.419983,597.409973,598.064392,2145965.000000,1759174200.0
1759174200.0,598.059998,599.059998,597.885010,598.750000,2617030.000000,1759177800.0
1759239000.0,598.419983,598.669983,596.099976,597.530029,4534773.000000,1759242600.0
1759242600.0,597.510010,599.409973,596.799988,597.434998,2914304.000000,1759246200.0
1759246200.0,597.440002,598.960022,597.030029,598.134888,2228721.000000,1759249800.0
1759249800.0,598.231323,598.489990,596.333130,596.701904,2465564.000000,1759253400.0
1759253400.0,596.700012,598.759888,596.330017,598.609985,2192023.000000,1759257000.0
1759257000.0,598.569885,599.528015,598.330017,599.420105,2175450.000000,1759260600.0
1759260600.0,599.429993,600.710022,598.844971,600.299988,3027056.000000,1759264200.0
1759325400.0,597.169983,600.349976,596.340027,600.119995,6093555.000000,1759329000.0
1759329000.0,600.179993,601.020020,599.909973,600.309998,3010897.000000,1759332600.0
1759332600.0,600.330017,601.690002,600.320007,601.575012,1887447.000000,1759336200.0
1759336200.0,601.609985,602.690002,601.244995,602.525024,1819191.000000,1759339800.0
1759339800.0,602.557983,603.500000,602.080017,603.250000,20172431.000000,1759343400.0
1759343400.0,603.230103,603.780029,603.145020,603.531616,4376992.000000,1759347000.0
1759347000.0,603.530029,603.789978,603.039978,603.289978,6446642.000000,1759350600.0
1759411800.0,607.059998,607.114990,603.450012,604.955017,12377730.000000,1759415400.0
1759415400.0,604.950012,605.280029,602.929993,604.119995,6265143.000000,1759419000.0
1759419000.0,604.090027,605.080017,603.140015,604.590027,4295820.000000,1759422600.0
1759422600.0,604.580017,605.450012,603.969971,605.230103,3513525.000000,1759426200.0
1759426200.0,605.230713,605.880005,605.049988,605.690002,3196334.000000,1759429800.0
1759429800.0,605.679993,606.109985,605.479980,606.059875,2851405.000000,1759433400.0
1759433400.0,606.034973,606.150024,605.294983,605.690002,4890505.000000,1759437000.0
1759498200.0,606.575012,607.320007,604.520020,605.479919,9549058.000000,1759501800.0
1759501800.0,605.429993,606.705322,605.190002,606.490112,4640793.000000,1759505400.0
1759505400.0,606.469971,607.015015,605.880005,606.719971,4398219.000000,1759509000.0
1759509000.0,606.700012,606.760010,603.780029,603.900024,6246549.000000,1759512600.0
1759512600.0,603.849976,604.650024,601.385010,604.130127,9300418.000000,1759516200.0
1759516200.0,604.159973,604.229980,602.744995,603.340027,4810378.000000,1759519800.0
1759519800.0,603.340027,603.859985,602.770020,603.155029,4935942.000000,1759523400.0
1759757400.0,608.440002,608.609985,606.099976,606.744995,12380387.000000,1759761000.0
1759761000.0,606.739990,607.559998,605.969971,607.198608,4735780.000000,1759764600.0
1759764600.0,607.200012,608.494995,607.134399,608.169983,4334288.000000,1759768200.0
1759768200.0,608.184998,608.869995,607.710022,608.625000,3581696.000000,1759771800.0
1759771800.0,608.625000,609.079285,608.320007,608.950012,3531846.000000,1759775400.0
1759775400.0,608.955017,609.359985,608.539978,608.664001,3265962.000000,1759779000.0
1759779000.0,608.659973,608.799988,607.625000,607.710022,7298431.000000,1759782600.0
1759843800.0,609.015015,609.710022,608.340027,608.479980,11393157.000000,1759847400.0
1759847400.0,608.500000,608.900024,604.669983,605.210022,11663983.000000,1759851000.0
1759851000.0,605.169983,605.289978,603.049988,604.330017,12595151.000000,1759854600.0
1759854600.0,604.289978,605.630005,603.719971,604.625000,5329988.000000,1759858200.0
1759858200.0,604.590027,604.789978,603.210022,604.210022,4981274.000000,1759861800.0
1759861800.0,604.229980,604.799988,604.070007,604.226013,3432551.000000,1759865400.0
1759865400.0,604.210022,605.119995,604.059998,604.469971,4223592.000000,1759869000.0
1759930200.0,605.304993,608.940125,605.284973,608.630005,13624271.000000,1759933800.0
1759933800.0,608.619995,609.349976,607.585022,609.099976,5892253.000000,1759937400.0
1759937400.0,609.080017,610.059998,608.940002,609.499207,4521323.000000,1759941000.0
1759941000.0,609.489990,609.849976,609.030029,609.843628,2949795.000000,1759944600.0
1759944600.0,609.859985,610.590027,609.705017,610.250000,6286073.000000,1759948200.0
1759948200.0,610.260010,611.049988,609.840027,610.949280,4614623.000000,1759951800.0
1759951800.0,610.940002,611.750000,610.739990,611.440002,8318985.000000,1759955400.0
1760016600.0,611.450012,611.609985,609.489990,609.640015,11389771.000000,1760020200.0
1760020200.0,609.619995,610.174988,608.229980,609.059998,6041585.000000,1760023800.0
1760023800.0,609.049988,610.190002,608.359985,609.710022,4402256.000000,1760027400.0
1760027400.0,609.719971,609.875000,607.680115,607.830017,6035168.000000,1760031000.0
1760031000.0,607.825012,609.250000,607.479980,608.739990,4785325.000000,1760034600.0
1760034600.0,608.747986,610.104980,608.539978,609.970825,4032005.000000,1760038200.0
1760038200.0,609.960022,610.750000,609.929993,610.710022,6365227.000000,1760041800.0
1760103000.0,611.409973,613.179993,610.979980,611.895020,10675024.000000,1760106600.0
1760106600.0,611.929993,612.419006,599.100098,599.565002,19346205.000000,1760110200.0
1760110200.0,599.469971,601.669983,595.929993,598.809998,17827341.000000,1760113800.0
1760113800.0,598.739990,599.909973,594.330017,597.044983,10673093.000000,1760117400.0
1760117400.0,596.940002,597.880493,595.271179,595.869995,7402784.000000,1760121000.0
1760121000.0,595.880005,596.340027,592.159973,592.601013,8236593.000000,1760124600.0
1760124600.0,592.659973,593.239990,589.049988,589.479980,13112149.000000,1760128200.0
1760362200.0,599.679993,601.739990,597.229980,599.630005,24505863.000000,1760365800.0
1760365800.0,599.650024,601.150024,597.684204,600.895630,9240069.000000,1760369400.0
1760369400.0,600.900024,602.179993,600.299988,601.659973,5951054.000000,1760373000.0
1760373000.0,601.669983,602.830017,601.150024,601.539978,6268258.000000,1760376600.0
1760376600.0,601.580017,602.729980,601.160095,602.659973,3468352.000000,1760380200.0
1760380200.0,602.690002,602.950012,601.030029,601.809021,4845532.000000,1760383800.0
1760383800.0,601.789978,602.669922,601.650024,602.044983,6699910.000000,1760387400.0
1760448600.0,595.188477,597.375000,590.130005,597.299988,19348805.000000,1760452200.0
1760452200.0,597.289978,598.390015,596.039978,596.829895,8264651.000000,1760455800.0
1760455800.0,596.880005,601.020020,596.799988,600.869995,9120138.000000,1760459400.0
1760459400.0,600.867981,602.690002,600.534973,602.169983,7243550.000000,1760463000.0
1760463000.0,602.200012,602.370117,601.049988,601.880005,5021109.000000,1760466600.0
1760466600.0,601.880005,602.159973,601.080017,601.539978,4669301.000000,1760470200.0
1760470200.0,601.539978,601.559998,596.369995,598.049988,10875463.000000,1760473800.0
1760535000.0,604.010010,606.669983,601.510010,606.390015,16325002.000000,1760538600.0
1760538600.0,606.440002,606.700012,605.099976,605.215576,6464275.000000,1760542200.0
1760542200.0,605.179993,605.369995,601.025024,603.028381,9661848.000000,1760545800.0
1760545800.0,603.030029,603.205017,595.940002,597.960022,10690128.000000,1760549400.0
1760549400.0,597.955017,602.109985,597.724976,601.369995,6702669.000000,1760553000.0
1760553000.0,601.349976,602.989990,601.260010,602.580078,4250964.000000,1760556600.0
1760556600.0,602.619995,602.739990,600.289978,602.159973,5671060.000000,1760560200.0
1760621400.0,605.090027,607.020020,604.369995,605.960022,13733817.000000,1760625000.0
1760625000.0,605.979980,608.309998,604.489990,604.946228,8159593.000000,1760628600.0
1760628600.0,604.859985,605.770020,600.900024,601.075012,9887252.000000,1760632200.0
1760632200.0,601.070007,603.190002,597.640015,602.420105,11730758.000000,1760635800.0
1760635800.0,602.393005,603.039978,595.950012,596.799988,8110725.000000,1760639400.0
1760639400.0,596.799988,599.690002,595.500000,597.700012,8874635.000000,1760643000.0
1760643000.0,597.700012,600.330017,597.039978,599.989990,6676171.000000,1760646600.0
1760707800.0,597.219971,603.320007,596.369995,602.070007,19483057.000000,1760711400.0
1760711400.0,602.099976,602.184998,597.020020,597.869995,13915395.000000,1760715000.0
1760715000.0,597.900024,603.179321,596.424011,602.999878,9856519.000000,1760718600.0
1760718600.0,602.950012,603.580017,600.119995,600.860107,6822241.000000,1760722200.0
1760722200.0,600.880005,604.940002,600.239990,604.599976,7655506.000000,1760725800.0
1760725800.0,604.609985,605.510010,603.690002,604.839905,4675503.000000,1760729400.0
1760729400.0,604.820007,604.830017,603.719971,603.880005,5946566.000000,1760733000.0
1760967000.0,607.140015,611.140015,607.060120,611.099121,13519255.000000,1760970600.0
1760970600.0,611.099976,612.169983,610.700012,611.989990,6842093.000000,1760974200.0
1760974200.0,612.051697,612.580017,611.400024,611.729980,5854081.000000,1760977800.0
1760977800.0,611.770020,612.719971,611.270020,612.369995,3940921.000000,1760981400.0
1760981400.0,612.371399,612.799988,612.239990,612.390015,3087700.000000,1760985000.0
1760985000.0,612.400024,612.434998,611.442993,612.039978,4061352.000000,1760988600.0
1760988600.0,612.039978,612.349976,611.510010,611.539978,4659546.000000,1760992200.0
1761053400.0,611.630005,611.715027,609.359985,609.734985,12277423.000000,1761057000.0
1761057000.0,609.739990,611.719910,609.330017,611.038696,7201298.000000,1761060600.0
1761060600.0,611.049988,612.609985,610.604980,612.479980,4943769.000000,1761064200.0
1761064200.0,612.491882,612.721313,610.380005,611.200012,6253082.000000,1761067800.0
1761067800.0,611.210022,612.190002,610.929993,611.960022,3318416.000000,1761071400.0
1761071400.0,611.965820,612.200012,611.525024,611.815002,3329453.000000,1761075000.0
1761075000.0,611.809998,612.429993,611.270020,611.409973,4323077.000000,1761078600.0
1761139800.0,610.820007,611.409973,607.250000,607.419983,12779526.000000,1761143400.0
1761143400.0,607.429993,609.799988,604.979980,605.109985,10536090.000000,1761147000.0
1761147000.0,605.119995,607.559998,604.494995,605.135010,7620604.000000,1761150600.0
1761150600.0,605.150024,605.700012,601.299988,602.270020,9183666.000000,1761154200.0
1761154200.0,602.200012,603.049988,599.739990,602.409973,7566904.000000,1761157800.0
1761157800.0,602.400024,604.880005,601.780029,604.679321,6066128.000000,1761161400.0
1761161400.0,604.669983,605.840027,604.659973,605.409973,4452661.000000,1761165000.0
1761226200.0,604.900024,608.830017,604.549988,608.020020,13297042.000000,1761229800.0
1761229800.0,608.039917,609.250000,607.760010,608.809998,4635768.000000,1761233400.0
1761233400.0,608.849976,609.938782,607.400024,609.320007,4815579.000000,1761237000.0
1761237000.0,609.309998,610.409973,609.070007,609.479980,3949952.000000,1761240600.0
1761240600.0,609.474976,611.299988,609.429993,611.150024,4601726.000000,1761244200.0
1761244200.0,611.155029,611.369995,610.614990,611.145020,3205120.000000,1761247800.0
1761247800.0,611.140015,611.140015,610.080017,610.619995,3582107.000000,1761251400.0
1761312600.0,615.989990,617.900024,615.138000,616.765015,14200332.000000,1761316200.0
1761316200.0,616.729980,617.830017,615.179993,617.580017,7003670.000000,1761319800.0
1761319800.0,617.630005,618.200012,616.859985,617.665588,4749402.000000,1761323400.0
1761323400.0,617.669983,618.270020,617.280029,617.919983,3770980.000000,1761327000.0
1761327000.0,617.900024,618.409973,617.622681,617.880005,3622452.000000,1761330600.0
1761330600.0,617.895020,618.405029,617.500000,618.250000,4888690.000000,1761334200.0
1761334200.0,618.265015,618.289978,616.750000,617.000000,6683062.000000,1761337800.0
1761571800.0,624.500000,625.940002,624.039978,625.794983,13414817.000000,1761575400.0
1761575400.0,625.780029,626.580017,625.390015,626.510010,6960315.000000,1761579000.0
1761579000.0,626.510010,626.830017,626.289978,626.640015,4945094.000000,1761582600.0
1761582600.0,626.640015,626.975586,626.381470,626.590027,4590096.000000,1761586200.0
1761586200.0,626.599976,627.390015,626.479980,627.289978,4819196.000000,1761589800.0
1761589800.0,627.289978,627.684998,627.070007,627.219971,5779143.000000,1761593400.0
1761593400.0,627.219971,628.549988,627.160095,628.080017,9452423.000000,1761597000.0
1761658200.0,630.320007,631.280029,629.770020,630.200012,13927784.000000,1761661800.0
1761661800.0,630.190002,630.390015,629.280029,630.155029,4794536.000000,1761665400.0
1761665400.0,630.155029,631.359985,629.250000,631.294983,5012446.000000,1761669000.0
1761669000.0,631.294983,632.580017,630.969971,632.125000,10445676.000000,1761672600.0
1761672600.0,632.140015,633.559998,632.065002,633.450012,7867389.000000,1761676200.0
1761676200.0,633.450012,634.669983,633.339783,634.549988,5838904.000000,1761679800.0
1761679800.0,634.559998,634.679993,632.859985,632.890015,7743011.000000,1761683400.0
1761744600.0,635.590027,637.010010,635.309998,636.320007,14952284.000000,1761748200.0
1761748200.0,636.320007,636.578491,634.880005,635.265015,6352052.000000,1761751800.0
1761751800.0,635.265015,635.390015,634.039307,635.140015,6317811.000000,1761755400.0
1761755400.0,635.150024,635.590027,634.429993,634.684998,5098641.000000,1761759000.0
1761759000.0,634.630005,636.049988,634.059998,635.070007,5950249.000000,1761762600.0
1761762600.0,635.109985,635.940002,630.250000,633.729980,17687960.000000,1761766200.0
1761766200.0,633.750000,635.969971,632.700012,635.900024,7122013.000000,1761769800.0
1761831000.0,632.169983,633.500000,627.760010,629.640015,11923388.000000,1761834600.0
1761834600.0,629.619995,631.520020,628.669983,630.559875,4695383.000000,1761838200.0
1761838200.0,630.570007,631.500000,628.369995,631.159973,3617307.000000,1761841800.0
1761841800.0,631.169983,631.184387,629.179993,630.650024,3064498.000000,1761845400.0
1761845400.0,630.659973,631.000000,628.800110,629.119995,2438353.000000,1761849000.0
1761849000.0,629.190002,629.755615,626.330200,627.400024,3759327.000000,1761852600.0
1761852600.0,627.429993,628.244995,626.000000,626.000000,4304099.000000,1761856200.0
1761917400.0,634.169983,634.169983,630.849976,631.910095,8988781.000000,1761921000.0
1761921000.0,631.929993,633.750000,631.780029,632.659973,4436577.000000,1761924600.0
1761924600.0,632.650024,633.140015,628.280029,629.479309,5446546.000000,1761928200.0
1761928200.0,629.489990,630.260010,626.791382,627.190002,5367720.000000,1761931800.0
1761931800.0,627.200012,629.750000,626.690002,629.609985,4351216.000000,1761935400.0
1761935400.0,629.619995,631.679993,628.690002,631.450012,25977970.000000,1761939000.0
1761939000.0,631.455017,632.239990,629.190002,629.190002,8726600.000000,1761942600.0
1762180200.0,635.119995,635.820007,630.289978,630.529907,6480473.000000,1762183800.0
1762183800.0,630.520020,632.179993,629.849976,630.695007,3392251.000000,1762187400.0
1762187400.0,630.690002,632.919983,630.505005,631.900024,2752050.000000,1762191000.0
1762191000.0,631.909973,633.309998,631.875000,632.815125,1726904.000000,1762194600.0
1762194600.0,632.830017,633.419983,631.559998,631.750000,1796636.000000,1762198200.0
1762198200.0,631.739990,632.475586,631.035583,631.840027,1756720.000000,1762201800.0
1762201800.0,631.859985,632.119995,631.188477,632.090027,2086422.000000,1762205400.0
1762266600.0,623.280029,626.950012,621.368713,626.229980,10214445.000000,1762270200.0
1762270200.0,626.219971,626.849976,623.190002,623.978027,4096303.000000,1762273800.0
1762273800.0,623.989990,624.580017,620.889893,622.539917,4001783.000000,1762277400.0
1762277400.0,622.534973,622.950012,620.150024,620.482727,3318011.000000,1762281000.0
1762281000.0,620.479980,621.969971,619.909973,621.299988,3576445.000000,1762284600.0
1762284600.0,621.260010,621.419983,619.239990,620.299988,3717719.000000,1762288200.0
1762288200.0,620.320007,620.830017,618.455017,619.219971,6118589.000000,1762291800.0
1762353000.0,618.489990,622.739990,617.210022,622.039978,9119729.000000,1762356600.0
1762356600.0,622.039978,623.460022,621.349915,623.349976,3886544.000000,1762360200.0
1762360200.0,623.349976,624.640015,623.000000,624.450012,2446493.000000,1762363800.0
1762363800.0,624.450012,625.544983,624.359985,625.429993,1648444.000000,1762367400.0
1762367400.0,625.419983,626.479980,625.289978,626.010010,2091280.000000,1762371000.0
1762371000.0,626.005005,626.599976,625.409973,625.544800,2224034.000000,1762374600.0
1762374600.0,625.544983,625.544983,623.059998,623.390015,3903151.000000,1762378200.0
1762439400.0,621.799988,622.039978,615.299988,617.719971,10641855.000000,1762443000.0
1762443000.0,617.729980,617.909973,612.210022,613.570007,7707667.000000,1762446600.0
1762446600.0,613.539978,613.539978,610.309998,611.450012,6137753.000000,1762450200.0
1762450200.0,611.419983,614.150024,610.989990,613.344971,5490458.000000,1762453800.0
1762453800.0,613.340027,616.094971,612.969971,615.950073,4391199.000000,1762457400.0
1762457400.0,615.950012,616.130005,613.969971,614.059998,3173757.000000,1762461000.0
1762461000.0,614.070007,614.479980,610.950012,611.700012,4897681.000000,1762464600.0
1762525800.0,608.320007,608.320007,602.859985,604.950012,11633298.000000,1762529400.0
1762529400.0,604.929993,605.235596,600.164978,600.750000,6991286.000000,1762533000.0
1762533000.0,600.729980,602.409973,598.669983,601.659973,6020547.000000,1762536600.0
1762536600.0,601.604980,603.854980,599.859985,603.780029,4893957.000000,1762540200.0
1762540200.0,603.799988,604.880005,602.270020,604.609985,4466216.000000,1762543800.0
1762543800.0,604.590027,608.809998,604.590027,607.080017,7100335.000000,1762547400.0
1762547400.0,607.094971,609.940002,607.070007,609.760010,4901656.000000,1762551000.0
1762785000.0,618.890015,622.039978,618.609985,621.465027,8454383.000000,1762788600.0
1762788600.0,621.479980,621.979980,617.369995,617.610107,5558495.000000,1762792200.0
1762792200.0,617.609985,619.869995,616.895020,619.240723,3266029.000000,1762795800.0
1762795800.0,619.280029,621.809998,619.280029,621.192017,3302984.000000,1762799400.0
1762799400.0,621.239990,622.760010,621.219971,622.520020,2305887.000000,1762803000.0
1762803000.0,622.520020,623.549988,622.289978,623.085022,3276998.000000,1762806600.0
1762806600.0,623.080017,624.289978,622.809998,623.190002,3751161.000000,1762810200.0
1762871400.0,620.570007,621.570007,618.820007,619.119995,6875393.000000,1762875000.0
1762875000.0,619.140015,620.229980,617.690002,618.309998,4090251.000000,1762878600.0
1762878600.0,618.330017,620.349976,617.520020,619.552490,3761211.000000,1762882200.0
1762882200.0,619.580017,622.159973,619.509888,621.449890,2864351.000000,1762885800.0
1762885800.0,621.450012,622.719971,620.606995,621.929993,3083055.000000,1762889400.0
1762889400.0,621.945007,622.389709,621.520020,621.840027,2056277.000000,1762893000.0
1762893000.0,621.840027,622.599976,620.890320,621.513000,3132995.000000,1762896600.0
1762957800.0,624.840027,624.840027,619.599976,620.809998,7565016.000000,1762961400.0
1762961400.0,620.820007,621.020020,617.979980,620.031311,4669341.000000,1762965000.0
1762965000.0,620.030029,620.659973,617.809998,619.429993,3217817.000000,1762968600.0
1762968600.0,619.409973,621.179993,619.312012,620.744995,2854769.000000,1762972200.0
1762972200.0,620.730103,621.405029,619.719971,620.020020,16949758.000000,1762975800.0
1762975800.0,620.030029,620.609985,619.159973,620.539978,0.000000,1762979400.0
1762979400.0,620.549988,621.700012,620.289978,621.080017,2577000.000000,1762983000.0
1763044200.0,617.565002,618.119995,612.840027,615.309998,8429287.000000,1763047800.0
1763047800.0,615.320007,615.349976,610.440002,611.469971,6470373.000000,1763051400.0
1763051400.0,611.400024,612.409973,609.679993,611.669983,5833502.000000,1763055000.0
1763055000.0,611.630005,612.179993,607.510010,607.809998,4564345.000000,1763058600.0
1763058600.0,607.799988,609.070007,606.320007,608.979980,4978322.000000,1763062200.0
1763062200.0,608.979980,609.250000,606.085510,607.789978,5117474.000000,1763065800.0
1763065800.0,607.799988,609.530029,606.830017,608.291016,5699092.000000,1763069400.0
1763130600.0,599.549988,606.929993,597.169983,606.479980,15481766.000000,1763134200.0
1763134200.0,606.520020,612.739990,605.719971,612.080017,7650116.000000,1763137800.0
1763137800.0,612.119995,613.349976,610.549988,612.630005,5190762.000000,1763141400.0
1763141400.0,612.630005,613.130005,609.190002,610.270020,4576313.000000,1763145000.0
1763145000.0,610.229980,611.604980,608.380005,611.174988,3720209.000000,1763148600.0
1763148600.0,611.169983,612.340027,609.250000,609.692017,3693531.000000,1763152200.0
1763152200.0,609.669983,610.210022,607.979980,608.809998,4730003.000000,1763155800.0
1763389800.0,606.280029,612.479980,605.239990,609.679993,8810686.000000,1763393400.0
1763393400.0,609.650024,610.109985,605.039978,608.046021,5666970.000000,1763397000.0
1763397000.0,608.059998,611.169983,607.929993,609.950012,4154416.000000,1763400600.0
1763400600.0,609.960022,610.309998,605.260010,605.940002,4009176.000000,1763404200.0
1763404200.0,605.880005,607.590027,602.111511,603.130005,4343930.000000,1763407800.0
1763407800.0,603.130005,603.554993,599.869995,601.239990,5201960.000000,1763411400.0
1763411400.0,601.229980,603.729980,600.559998,603.640015,4915795.000000,1763415000.0
1763476200.0,599.619995,602.309998,592.590027,595.359985,17039896.000000,1763479800.0
1763479800.0,595.380005,598.325073,591.340027,597.869995,9815577.000000,1763483400.0
1763483400.0,597.869995,599.049988,594.963013,595.129211,5942777.000000,1763487000.0
1763487000.0,595.080017,601.349976,594.099976,599.799927,5448234.000000,1763490600.0
1763490600.0,599.799988,601.630005,598.950012,599.400024,3967332.000000,1763494200.0
1763494200.0,599.429993,601.789978,597.840027,598.989990,4251791.000000,1763497800.0
1763497800.0,598.950012,599.349976,596.200012,596.309998,3956813.000000,1763501400.0
1763562600.0,597.070007,606.159973,596.150024,605.359924,10301103.000000,1763566200.0
1763566200.0,605.359985,605.719971,598.270020,599.400024,7886741.000000,1763569800.0
1763569800.0,599.409973,599.809998,596.349976,597.570007,5219288.000000,1763573400.0
1763573400.0,597.530029,598.905029,594.590027,596.750000,4352911.000000,1763577000.0
1763577000.0,596.750000,599.609985,596.260010,596.640015,4272993.000000,1763580600.0
1763580600.0,596.640015,601.739990,596.099976,600.909973,4352247.000000,1763584200.0
1763584200.0,600.934998,602.339905,598.900085,599.809998,3406006.000000,1763587800.0
1763649000.0,611.630005,613.789978,610.109985,612.780029,12745830.000000,1763652600.0
1763652600.0,612.780029,614.020020,603.840027,604.289978,10359188.000000,1763656200.0
1763656200.0,604.299988,604.830017,590.929993,593.229980,14721991.000000,1763659800.0
1763659800.0,593.190002,596.890076,589.830017,594.489990,12723650.000000,1763663400.0
1763663400.0,594.460022,595.030029,587.340027,590.780029,7908997.000000,1763667000.0
1763667000.0,590.739990,592.099976,588.219971,589.429993,6467009.000000,1763670600.0
1763670600.0,589.440002,589.900024,584.750000,585.559998,5471749.000000,1763674200.0
1763735400.0,587.510010,589.770020,583.169983,583.599976,30078084.000000,1763739000.0
1763739000.0,583.609985,586.844971,580.739990,586.780029,0.000000,1763742600.0
1763742600.0,586.770020,592.054993,585.940002,591.239990,9403428.000000,1763746200.0
1763746200.0,591.229980,592.609985,587.469971,588.940002,4533199.000000,1763749800.0
1763749800.0,588.940002,596.979980,588.559998,596.580017,6441753.000000,1763753400.0
1763753400.0,596.590027,596.900024,591.950012,591.960022,4654642.000000,1763757000.0
1763757000.0,591.929993,593.525024,589.440002,590.150024,5481306.000000,1763760600.0
1763994600.0,595.239990,601.260010,595.159973,600.520020,9893110.000000,1763998200.0
1763998200.0,600.494995,603.959290,599.820007,603.549988,5057162.000000,1764001800.0
1764001800.0,603.520020,604.210022,602.679993,604.020020,3419792.000000,1764005400.0
1764005400.0,604.010010,605.699890,603.960022,605.159973,3171111.000000,1764009000.0
1764009000.0,605.150024,605.890015,604.739990,605.205017,2565005.000000,1764012600.0
1764012600.0,605.229980,605.909973,604.239990,605.299988,3461712.000000,1764016200.0
1764016200.0,605.270020,606.679993,605.059998,605.289978,4685378.000000,1764019800.0
1764081000.0,603.494995,604.000000,597.330017,601.660583,11701031.000000,1764084600.0
1764084600.0,601.640015,604.099976,601.210083,603.419983,5025624.000000,1764088200.0
1764088200.0,603.409973,607.369995,603.099976,606.750000,3902458.000000,1764091800.0
1764091800.0,606.739990,608.419983,606.380005,607.515015,3526600.000000,1764095400.0
1764095400.0,607.525024,608.169983,605.869995,606.520081,2394186.000000,1764099000.0
1764099000.0,606.559998,608.250000,605.469971,608.125000,3140367.000000,1764102600.0
1764102600.0,608.140015,610.260071,608.108704,608.900024,3798258.000000,1764106200.0
1764167400.0,612.500000,613.896606,610.400024,611.719971,6599431.000000,1764171000.0
1764171000.0,611.820007,615.309814,611.780029,614.930115,3602827.000000,1764174600.0
1764174600.0,615.010010,616.190002,614.591003,615.304993,2803753.000000,1764178200.0
1764178200.0,615.309998,616.059998,613.950012,615.520020,2675642.000000,1764181800.0
1764181800.0,615.525024,615.549988,614.049988,615.469971,1846827.000000,1764185400.0
1764185400.0,615.479980,615.849976,614.590027,615.510071,2088816.000000,1764189000.0
1764189000.0,615.510010,615.630005,614.270020,614.309998,3129325.000000,1764192600.0
1764340200.0,616.109985,617.580017,615.417419,616.309998,4418452.000000,1764343800.0
1764343800.0,616.309998,617.940002,616.085022,616.780029,2616470.000000,1764347400.0
1764347400.0,616.780029,618.000000,616.419983,617.520020,2822927.000000,1764351000.0
1764599400.0,613.630005,616.851318,612.520020,615.289978,8081344.000000,1764603000.0
1764603000.0,615.309998,617.608704,613.948730,616.679993,3615659.000000,1764606600.0
1764606600.0,616.679993,618.750000,616.659973,618.423279,2339406.000000,1764610200.0
1764610200.0,618.419983,619.440125,618.130005,618.649902,1758817.000000,1764613800.0
1764613800.0,618.690002,619.359985,616.919800,617.020020,2207952.000000,1764617400.0
1764617400.0,617.030029,617.500000,616.062012,617.148071,2555938.000000,1764621000.0
1764621000.0,617.169983,617.659973,616.299988,617.190002,3179447.000000,1764624600.0
1764685800.0,619.460022,623.340027,618.979980,621.396301,8607562.000000,1764689400.0
1764689400.0,621.390015,623.750000,618.270020,618.679993,7217260.000000,1764693000.0
1764693000.0,618.659973,622.405029,617.590027,622.190002,5005602.000000,1764696600.0
1764696600.0,622.190002,622.619995,619.575012,621.179993,3319331.000000,1764700200.0
1764700200.0,621.130005,622.320007,620.380005,621.719971,2966698.000000,1764703800.0
1764703800.0,621.710022,623.109985,621.570007,622.885010,2944037.000000,1764707400.0
1764707400.0,622.885010,623.219971,621.859985,622.070007,3555307.000000,1764711000.0
1764772200.0,619.599976,621.530029,618.039978,620.409973,7806591.000000,1764775800.0
1764775800.0,620.390015,622.280029,619.750000,621.340027,5507276.000000,1764779400.0
1764779400.0,621.359985,622.919983,620.469971,622.630005,4071067.000000,1764783000.0
1764783000.0,622.630005,623.080017,622.109985,622.809998,2242634.000000,1764786600.0
1764786600.0,622.830017,623.539978,622.710022,623.349976,2412204.000000,1764790200.0
1764790200.0,623.340027,624.219971,623.159973,624.152893,2602920.000000,1764793800.0
1764793800.0,624.140015,624.159973,623.150024,623.530029,3097795.000000,1764797400.0
1764858600.0,624.799988,624.799988,620.320007,622.000000,8526009.000000,1764862200.0
1764862200.0,622.020020,623.190002,619.960022,621.820007,4832741.000000,1764865800.0
1764865800.0,621.809998,623.469971,621.380188,622.269897,3666928.000000,1764869400.0
1764869400.0,622.270020,622.880005,621.630005,622.765015,2581176.000000,1764873000.0
1764873000.0,622.760010,623.020020,619.539978,620.594177,3524610.000000,1764876600.0
1764876600.0,620.599976,622.489990,620.409973,621.320007,3548969.000000,1764880200.0
1764880200.0,621.339722,623.000000,621.270020,622.859985,17297260.000000,1764883800.0
1764945000.0,624.369995,628.919983,624.239990,628.179993,9146428.000000,1764948600.0
1764948600.0,628.179993,628.765015,624.500000,624.839905,6860244.000000,1764952200.0
1764952200.0,624.840027,626.359985,623.710022,624.759888,4455632.000000,1764955800.0
1764955800.0,624.770020,626.020020,624.020020,625.950012,3301855.000000,1764959400.0
1764959400.0,625.945801,626.280029,625.059875,625.419983,2434676.000000,1764963000.0
1764963000.0,625.429993,625.940002,624.950012,625.500000,2268732.000000,1764966600.0
1764966600.0,625.489990,625.835022,624.320007,625.530029,3116989.000000,1764970200.0
1765204200.0,627.150024,628.840027,623.940002,624.989990,6766443.000000,1765207800.0
1765207800.0,624.989990,625.549988,623.210022,624.070007,4527671.000000,1765211400.0
1765211400.0,624.059998,624.250000,622.369995,622.963989,9968387.000000,1765215000.0
1765215000.0,622.965027,624.869995,622.838196,623.270020,0.000000,1765218600.0
1765218600.0,623.229980,623.539978,621.690002,622.485779,3187088.000000,1765222200.0
1765222200.0,622.479980,623.059998,622.099976,622.890015,2277512.000000,1765225800.0
1765225800.0,622.900024,624.270020,622.280029,624.179993,2619789.000000,1765229400.0
1765290600.0,624.280029,624.280029,621.619995,623.969971,9135070.000000,1765294200.0
1765294200.0,624.000000,625.260010,623.479980,624.770020,0.000000,1765297800.0
1765297800.0,624.799988,625.809998,624.270020,625.215027,2844181.000000,1765301400.0
1765301400.0,625.215027,625.780029,624.780029,625.650024,2061231.000000,1765305000.0
1765305000.0,625.640015,625.869995,624.809875,625.280029,2193478.000000,1765308600.0
1765308600.0,625.280029,625.419983,624.630005,624.979980,1972074.000000,1765312200.0
1765312200.0,624.960022,625.549988,624.280029,625.109985,2468779.000000,1765315800.0
1765377000.0,623.840027,624.440002,621.919983,623.559998,5445587.000000,1765380600.0
1765380600.0,623.559998,623.938782,620.989990,623.849976,4301634.000000,1765384200.0
1765384200.0,623.820007,624.089722,622.940002,623.280029,2296151.000000,1765387800.0
1765387800.0,623.250000,624.669983,622.609985,622.871887,1885058.000000,1765391400.0
1765391400.0,622.859985,626.109985,622.590027,624.340027,5300211.000000,1765395000.0
1765395000.0,624.359985,629.200012,623.000000,628.409973,8809027.000000,1765398600.0
1765398600.0,628.419983,629.059998,627.354980,627.539978,22636148.000000,1765402200.0
1765463400.0,623.820007,623.955017,617.719971,622.770020,10969207.000000,1765467000.0
1765467000.0,622.770020,623.039978,619.309998,619.570007,6336198.000000,1765470600.0
1765470600.0,619.570007,623.680115,619.489990,622.890015,4863234.000000,1765474200.0
1765474200.0,622.890015,623.940002,622.300171,623.349976,2922460.000000,1765477800.0
1765477800.0,623.340027,625.270020,623.080017,625.179993,2908092.000000,1765481400.0
1765481400.0,625.179993,625.780029,624.630005,624.705017,2193183.000000,1765485000.0
1765485000.0,624.700012,625.719971,624.260010,625.619995,3095870.000000,1765488600.0
1765549800.0,621.869019,623.539978,616.155029,616.270020,11575455.000000,1765553400.0
1765553400.0,616.260010,618.250000,611.739990,613.940002,9521995.000000,1765557000.0
1765557000.0,613.930603,615.780029,611.359985,613.890015,6817979.000000,1765560600.0
1765560600.0,613.890015,617.469971,613.179993,616.739990,4434091.000000,1765564200.0
1765564200.0,616.719971,616.830017,613.690002,613.960022,3299065.000000,1765567800.0
1765567800.0,613.979980,614.919983,613.450012,613.580017,3400472.000000,1765571400.0
1765571400.0,613.580017,613.880005,612.020020,613.599976,6084891.000000,1765575000.0
1765809000.0,617.750000,618.150024,609.320007,610.159973,9650459.000000,1765812600.0
1765812600.0,610.140015,614.900024,609.820007,614.619995,4555293.000000,1765816200.0
1765816200.0,614.635010,614.780029,611.380005,612.070007,3387389.000000,1765819800.0
1765819800.0,612.099976,612.979980,610.510010,610.849976,14652555.000000,1765823400.0
1765823400.0,610.840027,612.869995,610.429993,611.750000,0.000000,1765827000.0
1765827000.0,611.739990,612.229980,611.020020,611.349976,2188146.000000,1765830600.0
1765830600.0,611.359985,611.509888,610.409973,610.479980,2732630.000000,1765834200.0
1765895400.0,608.273987,612.479980,606.969971,608.500000,7763467.000000,1765899000.0
1765899000.0,608.489990,610.945007,607.380981,608.299988,4263980.000000,1765902600.0
1765902600.0,608.299988,611.200012,607.880005,609.280029,3399787.000000,1765906200.0
1765906200.0,609.250122,610.400024,606.910095,607.644104,3013476.000000,1765909800.0
1765909800.0,607.650024,611.130005,607.590027,609.534973,3275726.000000,1765913400.0
1765913400.0,609.530029,611.869995,609.340027,611.799988,2870342.000000,1765917000.0
1765917000.0,611.789978,613.510010,611.756592,611.799988,2987603.000000,1765920600.0
1765981800.0,613.090027,613.650024,608.890076,610.710022,8564983.000000,1765985400.0
1765985400.0,610.669983,611.029785,603.270020,604.739990,8475669.000000,1765989000.0
1765989000.0,604.700012,604.994995,602.719971,604.150024,5737522.000000,1765992600.0
1765992600.0,604.150024,605.150024,602.750000,603.409973,4047035.000000,1765996200.0
1765996200.0,603.414978,603.565002,601.570007,601.770020,4131817.000000,1765999800.0
1765999800.0,601.750000,602.825012,601.299988,602.039978,4396349.000000,1766003400.0
1766003400.0,602.049988,602.450012,600.280029,600.359985,4619597.000000,1766007000.0
1766068200.0,609.760010,611.159973,606.919983,610.829895,13010791.000000,1766071800.0
1766071800.0,610.820007,612.929993,610.460022,611.539978,7042260.000000,1766075400.0
1766075400.0,611.530029,612.919983,607.510010,608.599976,7361216.000000,1766079000.0
1766079000.0,608.590027,612.054993,608.270020,611.739990,4171049.000000,1766082600.0
1766082600.0,611.750000,612.700012,609.210022,609.780029,3869187.000000,1766086200.0
1766086200.0,609.770020,610.630005,607.719971,610.440002,4343318.000000,1766089800.0
1766089800.0,610.440002,611.273010,609.140015,609.150024,3535816.000000,1766093400.0
1766154600.0,611.950012,617.619995,611.885010,615.400024,10056847.000000,1766158200.0
1766158200.0,615.400024,616.650024,614.239990,616.200012,8248943.000000,1766161800.0
1766161800.0,616.210022,617.090027,615.090027,616.960022,3834635.000000,1766165400.0
1766165400.0,616.969971,617.500000,616.559998,616.979980,2391214.000000,1766169000.0
1766169000.0,616.989990,617.239990,616.280029,617.130005,2510296.000000,1766172600.0
1766172600.0,617.104980,617.390015,616.859985,617.239990,2539119.000000,1766176200.0
1766176200.0,617.219971,617.479980,616.349976,617.239990,5195501.000000,1766179800.0
1766413800.0,621.380005,621.650024,618.752502,619.179993,6893887.000000,1766417400.0
1766417400.0,619.190002,619.940002,617.770020,619.739990,4410625.000000,1766421000.0
1766421000.0,619.739990,619.900024,619.210022,619.429993,2360312.000000,1766424600.0
1766424600.0,619.429993,620.070007,618.820007,619.179993,2260596.000000,1766428200.0
1766428200.0,619.179993,619.440002,618.862305,619.400024,2229147.000000,1766431800.0
1766431800.0,619.395020,619.710022,618.929993,619.130005,1878576.000000,1766435400.0
1766435400.0,619.119995,619.489990,618.960022,619.150024,2568169.000000,1766439000.0
1766500200.0,620.000000,620.715027,617.780029,618.898804,6382666.000000,1766503800.0
1766503800.0,618.890015,620.750000,618.869995,620.520020,2999901.000000,1766507400.0
1766507400.0,620.520020,621.330017,620.239990,621.070007,2523412.000000,1766511000.0
1766511000.0,621.070007,621.405029,620.690002,621.169983,2173834.000000,1766514600.0
1766514600.0,621.179993,621.669983,621.109985,621.549988,1710592.000000,1766518200.0
1766518200.0,621.549988,622.015015,621.450012,621.849976,1837126.000000,1766521800.0
1766521800.0,621.840027,622.400024,621.760010,622.210022,2299848.000000,1766525400.0
1766586600.0,622.250000,623.070007,621.719971,622.481323,3766900.000000,1766590200.0
1766590200.0,622.481201,623.429993,622.320007,623.359985,2009489.000000,1766593800.0
1766593800.0,623.369995,624.080017,623.289978,623.869995,2024298.000000,1766597400.0
1766759400.0,624.679993,625.515015,623.140015,624.340027,4414078.000000,1766763000.0
1766763000.0,624.330017,624.989990,623.700012,624.299988,2222671.000000,1766766600.0
1766766600.0,624.309998,624.494995,623.510010,624.239990,7617255.000000,1766770200.0
1766770200.0,624.239990,624.280273,623.619995,623.989990,0.000000,1766773800.0
1766773800.0,623.989990,624.669983,623.969971,624.260010,1178089.000000,1766777400.0
1766777400.0,624.260010,624.590027,623.929993,624.059998,1492855.000000,1766781000.0
1766781000.0,624.059998,624.215027,623.669983,623.840027,2441586.000000,1766784600.0
1767018600.0,620.109985,622.775024,619.030029,621.030029,6221181.000000,1767022200.0
1767022200.0,621.020020,621.690002,619.344971,620.065002,2781947.000000,1767025800.0
1767025800.0,620.030029,620.380005,618.729980,618.976074,2045812.000000,1767029400.0
1767029400.0,618.974976,620.210022,618.900024,620.020020,1697698.000000,1767033000.0
1767033000.0,620.020020,620.659973,619.590027,620.224976,1296367.000000,1767036600.0
1767036600.0,620.219971,621.695007,620.179993,621.109985,2120970.000000,1767040200.0
1767040200.0,621.114990,621.320007,620.609985,620.880005,1629283.000000,1767043800.0
1767105000.0,620.359985,621.750000,619.380005,619.960022,4445964.000000,1767108600.0
1767108600.0,619.940002,622.169983,619.580017,621.710022,2708925.000000,1767112200.0
1767112200.0,621.710022,621.770020,620.010010,620.539978,2218429.000000,1767115800.0
1767115800.0,620.539978,620.919983,620.190002,620.869995,1739264.000000,1767119400.0
1767119400.0,620.869995,621.030029,620.330017,620.815002,1549942.000000,1767123000.0
1767123000.0,620.820007,620.940002,619.599976,620.125000,2055001.000000,1767126600.0
1767126600.0,620.119995,620.354980,619.215027,619.419983,1937195.000000,1767130200.0
1767191400.0,619.750000,619.960022,617.030029,617.840027,5193488.000000,1767195000.0
1767195000.0,617.830017,617.989990,616.450012,617.719971,2831143.000000,1767198600.0
1767198600.0,617.729980,617.969971,617.039978,617.484985,1919063.000000,1767202200.0
1767202200.0,617.479980,617.909973,617.130005,617.850098,1682055.000000,1767205800.0
1767205800.0,617.859985,618.599976,617.307983,617.340027,1814985.000000,1767209400.0
1767209400.0,617.340027,617.419983,614.750000,614.876770,3557018.000000,1767213000.0
1767213000.0,614.880005,615.739990,614.049988,614.280029,4763742.000000,1767216600.0
1767364200.0,620.070007,622.849976,614.609985,615.409973,9852588.000000,1767367800.0
1767367800.0,615.409973,618.119995,610.750000,612.760010,9227443.000000,1767371400.0
1767371400.0,612.729980,613.924988,611.000000,613.009888,3779399.000000,1767375000.0
1767375000.0,613.010010,613.337219,611.150024,611.760010,2529260.000000,1767378600.0
1767378600.0,611.750000,613.809998,610.150024,613.590027,3392364.000000,1767382200.0
1767382200.0,613.590027,614.690002,613.065002,614.109985,3270693.000000,1767385800.0
1767385800.0,614.099976,614.320007,612.500000,613.090027,3941755.000000,1767389400.0
1767623400.0,619.690002,620.229980,616.719971,619.980103,8454332.000000,1767627000.0
1767627000.0,620.000000,620.539978,619.119995,620.239990,3460224.000000,1767630600.0
1767630600.0,620.229980,620.809998,618.619019,618.919983,3220714.000000,1767634200.0
1767634200.0,618.950012,619.099976,617.250000,618.385010,2845291.000000,1767637800.0
1767637800.0,618.390015,618.859985,617.859985,617.900024,2337767.000000,1767641400.0
1767641400.0,617.900024,618.380005,617.039978,618.250000,2603087.000000,1767645000.0
1767645000.0,618.250000,618.580017,617.450012,617.950012,2377188.000000,1767648600.0
1767709800.0,619.219971,622.590027,618.549988,622.429993,6731922.000000,1767713400.0
1767713400.0,622.419983,622.450012,619.405029,620.200012,4947224.000000,1767717000.0
1767717000.0,620.210022,621.789978,620.042786,621.582520,2886797.000000,1767720600.0
1767720600.0,621.590027,622.780029,621.570007,622.140015,2281149.000000,1767724200.0
1767724200.0,622.250977,623.405396,621.919983,623.340088,2249118.000000,1767727800.0
1767727800.0,623.406677,623.640015,623.155029,623.359985,1888577.000000,1767731400.0
1767731400.0,623.349976,623.989990,623.299988,623.799988,1976703.000000,1767735000.0
1767796200.0,623.039978,625.150024,622.559998,624.830017,6463394.000000,1767799800.0
1767799800.0,624.830017,626.309998,623.520020,625.539978,3943700.000000,1767803400.0
1767803400.0,625.539917,627.799988,625.409973,627.655029,3092681.000000,1767807000.0
1767807000.0,627.659973,627.940002,626.280029,626.369995,2268308.000000,1767810600.0
1767810600.0,626.380005,627.539978,625.440002,625.645020,2696264.000000,1767814200.0
1767814200.0,625.669922,626.169922,624.510010,624.700012,2649016.000000,1767817800.0
1767817800.0,624.700012,624.750000,623.619995,624.039978,3642996.000000,1767821400.0
1767882600.0,622.250000,622.494995,617.799988,620.869995,8688862.000000,1767886200.0
1767886200.0,620.849976,621.059998,618.797974,619.119995,4915742.000000,1767889800.0
1767889800.0,619.070007,620.419983,618.119995,619.363098,3306660.000000,1767893400.0
1767893400.0,619.359985,620.989990,618.960022,619.900024,2918081.000000,1767897000.0
1767897000.0,619.900024,620.310120,618.409973,619.140015,2715270.000000,1767900600.0
1767900600.0,619.130005,620.460022,618.789978,620.270020,2382383.000000,1767904200.0
1767904200.0,620.289978,620.849976,620.059998,620.409973,2370867.000000,1767907800.0
1767969000.0,620.250000,624.895020,619.059998,624.739990,9018295.000000,1767972600.0
1767972600.0,624.750000,625.880005,622.530029,624.970703,4745028.000000,1767976200.0
1767976200.0,624.969971,626.460022,624.530029,626.159973,2903200.000000,1767979800.0
1767979800.0,626.159973,626.690002,625.440002,626.070007,2547052.000000,1767983400.0
1767983400.0,626.049988,627.460022,626.039978,627.260010,2093574.000000,1767987000.0
1767987000.0,627.260010,627.890015,627.030029,627.450012,2162120.000000,1767990600.0
1767990600.0,627.460022,627.590027,626.635010,626.659973,3207172.000000,1767994200.0
1768228200.0,622.309998,626.760010,622.260010,626.479980,7729164.000000,1768231800.0
1768231800.0,626.469971,627.390015,625.090027,626.929993,3514688.000000,1768235400.0
1768235400.0,626.934998,627.710022,626.479980,627.449585,1863214.000000,1768239000.0
1768239000.0,627.440002,628.270020,626.869995,628.119995,1530716.000000,1768242600.0
1768242600.0,628.130005,628.419983,627.440002,628.260010,1361852.000000,1768246200.0
1768246200.0,628.270020,628.844971,628.020020,628.140015,1967232.000000,1768249800.0
1768249800.0,628.140015,628.260010,627.169983,627.190002,2321679.000000,1768253400.0
1768314600.0,627.239990,629.469971,623.940002,624.669128,6815212.000000,1768318200.0
1768318200.0,624.633972,626.650024,623.880005,626.188171,3094388.000000,1768321800.0
1768321800.0,626.130005,629.039978,625.909973,627.629883,3423735.000000,1768325400.0
1768325400.0,627.630005,627.909973,624.859985,625.419983,2649459.000000,1768329000.0
1768329000.0,625.409973,626.119995,624.150024,625.219971,2262981.000000,1768332600.0
1768332600.0,625.190125,625.690002,624.229980,624.284973,2039165.000000,1768336200.0
1768336200.0,624.280029,626.289978,623.695007,626.130005,2470204.000000,1768339800.0
1768401000.0,621.945007,623.450012,617.250000,619.169983,11711871.000000,1768404600.0
1768404600.0,619.119995,619.659973,615.750000,618.309998,7210363.000000,1768408200.0
1768408200.0,618.309998,618.630005,614.929993,616.289978,5566932.000000,1768411800.0
1768411800.0,616.270020,616.659912,614.859985,616.375000,3434034.000000,1768415400.0
1768415400.0,616.359985,617.049988,614.559998,616.750000,4344537.000000,1768419000.0
1768419000.0,616.760010,618.679993,615.530029,617.929993,4223944.000000,1768422600.0
1768422600.0,617.940002,619.799988,617.919983,619.599976,4974668.000000,1768426200.0
1768487400.0,626.794983,627.260010,624.609985,625.140015,9126751.000000,1768491000.0
1768491000.0,625.150024,630.000000,623.760010,626.190002,5369065.000000,1768494600.0
1768494600.0,626.140015,626.960022,625.510010,625.590088,2450518.000000,1768498200.0
1768498200.0,625.603271,626.030029,624.849976,626.000122,2623836.000000,1768501800.0
1768501800.0,625.979980,626.320007,623.479980,623.679993,2520926.000000,1768505400.0
1768505400.0,623.650024,623.780029,621.030029,621.710022,5223563.000000,1768509000.0
1768509000.0,621.679993,621.890015,620.789978,621.659973,3185174.000000,1768512600.0
1768573800.0,625.229980,626.080017,620.659973,620.750000,9319867.000000,1768577400.0
1768577400.0,620.739990,621.914978,618.890015,621.849915,8932564.000000,1768581000.0
1768581000.0,621.859985,622.700012,621.125000,621.440002,3192541.000000,1768584600.0
1768584600.0,621.440002,622.130005,620.320007,621.880005,2827500.000000,1768588200.0
1768588200.0,621.880005,622.559998,620.760010,620.979980,3026986.000000,1768591800.0
1768591800.0,620.979980,622.119995,620.919983,621.690002,2493011.000000,1768595400.0
1768595400.0,621.679993,621.959900,620.969971,621.049988,3426785.000000,1768599000.0
1768919400.0,610.530029,613.594971,610.330017,613.435974,15209890.000000,1768923000.0
1768923000.0,613.429993,615.039978,612.599976,614.450012,8221596.000000,1768926600.0
1768926600.0,614.450012,615.049988,612.590027,612.880676,5794861.000000,1768930200.0
1768930200.0,612.880005,612.880005,610.609985,610.690002,4916990.000000,1768933800.0
1768933800.0,610.659973,610.869995,608.299988,608.590027,5617848.000000,1768937400.0
1768937400.0,608.559998,609.028015,607.469971,607.770020,6121529.000000,1768941000.0
1768941000.0,607.799988,608.130005,607.059998,608.090027,5958712.000000,1768944600.0
1769005800.0,609.469971,614.080017,607.863525,613.904480,10471803.000000,1769009400.0
1769009400.0,613.900024,616.619873,613.869995,615.750000,5316171.000000,1769013000.0
1769013000.0,615.750000,615.789978,608.219971,609.750000,8406876.000000,1769016600.0
1769016600.0,609.750000,611.050110,608.416870,610.450012,4373714.000000,1769020200.0
1769020200.0,610.460022,615.770020,609.729980,615.080017,4507916.000000,1769023800.0
1769023800.0,615.104980,620.419983,614.869995,616.460083,10797717.000000,1769027400.0
1769027400.0,616.460022,617.190002,615.510010,616.099976,4679167.000000,1769031000.0
1769092200.0,621.219971,621.779907,617.780029,619.099976,8457572.000000,1769095800.0
1769095800.0,619.130005,621.329895,618.630005,621.049988,3803848.000000,1769099400.0
1769099400.0,621.010010,621.669983,620.549988,621.179993,2042765.000000,1769103000.0
1769103000.0,621.219971,622.239990,621.200012,621.654480,1852162.000000,1769106600.0
1769106600.0,621.650024,622.030029,620.900024,621.909973,1524902.000000,1769110200.0
1769110200.0,621.909973,622.000000,619.469971,619.500000,2708164.000000,1769113800.0
1769113800.0,619.479980,620.820007,618.909973,620.784973,3243584.000000,1769117400.0
1769178600.0,619.690002,623.460022,618.650024,623.049988,7525572.000000,1769182200.0
1769182200.0,623.070007,625.399902,623.029907,624.090088,4149703.000000,1769185800.0
1769185800.0,624.090027,624.960022,623.380005,624.260010,2922091.000000,1769189400.0
1769189400.0,624.280029,624.309998,621.534973,623.205017,3462575.000000,1769193000.0
1769193000.0,623.219971,623.739990,622.280029,623.034973,2319588.000000,1769196600.0
1769196600.0,623.030029,623.340027,621.739929,622.200012,2496343.000000,1769200200.0
1769200200.0,622.195007,623.260010,621.859985,622.770020,3178566.000000,1769203800.0
1769437800.0,623.190002,626.450012,622.119995,625.489990,9923420.000000,1769441400.0
1769441400.0,625.479980,627.000000,625.200012,626.900024,0.000000,1769445000.0
1769445000.0,626.929993,627.609985,626.489990,627.090027,2330236.000000,1769448600.0
1769448600.0,627.080017,627.159973,626.170105,626.979980,1805240.000000,1769452200.0
1769452200.0,626.979980,627.549988,626.460022,626.820007,1571193.000000,1769455800.0
1769455800.0,626.799988,627.109985,626.049988,626.369995,1591212.000000,1769459400.0
1769459400.0,626.380005,626.719971,625.400085,625.479980,17562761.000000,1769463000.0
1769524200.0,628.900024,631.070007,627.340027,630.320007,6666333.000000,1769527800.0
1769527800.0,630.330017,631.830017,630.239990,631.434998,2833257.000000,1769531400.0
1769531400.0,631.469971,631.659973,630.515015,631.299988,2421416.000000,1769535000.0
1769535000.0,631.289978,631.489990,630.219971,631.150024,1961709.000000,1769538600.0
1769538600.0,631.150024,631.619995,631.070007,631.520813,1735811.000000,1769542200.0
1769542200.0,631.530029,632.042725,631.179993,631.617676,2218671.000000,1769545800.0
1769545800.0,631.599976,631.719971,630.919983,631.080017,3045456.000000,1769549400.0
1769610600.0,635.460022,636.590027,634.369995,634.690002,7728905.000000,1769614200.0
1769614200.0,634.679993,635.059998,632.984985,633.789978,4203008.000000,1769617800.0
1769617800.0,633.786804,633.786804,631.809998,632.419983,3022097.000000,1769621400.0
1769621400.0,632.440002,633.515015,632.039978,633.250000,1915281.000000,1769625000.0
1769625000.0,633.270020,634.090027,632.179993,632.349976,2747607.000000,1769628600.0
1769628600.0,632.349976,634.489990,632.099976,633.589905,4893625.000000,1769632200.0
1769632200.0,633.590027,633.919983,632.590027,633.010010,2989546.000000,1769635800.0
1769697000.0,632.580017,633.669983,622.700012,623.109985,11967986.000000,1769700600.0
1769700600.0,623.119995,623.520020,618.270020,621.890015,10310379.000000,1769704200.0
1769704200.0,621.880005,625.929993,621.469971,625.619995,6685082.000000,1769707800.0
1769707800.0,625.590027,626.570007,623.460022,625.799988,4672024.000000,1769711400.0
1769711400.0,625.799988,627.070007,625.169983,626.580017,3732882.000000,1769715000.0
1769715000.0,626.570007,626.770020,625.489990,625.955017,3314753.000000,1769718600.0
1769718600.0,625.950012,629.979980,625.789307,629.369995,4686305.000000,1769722200.0
1769783400.0,625.719971,628.255981,624.650024,624.759888,8850271.000000,1769787000.0
1769787000.0,624.729980,625.099976,624.190002,625.020020,863780.000000,1769790600.0
1770057000.0,628.159973,628.400024,627.780518,627.849976,9684229.000000,1770060600.0
1770060600.0,627.835022,627.854980,625.422485,626.474976,3468864.000000,1770064200.0
1770064200.0,626.450012,626.559998,625.660278,626.219971,3979000.000000,1770067800.0
1770129000.0,628.234985,629.979980,617.080017,618.919983,12782801.000000,1770132600.0
1770132600.0,618.900024,620.950012,617.349976,617.679993,6766964.000000,1770136200.0
1770136200.0,617.700012,618.599976,615.369995,615.719971,5915818.000000,1770139800.0
1770139800.0,615.679993,616.000000,613.260010,613.710022,5668778.000000,1770143400.0
1770143400.0,613.669983,614.359985,610.960022,612.840027,6537883.000000,1770147000.0
1770147000.0,612.789978,613.989929,611.349976,613.684998,5025272.000000,1770150600.0
1770150600.0,613.690002,616.770020,613.659973,616.450012,5908452.000000,1770154200.0
1770215400.0,614.799988,615.099976,608.289978,611.719971,11538756.000000,1770219000.0
1770219000.0,611.729980,612.260010,606.724976,608.859985,7241073.000000,1770222600.0
1770222600.0,608.909973,609.010010,602.679993,603.000000,6004683.000000,1770226200.0
1770226200.0,603.000000,604.530029,600.469971,604.340027,5632885.000000,1770229800.0
1770229800.0,604.340027,604.919983,601.710022,604.840027,4363222.000000,1770233400.0
1770233400.0,604.820007,608.630005,604.750000,607.200012,5617535.000000,1770237000.0
1770237000.0,607.179993,608.130005,605.210022,605.619995,4289470.000000,1770240600.0
1770301800.0,600.210022,604.809998,594.919983,595.590027,15081122.000000,1770305400.0
1770305400.0,595.580017,600.549988,594.770020,600.450012,9858691.000000,1770309000.0
1770309000.0,600.460022,602.500000,599.070984,601.859985,5511152.000000,1770312600.0
1770312600.0,601.880005,603.049988,598.770020,599.309998,4768839.000000,1770316200.0
1770316200.0,599.270020,601.859985,597.590027,600.070007,29907041.000000,1770319800.0
1770319800.0,600.070007,601.104980,596.840027,597.000000,0.000000,1770323400.0
1770323400.0,596.979980,597.890015,595.289978,597.080017,5143623.000000,1770327000.0
1770388200.0,600.200012,605.609985,598.770020,603.640015,14496847.000000,1770391800.0
1770391800.0,603.650024,606.849976,602.580017,606.130005,7337064.000000,1770395400.0
1770395400.0,606.119995,607.788696,605.460022,607.679993,21550978.000000,1770399000.0
1770399000.0,607.690002,608.989990,606.909973,608.184998,0.000000,1770402600.0
1770402600.0,608.179993,608.669983,607.609985,608.570007,3314034.000000,1770406200.0
1770406200.0,608.559998,609.090027,607.359985,608.690002,3765270.000000,1770409800.0
1770409800.0,608.679993,611.409973,608.460022,609.630005,6613446.000000,1770413400.0
1770647400.0,607.539978,612.239990,605.070007,610.510010,10356349.000000,1770651000.0
1770651000.0,610.530029,614.750000,610.489990,614.710022,4675347.000000,1770654600.0
1770654600.0,614.700012,616.190002,614.330017,615.390015,3419099.000000,1770658200.0
1770658200.0,615.405029,615.809998,613.679993,614.400024,3540056.000000,1770661800.0
1770661800.0,614.400024,616.359985,614.119995,616.255005,3516224.000000,1770665400.0
1770665400.0,616.250000,616.460022,614.710022,614.929993,3096588.000000,1770669000.0
1770669000.0,614.919983,615.619873,614.210022,614.320007,4154907.000000,1770672600.0
1770733800.0,615.304993,617.020020,612.400024,615.929993,11397517.000000,1770737400.0
1770737400.0,615.909973,616.799988,614.239990,614.690002,5046548.000000,1770741000.0
1770741000.0,614.650024,615.530029,613.609985,615.090027,3661600.000000,1770744600.0
1770744600.0,615.080017,615.830017,613.210022,613.289978,2579342.000000,1770748200.0
1770748200.0,613.280029,614.030029,612.799988,613.469971,3455529.000000,1770751800.0
1770751800.0,613.489990,613.789978,612.130005,612.364990,3295209.000000,1770755400.0
1770755400.0,612.349976,612.710022,611.010010,611.489990,4347430.000000,1770759000.0
1770820200.0,616.398010,617.520020,607.690002,608.109985,11419488.000000,1770823800.0
1770823800.0,608.150024,612.929993,607.950012,610.960022,7414209.000000,1770827400.0
1770827400.0,610.960022,613.460022,609.734985,613.270020,16191693.000000,1770831000.0
1770831000.0,613.280029,614.109985,611.159973,612.974976,0.000000,1770834600.0
1770834600.0,612.979980,614.979980,612.450012,614.690002,3551584.000000,1770838200.0
1770838200.0,614.700012,614.880005,613.090027,613.150024,3115199.000000,1770841800.0
1770841800.0,613.150024,614.049988,612.849976,612.979980,3121736.000000,1770845400.0
1770906600.0,614.703003,615.809998,610.469971,611.979980,9570103.000000,1770910200.0
1770910200.0,611.979980,612.479980,601.799988,601.940002,10759935.000000,1770913800.0
1770913800.0,601.945007,604.520020,601.650024,603.280029,8804978.000000,1770917400.0
1770917400.0,603.210022,604.919983,601.539978,602.510010,4829567.000000,1770921000.0
1770921000.0,602.539978,604.630005,602.109985,603.250000,4330889.000000,1770924600.0
1770924600.0,603.200012,604.962891,601.409973,601.585022,5105158.000000,1770928200.0
1770928200.0,601.580017,602.294983,599.569885,600.559998,6344966.000000,1770931800.0
1770993000.0,600.224976,603.469971,596.419983,602.950012,11390134.000000,1770996600.0
1770996600.0,602.940002,604.900024,599.840027,603.009888,5020931.000000,1771000200.0
1771000200.0,602.979980,605.840027,602.000000,605.359985,3987606.000000,1771003800.0
1771003800.0,605.380005,606.429993,604.190002,605.489990,3832911.000000,1771007400.0
1771007400.0,605.510010,606.469971,604.461182,604.760010,24872824.000000,1771011000.0
1771011000.0,604.750000,605.349976,600.630005,600.899902,0.000000,1771014600.0
1771014600.0,600.890015,601.994995,600.090027,601.820007,4608444.000000,1771018200.0
1771338600.0,598.390015,602.190002,593.700012,595.200012,10462831.000000,1771342200.0
1771342200.0,595.169983,601.690125,593.340027,600.059998,7870621.000000,1771345800.0
1771345800.0,600.030029,601.489990,598.650024,600.710022,4967521.000000,1771349400.0
1771349400.0,600.719971,601.445007,597.190002,601.034973,5078983.000000,1771353000.0
1771353000.0,601.059998,603.570007,600.599976,602.690002,4447666.000000,1771356600.0
1771356600.0,602.679993,603.950012,600.989990,601.161621,4222970.000000,1771360200.0
1771360200.0,601.159973,601.700012,600.250000,601.190002,3950826.000000,1771363800.0
1771425000.0,602.109985,608.460022,600.719971,608.070007,10840555.000000,1771428600.0
1771428600.0,608.059998,609.479980,607.200012,608.940002,4625752.000000,1771432200.0
1771432200.0,608.940002,609.770996,608.090027,608.869995,3709146.000000,1771435800.0
1771435800.0,608.859070,609.760010,607.929993,608.219971,2855777.000000,1771439400.0
1771439400.0,608.229980,608.520020,606.260010,606.510010,3981601.000000,1771443000.0
1771443000.0,606.510010,606.700012,603.250000,603.732483,5945724.000000,1771446600.0
1771446600.0,603.729980,606.674988,603.619995,605.669983,4078267.000000,1771450200.0
1771511400.0,602.809998,605.619995,601.099976,603.409973,8561752.000000,1771515000.0
1771515000.0,603.390015,605.815002,603.190002,603.750000,4812394.000000,1771518600.0
1771518600.0,603.760010,604.869995,602.025024,603.429993,4431446.000000,1771522200.0
1771522200.0,603.429993,603.690002,600.760010,601.705017,9531318.000000,1771525800.0
1771525800.0,601.690002,603.150024,601.159973,602.190002,3265074.000000,1771529400.0
1771529400.0,602.179993,602.580017,600.820007,601.679993,3628014.000000,1771533000.0
1771533000.0,601.659973,603.539978,601.549988,603.479980,3406062.000000,1771536600.0
1771597800.0,600.109985,608.960022,599.229980,606.349976,10009262.000000,1771601400.0
1771601400.0,606.390015,610.349976,604.789978,606.479980,8548339.000000,1771605000.0
1771605000.0,606.469971,610.116516,604.080017,605.239990,5229538.000000,1771608600.0
1771608600.0,605.260010,608.080017,604.900024,606.109985,4879404.000000,1771612200.0
1771612200.0,606.169983,609.900024,605.309998,608.271973,4540342.000000,1771615800.0
1771615800.0,608.280029,608.840027,607.320007,607.469971,33032790.000000,1771619400.0
1771619400.0,607.489990,608.869995,607.400024,608.869995,0.000000,1771623000.0
1771857000.0,606.627014,608.010010,603.224976,603.979980,8664759.000000,1771860600.0
1771860600.0,603.969971,604.664978,599.049988,601.669983,18473412.000000,1771864200.0
1771864200.0,601.659973,601.950012,600.429993,600.840027,0.000000,1771867800.0
1771867800.0,600.840027,602.700073,599.280029,602.455017,4382196.000000,1771871400.0
1771871400.0,602.450012,602.679993,600.039978,600.169983,21490122.000000,1771875000.0
1771875000.0,600.159973,600.539978,599.309875,599.969971,0.000000,1771878600.0
1771878600.0,599.969971,601.531189,599.929993,601.419983,3920156.000000,1771882200.0
1771943400.0,602.054993,607.429993,599.739075,607.380005,9230616.000000,1771947000.0
1771947000.0,607.359985,608.210022,606.309998,607.440002,4375178.000000,1771950600.0
1771950600.0,607.419983,608.909973,606.349976,608.539978,3460175.000000,1771954200.0
1771954200.0,608.530029,608.989990,607.456482,607.559692,2548953.000000,1771957800.0
1771957800.0,607.559998,608.309998,606.809998,607.159973,2912897.000000,1771961400.0
1771961400.0,607.150024,608.400024,607.000000,607.070007,2861444.000000,1771965000.0
1771965000.0,607.070007,608.820007,606.969971,607.840027,2837072.000000,1771968600.0
1772029800.0,611.090027,615.890015,611.000000,615.260010,8174727.000000,1772033400.0
1772033400.0,615.260010,615.440002,613.609985,614.469971,4510731.000000,1772037000.0
1772037000.0,614.460022,615.460022,614.310120,614.979980,2461841.000000,1772040600.0
1772040600.0,614.965027,615.830017,614.830017,615.414978,2058336.000000,1772044200.0
1772044200.0,615.419983,616.354980,615.300293,616.184998,2239030.000000,1772047800.0
1772047800.0,616.179993,616.359985,615.934998,616.104980,2543860.000000,1772051400.0
1772051400.0,616.109985,616.830017,615.755005,616.520020,4878727.000000,1772055000.0
1772116200.0,615.489990,615.530029,604.549988,605.700012,16997382.000000,1772119800.0
1772119800.0,605.710022,609.354980,603.979980,608.719971,14218333.000000,1772123400.0
1772123400.0,608.724976,608.969971,606.169983,606.520020,6275769.000000,1772127000.0
1772127000.0,606.510010,607.479980,604.539978,605.359985,4551639.000000,1772130600.0
1772130600.0,605.369995,609.359985,605.070007,608.449280,7237394.000000,1772134200.0
1772134200.0,608.445007,609.659973,607.869995,607.969971,4397875.000000,1772137800.0
1772137800.0,607.965027,609.340027,607.929993,609.260010,3032939.000000,1772141400.0
1772202600.0,602.950012,607.400024,602.190002,606.780029,12250055.000000,1772206200.0
1772206200.0,606.770020,607.969971,605.630005,606.695007,7105237.000000,1772209800.0
1772209800.0,606.705017,608.320007,605.039978,606.315002,6242043.000000,1772213400.0
1772213400.0,606.320007,607.289978,604.450012,605.330017,18594344.000000,1772217000.0
1772217000.0,605.320007,606.479980,604.700012,605.200012,0.000000,1772220600.0
1772220600.0,605.210022,607.539978,604.419983,606.924988,4242691.000000,1772224200.0
1772224200.0,606.909973,608.020020,605.575012,607.354980,27698302.000000,1772227800.0
1772461800.0,598.929993,606.260010,597.989990,604.679993,12160572.000000,1772465400.0
1772465400.0,604.630005,607.270020,603.719971,604.320007,7951126.000000,1772469000.0
1772469000.0,604.299988,609.359985,604.169983,608.604980,6082326.000000,1772472600.0
1772472600.0,608.590027,609.320007,607.849976,608.400024,19884471.000000,1772476200.0
1772476200.0,608.419983,609.659973,606.729980,609.424988,0.000000,1772479800.0
1772479800.0,609.424988,609.919983,606.260010,606.710022,29853233.000000,1772483400.0
1772483400.0,606.710022,609.059998,606.609985,608.070007,8332070.000000,1772487000.0
1772548200.0,596.320007,599.390015,591.869995,592.030029,27883874.000000,1772551800.0
1772551800.0,592.030029,598.890015,591.969971,598.349976,17429134.000000,1772555400.0
1772555400.0,598.340027,600.895020,596.989990,600.390015,12259602.000000,1772559000.0
1772559000.0,600.400024,602.030029,597.929993,601.440002,9154178.000000,1772562600.0
1772562600.0,601.440002,603.494995,601.039978,601.729980,9350869.000000,1772566200.0
1772566200.0,601.739990,603.955017,600.539978,602.299988,10458269.000000,1772569800.0
1772569800.0,602.299988,602.919922,600.739990,601.669983,6224517.000000,1772573400.0
1772634600.0,604.150024,611.070007,603.729980,610.979980,21661944.000000,1772638200.0
1772638200.0,610.979980,611.450012,608.539978,610.169983,14216167.000000,1772641800.0
1772641800.0,610.174988,611.825012,609.979980,610.849976,8129264.000000,1772645400.0
1772645400.0,610.849976,612.049988,610.190002,611.781677,5374158.000000,1772649000.0
1772649000.0,611.789978,612.880005,611.760010,612.340027,5002974.000000,1772652600.0
1772652600.0,612.335022,612.625000,610.659973,611.330017,5365688.000000,1772656200.0
1772656200.0,611.320007,611.729980,610.419983,610.637024,6956776.000000,1772659800.0
1772721000.0,607.450012,612.760010,607.380005,608.015015,19942130.000000,1772724600.0
1772724600.0,608.020020,610.080017,606.070007,606.950012,14193248.000000,1772728200.0
1772728200.0,606.960022,610.679993,606.000000,606.000000,10307258.000000,1772731800.0
1772731800.0,606.010010,606.359985,602.460022,602.739990,12746213.000000,1772735400.0
1772735400.0,602.705017,604.830017,602.260010,603.835022,8711574.000000,1772739000.0
1772739000.0,603.820007,607.590027,602.739990,606.640015,11229825.000000,1772742600.0
1772742600.0,606.640015,609.119995,606.289978,608.900024,9493053.000000,1772746200.0
1772807400.0,600.335022,603.799988,598.539978,603.630005,23120571.000000,1772811000.0
1772811000.0,603.609985,605.500000,601.929993,604.159912,11781675.000000,1772814600.0
1772814600.0,604.179993,605.989990,602.919983,603.400024,8857333.000000,1772818200.0
1772818200.0,603.400024,605.450012,601.729980,603.820007,8578735.000000,1772821800.0
1772821800.0,603.830017,604.530029,602.669983,603.530029,8860321.000000,1772825400.0
1772825400.0,603.520020,604.349976,599.299988,599.530029,10776011.000000,1772829000.0
1772829000.0,599.530029,600.859985,598.369995,599.809998,11227301.000000,1772832600.0
1773063000.0,594.219971,596.460022,591.335022,593.469971,22706163.000000,1773066600.0
1773066600.0,593.440002,599.479980,593.369995,599.320007,10910978.000000,1773070200.0
1773070200.0,599.330017,601.349976,598.070007,600.450012,8004767.000000,1773073800.0
1773073800.0,600.450012,601.849976,598.380005,598.530029,8103032.000000,1773077400.0
1773077400.0,598.520020,600.250000,597.640015,599.429993,7889181.000000,1773081000.0
1773081000.0,599.429993,606.950012,599.229980,606.780029,14019163.000000,1773084600.0
1773084600.0,606.739990,609.250000,605.359985,607.755005,15901108.000000,1773088200.0
1773149400.0,607.789978,609.960022,605.419983,608.109985,14214172.000000,1773153000.0
1773153000.0,608.099976,612.400024,608.090027,611.469971,9307775.000000,1773156600.0
1773156600.0,611.500000,612.150085,609.940002,611.150024,6139167.000000,1773160200.0
1773160200.0,611.200012,613.280090,610.869995,613.166809,5458977.000000,1773163800.0
1773163800.0,613.159973,613.159973,607.739990,609.669983,10351771.000000,1773167400.0
1773167400.0,609.650024,610.626282,607.700012,607.729980,7985150.000000,1773171000.0
1773171000.0,607.729980,608.830017,606.570007,607.640015,7399701.000000,1773174600.0
1773235800.0,608.950012,612.429993,607.590027,608.750000,15531844.000000,1773239400.0
1773239400.0,608.750000,610.259277,606.487793,606.539978,8567645.000000,1773243000.0
1773243000.0,606.539978,607.210022,605.510010,606.950012,9278167.000000,1773246600.0
1773246600.0,606.929993,608.700012,606.880005,608.270020,5652308.000000,1773250200.0
1773250200.0,608.280029,608.489990,605.030029,606.830017,8907724.000000,1773253800.0
1773253800.0,606.830017,607.539978,606.020020,606.530029,5597013.000000,1773257400.0
1773257400.0,606.549988,608.239990,606.400024,607.729980,4581342.000000,1773261000.0
1773322200.0,602.760010,604.130005,598.900024,598.900024,17652736.000000,1773325800.0
1773325800.0,598.909973,601.369995,597.530029,598.940002,11478255.000000,1773329400.0
1773329400.0,598.950012,601.739990,597.960022,599.469910,11545335.000000,1773333000.0
1773333000.0,599.460022,601.460022,599.080017,599.697815,7000667.000000,1773336600.0
1773336600.0,599.750000,600.700012,598.119995,599.349976,5933053.000000,1773340200.0
1773340200.0,599.359924,599.570007,597.700012,598.809998,6763456.000000,1773343800.0
1773343800.0,598.820007,599.479980,597.049988,597.340027,8001543.000000,1773347400.0
1773408600.0,599.729980,603.599915,598.929993,600.444702,15189370.000000,1773412200.0
1773412200.0,600.460022,601.720886,595.270020,595.479980,10138139.000000,1773415800.0
1773415800.0,595.460022,596.119995,593.580017,594.890015,8282790.000000,1773419400.0
1773419400.0,594.840027,595.919983,593.429993,594.979980,6497326.000000,1773423000.0
1773423000.0,594.969971,595.119995,592.630005,594.080017,6990966.000000,1773426600.0
1773426600.0,594.044983,595.500000,592.981995,593.179993,6839720.000000,1773430200.0
1773430200.0,593.188721,593.830017,592.570007,593.690002,6793714.000000,1773433800.0
1773667800.0,600.039978,602.599976,599.229980,601.479980,6447962.000000,1773671400.0
1773671400.0,601.489990,601.945007,599.130005,601.469971,4239411.000000,1773675000.0
1773675000.0,601.450012,601.989990,599.159973,599.479980,2792250.000000,1773678600.0
1773678600.0,599.460022,601.640015,599.119995,600.989990,2407377.000000,1773682200.0
1773682200.0,601.010010,601.719971,599.929993,601.549988,2599199.000000,1773685800.0
1773685800.0,601.539978,603.854980,600.070007,600.659973,4217752.000000,1773689400.0
1773689400.0,600.679993,600.890015,599.530029,600.309998,2913238.000000,1773693000.0
1773754200.0,603.140015,605.890015,602.289978,604.619995,7453267.000000,1773757800.0
1773757800.0,604.630005,605.320007,603.359985,603.380005,4489031.000000,1773761400.0
1773761400.0,603.390015,603.919983,601.869995,603.419983,4371631.000000,1773765000.0
1773765000.0,603.429993,604.044983,602.869995,603.570007,2035686.000000,1773768600.0
1773768600.0,603.530029,604.530029,603.054993,603.210022,2435550.000000,1773772200.0
1773772200.0,603.200012,603.710022,602.684998,603.309998,3002203.000000,1773775800.0
1773775800.0,603.320007,603.760010,603.020020,603.380005,2380498.000000,1773779400.0
1773840600.0,601.500000,603.150024,598.710022,598.969971,7749297.000000,1773844200.0
1773844200.0,598.950012,601.549988,598.840027,600.530029,13514790.000000,1773847800.0
1773847800.0,600.530029,601.200012,599.990112,600.500000,0.000000,1773851400.0
1773851400.0,600.469971,600.669983,598.299988,599.150085,15807349.000000,1773855000.0
1773855000.0,599.169983,601.159973,598.690002,599.729980,0.000000,1773858600.0
1773858600.0,599.719971,599.919983,596.219971,596.520020,5082691.000000,1773862200.0
1773862200.0,596.510010,597.005005,594.559998,594.760010,4453407.000000,1773865800.0
1773927000.0,589.525024,592.369995,587.080017,589.530029,19862478.000000,1773930600.0
1773930600.0,589.530029,593.130005,589.424988,590.369995,0.000000,1773934200.0
1773934200.0,590.359985,591.799988,588.799988,590.559998,4136083.000000,1773937800.0
1773937800.0,590.570007,591.330017,588.369995,590.049988,3926027.000000,1773941400.0
1773941400.0,590.039978,591.760010,589.140015,590.540894,3505310.000000,1773945000.0
1773945000.0,590.539978,595.799988,589.330017,593.539978,7412634.000000,1773948600.0
1773948600.0,593.529419,593.953003,592.289978,592.979980,4019050.000000,1773952200.0
1774013400.0,591.070007,591.150024,585.234985,585.945007,19338585.000000,1774017000.0
1774017000.0,585.969971,587.630005,584.969971,585.750000,15732164.000000,1774020600.0
1774020600.0,585.789978,587.929993,585.539978,586.739990,5714815.000000,1774024200.0
1774024200.0,586.750000,586.750000,584.830017,585.039978,6956974.000000,1774027800.0
1774027800.0,585.049988,585.215027,582.109985,582.869995,8968571.000000,1774031400.0
1774031400.0,582.859985,583.054993,580.469971,580.700012,11195238.000000,1774035000.0
1774035000.0,580.700012,582.109985,578.539978,582.070007,15676104.000000,1774038600.0
1774272600.0,590.469971,595.079895,589.030029,593.864990,25706461.000000,1774276200.0
1774276200.0,593.859985,595.080017,592.460022,593.219971,10027447.000000,1774279800.0
1774279800.0,593.239990,593.700012,585.960022,586.200012,16003982.000000,1774283400.0
1774283400.0,586.210022,588.789978,586.059998,587.150024,11157605.000000,1774287000.0
1774287000.0,587.140015,590.340027,587.125000,589.330017,7728685.000000,1774290600.0
1774290600.0,589.440002,591.510010,589.440002,589.989990,6908155.000000,1774294200.0
1774294200.0,589.974976,590.945007,588.169983,588.169983,6843970.000000,1774297800.0
1774359000.0,584.820007,586.280029,581.940002,583.630005,13473489.000000,1774362600.0
1774362600.0,583.619995,587.929993,583.109985,586.867371,9401807.000000,1774366200.0
1774366200.0,586.859985,587.739990,585.090027,586.630005,5292589.000000,1774369800.0
1774369800.0,586.630005,586.789978,582.700012,583.510010,5730219.000000,1774373400.0
1774373400.0,583.469971,585.299988,582.590027,584.949524,6593341.000000,1774377000.0
1774377000.0,584.940002,587.038025,584.650024,585.090027,5402522.000000,1774380600.0
1774380600.0,585.080017,585.440002,583.250000,583.929993,4664778.000000,1774384200.0
1774445400.0,589.109985,591.369995,586.700012,590.250000,17817402.000000,1774449000.0
1774449000.0,590.270020,591.200012,585.690002,588.989990,11785548.000000,1774452600.0
1774452600.0,589.000000,589.429993,586.710022,588.679993,8044511.000000,1774456200.0
1774456200.0,588.650024,589.559998,587.849976,589.094971,4925589.000000,1774459800.0
1774459800.0,589.099976,590.570007,588.429993,588.679993,5616984.000000,1774463400.0
1774463400.0,588.684998,588.900024,586.265015,587.250977,6644293.000000,1774467000.0
1774467000.0,587.259888,588.119995,586.580017,587.729980,3848398.000000,1774470600.0
1774531800.0,582.599976,584.609985,580.460022,582.969971,17675258.000000,1774535400.0
1774535400.0,582.960022,584.262512,579.650024,580.880005,12785788.000000,1774539000.0
1774539000.0,580.869995,581.900024,578.900024,579.039978,7641013.000000,1774542600.0
1774542600.0,579.059998,579.289978,577.275024,577.804993,7796002.000000,1774546200.0
1774546200.0,577.770020,578.229980,575.169983,575.234985,8111746.000000,1774549800.0
1774549800.0,575.234985,576.259888,574.609985,575.099976,9570422.000000,1774553400.0
1774553400.0,575.109985,575.190002,573.431030,573.710022,11012333.000000,1774557000.0
1774618200.0,570.809998,571.020020,566.150024,566.530029,20783142.000000,1774621800.0
1774621800.0,566.520020,568.689880,565.659973,568.450012,11002323.000000,1774625400.0
1774625400.0,568.460022,569.710022,566.469971,566.674988,10319001.000000,1774629000.0
1774629000.0,566.669983,567.760010,564.150024,564.190002,7950738.000000,1774632600.0
1774632600.0,564.161011,564.914978,562.919983,563.755005,9180553.000000,1774636200.0
1774636200.0,563.729980,564.559998,562.515015,563.020020,8747273.000000,1774639800.0
1774639800.0,563.039978,563.474976,561.570007,562.500000,10060825.000000,1774643400.0
1774877400.0,567.344971,568.039978,562.109985,562.924988,16983556.000000,1774881000.0
1774881000.0,562.880005,565.539978,561.369995,563.000000,10089858.000000,1774884600.0
1774884600.0,562.979980,565.479980,561.630005,561.662476,8058461.000000,1774888200.0
1774888200.0,561.669983,562.629822,559.650024,559.769897,7504233.000000,1774891800.0
1774891800.0,559.770020,561.140015,558.710022,558.731995,7489238.000000,1774895400.0
1774895400.0,558.750000,559.690002,555.599976,555.880127,9096221.000000,1774899000.0
1774899000.0,555.909973,558.979980,555.619995,558.270325,7508323.000000,1774902600.0
1774963800.0,564.289978,569.039978,564.229980,568.739990,19102702.000000,1774967400.0
1774967400.0,568.729980,569.210022,564.210022,566.952576,11412238.000000,1774971000.0
1774971000.0,566.950012,568.760010,565.619995,568.340027,6813905.000000,1774974600.0
1774974600.0,568.340027,576.210022,567.900024,574.479980,17724910.000000,1774978200.0
1774978200.0,574.510010,576.090027,573.114014,575.059998,9443278.000000,1774981800.0
1774981800.0,575.030029,577.070007,574.520020,576.440002,12745530.000000,1774985400.0
1774985400.0,576.450012,578.640015,576.289978,577.190002,12381169.000000,1774989000.0
1775050200.0,581.479980,584.359985,580.419983,583.830017,17687888.000000,1775053800.0
1775053800.0,583.840027,586.205017,582.520020,585.309998,11577862.000000,1775057400.0
1775057400.0,585.320007,587.260010,584.859985,586.664978,8064312.000000,1775061000.0
1775061000.0,586.679993,587.739014,586.270020,587.340027,5410381.000000,1775064600.0
1775064600.0,587.347473,587.549988,582.700012,583.025024,11940195.000000,1775068200.0
1775068200.0,583.030029,585.299988,582.326477,585.030029,11095238.000000,1775071800.0
1775071800.0,585.039978,585.510010,583.820007,584.289978,9643834.000000,1775075400.0
1775136600.0,573.969971,579.700012,571.919983,578.229980,17621649.000000,1775140200.0
1775140200.0,578.250000,585.989929,577.970093,583.960022,11204546.000000,1775143800.0
1775143800.0,584.039978,584.700012,580.969971,581.699890,4649919.000000,1775147400.0
1775147400.0,581.669983,583.960022,581.270020,583.539917,4426206.000000,1775151000.0
1775151000.0,583.559998,583.659973,581.140015,582.179993,3279156.000000,1775154600.0
1775154600.0,582.195984,583.960022,582.049988,583.129028,3579175.000000,1775158200.0
1775158200.0,583.119629,585.090027,582.909973,584.960022,4166217.000000,1775161800.0
1775482200.0,586.200012,590.609985,585.729980,588.520020,11007351.000000,1775485800.0
1775485800.0,588.510010,589.130005,586.080017,586.539978,5457838.000000,1775489400.0
1775489400.0,586.539978,587.750000,585.869995,587.274475,3363881.000000,1775493000.0
1775493000.0,587.280029,588.099976,584.690002,587.150024,4225851.000000,1775496600.0
1775496600.0,587.159973,588.494995,585.710022,587.979980,3973541.000000,1775500200.0
1775500200.0,587.979980,588.344971,587.539978,587.854980,2301991.000000,1775503800.0
1775503800.0,587.854980,588.830017,587.640015,588.530029,2909033.000000,1775507400.0
1775568600.0,585.630005,587.059998,579.690002,582.373596,11827036.000000,1775572200.0
1775572200.0,582.429993,583.239990,578.400085,581.390015,6152401.000000,1775575800.0
1775575800.0,581.380005,585.539978,580.830017,584.400024,4783269.000000,1775579400.0
1775579400.0,584.380005,585.619995,583.900024,584.320007,3611023.000000,1775583000.0
1775583000.0,584.340027,586.979980,584.210815,584.469971,3487404.000000,1775586600.0
1775586600.0,584.450684,586.940002,581.659973,585.049988,7265014.000000,1775590200.0
1775590200.0,584.960022,588.979980,584.419983,588.719971,5487804.000000,1775593800.0
1775655000.0,608.710022,609.880005,604.859985,605.150024,20530067.000000,1775658600.0
1775658600.0,605.200012,605.429993,602.130005,604.169983,8065754.000000,1775662200.0
1775662200.0,604.210022,606.700012,604.000000,606.200012,5928101.000000,1775665800.0
1775665800.0,606.210022,607.705017,605.660095,605.895020,4509498.000000,1775669400.0
1775669400.0,605.880005,607.099976,604.729980,605.239990,6409955.000000,1775673000.0
1775673000.0,605.219971,605.659973,602.559998,602.940002,6801552.000000,1775676600.0
1775676600.0,602.885010,606.130005,602.885010,605.919983,6088625.000000,1775680200.0
1775741400.0,606.039978,606.669983,603.090027,603.534973,8772014.000000,1775745000.0
1775745000.0,603.525024,606.510010,603.030029,605.369995,4439391.000000,1775748600.0
1775748600.0,605.330017,610.359985,605.150879,609.190002,6601700.000000,1775752200.0
1775752200.0,609.200012,610.080017,607.911011,609.370117,3401757.000000,1775755800.0
1775755800.0,609.369995,610.159973,607.559998,607.923706,4176078.000000,1775759400.0
1775759400.0,607.929993,609.570007,607.530029,609.380005,3286025.000000,1775763000.0
1775763000.0,609.390015,610.500000,609.349976,610.080017,4294351.000000,1775766600.0
1775827800.0,611.849976,613.109985,610.659973,612.419983,8623222.000000,1775831400.0
1775831400.0,612.429993,613.669983,611.590393,612.599915,4810390.000000,1775835000.0
1775835000.0,612.635010,612.809998,610.140015,610.859924,5029921.000000,1775838600.0
1775838600.0,610.850098,611.049988,609.580017,609.859985,2447679.000000,1775842200.0
1775842200.0,609.844971,610.984985,609.609985,610.645020,2130311.000000,1775845800.0
1775845800.0,610.650024,611.479980,610.000000,611.320007,3358538.000000,1775849400.0
1775849400.0,611.309998,611.309998,610.460022,611.020020,4931692.000000,1775853000.0
1776087000.0,609.789978,612.250000,608.109985,611.338013,8962496.000000,1776090600.0
1776090600.0,611.375000,612.880005,610.940002,611.799927,3271610.000000,1776094200.0
1776094200.0,611.760010,613.760010,611.070007,613.489990,2887391.000000,1776097800.0
1776097800.0,613.500000,614.825195,612.570007,614.599976,5401272.000000,1776101400.0
1776101400.0,614.590027,614.790100,613.809998,613.890015,2018409.000000,1776105000.0
1776105000.0,613.880005,615.390015,613.830017,615.344971,2433972.000000,1776108600.0
1776108600.0,615.330017,617.960022,615.159119,617.320007,4999047.000000,1776112200.0
1776173400.0,620.270020,623.780029,620.099976,623.710022,11898180.000000,1776177000.0
1776177000.0,623.760010,624.770020,622.760010,624.460022,6908947.000000,1776180600.0
1776180600.0,624.469971,626.809387,624.450012,626.719971,6890452.000000,1776184200.0
1776184200.0,626.719971,627.465027,626.159973,627.059998,5020302.000000,1776187800.0
1776187800.0,627.080017,627.700012,625.679993,626.260010,5635012.000000,1776191400.0
1776191400.0,626.260010,628.179993,626.059998,628.119995,4712330.000000,1776195000.0
1776195000.0,628.080017,628.599976,627.359985,628.539978,5747392.000000,1776198600.0
1776259800.0,629.125000,631.729980,628.200012,631.724976,10102146.000000,1776263400.0
1776263400.0,631.729980,633.400024,631.130005,633.174988,5639089.000000,1776267000.0
1776267000.0,633.179993,634.570129,632.559998,633.705017,5090516.000000,1776270600.0
1776270600.0,633.719971,633.799988,630.950012,633.015015,7814867.000000,1776274200.0
1776274200.0,633.007996,634.690002,632.679993,634.479309,5150714.000000,1776277800.0
1776277800.0,634.484985,636.659973,634.484985,636.630005,5379255.000000,1776281400.0
1776281400.0,636.619995,637.650024,636.479980,637.364990,6731624.000000,1776285000.0
1776346200.0,639.215027,639.580017,635.255005,637.099976,10080639.000000,1776349800.0
1776349800.0,637.099976,640.750000,637.039978,639.650024,5941209.000000,1776353400.0
1776353400.0,639.679993,642.179993,639.500000,641.119995,4880222.000000,1776357000.0
1776357000.0,641.130005,641.219971,639.018982,640.130005,3965856.000000,1776360600.0
1776360600.0,640.140015,640.919983,637.200012,637.600098,4544301.000000,1776364200.0
1776364200.0,637.609985,639.840027,637.590027,639.349976,4803131.000000,1776367800.0
1776367800.0,639.349976,640.719971,639.220886,640.409973,4929662.000000,1776371400.0
1776432600.0,645.549988,647.530029,644.070007,646.630005,14422022.000000,1776436200.0
1776436200.0,646.640015,649.419983,646.635010,649.059875,6812185.000000,1776439800.0
1776439800.0,649.080017,649.900024,647.869995,649.349976,9084304.000000,1776443400.0
1776443400.0,649.375000,650.000000,646.489990,647.379883,5142899.000000,1776447000.0
1776447000.0,647.340027,648.729980,646.940002,647.652405,5035817.000000,1776450600.0
1776450600.0,647.659973,648.359985,647.020020,647.520020,4342276.000000,1776454200.0
1776454200.0,647.520020,648.849976,647.519897,648.780029,4696462.000000,1776457800.0
1776691800.0,648.039978,648.750000,646.080017,646.405029,7344205.000000,1776695400.0
1776695400.0,646.380005,646.659424,642.520020,645.650024,12601892.000000,1776699000.0
1776699000.0,645.619995,645.619995,644.080017,645.080017,3379451.000000,1776702600.0
1776702600.0,645.109985,646.090027,644.755005,645.609985,2257173.000000,1776706200.0
1776706200.0,645.599976,646.710022,645.309998,646.489990,2270282.000000,1776709800.0
1776709800.0,646.500000,646.809998,645.934998,646.329773,2732413.000000,1776713400.0
1776713400.0,646.309998,646.929993,645.919983,646.770020,3356621.000000,1776717000.0
1776778200.0,648.390015,650.200012,646.450012,649.168213,8435442.000000,1776781800.0
1776781800.0,649.140015,649.580017,644.880005,646.309998,5932089.000000,1776785400.0
1776785400.0,646.299988,647.729980,645.590027,645.895020,3266275.000000,1776789000.0
1776789000.0,645.820007,646.849976,643.364990,644.179626,4239334.000000,1776792600.0
1776792600.0,644.179993,647.419983,644.119995,645.219971,3640448.000000,1776796200.0
1776796200.0,645.210022,647.690002,644.914978,647.631226,3559715.000000,1776799800.0
1776799800.0,647.659973,647.830017,642.210022,644.280029,7093566.000000,1776803400.0
1776864600.0,650.260010,652.789978,648.520020,652.760010,8791027.000000,1776868200.0
1776868200.0,652.750000,653.229980,651.609985,652.780029,5489795.000000,1776871800.0
1776871800.0,652.770020,653.140015,652.140015,652.429993,2844895.000000,1776875400.0
1776875400.0,652.409973,654.250000,652.030029,653.710022,3173662.000000,1776879000.0
1776879000.0,653.729980,654.229980,652.889526,653.049988,3474599.000000,1776882600.0
1776882600.0,653.054993,654.429077,652.530029,654.140015,3162870.000000,1776886200.0
1776886200.0,654.130005,655.330017,653.960022,655.080017,6159771.000000,1776889800.0
1776951000.0,653.539978,655.619995,652.309998,653.520020,7528016.000000,1776954600.0
1776954600.0,653.544983,656.780029,653.290222,656.330017,3500544.000000,1776958200.0
1776958200.0,656.299988,656.919983,654.119995,655.309998,2787083.000000,1776961800.0
1776961800.0,655.309998,656.020020,649.799988,650.065002,5972286.000000,1776965400.0
1776965400.0,650.080017,651.969971,645.525024,651.674988,9361281.000000,1776969000.0
1776969000.0,651.679993,652.739990,649.340027,651.109985,3423558.000000,1776972600.0
1776972600.0,651.109985,651.849915,649.349976,651.409973,3641594.000000,1776976200.0
1777037400.0,658.469971,659.849976,656.530090,658.140015,11152297.000000,1777041000.0
1777041000.0,658.239990,661.369995,657.460022,661.200012,6183311.000000,1777044600.0
1777044600.0,661.229980,663.434998,660.770020,663.000000,5925375.000000,1777048200.0
1777048200.0,663.000000,663.739929,662.224976,662.619995,2989687.000000,1777051800.0
1777051800.0,662.604980,664.510010,662.320007,662.760010,3393552.000000,1777055400.0
1777055400.0,662.789978,664.380005,662.700012,663.630005,5014224.000000,1777059000.0
1777059000.0,663.619995,664.239990,663.200012,663.909973,6637284.000000,1777062600.0
1777296600.0,663.385010,663.849976,660.690002,662.169983,9878956.000000,1777300200.0
1777300200.0,662.185974,663.280029,660.950012,661.820007,4578008.000000,1777303800.0
1777303800.0,661.830017,662.909973,661.609985,662.580017,2850422.000000,1777307400.0
1777307400.0,662.580017,663.650024,662.580017,663.469971,2678173.000000,1777311000.0
1777311000.0,663.440002,664.122498,663.440002,663.859985,4011496.000000,1777314600.0
1777314600.0,663.840027,664.375000,662.929993,663.690125,3552589.000000,1777318200.0
1777318200.0,663.710022,664.419983,663.429993,664.270020,3253113.000000,1777321800.0
1777383000.0,657.455017,659.640015,655.275024,657.638611,10914906.000000,1777386600.0
1777386600.0,657.657227,657.929993,653.860901,654.684998,5782351.000000,1777390200.0
1777390200.0,654.585022,655.678894,653.809998,655.255005,4068703.000000,1777393800.0
1777393800.0,655.270020,655.919983,654.250122,655.580017,2007166.000000,1777397400.0
1777397400.0,655.580017,657.960022,655.562012,657.820007,2538420.000000,1777401000.0
1777401000.0,657.809998,658.963989,656.380005,658.030029,3094495.000000,1777404600.0
1777404600.0,658.029907,658.150024,657.270020,657.570007,3761298.000000,1777408200.0
1777469400.0,658.580017,660.280029,656.589905,660.059998,6147273.000000,1777473000.0
1777473000.0,660.070007,661.229980,658.929993,660.239990,3804193.000000,1777476600.0
1777476600.0,660.249878,660.739990,658.380005,658.460022,3499793.000000,1777480200.0
1777480200.0,658.409973,659.119995,657.289978,658.706787,2577105.000000,1777483800.0
1777483800.0,658.789978,659.750000,657.390015,658.629089,2589973.000000,1777487400.0
1777487400.0,658.630005,661.719971,657.750000,661.054993,4503409.000000,1777491000.0
1777491000.0,661.049988,661.599976,659.859985,661.599976,3680083.000000,1777494600.0
1777555800.0,665.309998,665.312012,657.559998,659.129883,12183330.000000,1777559400.0
1777559400.0,659.500000,663.640015,657.770020,663.375000,5221667.000000,1777563000.0
1777563000.0,663.390015,664.190002,661.640015,663.650024,2780012.000000,1777566600.0
1777566600.0,663.669983,664.789978,662.030029,664.780029,3912044.000000,1777570200.0
1777570200.0,664.775024,667.710022,664.760010,667.179626,4193157.000000,1777573800.0
1777573800.0,667.169983,668.260010,666.690002,667.890015,4232738.000000,1777577400.0
1777577400.0,667.719971,668.750000,667.400024,667.570007,5135043.000000,1777581000.0
1777642200.0,669.159973,675.760010,668.799988,674.864990,11736144.000000,1777645800.0
1777645800.0,674.900024,674.900024,672.010010,674.700012,5947353.000000,1777649400.0
1777649400.0,674.710022,675.969971,673.630005,674.010010,5923565.000000,1777653000.0
1777653000.0,673.969971,675.284973,673.330017,675.239990,2609357.000000,1777656600.0
1777656600.0,675.250000,675.520020,674.070007,674.870117,2387010.000000,1777660200.0
1777660200.0,674.837097,675.640015,673.090088,675.549988,3581744.000000,1777663800.0
1777663800.0,675.550476,675.659973,673.840027,674.159973,3780084.000000,1777667400.0
1777901400.0,674.640015,676.059998,673.559998,675.030029,7095753.000000,1777905000.0
1777905000.0,675.030029,676.729980,671.320007,672.784973,6183611.000000,1777908600.0
1777908600.0,672.780029,672.969971,668.900024,671.270020,5638528.000000,1777912200.0
1777912200.0,671.284973,673.450012,670.669983,673.222412,3690852.000000,1777915800.0
1777915800.0,673.239990,673.789917,671.719971,672.650024,2462185.000000,1777919400.0
1777919400.0,672.640015,673.080017,671.390015,672.830017,3624361.000000,1777923000.0
1777923000.0,672.835022,673.195007,672.070007,672.880005,3082755.000000,1777926600.0
1777987800.0,677.950012,681.460022,677.510010,681.119995,9677563.000000,1777991400.0
1777991400.0,681.130005,681.609985,680.030029,681.340027,5598323.000000,1777995000.0
1777995000.0,681.400024,681.940002,680.419983,681.025024,3360491.000000,1777998600.0
1777998600.0,681.030029,681.760010,680.479980,681.744995,3916528.000000,1778002200.0
1778002200.0,681.750000,682.719971,681.520020,682.539978,3399126.000000,1778005800.0
1778005800.0,682.530029,682.773376,681.955017,682.275024,4044988.000000,1778009400.0
1778009400.0,682.260010,682.349915,680.868286,681.510010,3390819.000000,1778013000.0
1778074200.0,687.809998,690.520020,686.479980,688.419983,11599098.000000,1778077800.0
1778077800.0,688.440002,692.400024,688.440002,692.289978,4970780.000000,1778081400.0
1778081400.0,692.289978,692.849976,691.150024,692.190002,3183941.000000,1778085000.0
1778085000.0,692.224976,692.628296,690.743530,692.419983,2480982.000000,1778088600.0
1778088600.0,692.409973,693.760010,692.369995,693.640015,2776136.000000,1778092200.0
1778092200.0,693.739990,695.212280,693.419983,695.050110,3871511.000000,1778095800.0
1778095800.0,695.049988,695.929993,694.419983,695.590027,6268228.000000,1778099400.0
1778160600.0,696.229980,700.080017,695.539978,699.520020,9316092.000000,1778164200.0
1778164200.0,699.539978,701.229980,698.349976,699.049988,4372529.000000,1778167800.0
1778167800.0,699.157471,700.099976,693.789978,696.315002,5499518.000000,1778171400.0
1778171400.0,696.309998,697.159973,691.780029,693.075012,5346537.000000,1778175000.0
1778175000.0,693.090027,695.780029,692.648987,694.200012,4820078.000000,1778178600.0
1778178600.0,694.200012,695.080017,692.484985,693.150024,4942343.000000,1778182200.0
1778182200.0,693.190002,695.549988,693.080017,694.919983,6056313.000000,1778185800.0
1778247000.0,699.919983,706.779114,699.530029,705.469971,10065318.000000,1778250600.0
1778250600.0,705.479980,707.270020,704.570007,707.190125,5661846.000000,1778254200.0
1778254200.0,707.229980,708.679993,706.510010,708.614990,5516874.000000,1778257800.0
1778257800.0,708.614990,710.460022,707.510010,710.200012,4830794.000000,1778261400.0
1778261400.0,710.210022,710.499878,708.979980,709.747620,3840069.000000,1778265000.0
1778265000.0,709.729980,710.190002,708.549988,709.125000,4305647.000000,1778268600.0
1778268600.0,709.140015,711.130005,708.989990,711.109985,7425589.000000,1778272200.0
1778506200.0,710.359985,713.500000,709.609985,709.830017,9738057.000000,1778509800.0
1778509800.0,709.859985,713.309998,708.909973,713.270020,5284678.000000,1778513400.0
1778513400.0,713.349976,714.590027,712.775024,714.190002,3275622.000000,1778517000.0
1778517000.0,714.190002,714.500000,711.911011,713.549988,3127822.000000,1778520600.0
1778520600.0,713.820007,714.460022,713.510010,714.369080,3002271.000000,1778524200.0
1778524200.0,714.350098,714.350098,711.929993,712.163086,4300533.000000,1778527800.0
1778527800.0,712.140015,713.390015,711.869995,713.349976,3558826.000000,1778531400.0
1778592600.0,708.174988,710.179993,704.940002,705.040100,9752964.000000,1778596200.0
1778596200.0,705.049988,706.010010,699.479980,699.933594,8128800.000000,1778599800.0
1778599800.0,699.900024,701.620911,698.380005,699.054993,5474988.000000,1778603400.0
1778603400.0,699.039978,701.289978,696.659973,700.234985,5697721.000000,1778607000.0
1778607000.0,700.250000,703.020020,699.960022,702.750000,3932217.000000,1778610600.0
1778610600.0,702.750000,704.500000,701.690002,704.079102,3967409.000000,1778614200.0
1778614200.0,704.080017,707.549988,704.080017,707.200012,5429606.000000,1778617800.0
1778679000.0,709.820007,709.950012,704.830017,708.789978,10840433.000000,1778682600.0
1778682600.0,709.119995,711.530029,708.359985,710.570007,4917717.000000,1778686200.0
1778686200.0,710.179993,713.770020,709.950012,713.600098,4027528.000000,1778689800.0
1778689800.0,713.590027,715.020020,713.030029,714.804993,3463812.000000,1778693400.0
1778693400.0,714.789978,716.650024,713.674988,716.280029,3466860.000000,1778697000.0
1778697000.0,716.275024,716.414978,714.270020,715.679993,4279344.000000,1778700600.0
1778700600.0,715.690002,716.049988,713.859985,714.479980,5126093.000000,1778704200.0
1778765400.0,714.619995,719.690002,714.219971,718.190002,8915657.000000,1778769000.0
1778769000.0,718.169983,721.809998,717.880005,721.375000,5244807.000000,1778772600.0
1778772600.0,721.409973,722.030029,720.419983,720.679993,3189857.000000,1778776200.0
1778776200.0,720.739990,721.359985,717.559998,718.789978,4228518.000000,1778779800.0
1778779800.0,718.809998,721.330017,718.570007,719.429993,3643345.000000,1778783400.0
1778783400.0,719.469971,720.900024,719.000000,720.020020,2324130.000000,1778787000.0
1778787000.0,720.020020,720.900024,719.559998,719.715027,3100181.000000,1778790600.0
1778851800.0,710.104980,712.659973,705.549988,710.434998,14735801.000000,1778855400.0
1778855400.0,710.460022,712.099976,709.239990,711.420105,5014213.000000,1778859000.0
1778859000.0,711.450012,712.580017,708.539978,711.390015,6394329.000000,1778862600.0
1778862600.0,711.429993,713.729980,710.150024,713.469971,3758325.000000,1778866200.0
1778866200.0,713.679993,715.119873,712.469971,712.659973,5731783.000000,1778869800.0
1778869800.0,712.659973,713.200012,710.239990,710.400024,4495491.000000,1778873400.0
1778873400.0,710.390015,711.580017,708.380005,708.880005,5566289.000000,1778877000.0
1779111000.0,711.440002,712.070007,706.520020,707.100586,11755565.000000,1779114600.0
1779114600.0,707.109985,707.599976,702.296082,702.340027,7959088.000000,1779118200.0
1779118200.0,702.385010,705.159973,700.000000,700.440002,7091464.000000,1779121800.0
1779121800.0,700.450012,704.455017,699.619873,703.603027,4770641.000000,1779125400.0
1779125400.0,703.619995,704.080017,699.340027,700.760010,4402811.000000,1779129000.0
1779129000.0,700.770020,705.039978,698.869995,701.467407,6321550.000000,1779132600.0
1779132600.0,701.489990,706.159973,701.270020,705.700012,4663746.000000,1779136200.0
1779197400.0,701.320007,705.130005,695.270020,696.429993,13532625.000000,1779201000.0
1779201000.0,696.440002,700.020020,695.580017,697.900024,6421364.000000,1779204600.0
1779204600.0,697.849976,701.559998,697.570129,701.244995,4850305.000000,1779208200.0
1779208200.0,701.190002,706.489990,701.059998,705.445007,5498292.000000,1779211800.0
1779211800.0,705.440002,706.330017,703.655029,704.010010,4052934.000000,1779215400.0
1779215400.0,703.990112,704.895020,701.619995,702.869995,4200388.000000,1779219000.0
1779219000.0,702.890015,703.530029,700.200012,701.530029,5573213.000000,1779222600.0
1779283800.0,705.320007,709.155029,703.789978,708.609985,9991595.000000,1779287400.0
1779287400.0,708.599976,713.099976,707.789978,710.630005,4998097.000000,1779291000.0
1779291000.0,710.629883,712.219971,708.609985,709.270020,3872373.000000,1779294600.0
1779294600.0,709.320007,710.950012,708.950012,710.679993,3172379.000000,1779298200.0
1779298200.0,710.710022,711.440002,710.177979,710.950012,3190323.000000,1779301800.0
1779301800.0,710.950012,712.020020,710.559998,711.809998,2838804.000000,1779305400.0
1779305400.0,711.809998,713.109985,711.489990,713.070007,4915014.000000,1779309000.0
1779370200.0,709.000000,711.890015,706.770020,708.265015,9583624.000000,1779373800.0
1779373800.0,708.309998,710.010010,706.849976,709.359985,4812887.000000,1779377400.0
1779377400.0,709.450012,711.239990,707.989990,709.710022,3327735.000000,1779381000.0
1779381000.0,709.739990,715.210022,708.770020,713.669983,4186070.000000,1779384600.0
1779384600.0,713.744995,717.119507,713.594971,714.825012,4873589.000000,1779388200.0
1779388200.0,714.830017,715.059998,710.909973,714.044983,4231752.000000,1779391800.0
1779391800.0,714.020020,714.900024,713.409973,714.440002,3241006.000000,1779395400.0
1779456600.0,718.059998,721.330017,715.969971,717.719971,8447007.000000,1779460200.0
1779460200.0,717.710022,721.159973,717.489990,721.140015,3472787.000000,1779463800.0
1779463800.0,721.169983,721.280029,719.489990,720.160095,2821544.000000,1779467400.0
1779467400.0,720.200012,721.849976,719.400024,721.840027,3418905.000000,1779471000.0
1779471000.0,721.869995,722.119995,719.719971,720.090027,3177256.000000,1779474600.0
1779474600.0,720.059998,720.385010,717.210022,717.385376,3793331.000000,1779478200.0
1779478200.0,717.385010,718.272705,716.924988,717.429993,4723147.000000,1779481800.0
1779802200.0,726.025024,730.320007,724.159973,729.920105,10601998.000000,1779805800.0
1779805800.0,729.900024,731.169983,728.150024,728.309998,5356898.000000,1779809400.0
1779809400.0,728.322021,728.489990,725.570007,728.120117,3969057.000000,1779813000.0
1779813000.0,728.159180,728.689880,727.039978,727.599915,2333845.000000,1779816600.0
1779816600.0,727.592102,729.619995,727.320129,729.439270,2535016.000000,1779820200.0
1779820200.0,729.429993,729.799988,728.450012,729.580017,2677148.000000,1779823800.0
1779823800.0,729.570007,731.020020,729.549988,730.215027,3964243.000000,1779827400.0
1779888600.0,732.950012,733.320007,725.669983,726.354980,12639037.000000,1779892200.0
1779892200.0,726.320007,728.960022,725.440002,727.179993,4672849.000000,1779895800.0
1779895800.0,727.179993,728.775024,725.539978,728.190002,3622134.000000,1779899400.0
1779899400.0,728.159973,729.559998,725.854980,727.299988,4127712.000000,1779903000.0
1779903000.0,727.349976,729.669983,726.970093,729.669983,2631647.000000,1779906600.0
1779906600.0,729.659973,729.849976,728.590027,728.989990,2214730.000000,1779910200.0
1779910200.0,728.989990,730.069885,728.969971,729.489990,3118323.000000,1779913800.0
1779975000.0,729.739990,732.849976,726.409973,731.929871,10367191.000000,1779978600.0
1779978600.0,731.929993,734.984985,730.919983,734.669983,4360895.000000,1779982200.0
1779982200.0,734.690002,736.000000,734.100098,735.640015,3803915.000000,1779985800.0
1779985800.0,735.645020,736.450012,735.070007,735.575012,2058759.000000,1779989400.0
1779989400.0,735.580017,736.599976,735.159973,735.969971,2948322.000000,1779993000.0
1779993000.0,735.950012,735.979980,734.919983,735.650024,3586019.000000,1779996600.0
1779996600.0,735.650024,736.250000,735.080017,735.570007,3493002.000000,1780000200.0
1780061400.0,737.710083,741.609985,737.039978,738.500000,9918696.000000,1780065000.0
1780065000.0,738.489990,739.349976,735.250000,738.320007,6785823.000000,1780068600.0
1780068600.0,738.320007,739.538025,737.299988,738.489990,2598937.000000,1780072200.0
1780072200.0,738.494995,739.530029,737.320007,737.630005,2299062.000000,1780075800.0
1780075800.0,737.630005,738.010010,735.780029,737.869995,3258810.000000,1780079400.0
1780079400.0,737.859985,738.409973,736.309998,737.859985,3587030.000000,1780083000.0
1780083000.0,737.869995,739.419983,737.869995,738.224976,4602785.000000,1780086600.0
1780320600.0,737.130005,740.130005,735.989990,738.130005,9213052.000000,1780324200.0
1780324200.0,738.099976,740.719971,737.820007,740.520020,4175459.000000,1780327800.0
1780327800.0,740.510010,742.280029,739.840027,741.250000,3675640.000000,1780331400.0
1780331400.0,741.299988,743.479980,741.187012,743.409973,2561966.000000,1780335000.0
1780335000.0,743.489990,745.640015,742.669983,744.539978,4307738.000000,1780338600.0
1780338600.0,744.530029,744.707581,743.719971,744.000000,3439585.000000,1780342200.0
1780342200.0,744.000000,744.002014,742.340027,742.690002,3572414.000000,1780345800.0
1780407000.0,742.460022,744.659973,739.229980,742.544800,8932017.000000,1780410600.0
1780410600.0,742.530029,745.369995,742.440002,745.099976,4406687.000000,1780414200.0
1780414200.0,745.070129,746.219971,744.740112,744.950012,2545408.000000,1780417800.0
1780417800.0,744.960876,746.020020,744.309998,744.554993,2841226.000000,1780421400.0
1780421400.0,744.559998,745.070007,743.734985,744.479980,2102528.000000,1780425000.0
1780425000.0,744.479980,745.599976,743.500000,745.030029,2850385.000000,1780428600.0
1780428600.0,745.030029,746.440002,744.989990,746.140015,4086945.000000,1780432200.0
1780493400.0,747.344971,748.630005,741.020020,746.549988,12758287.000000,1780497000.0
1780497000.0,746.549988,746.950012,743.940002,745.219971,4461660.000000,1780500600.0
1780500600.0,745.190002,745.799988,741.880005,742.419983,3717004.000000,1780504200.0
1780504200.0,742.320007,743.780029,741.270020,742.921021,2825203.000000,1780507800.0
1780507800.0,742.919983,745.469971,742.219971,745.409973,3498880.000000,1780511400.0
1780511400.0,745.409973,745.520020,743.770508,744.359985,4185849.000000,1780515000.0
1780515000.0,744.344971,745.755005,743.940002,744.254211,4989970.000000,1780518600.0
1780579800.0,735.489990,737.799988,732.630005,737.190002,13080534.000000,1780583400.0
1780583400.0,737.150024,740.270020,735.988770,739.610474,4477327.000000,1780587000.0
1780587000.0,739.630005,740.674988,737.719971,740.549988,3227007.000000,1780590600.0
1780590600.0,740.554993,741.450012,739.540100,741.390015,2837227.000000,1780594200.0
1780594200.0,741.385010,743.429993,741.309998,743.159973,3185907.000000,1780597800.0
1780597800.0,743.135010,743.309998,741.744995,743.281494,3915631.000000,1780601400.0
1780601400.0,743.275024,744.210022,740.390015,740.500000,5683974.000000,1780605000.0
1780666200.0,729.926025,731.679993,723.340027,724.959900,17247682.000000,1780669800.0
1780669800.0,724.955017,727.479980,721.760010,722.318176,7951200.000000,1780673400.0
1780673400.0,722.220215,722.849976,717.914978,718.079895,8221046.000000,1780677000.0
1780677000.0,718.075012,718.210022,713.700012,715.650024,12720628.000000,1780680600.0
1780680600.0,715.619995,717.210022,710.309998,710.809998,9929198.000000,1780684200.0
1780684200.0,710.830017,711.140015,704.320007,708.729980,16944559.000000,1780687800.0
1780687800.0,708.729980,709.739990,705.049988,705.210022,16199789.000000,1780691400.0
1780925400.0,717.809998,719.210022,713.099976,717.559998,14321669.000000,1780929000.0
1780929000.0,717.479980,723.027588,717.250000,720.252014,7822270.000000,1780932600.0
1780932600.0,720.299072,722.270020,718.580017,719.270020,4292031.000000,1780936200.0
1780936200.0,719.270020,720.349915,716.799988,719.679871,3584593.000000,1780939800.0
1780939800.0,719.590027,720.140015,717.419983,719.340088,3934354.000000,1780943400.0
1780943400.0,719.350098,720.005005,714.229980,715.650024,5562166.000000,1780947000.0
1780947000.0,715.664978,717.059998,715.210022,716.099976,4500910.000000,1780950600.0
1781011800.0,722.969971,725.659973,714.010010,715.950012,13389388.000000,1781015400.0
1781015400.0,715.929993,716.969971,701.500000,701.729980,11744452.000000,1781019000.0
1781019000.0,701.760010,704.405029,690.640015,693.575012,17262557.000000,1781022600.0
1781022600.0,693.500000,700.000000,686.369995,698.955017,17687362.000000,1781026200.0
1781026200.0,698.929993,704.614990,698.039978,704.469971,9266462.000000,1781029800.0
1781029800.0,704.469971,708.599976,701.179993,703.969971,9534246.000000,1781033400.0
1781033400.0,703.950012,708.280029,701.440002,707.960022,7402563.000000,1781037000.0
1781098200.0,701.494995,710.770020,699.619995,709.349976,15993697.000000,1781101800.0
1781101800.0,709.309998,711.260010,697.094971,700.099976,9802416.000000,1781105400.0
1781105400.0,700.140015,702.640015,696.190002,698.849976,8518081.000000,1781109000.0
1781109000.0,698.700012,701.549988,696.130005,697.570007,5097314.000000,1781112600.0
1781112600.0,697.549988,701.070007,695.869995,698.212524,4855909.000000,1781116200.0
1781116200.0,698.179993,698.299988,692.929993,694.200012,6357406.000000,1781119800.0
1781119800.0,694.159973,697.000000,693.679993,693.710022,8589425.000000,1781123400.0
1781184600.0,699.289978,706.409973,696.820007,702.125000,14568531.000000,1781188200.0
1781188200.0,702.104980,703.840027,695.000000,699.349976,7873566.000000,1781191800.0
1781191800.0,699.349976,704.590027,698.969971,701.474976,5524849.000000,1781195400.0
1781195400.0,701.450012,707.440002,697.460083,707.270020,6578631.000000,1781199000.0
1781199000.0,707.270020,712.539978,706.854980,709.809998,14432938.000000,1781202600.0
1781202600.0,709.840027,716.030029,709.430115,715.508301,7174555.000000,1781206200.0
1781206200.0,715.590027,718.372070,715.039978,716.559998,10001013.000000,1781209800.0
1781271000.0,717.609985,720.815002,711.280029,718.065002,14519530.000000,1781274600.0
1781274600.0,718.000000,724.010010,714.179993,723.650024,7698404.000000,1781278200.0
1781278200.0,723.664978,723.748291,715.570007,720.039978,9858170.000000,1781281800.0
1781281800.0,719.989990,723.799988,719.549988,723.065002,4440468.000000,1781285400.0
1781285400.0,723.080017,723.229980,720.349976,721.679993,4515048.000000,1781289000.0
1781289000.0,721.680115,723.020020,721.039978,721.559998,3570233.000000,1781292600.0
1781292600.0,721.460022,722.070007,719.590027,721.320007,3955912.000000,1781296200.0
1781530200.0,738.090027,742.000000,737.380005,740.992004,12270724.000000,1781533800.0
1781533800.0,741.070007,743.289917,739.650024,743.119995,4475333.000000,1781537400.0
1781537400.0,743.159973,744.719971,742.155029,744.474976,5156668.000000,1781541000.0
1781541000.0,744.466980,744.759888,742.770020,744.010010,5924604.000000,1781544600.0
1781544600.0,744.030029,744.234985,742.799988,743.039978,3503187.000000,1781548200.0
1781548200.0,743.020020,744.280029,742.650024,742.820007,4576467.000000,1781551800.0
1781551800.0,742.809998,743.940002,742.429993,743.809998,5172937.000000,1781555400.0
1781616600.0,742.280029,744.219971,738.900024,739.109985,9250676.000000,1781620200.0
1781620200.0,739.090027,739.960022,734.739990,735.609985,6327136.000000,1781623800.0
1781623800.0,735.710022,736.580017,732.510010,735.674988,5877603.000000,1781627400.0
1781627400.0,735.669983,735.780029,732.955017,733.649902,3495758.000000,1781631000.0
1781631000.0,733.619995,735.059998,732.270020,733.859985,3092922.000000,1781634600.0
1781634600.0,733.880005,734.040100,730.650024,733.140015,5726186.000000,1781638200.0
1781638200.0,733.135010,733.520020,729.640015,729.780029,7056563.000000,1781641800.0
1781703000.0,735.219971,735.677979,730.310120,734.830017,7812691.000000,1781706600.0
1781706600.0,734.885010,734.900024,729.559998,732.635010,4211290.000000,1781710200.0
1781710200.0,732.619995,733.979980,732.189392,733.650024,6402388.000000,1781713800.0
1781713800.0,733.669983,733.940002,730.510010,732.780090,2046414.000000,1781717400.0
1781717400.0,732.750000,734.210022,724.530029,728.689514,7474427.000000,1781721000.0
1781721000.0,728.679993,735.380005,725.200012,725.849976,9890137.000000,1781724600.0
1781724600.0,725.830017,726.679993,720.849976,722.400024,7501882.000000,1781728200.0
1781789400.0,737.099976,738.419617,732.530029,735.520020,11838684.000000,1781793000.0
1781793000.0,735.489990,739.140015,734.200012,736.979919,5364349.000000,1781796600.0
1781796600.0,736.979980,739.469910,734.950012,739.260010,7743510.000000,1781800200.0
1781800200.0,739.280029,740.548889,738.539978,739.999512,3223522.000000,1781803800.0
1781803800.0,739.989990,740.619995,739.303711,739.590027,2754563.000000,1781807400.0
1781807400.0,739.599976,740.140015,738.429993,739.479980,4390244.000000,1781811000.0
1781811000.0,739.440002,741.789978,738.750000,739.690002,7609540.000000,1781814600.0
1782135000.0,742.020020,745.429993,740.150024,740.434998,8338515.000000,1782138600.0
1782138600.0,740.489990,740.554993,735.349976,736.628601,7607047.000000,1782142200.0
1782142200.0,736.630127,738.505005,734.390015,736.400024,3809182.000000,1782145800.0
1782145800.0,736.440002,737.010010,734.869995,736.641479,2778102.000000,1782149400.0
1782149400.0,736.659973,738.270020,735.765015,737.429993,2353887.000000,1782153000.0
1782153000.0,737.450012,737.909912,735.128296,735.473572,3495264.000000,1782156600.0
1782156600.0,735.520020,738.500000,735.520020,738.049988,5113522.000000,1782160200.0
1782221400.0,714.250000,723.609985,713.280029,722.015015,14272657.000000,1782225000.0
1782225000.0,722.049988,722.359985,715.390015,715.770020,6116205.000000,1782228600.0
1782228600.0,715.700012,720.299927,715.090027,719.390015,4587941.000000,1782232200.0
1782232200.0,719.419983,720.069885,717.289978,719.114990,3677363.000000,1782235800.0
1782235800.0,719.099976,719.789978,715.340027,715.880005,3509479.000000,1782239400.0
1782239400.0,715.840027,716.340027,712.110107,715.229980,7668370.000000,1782243000.0
1782243000.0,715.239990,716.000000,713.520020,713.520020,7709342.000000,1782246600.0
1782307800.0,714.799988,718.499878,710.880005,715.150024,9967443.000000,1782311400.0
1782311400.0,715.190002,719.929993,715.099976,717.419983,4919973.000000,1782315000.0
1782315000.0,717.409973,718.049988,714.960022,716.270020,2701446.000000,1782318600.0
1782318600.0,716.265015,716.265015,707.869995,708.030029,4689099.000000,1782322200.0
1782322200.0,708.059998,711.642822,706.966187,711.090027,5259975.000000,1782325800.0
1782325800.0,711.140015,711.469971,704.450012,707.322327,6017958.000000,1782329400.0
1782329400.0,707.340027,710.960022,706.750000,710.630005,5582780.000000,1782333000.0
1782394200.0,725.909973,726.760010,705.299988,712.309998,18721715.000000,1782397800.0
1782397800.0,712.289978,716.770020,709.239990,712.919983,6884320.000000,1782401400.0
1782401400.0,713.044983,719.109985,712.780029,716.570007,4014071.000000,1782405000.0
1782405000.0,716.565002,717.679993,712.299988,716.586792,4013739.000000,1782408600.0
1782408600.0,716.679993,719.590027,714.580017,719.270020,4234896.000000,1782412200.0
1782412200.0,719.260010,719.260010,713.210022,714.580017,4039294.000000,1782415800.0
1782415800.0,714.549988,716.359985,712.960022,716.260010,3929581.000000,1782419400.0
1782480600.0,707.090027,714.330017,702.809998,712.719910,11551831.000000,1782484200.0
1782484200.0,712.690002,713.250000,708.219971,712.510010,4336135.000000,1782487800.0
1782487800.0,712.520081,715.549988,710.270020,711.849976,3938042.000000,1782491400.0
1782491400.0,711.900024,715.169922,711.820007,713.614990,2783472.000000,1782495000.0
1782495000.0,713.570007,714.590027,709.340027,709.489990,3814843.000000,1782498600.0
1782498600.0,709.479980,710.619995,707.710022,709.239990,7109902.000000,1782502200.0
1782502200.0,709.260010,712.010010,705.210022,705.539978,5013639.000000,1782505800.0
1782739800.0,713.989990,718.659973,705.171997,711.840027,13031202.000000,1782743400.0
1782743400.0,711.859985,717.320007,710.650024,717.229980,5606469.000000,1782747000.0
1782747000.0,717.239990,720.530029,716.409973,719.598572,4749353.000000,1782750600.0
1782750600.0,719.640015,723.046997,718.934998,723.000000,3026058.000000,1782754200.0
1782754200.0,722.989990,723.630005,722.409973,722.533691,2528123.000000,1782757800.0
1782757800.0,722.599976,724.419983,722.479980,723.429993,4451646.000000,1782761400.0
1782761400.0,723.460022,724.580017,722.239990,724.030029,6891629.000000,1782765000.0
1782826200.0,724.169983,733.309998,723.919983,732.988403,9817705.000000,1782829800.0
1782829800.0,733.030029,733.775024,729.940002,733.025024,4171583.000000,1782833400.0
1782833400.0,733.059998,735.389771,732.590027,735.034973,2935527.000000,1782837000.0
1782837000.0,735.039001,736.679993,734.640015,735.880005,2243014.000000,1782840600.0
1782840600.0,735.940002,736.359985,735.174988,735.979980,3108600.000000,1782844200.0
1782844200.0,736.010010,737.619995,735.760010,737.049988,4928333.000000,1782847800.0
1782847800.0,737.049988,737.619995,735.760010,735.760010,9832644.000000,1782851400.0
1782912600.0,729.159973,731.289978,725.520020,730.280029,10790573.000000,1782916200.0
1782916200.0,730.239990,731.750000,726.678528,731.621582,4879262.000000,1782919800.0
1782919800.0,731.609985,731.909973,728.580017,729.229980,4110781.000000,1782923400.0
1782923400.0,729.224976,729.650024,727.000000,728.330017,4049205.000000,1782927000.0
1782927000.0,728.349976,728.659973,726.609985,727.119995,1987480.000000,1782930600.0
1782930600.0,727.090027,728.489990,725.652527,727.909119,4292392.000000,1782934200.0
1782934200.0,727.905029,728.919983,724.599976,725.130005,6487281.000000,1782937800.0
1782999000.0,725.580017,730.820007,721.520020,722.169983,10515007.000000,1783002600.0
1783002600.0,722.179993,723.830017,714.282715,715.809998,8681572.000000,1783006200.0
1783006200.0,715.760010,719.299988,712.765930,713.010010,6064534.000000,1783009800.0
1783009800.0,713.020020,713.119995,708.989990,710.400024,5643144.000000,1783013400.0
1783013400.0,710.390015,711.820007,707.559998,711.429993,4910945.000000,1783017000.0
1783017000.0,711.440002,712.405029,708.070007,709.849976,4366032.000000,1783020600.0
1783020600.0,709.890015,713.780029,709.539978,712.739990,5734033.000000,1783024200.0
1783344600.0,719.700012,724.835022,718.479980,724.099976,9201328.000000,1783348200.0
1783348200.0,724.150024,725.418396,722.440002,725.299988,3527448.000000,1783351800.0
1783351800.0,725.250000,726.080017,724.450012,724.599976,2326951.000000,1783355400.0
1783355400.0,724.640015,724.900024,722.580017,722.760010,1984694.000000,1783359000.0
1783359000.0,722.760010,723.859985,721.030029,723.150024,3085582.000000,1783362600.0
1783362600.0,723.159973,725.190002,722.630005,724.789978,3115031.000000,1783366200.0
1783366200.0,724.809998,724.840027,722.210022,722.650024,3955705.000000,1783369800.0
1783431000.0,714.140015,716.339722,706.080017,707.219971,12040673.000000,1783434600.0
1783434600.0,707.210022,708.500000,704.900024,707.449402,6942926.000000,1783438200.0
1783438200.0,707.460022,713.046204,705.840027,712.700012,4542949.000000,1783441800.0
1783441800.0,712.659973,713.869873,711.580017,712.739990,3943446.000000,1783445400.0
1783445400.0,712.750000,713.739990,712.239990,712.354980,2416230.000000,1783449000.0
1783449000.0,712.359985,712.710022,706.429993,707.679993,4968883.000000,1783452600.0
1783452600.0,707.580017,709.619995,707.239990,709.380005,4248709.000000,1783456200.0
1783517400.0,704.940002,709.799988,704.940002,707.200012,10665098.000000,1783521000.0
1783521000.0,707.099976,708.190002,700.909973,701.450012,5508962.000000,1783524600.0
1783524600.0,701.479980,707.340027,700.979980,706.776611,3781788.000000,1783528200.0
1783528200.0,706.739990,710.819885,706.049988,710.680115,3842447.000000,1783531800.0
1783531800.0,710.760010,711.140015,707.880005,709.070129,3075235.000000,1783535400.0
1783535400.0,709.000000,710.729980,708.500000,710.390076,2322032.000000,1783539000.0
1783539000.0,710.440002,712.259888,709.409973,711.280029,2960069.000000,1783542600.0
1783603800.0,718.289978,722.750000,715.125000,718.770020,10234200.000000,1783607400.0
1783607400.0,718.799988,721.640015,717.159973,721.359985,4723806.000000,1783611000.0
1783611000.0,721.380005,722.559998,720.950012,721.760010,2886645.000000,1783614600.0
1783614600.0,721.787476,724.159973,721.130005,724.109985,3670716.000000,1783618200.0
1783618200.0,724.149902,724.229980,723.044983,723.429993,2790114.000000,1783621800.0
1783621800.0,723.400024,723.650024,722.179993,722.799988,2422303.000000,1783625400.0
1783625400.0,722.789978,723.359985,721.969971,723.179993,2833046.000000,1783629000.0
1783690200.0,720.700012,724.039978,719.830017,722.454102,6824794.000000,1783693800.0
1783693800.0,722.510010,724.289978,717.000000,724.050903,5101704.000000,1783697400.0
1783697400.0,724.090027,725.270020,720.580017,724.840027,3501687.000000,1783701000.0
1783701000.0,724.890015,725.789978,724.530029,725.770020,1732918.000000,1783704600.0
1783704600.0,725.768188,726.260010,725.159973,725.700012,3349243.000000,1783708200.0
1783708200.0,725.710022,726.390015,725.250000,725.719971,1411178.000000,1783711800.0
1783711800.0,725.679993,726.179993,725.260010,725.530029,3081669.000000,1783715400.0
1783949400.0,717.719971,718.429993,712.559998,717.500000,12566155.000000,1783953000.0
1783953000.0,717.609985,718.739990,715.140076,717.659973,3093912.000000,1783956600.0
1783956600.0,717.650024,718.030029,713.520020,714.059998,2441565.000000,1783960200.0
1783960200.0,713.989990,714.549988,711.700012,713.010010,3970806.000000,1783963800.0
1783963800.0,713.020020,713.510010,711.799988,711.979980,3147182.000000,1783967400.0
1783967400.0,711.960022,713.228821,710.309998,710.630005,3911498.000000,1783971000.0
1783971000.0,710.659973,712.669983,710.099976,711.719971,4878688.000000,1783974600.0
1784035800.0,720.140015,720.286011,714.340027,717.179993,9216195.000000,1784039400.0
1784039400.0,717.130005,722.085022,716.538025,722.020020,5346757.000000,1784043000.0
1784043000.0,722.049988,722.280029,717.719971,719.510010,3263786.000000,1784046600.0
1784046600.0,719.534973,721.570007,718.859985,721.150024,2211036.000000,1784050200.0
1784050200.0,721.219971,721.854980,720.409973,721.260010,1883177.000000,1784053800.0
1784053800.0,721.260010,721.650024,719.525024,719.950012,2674122.000000,1784057400.0
1784057400.0,719.979980,720.839478,719.289978,719.679993,2662308.000000,1784061000.0
1784122200.0,723.940002,724.349976,716.205994,718.215027,7496193.000000,1784125800.0
1784125800.0,718.250000,718.530029,713.583984,716.210022,4921821.000000,1784129400.0
1784129400.0,716.169983,716.549988,711.080017,711.844971,4717671.000000,1784133000.0
1784133000.0,711.820007,715.330017,710.229980,715.260010,4395674.000000,1784136600.0
1784136600.0,715.280029,718.590027,715.260010,718.169495,2845339.000000,1784140200.0
1784140200.0,718.169983,718.429993,714.920471,716.219971,2841636.000000,1784143800.0
1784143800.0,716.250000,717.840027,715.460022,717.690002,2844717.000000,1784147400.0
1784208600.0,712.000000,713.594971,707.000000,712.469971,8246116.000000,1784212200.0
1784212200.0,712.474976,713.070007,708.919983,710.594971,3505185.000000,1784215800.0
1784215800.0,710.585022,717.739990,707.119995,707.960022,4912662.000000,1784219400.0
1784219400.0,707.969971,709.200012,707.275024,708.739990,2953381.000000,1784223000.0
1784223000.0,708.789978,709.010010,706.000000,707.210022,4161579.000000,1784226600.0
1784226600.0,707.099976,707.099976,703.590027,704.289978,4935634.000000,1784230200.0
1784230200.0,704.289978,706.460022,702.609985,706.020020,6635170.000000,1784233800.0
1784295000.0,691.630005,698.419983,686.760010,697.029907,16805444.000000,1784298600.0
1784298600.0,697.054993,698.570007,693.140015,695.044983,7720477.000000,1784302200.0
1784302200.0,695.135010,700.049988,694.309998,699.000000,6816698.000000,1784305800.0
1784305800.0,698.979980,702.299988,698.369995,702.000000,5128227.000000,1784309400.0
1784309400.0,701.989990,702.150024,696.770020,697.520020,4360035.000000,1784313000.0
1784313000.0,697.500000,698.419983,694.229980,696.090027,4110061.000000,1784316600.0
1784316600.0,696.119995,697.500000,695.080017,695.299988,4263436.000000,1784320200.0
1784554200.0,702.260010,705.799988,698.909973,701.895020,8713920.000000,1784557800.0
1784557800.0,701.880005,702.359985,698.080017,701.539978,3232497.000000,1784561400.0
1784561400.0,701.540527,704.020020,700.539978,703.187378,2929182.000000,1784565000.0
1784565000.0,703.260010,703.539978,699.030029,700.153015,3334011.000000,1784568600.0
1784568600.0,700.159973,701.390015,698.799988,699.934692,2021928.000000,1784572200.0
1784572200.0,699.950012,699.959900,696.260010,697.679993,3411175.000000,1784575800.0
1784575800.0,697.710022,698.599182,695.510010,695.989990,3943602.000000,1784579400.0
1784640600.0,706.679993,707.130005,702.809998,706.229980,7543336.000000,1784644200.0
1784644200.0,706.219971,708.989990,705.200012,708.690002,3527319.000000,1784647800.0
1784647800.0,708.659973,709.409973,707.429993,708.830017,2992245.000000,1784651400.0
1784651400.0,708.849976,709.880005,708.630005,709.315002,3227271.000000,1784655000.0
1784655000.0,709.330017,710.049988,709.030029,709.159973,2755385.000000,1784658600.0
1784658600.0,709.150024,709.890015,708.330017,708.390015,2300871.000000,1784662200.0
1784662200.0,708.419983,709.859985,708.330017,708.950012,6703445.000000,1784665800.0
1784727000.0,704.349976,708.239990,703.640015,706.709900,7808357.000000,1784730600.0
1784730600.0,706.690002,709.647278,705.580017,709.229980,3469678.000000,1784734200.0
1784734200.0,709.239990,709.487671,708.013672,708.902527,1923952.000000,1784737800.0
1784737800.0,708.900024,709.349976,708.070007,708.769775,1390156.000000,1784741400.0
1784741400.0,708.715027,709.090027,706.739990,707.130005,1463826.000000,1784745000.0
1784745000.0,707.120117,707.679993,706.400024,707.500427,1681142.000000,1784748600.0
1784748600.0,707.500000,707.530029,705.190002,705.270020,2698683.000000,1784752200.0
1784813400.0,694.640015,698.659973,693.210022,695.140015,10898377.000000,1784817000.0
1784817000.0,695.015015,695.989990,688.155029,688.630005,7371596.000000,1784820600.0
1784820600.0,688.630005,694.590027,687.799988,694.419983,5335308.000000,1784824200.0
1784824200.0,694.390015,695.150024,691.491577,693.139893,3268953.000000,1784827800.0
1784827800.0,693.000000,693.130005,690.403809,691.169983,2950937.000000,1784831400.0
1784831400.0,691.140015,691.849976,689.349976,691.280029,3060585.000000,1784835000.0
1784835000.0,691.330017,692.429993,688.929993,691.919983,4713913.000000,1784838600.0
1784899800.0,690.250000,692.450012,684.859985,686.880005,10414681.000000,1784903400.0
1784903400.0,686.906372,690.849976,683.546021,689.497498,6146095.000000,1784907000.0
1784907000.0,689.500000,692.630005,689.119995,691.112976,3626486.000000,1784910600.0
1784910600.0,691.030029,691.109985,687.700012,689.789978,3373554.000000,1784914200.0
1784914200.0,689.809998,690.506287,685.450012,685.484985,2955664.000000,1784917800.0
1784917800.0,685.517517,685.719971,682.479980,683.469971,6929053.000000,1784921400.0
1784921400.0,683.479980,684.659973,682.760010,684.219971,5696963.000000,1784925000.0
1785159000.0,691.719971,692.260010,679.270020,679.460022,11064632.000000,1785162600.0
1785162600.0,679.460022,682.150330,675.945007,679.119995,8025442.000000,1785166200.0
1785166200.0,679.219971,682.340027,676.909973,681.094971,4610679.000000,1785169800.0
1785169800.0,681.109985,682.130005,677.080017,677.390015,3981465.000000,1785173400.0
1785173400.0,677.390015,680.299988,677.340027,679.340027,3097307.000000,1785177000.0
1785177000.0,679.359985,683.369995,677.849976,683.280029,4467831.000000,1785180600.0
1785180600.0,683.349915,683.599976,681.164978,682.059998,4549408.000000,1785184200.0
1785245400.0,676.190002,677.299988,667.880005,670.369995,16945019.000000,1785249000.0
1785249000.0,670.390015,677.750000,669.450012,676.640015,8006380.000000,1785252600.0
1785252600.0,676.630005,679.130005,676.219971,677.304688,5482410.000000,1785256200.0
1785256200.0,677.359009,679.400024,676.330017,677.400024,3811030.000000,1785259800.0
1785259800.0,677.375000,678.450012,675.349976,675.645020,3490333.000000,1785263400.0
1785263400.0,675.679993,678.010010,675.559998,677.909973,3068636.000000,1785267000.0
1785267000.0,677.950012,678.059998,675.280029,675.500000,5562702.000000,1785270600.0
1785331800.0,675.460022,677.460022,666.484985,667.280029,10341293.000000,1785335400.0
1785335400.0,667.270020,669.299988,665.770020,666.830017,4484021.000000,1785339000.0
1785339000.0,666.880005,667.809998,663.299988,666.780029,5361782.000000,1785342600.0
1785342600.0,666.700012,671.510010,665.150024,669.109985,5669703.000000,1785346200.0
1785346200.0,669.229980,674.900024,668.599976,672.190002,6711623.000000,1785349800.0
1785349800.0,672.169983,680.049988,669.090027,670.770020,9061651.000000,1785353400.0
1785353400.0,670.770020,671.567993,661.145020,661.630005,8951148.000000,1785357000.0
1785418200.0,674.690002,683.640015,673.299988,683.219971,15940089.000000,1785421800.0
1785421800.0,683.260010,683.710022,677.750000,678.195007,7534082.000000,1785425400.0
1785425400.0,678.159973,682.549988,677.900024,681.349976,7908852.000000,1785429000.0
1785429000.0,681.354980,682.891113,679.250000,681.979980,7336422.000000,1785432600.0
1785432600.0,682.000000,682.919983,681.270020,682.330017,4234564.000000,1785436200.0
1785436200.0,682.325012,685.119995,681.510010,683.840027,6303349.000000,1785439800.0
1785439800.0,683.820007,684.349976,682.900024,683.599976,10064291.000000,1785443400.0
1785504600.0,692.119995,695.770020,680.051208,684.200012,18029467.000000,1785508200.0
1785508200.0,684.239990,686.510010,681.070007,681.770020,7209068.000000,1785511800.0
1785511800.0,681.719971,686.929993,680.940002,686.929993,3657729.000000,1785515400.0
1785515400.0,686.950012,689.719971,685.630005,689.359985,3527804.000000,1785519000.0
1785519000.0,689.369995,690.349976,687.760010,688.380005,3654902.000000,1785522600.0
1785522600.0,688.580017,690.250000,688.030029,689.700012,3737502.000000,1785526200.0
1785526200.0,689.669983,690.880005,687.479980,688.010010,4968185.000000,1785529800.0
1785763800.0,687.000000,694.750000,685.820007,694.619995,9631902.000000,1785767400.0
1785767400.0,694.669983,697.690002,694.219971,695.919983,7294989.000000,1785771000.0
1785771000.0,695.950012,698.692383,695.875000,698.489990,4085985.000000,1785774600.0
1785774600.0,698.479980,699.759827,697.869995,699.669983,3639411.000000,1785778200.0
1785778200.0,699.669983,701.590027,699.400024,699.800110,5489176.000000,1785781800.0
1785781800.0,699.840027,701.109985,699.609985,700.359985,4519964.000000,1785785400.0
1785785400.0,700.380005,700.940002,699.270020,700.080017,6710654.000000,1785789000.0
1785850200.0,708.205017,716.219971,707.590027,716.005005,12424997.000000,1785853800.0
1785853800.0,716.080017,718.570007,715.070007,717.989990,8714972.000000,1785857400.0
1785857400.0,717.979980,719.969971,717.580017,719.650024,7241595.000000,1785861000.0
1785861000.0,719.664978,722.500000,719.400024,722.349976,7429820.000000,1785864600.0
1785864600.0,722.320007,724.280029,721.984985,723.829895,6363976.000000,1785868200.0
1785868200.0,723.840027,725.380005,722.869995,724.294373,4635273.000000,1785871800.0
1785871800.0,724.284973,725.650024,723.099976,723.679993,6364445.000000,1785875400.0
1785936600.0,726.224976,728.539978,724.400024,724.719971,9066634.000000,1785940200.0
1785940200.0,724.669983,724.799927,721.020020,722.085022,6904424.000000,1785943800.0
1785943800.0,722.080017,723.325012,719.489990,722.664978,4125712.000000,1785947400.0
1785947400.0,722.655029,722.880005,720.450012,720.770020,2185639.000000,1785951000.0
1785951000.0,720.799988,721.559998,720.320007,721.309998,1982661.000000,1785954600.0
1785954600.0,721.320007,721.409973,719.940002,720.888794,2549025.000000,1785958200.0
1785958200.0,720.875000,721.030029,716.929993,717.219971,3469631.000000,1785961800.0
1786023000.0,710.760010,718.859985,708.500000,716.840027,10766505.000000,1786026600.0
1786026600.0,716.950012,719.320007,715.614990,717.419983,4242031.000000,1786030200.0
1786030200.0,717.479980,717.859924,713.530029,714.090027,3792227.000000,1786033800.0
1786033800.0,714.109985,716.580017,713.859985,715.390015,2497653.000000,1786037400.0
1786037400.0,715.390015,716.549988,714.000000,716.119995,2578142.000000,1786041000.0
1786041000.0,716.099976,716.405029,714.659973,714.900024,3079768.000000,1786044600.0
1786044600.0,714.900024,715.809998,714.110107,714.619995,3282341.000000,1786048200.0
1786109400.0,720.000000,722.710022,716.520020,721.250000,9053853.000000,1786113000.0
1786113000.0,721.268005,722.859985,718.830017,722.799988,4421886.000000,1786116600.0
1786116600.0,722.799988,723.499878,719.501587,720.099976,3906401.000000,1786120200.0
1786120200.0,720.099976,721.679993,719.049988,720.919983,2419183.000000,1786123800.0
1786123800.0,720.900024,721.270020,719.820129,719.890015,1760356.000000,1786127400.0
1786127400.0,719.900024,722.719971,719.234985,722.419983,3564863.000000,1786131000.0
1786131000.0,722.424988,723.619995,721.500183,723.015015,3436222.000000,1786134600.0
1786368600.0,722.650024,724.669983,720.340027,723.669983,7336344.000000,1786372200.0
1786372200.0,723.709900,724.520020,721.145020,721.690002,3780419.000000,1786375800.0
1786375800.0,721.650024,723.645020,720.830017,722.479980,2486021.000000,1786379400.0
1786379400.0,722.450012,722.650024,720.570007,721.940002,2764821.000000,1786383000.0
1786383000.0,721.940002,722.166626,720.859985,720.974976,1550559.000000,1786386600.0
1786386600.0,720.969971,722.139893,720.690002,721.799988,1551022.000000,1786390200.0
1786390200.0,721.880005,722.070007,720.330017,720.804993,4607352.000000,1786393800.0
1786455000.0,723.299988,723.299988,718.401001,721.830017,6850179.000000,1786458600.0
1786458600.0,721.799988,722.440002,719.890015,719.989990,3376357.000000,1786462200.0
1786462200.0,720.034973,720.364990,718.034973,718.630005,2435455.000000,1786465800.0
1786465800.0,718.609985,719.070007,716.869995,717.659973,3586496.000000,1786469400.0
1786469400.0,717.668030,718.469971,715.789978,716.179993,2967053.000000,1786473000.0
1786473000.0,716.179993,718.136414,716.099976,718.065002,4007748.000000,1786476600.0
1786476600.0,718.090027,718.934998,717.650024,718.340027,3980521.000000,1786480200.0
1786541400.0,726.969971,727.250000,723.609985,725.229980,9102226.000000,1786545000.0
1786545000.0,725.239990,725.599976,723.250000,724.229980,5301376.000000,1786548600.0
1786548600.0,724.250000,724.549988,722.919983,724.200012,2464512.000000,1786552200.0
1786552200.0,724.229492,725.429993,723.669983,725.080017,2185083.000000,1786555800.0
1786555800.0,725.070007,725.414978,724.659973,724.739990,2211648.000000,1786559400.0
1786559400.0,724.739990,725.559998,723.820007,724.099976,1817401.000000,1786563000.0
1786563000.0,724.090027,724.109924,723.034973,723.669983,4175318.000000,1786566600.0
1786627800.0,725.125000,733.039978,724.039978,732.960022,10430029.000000,1786631400.0
1786631400.0,732.950012,733.755005,731.700012,731.909973,5346685.000000,1786635000.0
1786635000.0,731.919983,732.125000,729.859985,731.830017,3394937.000000,1786638600.0
1786638600.0,731.840027,733.349976,731.400085,733.048401,1935657.000000,1786642200.0
1786642200.0,733.049988,733.226318,731.765015,732.000000,2352568.000000,1786645800.0
1786645800.0,732.010010,733.960022,732.010010,732.770020,2616587.000000,1786649400.0
1786649400.0,732.739990,732.864014,731.549988,732.059998,2965033.000000,1786653000.0
1786714200.0,733.260010,734.390015,730.840027,731.460083,5946582.000000,1786717800.0
1786717800.0,731.472107,731.840027,728.419983,729.320129,3069621.000000,1786721400.0
1786721400.0,729.369995,730.215027,728.320007,730.070007,2889901.000000,1786725000.0
1786725000.0,730.075012,730.099915,728.760010,729.013123,1942631.000000,1786728600.0
1786728600.0,729.030029,729.799988,728.780029,729.179993,1816304.000000,1786732200.0
1786732200.0,729.229980,730.080017,729.090027,729.859985,2632943.000000,1786735800.0
1786735800.0,729.859985,731.119995,729.760010,731.049988,3336093.000000,1786739400.0
