ts_open,o,h,l,c,v,ts_close
1695043800.0,443.049988,443.760010,442.559998,443.369995,9878640.000000,1695047400.0
1695047400.0,443.369995,444.079987,443.029999,444.065002,7573416.000000,1695051000.0
1695051000.0,444.065002,444.790009,444.040009,444.649994,6558165.000000,1695054600.0
1695054600.0,444.649994,444.970001,444.154999,444.460114,4511565.000000,1695058200.0
1695058200.0,444.460114,444.790009,444.010010,444.092896,4454306.000000,1695061800.0
1695061800.0,444.095001,444.339996,443.174988,443.540009,8174992.000000,1695065400.0
1695065400.0,443.540009,443.730011,443.174988,443.640015,9704329.000000,1695069000.0
1695130200.0,442.679993,443.250000,441.089996,441.619995,11890647.000000,1695133800.0
1695133800.0,441.625000,441.625000,440.494995,440.890015,8278217.000000,1695137400.0
1695137400.0,440.864990,441.040009,440.230988,440.559998,6110420.000000,1695141000.0
1695141000.0,440.559998,441.299988,439.940002,441.106903,5419344.000000,1695144600.0
1695144600.0,441.105011,442.450012,441.099091,442.049988,7749043.000000,1695148200.0
1695148200.0,442.040009,443.290009,441.880005,442.500000,8039526.000000,1695151800.0
1695151800.0,442.500000,443.179993,442.260010,442.750000,8529616.000000,1695155400.0
1695216600.0,444.010010,444.434998,443.399994,443.797913,8946454.000000,1695220200.0
1695220200.0,443.799988,443.989990,443.250000,443.290009,4431949.000000,1695223800.0
1695223800.0,443.274994,443.859985,443.160004,443.841003,4591470.000000,1695227400.0
1695227400.0,443.850006,444.010010,443.579987,443.625000,3142972.000000,1695231000.0
1695231000.0,443.630005,443.709991,441.529999,442.600006,12002308.000000,1695234600.0
1695234600.0,442.570007,443.750000,440.239990,440.864990,15849424.000000,1695238200.0
1695238200.0,440.880005,440.929993,438.429993,438.589996,18072105.000000,1695241800.0
1695303000.0,435.970001,435.970001,434.010010,434.688507,20352123.000000,1695306600.0
1695306600.0,434.690002,435.440002,433.649994,433.799988,9736150.000000,1695310200.0
1695310200.0,433.799988,434.519989,433.429993,433.752594,8310972.000000,1695313800.0
1695313800.0,433.779999,434.815002,433.489990,434.595001,7529646.000000,1695317400.0
1695317400.0,434.739990,434.899994,433.320007,433.334991,7976536.000000,1695321000.0
1695321000.0,433.329987,433.769989,432.010010,432.109985,14605794.000000,1695324600.0
1695324600.0,432.109985,432.399994,431.230011,431.410004,24523131.000000,1695328200.0
1695389400.0,432.450012,433.110291,431.670013,432.755005,15713607.000000,1695393000.0
1695393000.0,432.765015,433.899994,432.750000,433.869995,11264743.000000,1695396600.0
1695396600.0,433.875000,434.100006,432.654999,433.239990,6938138.000000,1695400200.0
1695400200.0,433.149994,433.760010,431.959991,432.140015,6427034.000000,1695403800.0
1695403800.0,432.140015,432.190002,430.549988,431.000000,11271892.000000,1695407400.0
1695407400.0,431.000000,433.209991,430.554993,432.589996,11027430.000000,1695411000.0
1695411000.0,432.600006,432.790009,429.989990,430.380005,20710545.000000,1695414600.0
1695648600.0,429.170013,430.760010,428.720001,429.529999,13763409.000000,1695652200.0
1695652200.0,429.519989,431.480011,429.140015,430.980011,9759026.000000,1695655800.0
1695655800.0,430.989990,432.019989,430.869995,431.890015,7351325.000000,1695659400.0
1695659400.0,431.899994,431.954987,430.609985,430.980011,5424485.000000,1695663000.0
1695663000.0,430.989990,431.730011,430.619995,430.994995,6103915.000000,1695666600.0
1695666600.0,430.985992,431.680115,429.980011,431.059692,10291280.000000,1695670200.0
1695670200.0,431.049988,432.269989,430.820007,432.220001,8533830.000000,1695673800.0
1695735000.0,429.089996,429.820007,426.991699,427.929993,17817783.000000,1695738600.0
1695738600.0,427.929993,428.709991,426.760010,426.779999,10417657.000000,1695742200.0
1695742200.0,426.779999,427.769989,426.630005,427.640015,9081946.000000,1695745800.0
1695745800.0,427.619995,427.980011,426.970001,426.980011,6478998.000000,1695749400.0
1695749400.0,426.970001,427.200012,425.799988,425.904297,10305191.000000,1695753000.0
1695753000.0,425.899994,426.179993,425.019989,425.239990,10860448.000000,1695756600.0
1695756600.0,425.239990,426.040009,425.079987,425.839996,17402223.000000,1695760200.0
1695821400.0,427.089996,427.670013,425.850098,426.829987,14092603.000000,1695825000.0
1695825000.0,426.820007,426.929993,425.010010,425.959991,11943202.000000,1695828600.0
1695828600.0,425.970001,426.119995,423.760010,424.199890,10803017.000000,1695832200.0
1695832200.0,424.200012,424.880005,422.760010,422.809387,12021058.000000,1695835800.0
1695835800.0,422.799988,424.439911,422.290009,424.380005,12685989.000000,1695839400.0
1695839400.0,424.385010,427.539001,424.369995,426.500000,19214480.000000,1695843000.0
1695843000.0,426.519989,426.609985,424.855011,426.029999,13695308.000000,1695846600.0
1695907800.0,425.220490,427.259888,424.869995,426.390015,16700378.000000,1695911400.0
1695911400.0,426.380005,428.309998,425.320007,428.304993,12253190.000000,1695915000.0
1695915000.0,428.309998,430.230011,428.279999,430.130005,14205227.000000,1695918600.0
1695918600.0,430.130005,430.249908,428.290009,428.470001,10432618.000000,1695922200.0
1695922200.0,428.470001,429.105011,427.660004,428.850006,9434448.000000,1695925800.0
1695925800.0,428.869995,429.765015,427.470001,429.690002,8404310.000000,1695929400.0
1695929400.0,429.695007,429.760010,427.970001,428.529999,13787477.000000,1695933000.0
1695994200.0,431.200012,431.850006,430.040009,430.339996,20648854.000000,1695997800.0
1695997800.0,430.350006,431.359985,429.929993,429.989990,10012019.000000,1696001400.0
1696001400.0,430.000000,430.209503,428.635010,429.410004,9596312.000000,1696005000.0
1696005000.0,429.429993,429.595001,426.500000,427.500000,12763406.000000,1696008600.0
1696008600.0,427.494995,427.679993,426.010010,426.260010,12485095.000000,1696012200.0
1696012200.0,426.269989,428.470001,425.910004,427.579987,16267060.000000,1696015800.0
1696015800.0,427.589996,428.875000,426.880005,427.410004,20067451.000000,1696019400.0
1696253400.0,426.619995,428.097290,426.195007,426.785004,16262920.000000,1696257000.0
1696257000.0,426.790009,428.470001,425.910004,428.339996,10594851.000000,1696260600.0
1696260600.0,428.328186,428.600006,424.959991,425.549988,11190972.000000,1696264200.0
1696264200.0,425.470001,425.799988,424.459991,425.630005,8710017.000000,1696267800.0
1696267800.0,425.640015,426.779999,424.880005,424.918701,9086111.000000,1696271400.0
1696271400.0,424.920013,426.149994,424.515015,425.779388,10932214.000000,1696275000.0
1696275000.0,425.785004,427.369995,425.613800,427.350189,12760900.000000,1696278600.0
1696339800.0,425.059998,426.649994,422.390015,422.519989,22995178.000000,1696343400.0
1696343400.0,422.519989,423.140015,421.239990,421.559998,14884855.000000,1696347000.0
1696347000.0,421.519989,422.559998,420.760010,422.429993,12020401.000000,1696350600.0
1696350600.0,422.450012,422.829987,421.609985,421.820007,8691399.000000,1696354200.0
1696354200.0,421.850006,421.909912,420.179993,420.519989,10544920.000000,1696357800.0
1696357800.0,420.519989,421.549988,420.429993,420.619995,10802006.000000,1696361400.0
1696361400.0,420.609985,421.739990,420.290009,421.670013,15042286.000000,1696365000.0
1696426200.0,422.070007,423.369995,420.559998,420.619598,17046341.000000,1696429800.0
1696429800.0,420.614990,423.049988,420.579987,422.769989,11757701.000000,1696433400.0
1696433400.0,422.769989,424.160004,422.309998,423.989990,9343884.000000,1696437000.0
1696437000.0,423.984985,424.359985,422.565002,422.619690,7452297.000000,1696440600.0
1696440600.0,422.619995,422.869995,421.640015,422.470001,9513007.000000,1696444200.0
1696444200.0,422.459991,424.739990,422.100006,424.420013,10029359.000000,1696447800.0
1696447800.0,424.420013,425.429901,424.190002,424.700012,14583717.000000,1696451400.0
1696512600.0,424.359985,425.260010,422.670013,423.424988,13509222.000000,1696516200.0
1696516200.0,423.420013,423.500000,421.170105,421.989990,9896336.000000,1696519800.0
1696519800.0,422.000000,423.239990,421.549988,423.170013,8110707.000000,1696523400.0
1696523400.0,423.165009,423.450012,421.869995,422.915009,6484908.000000,1696527000.0
1696527000.0,422.915009,424.579987,422.459991,424.279999,9208783.000000,1696530600.0
1696530600.0,424.274994,425.369995,424.179993,424.890015,8552236.000000,1696534200.0
1696534200.0,424.880005,424.980011,424.204987,424.459991,7706705.000000,1696537800.0
1696599000.0,421.970001,423.040009,420.600006,422.989990,22370640.000000,1696602600.0
1696602600.0,422.989990,425.810486,422.980011,425.790009,16475660.000000,1696606200.0
1696606200.0,425.799988,429.279999,425.799988,428.260010,16379535.000000,1696609800.0
1696609800.0,428.260010,429.690002,427.660004,429.440002,8757148.000000,1696613400.0
1696613400.0,429.438995,430.464996,429.049988,430.444092,8340008.000000,1696617000.0
1696617000.0,430.440002,431.125000,430.114990,430.769989,11362942.000000,1696620600.0
1696620600.0,430.769989,430.950012,429.380005,429.529999,18014068.000000,1696624200.0
1696858200.0,427.579987,429.140015,427.350006,428.334991,14392612.000000,1696861800.0
1696861800.0,428.320007,428.739990,427.010101,428.670013,8640144.000000,1696865400.0
1696865400.0,428.670013,429.980011,428.288605,429.160004,7360714.000000,1696869000.0
1696869000.0,429.149994,429.940002,428.540009,429.929993,5905270.000000,1696872600.0
1696872600.0,429.920013,432.570007,429.920013,432.440002,10893451.000000,1696876200.0
1696876200.0,432.500000,432.880005,431.695007,432.260010,12047505.000000,1696879800.0
1696879800.0,432.250000,432.290009,431.559998,432.279999,10553815.000000,1696883400.0
1696944600.0,432.940002,435.230011,432.529999,435.040009,13778302.000000,1696948200.0
1696948200.0,435.040009,436.640015,434.899994,436.380005,12526666.000000,1696951800.0
1696951800.0,436.380005,437.220001,436.239990,437.040009,7211653.000000,1696955400.0
1696955400.0,437.059998,437.140015,434.660004,435.380005,11645843.000000,1696959000.0
1696959000.0,435.410004,435.704987,434.500000,434.766998,7337749.000000,1696962600.0
1696962600.0,434.790009,435.730011,434.290009,434.741394,8612512.000000,1696966200.0
1696966200.0,434.744995,435.140015,434.325012,434.480011,12003833.000000,1696969800.0
1697031000.0,435.640015,436.459991,434.679993,435.019989,12140506.000000,1697034600.0
1697034600.0,435.019989,435.829987,434.260010,434.440094,7761062.000000,1697038200.0
1697038200.0,434.440002,435.049988,433.660004,433.890015,6319488.000000,1697041800.0
1697041800.0,433.899994,434.380005,433.360107,433.710907,6925661.000000,1697045400.0
1697045400.0,433.700012,435.299988,433.179993,434.630005,6801178.000000,1697049000.0
1697049000.0,434.640015,435.570007,434.579987,435.420013,6372533.000000,1697052600.0
1697052600.0,435.420013,436.579987,435.299988,436.309998,11039441.000000,1697056200.0
1697117400.0,436.950012,437.000000,434.980011,435.915009,12921800.000000,1697121000.0
1697121000.0,435.920013,436.899994,435.200012,436.170013,8113397.000000,1697124600.0
1697124600.0,436.170013,437.334991,435.824310,437.209991,5889878.000000,1697128200.0
1697128200.0,437.209991,437.279999,433.350006,433.410614,11365665.000000,1697131800.0
1697131800.0,433.410614,433.720001,431.230011,432.584991,16692145.000000,1697135400.0
1697135400.0,432.589996,433.910004,432.339996,433.390503,10635962.000000,1697139000.0
1697139000.0,433.390015,434.290009,433.380005,433.709991,9681612.000000,1697142600.0
1697203800.0,435.209991,436.450012,434.140015,434.450012,13995088.000000,1697207400.0
1697207400.0,434.445007,435.100006,431.600006,432.140015,11788128.000000,1697211000.0
1697211000.0,432.149994,433.029999,431.040009,432.904510,9727586.000000,1697214600.0
1697214600.0,432.910004,433.359985,430.135010,430.190002,9842566.000000,1697218200.0
1697218200.0,430.190002,431.964996,429.880005,431.429993,11786413.000000,1697221800.0
1697221800.0,431.450012,432.470001,430.769989,431.079987,10760493.000000,1697225400.0
1697225400.0,431.079987,431.679993,430.329987,431.549988,16454450.000000,1697229000.0
1697463000.0,433.820007,435.950012,433.570007,435.924988,14163351.000000,1697466600.0
1697466600.0,435.920013,437.019989,435.869995,436.570007,10644622.000000,1697470200.0
1697470200.0,436.570007,436.700012,435.484985,436.089996,6149364.000000,1697473800.0
1697473800.0,436.070007,436.859985,434.320007,435.640015,7551308.000000,1697477400.0
1697477400.0,435.649994,436.720001,435.450012,435.950012,6202345.000000,1697481000.0
1697481000.0,435.950012,436.920013,435.605011,436.880005,7040628.000000,1697484600.0
1697484600.0,436.890015,436.959991,435.769989,436.029999,15681568.000000,1697488200.0
1697549400.0,432.809998,435.250000,432.450012,434.665009,17017372.000000,1697553000.0
1697553000.0,434.674988,436.269989,434.480011,435.940002,8625402.000000,1697556600.0
1697556600.0,435.950012,438.079987,435.934998,438.071686,9569915.000000,1697560200.0
1697560200.0,438.079315,438.140015,436.230011,436.325012,7102280.000000,1697563800.0
1697563800.0,436.339996,436.355011,434.614990,435.154999,8845967.000000,1697567400.0
1697567400.0,435.150085,435.695007,434.225006,435.480011,9238872.000000,1697571000.0
1697571000.0,435.489990,436.114990,434.859985,436.079987,10702780.000000,1697574600.0
1697635800.0,434.190002,435.179993,433.200012,433.559998,14736037.000000,1697639400.0
1697639400.0,433.549988,433.739990,432.209991,432.869995,12153110.000000,1697643000.0
1697643000.0,432.869995,433.489990,431.809998,432.010010,9472423.000000,1697646600.0
1697646600.0,432.019989,433.809998,431.089996,433.019989,12160813.000000,1697650200.0
1697650200.0,433.000000,433.279999,431.309998,432.061005,10123615.000000,1697653800.0
1697653800.0,432.059998,432.579987,430.290009,430.470001,10122669.000000,1697657400.0
1697657400.0,430.470001,430.785004,429.089996,430.220001,17846991.000000,1697661000.0
1697722200.0,430.950012,431.390015,428.989990,429.000000,13182142.000000,1697725800.0
1697725800.0,429.010010,429.630005,428.459991,429.480011,9713574.000000,1697729400.0
1697729400.0,429.480011,432.320007,428.709991,430.109894,16451127.000000,1697733000.0
1697733000.0,430.119995,432.390015,427.720001,431.859985,19502893.000000,1697736600.0
1697736600.0,431.649994,431.744995,428.739990,429.029999,14633468.000000,1697740200.0
1697740200.0,429.040009,429.040009,426.329987,426.779999,20097675.000000,1697743800.0
1697743800.0,426.769989,427.415009,425.725006,426.429993,18834711.000000,1697747400.0
1697808600.0,425.980011,426.540009,423.250000,423.369995,19322601.000000,1697812200.0
1697812200.0,423.350006,423.890015,422.079987,422.290009,17085823.000000,1697815800.0
1697815800.0,422.299988,423.752014,421.910004,422.980011,18496571.000000,1697819400.0
1697819400.0,422.989990,424.769989,422.989990,424.180115,10384673.000000,1697823000.0
1697823000.0,424.190002,424.640015,422.470001,422.609985,10446385.000000,1697826600.0
1697826600.0,422.510010,423.329987,421.744995,422.339996,15084236.000000,1697830200.0
1697830200.0,422.329987,422.570007,421.079987,421.200012,19786949.000000,1697833800.0
1698067800.0,419.875000,421.640015,417.799988,420.825012,19545514.000000,1698071400.0
1698071400.0,420.809998,422.730011,420.070007,422.390015,12092875.000000,1698075000.0
1698075000.0,422.399994,423.019989,421.890015,422.809998,10181854.000000,1698078600.0
1698078600.0,422.839996,424.450012,422.579987,422.880005,8687365.000000,1698082200.0
1698082200.0,422.880005,423.855011,421.970001,422.420013,7572872.000000,1698085800.0
1698085800.0,422.420013,423.170013,420.940002,421.049988,9623408.000000,1698089400.0
1698089400.0,421.059998,421.350006,420.239990,420.459991,16419738.000000,1698093000.0
1698154200.0,422.649994,424.440002,422.429993,424.429993,16128136.000000,1698157800.0
1698157800.0,424.420013,424.820007,422.859985,422.959991,9358195.000000,1698161400.0
1698161400.0,422.964996,423.559998,421.350006,421.559998,9357132.000000,1698165000.0
1698165000.0,421.579895,422.170013,420.739990,422.139893,8889080.000000,1698168600.0
1698168600.0,422.149994,422.959991,421.809998,422.959991,6432192.000000,1698172200.0
1698172200.0,422.959991,424.149994,422.959991,424.050201,7403059.000000,1698175800.0
1698175800.0,424.049988,424.179993,423.510010,423.619995,11552191.000000,1698179400.0
1698240600.0,421.890015,421.920013,419.019989,419.309509,16858839.000000,1698244200.0
1698244200.0,419.299988,421.429993,419.140015,420.910004,13211575.000000,1698247800.0
1698247800.0,420.910004,421.079987,418.820007,419.209991,9072781.000000,1698251400.0
1698251400.0,419.209991,419.779999,417.760010,417.937103,10169841.000000,1698255000.0
1698255000.0,417.929993,418.320007,417.015015,417.734985,10753732.000000,1698258600.0
1698258600.0,417.739899,418.149994,417.119995,417.949890,9159194.000000,1698262200.0
1698262200.0,417.945007,418.454987,417.399994,417.619995,16837180.000000,1698265800.0
1698327000.0,416.450012,417.325012,414.450012,415.399994,20560455.000000,1698330600.0
1698330600.0,415.399994,416.880005,414.200012,414.380005,12463217.000000,1698334200.0
1698334200.0,414.380005,414.929993,412.295013,413.009094,13048487.000000,1698337800.0
1698337800.0,413.000000,413.209991,411.970001,412.239990,11400215.000000,1698341400.0
1698341400.0,412.250000,414.299988,411.600006,414.209991,11983030.000000,1698345000.0
1698345000.0,414.214996,415.940002,413.890015,414.190002,13654904.000000,1698348600.0
1698348600.0,414.190002,414.279999,412.285004,412.589996,20526272.000000,1698352200.0
1698413400.0,414.190002,414.470001,412.385010,412.980011,17511440.000000,1698417000.0
1698417000.0,412.989990,414.600006,411.864990,413.940002,12338355.000000,1698420600.0
1698420600.0,413.950012,414.024994,412.024994,412.519989,8036955.000000,1698424200.0
1698424200.0,412.529999,412.950012,410.309998,410.765015,13310390.000000,1698427800.0
1698427800.0,410.769989,411.130005,409.609985,409.820007,12311106.000000,1698431400.0
1698431400.0,409.829987,411.220001,409.260010,410.410004,14044214.000000,1698435000.0
1698435000.0,410.404999,410.910004,409.209991,410.739990,20009814.000000,1698438600.0
1698672600.0,413.559998,415.345001,408.910004,412.989990,17653344.000000,1698676200.0
1698676200.0,412.989990,414.049988,412.220001,412.929993,11284648.000000,1698679800.0
1698679800.0,412.954987,414.259888,412.899994,413.345001,7125570.000000,1698683400.0
1698683400.0,413.350006,415.191193,412.609985,415.029999,7055070.000000,1698687000.0
1698687000.0,415.040009,415.730011,414.619995,415.269989,10288783.000000,1698690600.0
1698690600.0,415.269989,416.679993,415.250000,416.220001,10809083.000000,1698694200.0
1698694200.0,416.230011,416.410004,415.459991,415.589996,16615746.000000,1698697800.0
1698759000.0,416.179993,416.369995,414.209991,415.744995,12631993.000000,1698762600.0
1698762600.0,415.739990,416.579987,414.815002,415.709991,9054519.000000,1698766200.0
1698766200.0,415.734985,416.484985,415.214996,415.910004,6609040.000000,1698769800.0
1698769800.0,415.920013,417.160004,415.295013,416.970001,7213580.000000,1698773400.0
1698773400.0,416.980011,418.070007,416.975006,417.079987,8866263.000000,1698777000.0
1698777000.0,417.089996,418.529999,417.070007,418.242004,9043003.000000,1698780600.0
1698780600.0,418.255005,418.510010,417.579987,418.230011,16086578.000000,1698784200.0
1698845400.0,419.200012,421.459991,418.649902,421.165009,17245877.000000,1698849000.0
1698849000.0,421.160004,421.899994,420.228210,420.390015,12134329.000000,1698852600.0
1698852600.0,420.390015,420.880005,419.829987,420.019989,6070846.000000,1698856200.0
1698856200.0,420.019989,420.410004,419.299988,419.820007,6476389.000000,1698859800.0
1698859800.0,419.809998,420.959991,419.309998,420.399994,9324008.000000,1698863400.0
1698863400.0,420.420013,423.350006,419.079987,422.829987,23506052.000000,1698867000.0
1698867000.0,422.820007,423.500000,422.510010,422.700012,17942489.000000,1698870600.0
1698931800.0,426.579987,428.410004,426.559998,428.220001,19904185.000000,1698935400.0
1698935400.0,428.225006,429.339996,428.170013,428.690002,12044236.000000,1698939000.0
1698939000.0,428.679993,429.299988,428.429993,428.730011,6588563.000000,1698942600.0
1698942600.0,428.739990,429.820007,428.619995,429.619995,10243747.000000,1698946200.0
1698946200.0,429.640015,430.519989,429.635010,430.140900,10188491.000000,1698949800.0
1698949800.0,430.169891,430.519989,430.000000,430.265015,7407100.000000,1698953400.0
1698953400.0,430.260010,430.915009,430.220001,430.750000,18092207.000000,1698957000.0
1699018200.0,433.140015,435.480011,433.010010,433.859985,20806580.000000,1699021800.0
1699021800.0,433.869995,434.359985,433.209991,433.950012,10598359.000000,1699025400.0
1699025400.0,433.989990,435.730194,433.989990,435.554993,8576967.000000,1699029000.0
1699029000.0,435.559998,435.899994,434.841003,435.100006,10048511.000000,1699032600.0
1699032600.0,435.100006,435.850006,434.920013,435.730011,10495298.000000,1699036200.0
1699036200.0,435.739990,436.290009,435.320007,435.470001,11453430.000000,1699039800.0
1699039800.0,435.470001,435.529999,434.660004,434.690002,18037498.000000,1699043400.0
1699281000.0,435.470001,436.149811,434.739990,435.279999,11921461.000000,1699284600.0
1699284600.0,435.279999,435.880096,435.040009,435.450012,7908631.000000,1699288200.0
1699288200.0,435.459991,435.640015,434.899994,435.040009,6986376.000000,1699291800.0
1699291800.0,435.040009,435.160004,433.679993,434.220001,7910777.000000,1699295400.0
1699295400.0,434.200012,434.540009,433.709991,434.289886,7503558.000000,1699299000.0
1699299000.0,434.279999,435.260010,434.190002,435.019989,8768447.000000,1699302600.0
1699302600.0,435.029999,435.739990,434.700012,435.649994,10725467.000000,1699306200.0
1699367400.0,435.690002,436.480011,434.510010,436.450012,12696897.000000,1699371000.0
1699371000.0,436.440002,437.440002,436.334991,437.035004,8293953.000000,1699374600.0
1699374600.0,437.040009,437.510010,436.040009,436.290009,9254940.000000,1699378200.0
1699378200.0,436.299988,437.239990,435.859985,437.040009,5827505.000000,1699381800.0
1699381800.0,437.035004,437.459991,436.940002,437.320007,5842558.000000,1699385400.0
1699385400.0,437.329987,437.440002,436.640015,437.200012,6421646.000000,1699389000.0
1699389000.0,437.209991,437.584991,436.209991,436.880005,12026112.000000,1699392600.0
1699453800.0,437.549988,438.089996,436.709991,436.959991,11503646.000000,1699457400.0
1699457400.0,436.950012,437.170013,436.200012,436.510010,7421882.000000,1699461000.0
1699461000.0,436.510010,436.880798,434.869995,435.500000,9072180.000000,1699464600.0
1699464600.0,435.500000,436.500000,435.220001,436.350006,5903629.000000,1699468200.0
1699468200.0,436.359985,437.089996,436.320007,437.019989,5441388.000000,1699471800.0
1699471800.0,437.019989,437.200012,436.440002,436.940399,5394302.000000,1699475400.0
1699475400.0,436.929993,437.799988,436.720306,437.200012,10540126.000000,1699479000.0
1699540200.0,438.429993,438.470001,436.359985,436.487610,11402284.000000,1699543800.0
1699543800.0,436.510010,437.880005,436.079987,437.420013,8211863.000000,1699547400.0
1699547400.0,437.429993,438.079987,437.119995,437.209991,6618065.000000,1699551000.0
1699551000.0,437.209991,437.739990,435.149994,436.399994,11962665.000000,1699554600.0
1699554600.0,436.399994,436.630005,434.015015,434.809998,12557317.000000,1699558200.0
1699558200.0,434.790009,435.049988,433.450012,433.769989,10919418.000000,1699561800.0
1699561800.0,433.779999,434.045013,433.399994,433.859985,13034026.000000,1699565400.0
1699626600.0,435.609985,436.239990,434.619995,434.799988,15352420.000000,1699630200.0
1699630200.0,434.795013,436.899994,434.429993,436.640015,8394582.000000,1699633800.0
1699633800.0,436.640015,437.510010,436.149994,437.350006,7188731.000000,1699637400.0
1699637400.0,437.359985,439.230011,437.350006,438.989990,12214232.000000,1699641000.0
1699641000.0,438.989990,439.928711,438.989990,439.820007,10121523.000000,1699644600.0
1699644600.0,439.829987,440.420013,439.524994,440.380005,7138164.000000,1699648200.0
1699648200.0,440.369995,440.929993,440.220001,440.609985,19020049.000000,1699651800.0
1699885800.0,439.230011,439.589996,438.420013,439.170013,11771076.000000,1699889400.0
1699889400.0,439.170013,440.529999,439.029999,440.510010,7838993.000000,1699893000.0
1699893000.0,440.500000,441.329987,440.329987,440.730011,6248960.000000,1699896600.0
1699896600.0,440.760010,440.790009,440.089996,440.140015,4831238.000000,1699900200.0
1699900200.0,440.170013,441.029999,439.899994,440.929901,5055335.000000,1699903800.0
1699903800.0,440.929993,441.119995,440.279999,440.750000,5879281.000000,1699907400.0
1699907400.0,440.750000,440.779999,440.100006,440.200012,6000342.000000,1699911000.0
1699972200.0,446.500000,448.880005,446.089996,448.869995,27313749.000000,1699975800.0
1699975800.0,448.869995,449.730011,448.790009,449.459991,12594254.000000,1699979400.0
1699979400.0,449.459991,449.589996,447.869995,448.109985,10589284.000000,1699983000.0
1699983000.0,448.118988,448.940002,448.070007,448.850006,5512756.000000,1699986600.0
1699986600.0,448.859985,449.140015,447.700012,448.559998,6404806.000000,1699990200.0
1699990200.0,448.570007,450.059998,448.559509,449.861115,10939361.000000,1699993800.0
1699993800.0,449.869995,449.940002,448.290009,448.730011,16227030.000000,1699997400.0
1700058600.0,450.109985,451.239990,449.399994,450.700012,14719685.000000,1700062200.0
1700062200.0,450.700012,451.380005,450.470001,450.799988,10568921.000000,1700065800.0
1700065800.0,450.799988,450.815002,449.540009,450.169891,7893057.000000,1700069400.0
1700069400.0,450.160004,450.369995,448.799988,449.739014,7447002.000000,1700073000.0
1700073000.0,449.734985,450.475006,449.592194,450.440002,7296940.000000,1700076600.0
1700076600.0,450.440002,450.690002,449.744995,450.070007,8640261.000000,1700080200.0
1700080200.0,450.079987,450.369995,449.209991,449.640015,13926425.000000,1700083800.0
1700145000.0,449.220001,450.559998,449.130005,449.950012,10474895.000000,1700148600.0
1700148600.0,449.950012,450.304993,448.279999,448.329987,10990297.000000,1700152200.0
1700152200.0,448.325012,449.390015,448.119995,449.255005,7477983.000000,1700155800.0
1700155800.0,449.255005,449.915009,448.885010,449.410004,6820560.000000,1700159400.0
1700159400.0,449.420013,449.524994,448.579987,448.934998,6711595.000000,1700163000.0
1700163000.0,448.929993,449.839996,448.910004,449.609985,7915166.000000,1700166600.0
1700166600.0,449.619995,450.320007,449.472809,450.209991,11623436.000000,1700170200.0
1700231400.0,450.239990,450.600006,449.459991,450.250000,13936161.000000,1700235000.0
1700235000.0,450.250000,450.279999,449.290009,449.799988,8243120.000000,1700238600.0
1700238600.0,449.799988,450.690002,449.543091,450.125000,17363758.000000,1700242200.0
1700242200.0,450.130005,450.869995,450.081909,450.709991,5735845.000000,1700245800.0
1700245800.0,450.709991,451.394989,450.709991,450.950012,6918896.000000,1700249400.0
1700249400.0,450.950012,451.420013,450.640015,451.089996,6668268.000000,1700253000.0
1700253000.0,451.089996,451.119995,450.200012,450.779999,11388543.000000,1700256600.0
1700490600.0,450.529999,452.329987,450.519989,451.950012,10549782.000000,1700494200.0
1700494200.0,451.950012,452.799988,451.752014,452.670013,7475944.000000,1700497800.0
1700497800.0,452.670013,453.079987,452.579987,452.869995,5775971.000000,1700501400.0
1700501400.0,452.880005,453.809998,452.480011,453.709991,6502113.000000,1700505000.0
1700505000.0,453.720001,454.109985,453.684998,454.000000,6575045.000000,1700508600.0
1700508600.0,454.010010,455.125000,454.005005,455.029999,9081658.000000,1700512200.0
1700512200.0,455.029999,455.040009,453.920013,454.250000,16384028.000000,1700515800.0
1700577000.0,453.184204,453.320007,452.040009,452.149994,10197681.000000,1700580600.0
1700580600.0,452.160004,452.774994,451.959900,452.500000,7548888.000000,1700584200.0
1700584200.0,452.490112,453.200012,452.220001,453.130005,4716211.000000,1700587800.0
1700587800.0,453.133789,453.589996,452.641388,452.840912,4885190.000000,1700591400.0
1700591400.0,452.869995,453.570007,452.790009,453.250000,5339982.000000,1700595000.0
1700595000.0,453.250000,453.579987,452.820007,453.269989,5421922.000000,1700598600.0
1700598600.0,453.274994,453.489990,452.890015,453.260010,7235517.000000,1700602200.0
1700663400.0,455.329987,456.380005,453.889496,454.959991,14657791.000000,1700667000.0
1700667000.0,454.959991,455.529999,454.279999,455.010010,7671327.000000,1700670600.0
1700670600.0,455.019989,455.899994,454.890015,455.380005,5564070.000000,1700674200.0
1700674200.0,455.390015,455.565002,454.619995,455.549988,4455610.000000,1700677800.0
1700677800.0,455.549988,455.619995,455.204987,455.480011,5262448.000000,1700681400.0
1700681400.0,455.470001,455.500000,453.924988,455.280090,8808112.000000,1700685000.0
1700685000.0,455.279999,455.410004,454.980011,455.029999,7993229.000000,1700688600.0
1700836200.0,455.070007,455.500000,454.730011,454.980011,7031138.000000,1700839800.0
1700839800.0,454.989990,455.239990,454.730011,455.045013,5936204.000000,1700843400.0
1700843400.0,455.049988,455.135010,454.850006,454.859985,7532051.000000,1700847000.0
1701095400.0,454.649994,455.244995,454.079895,454.609985,9113168.000000,1701099000.0
1701099000.0,454.630005,455.070404,454.230896,454.869904,5772801.000000,1701102600.0
1701102600.0,454.859985,455.390015,454.571014,454.950012,6221715.000000,1701106200.0
1701106200.0,454.970001,455.490112,454.894989,455.239990,4420471.000000,1701109800.0
1701109800.0,455.239990,455.369995,454.890015,454.994995,4110195.000000,1701113400.0
1701113400.0,455.000000,455.029999,454.109985,454.964996,6152850.000000,1701117000.0
1701117000.0,454.994995,455.309998,454.369995,454.500000,10347825.000000,1701120600.0
1701181800.0,454.079987,454.285004,453.500000,454.049988,9220531.000000,1701185400.0
1701185400.0,454.049988,455.665009,453.924988,455.570007,9229012.000000,1701189000.0
1701189000.0,455.665009,456.269989,455.350006,455.399994,7017631.000000,1701192600.0
1701192600.0,455.410004,455.410004,453.769989,454.549988,9731581.000000,1701196200.0
1701196200.0,454.540009,454.796692,454.150299,454.250000,4898201.000000,1701199800.0
1701199800.0,454.250000,454.945007,453.970001,454.390015,5641164.000000,1701203400.0
1701203400.0,454.380005,455.100006,454.239990,454.890015,11032072.000000,1701207000.0
1701268200.0,457.149994,458.320007,456.100006,456.475006,15944168.000000,1701271800.0
1701271800.0,456.480011,456.890015,455.109985,455.140015,8153909.000000,1701275400.0
1701275400.0,455.149994,456.214996,454.945007,456.190002,6126822.000000,1701279000.0
1701279000.0,456.190094,456.450012,455.820007,456.295013,5621568.000000,1701282600.0
1701282600.0,456.295013,456.339905,455.695007,455.885010,4673604.000000,1701286200.0
1701286200.0,455.697388,455.890015,454.369995,454.440002,7339883.000000,1701289800.0
1701289800.0,454.440002,454.670013,454.200012,454.619995,10479429.000000,1701293400.0
1701354600.0,455.480011,455.709991,454.140015,454.799988,12218811.000000,1701358200.0
1701358200.0,454.809998,455.339996,454.010010,454.399994,9655242.000000,1701361800.0
1701361800.0,454.410004,454.510010,453.500000,453.570099,7458230.000000,1701365400.0
1701365400.0,453.570007,454.320007,453.480011,453.630005,4513934.000000,1701369000.0
1701369000.0,453.649902,454.549988,453.339996,454.358002,4940880.000000,1701372600.0
1701372600.0,454.359985,455.149994,453.839996,454.109985,7349569.000000,1701376200.0
1701376200.0,454.109985,456.760010,454.045013,456.299988,21460116.000000,1701379800.0
1701441000.0,455.769989,457.130005,455.179993,455.690002,12000513.000000,1701444600.0
1701444600.0,455.679993,457.549988,455.160004,457.450012,11430012.000000,1701448200.0
1701448200.0,457.459991,458.970001,456.839996,458.915009,11434084.000000,1701451800.0
1701451800.0,458.910004,459.649994,458.549988,458.549988,11504790.000000,1701455400.0
1701455400.0,458.549988,458.850006,458.190002,458.730011,8517622.000000,1701459000.0
1701459000.0,458.730011,459.140015,458.380005,459.049988,7697505.000000,1701462600.0
1701462600.0,459.049988,459.320007,458.589996,459.035004,11601018.000000,1701466200.0
1701700200.0,455.750000,456.829987,454.640015,454.815094,16093892.000000,1701703800.0
1701703800.0,454.815002,455.160004,454.339996,455.070007,10776842.000000,1701707400.0
1701707400.0,455.064301,456.450012,454.869995,456.256409,7189401.000000,1701711000.0
1701711000.0,456.250000,456.739990,455.839996,455.859985,6309156.000000,1701714600.0
1701714600.0,455.864990,456.279999,455.494995,455.839996,7554979.000000,1701718200.0
1701718200.0,455.834991,456.190002,455.670013,456.029999,7591966.000000,1701721800.0
1701721800.0,456.035004,456.937012,455.809998,456.679993,11095665.000000,1701725400.0
1701786600.0,455.260010,457.000000,454.869995,456.379913,12876250.000000,1701790200.0
1701790200.0,456.380005,457.589996,455.579987,456.269989,9560516.000000,1701793800.0
1701793800.0,456.299988,456.690002,455.364990,456.274994,7090121.000000,1701797400.0
1701797400.0,456.279999,456.570007,455.230011,456.329987,7684502.000000,1701801000.0
1701801000.0,456.329987,456.700012,455.899994,456.470001,5434410.000000,1701804600.0
1701804600.0,456.470001,456.790009,455.984985,456.529999,5780157.000000,1701808200.0
1701808200.0,456.540009,456.630005,456.089996,456.579987,14225419.000000,1701811800.0
1701873000.0,458.809998,458.839996,456.760010,457.120087,12335048.000000,1701876600.0
1701876600.0,457.130005,457.549988,456.609985,456.839996,6153440.000000,1701880200.0
1701880200.0,456.815002,456.859985,456.010010,456.265015,7532811.000000,1701883800.0
1701883800.0,456.269989,456.750000,455.600006,456.390015,6152361.000000,1701887400.0
1701887400.0,456.399994,456.598511,455.869995,455.899994,4538391.000000,1701891000.0
1701891000.0,455.910004,456.380005,454.839996,454.994995,8210542.000000,1701894600.0
1701894600.0,454.989990,455.209015,454.309998,454.709991,14670485.000000,1701898200.0
1701959400.0,456.910004,458.015015,456.290009,457.959991,14619703.000000,1701963000.0
1701963000.0,457.980011,458.144989,456.511993,457.070007,8997510.000000,1701966600.0
1701966600.0,457.070007,458.450012,457.010010,458.250000,6732091.000000,1701970200.0
1701970200.0,458.260010,458.549988,457.945007,458.089996,6550227.000000,1701973800.0
1701973800.0,458.100006,458.899994,457.970001,458.720001,5872328.000000,1701977400.0
1701977400.0,458.730011,458.760010,457.929993,458.299988,7034976.000000,1701981000.0
1701981000.0,458.299988,458.470001,457.959991,458.200012,9886232.000000,1701984600.0
1702045800.0,457.459991,460.420013,457.209991,459.859985,15482445.000000,1702049400.0
1702049400.0,459.859985,460.109985,458.209991,458.696991,11425059.000000,1702053000.0
1702053000.0,458.690002,458.940002,457.535004,458.799988,6756114.000000,1702056600.0
1702056600.0,458.799988,459.589996,458.570007,459.450012,7731858.000000,1702060200.0
1702060200.0,459.450012,459.980011,459.049988,459.929993,6223634.000000,1702063800.0
1702063800.0,459.929993,460.470001,459.799988,460.380707,8087675.000000,1702067400.0
1702067400.0,460.380005,460.744995,460.049988,460.160004,12466833.000000,1702071000.0
1702305000.0,459.679993,460.579987,459.470001,460.200012,11207192.000000,1702308600.0
1702308600.0,460.204987,461.230011,460.040009,460.480011,9626392.000000,1702312200.0
1702312200.0,460.489990,460.809998,459.904999,460.679993,6317475.000000,1702315800.0
1702315800.0,460.700012,461.600006,460.579987,461.464996,7170629.000000,1702319400.0
1702319400.0,461.470001,461.850006,461.415009,461.730011,5089233.000000,1702323000.0
1702323000.0,461.796997,461.829987,461.339600,461.480011,7165848.000000,1702326600.0
1702326600.0,461.480011,462.170013,461.399994,461.970001,10465640.000000,1702330200.0
1702391400.0,461.630005,462.369995,460.600006,462.029999,12537628.000000,1702395000.0
1702395000.0,462.149994,462.834991,461.940002,462.500000,9762282.000000,1702398600.0
1702398600.0,462.510010,462.890015,462.239990,462.829987,6897767.000000,1702402200.0
1702402200.0,462.832794,463.119995,462.500000,462.880005,5397738.000000,1702405800.0
1702405800.0,462.880005,463.290009,462.810089,463.250000,5140851.000000,1702409400.0
1702409400.0,463.260010,464.119995,463.250214,464.089996,0.000000,1702413000.0
1702413000.0,464.090088,464.200012,463.589996,464.149994,58361577.000000,1702416600.0
1702477800.0,464.489990,464.910004,464.239990,464.829987,8107491.000000,1702481400.0
1702481400.0,464.829987,465.309998,464.739990,464.885010,5399816.000000,1702485000.0
1702485000.0,464.890015,465.049988,464.440002,464.529999,4021133.000000,1702488600.0
1702488600.0,464.524994,464.619995,464.119995,464.179993,5255634.000000,1702492200.0
1702492200.0,464.179993,467.839996,464.125000,467.450012,17630326.000000,1702495800.0
1702495800.0,467.450104,470.759888,467.049988,468.864990,24338823.000000,1702499400.0
1702499400.0,468.859985,470.540009,468.480011,470.440002,17076677.000000,1702503000.0
1702564200.0,472.970001,473.730011,471.779999,472.279999,22336690.000000,1702567800.0
1702567800.0,472.290009,472.809998,471.459991,471.929993,10065862.000000,1702571400.0
1702571400.0,471.950012,473.279999,471.540009,473.260010,9535118.000000,1702575000.0
1702575000.0,473.260010,473.364990,470.820007,470.845001,12769905.000000,1702578600.0
1702578600.0,470.845001,471.255005,469.250000,471.190094,13620577.000000,1702582200.0
1702582200.0,471.191315,471.730011,470.934998,471.470001,11453862.000000,1702585800.0
1702585800.0,471.470001,472.059998,471.089996,472.000000,15613045.000000,1702589400.0
1702650600.0,469.250000,470.220001,468.809998,470.059998,21953410.000000,1702654200.0
1702654200.0,470.070007,470.540009,469.739990,470.329987,23872136.000000,1702657800.0
1702657800.0,470.329987,470.500000,469.790009,470.299988,10790499.000000,1702661400.0
1702661400.0,470.309998,470.339996,469.269989,469.790009,9377451.000000,1702665000.0
1702665000.0,469.790009,469.950012,468.440002,468.489990,12763979.000000,1702668600.0
1702668600.0,468.489990,469.559998,468.480011,469.404999,10938651.000000,1702672200.0
1702672200.0,469.404999,470.700012,468.940002,469.369995,25329601.000000,1702675800.0
1702909800.0,470.980011,471.880005,470.799988,471.790009,10625762.000000,1702913400.0
1702913400.0,471.799988,472.089996,471.079987,471.980011,7956151.000000,1702917000.0
1702917000.0,471.989990,472.649994,471.910004,472.484985,6298952.000000,1702920600.0
1702920600.0,472.500000,472.559998,472.109985,472.524994,4899627.000000,1702924200.0
1702924200.0,472.529999,472.980011,472.279999,472.480011,5827040.000000,1702927800.0
1702927800.0,472.489990,472.809998,472.204987,472.709991,7917164.000000,1702931400.0
1702931400.0,472.720001,472.725006,471.950012,472.010010,10423406.000000,1702935000.0
1702996200.0,472.529999,474.029999,472.450012,473.850006,10099808.000000,1702999800.0
1702999800.0,473.859985,474.429993,473.619995,474.249908,7172465.000000,1703003400.0
1703003400.0,474.255005,474.475006,473.630493,473.855011,6831653.000000,1703007000.0
1703007000.0,473.850006,474.209991,473.639893,473.970001,4547507.000000,1703010600.0
1703010600.0,473.980011,474.350006,473.770111,474.329987,5047458.000000,1703014200.0
1703014200.0,474.329987,474.410004,473.820007,474.190002,5703977.000000,1703017800.0
1703017800.0,474.190002,474.920013,474.040009,474.820007,7908349.000000,1703021400.0
1703082600.0,473.929993,475.230011,473.924988,475.130096,8997403.000000,1703086200.0
1703086200.0,475.135010,475.589996,475.070007,475.301788,5193583.000000,1703089800.0
1703089800.0,475.309998,475.554993,475.029999,475.464996,3947113.000000,1703093400.0
1703093400.0,475.470001,475.894989,475.091003,475.570007,5137548.000000,1703097000.0
1703097000.0,475.570007,475.760010,474.535004,474.571014,7623651.000000,1703100600.0
1703100600.0,474.579987,474.589996,469.049988,469.279999,29530134.000000,1703104200.0
1703104200.0,469.690002,470.140015,467.820007,467.980011,23941991.000000,1703107800.0
1703169000.0,471.329987,472.440002,470.549988,471.170013,18752728.000000,1703172600.0
1703172600.0,471.179993,471.809998,470.660004,471.510010,8394982.000000,1703176200.0
1703176200.0,471.489990,471.690002,469.399994,469.540100,9854583.000000,1703179800.0
1703179800.0,469.549988,470.190002,468.839996,470.095001,8083555.000000,1703183400.0
1703183400.0,470.100006,470.850006,469.790009,470.619690,6189634.000000,1703187000.0
1703187000.0,470.619995,471.929108,470.179993,471.894989,7388693.000000,1703190600.0
1703190600.0,471.910004,472.975006,471.630005,472.690002,13642563.000000,1703194200.0
1703255400.0,474.000000,475.380005,473.769989,475.149994,12110409.000000,1703259000.0
1703259000.0,475.149994,475.299011,473.619995,474.390015,8491079.000000,1703262600.0
1703262600.0,474.380005,474.699890,473.661011,474.100006,4967328.000000,1703266200.0
1703266200.0,474.109985,474.750000,473.899994,474.600006,5734318.000000,1703269800.0
1703269800.0,474.589996,474.700012,471.970001,472.079987,7205040.000000,1703273400.0
1703273400.0,472.089996,474.029999,471.700012,473.945007,9512171.000000,1703277000.0
1703277000.0,473.940002,473.959991,472.975006,473.619995,10345331.000000,1703280600.0
1703601000.0,474.070007,475.119995,473.989990,474.864990,7514890.000000,1703604600.0
1703604600.0,474.869995,475.190002,474.529999,474.750000,6919823.000000,1703608200.0
1703608200.0,474.744995,475.230011,474.730011,475.070007,4308423.000000,1703611800.0
1703611800.0,475.070007,475.459991,474.850006,475.311310,3452801.000000,1703615400.0
1703615400.0,475.309998,475.570007,475.140015,475.524994,3831164.000000,1703619000.0
1703619000.0,475.529999,476.579987,475.470001,476.200012,6582092.000000,1703622600.0
1703622600.0,476.200012,476.440002,475.290009,475.589996,12987897.000000,1703626200.0
1703687400.0,475.440002,476.140015,475.160004,475.739990,9755062.000000,1703691000.0
1703691000.0,475.739990,475.790009,475.079987,475.470001,5646966.000000,1703694600.0
1703694600.0,475.470001,476.070007,475.410004,475.839996,4658326.000000,1703698200.0
1703698200.0,475.839996,476.660004,475.290009,476.239899,6157377.000000,1703701800.0
1703701800.0,476.250000,476.489990,474.890015,475.806213,8558557.000000,1703705400.0
1703705400.0,475.799988,475.934998,475.190002,475.644989,9196779.000000,1703709000.0
1703709000.0,475.630005,476.570007,475.160004,476.510010,11988544.000000,1703712600.0
1703773800.0,476.880005,477.385010,476.799988,477.268707,6620236.000000,1703777400.0
1703777400.0,477.269989,477.500000,476.589996,476.859314,5545977.000000,1703781000.0
1703781000.0,476.880005,477.190002,476.709991,476.904999,3770077.000000,1703784600.0
1703784600.0,476.899994,477.410004,476.429993,477.040009,8362425.000000,1703788200.0
1703788200.0,477.038208,477.549988,476.919708,477.350006,7117839.000000,1703791800.0
1703791800.0,477.359985,477.500000,476.619995,476.899994,10867672.000000,1703795400.0
1703795400.0,476.899994,477.345001,476.260010,476.670013,16366070.000000,1703799000.0
1703860200.0,476.489990,477.029999,476.410004,476.704987,9036073.000000,1703863800.0
1703863800.0,476.709991,476.760010,473.899994,473.950012,18621924.000000,1703867400.0
1703867400.0,473.940002,474.559998,473.299988,473.589905,10997530.000000,1703871000.0
1703871000.0,473.579987,475.104004,473.510010,474.500000,8044393.000000,1703874600.0
1703874600.0,474.489990,475.459991,474.475006,475.049988,8856547.000000,1703878200.0
1703878200.0,475.049988,475.890015,475.049988,475.779999,15608948.000000,1703881800.0
1703881800.0,475.769989,475.779999,474.489990,475.350006,23612806.000000,1703885400.0
1704205800.0,472.540009,472.799988,471.359985,471.760010,19608168.000000,1704209400.0
1704209400.0,471.769989,472.450012,471.299988,472.329987,9085308.000000,1704213000.0
1704213000.0,472.320007,473.359985,472.269989,472.975006,9373953.000000,1704216600.0
1704216600.0,472.954987,473.670013,472.279999,472.660492,7394613.000000,1704220200.0
1704220200.0,472.660004,472.959686,471.545013,471.880096,9946269.000000,1704223800.0
1704223800.0,471.859985,472.059998,470.489990,470.910004,13662376.000000,1704227400.0
1704227400.0,470.904999,472.670013,470.670013,472.600006,24786273.000000,1704231000.0
1704292200.0,470.500000,470.959991,469.220001,469.500000,18908272.000000,1704295800.0
1704295800.0,469.489990,469.929993,468.709991,469.709991,14067856.000000,1704299400.0
1704299400.0,469.700012,469.829987,468.970001,469.579987,7616562.000000,1704303000.0
1704303000.0,469.579987,470.769989,469.420502,470.329987,6375672.000000,1704306600.0
1704306600.0,470.339996,471.190002,468.950012,470.940002,11787244.000000,1704310200.0
1704310200.0,470.950012,471.179993,468.970001,469.260010,12079010.000000,1704313800.0
1704313800.0,469.274994,469.795013,468.170013,468.730011,18962548.000000,1704317400.0
1704378600.0,468.299988,470.149994,468.109985,469.765015,12633397.000000,1704382200.0
1704382200.0,469.760010,470.959991,469.619995,470.649994,5975815.000000,1704385800.0
1704385800.0,470.660004,470.820007,469.260010,469.609985,6137719.000000,1704389400.0
1704389400.0,469.608795,469.619995,468.665009,469.320099,4754153.000000,1704393000.0
1704393000.0,469.329987,469.470001,468.509613,468.579895,7022819.000000,1704396600.0
1704396600.0,468.570007,469.040009,468.070007,468.269012,11836431.000000,1704400200.0
1704400200.0,468.260010,468.679504,467.049988,467.269989,19959713.000000,1704403800.0
1704465000.0,467.489990,470.420013,467.130005,469.489990,19179429.000000,1704468600.0
1704468600.0,469.470001,470.440002,469.049988,469.122009,9241724.000000,1704472200.0
1704472200.0,469.130005,469.399994,467.234985,467.380310,10320504.000000,1704475800.0
1704475800.0,467.380005,467.899994,466.679993,467.859985,9917632.000000,1704479400.0
1704479400.0,467.850098,468.980011,467.850006,468.209991,6499628.000000,1704483000.0
1704483000.0,468.200012,468.489990,466.500000,466.929993,10134124.000000,1704486600.0
1704486600.0,466.929993,468.290009,466.429993,467.959991,10991713.000000,1704490200.0
1704724200.0,468.429993,470.019989,468.299988,469.950012,13184327.000000,1704727800.0
1704727800.0,469.959991,470.744995,469.959991,470.410004,7714603.000000,1704731400.0
1704731400.0,470.410004,471.250000,470.369995,470.730011,7068625.000000,1704735000.0
1704735000.0,470.755005,471.720001,470.679993,471.379700,4977673.000000,1704738600.0
1704738600.0,471.375000,473.015015,471.359985,472.970001,6753249.000000,1704742200.0
1704742200.0,472.980011,474.000000,472.980011,473.660004,10714299.000000,1704745800.0
1704745800.0,473.660004,474.750000,473.579987,474.559998,16777393.000000,1704749400.0
1704810600.0,471.869995,472.950104,471.350006,472.500000,14245354.000000,1704814200.0
1704814200.0,472.489990,473.339996,472.160004,473.285004,8060549.000000,1704817800.0
1704817800.0,473.290009,474.375000,473.079987,474.230011,5918919.000000,1704821400.0
1704821400.0,474.239990,474.929993,473.755005,473.799988,5510511.000000,1704825000.0
1704825000.0,473.809998,474.669891,473.149994,473.595001,7002378.000000,1704828600.0
1704828600.0,473.600006,474.250000,473.190002,473.779999,6075632.000000,1704832200.0
1704832200.0,473.765015,474.200012,472.929993,473.850006,12758416.000000,1704835800.0
1704897000.0,474.160004,475.339996,473.869995,474.700012,9892395.000000,1704900600.0
1704900600.0,474.700012,475.274994,474.424988,474.779999,6585072.000000,1704904200.0
1704904200.0,474.790009,475.179993,474.480011,475.119995,4659149.000000,1704907800.0
1704907800.0,475.130005,475.929901,474.810089,475.299988,6341304.000000,1704911400.0
1704911400.0,475.309998,476.829987,475.230103,476.619995,6882808.000000,1704915000.0
1704915000.0,476.619995,477.448090,475.885010,476.220001,11225715.000000,1704918600.0
1704918600.0,476.239990,476.839996,475.179993,476.519989,10955168.000000,1704922200.0
1704983400.0,477.589996,478.119995,473.570007,475.000000,18710378.000000,1704987000.0
1704987000.0,474.989990,475.570007,472.519989,473.049988,10100121.000000,1704990600.0
1704990600.0,473.049988,473.618988,472.260010,472.940002,9033453.000000,1704994200.0
1704994200.0,472.959991,475.040009,472.959991,474.750000,8047199.000000,1704997800.0
1704997800.0,474.760010,476.230011,474.610107,476.100006,8400846.000000,1705001400.0
1705001400.0,476.109985,476.979004,475.464996,475.910004,8034505.000000,1705005000.0
1705005000.0,475.899994,476.700012,475.540009,476.329987,9279987.000000,1705008600.0
1705069800.0,477.839996,478.600006,475.899994,476.529999,14830436.000000,1705073400.0
1705073400.0,476.519989,476.910095,475.230011,476.579498,8085545.000000,1705077000.0
1705077000.0,476.579987,476.820007,475.364990,475.920013,5283510.000000,1705080600.0
1705080600.0,475.940002,476.760010,475.609985,476.629913,4370521.000000,1705084200.0
1705084200.0,476.640015,477.339996,476.490112,476.910004,5334534.000000,1705087800.0
1705087800.0,476.909912,476.929993,475.760010,476.189514,6290298.000000,1705091400.0
1705091400.0,476.299286,476.899994,476.079987,476.660004,8577369.000000,1705095000.0
1705415400.0,475.500000,476.260010,473.470001,475.920013,14851461.000000,1705419000.0
1705419000.0,475.920013,476.609802,474.609985,475.880310,12233560.000000,1705422600.0
1705422600.0,475.899994,476.440002,474.339996,474.410004,8339328.000000,1705426200.0
1705426200.0,474.269989,475.209991,473.829987,475.005005,8238986.000000,1705429800.0
1705429800.0,475.010010,475.200012,473.109894,473.590088,9348411.000000,1705433400.0
1705433400.0,473.595001,474.519989,473.359985,474.039886,9610816.000000,1705437000.0
1705437000.0,474.049988,475.059998,473.774994,474.940002,12331474.000000,1705440600.0
1705501800.0,471.730011,472.260010,471.049988,471.839996,16757682.000000,1705505400.0
1705505400.0,471.820007,472.779999,471.500000,472.500000,7602095.000000,1705509000.0
1705509000.0,472.464996,472.790009,471.409790,471.519989,5870969.000000,1705512600.0
1705512600.0,471.529999,472.040009,470.450012,470.690002,6321864.000000,1705516200.0
1705516200.0,470.690002,471.399994,469.869995,471.214996,8235811.000000,1705519800.0
1705519800.0,471.220001,471.765015,470.670013,470.878906,6930241.000000,1705523400.0
1705523400.0,470.880005,472.609985,470.829987,472.279999,9859171.000000,1705527000.0
1705588200.0,474.010010,474.470001,473.390015,474.160004,13961495.000000,1705591800.0
1705591800.0,474.195007,474.880005,473.660004,474.686615,10106478.000000,1705595400.0
1705595400.0,474.690002,475.029999,473.040009,473.589996,9910600.000000,1705599000.0
1705599000.0,473.380005,473.660004,472.420013,472.730011,8595409.000000,1705602600.0
1705602600.0,472.910004,475.660004,472.700012,475.619995,10369612.000000,1705606200.0
1705606200.0,475.619995,476.410004,474.940002,476.410004,12426222.000000,1705609800.0
1705609800.0,476.410004,477.059998,475.899994,476.470001,13885851.000000,1705613400.0
1705674600.0,477.649994,478.384003,476.940002,477.950012,16562092.000000,1705678200.0
1705678200.0,477.940002,479.279999,477.339996,478.850006,17724693.000000,1705681800.0
1705681800.0,478.845001,479.510010,478.200012,479.350006,7718928.000000,1705685400.0
1705685400.0,479.330109,481.000000,479.279999,480.959991,11896576.000000,1705689000.0
1705689000.0,480.950104,482.549988,480.940002,481.970001,13806991.000000,1705692600.0
1705692600.0,481.970001,482.549988,481.329987,482.140015,11234076.000000,1705696200.0
1705696200.0,482.100006,482.480011,481.834991,482.410004,15287880.000000,1705699800.0
1705933800.0,484.070312,485.220001,483.989990,484.369995,16458521.000000,1705937400.0
1705937400.0,484.380005,484.399994,482.959991,484.070007,11825062.000000,1705941000.0
1705941000.0,484.059998,484.209991,483.190002,483.920013,7159263.000000,1705944600.0
1705944600.0,483.921204,484.040009,482.779999,482.890015,6461403.000000,1705948200.0
1705948200.0,482.899994,484.010010,482.859985,483.609985,8367908.000000,1705951800.0
1705951800.0,483.619995,484.200012,483.269989,484.100098,7542148.000000,1705955400.0
1705955400.0,484.105011,484.190002,483.369995,483.510193,10077668.000000,1705959000.0
1706020200.0,484.010010,484.373688,483.440002,483.839996,8320064.000000,1706023800.0
1706023800.0,483.849487,483.859985,482.920013,483.059998,6687709.000000,1706027400.0
1706027400.0,483.059998,483.547485,482.890015,483.230011,5102611.000000,1706031000.0
1706031000.0,483.220001,483.989990,483.079987,483.750885,3853969.000000,1706034600.0
1706034600.0,483.760010,484.059998,483.561310,483.809998,3381282.000000,1706038200.0
1706038200.0,483.744995,484.940002,483.640015,484.649994,7240050.000000,1706041800.0
1706041800.0,484.649994,485.105011,484.329987,484.880005,9108458.000000,1706045400.0
1706106600.0,487.440002,487.679993,486.409912,487.510010,12334721.000000,1706110200.0
1706110200.0,487.519989,488.609985,487.369995,487.970001,9777216.000000,1706113800.0
1706113800.0,487.970001,488.505005,487.679993,488.329987,5485585.000000,1706117400.0
1706117400.0,488.339996,488.769989,487.440002,488.029999,8312049.000000,1706121000.0
1706121000.0,488.029999,488.049988,485.969513,486.209991,9482801.000000,1706124600.0
1706124600.0,486.220001,487.070007,485.399994,485.519989,10283668.000000,1706128200.0
1706128200.0,485.510010,486.399994,485.010010,485.359985,16348134.000000,1706131800.0
1706193000.0,487.000000,488.304993,486.769989,488.079987,12036504.000000,1706196600.0
1706196600.0,488.089996,488.170105,486.820007,487.779999,8453991.000000,1706200200.0
1706200200.0,487.790009,488.109985,486.410004,486.630005,8032921.000000,1706203800.0
1706203800.0,486.649994,487.309998,486.079987,486.273987,8441048.000000,1706207400.0
1706207400.0,486.250000,486.839996,485.489990,486.174988,8899962.000000,1706211000.0
1706211000.0,486.179993,486.899994,485.790009,486.549988,6458066.000000,1706214600.0
1706214600.0,486.549988,488.040009,486.424988,488.000000,11326615.000000,1706218200.0
1706279400.0,487.589996,488.350006,487.039886,488.140015,9639696.000000,1706283000.0
1706283000.0,488.140015,489.119995,488.058990,488.679993,8776613.000000,1706286600.0
1706286600.0,488.670013,488.880005,488.100006,488.350006,6472931.000000,1706290200.0
1706290200.0,488.350006,488.359985,486.709991,487.420013,11083104.000000,1706293800.0
1706293800.0,487.410004,487.529999,486.540009,487.200012,5847912.000000,1706297400.0
1706297400.0,487.209991,488.149994,486.945007,487.470001,7689621.000000,1706301000.0
1706301000.0,487.475006,487.679993,487.024994,487.459991,10248962.000000,1706304600.0
1706538600.0,487.730011,488.269989,487.399994,487.670013,9338325.000000,1706542200.0
1706542200.0,487.679993,487.919891,487.170013,487.739990,5475949.000000,1706545800.0
1706545800.0,487.739990,488.480011,487.730011,488.239990,4274476.000000,1706549400.0
1706549400.0,488.239990,488.589996,487.839996,488.429901,4748834.000000,1706553000.0
1706553000.0,488.399994,488.910004,488.131195,488.795013,4208077.000000,1706556600.0
1706556600.0,488.739990,491.415009,488.709991,490.929993,9730797.000000,1706560200.0
1706560200.0,490.940002,491.364990,490.380005,491.260010,12491901.000000,1706563800.0
1706625000.0,490.559998,491.359589,490.339996,490.749786,10643224.000000,1706628600.0
1706628600.0,490.760010,491.130005,490.339996,491.059998,5690269.000000,1706632200.0
1706632200.0,491.070007,491.480011,490.529999,490.559998,6339647.000000,1706635800.0
1706635800.0,490.559998,490.950012,490.130005,490.914001,6028295.000000,1706639400.0
1706639400.0,490.920013,491.260010,490.459991,491.230011,5378829.000000,1706643000.0
1706643000.0,491.230011,491.619995,490.950012,491.369995,6014527.000000,1706646600.0
1706646600.0,491.375000,491.440002,490.720001,490.859985,8971575.000000,1706650200.0
1706711400.0,488.619995,489.081299,487.179993,487.299988,13969803.000000,1706715000.0
1706715000.0,487.309998,487.480011,486.390015,487.029999,8804278.000000,1706718600.0
1706718600.0,487.040009,487.410004,486.339996,487.338287,5113018.000000,1706722200.0
1706722200.0,487.339996,487.674988,486.559998,487.200012,4751740.000000,1706725800.0
1706725800.0,487.209991,487.829987,485.630005,486.140015,11937938.000000,1706729400.0
1706729400.0,486.149994,489.000000,483.679993,484.684998,27552484.000000,1706733000.0
1706733000.0,484.309998,484.440002,482.899994,482.920013,32003123.000000,1706736600.0
1706797800.0,485.250000,486.204987,484.260010,486.179993,18326790.000000,1706801400.0
1706801400.0,486.179993,486.209991,483.799988,484.570007,11480732.000000,1706805000.0
1706805000.0,484.549988,487.269989,484.549988,486.479889,12208437.000000,1706808600.0
1706808600.0,486.459991,488.239990,486.209991,487.019989,9391837.000000,1706812200.0
1706812200.0,487.040009,487.950012,486.380005,487.440002,7525291.000000,1706815800.0
1706815800.0,487.440002,488.989990,487.079987,488.690002,10013526.000000,1706819400.0
1706819400.0,488.790009,489.230011,488.100006,489.230011,11082201.000000,1706823000.0
1706884200.0,489.649994,491.334991,489.299988,490.850006,17707055.000000,1706887800.0
1706887800.0,490.859985,493.070007,490.339996,492.920013,11652647.000000,1706891400.0
1706891400.0,492.920013,494.450012,492.920013,494.369995,10576580.000000,1706895000.0
1706895000.0,494.380005,494.660004,492.250000,493.750000,12240053.000000,1706898600.0
1706898600.0,493.750000,495.390015,493.313995,494.950012,8473629.000000,1706902200.0
1706902200.0,494.989990,496.049988,494.899994,495.894989,10707573.000000,1706905800.0
1706905800.0,495.904999,495.910004,494.260010,494.269989,14846954.000000,1706909400.0
1707143400.0,493.250000,493.524994,490.790009,491.390106,16653938.000000,1707147000.0
1707147000.0,491.399994,491.829987,490.230011,491.325012,10464230.000000,1707150600.0
1707150600.0,491.329987,492.750000,491.329987,492.734985,7223999.000000,1707154200.0
1707154200.0,492.750000,493.500000,492.579987,492.600006,6154064.000000,1707157800.0
1707157800.0,492.609985,493.549988,492.579987,493.480011,6499506.000000,1707161400.0
1707161400.0,493.470001,494.170013,492.589996,493.670013,8274809.000000,1707165000.0
1707165000.0,493.660004,493.950012,492.519989,492.579987,11786382.000000,1707168600.0
1707229800.0,493.519989,494.320007,492.049988,492.500000,12794233.000000,1707233400.0
1707233400.0,492.609985,493.429993,492.429993,493.290009,7057615.000000,1707237000.0
1707237000.0,493.309998,493.410004,492.100006,492.879913,6118304.000000,1707240600.0
1707240600.0,492.839996,493.079987,492.410004,492.920013,4516756.000000,1707244200.0
1707244200.0,492.954987,493.570007,492.109985,492.499908,6710357.000000,1707247800.0
1707247800.0,492.519989,493.540009,492.239990,493.160004,7198811.000000,1707251400.0
1707251400.0,493.160004,494.040009,492.635010,493.970001,6656815.000000,1707255000.0
1707316200.0,496.290009,497.975006,495.359985,497.950012,13521714.000000,1707319800.0
1707319800.0,497.839996,497.929993,496.829987,497.135010,11184927.000000,1707323400.0
1707323400.0,497.140015,497.859985,496.869995,497.308685,5736994.000000,1707327000.0
1707327000.0,497.320007,498.204987,496.790009,498.200012,8173195.000000,1707330600.0
1707330600.0,498.209991,498.429993,497.660004,497.950012,5867816.000000,1707334200.0
1707334200.0,497.959991,498.529999,497.790009,498.149994,7089382.000000,1707337800.0
1707337800.0,498.149994,498.269989,497.609985,498.049988,10962155.000000,1707341400.0
1707402600.0,498.100006,498.350006,497.630005,497.850006,6808710.000000,1707406200.0
1707406200.0,497.834991,498.209991,497.309998,497.350006,6561652.000000,1707409800.0
1707409800.0,497.350006,498.140015,497.260010,498.035004,4617128.000000,1707413400.0
1707413400.0,498.035004,498.279999,497.420013,498.045013,4898759.000000,1707417000.0
1707417000.0,498.040009,498.339996,497.779999,497.831085,5309008.000000,1707420600.0
1707420600.0,497.829987,498.584991,497.580109,498.415009,6723599.000000,1707424200.0
1707424200.0,498.420013,498.709991,497.859985,498.399994,10229086.000000,1707427800.0
1707489000.0,498.839996,499.790009,498.489990,499.648804,10295322.000000,1707492600.0
1707492600.0,499.660004,500.209991,499.519989,499.750000,7341292.000000,1707496200.0
1707496200.0,499.760010,500.130005,499.369995,500.130005,5787511.000000,1707499800.0
1707499800.0,500.130005,500.829987,499.829987,500.734985,7115768.000000,1707503400.0
1707503400.0,500.750000,501.149994,500.480011,501.059998,6517049.000000,1707507000.0
1707507000.0,501.070007,501.649994,500.799988,501.100006,6971739.000000,1707510600.0
1707510600.0,501.100006,501.339996,500.690002,501.179993,10170526.000000,1707514200.0
1707748200.0,501.170013,501.470001,501.019989,501.325012,5967835.000000,1707751800.0
1707751800.0,501.334991,502.950012,501.309998,502.890289,5840622.000000,1707755400.0
1707755400.0,502.964996,503.500000,502.690002,502.920013,5453087.000000,1707759000.0
1707759000.0,502.920013,503.440002,502.510010,502.559998,3992997.000000,1707762600.0
1707762600.0,502.570007,502.609985,500.239990,501.070007,8360668.000000,1707766200.0
1707766200.0,501.079987,501.299988,500.420013,500.910004,5439142.000000,1707769800.0
1707769800.0,500.915009,501.239990,500.549988,500.950012,10825760.000000,1707773400.0
1707834600.0,494.250000,495.190002,493.220001,494.890015,22799590.000000,1707838200.0
1707838200.0,494.894989,495.739990,494.519409,495.570099,11075791.000000,1707841800.0
1707841800.0,495.570007,495.850006,494.399994,494.519989,7929838.000000,1707845400.0
1707845400.0,494.519989,495.309998,494.019989,494.230103,5925433.000000,1707849000.0
1707849000.0,494.230011,494.299988,491.790009,492.109985,11686692.000000,1707852600.0
1707852600.0,492.100006,492.947693,490.714996,491.330109,15501412.000000,1707856200.0
1707856200.0,491.299988,494.209991,491.209991,494.140015,24308831.000000,1707859800.0
1707921000.0,496.790009,497.989990,495.779999,497.709991,13256860.000000,1707924600.0
1707924600.0,497.720001,497.910004,495.149994,496.230011,8532901.000000,1707928200.0
1707928200.0,496.239990,496.329987,494.399994,496.000000,7132397.000000,1707931800.0
1707931800.0,496.029999,496.570007,495.420013,495.950012,5266140.000000,1707935400.0
1707935400.0,495.950012,497.140015,495.220001,496.690002,7655548.000000,1707939000.0
1707939000.0,496.700012,498.209991,496.434998,497.994507,10276858.000000,1707942600.0
1707942600.0,497.990601,499.070007,497.470093,498.625000,11192699.000000,1707946200.0
1708007400.0,499.290009,500.570007,499.269989,499.690002,9429420.000000,1708011000.0
1708011000.0,499.700012,499.989990,498.795013,499.480011,6533418.000000,1708014600.0
1708014600.0,499.480011,500.450012,499.350006,500.439911,6569765.000000,1708018200.0
1708018200.0,500.450012,501.489990,499.950012,501.459991,6709078.000000,1708021800.0
1708021800.0,501.470001,501.779999,500.904999,501.510010,6870913.000000,1708025400.0
1708025400.0,501.505005,502.200012,501.200012,501.630005,6877057.000000,1708029000.0
1708029000.0,501.630005,502.049988,501.149994,501.950012,11712283.000000,1708032600.0
1708093800.0,501.540009,501.570007,498.750000,500.239990,11577487.000000,1708097400.0
1708097400.0,500.250000,502.045013,499.809998,501.890015,7530677.000000,1708101000.0
1708101000.0,501.880005,502.459991,501.630005,502.220001,15087744.000000,1708104600.0
1708104600.0,502.214996,502.299988,500.739990,501.660004,6347265.000000,1708108200.0
1708108200.0,501.670013,502.869995,501.644989,502.610413,6204584.000000,1708111800.0
1708111800.0,502.619904,502.690002,499.950012,500.562592,10254780.000000,1708115400.0
1708115400.0,500.579987,500.660004,498.980011,499.489990,8785873.000000,1708119000.0
1708439400.0,497.859985,498.410004,495.859985,496.219910,12622621.000000,1708443000.0
1708443000.0,496.209991,497.177185,495.744995,496.920013,7498954.000000,1708446600.0
1708446600.0,496.929993,496.980011,494.769989,495.059998,8054498.000000,1708450200.0
1708450200.0,495.059998,495.980011,494.450012,495.200012,6442098.000000,1708453800.0
1708453800.0,495.200012,496.059998,494.750000,496.010010,6604001.000000,1708457400.0
1708457400.0,496.010010,496.880005,495.690002,496.709991,7487467.000000,1708461000.0
1708461000.0,496.720001,496.834991,495.100006,496.734985,15455409.000000,1708464600.0
1708525800.0,495.579987,496.059998,494.910004,495.380005,7883452.000000,1708529400.0
1708529400.0,495.149994,496.304993,495.049988,495.799896,5032578.000000,1708533000.0
1708533000.0,495.809998,496.140015,494.890015,495.079987,4451935.000000,1708536600.0
1708536600.0,495.089996,495.750000,494.410004,495.290009,4700147.000000,1708540200.0
1708540200.0,495.295013,496.089996,494.239990,494.679993,5522563.000000,1708543800.0
1708543800.0,494.700012,494.779999,493.559998,494.429993,8942819.000000,1708547400.0
1708547400.0,494.429993,497.369995,494.410004,497.190002,13856400.000000,1708551000.0
1708612200.0,503.429993,505.424988,503.019989,505.339996,18259074.000000,1708615800.0
1708615800.0,505.385010,505.699890,504.510010,505.390015,7724310.000000,1708619400.0
1708619400.0,505.589996,506.029999,504.910004,505.950012,6720190.000000,1708623000.0
1708623000.0,506.065002,506.859985,505.609985,506.815002,6193141.000000,1708626600.0
1708626600.0,506.820007,508.480011,506.739990,508.420013,8294458.000000,1708630200.0
1708630200.0,508.429993,508.489990,506.890015,507.730103,10360101.000000,1708633800.0
1708633800.0,507.730011,508.315002,507.329987,507.529999,13006623.000000,1708637400.0
1708698600.0,509.269989,510.130005,509.109985,509.230011,9347190.000000,1708702200.0
1708702200.0,509.160004,509.659912,507.100006,508.179993,10304466.000000,1708705800.0
1708705800.0,508.190002,508.994995,507.750000,508.259308,5722623.000000,1708709400.0
1708709400.0,508.260010,508.989990,507.790009,508.920013,3830007.000000,1708713000.0
1708713000.0,508.929993,509.059998,507.630005,507.778687,5305637.000000,1708716600.0
1708716600.0,507.839905,508.559998,507.785004,507.920013,6107455.000000,1708720200.0
1708720200.0,507.845001,508.760010,507.709991,507.820007,12131854.000000,1708723800.0
1708957800.0,508.369995,508.750000,507.730011,507.950012,6987499.000000,1708961400.0
1708961400.0,507.959991,508.299988,507.015015,507.389893,5381715.000000,1708965000.0
1708965000.0,507.390015,507.890015,507.230103,507.790009,4015510.000000,1708968600.0
1708968600.0,507.790009,507.899994,506.450012,506.619995,4511036.000000,1708972200.0
1708972200.0,506.649994,507.290009,506.019989,507.165009,6438284.000000,1708975800.0
1708975800.0,507.160004,507.399994,506.670013,506.880005,6639828.000000,1708979400.0
1708979400.0,506.880005,506.970001,505.859985,505.989990,10344520.000000,1708983000.0
1709044200.0,506.540009,506.605011,505.529999,506.239990,7388146.000000,1709047800.0
1709047800.0,506.244995,506.339905,505.589996,505.679993,4387200.000000,1709051400.0
1709051400.0,505.684998,506.000000,505.331207,505.527893,3704382.000000,1709055000.0
1709055000.0,505.529999,505.769989,504.750000,505.220001,5414772.000000,1709058600.0
1709058600.0,505.230011,506.468994,505.109985,506.309998,4713552.000000,1709062200.0
1709062200.0,506.480011,506.869995,506.089996,506.760010,5719742.000000,1709065800.0
1709065800.0,506.755005,507.160004,506.420013,506.899994,10323213.000000,1709069400.0
1709130600.0,505.329987,505.989990,504.959991,505.669891,8108329.000000,1709134200.0
1709134200.0,505.670013,506.855011,505.609985,506.510010,5700626.000000,1709137800.0
1709137800.0,506.510010,506.799988,505.880005,506.029999,4255637.000000,1709141400.0
1709141400.0,506.029999,506.519989,505.445007,506.496002,6625457.000000,1709145000.0
1709145000.0,506.500000,506.779999,505.529999,505.755005,5678193.000000,1709148600.0
1709148600.0,505.750000,506.269989,505.177612,506.119995,6923574.000000,1709152200.0
1709152200.0,506.119995,506.269989,505.339996,506.190002,11920224.000000,1709155800.0
1709217000.0,508.070007,508.845490,506.809998,507.709991,14031939.000000,1709220600.0
1709220600.0,507.690002,507.839996,506.940002,507.184998,5240076.000000,1709224200.0
1709224200.0,507.179993,507.200012,505.350006,506.579987,7026933.000000,1709227800.0
1709227800.0,506.579987,507.890015,506.570007,507.750000,5757151.000000,1709231400.0
1709231400.0,507.730011,508.290009,507.445007,507.725006,5526708.000000,1709235000.0
1709235000.0,507.709991,508.195007,507.164001,508.130096,7460381.000000,1709238600.0
1709238600.0,508.140015,509.739990,508.000000,508.000000,21883487.000000,1709242200.0
1709303400.0,508.980011,510.390015,508.559998,510.369995,11931206.000000,1709307000.0
1709307000.0,510.364990,511.380005,509.690002,510.820007,8962537.000000,1709310600.0
1709310600.0,510.820007,511.769989,510.160004,511.529999,6472933.000000,1709314200.0
1709314200.0,511.540009,512.239990,511.410004,512.130005,5978809.000000,1709317800.0
1709317800.0,512.128601,513.174988,511.980011,513.155029,7340127.000000,1709321400.0
1709321400.0,513.155029,513.289978,512.315002,512.890015,8753456.000000,1709325000.0
1709325000.0,512.890015,513.140015,512.590027,512.849976,10811283.000000,1709328600.0
1709562600.0,512.030029,512.640015,512.000000,512.489990,8440135.000000,1709566200.0
1709566200.0,512.489990,512.880005,512.239990,512.440002,4775807.000000,1709569800.0
1709569800.0,512.450012,513.145020,512.159973,513.130005,3555978.000000,1709573400.0
1709573400.0,513.119995,513.179993,512.349976,512.619995,3575925.000000,1709577000.0
1709577000.0,512.599976,513.020020,512.559998,512.919983,3935158.000000,1709580600.0
1709580600.0,512.914978,514.200012,512.859985,513.528870,8797541.000000,1709584200.0
1709584200.0,513.530029,513.669983,512.169983,512.250000,10732431.000000,1709587800.0
1709649000.0,510.239990,510.700012,508.109985,508.420013,12896435.000000,1709652600.0
1709652600.0,508.410004,508.410004,507.500000,508.179993,10035923.000000,1709656200.0
1709656200.0,508.160004,508.510010,506.959991,508.450012,6338552.000000,1709659800.0
1709659800.0,508.459991,508.500000,507.360199,507.700012,4445802.000000,1709663400.0
1709663400.0,507.700012,508.100006,506.649994,507.029999,6812785.000000,1709667000.0
1709667000.0,507.029999,507.049988,504.920013,505.010010,13097568.000000,1709670600.0
1709670600.0,505.010010,507.369995,504.910004,507.140015,13629429.000000,1709674200.0
1709735400.0,510.549988,510.850403,508.420013,509.359985,11606429.000000,1709739000.0
1709739000.0,509.350006,511.380005,509.040009,511.339996,6145570.000000,1709742600.0
1709742600.0,511.350006,511.920013,510.510010,511.760010,7189481.000000,1709746200.0
1709746200.0,511.769989,512.068970,511.049988,511.859985,4538810.000000,1709749800.0
1709749800.0,511.869995,511.920013,508.519989,510.170013,12042514.000000,1709753400.0
1709753400.0,510.179993,510.410004,508.570007,509.170013,7588163.000000,1709757000.0
1709757000.0,509.179993,510.269989,508.570007,509.809998,12133047.000000,1709760600.0
1709821800.0,513.140015,514.190002,512.179993,514.179993,11364023.000000,1709825400.0
1709825400.0,514.179993,514.869995,513.809998,514.424988,7414834.000000,1709829000.0
1709829000.0,514.419983,514.960022,513.770020,514.460022,6936774.000000,1709832600.0
1709832600.0,514.460022,514.989990,514.020020,514.979980,4961528.000000,1709836200.0
1709836200.0,514.989990,515.890015,514.830017,515.219971,6994872.000000,1709839800.0
1709839800.0,515.215027,515.400024,514.070007,514.599976,5844445.000000,1709843400.0
1709843400.0,514.609985,515.650024,514.549988,514.859985,9228759.000000,1709847000.0
1709908200.0,515.440002,518.220093,515.309998,517.950012,12158548.000000,1709911800.0
1709911800.0,517.960022,518.072205,514.630005,514.760010,12319147.000000,1709915400.0
1709915400.0,514.750000,515.280029,513.570007,514.630005,11839572.000000,1709919000.0
1709919000.0,514.640015,514.840027,512.059998,512.330017,10341053.000000,1709922600.0
1709922600.0,512.440002,513.700012,511.130005,513.460022,10139821.000000,1709926200.0
1709926200.0,513.460022,514.460022,511.929993,511.929993,9164337.000000,1709929800.0
1709929800.0,511.929993,512.820007,511.720001,511.760010,9928839.000000,1709933400.0
1710163800.0,510.480011,510.940002,508.500000,508.994995,12671718.000000,1710167400.0
1710167400.0,508.989990,510.869995,508.950012,509.489990,7556095.000000,1710171000.0
1710171000.0,509.480011,510.894989,509.200012,510.545685,5671033.000000,1710174600.0
1710174600.0,510.549988,511.339996,510.200012,511.239990,5859440.000000,1710178200.0
1710178200.0,511.239990,511.570007,510.309998,511.190002,4744917.000000,1710181800.0
1710181800.0,511.250000,511.880005,510.820007,510.869995,5602770.000000,1710185400.0
1710185400.0,510.875000,511.600006,510.540009,511.250000,9869765.000000,1710189000.0
1710250200.0,513.450012,515.109985,510.859985,515.030029,18973186.000000,1710253800.0
1710253800.0,515.059998,516.534973,515.052002,516.179993,9780277.000000,1710257400.0
1710257400.0,516.179993,516.299988,514.940002,515.090027,6707929.000000,1710261000.0
1710261000.0,515.094971,515.429993,513.549988,514.918274,7135986.000000,1710264600.0
1710264600.0,514.929871,516.450012,514.890015,516.430420,5242768.000000,1710268200.0
1710268200.0,516.440002,517.200012,515.580017,517.109985,8040037.000000,1710271800.0
1710271800.0,517.119995,517.380005,516.525024,516.809998,9110212.000000,1710275400.0
1710336600.0,517.109985,517.119995,515.669983,516.424988,9785853.000000,1710340200.0
1710340200.0,516.510010,516.780029,515.830017,516.059814,5859802.000000,1710343800.0
1710343800.0,516.059998,516.581177,515.830017,516.280029,4338473.000000,1710347400.0
1710347400.0,516.380005,517.210083,516.080017,517.145020,5245044.000000,1710351000.0
1710351000.0,517.130005,517.289978,516.659973,516.849976,4141016.000000,1710354600.0
1710354600.0,516.849670,517.044983,514.489990,515.119995,8362260.000000,1710358200.0
1710358200.0,515.140015,516.309875,515.030029,515.989990,10364731.000000,1710361800.0
1710423000.0,516.969971,517.125000,513.349976,515.050110,18983550.000000,1710426600.0
1710426600.0,515.059998,515.609985,514.059998,514.390015,9886669.000000,1710430200.0
1710430200.0,514.390015,515.150024,513.840027,514.700012,7828454.000000,1710433800.0
1710433800.0,514.710022,514.979980,513.049988,513.179993,6946680.000000,1710437400.0
1710437400.0,513.190002,515.190002,512.760010,514.655029,8213593.000000,1710441000.0
1710441000.0,514.669983,514.890015,512.179993,512.630005,13944263.000000,1710444600.0
1710444600.0,512.539978,514.979980,511.820007,514.940002,25696862.000000,1710448200.0
1710509400.0,510.209991,511.329987,508.869995,510.420013,19385833.000000,1710513000.0
1710513000.0,510.410004,511.700012,510.119995,510.700012,23012664.000000,1710516600.0
1710516600.0,510.700012,510.834991,508.929993,509.170013,9275217.000000,1710520200.0
1710520200.0,509.160004,509.779999,508.359985,509.320007,9445306.000000,1710523800.0
1710523800.0,509.329987,510.119995,509.040009,509.539886,7625037.000000,1710527400.0
1710527400.0,509.540009,510.545013,509.470001,510.140015,8305604.000000,1710531000.0
1710531000.0,510.130005,510.211212,509.220001,509.750000,14808853.000000,1710534600.0
1710768600.0,514.000000,515.479980,513.260010,515.179993,14503217.000000,1710772200.0
1710772200.0,515.179993,515.260010,514.255005,514.679993,6763233.000000,1710775800.0
1710775800.0,514.690002,514.705017,513.799988,514.169983,5567930.000000,1710779400.0
1710779400.0,514.179993,514.289978,513.409973,514.200012,4796952.000000,1710783000.0
1710783000.0,514.210022,514.380005,513.290100,514.340210,6278000.000000,1710786600.0
1710786600.0,514.344971,514.400024,513.210022,513.854980,6166196.000000,1710790200.0
1710790200.0,513.859985,514.119995,512.440002,512.869995,21322057.000000,1710793800.0
1710855000.0,512.150024,512.159973,511.119995,511.459106,9140516.000000,1710858600.0
1710858600.0,511.450012,512.770020,511.347900,512.674988,5561794.000000,1710862200.0
1710862200.0,512.679993,514.114990,512.679993,513.990112,6447295.000000,1710865800.0
1710865800.0,514.000000,515.450012,514.000000,514.849976,9193706.000000,1710869400.0
1710869400.0,514.859985,515.270020,514.500000,515.000122,5713174.000000,1710873000.0
1710873000.0,515.010010,515.359924,514.229980,514.530029,6200453.000000,1710876600.0
1710876600.0,514.497498,515.994995,514.409973,515.760010,10921280.000000,1710880200.0
1710941400.0,515.770020,516.400024,515.210022,516.349976,6699568.000000,1710945000.0
1710945000.0,516.344971,516.440002,515.549988,516.210022,3979273.000000,1710948600.0
1710948600.0,516.210022,516.340027,515.510010,515.750000,4318194.000000,1710952200.0
1710952200.0,515.750000,516.150024,515.299988,515.424988,3361028.000000,1710955800.0
1710955800.0,515.409973,518.400024,515.080017,517.630127,11215319.000000,1710959400.0
1710959400.0,517.659973,520.510010,515.799988,520.377991,17691138.000000,1710963000.0
1710963000.0,520.380005,520.619995,519.099976,520.419983,13557517.000000,1710966600.0
1711027800.0,523.390015,524.010010,522.765015,523.750000,11869289.000000,1711031400.0
1711031400.0,523.770020,523.979980,523.030029,523.400024,7124686.000000,1711035000.0
1711035000.0,523.400024,524.049988,523.270020,524.010010,4801132.000000,1711038600.0
1711038600.0,524.000000,524.109985,523.190002,523.390015,6058791.000000,1711042200.0
1711042200.0,523.369995,523.549927,522.510010,523.039978,5812867.000000,1711045800.0
1711045800.0,523.039978,523.039978,522.030029,522.780029,7334560.000000,1711049400.0
1711049400.0,522.794983,523.169983,521.909973,522.101013,9685014.000000,1711053000.0
1711114200.0,522.109985,522.440002,521.409973,521.799927,7782429.000000,1711117800.0
1711117800.0,521.789978,521.820007,521.020020,521.700012,5793537.000000,1711121400.0
1711121400.0,521.705017,521.835022,521.190491,521.450012,5172156.000000,1711125000.0
1711125000.0,521.455017,522.210022,520.969971,522.042725,6358056.000000,1711128600.0
1711128600.0,522.044983,522.604980,521.900024,522.509888,4476468.000000,1711132200.0
1711132200.0,522.510010,522.530029,521.119995,521.690002,7221814.000000,1711135800.0
1711135800.0,521.700012,522.359985,521.229980,521.270020,14610935.000000,1711139400.0
1711373400.0,519.799988,520.890015,519.609985,520.437012,8165542.000000,1711377000.0
1711377000.0,520.440002,520.799988,520.140015,520.619995,4417258.000000,1711380600.0
1711380600.0,520.619995,520.859985,520.280029,520.500000,4196930.000000,1711384200.0
1711384200.0,520.500000,520.599976,520.130005,520.515015,3486542.000000,1711387800.0
1711387800.0,520.520020,520.919983,520.429993,520.849976,3172178.000000,1711391400.0
1711391400.0,520.849976,520.950012,520.169983,520.294983,4744117.000000,1711395000.0
1711395000.0,520.289978,520.700012,519.669983,519.809998,11447768.000000,1711398600.0
1711459800.0,521.229980,521.580017,520.830017,521.070007,7907926.000000,1711463400.0
1711463400.0,521.070007,521.390015,520.650024,521.280029,4259640.000000,1711467000.0
1711467000.0,521.275024,521.460022,520.914978,521.140015,3847775.000000,1711470600.0
1711470600.0,521.135010,521.140015,520.719971,520.859985,3535856.000000,1711474200.0
1711474200.0,520.862427,521.010010,520.489990,520.965027,4458360.000000,1711477800.0
1711477800.0,520.960022,521.049988,519.955017,520.210022,6207538.000000,1711481400.0
1711481400.0,520.210022,520.244995,518.400024,518.669983,20751611.000000,1711485000.0
1711546200.0,521.710022,521.780029,519.729980,519.939819,12604824.000000,1711549800.0
1711549800.0,519.934998,520.424988,519.630005,519.690002,6654921.000000,1711553400.0
1711553400.0,519.710022,520.128601,519.484985,520.080017,5514746.000000,1711557000.0
1711557000.0,520.080017,520.500000,519.729980,520.325012,4795636.000000,1711560600.0
1711560600.0,520.330017,520.909973,520.020020,520.838623,4097939.000000,1711564200.0
1711564200.0,520.840027,521.049988,519.840027,520.900024,9190031.000000,1711567800.0
1711567800.0,520.895020,523.200012,520.767029,523.169983,23872768.000000,1711571400.0
1711632600.0,523.210022,523.729980,522.780029,523.150024,11609627.000000,1711636200.0
1711636200.0,523.150024,523.630005,523.039978,523.570007,9722100.000000,1711639800.0
1711639800.0,523.579895,523.729980,523.140015,523.469971,8212053.000000,1711643400.0
1711643400.0,523.469971,523.489990,522.979980,523.125000,5982187.000000,1711647000.0
1711647000.0,523.125000,523.645020,522.919983,523.520020,5771506.000000,1711650600.0
1711650600.0,523.525024,524.580017,523.020020,524.458008,10895026.000000,1711654200.0
1711654200.0,524.460022,524.609985,523.109985,523.130005,17300093.000000,1711657800.0
1711978200.0,523.830017,524.380005,522.830017,522.989990,13071144.000000,1711981800.0
1711981800.0,522.984985,523.099976,521.359985,522.079895,10963506.000000,1711985400.0
1711985400.0,522.070007,522.085022,520.969971,521.989990,7822074.000000,1711989000.0
1711989000.0,522.000000,522.224976,521.059998,521.609985,3217247.000000,1711992600.0
1711992600.0,521.619995,522.049988,521.380005,521.871216,3052947.000000,1711996200.0
1711996200.0,521.869995,522.340027,521.679993,521.869995,6042284.000000,1711999800.0
1711999800.0,521.875000,522.799988,521.609985,522.219971,8456323.000000,1712003400.0
1712064600.0,518.239990,518.460022,516.479980,517.169983,19043932.000000,1712068200.0
1712068200.0,517.169983,517.820007,516.761292,517.619995,6846221.000000,1712071800.0
1712071800.0,517.625000,517.864990,516.900024,517.434998,5290152.000000,1712075400.0
1712075400.0,517.440002,518.119995,517.304993,517.669983,4827514.000000,1712079000.0
1712079000.0,517.669983,518.119995,517.349976,517.905029,4771578.000000,1712082600.0
1712082600.0,517.909973,518.590027,517.640015,518.429993,7105354.000000,1712086200.0
1712086200.0,518.440002,518.979980,518.280029,518.849976,17125843.000000,1712089800.0
1712151000.0,517.719971,520.630005,517.664978,520.400024,11059413.000000,1712154600.0
1712154600.0,520.409973,520.950012,520.170105,520.809998,4844443.000000,1712158200.0
1712158200.0,520.830017,520.929993,519.719971,520.645020,6161995.000000,1712161800.0
1712161800.0,520.640015,520.844971,519.390015,520.619995,4986100.000000,1712165400.0
1712165400.0,520.630005,520.799988,520.150024,520.205017,4312993.000000,1712169000.0
1712169000.0,520.190002,520.424988,517.770020,518.530029,7908604.000000,1712172600.0
1712172600.0,518.549988,519.770020,518.280029,519.359985,13945506.000000,1712176200.0
1712237400.0,523.520020,523.700012,522.469971,522.919983,11413170.000000,1712241000.0
1712241000.0,522.919983,522.965027,522.359985,522.750000,4852069.000000,1712244600.0
1712244600.0,522.770020,523.867371,522.679993,523.510193,6787789.000000,1712248200.0
1712248200.0,523.520020,523.619995,523.155029,523.169983,2992311.000000,1712251800.0
1712251800.0,523.169983,523.190002,517.840027,518.010010,15571954.000000,1712255400.0
1712255400.0,518.000000,518.000000,513.659973,513.690002,26018879.000000,1712259000.0
1712259000.0,513.710022,514.380005,512.755005,513.049988,21560435.000000,1712262600.0
1712323800.0,514.460022,516.429993,514.010010,515.440002,15647950.000000,1712327400.0
1712327400.0,515.460022,518.091309,515.190002,517.849976,9802491.000000,1712331000.0
1712331000.0,517.789978,520.010010,517.570007,519.614990,9537269.000000,1712334600.0
1712334600.0,519.609985,520.440002,518.710022,519.260010,7529052.000000,1712338200.0
1712338200.0,519.260010,519.594971,516.969971,517.789978,8633612.000000,1712341800.0
1712341800.0,517.799988,518.710022,517.239990,518.150024,7405801.000000,1712345400.0
1712345400.0,518.114990,519.294983,518.114990,518.400024,8843497.000000,1712349000.0
1712583000.0,519.150024,519.580017,517.979980,519.536987,8554787.000000,1712586600.0
1712586600.0,519.530029,520.179993,519.330017,519.525024,5495562.000000,1712590200.0
1712590200.0,519.500000,519.510010,517.890015,518.560120,5820638.000000,1712593800.0
1712593800.0,518.559998,519.460022,518.460022,519.275024,3957040.000000,1712597400.0
1712597400.0,519.280029,519.479980,518.650024,519.179993,4529588.000000,1712601000.0
1712601000.0,519.179993,519.349976,518.669922,519.255005,3901029.000000,1712604600.0
1712604600.0,519.250000,519.700012,518.229980,518.669983,10639646.000000,1712608200.0
1712669400.0,520.500000,520.750000,517.410278,517.590027,10151387.000000,1712673000.0
1712673000.0,517.590027,517.630005,514.349976,515.950012,13026925.000000,1712676600.0
1712676600.0,515.960022,517.640015,515.669983,517.260010,5874826.000000,1712680200.0
1712680200.0,517.260010,517.780029,516.575012,517.159973,4563329.000000,1712683800.0
1712683800.0,517.169983,517.640015,516.229980,516.650024,4734238.000000,1712687400.0
1712687400.0,516.657471,518.609985,515.710022,518.549988,7794817.000000,1712691000.0
1712691000.0,518.510010,519.440002,517.450012,519.299988,13439237.000000,1712694600.0
1712755800.0,513.479980,515.130005,512.669983,514.659973,21396537.000000,1712759400.0
1712759400.0,514.669983,516.159973,513.479980,514.484985,9757437.000000,1712763000.0
1712763000.0,514.489990,514.530029,512.979980,513.395020,6373566.000000,1712766600.0
1712766600.0,513.400024,515.140015,512.090027,513.860413,10051427.000000,1712770200.0
1712770200.0,513.880005,514.900024,512.289978,513.200012,10907781.000000,1712773800.0
1712773800.0,513.190002,515.070007,512.445007,514.260010,8320110.000000,1712777400.0
1712777400.0,513.799988,515.010010,513.409973,514.159973,10874849.000000,1712781000.0
1712842200.0,515.500000,515.609985,512.080017,512.570007,13466839.000000,1712845800.0
1712845800.0,512.570007,514.229980,512.451416,513.570007,7122552.000000,1712849400.0
1712849400.0,513.570007,515.520020,513.414978,514.839905,7517689.000000,1712853000.0
1712853000.0,514.840027,517.909973,514.729980,517.510010,8476315.000000,1712856600.0
1712856600.0,517.520020,519.270020,516.960022,519.070007,7443242.000000,1712860200.0
1712860200.0,519.080017,519.479980,518.510010,518.909973,7166617.000000,1712863800.0
1712863800.0,518.914978,519.390015,517.969971,518.049988,10517018.000000,1712867400.0
1712928600.0,514.369995,515.815002,513.559998,513.799988,20043814.000000,1712932200.0
1712932200.0,513.809998,514.090027,512.020020,513.530029,10883590.000000,1712935800.0
1712935800.0,513.530029,514.030029,511.760010,511.820007,7579976.000000,1712939400.0
1712939400.0,511.799988,512.020020,509.470001,509.700012,13162874.000000,1712943000.0
1712943000.0,509.690002,511.415009,509.320007,510.670013,9593797.000000,1712946600.0
1712946600.0,510.679993,510.739990,509.079987,509.505005,9415486.000000,1712950200.0
1712950200.0,509.494995,510.920013,509.260010,510.820007,14383801.000000,1712953800.0
1713187800.0,515.130005,515.299988,511.940002,512.570007,16487107.000000,1713191400.0
1713191400.0,512.580017,513.010010,510.809998,511.580109,9880102.000000,1713195000.0
1713195000.0,511.600006,512.619995,510.364990,510.600006,6807072.000000,1713198600.0
1713198600.0,510.609985,510.619995,506.549988,506.570007,9487520.000000,1713202200.0
1713202200.0,506.579987,506.850006,504.730011,505.109985,15156537.000000,1713205800.0
1713205800.0,505.100006,506.489990,503.579987,504.259888,11554182.000000,1713209400.0
1713209400.0,504.260010,505.268585,504.230011,504.500000,12853407.000000,1713213000.0
1713274200.0,504.940002,505.279999,502.950012,503.179993,13929196.000000,1713277800.0
1713277800.0,503.170013,504.339996,502.420013,504.182098,7897601.000000,1713281400.0
1713281400.0,504.184998,505.359985,503.500000,504.490112,6470367.000000,1713285000.0
1713285000.0,504.489990,505.100006,503.739990,504.329987,4888723.000000,1713288600.0
1713288600.0,504.339996,506.500000,502.529999,503.040009,14598924.000000,1713292200.0
1713292200.0,503.040009,505.859802,502.989990,505.619995,8004493.000000,1713295800.0
1713295800.0,505.630005,505.630005,503.295013,503.500000,11088176.000000,1713299400.0
1713360600.0,506.049988,506.220001,503.450012,504.380005,12738585.000000,1713364200.0
1713364200.0,504.359985,504.510010,502.089996,502.089996,7597209.000000,1713367800.0
1713367800.0,502.100006,502.179993,500.170013,500.480011,9564226.000000,1713371400.0
1713371400.0,500.480011,501.790009,499.119995,501.769989,11168261.000000,1713375000.0
1713375000.0,501.799988,502.559998,501.070007,501.859985,7040794.000000,1713378600.0
1713378600.0,501.869995,504.029999,500.359985,500.719696,10870757.000000,1713382200.0
1713382200.0,500.709991,501.820007,500.410004,500.510010,10353173.000000,1713385800.0
1713447000.0,501.980011,502.239990,499.730011,502.040009,12745076.000000,1713450600.0
1713450600.0,502.029999,504.130005,501.989990,503.209991,8986094.000000,1713454200.0
1713454200.0,503.209991,503.390015,502.220001,502.632385,5308035.000000,1713457800.0
1713457800.0,502.619995,502.649994,498.870087,500.269104,10173976.000000,1713461400.0
1713461400.0,500.269989,500.440002,498.609985,499.529999,9874784.000000,1713465000.0
1713465000.0,499.549988,500.320007,498.559998,499.790009,8673174.000000,1713468600.0
1713468600.0,499.799988,500.829987,499.209991,499.500000,10269373.000000,1713472200.0
1713533400.0,499.440002,500.454987,497.600006,498.459991,15837436.000000,1713537000.0
1713537000.0,498.450012,499.399994,497.529999,497.880005,13601656.000000,1713540600.0
1713540600.0,497.869995,498.329987,495.190002,495.199890,9653977.000000,1713544200.0
1713544200.0,495.220001,497.739990,495.079987,496.532501,9975111.000000,1713547800.0
1713547800.0,496.549988,498.459991,495.470001,495.470001,9173379.000000,1713551400.0
1713551400.0,495.459991,495.972504,494.019989,495.079987,13206784.000000,1713555000.0
1713555000.0,495.079987,495.519989,493.859985,495.100006,15919503.000000,1713558600.0
1713792600.0,497.829987,498.220001,496.220001,496.424988,11251447.000000,1713796200.0
1713796200.0,496.434998,497.309998,495.429993,496.432495,7417095.000000,1713799800.0
1713799800.0,496.440002,498.510010,496.369995,497.760010,6137576.000000,1713803400.0
1713803400.0,497.549988,500.049988,497.290009,500.040009,5998635.000000,1713807000.0
1713807000.0,500.040009,502.334991,499.885010,502.059998,9387366.000000,1713810600.0
1713810600.0,502.070007,502.380005,500.260010,500.589996,8277158.000000,1713814200.0
1713814200.0,500.579987,500.665009,498.904999,499.630005,11742298.000000,1713817800.0
1713879000.0,501.779999,504.364990,501.225006,504.329987,12043760.000000,1713882600.0
1713882600.0,504.329987,505.339996,504.049988,504.829987,9432144.000000,1713886200.0
1713886200.0,504.829987,505.429993,504.230011,505.309998,6366645.000000,1713889800.0
1713889800.0,505.309998,505.600006,504.570007,505.364990,5677759.000000,1713893400.0
1713893400.0,505.380005,506.089996,505.140015,505.920013,5279168.000000,1713897000.0
1713897000.0,505.929993,506.070007,504.959991,505.359985,5663949.000000,1713900600.0
1713900600.0,505.359985,505.750000,504.980011,505.640015,10174314.000000,1713904200.0
1713965400.0,506.559998,507.369995,505.929993,506.220001,12014407.000000,1713969000.0
1713969000.0,506.239990,506.429993,504.045013,504.619995,7109904.000000,1713972600.0
1713972600.0,504.619995,505.119995,503.440002,504.084991,5588351.000000,1713976200.0
1713976200.0,504.089996,505.260010,503.130005,505.209991,5448797.000000,1713979800.0
1713979800.0,505.209991,506.545013,504.850006,505.041687,6748210.000000,1713983400.0
1713983400.0,504.986115,506.184998,504.230011,505.839996,5280320.000000,1713987000.0
1713987000.0,505.850006,506.190002,505.450012,505.470001,6386291.000000,1713990600.0
1714051800.0,499.179993,499.760010,497.489990,499.600006,16995725.000000,1714055400.0
1714055400.0,499.609985,499.779999,498.149994,499.709991,7432413.000000,1714059000.0
1714059000.0,499.700012,501.489990,498.950012,501.359985,6675272.000000,1714062600.0
1714062600.0,501.380005,502.369995,500.929993,501.679993,5987434.000000,1714066200.0
1714066200.0,501.679993,503.820007,501.540009,501.970001,7477013.000000,1714069800.0
1714069800.0,501.950012,504.269989,501.679993,504.149994,7786038.000000,1714073400.0
1714073400.0,504.149994,504.179993,502.690002,503.440002,7087765.000000,1714077000.0
1714138200.0,506.350006,509.010010,505.700012,508.079987,12759683.000000,1714141800.0
1714141800.0,508.079987,509.549988,507.720001,508.220001,6729783.000000,1714145400.0
1714145400.0,508.209991,509.007996,508.000000,508.880005,5269410.000000,1714149000.0
1714149000.0,508.879913,509.809998,508.625000,509.589996,4798430.000000,1714152600.0
1714152600.0,509.600006,509.880005,508.785004,508.959991,5301361.000000,1714156200.0
1714156200.0,508.970001,509.649994,508.578003,509.640015,5168315.000000,1714159800.0
1714159800.0,509.619995,509.630005,508.160004,508.239990,11748283.000000,1714163400.0
1714397400.0,510.000000,510.750000,509.019989,510.220001,8460340.000000,1714401000.0
1714401000.0,510.220001,510.630005,509.434998,509.570007,3834241.000000,1714404600.0
1714404600.0,509.579987,510.140015,509.005005,510.140015,3416921.000000,1714408200.0
1714408200.0,510.149994,510.410004,509.575012,510.370087,3260263.000000,1714411800.0
1714411800.0,510.380005,510.519989,509.609985,509.679993,3252263.000000,1714415400.0
1714415400.0,509.679993,509.700012,507.250000,508.600006,9739468.000000,1714419000.0
1714419000.0,508.609985,510.200012,508.480011,510.049988,7239267.000000,1714422600.0
1714483800.0,508.559998,509.559998,508.200012,508.320007,8333180.000000,1714487400.0
1714487400.0,508.309998,509.380005,506.409790,506.904999,10639465.000000,1714491000.0
1714491000.0,506.910004,507.029999,506.029999,506.700012,6347924.000000,1714494600.0
1714494600.0,506.700012,506.700012,504.709991,505.255005,8157043.000000,1714498200.0
1714498200.0,505.250000,506.540009,505.095001,505.179993,6751602.000000,1714501800.0
1714501800.0,505.190002,505.779999,504.200012,504.765015,9922707.000000,1714505400.0
1714505400.0,504.769989,505.170013,502.029999,502.029999,15178627.000000,1714509000.0
1714570200.0,501.380005,501.829987,500.079987,500.790009,11018985.000000,1714573800.0
1714573800.0,500.820007,501.609985,500.049988,500.839996,5539264.000000,1714577400.0
1714577400.0,500.839996,501.399994,499.864990,501.049988,4087332.000000,1714581000.0
1714581000.0,501.049988,501.075012,499.924988,500.720001,3354992.000000,1714584600.0
1714584600.0,500.730011,503.169006,500.630005,503.059998,8125762.000000,1714588200.0
1714588200.0,503.070007,508.190002,500.940002,506.464996,22507240.000000,1714591800.0
1714591800.0,506.480011,506.489990,500.079987,500.269989,18369170.000000,1714595400.0
1714656600.0,504.149994,504.679993,499.549988,502.019989,13850076.000000,1714660200.0
1714660200.0,502.019989,503.119995,500.600006,502.130005,6931190.000000,1714663800.0
1714663800.0,502.130005,502.980011,501.380005,502.309998,5079417.000000,1714667400.0
1714667400.0,502.290009,504.140015,501.320007,504.119904,5511370.000000,1714671000.0
1714671000.0,504.119995,504.700012,503.388702,504.500000,5196810.000000,1714674600.0
1714674600.0,504.500000,505.890015,504.394989,505.309998,8930725.000000,1714678200.0
1714678200.0,505.200012,505.399902,503.859985,505.010010,10301951.000000,1714681800.0
1714743000.0,511.250000,512.549988,508.640015,509.670013,20023828.000000,1714746600.0
1714746600.0,509.670013,510.410004,508.559998,509.734985,8738532.000000,1714750200.0
1714750200.0,509.750000,511.109894,509.740112,510.890015,7299470.000000,1714753800.0
1714753800.0,510.920013,511.488495,510.427094,511.110107,5356554.000000,1714757400.0
1714757400.0,511.109985,511.989990,510.679993,511.750000,4603683.000000,1714761000.0
1714761000.0,511.739990,511.989990,511.239990,511.640015,6954304.000000,1714764600.0
1714764600.0,511.640015,511.755005,511.140015,511.290009,10503730.000000,1714768200.0
1715002200.0,513.750000,514.559998,513.299988,514.299988,10383868.000000,1715005800.0
1715005800.0,514.309998,514.640015,513.840088,514.099976,4596341.000000,1715009400.0
1715009400.0,514.109985,514.539978,513.700012,514.169983,3964293.000000,1715013000.0
1715013000.0,514.169983,514.960022,514.109985,514.609985,4375243.000000,1715016600.0
1715016600.0,514.619995,515.770020,514.544983,515.585022,4703511.000000,1715020200.0
1715020200.0,515.580017,515.614990,514.880005,515.114990,5169502.000000,1715023800.0
1715023800.0,515.109985,516.609985,514.960022,516.590027,9173795.000000,1715027400.0
1715088600.0,517.559998,517.900024,516.945007,517.309998,8132645.000000,1715092200.0
1715092200.0,517.289978,518.280029,517.239990,517.979980,5351147.000000,1715095800.0
1715095800.0,517.969971,518.294983,517.690002,518.169983,3178575.000000,1715099400.0
1715099400.0,518.174988,518.479980,517.570129,518.419922,5002692.000000,1715103000.0
1715103000.0,518.410095,518.570007,516.700012,516.840027,6767477.000000,1715106600.0
1715106600.0,516.830017,517.289978,516.450012,517.169983,5229884.000000,1715110200.0
1715110200.0,517.174988,517.859985,516.979980,517.200012,10857171.000000,1715113800.0
1715175000.0,515.260010,517.119995,515.140015,516.900024,8551933.000000,1715178600.0
1715178600.0,516.905029,517.717102,516.635010,517.030029,5484059.000000,1715182200.0
1715182200.0,517.020020,517.260010,516.630005,516.830017,3620211.000000,1715185800.0
1715185800.0,516.830017,516.960022,516.099976,516.289978,3924880.000000,1715189400.0
1715189400.0,516.280029,517.395020,516.200012,517.260010,3134530.000000,1715193000.0
1715193000.0,517.270020,517.469971,516.569885,517.309998,4733042.000000,1715196600.0
1715196600.0,517.304993,517.739990,517.190002,517.190002,6856902.000000,1715200200.0
1715261400.0,517.380005,518.390015,516.705017,518.065002,8433974.000000,1715265000.0
1715265000.0,518.059998,519.510010,518.059998,519.340027,6359947.000000,1715268600.0
1715268600.0,519.340027,519.455017,518.340027,518.799988,3513163.000000,1715272200.0
1715272200.0,518.809998,519.640015,518.530029,519.500000,3961316.000000,1715275800.0
1715275800.0,519.500000,519.580017,518.929993,519.479980,2732680.000000,1715279400.0
1715279400.0,519.489990,520.059998,519.340088,519.669983,4331181.000000,1715283000.0
1715283000.0,519.630005,520.207397,519.570007,520.130005,9283329.000000,1715286600.0
1715347800.0,521.369995,522.635010,520.599976,520.780029,11217945.000000,1715351400.0
1715351400.0,520.770020,521.369995,520.010010,520.539978,6669175.000000,1715355000.0
1715355000.0,520.549988,520.659973,519.590027,520.309998,5504961.000000,1715358600.0
1715358600.0,520.400024,520.770020,520.005005,520.109985,3547711.000000,1715362200.0
1715362200.0,520.130005,520.949890,519.909973,520.669983,3791822.000000,1715365800.0
1715365800.0,520.659973,521.139893,520.114990,521.030029,3716946.000000,1715369400.0
1715369400.0,521.030029,521.340027,520.760010,520.840027,7096245.000000,1715373000.0
1715607000.0,522.559998,522.669983,521.099976,521.669983,7937580.000000,1715610600.0
1715610600.0,521.664978,521.669983,520.950012,521.140015,4237645.000000,1715614200.0
1715614200.0,520.630005,521.375000,520.400024,521.284973,3322424.000000,1715617800.0
1715617800.0,521.289978,521.349976,519.739990,520.866516,4125433.000000,1715621400.0
1715621400.0,520.864990,520.900024,520.315002,520.794983,2931858.000000,1715625000.0
1715625000.0,520.794983,521.139526,520.469971,520.789978,4574705.000000,1715628600.0
1715628600.0,520.784973,521.099976,520.645020,520.909973,6152975.000000,1715632200.0
1715693400.0,521.109985,522.409973,520.880005,522.229980,11241200.000000,1715697000.0
1715697000.0,522.229980,522.280029,520.640015,521.919983,5978402.000000,1715700600.0
1715700600.0,521.929993,521.929993,520.809998,520.950012,3754577.000000,1715704200.0
1715704200.0,520.940002,521.070007,520.559998,521.040894,3096595.000000,1715707800.0
1715707800.0,521.049988,522.375000,520.974976,522.320007,4260248.000000,1715711400.0
1715711400.0,522.320007,523.780029,522.184998,523.441406,7463288.000000,1715715000.0
1715715000.0,523.440002,523.830017,523.200012,523.284973,11031855.000000,1715718600.0
1715779800.0,525.830017,526.799988,525.179993,526.390015,13081992.000000,1715783400.0
1715783400.0,526.409973,528.109985,526.320007,528.080017,6053988.000000,1715787000.0
1715787000.0,528.075012,528.169983,527.414978,528.049988,4050583.000000,1715790600.0
1715790600.0,528.039978,528.844971,527.945007,528.789978,3993941.000000,1715794200.0
1715794200.0,528.791504,529.429993,528.340027,528.969971,5005183.000000,1715797800.0
1715797800.0,528.989929,529.299988,528.599976,529.059998,6367147.000000,1715801400.0
1715801400.0,529.049988,530.080017,528.950012,529.770020,13619810.000000,1715805000.0
1715866200.0,529.880005,530.770020,529.549988,530.630005,7319069.000000,1715869800.0
1715869800.0,530.640015,531.469971,530.510010,531.140015,5782385.000000,1715873400.0
1715873400.0,531.140076,531.349976,530.280029,530.510010,4631016.000000,1715877000.0
1715877000.0,530.510010,530.849976,529.419983,529.789978,4154925.000000,1715880600.0
1715880600.0,529.770020,530.130005,529.020081,529.465027,4967076.000000,1715884200.0
1715884200.0,529.460022,530.200012,529.460022,529.890015,4446229.000000,1715887800.0
1715887800.0,529.890015,529.979980,528.539978,528.659973,11281036.000000,1715891400.0
1715952600.0,528.809998,529.200012,528.341980,529.169983,7792638.000000,1715956200.0
1715956200.0,529.169983,529.299988,528.390015,528.760010,6990385.000000,1715959800.0
1715959800.0,528.695007,529.029480,528.270020,528.559998,3588171.000000,1715963400.0
1715963400.0,528.559875,528.900024,528.049988,528.695007,4976687.000000,1715967000.0
1715967000.0,528.700012,528.880005,527.320007,527.909973,7465677.000000,1715970600.0
1715970600.0,527.900024,529.309998,527.880005,529.219971,8295790.000000,1715974200.0
1715974200.0,529.210022,529.520020,528.760010,529.429993,10133501.000000,1715977800.0
1716211800.0,529.609985,531.349426,529.609985,531.280029,6428550.000000,1716215400.0
1716215400.0,531.289978,531.479980,530.950012,531.390015,2586012.000000,1716219000.0
1716219000.0,531.400024,531.560120,530.635010,530.789978,2983400.000000,1716222600.0
1716222600.0,530.789978,531.280029,530.179993,530.349976,3475869.000000,1716226200.0
1716226200.0,530.349976,530.520020,529.169983,530.184998,4476750.000000,1716229800.0
1716229800.0,530.179993,530.440002,529.765015,530.261475,3485570.000000,1716233400.0
1716233400.0,530.270020,530.330017,529.500000,530.020020,7769429.000000,1716237000.0
1716298200.0,529.280029,530.030029,529.070007,530.015015,4545465.000000,1716301800.0
1716301800.0,530.020020,530.729980,529.929993,530.500122,3207341.000000,1716305400.0
1716305400.0,530.510010,530.519714,529.820007,530.195007,3733639.000000,1716309000.0
1716309000.0,530.190002,530.280029,529.640015,530.135010,2218199.000000,1716312600.0
1716312600.0,530.140015,530.789978,530.070007,530.390015,3185239.000000,1716316200.0
1716316200.0,530.395020,530.960022,530.165771,530.825012,4143830.000000,1716319800.0
1716319800.0,530.809998,531.520020,530.780029,531.320007,7407599.000000,1716323400.0
1716384600.0,530.650024,531.280029,530.625000,531.125000,4018236.000000,1716388200.0
1716388200.0,531.049988,531.380005,530.780029,531.035828,2208006.000000,1716391800.0
1716391800.0,531.039978,531.099976,530.159973,531.025024,2548571.000000,1716395400.0
1716395400.0,531.030029,531.239990,530.669983,530.914978,2926180.000000,1716399000.0
1716399000.0,530.909973,530.919983,527.770020,527.809998,7812489.000000,1716402600.0
1716402600.0,527.820007,528.869995,527.599976,528.760010,6237476.000000,1716406200.0
1716406200.0,528.760010,529.830017,528.015015,529.820007,10612664.000000,1716409800.0
1716471000.0,532.960022,533.070007,529.544983,530.449890,10081394.000000,1716474600.0
1716474600.0,530.460022,530.880127,528.979980,530.525024,4608312.000000,1716478200.0
1716478200.0,530.534973,531.484009,530.520020,531.244995,3672511.000000,1716481800.0
1716481800.0,531.232727,531.344971,528.830017,529.480408,3814406.000000,1716485400.0
1716485400.0,529.349976,529.479980,525.460022,525.710083,7274948.000000,1716489000.0
1716489000.0,525.710022,526.309998,524.719971,525.190002,8353985.000000,1716492600.0
1716492600.0,525.200012,526.260010,525.190002,525.950012,11836214.000000,1716496200.0
1716557400.0,527.849976,528.739990,526.880981,528.609985,7942013.000000,1716561000.0
1716561000.0,528.599976,530.270020,527.840027,529.700012,5596824.000000,1716564600.0
1716564600.0,529.710022,530.054016,529.000000,529.789978,3280933.000000,1716568200.0
1716568200.0,529.780029,529.869995,529.059998,529.628723,2707217.000000,1716571800.0
1716571800.0,529.609985,530.099976,529.239990,529.429871,3656844.000000,1716575400.0
1716575400.0,529.429993,529.609985,528.280029,528.929993,3452322.000000,1716579000.0
1716579000.0,528.929993,529.580017,528.770020,529.500000,6147975.000000,1716582600.0
1716903000.0,530.270020,530.510010,529.000000,529.559998,6768480.000000,1716906600.0
1716906600.0,529.539978,530.049927,529.159973,529.859985,2732452.000000,1716910200.0
1716910200.0,529.869995,530.294983,529.640015,529.804993,1639935.000000,1716913800.0
1716913800.0,529.804993,530.250000,529.150024,529.479980,2374243.000000,1716917400.0
1716917400.0,529.474976,529.849976,528.210022,528.270020,4334512.000000,1716921000.0
1716921000.0,528.260010,528.979980,527.109985,528.340027,5607964.000000,1716924600.0
1716924600.0,528.340027,529.900024,528.289978,529.859985,6521801.000000,1716928200.0
1716989400.0,525.679993,526.969971,525.369995,526.729980,8133202.000000,1716993000.0
1716993000.0,526.755981,527.304993,526.030029,526.479980,3500495.000000,1716996600.0
1716996600.0,526.479980,526.919983,525.979980,526.820007,3622699.000000,1717000200.0
1717000200.0,526.820007,527.309998,526.340027,526.930115,3541876.000000,1717003800.0
1717003800.0,526.929993,527.200012,526.169983,526.590027,3219913.000000,1717007400.0
1717007400.0,526.580017,527.190002,526.010010,526.859985,5046168.000000,1717011000.0
1717011000.0,526.849976,527.190002,525.559998,526.109985,9928957.000000,1717014600.0
1717075800.0,524.520020,524.989990,523.369995,524.000000,7626544.000000,1717079400.0
1717079400.0,523.979980,524.080017,523.059998,523.950012,3725494.000000,1717083000.0
1717083000.0,523.945007,524.539978,523.690002,524.039978,2984127.000000,1717086600.0
1717086600.0,524.039978,525.140015,523.940002,524.965027,3061804.000000,1717090200.0
1717090200.0,524.960022,525.200012,523.599976,524.190002,3636736.000000,1717093800.0
1717093800.0,524.179993,524.450012,522.849976,523.380493,5622015.000000,1717097400.0
1717097400.0,523.380005,523.570007,521.330017,522.619995,11392450.000000,1717101000.0
1717162200.0,523.590027,524.809998,520.859985,521.099976,9053293.000000,1717165800.0
1717165800.0,521.104980,521.150024,520.030029,520.150024,6821977.000000,1717169400.0
1717169400.0,520.119995,520.239929,518.359985,518.809998,6601554.000000,1717173000.0
1717173000.0,518.799988,520.934998,518.719971,520.815002,4646957.000000,1717176600.0
1717176600.0,520.820007,521.294983,520.450012,520.779907,5141227.000000,1717180200.0
1717180200.0,520.780029,522.750000,520.590027,522.250000,7488451.000000,1717183800.0
1717183800.0,522.239990,527.500000,522.000000,527.349976,26130326.000000,1717187400.0
1717421400.0,529.020020,529.309998,527.344971,528.169983,11014920.000000,1717425000.0
1717425000.0,528.000000,528.000000,525.400024,526.080017,4434505.000000,1717428600.0
1717428600.0,526.099976,526.099976,523.650024,523.950012,7583676.000000,1717432200.0
1717432200.0,523.940002,524.690002,522.599976,524.650024,4415958.000000,1717435800.0
1717435800.0,524.640015,525.780029,524.580017,525.109985,4125167.000000,1717439400.0
1717439400.0,525.109985,526.500000,525.109985,526.250000,3634503.000000,1717443000.0
1717443000.0,526.260010,527.820007,525.729980,527.760010,6720224.000000,1717446600.0
1717507800.0,526.460022,527.750000,525.739990,527.000000,7224688.000000,1717511400.0
1717511400.0,526.984985,527.400024,525.619995,525.859985,3762425.000000,1717515000.0
1717515000.0,525.859985,526.099976,524.960022,526.010010,3321554.000000,1717518600.0
1717518600.0,526.020020,527.000000,525.659973,526.974976,2581367.000000,1717522200.0
1717522200.0,526.979980,528.969971,526.340027,528.929993,3643143.000000,1717525800.0
1717525800.0,528.940002,529.150024,526.609985,527.650024,4644730.000000,1717529400.0
1717529400.0,527.659973,528.599976,527.005005,528.349976,5221839.000000,1717533000.0
1717594200.0,530.770020,530.820007,528.989990,530.265015,8380277.000000,1717597800.0
1717597800.0,530.280029,532.184998,530.280029,531.914978,5710875.000000,1717601400.0
1717601400.0,531.909973,532.440002,531.729980,532.130310,3544876.000000,1717605000.0
1717605000.0,532.130005,532.979980,532.080017,532.729980,3327615.000000,1717608600.0
1717608600.0,532.729980,533.489990,532.619995,533.480103,3989962.000000,1717612200.0
1717612200.0,533.489990,534.169983,533.434998,533.700012,5080187.000000,1717615800.0
1717615800.0,533.690002,534.690002,533.239990,534.650024,8164059.000000,1717619400.0
1717680600.0,534.979980,535.419983,534.330017,535.059998,7083812.000000,1717684200.0
1717684200.0,535.049988,535.049988,534.210022,534.484985,2805300.000000,1717687800.0
1717687800.0,534.469971,534.530029,533.532410,533.739990,3035339.000000,1717691400.0
1717691400.0,533.739990,534.270020,533.240112,534.140015,2811686.000000,1717695000.0
1717695000.0,534.140015,534.459900,532.679993,533.645020,3101921.000000,1717698600.0
1717698600.0,533.650024,534.640015,533.369995,534.489990,2765008.000000,1717702200.0
1717702200.0,534.489990,534.669983,533.990112,534.630005,4478553.000000,1717705800.0
1717767000.0,533.659973,534.760010,532.534973,534.640015,8779223.000000,1717770600.0
1717770600.0,534.630005,536.399902,533.950012,534.950012,5670172.000000,1717774200.0
1717774200.0,534.955017,535.940002,534.679993,535.909912,2247558.000000,1717777800.0
1717777800.0,535.909973,536.890015,534.919983,536.170105,2888407.000000,1717781400.0
1717781400.0,536.179993,536.409973,533.489990,534.690002,4582055.000000,1717785000.0
1717785000.0,534.729980,535.440002,533.794983,534.729980,4092291.000000,1717788600.0
1717788600.0,534.739990,534.880005,533.719971,533.960022,6857634.000000,1717792200.0
1718026200.0,533.179993,533.630005,532.570007,533.590027,5183864.000000,1718029800.0
1718029800.0,533.585022,534.380005,533.429993,534.380005,3030546.000000,1718033400.0
1718033400.0,534.390015,535.140015,534.320007,534.869324,3197217.000000,1718037000.0
1718037000.0,534.869995,535.070007,534.260010,534.309998,2113542.000000,1718040600.0
1718040600.0,534.318787,535.719971,534.229980,534.500000,3451882.000000,1718044200.0
1718044200.0,534.475220,535.989990,534.289978,535.580078,4834609.000000,1718047800.0
1718047800.0,535.599976,535.729980,534.700012,535.659973,8761596.000000,1718051400.0
1718112600.0,533.719971,533.825012,532.049988,533.719971,6419178.000000,1718116200.0
1718116200.0,533.710022,534.739990,533.599976,534.429993,2791004.000000,1718119800.0
1718119800.0,534.450012,534.760010,533.549988,533.840027,2889276.000000,1718123400.0
1718123400.0,533.859497,534.809998,533.719971,534.250000,2951611.000000,1718127000.0
1718127000.0,534.243530,536.229980,534.195007,536.200012,2936355.000000,1718130600.0
1718130600.0,536.210022,536.640015,535.809998,535.862488,5258356.000000,1718134200.0
1718134200.0,535.859985,537.010010,535.619995,536.909973,7052167.000000,1718137800.0
1718199000.0,541.359985,543.919983,541.244995,543.909973,12237578.000000,1718202600.0
1718202600.0,543.919983,543.960022,542.559998,543.229980,4859545.000000,1718206200.0
1718206200.0,543.219971,543.260010,542.494995,542.500000,3150434.000000,1718209800.0
1718209800.0,542.510010,543.369995,542.419983,542.919983,2449258.000000,1718213400.0
1718213400.0,542.910278,542.929993,540.729980,542.669983,7136358.000000,1718217000.0
1718217000.0,542.690002,544.119995,540.739990,540.989990,9930018.000000,1718220600.0
1718220600.0,541.000000,542.395020,540.299988,541.335022,10707197.000000,1718224200.0
1718285400.0,543.150024,543.190002,540.429993,541.039978,8550009.000000,1718289000.0
1718289000.0,541.040405,541.349976,540.250000,541.190002,4646932.000000,1718292600.0
1718292600.0,541.169983,541.650024,539.640015,539.751221,3793101.000000,1718296200.0
1718296200.0,539.750000,541.969421,539.590027,541.720093,3696398.000000,1718299800.0
1718299800.0,541.729980,542.210022,541.200012,542.070007,3207323.000000,1718303400.0
1718303400.0,542.080017,543.059998,541.979980,542.505005,4804371.000000,1718307000.0
1718307000.0,542.510010,543.325012,542.179993,542.409973,6041037.000000,1718310600.0
1718371800.0,540.880005,541.629517,539.960022,540.869995,8014180.000000,1718375400.0
1718375400.0,540.880005,541.650024,539.849976,541.429993,3750360.000000,1718379000.0
1718379000.0,541.460022,541.859375,540.280029,541.119995,3897980.000000,1718382600.0
1718382600.0,541.109985,542.420105,540.930115,542.099976,3037626.000000,1718386200.0
1718386200.0,542.080017,542.359985,541.171997,541.869995,3032066.000000,1718389800.0
1718389800.0,541.880005,542.429993,541.330017,542.359985,3453522.000000,1718393400.0
1718393400.0,542.369995,542.799988,541.859985,542.739990,5534475.000000,1718397000.0
1718631000.0,542.080017,542.890015,541.607178,542.309998,6912139.000000,1718634600.0
1718634600.0,542.299988,544.030029,542.210693,543.820007,6102134.000000,1718638200.0
1718638200.0,543.820007,545.429993,543.479980,545.409973,4146420.000000,1718641800.0
1718641800.0,545.419983,546.549988,545.159973,546.349976,5862853.000000,1718645400.0
1718645400.0,546.375000,548.530029,546.309998,548.010010,7232348.000000,1718649000.0
1718649000.0,548.010010,548.390015,547.460022,548.270020,6628816.000000,1718652600.0
1718652600.0,548.190002,548.289978,546.739990,547.039978,9411903.000000,1718656200.0
1718717400.0,547.159973,548.219971,547.109985,547.409973,5719523.000000,1718721000.0
1718721000.0,547.414978,547.960022,546.729980,547.080017,3693719.000000,1718724600.0
1718724600.0,547.059998,548.070007,546.969971,547.369995,3919928.000000,1718728200.0
1718728200.0,547.252319,548.169983,547.229980,548.070007,2432417.000000,1718731800.0
1718731800.0,548.070007,548.619995,547.090027,547.743774,5162428.000000,1718735400.0
1718735400.0,547.880127,548.070007,547.419983,547.885010,4516047.000000,1718739000.0
1718739000.0,547.900024,548.500000,547.690002,548.489990,8772697.000000,1718742600.0
1718890200.0,549.440002,550.119995,548.400024,549.075012,8930285.000000,1718893800.0
1718893800.0,549.059998,549.530029,548.669983,548.809998,4045562.000000,1718897400.0
1718897400.0,548.809998,549.119995,546.940125,546.960022,4893296.000000,1718901000.0
1718901000.0,546.960022,547.705017,545.739990,546.020020,7282479.000000,1718904600.0
1718904600.0,546.000000,548.140076,545.179993,548.054993,7709012.000000,1718908200.0
1718908200.0,548.059998,548.190002,545.770020,547.150024,8293926.000000,1718911800.0
1718911800.0,547.159973,547.760010,546.580017,546.950012,12127650.000000,1718915400.0
1718976600.0,544.400024,544.859985,543.020020,544.320007,10098310.000000,1718980200.0
1718980200.0,544.049988,545.250000,543.859985,544.414978,9429020.000000,1718983800.0
1718983800.0,544.239990,545.650024,544.009827,545.250000,3984979.000000,1718987400.0
1718987400.0,545.260010,545.330017,543.880005,544.089905,2660129.000000,1718991000.0
1718991000.0,544.070007,544.755005,543.558899,544.695007,4933185.000000,1718994600.0
1718994600.0,544.690002,544.844971,543.950012,544.395020,4581792.000000,1718998200.0
1718998200.0,544.400024,545.219971,544.080017,544.130005,12433274.000000,1719001800.0
1719235800.0,544.330017,546.950012,543.760010,545.440002,7424032.000000,1719239400.0
1719239400.0,545.429993,546.354980,544.659973,546.140015,4951072.000000,1719243000.0
1719243000.0,546.145020,546.280029,545.570007,545.965027,2141914.000000,1719246600.0
1719246600.0,545.965027,546.179993,544.000000,544.270020,5014316.000000,1719250200.0
1719250200.0,544.270020,544.539978,543.424988,543.770020,3486799.000000,1719253800.0
1719253800.0,543.770020,544.659973,543.479980,544.229980,4465958.000000,1719257400.0
1719257400.0,544.239990,544.419983,542.630005,542.630005,10068368.000000,1719261000.0
1719322200.0,543.989990,544.169983,543.030029,543.989990,6049224.000000,1719325800.0
1719325800.0,543.979980,544.479980,543.430481,544.059998,4185103.000000,1719329400.0
1719329400.0,544.049988,544.430115,543.419983,543.619995,4602975.000000,1719333000.0
1719333000.0,543.609985,543.700012,542.440002,543.690002,5204435.000000,1719336600.0
1719336600.0,543.690002,544.869995,543.429993,544.846008,3391128.000000,1719340200.0
1719340200.0,544.840027,545.119995,543.799988,545.119995,4714370.000000,1719343800.0
1719343800.0,545.119995,545.200012,544.169983,544.789978,5283041.000000,1719347400.0
1719408600.0,543.690002,544.799988,543.169983,543.804993,5704495.000000,1719412200.0
1719412200.0,543.799988,544.559998,543.030029,543.960022,4044970.000000,1719415800.0
1719415800.0,543.950012,545.450012,543.655029,545.190002,3693924.000000,1719419400.0
1719419400.0,545.179993,545.340027,544.010010,544.510010,4414298.000000,1719423000.0
1719423000.0,544.530029,544.940002,544.270020,544.734985,2318177.000000,1719426600.0
1719426600.0,544.739990,545.114990,544.130005,544.639771,2516545.000000,1719430200.0
1719430200.0,544.630005,546.239990,544.450012,545.530029,7600247.000000,1719433800.0
1719495000.0,545.369995,546.960022,545.140015,546.530029,5923547.000000,1719498600.0
1719498600.0,546.530029,546.809998,544.919983,545.289978,3554510.000000,1719502200.0
1719502200.0,545.275024,546.020020,544.669983,545.859985,4866462.000000,1719505800.0
1719505800.0,545.849976,546.340027,545.612000,546.304993,2430191.000000,1719509400.0
1719509400.0,546.309998,546.429993,544.640015,544.770020,2610777.000000,1719513000.0
1719513000.0,544.780029,545.809998,544.609985,545.765015,3333082.000000,1719516600.0
1719516600.0,545.760010,546.400024,545.179993,546.340027,6290414.000000,1719520200.0
1719581400.0,547.159973,550.280029,546.669983,549.525696,9440369.000000,1719585000.0
1719585000.0,549.520020,550.070007,547.250000,547.730103,5936989.000000,1719588600.0
1719588600.0,547.739990,548.270020,546.210022,546.969971,3848642.000000,1719592200.0
1719592200.0,546.969971,547.130005,545.489990,546.280029,6035307.000000,1719595800.0
1719595800.0,546.280029,546.580017,545.239990,545.390015,4708406.000000,1719599400.0
1719599400.0,545.400024,545.650024,544.580017,544.780029,10085163.000000,1719603000.0
1719603000.0,544.799988,545.469971,542.950012,544.090027,19595265.000000,1719606600.0
1719840600.0,545.630005,545.859924,542.599976,544.330017,10768619.000000,1719844200.0
1719844200.0,544.330017,544.400024,542.520020,544.219971,3885401.000000,1719847800.0
1719847800.0,544.210022,545.250000,543.650024,545.210022,3718818.000000,1719851400.0
1719851400.0,545.229980,545.369995,544.599976,545.049988,2393909.000000,1719855000.0
1719855000.0,545.049988,545.669983,544.549988,544.799988,2395705.000000,1719858600.0
1719858600.0,544.799988,545.150024,543.820007,544.330017,2825621.000000,1719862200.0
1719862200.0,544.349976,545.880005,544.289490,545.369995,6255295.000000,1719865800.0
1719927000.0,543.700012,545.710022,543.650024,545.330017,6558371.000000,1719930600.0
1719930600.0,545.330017,546.099976,545.099976,546.059998,3144084.000000,1719934200.0
1719934200.0,546.059998,546.510010,545.119995,545.835022,3257574.000000,1719937800.0
1719937800.0,545.840027,546.919983,545.609985,546.659485,3199256.000000,1719941400.0
1719941400.0,546.659973,547.880005,546.450195,547.724976,3072694.000000,1719945000.0
1719945000.0,547.729980,548.080017,547.479980,547.974976,5477341.000000,1719948600.0
1719948600.0,548.000000,548.979980,547.830017,548.969971,8342306.000000,1719952200.0
1720013400.0,548.690002,550.109985,548.650024,549.179993,6774665.000000,1720017000.0
1720017000.0,549.159973,550.489990,549.090027,550.030029,4688661.000000,1720020600.0
1720020600.0,550.030029,551.184998,549.870117,551.139893,5909135.000000,1720024200.0
1720186200.0,551.770020,552.775024,551.119995,552.094971,6477354.000000,1720189800.0
1720189800.0,552.099976,553.140015,551.797974,552.909973,4223393.000000,1720193400.0
1720193400.0,552.890015,553.760010,552.862915,553.609985,2877165.000000,1720197000.0
1720197000.0,553.599976,553.986023,553.099976,553.864807,3090955.000000,1720200600.0
1720200600.0,553.869995,554.520020,553.840027,554.039978,3557633.000000,1720204200.0
1720204200.0,554.039978,554.609985,553.859985,554.349976,5538035.000000,1720207800.0
1720207800.0,554.349976,555.049988,554.250000,554.690002,8242174.000000,1720211400.0
1720445400.0,555.440002,556.250122,555.159973,555.491699,5553110.000000,1720449000.0
1720449000.0,555.489990,555.570007,554.909973,555.369995,3008857.000000,1720452600.0
1720452600.0,555.359985,555.450012,554.294983,554.585022,2874923.000000,1720456200.0
1720456200.0,554.580017,554.919983,554.469971,554.900024,1960915.000000,1720459800.0
1720459800.0,554.909973,555.369995,554.890015,555.219971,1851568.000000,1720463400.0
1720463400.0,555.229980,555.229980,554.190002,554.619019,2529125.000000,1720467000.0
1720467000.0,554.599976,555.559998,554.510071,555.340027,8031607.000000,1720470600.0
1720531800.0,556.260010,556.896301,555.669983,556.020020,4925845.000000,1720535400.0
1720535400.0,556.000000,556.909973,555.719971,556.049988,3188558.000000,1720539000.0
1720539000.0,556.049988,556.801514,555.840027,556.690002,2125459.000000,1720542600.0
1720542600.0,556.679993,557.179993,555.730103,556.000000,3399756.000000,1720546200.0
1720546200.0,556.000000,556.340027,555.719971,555.744995,2670299.000000,1720549800.0
1720549800.0,555.750000,556.179993,555.520020,555.784973,2834630.000000,1720553400.0
1720553400.0,555.780029,556.080017,555.559998,555.849976,4655149.000000,1720557000.0
1720618200.0,557.070007,557.750000,556.789978,557.359985,5299133.000000,1720621800.0
1720621800.0,557.340027,557.700012,556.770020,557.679993,2682377.000000,1720625400.0
1720625400.0,557.679993,559.039978,557.669983,558.940002,4474642.000000,1720629000.0
1720629000.0,558.929993,559.750000,558.669983,559.370117,3571501.000000,1720632600.0
1720632600.0,559.349976,559.869995,559.210022,559.559998,3063457.000000,1720636200.0
1720636200.0,559.570007,560.219971,559.520020,560.070007,4176517.000000,1720639800.0
1720639800.0,560.070007,561.669983,559.965027,561.260010,8415208.000000,1720643400.0
1720704600.0,561.440002,562.330017,559.289978,559.770020,10987766.000000,1720708200.0
1720708200.0,559.760010,560.369995,557.109985,557.320007,5945017.000000,1720711800.0
1720711800.0,557.320007,557.590027,556.179993,557.205017,5969436.000000,1720715400.0
1720715400.0,557.209900,557.770020,555.880005,557.080017,4159995.000000,1720719000.0
1720719000.0,557.090027,557.090027,555.830017,556.250000,3413299.000000,1720722600.0
1720722600.0,556.229980,557.489990,556.190002,556.557983,4778361.000000,1720726200.0
1720726200.0,556.559998,557.570007,556.400024,556.419983,10326962.000000,1720729800.0
1720791000.0,557.630005,559.859985,557.150024,559.780029,8056066.000000,1720794600.0
1720794600.0,559.780029,561.729980,559.679993,561.720520,6205261.000000,1720798200.0
1720798200.0,561.710022,561.760010,560.130005,560.640015,3585984.000000,1720801800.0
1720801800.0,560.630005,562.429993,560.440002,562.429993,4013529.000000,1720805400.0
1720805400.0,562.424988,563.669983,562.229980,562.994995,5206583.000000,1720809000.0
1720809000.0,563.000000,563.294983,562.559998,562.820007,4062451.000000,1720812600.0
1720812600.0,562.820007,562.820007,558.950012,559.900024,12466985.000000,1720816200.0
1721050200.0,562.030029,562.830017,561.390015,562.700012,7516929.000000,1721053800.0
1721053800.0,562.700012,564.837097,562.658875,563.719971,4428783.000000,1721057400.0
1721057400.0,563.729980,564.150024,562.140015,562.890015,3875212.000000,1721061000.0
1721061000.0,562.880005,563.179993,561.359985,561.669983,3202144.000000,1721064600.0
1721064600.0,561.619995,561.849976,560.710022,561.810120,2822803.000000,1721068200.0
1721068200.0,561.809998,562.559998,561.640015,562.069885,3368310.000000,1721071800.0
1721071800.0,562.070007,562.289978,559.630005,561.489990,8773715.000000,1721075400.0
1721136600.0,562.864990,563.609985,562.099976,562.659973,6784101.000000,1721140200.0
1721140200.0,562.759888,564.469971,562.469971,563.539978,3770091.000000,1721143800.0
1721143800.0,563.530029,563.590027,562.229980,562.640015,2497399.000000,1721147400.0
1721147400.0,562.609985,563.590027,562.289978,562.739990,2735468.000000,1721151000.0
1721151000.0,562.710022,563.590027,562.479980,563.390015,2991534.000000,1721154600.0
1721154600.0,563.380005,564.600098,563.280029,564.424988,4938564.000000,1721158200.0
1721158200.0,564.429993,565.159973,564.009888,564.844971,7670156.000000,1721161800.0
1721223000.0,559.270020,560.510010,557.909912,558.690002,11790838.000000,1721226600.0
1721226600.0,558.679993,559.104980,557.809998,558.599915,5303346.000000,1721230200.0
1721230200.0,558.604980,558.669983,557.289978,557.369873,3975225.000000,1721233800.0
1721233800.0,557.349976,558.039978,556.609985,557.380005,4714942.000000,1721237400.0
1721237400.0,557.370178,558.150024,556.840027,558.039978,4509306.000000,1721241000.0
1721241000.0,558.039978,558.375000,557.039978,558.070007,5054225.000000,1721244600.0
1721244600.0,558.059998,558.280029,556.950012,556.950012,10406200.000000,1721248200.0
1721309400.0,558.510010,559.520020,557.705017,558.840027,8231861.000000,1721313000.0
1721313000.0,558.830017,558.830017,553.780029,553.810486,8250570.000000,1721316600.0
1721316600.0,553.799988,554.380005,552.380005,552.919983,6280173.000000,1721320200.0
1721320200.0,552.859985,554.945007,552.690002,554.369995,3450558.000000,1721323800.0
1721323800.0,554.369995,554.809998,552.570007,552.580017,3535604.000000,1721327400.0
1721327400.0,552.424988,552.869995,550.429993,551.450012,8300330.000000,1721331000.0
1721331000.0,551.440002,553.849976,551.140015,552.659973,11013685.000000,1721334600.0
1721395800.0,552.419983,554.080017,551.039978,551.109985,8626059.000000,1721399400.0
1721399400.0,551.130005,551.989990,549.594971,549.645020,4737321.000000,1721403000.0
1721403000.0,549.647827,551.489990,549.217224,550.070007,13298825.000000,1721406600.0
1721406600.0,550.070007,550.190002,547.909973,548.590027,5500481.000000,1721410200.0
1721410200.0,548.570007,549.716003,548.090027,548.690002,4201573.000000,1721413800.0
1721413800.0,548.700012,550.460022,548.020020,549.989990,8040360.000000,1721417400.0
1721417400.0,549.989990,550.080017,548.140015,548.950012,10617936.000000,1721421000.0
1721655000.0,553.000000,554.410095,551.340027,553.200012,9581001.000000,1721658600.0
1721658600.0,553.210022,554.460022,551.699890,551.739990,5337601.000000,1721662200.0
1721662200.0,551.750000,552.419983,551.020020,552.145020,3534249.000000,1721665800.0
1721665800.0,552.109985,554.390015,551.800415,554.135010,2994149.000000,1721669400.0
1721669400.0,554.140015,555.080017,554.099976,554.580017,3511093.000000,1721673000.0
1721673000.0,554.575012,555.270020,554.155029,554.520020,3598136.000000,1721676600.0
1721676600.0,554.530029,555.140015,554.330017,554.650024,6511374.000000,1721680200.0
1721741400.0,554.539978,556.409973,554.130005,556.000122,5932413.000000,1721745000.0
1721745000.0,556.020020,556.734985,554.280029,556.429993,4101596.000000,1721748600.0
1721748600.0,556.425476,556.650024,554.530029,555.065125,2800688.000000,1721752200.0
1721752200.0,554.770020,555.150024,554.179993,554.760010,4090280.000000,1721755800.0
1721755800.0,554.729980,555.549988,554.270020,554.888611,2309907.000000,1721759400.0
1721759400.0,554.900024,555.390015,554.750000,555.239990,2173908.000000,1721763000.0
1721763000.0,555.020020,555.150024,553.275024,553.729980,6806885.000000,1721766600.0
1721827800.0,548.859985,549.169983,545.434998,546.039978,11976984.000000,1721831400.0
1721831400.0,546.030029,546.190002,544.229919,544.739990,6683031.000000,1721835000.0
1721835000.0,544.760010,545.280029,543.890015,544.199524,4671278.000000,1721838600.0
1721838600.0,544.268982,544.989990,543.630005,544.304016,5188485.000000,1721842200.0
1721842200.0,544.284973,544.950012,543.179993,543.359985,4494870.000000,1721845800.0
1721845800.0,543.354980,543.589600,541.489990,541.650024,9631293.000000,1721849400.0
1721849400.0,541.609985,542.900024,540.289978,541.210022,16010893.000000,1721853000.0
1721914200.0,541.349976,541.619995,537.450012,540.599976,12824669.000000,1721917800.0
1721917800.0,540.580017,544.629700,540.020020,543.229980,7899285.000000,1721921400.0
1721921400.0,543.219971,546.380005,542.409973,546.150024,5163022.000000,1721925000.0
1721925000.0,546.179993,547.455017,544.460510,544.719971,5362837.000000,1721928600.0
1721928600.0,544.719971,545.099976,542.530029,542.969971,4399882.000000,1721932200.0
1721932200.0,542.950012,543.679993,540.520020,543.140015,7501788.000000,1721935800.0
1721935800.0,543.130005,543.309998,538.130005,538.340027,10394986.000000,1721939400.0
1722000600.0,542.280029,544.630005,541.489990,543.630920,9842268.000000,1722004200.0
1722004200.0,543.630005,544.030029,541.669983,543.210022,5445711.000000,1722007800.0
1722007800.0,543.210022,546.020020,542.888977,545.571228,7755037.000000,1722011400.0
1722011400.0,545.570007,547.190002,545.299988,547.049988,3270563.000000,1722015000.0
1722015000.0,547.049988,547.130005,544.010010,544.489990,6334187.000000,1722018600.0
1722018600.0,544.510010,545.070007,543.030029,544.760010,0.000000,1722022200.0
1722022200.0,544.750000,544.840027,542.724976,544.380005,46246282.000000,1722025800.0
1722259800.0,546.020020,547.039978,544.750000,545.369995,8329658.000000,1722263400.0
1722263400.0,545.390015,545.650024,543.349976,544.150024,4972352.000000,1722267000.0
1722267000.0,544.150024,546.780029,542.719971,545.996277,3842651.000000,1722270600.0
1722270600.0,546.000000,547.049988,545.299988,545.309998,2557957.000000,1722274200.0
1722274200.0,545.320007,545.989990,544.590027,544.960022,2466952.000000,1722277800.0
1722277800.0,544.940002,545.645020,544.460022,545.429993,3007235.000000,1722281400.0
1722281400.0,545.429993,546.049988,544.520020,544.760010,6371394.000000,1722285000.0
1722346200.0,546.260010,547.340027,544.780029,544.960022,7504304.000000,1722349800.0
1722349800.0,544.979980,545.080017,541.213501,542.140015,6578602.000000,1722353400.0
1722353400.0,542.119995,542.390015,540.099976,540.809998,4738584.000000,1722357000.0
1722357000.0,540.809998,541.150024,538.515015,540.512573,4459098.000000,1722360600.0
1722360600.0,540.500000,542.659973,540.190002,541.935120,3811063.000000,1722364200.0
1722364200.0,541.859985,542.219971,540.770020,541.719971,3851350.000000,1722367800.0
1722367800.0,541.710022,543.655029,541.250000,541.909973,8810410.000000,1722371400.0
1722432600.0,548.979980,550.549988,547.579895,550.299988,10236612.000000,1722436200.0
1722436200.0,550.289978,551.280029,549.619995,551.119995,4619368.000000,1722439800.0
1722439800.0,551.119995,551.710022,550.280029,550.510071,3353576.000000,1722443400.0
1722443400.0,550.500000,550.979980,549.919983,550.338623,4039165.000000,1722447000.0
1722447000.0,550.330017,551.304993,548.659973,550.955017,5407430.000000,1722450600.0
1722450600.0,550.960022,553.500000,549.229980,549.679993,12032711.000000,1722454200.0
1722454200.0,549.659973,552.266785,549.280029,550.419983,15136270.000000,1722457800.0
1722519000.0,552.570007,554.868774,549.809998,549.830078,11895611.000000,1722522600.0
1722522600.0,549.869995,550.250000,546.000000,546.169983,8288522.000000,1722526200.0
1722526200.0,546.109985,546.580017,544.169983,545.030029,7656258.000000,1722529800.0
1722529800.0,545.049988,545.049988,541.820007,542.299988,0.000000,1722533400.0
1722533400.0,542.299988,542.859619,539.819885,540.260010,43649411.000000,1722537000.0
1722537000.0,540.239990,541.700012,539.429993,541.469971,7814437.000000,1722540600.0
1722540600.0,541.460022,543.469971,541.159973,543.039978,13590112.000000,1722544200.0
1722605400.0,535.750000,536.989990,529.590027,530.479980,20376913.000000,1722609000.0
1722609000.0,530.479980,531.500000,528.599976,529.419983,11037405.000000,1722612600.0
1722612600.0,529.429993,533.210022,529.200012,532.719971,10348182.000000,1722616200.0
1722616200.0,532.700012,533.520020,530.510010,530.580017,6167168.000000,1722619800.0
1722619800.0,530.570007,531.780029,529.539978,531.750000,5934159.000000,1722623400.0
1722623400.0,531.729980,532.617981,530.630005,532.320007,6697640.000000,1722627000.0
1722627000.0,532.349976,533.169983,530.520020,532.989990,12026320.000000,1722630600.0
1722864600.0,511.640015,520.929993,510.269989,514.640015,46359416.000000,1722868200.0
1722868200.0,514.760010,521.000000,514.619995,519.679993,13547487.000000,1722871800.0
1722871800.0,519.674988,523.580017,519.099976,523.570007,10599758.000000,1722875400.0
1722875400.0,523.549988,523.549988,518.250000,519.659973,10033675.000000,1722879000.0
1722879000.0,519.640015,520.880005,517.729980,518.950012,8016406.000000,1722882600.0
1722882600.0,518.909973,519.400024,515.309998,516.429993,11457012.000000,1722886200.0
1722886200.0,516.450012,517.409973,514.880005,517.409973,23128592.000000,1722889800.0
1722951000.0,519.219971,524.289978,517.869995,522.929993,17331704.000000,1722954600.0
1722954600.0,523.000000,526.510010,522.150024,522.419983,8535031.000000,1722958200.0
1722958200.0,522.460022,526.955017,522.409973,525.979980,5935765.000000,1722961800.0
1722961800.0,526.020020,528.156128,525.510010,527.850098,5165523.000000,1722965400.0
1722965400.0,527.880005,528.909973,526.900024,528.890320,6679981.000000,1722969000.0
1722969000.0,528.630127,529.750000,525.010010,526.720398,9526825.000000,1722972600.0
1722972600.0,526.750000,527.030029,521.979980,522.190002,16469673.000000,1722976200.0
1723037400.0,528.469971,531.590027,527.940002,528.750000,12462130.000000,1723041000.0
1723041000.0,528.780029,531.150024,528.460022,529.510010,5690523.000000,1723044600.0
1723044600.0,529.549988,530.000000,525.820007,527.659973,5300276.000000,1723048200.0
1723048200.0,527.659973,527.820007,522.289978,523.650024,7464716.000000,1723051800.0
1723051800.0,523.640015,524.989929,519.434998,520.659973,9642084.000000,1723055400.0
1723055400.0,520.650024,522.099976,518.830017,521.070007,9077928.000000,1723059000.0
1723059000.0,521.039978,521.789978,518.051880,518.650024,10586185.000000,1723062600.0
1723123800.0,523.909973,527.989990,521.840027,527.869995,14881525.000000,1723127400.0
1723127400.0,527.820007,528.479980,526.405029,527.820007,6216281.000000,1723131000.0
1723131000.0,527.809998,529.016174,526.849976,528.390503,4473111.000000,1723134600.0
1723134600.0,528.400024,529.979980,526.650024,529.950012,5635581.000000,1723138200.0
1723138200.0,530.049988,531.289978,529.690002,530.349976,5416062.000000,1723141800.0
1723141800.0,530.359985,530.909973,529.030029,529.309998,5697553.000000,1723145400.0
1723145400.0,529.320007,531.030029,528.200012,530.630005,11530566.000000,1723149000.0
1723210200.0,529.710022,531.809998,528.559998,530.609985,10172724.000000,1723213800.0
1723213800.0,530.650024,532.649902,529.409912,530.840027,5228273.000000,1723217400.0
1723217400.0,530.900024,531.840027,529.799988,530.299988,3891279.000000,1723221000.0
1723221000.0,530.289978,534.140015,530.229980,534.119995,3739543.000000,1723224600.0
1723224600.0,534.130005,534.510010,531.690002,532.020020,4963380.000000,1723228200.0
1723228200.0,531.900024,533.159973,531.469971,532.729980,4672061.000000,1723231800.0
1723231800.0,532.739990,533.409973,532.059998,532.909973,6570541.000000,1723235400.0
1723469400.0,534.409973,534.729980,530.950012,534.190002,8867594.000000,1723473000.0
1723473000.0,534.179993,535.729980,531.859985,532.890015,5825977.000000,1723476600.0
1723476600.0,532.859985,535.150024,532.130005,534.080017,4615615.000000,1723480200.0
1723480200.0,534.070007,534.559998,532.099976,533.429993,3206347.000000,1723483800.0
1723483800.0,533.439880,533.870789,531.760010,532.640015,3317896.000000,1723487400.0
1723487400.0,532.619995,533.259888,532.359985,532.630005,4464016.000000,1723491000.0
1723491000.0,532.650024,533.299988,531.765015,533.260010,6820831.000000,1723494600.0
1723555800.0,536.530029,538.450012,536.280029,537.479980,10833544.000000,1723559400.0
1723559400.0,537.460022,538.979980,536.330017,538.698975,4939399.000000,1723563000.0
1723563000.0,538.690002,540.174988,538.510010,539.690002,4126591.000000,1723566600.0
1723566600.0,539.700012,541.119995,539.270020,540.744995,3943749.000000,1723570200.0
1723570200.0,540.750000,541.030029,539.479980,540.919983,3740808.000000,1723573800.0
1723573800.0,540.919983,541.689697,540.609985,541.209900,5081258.000000,1723577400.0
1723577400.0,541.200012,542.280029,540.940002,542.010010,11211276.000000,1723581000.0
1723642200.0,542.849976,543.270020,540.840027,541.864990,8883670.000000,1723645800.0
1723645800.0,541.885010,543.157715,540.119995,543.157715,4040153.000000,1723649400.0
1723649400.0,543.200012,544.960022,542.140015,542.645020,5233542.000000,1723653000.0
1723653000.0,542.650024,543.549927,541.799988,543.219971,3052549.000000,1723656600.0
1723656600.0,543.159973,543.619995,542.630005,543.377502,2621178.000000,1723660200.0
1723660200.0,543.349976,544.349976,542.844971,543.109985,4281689.000000,1723663800.0
1723663800.0,543.109985,544.690002,542.750000,543.780029,9232808.000000,1723667400.0
1723728600.0,549.500000,550.669983,548.880005,550.400024,12682283.000000,1723732200.0
1723732200.0,550.400024,551.890015,550.359985,551.385010,6066522.000000,1723735800.0
1723735800.0,551.390015,552.710022,551.280029,552.580017,4416469.000000,1723739400.0
1723739400.0,552.580017,552.619995,551.260986,552.049988,3837627.000000,1723743000.0
1723743000.0,552.039978,552.919983,552.030029,552.799988,4249066.000000,1723746600.0
1723746600.0,552.809998,553.179993,552.450012,553.070007,6283719.000000,1723750200.0
1723750200.0,553.070007,553.359985,551.909973,553.067810,14488745.000000,1723753800.0
1723815000.0,551.419983,553.619995,551.260010,552.968018,7324404.000000,1723818600.0
1723818600.0,552.938416,553.159973,551.645020,552.679993,8117959.000000,1723822200.0
1723822200.0,552.679993,554.159973,552.469971,553.895020,3677834.000000,1723825800.0
1723825800.0,553.900024,555.020020,553.770020,554.590027,4499427.000000,1723829400.0
1723829400.0,554.589905,554.859985,553.809998,554.289978,4114947.000000,1723833000.0
1723833000.0,554.289978,554.729980,553.900024,554.099976,3034119.000000,1723836600.0
1723836600.0,554.094971,554.460022,553.549988,554.260010,6563230.000000,1723840200.0
1724074200.0,554.729980,555.679993,553.859985,555.354980,6444648.000000,1724077800.0
1724077800.0,555.359985,556.750000,555.270020,556.515015,3461511.000000,1724081400.0
1724081400.0,556.510010,556.960022,555.780029,556.770020,3258096.000000,1724085000.0
1724085000.0,556.770020,557.469971,556.500000,557.119995,2728292.000000,1724088600.0
1724088600.0,557.130005,557.760010,556.969971,557.700012,3245391.000000,1724092200.0
1724092200.0,557.700012,558.479980,557.690002,558.200012,4171133.000000,1724095800.0
1724095800.0,558.200012,559.580017,557.940002,559.559998,9512170.000000,1724099400.0
1724160600.0,559.150024,560.840027,558.789978,559.109985,7547258.000000,1724164200.0
1724164200.0,559.099976,559.229980,557.880005,557.969971,4749519.000000,1724167800.0
1724167800.0,557.960022,559.349976,557.840027,558.585022,3124326.000000,1724171400.0
1724171400.0,558.580017,558.750000,557.325012,558.179871,2348186.000000,1724175000.0
1724175000.0,558.169983,559.739929,557.690002,559.409912,3198662.000000,1724178600.0
1724178600.0,559.390015,559.479980,558.640015,558.679993,3088920.000000,1724182200.0
1724182200.0,558.669983,559.169983,558.400024,558.619995,5492436.000000,1724185800.0
1724247000.0,559.770020,560.849487,559.020020,560.159485,6457050.000000,1724250600.0
1724250600.0,560.179993,562.109985,558.549988,560.000000,5958883.000000,1724254200.0
1724254200.0,559.799988,560.179993,557.989990,559.429993,3565171.000000,1724257800.0
1724257800.0,559.429993,560.369995,559.349976,560.020020,2118771.000000,1724261400.0
1724261400.0,560.020020,561.270020,559.880005,561.252625,2777441.000000,1724265000.0
1724265000.0,561.250000,561.710022,559.219971,560.099976,5619256.000000,1724268600.0
1724268600.0,560.080017,561.049988,559.750000,560.700012,7956642.000000,1724272200.0
1724333400.0,562.559998,563.179993,560.530090,561.109985,7779561.000000,1724337000.0
1724337000.0,561.099976,561.249878,559.039978,559.168396,3373442.000000,1724340600.0
1724340600.0,559.159973,559.919983,557.059998,559.679993,5967896.000000,1724344200.0
1724344200.0,559.679993,560.070007,556.890015,557.480103,5684103.000000,1724347800.0
1724347800.0,557.489990,557.630005,555.239990,557.049927,5036659.000000,1724351400.0
1724351400.0,557.039978,557.299988,555.549988,555.780029,4618372.000000,1724355000.0
1724355000.0,555.830017,556.489990,554.979980,556.210022,11678715.000000,1724358600.0
1724419800.0,559.530029,563.090027,558.830017,562.690002,11312840.000000,1724423400.0
1724423400.0,562.710022,562.849976,558.349976,561.645020,8056269.000000,1724427000.0
1724427000.0,561.659973,562.500000,558.010010,558.559998,5112187.000000,1724430600.0
1724430600.0,558.590027,560.429993,557.289978,560.270020,3424305.000000,1724434200.0
1724434200.0,560.270020,561.020020,560.159973,560.859985,3169473.000000,1724437800.0
1724437800.0,560.859985,562.270020,560.162292,562.169983,4040627.000000,1724441400.0
1724441400.0,562.169983,562.679993,560.710022,562.090027,8564694.000000,1724445000.0
1724679000.0,563.179993,563.909973,561.500000,561.900024,8075477.000000,1724682600.0
1724682600.0,561.900024,561.919983,560.159973,560.640015,4042638.000000,1724686200.0
1724686200.0,560.630005,561.232727,559.719971,561.150024,2940034.000000,1724689800.0
1724689800.0,561.179993,561.710022,560.840027,560.960022,2268450.000000,1724693400.0
1724693400.0,560.960022,561.099976,559.049988,560.260010,3461960.000000,1724697000.0
1724697000.0,560.239990,560.909973,560.022705,560.450012,3069486.000000,1724700600.0
1724700600.0,560.450012,560.830017,559.849976,560.729980,7277893.000000,1724704200.0
1724765400.0,559.489990,561.130005,558.320007,561.075012,6634712.000000,1724769000.0
1724769000.0,561.039978,562.049988,560.750000,560.789978,4020558.000000,1724772600.0
1724772600.0,560.780029,561.190002,559.810974,560.815002,2939155.000000,1724776200.0
1724776200.0,560.619995,561.869995,559.849976,561.789978,3868306.000000,1724779800.0
1724779800.0,561.799988,562.059998,561.380005,561.775024,2122556.000000,1724783400.0
1724783400.0,561.770020,561.859985,561.150024,561.520020,2983889.000000,1724787000.0
1724787000.0,561.510010,561.849976,561.130005,561.531799,5667588.000000,1724790600.0
1724851800.0,561.210022,561.650024,560.409973,561.109985,3644318.000000,1724855400.0
1724855400.0,561.090027,561.309998,557.700012,558.309998,4406687.000000,1724859000.0
1724859000.0,558.320007,558.658997,556.892517,557.500000,4169393.000000,1724862600.0
1724862600.0,557.505005,558.869995,557.309998,557.950012,2193792.000000,1724866200.0
1724866200.0,557.965027,558.299988,555.039978,555.729980,4362914.000000,1724869800.0
1724869800.0,555.734985,558.780029,555.500000,558.549988,4960488.000000,1724873400.0
1724873400.0,558.549988,559.359985,558.039978,558.330017,8331313.000000,1724877000.0
1724938200.0,559.770020,561.950012,559.369995,561.710022,8634333.000000,1724941800.0
1724941800.0,561.734985,563.190002,561.469971,562.119995,3930756.000000,1724945400.0
1724945400.0,562.130005,563.539978,561.919983,563.280029,2772863.000000,1724949000.0
1724949000.0,563.270020,563.679993,562.150024,562.469971,2452729.000000,1724952600.0
1724952600.0,562.460022,562.890015,560.349976,560.580017,3033242.000000,1724956200.0
1724956200.0,560.559998,560.559998,557.179993,559.125000,6833569.000000,1724959800.0
1724959800.0,559.109985,559.950012,557.690002,558.299988,6124026.000000,1724963400.0
1725024600.0,560.770020,562.250000,560.409973,561.280029,6359632.000000,1725028200.0
1725028200.0,561.280029,562.169983,559.070007,559.190002,4213564.000000,1725031800.0
1725031800.0,559.179993,559.669983,558.000000,558.109985,4472003.000000,1725035400.0
1725035400.0,558.070007,559.840027,557.140015,558.909973,3234423.000000,1725039000.0
1725039000.0,558.909973,560.070007,558.599976,559.669983,3782082.000000,1725042600.0
1725042600.0,559.700012,561.960022,559.630005,561.820007,7871811.000000,1725046200.0
1725046200.0,561.830017,564.200012,561.210022,563.580017,14084143.000000,1725049800.0
1725370200.0,560.469971,560.809998,556.321472,557.190002,12476692.000000,1725373800.0
1725373800.0,557.179993,557.179993,555.140015,556.380005,6437632.000000,1725377400.0
1725377400.0,556.390015,556.989990,555.210022,555.650024,3801328.000000,1725381000.0
1725381000.0,555.650024,555.869995,554.679993,555.669983,3191446.000000,1725384600.0
1725384600.0,555.664978,555.729980,552.940002,553.039978,6054832.000000,1725388200.0
1725388200.0,553.130005,553.820007,552.309998,552.530029,6567183.000000,1725391800.0
1725391800.0,552.530029,552.755005,549.510010,552.140015,13159555.000000,1725395400.0
1725456600.0,550.299988,552.780029,550.025024,552.489990,10342650.000000,1725460200.0
1725460200.0,552.489990,554.429993,552.090515,552.140015,6740874.000000,1725463800.0
1725463800.0,552.130005,552.417175,551.070007,552.119995,3660411.000000,1725467400.0
1725467400.0,552.109985,553.090027,551.039978,551.215027,2745274.000000,1725471000.0
1725471000.0,551.200012,551.650024,550.580017,551.359985,3512082.000000,1725474600.0
1725474600.0,551.349976,551.739990,549.460022,550.719971,4725884.000000,1725478200.0
1725478200.0,550.729980,551.960022,550.080017,550.840027,8183749.000000,1725481800.0
1725543000.0,551.330017,553.799500,550.650024,552.969971,8643373.000000,1725546600.0
1725546600.0,552.969971,553.549988,547.820007,547.918579,5636074.000000,1725550200.0
1725550200.0,547.919983,548.619995,547.099976,548.559509,5165773.000000,1725553800.0
1725553800.0,548.549988,549.299988,547.750000,547.819885,2780692.000000,1725557400.0
1725557400.0,547.729980,550.929993,547.729980,550.000000,3779187.000000,1725561000.0
1725561000.0,549.989990,551.179993,548.140015,549.280090,3805060.000000,1725564600.0
1725564600.0,549.309998,550.260010,548.039978,549.570007,7346436.000000,1725568200.0
1725629400.0,549.940002,551.599976,544.640015,544.700012,12248379.000000,1725633000.0
1725633000.0,544.690002,545.505005,540.960022,541.500000,13438311.000000,1725636600.0
1725636600.0,541.489990,542.650024,539.840027,539.900024,5437345.000000,1725640200.0
1725640200.0,539.914001,542.000000,539.659973,540.830017,4438770.000000,1725643800.0
1725643800.0,540.830017,541.049988,539.440002,539.989990,3677853.000000,1725647400.0
1725647400.0,540.000000,541.880005,539.549988,541.330017,6894920.000000,1725651000.0
1725651000.0,541.330017,541.700012,539.669983,540.419983,13565792.000000,1725654600.0
1725888600.0,544.650024,546.390015,544.059998,544.729980,8954097.000000,1725892200.0
1725892200.0,544.719971,544.770081,542.679993,544.200012,4260845.000000,1725895800.0
1725895800.0,544.229980,547.000000,544.140015,546.890015,4358833.000000,1725899400.0
1725899400.0,546.900085,547.710022,546.770020,547.330017,3101031.000000,1725903000.0
1725903000.0,547.320007,547.330017,544.900024,544.969788,3848382.000000,1725906600.0
1725906600.0,544.960022,545.630005,544.179993,545.590027,4449438.000000,1725910200.0
1725910200.0,545.580017,546.510010,544.979980,546.419983,6385994.000000,1725913800.0
1725975000.0,548.359985,548.659973,545.549316,547.080017,7879328.000000,1725978600.0
1725978600.0,547.090027,547.700012,545.659973,547.450012,3297614.000000,1725982200.0
1725982200.0,547.729980,547.729980,543.380005,544.289978,4509060.000000,1725985800.0
1725985800.0,544.265015,546.960022,544.110107,546.359985,4121953.000000,1725989400.0
1725989400.0,546.359985,547.950012,546.289978,547.880127,3867472.000000,1725993000.0
1725993000.0,547.892517,548.789978,547.830017,548.760010,4555383.000000,1725996600.0
1725996600.0,548.770020,549.150024,548.140015,548.820007,5380891.000000,1726000200.0
1726061400.0,548.500000,548.549988,541.140015,541.242493,14169829.000000,1726065000.0
1726065000.0,541.234985,542.789978,539.960022,542.429993,9908357.000000,1726068600.0
1726068600.0,542.429993,546.820007,542.309998,546.780029,7711418.000000,1726072200.0
1726072200.0,546.780090,549.190002,546.510010,548.890015,5753289.000000,1726075800.0
1726075800.0,548.900024,551.140015,548.820129,551.007507,6418774.000000,1726079400.0
1726079400.0,551.000000,553.409973,550.979980,553.330017,9401542.000000,1726083000.0
1726083000.0,553.315002,555.359985,552.080017,554.359985,10344306.000000,1726086600.0
1726147800.0,555.010010,556.000000,552.739990,555.799988,9166298.000000,1726151400.0
1726151400.0,555.799988,556.640015,554.059998,554.929993,5909822.000000,1726155000.0
1726155000.0,554.960022,555.544983,554.200012,555.380005,3889830.000000,1726158600.0
1726158600.0,555.400024,558.090027,555.000000,557.840027,4826139.000000,1726162200.0
1726162200.0,557.859985,559.369995,557.679993,559.090027,5530312.000000,1726165800.0
1726165800.0,559.080078,559.400024,556.539978,558.760010,6160368.000000,1726169400.0
1726169400.0,558.760010,559.219971,558.119995,559.010010,8821546.000000,1726173000.0
1726234200.0,559.710022,562.359985,559.450012,561.119995,7602737.000000,1726237800.0
1726237800.0,561.109985,562.510010,560.270020,561.849976,4822336.000000,1726241400.0
1726241400.0,561.879883,562.940002,561.520020,561.570007,3649362.000000,1726245000.0
1726245000.0,561.565002,562.809814,561.330017,562.760010,2918735.000000,1726248600.0
1726248600.0,562.730103,563.030029,561.270020,561.409912,3944965.000000,1726252200.0
1726252200.0,561.409973,561.969971,561.020020,561.799988,3726025.000000,1726255800.0
1726255800.0,561.799988,562.340027,561.260010,561.960022,5860827.000000,1726259400.0
1726493400.0,561.739990,562.919983,560.820007,561.478821,6951743.000000,1726497000.0
1726497000.0,561.460022,561.539978,559.900024,560.830017,5125936.000000,1726500600.0
1726500600.0,560.820007,561.419983,560.340027,561.389893,3354915.000000,1726504200.0
1726504200.0,561.409973,561.909973,560.789978,561.715027,3311704.000000,1726507800.0
1726507800.0,561.710022,562.599976,561.609985,562.549988,3520039.000000,1726511400.0
1726511400.0,562.539978,562.719971,561.840027,562.260010,4598759.000000,1726515000.0
1726515000.0,562.244995,563.109985,562.152405,562.859985,7009103.000000,1726518600.0
1726579800.0,565.099976,566.250000,564.070007,565.950012,7795411.000000,1726583400.0
1726583400.0,565.950012,566.580017,564.650024,565.140015,5904559.000000,1726587000.0
1726587000.0,565.150024,565.340027,562.900024,563.739990,6491615.000000,1726590600.0
1726590600.0,563.739990,563.739990,560.979980,562.719971,4784559.000000,1726594200.0
1726594200.0,562.739990,563.179993,560.794983,562.630005,3715752.000000,1726597800.0
1726597800.0,562.620117,562.889893,561.330017,562.182007,4587193.000000,1726601400.0
1726601400.0,562.169983,563.169983,561.715027,563.099976,6758339.000000,1726605000.0
1726666200.0,563.739990,563.929993,562.130005,563.130005,5640231.000000,1726669800.0
1726669800.0,563.119995,563.349976,562.250000,562.760010,2987248.000000,1726673400.0
1726673400.0,562.750000,563.070007,561.340027,563.003174,4068927.000000,1726677000.0
1726677000.0,563.018982,563.729980,562.809998,563.719971,3234896.000000,1726680600.0
1726680600.0,563.710022,568.690002,561.799988,565.900024,14059731.000000,1726684200.0
1726684200.0,565.929993,566.979980,561.609985,564.940002,13819171.000000,1726687800.0
1726687800.0,564.940002,565.530029,560.830017,561.340027,8516046.000000,1726691400.0
1726752600.0,571.010010,571.380005,568.080017,571.349976,15326814.000000,1726756200.0
1726756200.0,571.500000,571.890015,569.429993,570.899109,9603307.000000,1726759800.0
1726759800.0,570.900024,571.820007,570.049988,571.679993,4511510.000000,1726763400.0
1726763400.0,571.669983,572.085022,571.190002,571.859924,5659467.000000,1726767000.0
1726767000.0,571.854980,572.880005,570.890015,572.000000,6346185.000000,1726770600.0
1726770600.0,572.000000,572.250000,570.669983,571.169983,8443074.000000,1726774200.0
1726774200.0,571.169983,571.780029,570.349976,570.919983,13481518.000000,1726777800.0
1726839000.0,567.840027,568.495789,566.409973,567.219971,14137567.000000,1726842600.0
1726842600.0,567.229980,567.760010,565.169983,565.989990,12680802.000000,1726846200.0
1726846200.0,565.979980,568.000122,565.710022,567.950012,4603647.000000,1726849800.0
1726849800.0,567.909973,568.530029,567.669983,568.219971,5486097.000000,1726853400.0
1726853400.0,568.224976,568.645508,566.409973,566.619995,6995501.000000,1726857000.0
1726857000.0,566.599976,568.690002,566.090027,568.239990,7136365.000000,1726860600.0
1726860600.0,568.234985,569.309998,567.799988,568.099976,10705851.000000,1726864200.0
1727098200.0,569.340027,570.332520,568.250000,569.789978,6921524.000000,1727101800.0
1727101800.0,569.799988,570.090027,568.729980,569.734985,3465602.000000,1727105400.0
1727105400.0,569.739990,570.150024,568.359985,568.940002,2894440.000000,1727109000.0
1727109000.0,568.940002,569.200012,568.099976,568.779907,3918972.000000,1727112600.0
1727112600.0,568.809998,569.500000,568.580017,569.239990,2458461.000000,1727116200.0
1727116200.0,569.380127,569.590027,569.052429,569.510010,4176963.000000,1727119800.0
1727119800.0,569.510010,569.909973,569.130005,569.619995,5126994.000000,1727123400.0
1727184600.0,570.479980,570.549988,567.710022,568.278381,8270767.000000,1727188200.0
1727188200.0,568.280029,570.069885,567.599976,569.850525,4363304.000000,1727191800.0
1727191800.0,569.869995,571.070007,569.729980,570.505005,5671919.000000,1727195400.0
1727195400.0,570.500000,571.200012,570.270020,570.609985,2121281.000000,1727199000.0
1727199000.0,570.609985,571.010010,570.070007,570.232483,2225025.000000,1727202600.0
1727202600.0,570.250000,570.750000,569.429993,570.639893,4698998.000000,1727206200.0
1727206200.0,570.640015,571.359985,570.380005,571.239990,9698552.000000,1727209800.0
1727271000.0,571.140015,571.890015,570.859985,571.099915,7315079.000000,1727274600.0
1727274600.0,571.099976,571.419800,570.599976,570.770020,3736068.000000,1727278200.0
1727278200.0,570.750000,571.250000,570.260010,570.640015,3892745.000000,1727281800.0
1727281800.0,570.630005,570.640015,569.099976,569.750000,4085985.000000,1727285400.0
1727285400.0,569.719971,570.380005,568.909973,570.200012,4094174.000000,1727289000.0
1727289000.0,570.169983,570.280029,569.700012,569.864990,3040842.000000,1727292600.0
1727292600.0,569.835022,570.140015,569.330017,570.000000,5773920.000000,1727296200.0
1727357400.0,574.380005,574.710022,572.429993,572.624023,8960721.000000,1727361000.0
1727361000.0,572.650024,573.440002,570.900024,571.339905,6367140.000000,1727364600.0
1727364600.0,571.099915,572.570129,570.979980,571.249878,3544384.000000,1727368200.0
1727368200.0,571.239990,571.429871,569.900024,571.090027,4450097.000000,1727371800.0
1727371800.0,571.099976,572.729980,571.070007,572.419983,6026284.000000,1727375400.0
1727375400.0,572.409973,572.469971,571.940002,572.119995,4260770.000000,1727379000.0
1727379000.0,572.119995,572.750000,571.820007,572.250000,6179189.000000,1727382600.0
1727443800.0,573.390015,574.219971,572.640015,573.849976,7715727.000000,1727447400.0
1727447400.0,573.854980,573.950989,572.919983,573.282715,3838380.000000,1727451000.0
1727451000.0,573.297485,573.309998,571.849976,572.229980,3588032.000000,1727454600.0
1727454600.0,572.230713,572.710022,571.750183,571.775024,2859981.000000,1727458200.0
1727458200.0,571.770020,572.650024,571.179993,571.205017,3212030.000000,1727461800.0
1727461800.0,571.210022,572.390015,570.419983,571.977112,5756445.000000,1727465400.0
1727465400.0,571.969971,572.114319,571.320007,571.409973,6649904.000000,1727469000.0
1727703000.0,570.510010,571.489990,570.250000,570.919983,5044665.000000,1727706600.0
1727706600.0,570.919983,571.760010,570.864990,571.559998,3463165.000000,1727710200.0
1727710200.0,571.729980,572.260010,570.731079,571.880005,6676861.000000,1727713800.0
1727713800.0,571.869995,571.960022,570.909973,571.069397,2462948.000000,1727717400.0
1727717400.0,571.039978,571.710022,568.229980,569.290771,6937007.000000,1727721000.0
1727721000.0,569.289978,571.179993,568.729980,570.890015,8100339.000000,1727724600.0
1727724600.0,570.897278,574.380005,570.799988,574.020020,15168854.000000,1727728200.0
1727789400.0,573.400024,573.460022,566.770020,567.460022,17040043.000000,1727793000.0
1727793000.0,567.479980,568.789978,566.000000,567.919983,9037601.000000,1727796600.0
1727796600.0,567.909973,569.599976,567.659973,568.770020,8894710.000000,1727800200.0
1727800200.0,568.760010,568.900024,566.270020,566.440002,9651683.000000,1727803800.0
1727803800.0,566.440002,570.699890,566.270020,570.479980,8544883.000000,1727807400.0
1727807400.0,570.489990,570.929993,569.580017,570.260071,5280983.000000,1727811000.0
1727811000.0,570.275024,570.275024,568.380005,568.690002,6504782.000000,1727814600.0
1727875800.0,567.710022,568.880005,565.270020,568.359985,9602314.000000,1727879400.0
1727879400.0,568.330017,569.830017,567.979980,569.520020,5511553.000000,1727883000.0
1727883000.0,569.539978,569.900024,568.820007,569.489990,3079887.000000,1727886600.0
1727886600.0,569.479980,569.479980,567.700012,568.429993,2935881.000000,1727890200.0
1727890200.0,568.349976,569.369995,567.570007,568.469421,2931861.000000,1727893800.0
1727893800.0,568.469971,569.340027,568.210022,569.210022,4091886.000000,1727897400.0
1727897400.0,569.219971,569.460022,568.700012,568.849976,5025068.000000,1727901000.0
1727962200.0,567.359985,569.802490,566.770020,567.169922,8994309.000000,1727965800.0
1727965800.0,567.150024,568.489990,566.239990,567.474915,4517151.000000,1727969400.0
1727969400.0,567.440002,569.159973,567.440002,568.700012,2230945.000000,1727973000.0
1727973000.0,568.708130,568.710022,565.489990,566.469971,6161439.000000,1727976600.0
1727976600.0,566.460022,567.419983,566.050110,567.010010,4699261.000000,1727980200.0
1727980200.0,566.989990,567.250000,566.049988,566.530029,3649827.000000,1727983800.0
1727983800.0,566.549988,568.270020,566.440002,567.780029,6404739.000000,1727987400.0
1728048600.0,572.349976,572.710022,568.349976,568.869995,12064616.000000,1728052200.0
1728052200.0,568.580017,570.729980,568.099976,568.780029,5120153.000000,1728055800.0
1728055800.0,568.780029,570.780029,568.280029,569.804993,3217279.000000,1728059400.0
1728059400.0,569.799988,571.570007,569.539978,571.049988,3364991.000000,1728063000.0
1728063000.0,571.049988,571.549988,569.580017,570.784973,4059947.000000,1728066600.0
1728066600.0,570.780029,572.190002,570.580017,572.039978,3623727.000000,1728070200.0
1728070200.0,571.960022,573.359985,571.895813,572.919983,6750776.000000,1728073800.0
1728307800.0,571.299988,571.959900,570.530029,571.500000,8203813.000000,1728311400.0
1728311400.0,571.510010,571.779907,570.619995,571.650024,4949899.000000,1728315000.0
1728315000.0,571.650024,571.739990,570.119995,570.960876,3066903.000000,1728318600.0
1728318600.0,570.969971,571.000793,570.268921,570.369995,2236376.000000,1728322200.0
1728322200.0,570.349976,570.549988,569.500000,569.549988,3512280.000000,1728325800.0
1728325800.0,569.539978,569.539978,566.630005,567.880005,7575952.000000,1728329400.0
1728329400.0,567.880005,568.679871,566.770020,567.809998,10976980.000000,1728333000.0
1728394200.0,570.419983,571.349976,569.529907,570.859985,8616207.000000,1728397800.0
1728397800.0,570.849976,572.549988,570.744995,571.840027,6370084.000000,1728401400.0
1728401400.0,571.849976,572.330017,571.400024,572.030029,3063200.000000,1728405000.0
1728405000.0,572.020020,572.239990,570.549988,571.219971,3016048.000000,1728408600.0
1728408600.0,571.219971,572.039978,571.104980,571.950073,1695615.000000,1728412200.0
1728412200.0,571.950012,573.039978,571.750000,572.859985,3690083.000000,1728415800.0
1728415800.0,572.859985,573.780029,572.739990,573.109985,7334708.000000,1728419400.0
1728480600.0,573.159973,574.440002,572.549988,574.109985,5798668.000000,1728484200.0
1728484200.0,574.099976,575.940002,573.950012,575.710022,4574646.000000,1728487800.0
1728487800.0,575.720093,577.059998,575.700073,576.257019,4626014.000000,1728491400.0
1728491400.0,576.260010,576.609924,575.630005,576.480103,2710975.000000,1728495000.0
1728495000.0,576.469971,576.849976,575.000000,576.400024,3167242.000000,1728498600.0
1728498600.0,576.380005,576.809998,575.719971,576.713318,3857113.000000,1728502200.0
1728502200.0,576.710022,577.710022,576.690002,577.119995,8599143.000000,1728505800.0
1728567000.0,575.770020,576.649475,574.559998,575.950012,10179350.000000,1728570600.0
1728570600.0,575.950012,576.559998,575.130005,576.294006,4365433.000000,1728574200.0
1728574200.0,576.289978,577.580017,575.882080,577.169373,4194139.000000,1728577800.0
1728577800.0,577.169983,577.205017,575.260010,576.369995,5555580.000000,1728581400.0
1728581400.0,576.380005,576.674988,574.770020,575.380005,3874903.000000,1728585000.0
1728585000.0,575.369995,575.510010,574.489990,575.395020,3794232.000000,1728588600.0
1728588600.0,575.380005,576.539978,575.299988,576.104980,4967864.000000,1728592200.0
1728653400.0,576.080017,580.094971,575.989990,579.780029,8860622.000000,1728657000.0
1728657000.0,579.760010,580.000000,578.700012,579.179993,5501098.000000,1728660600.0
1728660600.0,579.190002,579.650024,578.429993,578.750000,2993815.000000,1728664200.0
1728664200.0,578.739990,579.080017,578.070007,578.869873,2916315.000000,1728667800.0
1728667800.0,578.859985,579.900024,578.653687,579.460022,2439273.000000,1728671400.0
1728671400.0,579.469971,580.330017,578.789978,580.059509,4205929.000000,1728675000.0
1728675000.0,580.054993,580.320007,579.460022,579.549988,6601510.000000,1728678600.0
1728912600.0,581.219971,583.609924,580.789978,583.429993,7318735.000000,1728916200.0
1728916200.0,583.429993,583.780029,582.299988,582.784790,3736050.000000,1728919800.0
1728919800.0,582.799988,583.900024,582.539978,583.729919,2164618.000000,1728923400.0
1728923400.0,583.719971,584.140015,583.599976,583.779907,1955655.000000,1728927000.0
1728927000.0,583.770020,584.190002,583.309998,584.039978,1915888.000000,1728930600.0
1728930600.0,584.039978,584.640015,584.000000,584.539978,4537293.000000,1728934200.0
1728934200.0,584.530029,585.270020,584.070007,584.289978,9424058.000000,1728937800.0
1728999000.0,584.590027,584.900024,583.257629,583.257629,7415332.000000,1729002600.0
1729002600.0,583.239990,583.309998,581.289978,582.320007,8683816.000000,1729006200.0
1729006200.0,582.320007,582.650024,581.250000,582.119995,4244797.000000,1729009800.0
1729009800.0,582.140015,582.549988,580.820007,581.080017,3052446.000000,1729013400.0
1729013400.0,581.070007,581.750000,580.359985,580.539978,3942091.000000,1729017000.0
1729017000.0,580.539978,580.780029,578.880005,579.309998,5927784.000000,1729020600.0
1729020600.0,579.340027,580.195007,578.544983,579.809998,10948493.000000,1729024200.0
1729085400.0,579.780029,581.150085,578.960022,580.809998,6240068.000000,1729089000.0
1729089000.0,580.820007,581.029907,579.469971,580.599976,3245591.000000,1729092600.0
1729092600.0,580.596680,580.960022,580.039978,580.829895,2710178.000000,1729096200.0
1729096200.0,580.849976,581.619995,580.695007,581.169983,2378710.000000,1729099800.0
1729099800.0,581.179993,582.755005,581.140015,582.619202,2642388.000000,1729103400.0
1729103400.0,582.609985,582.830017,582.109985,582.359985,3456611.000000,1729107000.0
1729107000.0,582.359985,582.530029,582.099976,582.239990,6372452.000000,1729110600.0
1729171800.0,585.909973,586.119995,582.844971,583.869995,8815021.000000,1729175400.0
1729175400.0,583.859985,584.059021,582.369995,584.020020,3608011.000000,1729179000.0
1729179000.0,584.224976,585.000000,583.880005,584.289978,2281761.000000,1729182600.0
1729182600.0,584.270020,584.719971,583.729980,584.215027,1889322.000000,1729186200.0
1729186200.0,584.210022,584.700012,582.479980,582.640381,3110072.000000,1729189800.0
1729189800.0,582.632996,583.400024,582.419983,582.580017,3320538.000000,1729193400.0
1729193400.0,582.580017,582.739990,582.159973,582.280029,6723675.000000,1729197000.0
1729258200.0,584.070007,584.219971,582.580017,583.471191,6038203.000000,1729261800.0
1729261800.0,583.491089,584.330017,583.059998,584.250122,11220879.000000,1729265400.0
1729265400.0,584.260010,584.469971,583.690125,584.150024,2554403.000000,1729269000.0
1729269000.0,584.169983,585.250000,584.109985,584.619995,2765400.000000,1729272600.0
1729272600.0,584.630005,585.390015,583.840027,585.179871,3270853.000000,1729276200.0
1729276200.0,585.179993,585.250000,584.219971,584.460022,2773937.000000,1729279800.0
1729279800.0,584.460022,584.780029,584.059998,584.570007,4299962.000000,1729283400.0
1729517400.0,583.849976,584.849976,583.739990,583.919983,5682310.000000,1729521000.0
1729521000.0,583.929993,583.969971,580.669983,580.830017,7025204.000000,1729524600.0
1729524600.0,580.840027,582.630005,580.600098,582.170105,4070194.000000,1729528200.0
1729528200.0,582.239929,583.190002,581.900024,582.909973,2381759.000000,1729531800.0
1729531800.0,582.929993,583.380005,582.349976,582.642273,2507826.000000,1729535400.0
1729535400.0,582.650024,583.200012,582.170105,582.929993,2792388.000000,1729539000.0
1729539000.0,582.900024,583.729980,582.289978,583.669983,5498195.000000,1729542600.0
1729603800.0,581.049988,582.239990,580.380005,581.409973,6641290.000000,1729607400.0
1729607400.0,581.429993,582.270020,581.020020,582.078003,3535831.000000,1729611000.0
1729611000.0,582.189880,582.349976,581.570007,581.760010,2203413.000000,1729614600.0
1729614600.0,581.760010,582.710022,581.700012,582.659973,1833439.000000,1729618200.0
1729618200.0,582.669983,584.500000,582.630127,583.679993,5398674.000000,1729621800.0
1729621800.0,583.690002,583.710022,582.849976,583.640015,3000807.000000,1729625400.0
1729625400.0,583.650024,584.260010,583.229980,583.320007,4491637.000000,1729629000.0
1729690200.0,581.520020,581.559998,580.099976,580.992126,5822544.000000,1729693800.0
1729693800.0,580.989990,581.640015,578.830017,578.899902,4807928.000000,1729697400.0
1729697400.0,578.880005,579.898071,578.090027,578.198608,3893783.000000,1729701000.0
1729701000.0,578.080017,578.835022,576.530029,577.000000,5448488.000000,1729704600.0
1729704600.0,576.970093,576.979980,574.414978,575.510010,6452625.000000,1729708200.0
1729708200.0,575.510010,577.549988,575.400024,577.280029,7481003.000000,1729711800.0
1729711800.0,577.289978,578.130005,577.080017,577.929993,7714967.000000,1729715400.0
1729776600.0,579.979980,580.059998,578.619995,578.929993,7059462.000000,1729780200.0
1729780200.0,578.924988,579.830017,578.250000,578.650024,3019840.000000,1729783800.0
1729783800.0,578.609985,578.710022,576.570007,578.010010,3859424.000000,1729787400.0
1729787400.0,578.020020,579.508972,578.015015,579.049988,2858107.000000,1729791000.0
1729791000.0,579.049988,579.560120,578.070129,578.880005,2510261.000000,1729794600.0
1729794600.0,578.890015,579.537170,578.250000,579.440002,3389197.000000,1729798200.0
1729798200.0,579.440002,579.885010,579.000122,579.179993,5692343.000000,1729801800.0
1729863000.0,581.510010,584.460022,581.469971,584.174988,8583773.000000,1729866600.0
1729866600.0,584.159973,584.320007,582.320007,582.500000,4621778.000000,1729870200.0
1729870200.0,582.479980,582.760010,581.703186,582.700012,4000281.000000,1729873800.0
1729873800.0,582.739990,582.799988,580.010010,580.450012,3952657.000000,1729877400.0
1729877400.0,580.250000,580.570007,578.080017,579.830017,6592733.000000,1729881000.0
1729881000.0,579.840027,580.520020,579.010010,579.510010,3776882.000000,1729884600.0
1729884600.0,579.500000,579.700012,578.539978,579.015015,6576322.000000,1729888200.0
1730122200.0,582.580017,582.710022,581.239990,582.409973,7213735.000000,1730125800.0
1730125800.0,582.400024,582.500000,581.229980,581.590027,2727818.000000,1730129400.0
1730129400.0,581.580017,581.719971,580.570007,581.534973,2221715.000000,1730133000.0
1730133000.0,581.539978,581.639893,580.599976,581.330017,2952664.000000,1730136600.0
1730136600.0,581.359985,581.869995,581.244995,581.320007,2785104.000000,1730140200.0
1730140200.0,581.330017,581.780029,580.789978,581.452515,2833673.000000,1730143800.0
1730143800.0,581.479980,581.709900,580.520020,580.770020,6280965.000000,1730147400.0
1730208600.0,579.849976,581.849976,578.429993,580.465027,7563013.000000,1730212200.0
1730212200.0,580.469971,581.609985,580.420105,581.000000,8592626.000000,1730215800.0
1730215800.0,581.039978,582.000000,580.739990,581.390015,2093661.000000,1730219400.0
1730219400.0,581.380005,582.770020,580.830017,582.009888,3105038.000000,1730223000.0
1730223000.0,582.010010,582.359985,581.510010,582.359985,2290586.000000,1730226600.0
1730226600.0,582.349976,582.906982,582.299988,582.840027,3747655.000000,1730230200.0
1730230200.0,582.815002,582.895020,581.340027,581.705017,7417361.000000,1730233800.0
1730295000.0,581.289978,582.900024,579.289978,582.708923,7505829.000000,1730298600.0
1730298600.0,582.710022,582.960022,581.590027,582.849976,3559267.000000,1730302200.0
1730302200.0,582.850098,583.320007,582.390015,582.489990,2284474.000000,1730305800.0
1730305800.0,582.460022,582.599976,581.460022,581.520020,3109763.000000,1730309400.0
1730309400.0,581.440002,581.809998,580.289978,581.130005,3446308.000000,1730313000.0
1730313000.0,581.109985,581.434021,580.140015,580.570129,4485033.000000,1730316600.0
1730316600.0,580.570007,580.750000,579.380005,579.960022,8955583.000000,1730320200.0
1730381400.0,575.559998,575.630005,571.770020,571.989990,11128418.000000,1730385000.0
1730385000.0,571.969971,572.539978,570.275024,571.080017,6925262.000000,1730388600.0
1730388600.0,571.085022,571.909973,570.109985,571.500000,4857257.000000,1730392200.0
1730392200.0,571.479980,571.989990,571.039978,571.176514,2448969.000000,1730395800.0
1730395800.0,571.049988,571.189880,569.919983,570.490112,3732994.000000,1730399400.0
1730399400.0,570.500000,571.739990,569.710022,571.174988,7231289.000000,1730403000.0
1730403000.0,571.179993,572.000000,568.440002,568.570007,10434402.000000,1730406600.0
1730467800.0,571.320007,575.500305,570.679993,575.460022,10853991.000000,1730471400.0
1730471400.0,575.500000,575.549988,572.859985,575.200012,6287159.000000,1730475000.0
1730475000.0,575.200012,575.270020,573.299988,573.369995,2832937.000000,1730478600.0
1730478600.0,573.679993,574.239990,572.150024,573.700012,2635777.000000,1730482200.0
1730482200.0,573.679993,573.750000,571.140015,571.920105,3716106.000000,1730485800.0
1730485800.0,571.770020,572.940002,571.700012,571.749512,3821032.000000,1730489400.0
1730489400.0,571.739990,572.239990,570.619995,571.020020,7784087.000000,1730493000.0
1730730600.0,571.179993,572.500000,569.270020,572.109924,5624924.000000,1730734200.0
1730734200.0,572.090027,572.219971,571.020386,571.109985,5091903.000000,1730737800.0
1730737800.0,571.109985,571.179993,567.890015,570.010010,4733802.000000,1730741400.0
1730741400.0,569.979980,571.090027,569.232483,570.549988,3296834.000000,1730745000.0
1730745000.0,570.520020,571.270020,570.260071,570.330200,2922060.000000,1730748600.0
1730748600.0,570.320007,571.070007,569.940002,570.239990,3121731.000000,1730752200.0
1730752200.0,570.229980,570.270020,569.169983,569.780029,7673271.000000,1730755800.0
1730817000.0,570.739990,574.780029,570.520020,574.010010,7820983.000000,1730820600.0
1730820600.0,574.190002,575.210022,573.545471,574.710022,5423678.000000,1730824200.0
1730824200.0,574.710022,576.210022,574.710022,575.669983,3252173.000000,1730827800.0
1730827800.0,575.664001,576.429993,575.330078,575.380005,3969752.000000,1730831400.0
1730831400.0,575.320007,575.869995,574.599976,575.429993,4258861.000000,1730835000.0
1730835000.0,575.440002,575.869995,574.700012,575.689880,4216684.000000,1730838600.0
1730838600.0,575.669983,576.710022,575.260010,576.679993,6227081.000000,1730842200.0
1730903400.0,589.200012,589.429993,585.390015,588.820007,19813490.000000,1730907000.0
1730907000.0,588.820007,589.039978,586.390015,588.150024,7282837.000000,1730910600.0
1730910600.0,588.159973,589.090027,588.159973,588.760010,5613154.000000,1730914200.0
1730914200.0,588.750000,590.270020,588.510010,590.190002,4460904.000000,1730917800.0
1730917800.0,590.219971,590.710022,589.789978,590.549988,5136241.000000,1730921400.0
1730921400.0,590.530029,591.659973,590.119995,591.114990,5595203.000000,1730925000.0
1730925000.0,591.109985,591.929993,590.669983,591.039978,11275561.000000,1730928600.0
1730989800.0,593.359985,594.405029,592.999878,594.270020,7972498.000000,1730993400.0
1730993400.0,594.270020,595.000000,594.059998,594.609985,5086265.000000,1730997000.0
1730997000.0,594.590027,595.299988,594.580017,595.234985,3110405.000000,1731000600.0
1731000600.0,595.210022,595.559998,594.549988,594.849976,4494370.000000,1731004200.0
1731004200.0,594.849976,595.400024,594.200012,594.739990,4141976.000000,1731007800.0
1731007800.0,594.719910,596.650024,593.919983,596.150024,5637598.000000,1731011400.0
1731011400.0,596.130005,596.400024,595.179993,595.549988,9165377.000000,1731015000.0
1731076200.0,596.169983,597.579895,596.164978,597.335022,6647628.000000,1731079800.0
1731079800.0,597.330017,598.080017,597.229980,597.989929,4291137.000000,1731083400.0
1731083400.0,597.979980,598.219971,597.440002,597.640015,4149684.000000,1731087000.0
1731087000.0,597.669983,598.349976,597.609985,598.174988,2590616.000000,1731090600.0
1731090600.0,598.159973,599.250000,598.140015,599.229980,4147990.000000,1731094200.0
1731094200.0,599.270020,599.640015,598.239990,598.250000,5752043.000000,1731097800.0
1731097800.0,598.280029,598.312317,597.619995,598.239990,10548855.000000,1731101400.0
1731335400.0,599.989990,600.169983,598.530029,598.869995,7391401.000000,1731339000.0
1731339000.0,598.880005,599.950012,598.880005,599.090027,3623554.000000,1731342600.0
1731342600.0,599.099976,599.559998,598.684998,598.809082,1977105.000000,1731346200.0
1731346200.0,598.799988,599.030029,597.000000,597.849976,4612077.000000,1731349800.0
1731349800.0,597.849976,598.640015,597.570129,598.143677,2244888.000000,1731353400.0
1731353400.0,598.159973,598.588806,598.010010,598.279907,3052366.000000,1731357000.0
1731357000.0,598.270020,598.835022,597.979980,598.719971,7283055.000000,1731360600.0
1731421800.0,598.679993,599.289978,597.789978,597.953430,6625161.000000,1731425400.0
1731425400.0,597.965027,598.379883,596.979980,597.179993,3120433.000000,1731429000.0
1731429000.0,597.179871,597.349915,596.039978,596.492493,3059145.000000,1731432600.0
1731432600.0,596.489990,596.669983,594.450012,595.823425,5111232.000000,1731436200.0
1731436200.0,595.809998,598.280029,595.799988,597.979980,3921707.000000,1731439800.0
1731439800.0,597.979980,598.400024,597.179993,597.390015,5016605.000000,1731443400.0
1731443400.0,597.390015,597.570007,596.510010,596.869995,6685041.000000,1731447000.0
1731508200.0,597.369995,597.719971,594.960022,596.320007,7383708.000000,1731511800.0
1731511800.0,596.349976,598.140015,596.049988,597.979980,3493972.000000,1731515400.0
1731515400.0,597.969971,599.059875,597.219971,598.460022,3495807.000000,1731519000.0
1731519000.0,598.450012,599.229980,598.289978,598.760010,3478074.000000,1731522600.0
1731522600.0,598.755005,599.150024,597.799988,597.942505,2964581.000000,1731526200.0
1731526200.0,597.919983,598.140015,596.684998,597.590027,5928055.000000,1731529800.0
1731529800.0,597.570007,598.539978,596.479980,597.169983,13490464.000000,1731533400.0
1731594600.0,597.320007,597.809998,595.124817,596.419983,6566680.000000,1731598200.0
1731598200.0,596.409973,596.940002,595.859985,596.460022,2730235.000000,1731601800.0
1731601800.0,596.489990,596.929993,594.700012,594.829895,3115376.000000,1731605400.0
1731605400.0,594.820007,595.720093,593.750000,595.139893,3520122.000000,1731609000.0
1731609000.0,595.119995,595.309998,593.770020,595.150024,2937077.000000,1731612600.0
1731612600.0,595.130005,595.789978,593.020020,594.140015,5064339.000000,1731616200.0
1731616200.0,594.150024,594.369995,592.650024,593.369995,8718052.000000,1731619800.0
1731681000.0,589.719971,590.200012,586.669983,586.815002,12285260.000000,1731684600.0
1731684600.0,586.820007,587.289429,586.039978,587.239990,13822178.000000,1731688200.0
1731688200.0,587.229980,587.380005,585.216797,585.467102,6892212.000000,1731691800.0
1731691800.0,585.469971,585.809998,584.640015,585.429993,5443749.000000,1731695400.0
1731695400.0,585.380005,585.380005,583.859985,584.090027,7623382.000000,1731699000.0
1731699000.0,584.109985,586.229919,584.030029,585.309998,6377211.000000,1731702600.0
1731702600.0,585.309998,586.190002,584.729980,585.719971,9279457.000000,1731706200.0
1731940200.0,586.219971,587.390015,585.340027,587.359985,5730154.000000,1731943800.0
1731943800.0,587.369995,589.140015,587.303772,588.650024,4079522.000000,1731947400.0
1731947400.0,588.650024,589.489990,587.830017,588.369995,3370793.000000,1731951000.0
1731951000.0,588.340027,588.679993,587.750000,588.140015,2725350.000000,1731954600.0
1731954600.0,588.140015,588.445984,587.020020,587.280029,2857934.000000,1731958200.0
1731958200.0,587.280029,588.409973,587.109985,588.395020,2717875.000000,1731961800.0
1731961800.0,588.380005,588.390015,587.514282,588.150024,8855884.000000,1731965400.0
1732026600.0,584.710022,586.479980,584.030029,586.460022,8524394.000000,1732030200.0
1732030200.0,586.450012,589.010010,586.090027,588.899902,4412844.000000,1732033800.0
1732033800.0,588.890015,589.239990,588.030029,588.979980,3043412.000000,1732037400.0
1732037400.0,588.969971,589.630005,588.760010,589.550720,3925160.000000,1732041000.0
1732041000.0,589.559998,591.044983,589.400024,590.130005,5450771.000000,1732044600.0
1732044600.0,590.140015,590.359985,589.090027,589.880005,6312238.000000,1732048200.0
1732048200.0,589.880005,590.599976,589.679993,590.280029,6088297.000000,1732051800.0
1732113000.0,590.380005,590.530029,584.630005,585.713928,9235542.000000,1732116600.0
1732116600.0,585.719971,587.685974,585.619995,585.869995,7665516.000000,1732120200.0
1732120200.0,585.900024,588.799988,585.539978,587.205017,4253187.000000,1732123800.0
1732123800.0,587.200012,588.289978,586.539978,587.599976,2951747.000000,1732127400.0
1732127400.0,587.602173,587.602173,586.150024,586.619873,2680996.000000,1732131000.0
1732131000.0,586.609985,588.520020,586.520020,588.479980,4795676.000000,1732134600.0
1732134600.0,588.479980,590.789978,588.479980,590.479980,9327426.000000,1732138200.0
1732199400.0,593.400024,593.450012,587.539978,587.739197,10426898.000000,1732203000.0
1732203000.0,587.690002,592.750000,587.450012,592.724976,5418336.000000,1732206600.0
1732206600.0,592.750000,593.280029,591.080017,593.000000,3958697.000000,1732210200.0
1732210200.0,593.010010,594.679993,592.880127,594.429993,3530532.000000,1732213800.0
1732213800.0,594.450012,594.799988,593.520020,594.419983,4282940.000000,1732217400.0
1732217400.0,594.429993,595.119995,593.859985,594.900024,5360488.000000,1732221000.0
1732221000.0,594.900024,595.000000,593.559998,593.609985,7259012.000000,1732224600.0
1732285800.0,593.659973,596.130981,593.152527,593.669983,8465340.000000,1732289400.0
1732289400.0,593.780029,595.820007,593.590088,594.590027,4334292.000000,1732293000.0
1732293000.0,594.570007,595.880005,593.919983,595.609985,2694631.000000,1732296600.0
1732296600.0,595.609985,596.150024,594.659973,595.520020,2381164.000000,1732300200.0
1732300200.0,595.520020,595.969971,594.150024,594.989990,3638643.000000,1732303800.0
1732303800.0,594.989990,595.630005,594.169983,594.770020,3555087.000000,1732307400.0
1732307400.0,594.758301,596.099976,594.669983,595.489990,4804386.000000,1732311000.0
1732545000.0,599.520020,600.859985,597.549988,599.109985,12287190.000000,1732548600.0
1732548600.0,599.090027,599.260010,597.599976,597.989990,4340166.000000,1732552200.0
1732552200.0,597.969971,598.380005,595.750000,596.039978,4236635.000000,1732555800.0
1732555800.0,596.039978,597.440002,595.200012,597.150330,3470148.000000,1732559400.0
1732559400.0,597.179993,597.609985,596.489990,596.989990,2270237.000000,1732563000.0
1732563000.0,596.710083,597.450012,596.659973,597.140015,2618835.000000,1732566600.0
1732566600.0,597.109985,597.744995,596.849976,597.450012,6562304.000000,1732570200.0
1732631400.0,598.799988,599.609985,598.070007,598.815002,7503547.000000,1732635000.0
1732635000.0,598.799988,599.599976,598.219971,599.559998,3068458.000000,1732638600.0
1732638600.0,599.565002,599.869995,599.070007,599.335022,2822299.000000,1732642200.0
1732642200.0,599.349976,600.139893,599.299988,599.870117,2142058.000000,1732645800.0
1732645800.0,599.859985,600.409973,599.219971,599.680115,2987045.000000,1732649400.0
1732649400.0,599.690002,600.450012,599.500000,600.371521,4624304.000000,1732653000.0
1732653000.0,600.369995,601.330017,600.260010,600.729980,10760984.000000,1732656600.0
1732717800.0,600.460022,600.849976,599.229980,599.349976,6282609.000000,1732721400.0
1732721400.0,599.369995,599.590027,598.250000,598.459900,4307773.000000,1732725000.0
1732725000.0,598.429993,599.150024,597.280029,598.219971,5448310.000000,1732728600.0
1732728600.0,598.219971,598.859985,597.770020,598.477783,2285273.000000,1732732200.0
1732732200.0,598.460022,599.119995,598.359985,598.710022,2893063.000000,1732735800.0
1732735800.0,598.710022,599.099976,598.309998,598.549988,3623104.000000,1732739400.0
1732739400.0,598.544983,598.979980,598.000000,598.789978,4372415.000000,1732743000.0
1732890600.0,599.659973,601.739990,599.380493,601.389893,5371022.000000,1732894200.0
1732894200.0,601.510010,602.389709,601.409973,602.330017,3246544.000000,1732897800.0
1732897800.0,602.349976,603.260010,602.059998,602.825012,4842724.000000,1732901400.0
1733149800.0,602.969971,603.679871,602.469971,603.224976,7003062.000000,1733153400.0
1733153400.0,603.219971,603.570007,602.469971,603.280029,2742346.000000,1733157000.0
1733157000.0,603.265015,603.960022,603.190308,603.469971,2613542.000000,1733160600.0
1733160600.0,603.489990,603.879883,603.400024,603.669983,2297849.000000,1733164200.0
1733164200.0,603.675781,603.830017,603.049988,603.400024,2856373.000000,1733167800.0
1733167800.0,603.410095,604.320007,603.390015,604.260010,3815615.000000,1733171400.0
1733171400.0,604.119995,604.280029,603.450012,603.669983,5147465.000000,1733175000.0
1733236200.0,603.390015,603.719971,602.440002,602.460022,4277390.000000,1733239800.0
1733239800.0,602.479980,603.459900,602.341003,603.419983,2876603.000000,1733243400.0
1733243400.0,603.400024,603.500000,602.369995,603.005005,2238843.000000,1733247000.0
1733247000.0,602.994995,603.849976,602.940002,603.570007,2408282.000000,1733250600.0
1733250600.0,603.549988,603.760010,603.169983,603.619873,3815128.000000,1733254200.0
1733254200.0,603.599976,604.159973,603.599976,603.945007,3210131.000000,1733257800.0
1733257800.0,603.940002,604.140015,603.489990,603.849976,3985090.000000,1733261400.0
1733322600.0,605.630005,606.210022,604.950012,605.630005,6731828.000000,1733326200.0
1733326200.0,605.659973,606.500000,605.539978,606.330017,4477440.000000,1733329800.0
1733329800.0,606.320679,606.489990,606.020020,606.349976,2075568.000000,1733333400.0
1733333400.0,606.349976,606.539978,605.840027,605.869873,1768813.000000,1733337000.0
1733337000.0,605.859985,606.859985,605.200012,606.780090,3128888.000000,1733340600.0
1733340600.0,606.780029,607.520020,606.669983,607.309998,4825740.000000,1733344200.0
1733344200.0,607.309998,607.909973,607.179993,607.580017,9853074.000000,1733347800.0
1733409000.0,607.659973,608.200012,607.109985,607.109985,3874421.000000,1733412600.0
1733412600.0,607.103882,607.710022,606.799988,607.630005,2594162.000000,1733416200.0
1733416200.0,607.590027,608.169983,607.330017,608.049988,2237567.000000,1733419800.0
1733419800.0,608.044983,608.479980,606.859985,607.289978,2255538.000000,1733423400.0
1733423400.0,607.320007,607.890015,606.909973,607.099976,3305469.000000,1733427000.0
1733427000.0,607.099915,607.500000,606.619995,606.744995,2798712.000000,1733430600.0
1733430600.0,606.750000,607.385010,606.304993,606.609985,7907075.000000,1733434200.0
1733495400.0,607.440002,609.070007,607.340027,608.880005,5053995.000000,1733499000.0
1733499000.0,608.880005,608.976990,607.559998,608.000000,4270210.000000,1733502600.0
1733502600.0,607.989990,608.289978,607.320007,607.699890,2667723.000000,1733506200.0
1733506200.0,607.700012,608.390015,607.159973,608.065002,1752852.000000,1733509800.0
1733509800.0,608.065002,608.066284,607.030029,607.125000,2813995.000000,1733513400.0
1733513400.0,607.130005,607.749878,607.020020,607.614990,3577317.000000,1733517000.0
1733517000.0,607.619995,608.119995,607.450012,607.890015,4661615.000000,1733520600.0
1733754600.0,607.690002,607.859985,606.179993,606.377502,4813215.000000,1733758200.0
1733758200.0,606.369873,606.640015,604.609985,605.784973,5009899.000000,1733761800.0
1733761800.0,605.780029,606.125000,605.273193,605.609985,2086032.000000,1733765400.0
1733765400.0,605.580017,606.039978,605.039978,605.724976,1519429.000000,1733769000.0
1733769000.0,605.719971,606.429993,605.239990,605.369995,2242393.000000,1733772600.0
1733772600.0,605.369995,605.440002,604.320007,604.460022,4468028.000000,1733776200.0
1733776200.0,604.520020,604.789978,604.080017,604.630005,9261807.000000,1733779800.0
1733841000.0,605.369995,605.510010,604.273682,605.119873,4713731.000000,1733844600.0
1733844600.0,605.119873,605.799988,604.580017,604.659973,2920019.000000,1733848200.0
1733848200.0,604.650024,604.780029,604.179993,604.520020,2446474.000000,1733851800.0
1733851800.0,604.500000,605.020020,604.080017,604.349976,2354957.000000,1733855400.0
1733855400.0,604.369995,604.619995,603.580017,604.020020,3058978.000000,1733859000.0
1733859000.0,604.020020,604.039978,602.659973,602.731873,6375077.000000,1733862600.0
1733862600.0,602.739990,602.919983,602.130005,602.869995,8230106.000000,1733866200.0
1733927400.0,605.780029,607.250000,605.500000,606.534973,6758534.000000,1733931000.0
1733931000.0,606.559998,607.520020,606.481628,607.479980,2513936.000000,1733934600.0
1733934600.0,607.479980,608.190002,607.359985,607.719971,2666780.000000,1733938200.0
1733938200.0,607.750000,608.434998,607.609985,608.320007,1993876.000000,1733941800.0
1733941800.0,608.309998,608.400024,607.559998,607.929993,2116165.000000,1733945400.0
1733945400.0,607.919983,608.216797,607.710022,608.070007,2718006.000000,1733949000.0
1733949000.0,608.065002,608.065002,607.309998,607.500000,3811602.000000,1733952600.0
1734013800.0,606.580017,606.659973,605.130005,606.562622,5594003.000000,1734017400.0
1734017400.0,606.559998,607.159973,606.320007,606.864990,2183492.000000,1734021000.0
1734021000.0,606.880005,606.909973,605.770020,606.497925,2239719.000000,1734024600.0
1734024600.0,606.489990,606.950012,605.869995,606.516724,1753086.000000,1734028200.0
1734028200.0,606.510010,606.549988,604.830017,604.929993,2929159.000000,1734031800.0
1734031800.0,604.940002,605.440002,604.750000,604.880005,3016670.000000,1734035400.0
1734035400.0,604.900024,605.349976,604.340027,604.369995,6557089.000000,1734039000.0
1734100200.0,606.400024,607.130005,604.919983,605.010010,6315817.000000,1734103800.0
1734103800.0,605.010010,605.267395,603.030029,603.679871,4285013.000000,1734107400.0
1734107400.0,603.662476,604.659973,603.119995,603.236816,3546076.000000,1734111000.0
1734111000.0,603.239990,604.070007,602.809998,603.978821,3086676.000000,1734114600.0
1734114600.0,603.969971,604.528625,603.679993,604.380005,3509093.000000,1734118200.0
1734118200.0,604.400024,604.630005,603.770020,604.270020,3231704.000000,1734121800.0
1734121800.0,604.260010,604.700012,604.099976,604.260010,4245131.000000,1734125400.0
1734359400.0,606.000000,606.677185,605.210022,606.460022,6002002.000000,1734363000.0
1734363000.0,606.450012,607.109985,606.359985,606.719971,3298921.000000,1734366600.0
1734366600.0,606.729980,607.030029,606.400024,606.950012,2183495.000000,1734370200.0
1734370200.0,606.950012,607.719971,606.859985,607.719971,3244392.000000,1734373800.0
1734373800.0,607.710022,607.779480,607.320007,607.349976,2755892.000000,1734377400.0
1734377400.0,607.340027,607.775024,607.289978,607.590027,4298382.000000,1734381000.0
1734381000.0,607.580017,607.580994,606.054993,606.770020,10458577.000000,1734384600.0
1734445800.0,604.190002,604.859985,603.159973,603.219971,7817132.000000,1734449400.0
1734449400.0,603.200012,605.109985,603.164978,604.390015,4605315.000000,1734453000.0
1734453000.0,604.359985,605.169983,604.260010,604.539978,3035249.000000,1734456600.0
1734456600.0,604.549988,604.969971,604.020020,604.215027,4649041.000000,1734460200.0
1734460200.0,604.219971,604.440002,603.609985,603.674988,3845299.000000,1734463800.0
1734463800.0,603.679871,603.729980,602.885010,603.090027,6084059.000000,1734467400.0
1734467400.0,603.090027,604.739990,602.960022,604.239990,7716006.000000,1734471000.0
1734532200.0,603.979980,605.419922,603.469971,605.400024,6250631.000000,1734535800.0
1734535800.0,605.380005,606.405029,604.630005,605.630005,5651968.000000,1734539400.0
1734539400.0,605.619995,606.309998,605.409973,605.679993,4916439.000000,1734543000.0
1734543000.0,605.679993,605.940002,605.200012,605.212524,2971252.000000,1734546600.0
1734546600.0,605.210022,605.669983,600.030029,600.080017,12086251.000000,1734550200.0
1734550200.0,600.099976,601.250000,592.919983,593.140015,17481891.000000,1734553800.0
1734553800.0,593.130005,593.900024,585.890015,586.299988,29069208.000000,1734557400.0
1734618600.0,591.359985,593.000000,588.650024,588.700012,15038359.000000,1734622200.0
1734622200.0,588.669983,590.960022,587.789978,590.789978,11414371.000000,1734625800.0
1734625800.0,590.770020,591.400024,587.849976,588.010010,7500682.000000,1734629400.0
1734629400.0,588.010010,589.729980,587.280029,589.630005,6418617.000000,1734633000.0
1734633000.0,589.583923,591.260010,588.809998,589.229980,6506436.000000,1734636600.0
1734636600.0,589.250000,589.429993,587.409973,588.609985,9544383.000000,1734640200.0
1734640200.0,588.630005,589.219971,585.849976,586.119995,14096538.000000,1734643800.0
1734705000.0,581.770020,587.090027,580.909973,586.974976,19631672.000000,1734708600.0
1734708600.0,586.969971,592.340027,586.919983,592.338684,19282839.000000,1734712200.0
1734712200.0,592.340027,595.750000,592.250000,595.609985,9488606.000000,1734715800.0
1734715800.0,595.619995,595.630005,592.150024,592.168701,9895470.000000,1734719400.0
1734719400.0,592.169983,593.400024,591.619995,593.280029,8974730.000000,1734723000.0
1734723000.0,593.219971,593.940002,591.559998,591.770020,7446656.000000,1734726600.0
1734726600.0,591.789978,592.380005,589.469971,590.909973,23033047.000000,1734730200.0
1734964200.0,590.890015,591.770020,587.661011,589.299988,8622697.000000,1734967800.0
1734967800.0,589.299988,590.840027,588.710022,590.656921,3438805.000000,1734971400.0
1734971400.0,590.669983,593.119995,590.179993,592.130005,4356062.000000,1734975000.0
1734975000.0,592.130005,593.400024,591.700073,593.299683,3336170.000000,1734978600.0
1734978600.0,593.270020,594.309998,593.250000,593.859985,3683493.000000,1734982200.0
1734982200.0,593.890015,594.030029,592.250000,593.304993,5432141.000000,1734985800.0
1734985800.0,593.315002,595.299988,593.269409,594.780029,10935737.000000,1734989400.0
1735050600.0,596.059998,598.340027,595.469971,598.200012,6131929.000000,1735054200.0
1735054200.0,598.229980,599.370117,598.159973,599.250000,4658145.000000,1735057800.0
1735057800.0,599.239990,600.330017,598.840027,600.160095,4262625.000000,1735061400.0
1735223400.0,599.500000,600.400024,598.082520,600.289978,5803845.000000,1735227000.0
1735227000.0,600.284973,601.278503,599.789978,600.830017,3073789.000000,1735230600.0
1735230600.0,600.840027,602.479980,600.799988,601.510010,2775029.000000,1735234200.0
1735234200.0,601.510010,602.049988,600.349976,601.669983,2805863.000000,1735237800.0
1735237800.0,601.679993,601.770020,600.659973,600.900024,2789873.000000,1735241400.0
1735241400.0,600.969971,602.099976,600.840271,601.789978,3459748.000000,1735245000.0
1735245000.0,601.789978,602.025024,601.059998,601.229980,4421566.000000,1735248600.0
1735309800.0,597.539978,597.776123,592.789978,593.210022,10316838.000000,1735313400.0
1735313400.0,593.169983,594.570007,592.250000,594.518982,6943872.000000,1735317000.0
1735317000.0,594.490112,594.679871,590.799988,591.530029,6677205.000000,1735320600.0
1735320600.0,591.760010,592.950012,590.764709,592.539978,7774992.000000,1735324200.0
1735324200.0,592.526611,594.640015,592.330017,593.969971,4013700.000000,1735327800.0
1735327800.0,593.969971,595.530029,593.180115,593.650024,4660844.000000,1735331400.0
1735331400.0,593.659973,595.400024,592.539978,594.989990,12098123.000000,1735335000.0
1735569000.0,587.890015,588.010010,584.409973,584.770020,12115034.000000,1735572600.0
1735572600.0,584.760010,588.465027,584.750000,587.989990,9202513.000000,1735576200.0
1735576200.0,587.969971,590.549927,587.930115,590.440002,4244414.000000,1735579800.0
1735579800.0,590.450012,591.739990,589.650024,590.590027,3123190.000000,1735583400.0
1735583400.0,590.510010,591.530029,589.419983,590.340027,5645980.000000,1735587000.0
1735587000.0,590.340027,591.210022,589.559998,589.590027,4534648.000000,1735590600.0
1735590600.0,589.590027,590.640015,588.070007,588.260010,6595813.000000,1735594200.0
1735655400.0,590.239990,590.639893,588.170105,589.609985,6950749.000000,1735659000.0
1735659000.0,589.609985,590.059998,586.820007,586.950012,3571992.000000,1735662600.0
1735662600.0,586.949890,587.840027,585.739990,585.888672,3756070.000000,1735666200.0
1735666200.0,585.859985,587.579895,584.789978,585.010010,5608244.000000,1735669800.0
1735669800.0,585.015015,586.559875,584.580017,584.940002,4971522.000000,1735673400.0
1735673400.0,584.919983,587.299988,584.419983,587.230103,6727803.000000,1735677000.0
1735677000.0,587.229980,587.499878,584.969971,586.010010,12566205.000000,1735680600.0
1735828200.0,589.450012,591.130005,586.190002,587.830017,10951663.000000,1735831800.0
1735831800.0,587.809998,588.780029,585.200012,587.530090,5105750.000000,1735835400.0
1735835400.0,587.469971,588.770020,584.210022,584.489990,3517779.000000,1735839000.0
1735839000.0,584.469971,584.473328,581.090027,582.359985,8459869.000000,1735842600.0
1735842600.0,582.325012,583.505005,580.500000,583.280029,6223597.000000,1735846200.0
1735846200.0,583.265015,584.809998,582.020020,584.469971,4679389.000000,1735849800.0
1735849800.0,584.479980,585.369995,583.550171,584.570007,5791461.000000,1735853400.0
1735914600.0,587.530029,589.544983,586.429993,588.219971,9304664.000000,1735918200.0
1735918200.0,588.239990,589.849976,587.549988,589.630005,3540939.000000,1735921800.0
1735921800.0,589.599976,591.010010,589.554993,590.145020,3213495.000000,1735925400.0
1735925400.0,590.150024,591.500000,589.900024,591.494995,3211923.000000,1735929000.0
1735929000.0,591.500000,592.200012,591.049988,592.099976,3161826.000000,1735932600.0
1735932600.0,592.080017,592.599976,591.429993,591.929993,3775669.000000,1735936200.0
1735936200.0,591.929993,592.210022,591.049988,591.859985,7074389.000000,1735939800.0
1736173800.0,596.270020,599.000000,595.900024,598.890015,10454522.000000,1736177400.0
1736177400.0,598.909973,599.510010,598.070007,599.508972,5070586.000000,1736181000.0
1736181000.0,599.500000,599.700012,598.369995,598.570007,3142058.000000,1736184600.0
1736184600.0,598.530029,598.739990,596.580017,597.390015,4129019.000000,1736188200.0
1736188200.0,597.369995,597.429871,594.880005,595.349976,4467432.000000,1736191800.0
1736191800.0,595.369995,595.580017,594.039978,595.054993,5716723.000000,1736195400.0
1736195400.0,595.054993,595.500000,593.599976,595.400024,8009019.000000,1736199000.0
1736260200.0,597.419983,597.750000,592.080017,593.599976,9531785.000000,1736263800.0
1736263800.0,593.609985,593.750000,590.270020,593.109985,7309605.000000,1736267400.0
1736267400.0,593.020020,593.260010,590.212524,590.619995,4219424.000000,1736271000.0
1736271000.0,590.650024,592.397095,589.640015,592.280029,3357008.000000,1736274600.0
1736274600.0,592.280029,592.280029,590.549988,591.109985,3594071.000000,1736278200.0
1736278200.0,591.070007,591.099976,587.690002,587.830017,5890935.000000,1736281800.0
1736281800.0,587.820007,588.850220,586.780029,588.719971,11654859.000000,1736285400.0
1736346600.0,588.700012,588.770020,586.099976,586.474976,9870599.000000,1736350200.0
1736350200.0,586.469971,588.719971,586.380005,588.109985,3913519.000000,1736353800.0
1736353800.0,588.119995,589.940002,585.380005,585.630005,4361539.000000,1736357400.0
1736357400.0,585.640015,589.570007,585.195007,589.109985,4732025.000000,1736361000.0
1736361000.0,589.119995,590.579895,586.960022,590.271606,5551392.000000,1736364600.0
1736364600.0,590.280029,590.280029,587.880005,589.090027,3925037.000000,1736368200.0
1736368200.0,589.104980,589.789978,588.229980,589.419983,7883359.000000,1736371800.0
1736519400.0,585.880005,585.950012,579.150024,581.890015,18574871.000000,1736523000.0
1736523000.0,581.900024,583.228821,579.690002,579.859985,8238522.000000,1736526600.0
1736526600.0,579.869995,580.809998,578.549988,580.000000,6304597.000000,1736530200.0
1736530200.0,579.979980,583.750000,579.900024,583.239990,5835457.000000,1736533800.0
1736533800.0,583.239990,584.500000,581.580017,582.599976,6052200.000000,1736537400.0
1736537400.0,582.609985,582.619995,579.969971,580.344971,7098364.000000,1736541000.0
1736541000.0,580.330017,581.094971,579.700012,580.530029,8974376.000000,1736544600.0
1736778600.0,575.770020,578.619995,575.489990,576.020020,10234487.000000,1736782200.0
1736782200.0,576.072998,579.179993,576.030029,576.989990,4988325.000000,1736785800.0
1736785800.0,576.969971,578.530029,575.770020,578.229980,4259359.000000,1736789400.0
1736789400.0,578.200012,579.750000,577.599976,579.719971,3520069.000000,1736793000.0
1736793000.0,579.690002,580.359985,579.090027,580.309998,4323353.000000,1736796600.0
1736796600.0,580.289978,581.000000,579.570007,580.099976,5247105.000000,1736800200.0
1736800200.0,580.099976,581.750000,579.869995,581.539978,5872260.000000,1736803800.0
1736865000.0,584.359985,585.000000,581.969971,583.150024,10073998.000000,1736868600.0
1736868600.0,583.175171,583.559021,580.179993,580.859985,5105485.000000,1736872200.0
1736872200.0,580.830017,581.299988,578.570007,579.719971,5171613.000000,1736875800.0
1736875800.0,579.710022,582.237000,578.349976,582.020020,4224093.000000,1736879400.0
1736879400.0,582.020020,583.809998,581.789978,583.039978,5136583.000000,1736883000.0
1736883000.0,583.039978,583.739990,578.900024,580.489990,5815486.000000,1736886600.0
1736886600.0,580.469971,582.289978,579.580017,582.190002,7537574.000000,1736890200.0
1736951400.0,590.325012,592.969971,589.195007,592.330017,14512387.000000,1736955000.0
1736955000.0,592.340027,592.530029,590.710022,591.020081,4694971.000000,1736958600.0
1736958600.0,591.020020,591.380005,589.500000,591.119995,4001330.000000,1736962200.0
1736962200.0,591.119995,592.270020,590.890015,592.270020,2652355.000000,1736965800.0
1736965800.0,592.255005,593.140015,591.979980,593.099976,3105598.000000,1736969400.0
1736969400.0,593.210022,593.940002,593.020020,593.690002,6365535.000000,1736973000.0
1736973000.0,593.679993,593.840027,592.679993,592.760010,10587094.000000,1736976600.0
1737037800.0,594.174988,594.299988,591.320007,592.282776,7680042.000000,1737041400.0
1737041400.0,592.270020,594.349976,591.780029,593.360107,4177934.000000,1737045000.0
1737045000.0,593.340027,593.809998,591.820007,593.780029,2835661.000000,1737048600.0
1737048600.0,593.780029,593.799988,592.109985,592.260010,1960963.000000,1737052200.0
1737052200.0,592.260010,592.612610,590.929993,592.465027,4403042.000000,1737055800.0
1737055800.0,592.469971,593.330017,591.940002,592.289978,4513508.000000,1737059400.0
1737059400.0,592.289978,593.200012,591.479980,591.700012,6724604.000000,1737063000.0
1737124200.0,596.960022,597.539978,595.609985,596.969971,14259852.000000,1737127800.0
1737127800.0,596.989990,599.099976,596.780029,598.770020,11197582.000000,1737131400.0
1737131400.0,598.770020,599.039978,597.820007,598.981201,3509840.000000,1737135000.0
1737135000.0,599.000000,599.359985,598.530029,599.030029,3740085.000000,1737138600.0
1737138600.0,599.000000,599.109985,598.080017,598.447021,5257176.000000,1737142200.0
1737142200.0,598.479980,598.710022,597.530029,598.099976,5170943.000000,1737145800.0
1737145800.0,598.094971,598.590027,597.349976,597.549988,7957879.000000,1737149400.0
1737469800.0,600.669983,601.469971,598.669983,600.354980,8003317.000000,1737473400.0
1737473400.0,600.330017,600.940002,599.429993,600.780029,3154412.000000,1737477000.0
1737477000.0,600.770020,601.780029,600.260010,601.580017,2931193.000000,1737480600.0
1737480600.0,601.580017,602.880005,601.541504,602.590027,3524912.000000,1737484200.0
1737484200.0,602.599976,602.820007,601.900024,602.369995,3368563.000000,1737487800.0
1737487800.0,602.380005,602.780029,601.669983,602.710022,4750964.000000,1737491400.0
1737491400.0,602.719971,602.979980,602.150024,602.919983,7640203.000000,1737495000.0
1737556200.0,605.919983,607.039978,605.359985,606.700012,8585388.000000,1737559800.0
1737559800.0,606.719971,607.239990,606.260010,607.237488,5887257.000000,1737563400.0
1737563400.0,607.359985,607.820007,607.195007,607.549988,3346931.000000,1737567000.0
1737567000.0,607.559998,607.700012,606.941223,607.066284,2835235.000000,1737570600.0
1737570600.0,607.080017,607.626709,606.830017,606.905029,2324089.000000,1737574200.0
1737574200.0,606.909973,607.619995,606.780090,607.119995,3100839.000000,1737577800.0
1737577800.0,607.119995,607.349976,606.229980,606.340027,8699766.000000,1737581400.0
1737642600.0,605.799988,606.299988,605.520020,605.729980,4504838.000000,1737646200.0
1737646200.0,605.719971,607.549988,605.650024,607.510010,4071470.000000,1737649800.0
1737649800.0,607.500000,607.869995,606.940002,607.169983,5748200.000000,1737653400.0
1737653400.0,607.169983,608.250000,606.900024,607.984985,3158232.000000,1737657000.0
1737657000.0,608.000000,608.250000,607.309998,607.659973,2240639.000000,1737660600.0
1737660600.0,607.669983,608.270020,607.599976,608.094971,3238089.000000,1737664200.0
1737664200.0,608.090027,609.739990,607.690002,609.710022,6680471.000000,1737667800.0
1737729000.0,609.809998,610.780029,609.250000,609.349976,5714331.000000,1737732600.0
1737732600.0,609.349976,609.889771,609.059998,609.889771,3394899.000000,1737736200.0
1737736200.0,609.830017,610.325012,609.299988,609.429993,2331193.000000,1737739800.0
1737739800.0,609.424988,609.619995,608.080017,608.445007,3126556.000000,1737743400.0
1737743400.0,608.429993,608.739990,606.929993,607.429993,3345671.000000,1737747000.0
1737747000.0,607.400024,607.919983,606.940002,607.070007,4125498.000000,1737750600.0
1737750600.0,607.080017,608.150024,606.799988,607.929993,6412263.000000,1737754200.0
1737988200.0,596.469971,599.210022,596.390015,599.000000,19726133.000000,1737991800.0
1737991800.0,598.989990,599.690002,596.289978,596.510010,7647264.000000,1737995400.0
1737995400.0,596.500000,598.039978,596.200012,597.650024,5497701.000000,1737999000.0
1737999000.0,597.641785,598.210022,596.030029,596.125000,4033350.000000,1738002600.0
1738002600.0,596.109985,599.119995,596.070007,599.010010,4838647.000000,1738006200.0
1738006200.0,598.984985,598.989990,596.270020,597.440002,7700993.000000,1738009800.0
1738009800.0,597.460022,599.570007,597.150024,599.409973,10318651.000000,1738013400.0
1738074600.0,600.619995,602.789978,597.250000,602.460022,8905366.000000,1738078200.0
1738078200.0,602.489990,603.570007,601.030029,601.419983,6736372.000000,1738081800.0
1738081800.0,601.340027,603.919983,600.950012,603.720093,4072209.000000,1738085400.0
1738085400.0,603.729980,604.789978,603.289978,604.179871,3259145.000000,1738089000.0
1738089000.0,604.359985,604.460022,603.229980,604.039978,3277316.000000,1738092600.0
1738092600.0,604.059998,605.369995,604.059998,605.090027,3854959.000000,1738096200.0
1738096200.0,605.070007,605.229980,604.359985,604.489990,7053000.000000,1738099800.0
1738161000.0,603.719971,604.130005,602.445129,602.979980,4791744.000000,1738164600.0
1738164600.0,603.010010,603.500000,602.210022,602.460022,2431254.000000,1738168200.0
1738168200.0,602.500000,603.460022,601.929993,603.054993,1873916.000000,1738171800.0
1738171800.0,603.059998,603.320007,599.659973,602.309998,3173554.000000,1738175400.0
1738175400.0,602.330017,602.630005,599.219971,599.400024,4716556.000000,1738179000.0
1738179000.0,599.390015,603.680115,599.250000,603.349976,7629907.000000,1738182600.0
1738182600.0,603.359985,603.659973,600.739990,601.799988,4985361.000000,1738186200.0
1738247400.0,603.960022,605.979980,602.409973,602.630005,6657927.000000,1738251000.0
1738251000.0,602.330017,603.880005,600.715027,602.960022,4146303.000000,1738254600.0
1738254600.0,602.940002,604.340027,602.080017,602.369995,2925860.000000,1738258200.0
1738258200.0,602.390015,604.309998,602.190002,604.000000,2034099.000000,1738261800.0
1738261800.0,603.984985,605.219971,603.940002,604.956726,2577943.000000,1738265400.0
1738265400.0,604.950012,606.599976,604.590027,606.309998,3805957.000000,1738269000.0
1738269000.0,606.289978,606.320007,601.820007,604.969971,11089496.000000,1738272600.0
1738333800.0,607.500000,609.020020,607.059998,608.959900,6898171.000000,1738337400.0
1738337400.0,608.960022,609.960022,608.849976,609.090027,4039791.000000,1738341000.0
1738341000.0,609.090027,609.549988,608.010010,609.549988,3769483.000000,1738344600.0
1738344600.0,609.544983,609.729980,606.690002,606.848328,4465678.000000,1738348200.0
1738348200.0,606.820007,607.030029,603.299988,604.530029,10174398.000000,1738351800.0
1738351800.0,604.520020,605.130005,601.369995,601.668884,10985684.000000,1738355400.0
1738355400.0,601.669983,603.270020,601.049988,601.799988,11871932.000000,1738359000.0
1738593000.0,592.859985,596.599976,590.489990,596.380005,19402094.000000,1738596600.0
1738596600.0,596.380005,599.250000,592.440002,597.869995,9366779.000000,1738600200.0
1738600200.0,597.869995,599.010010,596.690002,597.400024,5408068.000000,1738603800.0
1738603800.0,597.390015,598.260010,595.969971,597.794983,5810092.000000,1738607400.0
1738607400.0,597.869995,600.000000,597.420105,599.479980,4564312.000000,1738611000.0
1738611000.0,599.484985,600.289978,598.400024,598.549988,3962304.000000,1738614600.0
1738614600.0,598.559998,599.049988,597.390015,597.640015,8486528.000000,1738618200.0
1738679400.0,597.830017,601.140015,597.280029,600.520020,7413522.000000,1738683000.0
1738683000.0,600.549988,602.010010,600.109985,601.979980,3564922.000000,1738686600.0
1738686600.0,601.960022,602.090027,599.669983,599.760010,3341333.000000,1738690200.0
1738690200.0,599.820007,601.250000,599.405396,601.130005,2218431.000000,1738693800.0
1738693800.0,601.119995,602.140015,600.570007,601.859985,1799468.000000,1738697400.0
1738697400.0,601.880005,602.299988,600.840027,601.085022,4026630.000000,1738701000.0
1738701000.0,601.085022,602.270020,600.969971,601.755005,5775005.000000,1738704600.0
1738765800.0,600.640015,601.099976,598.580017,600.630005,6421276.000000,1738769400.0
1738769400.0,600.619995,601.400024,599.770020,601.270020,2769162.000000,1738773000.0
1738773000.0,601.239990,603.169983,601.125000,602.489990,4233551.000000,1738776600.0
1738776600.0,602.500000,602.900024,602.210022,602.565979,1422477.000000,1738780200.0
1738780200.0,602.559998,603.635010,602.390015,603.270020,1921265.000000,1738783800.0
1738783800.0,603.289978,603.969971,602.880005,603.729980,3207870.000000,1738787400.0
1738787400.0,603.719971,604.369995,602.909973,604.150024,5066503.000000,1738791000.0
1738852200.0,605.989990,606.099976,604.830017,604.940002,5220066.000000,1738855800.0
1738855800.0,604.940002,605.750000,604.159973,605.530029,2859219.000000,1738859400.0
1738859400.0,605.549988,605.630005,604.750000,605.140015,2002284.000000,1738863000.0
1738863000.0,605.140015,605.989990,604.859985,605.590027,1936333.000000,1738866600.0
1738866600.0,605.580017,605.789978,604.359985,604.559998,2839418.000000,1738870200.0
1738870200.0,604.580017,604.820007,602.630005,604.765015,5268618.000000,1738873800.0
1738873800.0,604.770020,606.452515,604.580017,606.340027,6605760.000000,1738877400.0
1738938600.0,606.890015,608.130005,603.770020,604.583008,9511824.000000,1738942200.0
1738942200.0,604.500000,605.539978,601.179993,602.000427,10254527.000000,1738945800.0
1738945800.0,602.049988,602.909973,600.640015,601.700012,8443554.000000,1738949400.0
1738949400.0,601.609985,603.750000,601.299988,603.314270,2472669.000000,1738953000.0
1738953000.0,603.330017,603.650024,600.419983,600.589294,3499707.000000,1738956600.0
1738956600.0,600.609070,601.599976,600.049988,600.400024,3536559.000000,1738960200.0
1738960200.0,600.390015,601.260010,600.369995,600.770020,7304928.000000,1738963800.0
1739197800.0,604.030029,604.789978,602.739990,604.729980,6518758.000000,1739201400.0
1739201400.0,604.739990,605.330017,604.049988,604.309998,3340580.000000,1739205000.0
1739205000.0,604.319885,604.489990,603.210815,603.628601,2268410.000000,1739208600.0
1739208600.0,603.650024,604.989990,603.640015,604.679993,1584659.000000,1739212200.0
1739212200.0,604.680115,605.499878,604.559998,605.190002,1947261.000000,1739215800.0
1739215800.0,605.239990,605.369995,604.719971,604.890015,2722364.000000,1739219400.0
1739219400.0,604.880005,605.030029,604.244629,604.789978,4621939.000000,1739223000.0
1739284200.0,602.549988,604.260010,602.429993,604.150024,4597937.000000,1739287800.0
1739287800.0,604.159973,605.219971,604.000000,604.580017,3045094.000000,1739291400.0
1739291400.0,604.619995,604.890015,603.099976,604.320007,4016033.000000,1739295000.0
1739295000.0,604.340027,604.429993,603.500000,603.969177,1783848.000000,1739298600.0
1739298600.0,603.979980,605.299988,603.950012,604.721619,2792435.000000,1739302200.0
1739302200.0,604.719971,605.859985,604.710022,605.270020,3820622.000000,1739305800.0
1739305800.0,605.280029,605.580017,604.609985,605.210022,5206725.000000,1739309400.0
1739370600.0,599.200012,602.359985,598.510010,601.434998,18533540.000000,1739374200.0
1739374200.0,601.443970,603.320007,600.169983,600.659912,3948328.000000,1739377800.0
1739377800.0,600.630005,603.989990,600.599976,603.789978,4270148.000000,1739381400.0
1739381400.0,603.780029,604.549988,603.090027,603.570007,2558860.000000,1739385000.0
1739385000.0,603.589905,603.759888,602.530029,603.080017,2782930.000000,1739388600.0
1739388600.0,603.113525,604.229980,603.059998,603.320007,4147162.000000,1739392200.0
1739392200.0,603.325012,603.590027,602.570007,603.359985,4583717.000000,1739395800.0
1739457000.0,604.479980,606.419922,603.200012,606.080017,7644302.000000,1739460600.0
1739460600.0,606.084900,607.489990,606.000000,606.690002,3563588.000000,1739464200.0
1739464200.0,606.700012,606.960022,605.719971,606.539978,2320305.000000,1739467800.0
1739467800.0,606.320007,606.969971,604.989990,606.200012,2449362.000000,1739471400.0
1739471400.0,606.200012,608.409973,605.309998,608.280029,5699770.000000,1739475000.0
1739475000.0,608.280029,609.710022,608.142212,609.579895,5920998.000000,1739478600.0
1739478600.0,609.570007,609.940002,609.090027,609.690002,8181588.000000,1739482200.0
1739543400.0,609.940002,610.969971,609.760010,610.239990,5214577.000000,1739547000.0
1739547000.0,610.239990,610.849976,609.400024,609.989990,3910433.000000,1739550600.0
1739550600.0,610.010010,610.294983,609.270020,609.320129,2764489.000000,1739554200.0
1739554200.0,609.349976,610.090027,609.070007,609.929871,1443250.000000,1739557800.0
1739557800.0,609.929993,610.750671,609.880005,610.130005,2059667.000000,1739561400.0
1739561400.0,610.150024,610.302429,609.590027,609.669983,2430485.000000,1739565000.0
1739565000.0,609.659973,610.289978,609.544983,609.700012,5528441.000000,1739568600.0
1739889000.0,610.880005,611.000000,609.330017,609.630005,5264887.000000,1739892600.0
1739892600.0,609.640015,610.739990,609.400024,610.409973,2687081.000000,1739896200.0
1739896200.0,610.289917,610.854980,609.780029,610.034973,1777532.000000,1739899800.0
1739899800.0,610.040222,610.658691,609.520020,609.890015,2178303.000000,1739903400.0
1739903400.0,609.880005,609.929993,608.380005,609.218994,3558413.000000,1739907000.0
1739907000.0,609.219971,610.039978,609.109985,609.780029,3079536.000000,1739910600.0
1739910600.0,609.770020,611.380005,609.630005,611.349976,5116020.000000,1739914200.0
1739975400.0,610.080017,610.270020,609.559998,610.059998,5311794.000000,1739979000.0
1739979000.0,610.059998,611.260010,609.820007,611.179993,4571568.000000,1739982600.0
1739982600.0,611.169983,611.960022,610.979980,611.049988,2328817.000000,1739986200.0
1739986200.0,611.059998,611.820007,610.650024,611.659973,2127131.000000,1739989800.0
1739989800.0,611.669983,613.080017,611.400024,612.820129,3339899.000000,1739993400.0
1739993400.0,612.820007,613.229980,611.799988,612.099915,3320047.000000,1739997000.0
1739997000.0,612.109985,613.059998,612.080017,612.900024,5357638.000000,1740000600.0
1740061800.0,611.539978,611.684021,607.020020,609.109985,8415478.000000,1740065400.0
1740065400.0,609.099976,609.520020,607.080017,608.260010,3929095.000000,1740069000.0
1740069000.0,608.255005,608.939880,607.099976,608.789978,3687346.000000,1740072600.0
1740072600.0,608.830200,609.099915,607.640015,607.960022,3137587.000000,1740076200.0
1740076200.0,607.940002,609.489990,607.820007,609.169983,3605349.000000,1740079800.0
1740079800.0,609.159973,610.099976,608.719971,609.840027,4057034.000000,1740083400.0
1740083400.0,609.840027,610.700012,609.462524,610.390015,5353026.000000,1740087000.0
1740148200.0,610.159973,610.299988,606.520020,606.760010,9803609.000000,1740151800.0
1740151800.0,606.750000,607.479980,605.765991,606.940002,8591958.000000,1740155400.0
1740155400.0,606.950012,607.500000,605.159973,605.719910,5485973.000000,1740159000.0
1740159000.0,605.755005,605.789978,602.100098,602.159973,9010299.000000,1740162600.0
1740162600.0,602.145020,603.224976,599.650024,599.909973,8451982.000000,1740166200.0
1740166200.0,599.909912,600.659973,599.469971,600.559998,9297221.000000,1740169800.0
1740169800.0,600.580017,600.909973,599.500000,600.000000,10643776.000000,1740173400.0
1740407400.0,602.020020,603.030029,596.489990,597.950012,12094000.000000,1740411000.0
1740411000.0,597.929993,600.380005,596.750000,600.096191,5350735.000000,1740414600.0
1740414600.0,600.130005,601.580017,599.401917,601.039978,3482708.000000,1740418200.0
1740418200.0,600.969971,601.849976,600.530029,601.409973,2462190.000000,1740421800.0
1740421800.0,601.390015,601.613281,599.840027,600.070007,2795050.000000,1740425400.0
1740425400.0,600.059998,600.659973,598.900024,599.099976,5225686.000000,1740429000.0
1740429000.0,599.109985,599.719971,596.640015,597.190002,10437558.000000,1740432600.0
1740493800.0,597.150024,597.890015,590.669983,590.849976,13879399.000000,1740497400.0
1740497400.0,590.750000,593.440002,590.503296,590.869995,9356406.000000,1740501000.0
1740501000.0,590.849976,593.799988,589.559998,593.679993,5524653.000000,1740504600.0
1740504600.0,593.669983,596.179993,593.460022,593.700012,4957928.000000,1740508200.0
1740508200.0,593.705017,595.869995,593.010010,593.070007,4278380.000000,1740511800.0
1740511800.0,593.359985,596.640015,593.020020,595.890015,6760481.000000,1740515400.0
1740515400.0,595.900024,596.020020,593.570007,594.210022,7168919.000000,1740519000.0
1740580200.0,595.929993,599.280029,595.099976,597.940002,8860755.000000,1740583800.0
1740583800.0,597.974976,599.580017,597.950012,598.650024,3650899.000000,1740587400.0
1740587400.0,598.679993,599.429993,597.679993,598.599976,3439355.000000,1740591000.0
1740591000.0,598.674316,599.010010,593.849976,593.924988,5114375.000000,1740594600.0
1740594600.0,593.864990,594.590027,591.855591,593.388977,5992615.000000,1740598200.0
1740598200.0,593.349976,594.640015,592.460022,593.590027,4549029.000000,1740601800.0
1740601800.0,593.510986,595.289978,593.140015,594.429993,6319956.000000,1740605400.0
1740666600.0,596.849976,597.919983,590.520020,595.450012,15088225.000000,1740670200.0
1740670200.0,595.450012,596.239990,593.219971,594.121277,5194424.000000,1740673800.0
1740673800.0,594.130005,594.958923,591.400024,593.950012,4775184.000000,1740677400.0
1740677400.0,593.960022,595.159973,592.369995,594.590027,4070264.000000,1740681000.0
1740681000.0,594.630005,594.950012,590.679993,590.769714,3846817.000000,1740684600.0
1740684600.0,590.781982,590.799988,586.239990,586.309998,11600098.000000,1740688200.0
1740688200.0,586.362976,587.570007,584.650024,585.039978,15219445.000000,1740691800.0
1740753000.0,585.559998,588.380005,583.270020,588.359985,15117569.000000,1740756600.0
1740756600.0,588.359985,589.030029,586.059998,586.059998,6221129.000000,1740760200.0
1740760200.0,586.070007,588.340027,585.830017,587.025024,4068935.000000,1740763800.0
1740763800.0,587.075012,587.179993,582.440002,584.719971,10920815.000000,1740767400.0
1740767400.0,584.690002,586.520020,583.531006,585.669983,6524415.000000,1740771000.0
1740771000.0,585.669922,589.679993,585.250000,589.614990,8723241.000000,1740774600.0
1740774600.0,589.630005,594.719971,587.929993,594.070007,20419239.000000,1740778200.0
1741012200.0,596.179993,597.340027,590.710022,594.114990,12420202.000000,1741015800.0
1741015800.0,594.090027,595.125000,592.219971,592.400024,5858061.000000,1741019400.0
1741019400.0,592.429993,594.150024,591.169983,593.809998,3921893.000000,1741023000.0
1741023000.0,593.799988,594.219971,587.869995,588.090271,4977410.000000,1741026600.0
1741026600.0,588.114990,590.229980,587.479980,588.494995,6869116.000000,1741030200.0
1741030200.0,588.489990,590.650024,580.830017,581.210022,15861758.000000,1741033800.0
1741033800.0,581.190002,584.109985,579.900024,583.969971,14072787.000000,1741037400.0
1741098600.0,579.440002,580.210022,572.250000,574.510010,22625018.000000,1741102200.0
1741102200.0,574.520020,576.099976,572.299988,572.960083,12480256.000000,1741105800.0
1741105800.0,572.989990,578.570007,572.919983,577.859985,9243884.000000,1741109400.0
1741109400.0,577.849976,580.069580,575.929993,577.539978,8341571.000000,1741113000.0
1741113000.0,577.479980,582.929016,576.969971,581.400024,8597223.000000,1741116600.0
1741116600.0,581.419983,585.390015,580.799988,583.840027,9865622.000000,1741120200.0
1741120200.0,582.859985,584.030029,574.690002,576.880005,20058176.000000,1741123800.0
1741185000.0,576.690002,579.640015,575.000000,575.891479,15257741.000000,1741188600.0
1741188600.0,575.919983,578.349976,573.799988,574.849976,6353737.000000,1741192200.0
1741192200.0,574.840027,578.789978,573.079529,578.700012,8194349.000000,1741195800.0
1741195800.0,578.690002,581.159973,577.739990,579.229980,7608064.000000,1741199400.0
1741199400.0,579.270020,584.340027,577.909973,582.799988,9837523.000000,1741203000.0
1741203000.0,582.799988,584.880005,581.979980,584.130005,7027388.000000,1741206600.0
1741206600.0,584.099976,584.159973,581.390015,583.030029,9582648.000000,1741210200.0
1741271400.0,575.479980,578.710022,573.450012,578.460999,14413449.000000,1741275000.0
1741275000.0,578.460022,580.173584,577.109985,578.489990,6153196.000000,1741278600.0
1741278600.0,578.469971,580.070007,572.000000,572.549988,9432081.000000,1741282200.0
1741282200.0,572.559998,574.159973,571.039978,572.530029,8178039.000000,1741285800.0
1741285800.0,572.809998,573.150024,570.119995,570.638794,7575935.000000,1741289400.0
1741289400.0,570.599976,574.929993,570.119995,572.989990,11729220.000000,1741293000.0
1741293000.0,573.013123,574.270020,571.570007,572.820007,9935019.000000,1741296600.0
1741357800.0,570.900024,576.067871,570.799988,572.359985,13963709.000000,1741361400.0
1741361400.0,572.349976,573.000000,567.369995,567.630005,12712960.000000,1741365000.0
1741365000.0,567.400024,568.669495,565.630005,568.080017,11840865.000000,1741368600.0
1741368600.0,568.059998,574.289978,567.440002,572.626892,10904804.000000,1741372200.0
1741372200.0,572.659973,577.309998,572.289978,576.575012,9110239.000000,1741375800.0
1741375800.0,576.659973,577.140015,574.619995,575.979614,7150535.000000,1741379400.0
1741379400.0,575.940002,577.390015,572.809998,575.859985,9123780.000000,1741383000.0
1741613400.0,567.590027,569.539978,565.173096,565.515015,13921223.000000,1741617000.0
1741617000.0,565.530029,566.049988,563.059998,565.130005,12764160.000000,1741620600.0
1741620600.0,565.125000,566.619995,562.450012,563.770020,9541096.000000,1741624200.0
1741624200.0,563.780029,565.109985,561.099976,561.840027,6376729.000000,1741627800.0
1741627800.0,561.880005,561.969971,559.419983,559.820007,9891068.000000,1741631400.0
1741631400.0,559.820007,561.289978,555.590027,559.669983,14945004.000000,1741635000.0
1741635000.0,559.719971,562.229980,559.059998,560.750000,15153133.000000,1741638600.0
1741699800.0,559.400024,562.119995,555.650024,555.985779,16719508.000000,1741703400.0
1741703400.0,555.950012,558.859985,554.049988,557.169983,11042337.000000,1741707000.0
1741707000.0,557.469971,559.979980,554.750000,555.809998,6477053.000000,1741710600.0
1741710600.0,555.849976,556.929993,552.039978,552.200012,8660748.000000,1741714200.0
1741714200.0,552.159973,559.320007,552.020020,558.440002,9387752.000000,1741717800.0
1741717800.0,558.409973,564.020020,557.340027,559.570007,13594188.000000,1741721400.0
1741721400.0,559.330017,560.320007,556.010010,556.119995,10711012.000000,1741725000.0
1741786200.0,562.169983,563.109985,557.979980,559.010010,22055937.000000,1741789800.0
1741789800.0,559.070007,559.270020,553.690002,556.900024,9103710.000000,1741793400.0
1741793400.0,556.940002,560.859985,556.575012,560.270020,6115976.000000,1741797000.0
1741797000.0,560.309998,561.460022,558.659973,561.419983,5283900.000000,1741800600.0
1741800600.0,561.489990,561.780029,557.809998,560.200012,4715748.000000,1741804200.0
1741804200.0,560.210022,561.900024,559.030029,559.640015,5325725.000000,1741807800.0
1741807800.0,559.640015,560.289978,558.169983,558.919983,8778620.000000,1741811400.0
1741872600.0,558.489990,559.104980,554.450012,557.114990,10489523.000000,1741876200.0
1741876200.0,557.130005,558.369995,554.140015,554.283691,5439447.000000,1741879800.0
1741879800.0,554.250000,555.159973,552.270020,552.570007,7945874.000000,1741883400.0
1741883400.0,552.590027,554.576172,550.359985,551.159973,7368763.000000,1741887000.0
1741887000.0,551.109985,553.250000,549.679993,553.059998,7307538.000000,1741890600.0
1741890600.0,553.070007,554.619995,550.900024,551.469971,9084591.000000,1741894200.0
1741894200.0,551.479980,552.059998,550.159973,551.520020,11161916.000000,1741897800.0
1741959000.0,556.109985,559.690002,555.500000,557.005005,12784487.000000,1741962600.0
1741962600.0,556.994995,561.510010,556.880005,561.049988,5735503.000000,1741966200.0
1741966200.0,561.059998,562.429993,560.020081,560.219971,5833254.000000,1741969800.0
1741969800.0,560.239685,562.799988,560.049988,561.450012,6706421.000000,1741973400.0
1741973400.0,561.450012,561.950012,560.229980,560.690002,5798420.000000,1741977000.0
1741977000.0,560.690002,562.750000,560.683228,561.799988,6054435.000000,1741980600.0
1741980600.0,561.809998,563.830017,561.369995,562.789978,11882067.000000,1741984200.0
1742218200.0,562.789978,566.359985,562.349976,564.640015,9896291.000000,1742221800.0
1742221800.0,564.630005,565.690002,563.500000,564.150024,4628015.000000,1742225400.0
1742225400.0,564.130005,565.270020,562.799988,563.849915,3705833.000000,1742229000.0
1742229000.0,563.840027,566.000000,563.450317,565.809998,3074926.000000,1742232600.0
1742232600.0,565.820007,568.908997,565.609985,568.652405,6119515.000000,1742236200.0
1742236200.0,568.655029,569.710022,568.380005,569.044983,6195616.000000,1742239800.0
1742239800.0,569.239990,569.299988,566.820007,567.020020,8342110.000000,1742243400.0
1742304600.0,564.799988,565.020020,560.150024,561.306030,11673126.000000,1742308200.0
1742308200.0,561.289978,562.070007,559.340027,559.969971,5854836.000000,1742311800.0
1742311800.0,559.940002,561.679993,559.059998,561.677979,5825731.000000,1742315400.0
1742315400.0,561.659973,561.809998,559.219971,560.559998,5421128.000000,1742319000.0
1742319000.0,560.570007,561.558716,559.729980,560.479980,3913577.000000,1742322600.0
1742322600.0,560.489990,562.215027,560.409973,561.109985,6055135.000000,1742326200.0
1742326200.0,561.119995,561.450012,559.840027,561.059998,7981402.000000,1742329800.0
1742391000.0,562.830017,565.380005,561.630005,564.479980,6935823.000000,1742394600.0
1742394600.0,564.500000,564.869873,563.300903,564.570007,5193666.000000,1742398200.0
1742398200.0,564.570007,566.289978,564.340027,565.559814,4283273.000000,1742401800.0
1742401800.0,565.349976,565.650024,563.280029,563.349976,3223434.000000,1742405400.0
1742405400.0,563.380005,565.880005,562.000000,564.594971,6164404.000000,1742409000.0
1742409000.0,564.570007,570.950012,564.570007,567.230103,13347746.000000,1742412600.0
1742412600.0,567.200012,569.380005,566.679993,567.020020,10896885.000000,1742416200.0
1742477400.0,563.330017,570.049988,562.601196,569.479980,11325273.000000,1742481000.0
1742481000.0,569.489990,570.570007,568.700012,568.940002,5612563.000000,1742484600.0
1742484600.0,568.940002,569.479980,565.929993,566.239990,6088300.000000,1742488200.0
1742488200.0,566.229980,567.210022,564.700012,564.749329,4836846.000000,1742491800.0
1742491800.0,564.750000,566.500000,564.039978,564.119995,6153526.000000,1742495400.0
1742495400.0,564.119995,566.318726,563.770325,564.669983,7615044.000000,1742499000.0
1742499000.0,564.669983,566.679993,564.669983,565.690002,9145990.000000,1742502600.0
1742563800.0,559.280029,560.400024,558.030029,559.880005,15850302.000000,1742567400.0
1742567400.0,559.900024,561.809998,559.039978,559.830017,14326472.000000,1742571000.0
1742571000.0,559.830017,562.690002,558.760010,562.362610,7309201.000000,1742574600.0
1742574600.0,562.380005,563.684998,561.760010,562.070007,4554857.000000,1742578200.0
1742578200.0,562.099976,563.929993,561.520020,562.109985,5352097.000000,1742581800.0
1742581800.0,562.119995,563.289978,561.479980,561.989990,5053010.000000,1742585400.0
1742585400.0,561.969971,564.890015,561.730103,564.190002,12998348.000000,1742589000.0
1742823000.0,570.799988,573.340027,570.200012,573.130005,11935239.000000,1742826600.0
1742826600.0,573.150024,573.989990,572.679993,573.710022,5127177.000000,1742830200.0
1742830200.0,573.719971,574.390015,573.140015,573.250000,4519475.000000,1742833800.0
1742833800.0,573.260010,573.580017,572.450012,573.049988,4215444.000000,1742837400.0
1742837400.0,573.049988,573.375000,572.049988,572.405029,4375282.000000,1742841000.0
1742841000.0,572.400024,574.210022,572.074707,573.950012,7088584.000000,1742844600.0
1742844600.0,573.859985,575.150024,573.840027,574.020020,9435043.000000,1742848200.0
1742909400.0,575.299988,575.809998,573.940002,575.799988,7718246.000000,1742913000.0
1742913000.0,575.799988,576.409973,575.369995,575.690002,4948275.000000,1742916600.0
1742916600.0,575.700012,575.760010,574.400024,574.539917,3396117.000000,1742920200.0
1742920200.0,574.530029,575.539978,574.020020,574.179993,2861597.000000,1742923800.0
1742923800.0,574.190002,574.949890,573.799988,574.409973,3931548.000000,1742927400.0
1742927400.0,574.419983,574.609985,573.690002,574.109985,4503362.000000,1742931000.0
1742931000.0,574.109985,575.599976,573.869995,575.349976,5892220.000000,1742934600.0
1742995800.0,575.190002,576.330017,572.486023,573.375000,7808006.000000,1742999400.0
1742999400.0,573.369995,573.840027,571.950012,572.340027,4534365.000000,1743003000.0
1743003000.0,572.315002,572.789978,570.119995,571.070007,5202833.000000,1743006600.0
1743006600.0,571.070007,571.390015,568.780029,568.950012,4498548.000000,1743010200.0
1743010200.0,568.965027,569.489990,567.940002,569.240601,5255436.000000,1743013800.0
1743013800.0,569.219971,569.479980,567.190002,567.700012,6319356.000000,1743017400.0
1743017400.0,567.710022,569.580017,567.609985,568.750000,9513866.000000,1743021000.0
1743082200.0,567.179993,569.580017,564.940002,569.520020,9806384.000000,1743085800.0
1743085800.0,569.520020,570.900024,569.250000,569.859985,4894428.000000,1743089400.0
1743089400.0,569.880005,569.910217,567.789978,568.645020,4060587.000000,1743093000.0
1743093000.0,568.650024,569.299988,566.380005,566.760010,3832902.000000,1743096600.0
1743096600.0,566.789978,568.679993,566.422974,567.960022,3318052.000000,1743100200.0
1743100200.0,568.200012,570.030029,567.419983,569.780029,4848641.000000,1743103800.0
1743103800.0,569.760010,569.809998,566.719971,567.020020,7886197.000000,1743107400.0
1743168600.0,565.530029,566.267517,559.489990,559.570007,12922108.000000,1743172200.0
1743172200.0,559.565002,560.150024,557.770020,558.940002,10464051.000000,1743175800.0
1743175800.0,558.940002,559.799988,556.630981,556.840027,5581413.000000,1743179400.0
1743179400.0,556.844971,557.578674,555.250000,555.390015,6240584.000000,1743183000.0
1743183000.0,555.360107,556.969971,555.219971,555.989990,5582015.000000,1743186600.0
1743186600.0,555.940002,556.719971,555.309998,555.770020,6349082.000000,1743190200.0
1743190200.0,555.780029,556.500000,555.070007,555.820007,12590136.000000,1743193800.0
1743427800.0,549.830017,551.590027,546.869995,549.510010,14543912.000000,1743431400.0
1743431400.0,549.549988,553.469971,549.489990,552.530029,7567469.000000,1743435000.0
1743435000.0,552.510010,554.590027,551.914978,554.554993,5492250.000000,1743438600.0
1743438600.0,554.549988,555.159973,552.820007,553.640015,4460280.000000,1743442200.0
1743442200.0,553.630310,556.960022,552.710022,556.950012,7991520.000000,1743445800.0
1743445800.0,556.929993,559.190002,556.260010,557.409973,12744082.000000,1743449400.0
1743449400.0,557.299988,560.711182,557.130005,559.217529,18177869.000000,1743453000.0
1743514200.0,557.450012,558.580017,553.679993,555.140015,10677559.000000,1743517800.0
1743517800.0,555.135010,561.879395,555.030029,560.799011,9160334.000000,1743521400.0
1743521400.0,560.820007,562.940002,560.200012,560.750000,5017355.000000,1743525000.0
1743525000.0,560.760010,561.380005,559.179993,559.419983,5087873.000000,1743528600.0
1743528600.0,559.330017,560.359985,556.429321,556.689514,5255171.000000,1743532200.0
1743532200.0,556.674988,558.994995,556.150024,558.429321,5055328.000000,1743535800.0
1743535800.0,558.429993,561.520020,558.171326,561.049988,7822961.000000,1743539400.0
1743600600.0,555.049988,560.916199,555.000000,560.859985,11110187.000000,1743604200.0
1743604200.0,560.844971,563.750000,560.340027,563.309998,4928412.000000,1743607800.0
1743607800.0,563.330017,564.280029,561.102173,564.280029,5175571.000000,1743611400.0
1743611400.0,564.289978,567.419983,563.570007,566.076904,6932730.000000,1743615000.0
1743615000.0,566.030029,566.098877,561.099976,561.099976,6016884.000000,1743618600.0
1743618600.0,561.109985,563.784973,560.960022,563.200012,5155014.000000,1743622200.0
1743622200.0,563.179993,565.655029,562.650024,564.659973,9980231.000000,1743625800.0
1743687000.0,545.109985,547.969971,541.570007,543.070007,29004649.000000,1743690600.0
1743690600.0,543.039978,543.900024,539.580017,541.729980,16552108.000000,1743694200.0
1743694200.0,541.780029,545.960022,541.640015,545.919983,11059829.000000,1743697800.0
1743697800.0,545.940002,546.359985,541.919983,542.260010,8382232.000000,1743701400.0
1743701400.0,542.239990,543.789978,540.364990,540.789978,7946313.000000,1743705000.0
1743705000.0,540.770020,542.349976,538.549988,539.030029,12979802.000000,1743708600.0
1743708600.0,539.039978,539.630005,537.559998,537.640015,20407737.000000,1743712200.0
1743773400.0,524.729980,525.869995,516.239990,516.289978,42365546.000000,1743777000.0
1743777000.0,516.260010,522.590027,510.049988,516.349976,35813214.000000,1743780600.0
1743780600.0,516.400024,518.349976,511.859985,512.390015,15755943.000000,1743784200.0
1743784200.0,512.340027,514.359985,508.579987,511.160004,16611385.000000,1743787800.0
1743787800.0,511.160004,515.820007,508.559998,508.799988,18303026.000000,1743791400.0
1743791400.0,508.910004,512.039978,505.519989,510.519989,24417626.000000,1743795000.0
1743795000.0,510.529999,513.919678,505.059998,505.510010,30876759.000000,1743798600.0
1744032600.0,489.190002,523.169983,481.799988,498.179993,92264010.000000,1744036200.0
1744036200.0,498.190002,509.769989,492.660004,493.790009,47911914.000000,1744039800.0
1744039800.0,493.750000,503.980011,493.730011,499.559998,19441560.000000,1744043400.0
1744043400.0,499.559998,505.940002,494.700012,505.619995,18233685.000000,1744047000.0
1744047000.0,505.619995,510.470001,502.160004,505.190002,18390363.000000,1744050600.0
1744050600.0,505.149994,508.339996,500.140015,500.605011,17570375.000000,1744054200.0
1744054200.0,500.605011,506.640015,500.559998,504.540009,20887500.000000,1744057800.0
1744119000.0,521.859985,524.950012,517.789978,523.369995,32395682.000000,1744122600.0
1744122600.0,523.359985,524.210022,514.099976,514.159973,15639923.000000,1744126200.0
1744126200.0,514.190002,518.525024,511.799988,513.960022,12623527.000000,1744129800.0
1744129800.0,514.130005,514.599976,502.250000,502.450012,25291752.000000,1744133400.0
1744133400.0,502.369995,509.109985,502.029999,502.410004,15525802.000000,1744137000.0
1744137000.0,502.440002,507.820007,494.489990,497.510010,20869345.000000,1744140600.0
1744140600.0,497.529999,497.589996,489.160004,496.739990,28407590.000000,1744144200.0
1744205400.0,493.440002,503.670013,493.429993,498.970001,36291097.000000,1744209000.0
1744209000.0,499.070007,501.670013,493.049988,498.279999,14350835.000000,1744212600.0
1744212600.0,498.290009,500.549988,494.769989,499.260010,9459825.000000,1744216200.0
1744216200.0,499.190002,533.400024,498.649994,523.960022,42313803.000000,1744219800.0
1744219800.0,524.020020,539.710022,522.950012,538.150024,48124914.000000,1744223400.0
1744223400.0,538.159973,541.780029,529.679993,540.489990,28925228.000000,1744227000.0
1744227000.0,540.450012,546.330017,539.539978,542.840027,30528201.000000,1744230600.0
1744291800.0,532.169983,533.494995,526.340088,528.109985,30002994.000000,1744295400.0
1744295400.0,528.119995,531.960022,523.710022,523.710205,14268723.000000,1744299000.0
1744299000.0,523.719971,524.270020,509.320007,511.859985,24992857.000000,1744302600.0
1744302600.0,511.815002,524.700012,511.512695,519.320007,24306141.000000,1744306200.0
1744306200.0,519.210022,528.760010,518.320007,528.390015,17647611.000000,1744309800.0
1744309800.0,528.390015,529.710022,522.369995,522.429993,15841554.000000,1744313400.0
1744313400.0,522.469971,526.520020,518.200012,524.710022,21618301.000000,1744317000.0
1744378200.0,523.010010,528.840027,520.070007,520.690002,23549599.000000,1744381800.0
1744381800.0,520.799988,527.419983,520.090027,523.080017,10856787.000000,1744385400.0
1744385400.0,523.030029,528.669983,522.419983,527.390015,6510151.000000,1744389000.0
1744389000.0,527.534973,533.090027,527.447510,529.830017,9028032.000000,1744392600.0
1744392600.0,529.840027,536.429993,528.840027,533.150024,12079094.000000,1744396200.0
1744396200.0,533.169983,535.679993,531.969971,534.739990,8419270.000000,1744399800.0
1744399800.0,534.239990,535.450012,533.479980,533.969971,14411198.000000,1744403400.0
1744637400.0,544.049988,544.280029,539.210022,542.119995,15299938.000000,1744641000.0
1744641000.0,542.140015,543.849976,538.429993,538.520020,7367485.000000,1744644600.0
1744644600.0,538.640015,539.929993,533.859985,535.849976,11263483.000000,1744648200.0
1744648200.0,536.190002,539.229980,535.289978,537.299988,6740197.000000,1744651800.0
1744651800.0,537.260010,540.510010,536.489990,540.380005,4787723.000000,1744655400.0
1744655400.0,540.380005,542.580017,540.049988,541.330017,6841970.000000,1744659000.0
1744659000.0,541.320007,542.150024,538.359985,538.979980,10593214.000000,1744662600.0
1744723800.0,539.674988,543.229980,538.140015,539.400024,13251297.000000,1744727400.0
1744727400.0,539.400024,542.030029,539.080017,540.170105,6975391.000000,1744731000.0
1744731000.0,540.219971,541.619995,539.440002,540.979980,4160619.000000,1744734600.0
1744734600.0,541.000000,541.430176,537.369995,537.760010,4615591.000000,1744738200.0
1744738200.0,537.770020,539.245728,536.809998,537.500000,5182402.000000,1744741800.0
1744741800.0,537.580017,539.289978,537.549988,538.343384,7834007.000000,1744745400.0
1744745400.0,538.359985,538.729980,537.140015,537.729980,7978727.000000,1744749000.0
1744810200.0,531.679993,533.859985,529.650024,531.770020,11980414.000000,1744813800.0
1744813800.0,531.760010,535.109985,531.304993,534.640015,7002305.000000,1744817400.0
1744817400.0,534.659973,534.729980,530.765015,531.505005,6164417.000000,1744821000.0
1744821000.0,531.500000,532.119995,530.219971,531.529480,5092151.000000,1744824600.0
1744824600.0,531.549988,531.619995,523.940002,526.000000,13272632.000000,1744828200.0
1744828200.0,526.000000,526.179688,520.289978,520.664978,11474421.000000,1744831800.0
1744831800.0,520.690002,526.169983,520.690002,525.719971,13824406.000000,1744835400.0
1744896600.0,527.640015,529.309998,525.160095,525.280029,13289315.000000,1744900200.0
1744900200.0,525.280029,528.849976,523.909973,526.710022,13668147.000000,1744903800.0
1744903800.0,526.710022,529.869995,526.219971,529.450012,8473718.000000,1744907400.0
1744907400.0,529.450012,530.409973,527.609985,527.679993,5332592.000000,1744911000.0
1744911000.0,527.690002,531.164978,527.669983,530.020020,8628170.000000,1744914600.0
1744914600.0,530.020020,530.919983,526.630005,527.309998,7770089.000000,1744918200.0
1744918200.0,527.359985,528.510010,525.710022,526.390015,11827981.000000,1744921800.0
1745242200.0,521.549622,521.619995,515.190002,515.630005,10143236.000000,1745245800.0
1745245800.0,515.640015,516.859985,512.789978,513.109985,7214382.000000,1745249400.0
1745249400.0,513.109985,513.359985,510.799988,511.660004,7379820.000000,1745253000.0
1745253000.0,511.660004,513.250000,509.540894,509.961212,8162306.000000,1745256600.0
1745256600.0,509.950012,510.510010,508.459991,509.910004,6279346.000000,1745260200.0
1745260200.0,509.899994,511.170013,508.690002,510.364990,10260524.000000,1745263800.0
1745263800.0,510.359985,514.869995,510.359985,513.969971,12839723.000000,1745267400.0
1745328600.0,520.140015,523.440002,519.192505,523.059998,10672175.000000,1745332200.0
1745332200.0,523.070007,525.813782,522.260010,524.940002,6943018.000000,1745335800.0
1745335800.0,524.950012,529.304993,523.760010,528.799988,10602089.000000,1745339400.0
1745339400.0,528.789978,529.109985,522.330017,522.650024,11379772.000000,1745343000.0
1745343000.0,522.570007,525.669983,521.760010,525.390015,7422148.000000,1745346600.0
1745346600.0,525.390015,527.229980,524.250000,524.690002,6653271.000000,1745350200.0
1745350200.0,524.669983,527.500000,524.210022,526.969971,10594115.000000,1745353800.0
1745415000.0,540.429993,545.400024,539.599976,543.880005,26408712.000000,1745418600.0
1745418600.0,543.820007,545.200012,537.669983,538.590027,11096086.000000,1745422200.0
1745422200.0,538.599976,539.510010,534.000000,536.299988,9860877.000000,1745425800.0
1745425800.0,536.299988,539.590027,535.789978,538.200012,6905212.000000,1745429400.0
1745429400.0,538.210022,538.989990,536.260010,536.570007,7003154.000000,1745433000.0
1745433000.0,536.570007,537.729980,534.099976,534.630005,7442804.000000,1745436600.0
1745436600.0,534.710022,537.169983,533.880005,535.380005,12899201.000000,1745440200.0
1745501400.0,536.715027,542.330017,535.450378,542.234192,11823494.000000,1745505000.0
1745505000.0,542.229980,543.869995,540.989990,542.479980,8605841.000000,1745508600.0
1745508600.0,542.510010,544.969971,541.890015,544.440002,5649295.000000,1745512200.0
1745512200.0,544.440002,545.847900,544.030029,544.979980,5198085.000000,1745515800.0
1745515800.0,545.500000,546.330017,544.369995,545.510010,5310413.000000,1745519400.0
1745519400.0,545.510010,546.900024,544.280029,544.869995,6956390.000000,1745523000.0
1745523000.0,545.099976,547.429993,544.750000,546.530029,10593515.000000,1745526600.0
1745587800.0,546.650024,548.114197,543.890015,544.559998,13256636.000000,1745591400.0
1745591400.0,544.599976,547.500000,543.690002,546.460022,5815360.000000,1745595000.0
1745595000.0,546.494019,548.544189,545.700012,548.330017,4107672.000000,1745598600.0
1745598600.0,548.349976,551.049988,547.979980,550.974426,5682786.000000,1745602200.0
1745602200.0,550.960022,550.989990,546.760010,549.739990,8913874.000000,1745605800.0
1745605800.0,549.750000,550.750000,549.304993,549.645020,6007432.000000,1745609400.0
1745609400.0,549.630005,550.909973,548.760010,550.530029,8236078.000000,1745613000.0
1745847000.0,551.390015,553.549988,549.659973,550.940002,10374700.000000,1745850600.0
1745850600.0,550.950012,551.880005,547.030029,547.210022,5731283.000000,1745854200.0
1745854200.0,547.200012,548.541321,545.700012,546.020020,4964181.000000,1745857800.0
1745857800.0,546.030029,547.450012,545.179993,545.369995,4294425.000000,1745861400.0
1745861400.0,545.344971,548.830017,545.020020,548.590027,4038625.000000,1745865000.0
1745865000.0,548.559998,550.840027,547.969971,550.592407,4835838.000000,1745868600.0
1745868600.0,550.520020,552.280029,550.010010,550.940002,6817382.000000,1745872200.0
1745933400.0,548.909973,552.799988,548.549988,549.919983,10388140.000000,1745937000.0
1745937000.0,549.895020,553.291809,549.820007,552.239807,4407630.000000,1745940600.0
1745940600.0,552.239990,553.450012,550.872009,552.890015,3642300.000000,1745944200.0
1745944200.0,552.895020,553.189880,550.510010,552.630005,4250907.000000,1745947800.0
1745947800.0,552.645874,555.440674,552.539978,554.909973,6471812.000000,1745951400.0
1745951400.0,554.900024,555.270020,554.119995,554.599976,5260271.000000,1745955000.0
1745955000.0,554.630005,555.450012,553.820007,554.140015,7761198.000000,1745958600.0
1746019800.0,547.570007,547.580017,541.520020,546.309998,17806645.000000,1746023400.0
1746023400.0,546.309998,549.744995,545.309998,549.010010,8289839.000000,1746027000.0
1746027000.0,549.005005,550.239990,547.780029,548.090027,6305108.000000,1746030600.0
1746030600.0,548.090027,550.150024,547.140015,550.030029,4347912.000000,1746034200.0
1746034200.0,550.000000,553.099976,549.750000,550.479980,7780712.000000,1746037800.0
1746037800.0,550.609985,551.109985,549.109985,549.789978,7643665.000000,1746041400.0
1746041400.0,549.820007,556.520020,549.380005,554.349976,23351483.000000,1746045000.0
1746106200.0,560.320007,562.210022,558.650024,562.031799,14801452.000000,1746109800.0
1746109800.0,562.049988,564.069885,561.170105,563.260010,8500612.000000,1746113400.0
1746113400.0,563.260010,563.440002,559.059998,560.309998,6560534.000000,1746117000.0
1746117000.0,560.309998,561.946228,559.200012,561.340027,4561612.000000,1746120600.0
1746120600.0,561.349976,562.349976,559.893188,561.890015,3919570.000000,1746124200.0
1746124200.0,561.900024,562.690002,560.854980,562.030029,5567524.000000,1746127800.0
1746127800.0,562.020020,562.489990,557.859985,558.460022,9892493.000000,1746131400.0
1746192600.0,564.739990,566.320007,562.590027,566.299988,14715839.000000,1746196200.0
1746196200.0,566.299988,566.309998,564.510010,564.650024,5370961.000000,1746199800.0
1746199800.0,564.669983,567.940002,564.460022,567.179993,6821035.000000,1746203400.0
1746203400.0,567.200012,568.079590,566.359985,566.780029,4182630.000000,1746207000.0
1746207000.0,566.780029,567.958801,566.500000,567.650024,3377235.000000,1746210600.0
1746210600.0,567.815002,568.380005,566.150024,567.669983,7343588.000000,1746214200.0
1746214200.0,567.640015,567.830017,566.020020,566.619995,10188304.000000,1746217800.0
1746451800.0,562.570007,564.289124,561.700012,563.690002,8989771.000000,1746455400.0
1746455400.0,563.690002,565.309998,562.919983,564.804871,5761443.000000,1746459000.0
1746459000.0,564.809021,565.899902,563.840027,565.710022,3571280.000000,1746462600.0
1746462600.0,565.700012,565.959900,564.840027,565.159973,2985650.000000,1746466200.0
1746466200.0,565.150024,566.380005,565.080017,566.150024,2558293.000000,1746469800.0
1746469800.0,566.130005,566.650024,564.559998,564.770020,5293379.000000,1746473400.0
1746473400.0,564.760010,565.369995,563.090027,563.530029,5955041.000000,1746477000.0
1746538200.0,557.929993,560.900024,556.974976,560.619995,9887290.000000,1746541800.0
1746541800.0,560.590027,561.820007,560.339783,561.650024,4261624.000000,1746545400.0
1746545400.0,561.415100,563.347595,560.140015,560.589600,6042282.000000,1746549000.0
1746549000.0,560.549988,561.460022,559.120422,559.719971,3714651.000000,1746552600.0
1746552600.0,559.679871,560.510010,558.320007,560.489990,4315157.000000,1746556200.0
1746556200.0,560.461487,561.119873,559.870117,560.784973,4940177.000000,1746559800.0
1746559800.0,560.799988,561.400024,558.719971,558.799988,8578253.000000,1746563400.0
1746624600.0,559.679993,561.960022,559.520203,561.820007,7390135.000000,1746628200.0
1746628200.0,561.804993,561.979980,558.380005,559.160828,5241625.000000,1746631800.0
1746631800.0,559.099976,560.400024,558.599976,559.179993,3991307.000000,1746635400.0
1746635400.0,559.190002,561.849976,559.070007,561.243408,2352959.000000,1746639000.0
1746639000.0,561.250000,561.412109,556.039978,557.979980,7360993.000000,1746642600.0
1746642600.0,557.950012,562.640015,557.310120,557.869995,8213874.000000,1746646200.0
1746646200.0,557.859985,563.820007,557.520020,561.219971,12055361.000000,1746649800.0
1746711000.0,565.239990,565.640015,562.300598,564.429993,9829233.000000,1746714600.0
1746714600.0,564.465271,566.719971,561.700012,566.200012,9288012.000000,1746718200.0
1746718200.0,566.229980,569.710022,565.429993,568.799316,9913524.000000,1746721800.0
1746721800.0,568.799988,570.309998,568.710022,569.200012,4731360.000000,1746725400.0
1746725400.0,569.200012,569.390015,567.419983,568.030029,4592518.000000,1746729000.0
1746729000.0,568.030029,569.369995,567.630005,569.020020,8249840.000000,1746732600.0
1746732600.0,569.030029,569.130005,564.539978,564.909973,11037567.000000,1746736200.0
1746797400.0,566.479980,567.500000,563.830017,564.469971,7453267.000000,1746801000.0
1746801000.0,564.469910,565.280029,562.763672,564.549988,6007536.000000,1746804600.0
1746804600.0,564.539978,565.635315,563.440125,563.880005,3405028.000000,1746808200.0
1746808200.0,564.109985,564.520020,562.869995,563.960022,3575990.000000,1746811800.0
1746811800.0,563.960022,565.354980,563.530029,564.299988,2776528.000000,1746815400.0
1746815400.0,564.300110,565.890015,564.244995,564.950012,4280933.000000,1746819000.0
1746819000.0,564.960022,565.169983,564.099976,564.280029,5969653.000000,1746822600.0
1747056600.0,581.469971,581.729980,577.890015,578.260010,20192543.000000,1747060200.0
1747060200.0,578.270020,580.179993,577.039978,578.849976,10340279.000000,1747063800.0
1747063800.0,578.869995,579.830017,577.977478,579.299988,6642432.000000,1747067400.0
1747067400.0,579.270020,582.429993,579.234985,581.319885,7166886.000000,1747071000.0
1747071000.0,581.289978,582.179871,581.159973,581.950012,4405927.000000,1747074600.0
1747074600.0,581.979980,582.510010,581.140320,581.520020,7454454.000000,1747078200.0
1747078200.0,581.510010,583.000000,580.799988,582.830017,13240163.000000,1747081800.0
1747143000.0,583.409973,587.900024,582.840027,586.820007,14905940.000000,1747146600.0
1747146600.0,586.840027,588.090027,586.109985,587.700012,7815170.000000,1747150200.0
1747150200.0,587.690002,588.440002,586.960022,587.691711,8810868.000000,1747153800.0
1747153800.0,587.659973,588.390015,587.289978,588.330017,5181652.000000,1747157400.0
1747157400.0,588.335022,589.069885,587.460022,587.890015,7405702.000000,1747161000.0
1747161000.0,587.919983,588.960022,587.489929,588.450012,6511291.000000,1747164600.0
1747164600.0,588.440002,589.080017,586.729980,586.830017,9972272.000000,1747168200.0
1747229400.0,587.809998,588.979980,586.390015,587.520020,12225116.000000,1747233000.0
1747233000.0,587.489990,588.065002,585.799988,587.859985,7225800.000000,1747236600.0
1747236600.0,587.859924,588.544983,587.690002,587.914978,4932545.000000,1747240200.0
1747240200.0,587.929993,588.565125,585.534973,586.330017,6426228.000000,1747243800.0
1747243800.0,586.320007,587.695007,586.229980,586.859985,5034721.000000,1747247400.0
1747247400.0,586.869995,588.219971,586.470215,587.005005,7316231.000000,1747251000.0
1747251000.0,587.000000,588.140015,586.390015,587.549988,13249757.000000,1747254600.0
1747315800.0,585.559998,587.130005,585.096924,585.890015,12838541.000000,1747319400.0
1747319400.0,585.869995,588.909973,585.309998,588.349976,10295385.000000,1747323000.0
1747323000.0,588.369995,590.099976,588.064880,589.169983,8985981.000000,1747326600.0
1747326600.0,589.159973,590.969971,588.830017,590.684998,6042278.000000,1747330200.0
1747330200.0,590.679993,590.690002,588.690002,589.509888,6607011.000000,1747333800.0
1747333800.0,589.500000,590.330017,588.304993,588.770020,7729197.000000,1747337400.0
1747337400.0,588.750000,590.440002,588.739990,590.400024,11694962.000000,1747341000.0
1747402200.0,591.250000,591.630005,590.010010,590.890015,12294904.000000,1747405800.0
1747405800.0,590.890015,591.080017,589.280029,590.900024,11485692.000000,1747409400.0
1747409400.0,590.890015,592.280029,590.880005,592.059998,6578894.000000,1747413000.0
1747413000.0,592.070007,593.289978,591.779907,593.090027,6501256.000000,1747416600.0
1747416600.0,593.099976,593.479980,592.580017,593.260010,6071507.000000,1747420200.0
1747420200.0,593.260010,594.349304,593.050720,593.854980,7621600.000000,1747423800.0
1747423800.0,593.849976,594.500000,593.190002,594.299988,10461275.000000,1747427400.0
1747661400.0,589.000000,593.299988,588.469971,592.250000,17358545.000000,1747665000.0
1747665000.0,591.830017,592.909973,591.609985,592.356506,6361965.000000,1747668600.0
1747668600.0,592.349976,594.140015,588.510010,593.962219,5228334.000000,1747672200.0
1747672200.0,593.979980,595.539978,593.570007,595.109985,9582528.000000,1747675800.0
1747675800.0,595.109985,595.476624,588.549988,593.750000,6559021.000000,1747679400.0
1747679400.0,593.789978,594.659973,593.159973,593.544983,7597408.000000,1747683000.0
1747683000.0,593.559998,595.250000,593.515015,594.940002,9470635.000000,1747686600.0
1747747800.0,593.090027,593.630005,592.039978,592.900024,9716938.000000,1747751400.0
1747751400.0,592.880005,594.049988,592.489990,593.440002,5311163.000000,1747755000.0
1747755000.0,593.440002,593.539978,592.234985,592.679993,4567232.000000,1747758600.0
1747758600.0,592.690002,593.799988,592.630005,593.460022,5071793.000000,1747762200.0
1747762200.0,593.450012,593.530029,590.620117,590.809998,7325785.000000,1747765800.0
1747765800.0,590.809998,591.650024,589.659973,591.320007,11976634.000000,1747769400.0
1747769400.0,591.320007,592.965027,591.320007,592.830017,9607626.000000,1747773000.0
1747834200.0,588.440002,591.419983,588.419983,589.619995,14010305.000000,1747837800.0
1747837800.0,589.630005,592.239990,588.869995,591.789978,8605492.000000,1747841400.0
1747841400.0,591.770020,592.294983,591.250000,591.789673,5629600.000000,1747845000.0
1747845000.0,591.799988,592.580017,584.549988,584.690002,13406451.000000,1747848600.0
1747848600.0,584.260010,587.760010,584.150024,585.260010,15629094.000000,1747852200.0
1747852200.0,585.280029,586.280029,581.820007,582.250000,13870481.000000,1747855800.0
1747855800.0,582.525024,584.619995,582.260010,582.969971,14454245.000000,1747859400.0
1747920600.0,582.799988,585.169983,581.405029,582.840027,15316618.000000,1747924200.0
1747924200.0,582.840027,583.840027,581.510010,582.549988,8877645.000000,1747927800.0
1747927800.0,582.539978,585.609985,582.419983,584.325012,7103770.000000,1747931400.0
1747931400.0,584.320007,584.869995,582.630005,584.669983,6282663.000000,1747935000.0
1747935000.0,584.679993,586.000000,584.309998,585.570007,7282587.000000,1747938600.0
1747938600.0,585.580017,586.619995,584.890015,586.510010,8345299.000000,1747942200.0
1747942200.0,586.500000,586.566528,582.580017,583.030029,13429428.000000,1747945800.0
1748007000.0,576.330017,578.869995,575.599976,577.719971,24533949.000000,1748010600.0
1748010600.0,577.710022,578.949890,576.809387,578.479980,7673773.000000,1748014200.0
1748014200.0,578.489990,579.729980,577.520020,578.659973,6690933.000000,1748017800.0
1748017800.0,578.650024,581.159973,577.950806,581.090027,6415373.000000,1748021400.0
1748021400.0,581.070007,581.810120,579.989990,580.765015,6718603.000000,1748025000.0
1748025000.0,580.739990,581.530029,579.380005,579.900024,7048290.000000,1748028600.0
1748028600.0,579.880005,581.030029,578.489990,579.169983,10593820.000000,1748032200.0
1748352600.0,586.070007,588.250000,584.369995,587.869995,18223546.000000,1748356200.0
1748356200.0,587.869995,589.010010,587.625000,588.809998,8361786.000000,1748359800.0
1748359800.0,588.799988,589.619995,588.474976,589.369995,6836693.000000,1748363400.0
1748363400.0,589.469971,590.669983,578.429993,590.170105,6681452.000000,1748367000.0
1748367000.0,590.179993,591.309998,590.000000,590.669983,6364063.000000,1748370600.0
1748370600.0,590.669983,590.939392,590.174988,590.294983,8632814.000000,1748374200.0
1748374200.0,590.219971,591.059998,589.880005,591.049988,12579225.000000,1748377800.0
1748439000.0,591.559998,592.768799,589.950012,590.219971,12679997.000000,1748442600.0
1748442600.0,590.229980,590.330017,589.130005,589.400024,7356410.000000,1748446200.0
1748446200.0,589.390015,589.979980,588.969971,589.875000,5233224.000000,1748449800.0
1748449800.0,589.859985,590.614990,589.635010,590.289917,4625163.000000,1748453400.0
1748453400.0,590.270020,590.440002,589.429993,590.114990,4911145.000000,1748457000.0
1748457000.0,590.219971,590.789978,587.919983,589.515015,11231806.000000,1748460600.0
1748460600.0,589.510010,589.645020,586.984985,587.710022,12622870.000000,1748464200.0
1748525400.0,593.059998,593.200012,588.500000,590.099976,17336183.000000,1748529000.0
1748529000.0,589.969971,591.090027,589.289978,590.719971,6635719.000000,1748532600.0
1748532600.0,590.710022,590.804993,586.070007,588.989990,9834735.000000,1748536200.0
1748536200.0,588.989990,590.450012,588.900085,589.320007,5342792.000000,1748539800.0
1748539800.0,589.330017,589.809998,587.609985,588.030029,6437664.000000,1748543400.0
1748543400.0,588.010010,589.729980,588.010010,588.890015,8098920.000000,1748547000.0
1748547000.0,588.890015,590.664978,588.880005,589.989990,10398928.000000,1748550600.0
1748611800.0,588.929993,589.859985,586.400024,589.599976,13366690.000000,1748615400.0
1748615400.0,589.590027,589.919983,588.039978,589.125427,5424046.000000,1748619000.0
1748619000.0,589.130005,589.369995,584.679993,585.099976,9174432.000000,1748622600.0
1748622600.0,585.085022,586.059998,583.234985,585.895020,13762180.000000,1748626200.0
1748626200.0,585.890015,588.719971,585.539978,588.260010,9393426.000000,1748629800.0
1748629800.0,588.270020,590.950012,587.760010,590.640015,8100110.000000,1748633400.0
1748633400.0,590.650024,591.129883,589.239990,589.460022,20325887.000000,1748637000.0
1748871000.0,587.760010,589.739990,585.059998,588.590027,16379196.000000,1748874600.0
1748874600.0,588.580017,589.679993,588.119995,588.539978,8079729.000000,1748878200.0
1748878200.0,588.570007,590.059998,588.130005,589.409973,4547941.000000,1748881800.0
1748881800.0,589.369995,590.609985,589.039978,589.859985,3847517.000000,1748885400.0
1748885400.0,590.159973,591.700012,589.500000,591.505005,5499621.000000,1748889000.0
1748889000.0,591.500000,592.719971,591.174988,592.400024,7791123.000000,1748892600.0
1748892600.0,592.390015,592.789978,591.650024,592.619995,9570359.000000,1748896200.0
1748957400.0,592.340027,593.900024,591.849976,593.895020,11007769.000000,1748961000.0
1748961000.0,593.890015,595.159973,593.169983,594.969971,7257062.000000,1748964600.0
1748964600.0,594.960022,596.250122,594.830017,596.075012,7305868.000000,1748968200.0
1748968200.0,596.080017,597.080017,596.020020,596.750000,6207966.000000,1748971800.0
1748971800.0,596.770020,596.969971,594.800110,596.150024,8620498.000000,1748975400.0
1748975400.0,596.320007,596.510010,595.780029,596.260010,7465413.000000,1748979000.0
1748979000.0,596.255005,596.500000,595.229980,596.109985,10050862.000000,1748982600.0
1749043800.0,596.960022,597.950012,595.489990,597.585022,14168810.000000,1749047400.0
1749047400.0,597.580017,597.875000,596.710022,596.989990,6692843.000000,1749051000.0
1749051000.0,596.989990,597.409973,595.790894,595.924988,6308546.000000,1749054600.0
1749054600.0,595.909973,597.429993,595.869995,597.315002,4931733.000000,1749058200.0
1749058200.0,597.309998,597.929993,597.049988,597.590027,4968161.000000,1749061800.0
1749061800.0,597.590027,597.679993,596.710022,597.030029,6026430.000000,1749065400.0
1749065400.0,597.030029,597.244995,595.890015,595.890015,10216803.000000,1749069000.0
1749130200.0,597.630005,597.905029,593.909973,596.164978,14363183.000000,1749133800.0
1749133800.0,596.159973,598.734985,594.320007,598.660095,14635224.000000,1749137400.0
1749137400.0,598.650024,599.000000,597.030029,597.890015,6798369.000000,1749141000.0
1749141000.0,597.900024,598.020020,594.260010,596.469971,9975644.000000,1749144600.0
1749144600.0,596.450012,596.979675,593.059998,595.219971,8970315.000000,1749148200.0
1749148200.0,595.320007,596.119995,591.049988,592.460022,14635948.000000,1749151800.0
1749151800.0,592.469971,594.770020,592.200012,593.000000,14761203.000000,1749155400.0
1749216600.0,598.469971,600.830017,598.409973,599.179993,16926975.000000,1749220200.0
1749220200.0,599.159973,600.359985,597.250000,598.510010,9169230.000000,1749223800.0
1749223800.0,598.479980,599.390015,597.969910,598.590027,5243412.000000,1749227400.0
1749227400.0,598.580017,598.890015,596.859985,598.190002,7491490.000000,1749231000.0
1749231000.0,598.200012,600.130005,598.200012,599.580017,6229814.000000,1749234600.0
1749234600.0,599.590027,600.640015,599.179993,599.349976,7033030.000000,1749238200.0
1749238200.0,599.340027,599.849976,598.909973,599.039978,9340611.000000,1749241800.0
1749475800.0,599.719971,599.989990,598.500000,599.710022,10457164.000000,1749479400.0
1749479400.0,599.710022,600.400024,599.030029,599.215027,6704932.000000,1749483000.0
1749483000.0,599.219971,600.010010,599.190002,599.789978,4409926.000000,1749486600.0
1749486600.0,599.849976,601.130005,599.780029,600.830017,5118838.000000,1749490200.0
1749490200.0,600.830017,601.250000,600.559998,601.049988,3924411.000000,1749493800.0
1749493800.0,601.020020,601.219971,600.330017,600.539978,6602124.000000,1749497400.0
1749497400.0,600.419983,600.739990,599.419983,599.570007,10817021.000000,1749501000.0
1749562200.0,600.219971,601.269897,600.159973,601.190002,9148305.000000,1749565800.0
1749565800.0,601.200012,601.619995,600.880005,601.174988,6353043.000000,1749569400.0
1749569400.0,601.159973,601.979980,599.090027,601.879089,8746728.000000,1749573000.0
1749573000.0,601.880005,602.590027,601.719971,601.909973,5359264.000000,1749576600.0
1749576600.0,601.835022,602.008728,600.119995,600.924988,7582386.000000,1749580200.0
1749580200.0,600.919983,603.469971,600.849976,602.632019,9707123.000000,1749583800.0
1749583800.0,602.630005,603.229980,601.609985,603.030029,9853401.000000,1749587400.0
1749648600.0,604.190002,604.885010,602.250000,604.734985,14035912.000000,1749652200.0
1749652200.0,604.739990,605.059998,604.099976,604.219971,6570940.000000,1749655800.0
1749655800.0,604.210022,604.440002,601.960022,603.219971,8740495.000000,1749659400.0
1749659400.0,603.210022,604.429993,602.739990,604.349976,6113938.000000,1749663000.0
1749663000.0,604.349976,604.445007,599.270020,600.710022,12850785.000000,1749666600.0
1749666600.0,600.729980,602.159973,599.859985,600.479980,10808731.000000,1749670200.0
1749670200.0,600.469971,601.590027,599.729980,601.409973,10428465.000000,1749673800.0
1749735000.0,600.010010,602.640015,599.520020,602.479980,12825573.000000,1749738600.0
1749738600.0,602.489990,603.619995,601.539978,602.450012,10733664.000000,1749742200.0
1749742200.0,602.580017,603.320007,601.739990,603.004578,7522959.000000,1749745800.0
1749745800.0,602.989990,603.419983,602.150024,602.979980,6264092.000000,1749749400.0
1749749400.0,603.250000,603.560425,602.419983,602.809998,5371261.000000,1749753000.0
1749753000.0,602.840027,603.570007,602.460022,603.294617,6710873.000000,1749756600.0
1749756600.0,603.280029,603.719971,602.390015,603.679993,9047936.000000,1749760200.0
1749821400.0,598.500000,600.369995,596.630005,596.770020,17134140.000000,1749825000.0
1749825000.0,596.869995,600.669983,596.650024,600.580017,9646295.000000,1749828600.0
1749828600.0,600.570007,601.849976,600.291992,600.880005,7046697.000000,1749832200.0
1749832200.0,600.890015,601.489990,599.169983,599.530029,6777015.000000,1749835800.0
1749835800.0,599.520020,600.289978,597.000000,597.109985,10577993.000000,1749839400.0
1749839400.0,597.099976,597.684998,595.590027,596.269226,15561117.000000,1749843000.0
1749843000.0,596.280029,597.250000,595.479980,596.940002,15491115.000000,1749846600.0
1750080600.0,600.960022,604.179993,600.960022,604.070007,18161139.000000,1750084200.0
1750084200.0,604.070007,604.450012,603.270020,603.377991,9410613.000000,1750087800.0
1750087800.0,603.380005,603.840027,602.770020,603.020020,6296835.000000,1750091400.0
1750091400.0,603.020020,603.490112,602.330078,603.380005,6573254.000000,1750095000.0
1750095000.0,603.390015,603.710022,602.130005,602.559998,6399842.000000,1750098600.0
1750098600.0,602.570007,602.770020,601.640015,602.049988,10621710.000000,1750102200.0
1750102200.0,602.039978,602.799988,601.789978,602.700012,11076904.000000,1750105800.0
1750167000.0,600.530029,601.640015,599.179993,601.169983,13493297.000000,1750170600.0
1750170600.0,601.260010,601.750000,600.369995,600.469971,6974688.000000,1750174200.0
1750174200.0,600.469971,601.580078,600.219971,601.150024,6035893.000000,1750177800.0
1750177800.0,601.150024,601.590027,598.989990,599.000000,9437998.000000,1750181400.0
1750181400.0,598.989990,599.869873,596.960022,597.390015,12679985.000000,1750185000.0
1750185000.0,597.400024,598.369995,596.760010,598.250000,10031103.000000,1750188600.0
1750188600.0,598.239990,598.609985,597.289978,597.570007,11137012.000000,1750192200.0
1750253400.0,598.440002,600.989990,597.359985,600.770813,12163026.000000,1750257000.0
1750257000.0,600.780029,601.219971,599.895020,600.039978,5848686.000000,1750260600.0
1750260600.0,600.219971,600.520020,599.400024,599.494995,5546133.000000,1750264200.0
1750264200.0,599.489990,600.109985,598.820007,598.875000,4167451.000000,1750267800.0
1750267800.0,598.880005,601.000000,598.039978,599.340027,8582573.000000,1750271400.0
1750271400.0,599.349976,600.869995,596.469971,596.919983,18699598.000000,1750275000.0
1750275000.0,596.890015,598.794983,596.630005,597.460022,10025874.000000,1750278600.0
1750426200.0,598.380005,599.460022,595.311218,596.150024,17658206.000000,1750429800.0
1750429800.0,596.159973,596.609985,593.599976,595.280029,11568481.000000,1750433400.0
1750433400.0,595.450012,596.369995,594.224976,594.929993,15406731.000000,1750437000.0
1750437000.0,594.919983,595.969971,593.539978,593.554993,7724499.000000,1750440600.0
1750440600.0,593.544983,595.349976,592.859985,594.880005,7372133.000000,1750444200.0
1750444200.0,594.880005,595.224976,593.239990,593.469971,7776628.000000,1750447800.0
1750447800.0,593.460022,594.969971,593.250000,594.219971,13400342.000000,1750451400.0
1750685400.0,595.039978,598.289978,593.599976,597.539978,14787014.000000,1750689000.0
1750689000.0,597.549988,597.770020,596.520020,596.580017,7855612.000000,1750692600.0
1750692600.0,596.320007,596.710022,594.159973,594.309998,7243441.000000,1750696200.0
1750696200.0,594.280029,598.000000,591.890015,597.710022,19485426.000000,1750699800.0
1750699800.0,597.750000,599.340027,597.715027,598.359985,10588259.000000,1750703400.0
1750703400.0,598.369995,599.440002,597.989990,599.239990,8572167.000000,1750707000.0
1750707000.0,599.234985,600.539978,598.919983,600.119995,10778374.000000,1750710600.0
1750771800.0,604.330017,605.450012,603.409973,604.599915,15433265.000000,1750775400.0
1750775400.0,604.599976,605.760010,604.530029,605.755005,7409081.000000,1750779000.0
1750779000.0,605.760010,606.594971,605.655029,606.492004,5196714.000000,1750782600.0
1750782600.0,606.500000,607.174988,606.299988,606.330017,6483373.000000,1750786200.0
1750786200.0,606.340027,607.455017,606.330017,607.000000,5559384.000000,1750789800.0
1750789800.0,607.020020,607.690002,606.869995,607.505005,8221594.000000,1750793400.0
1750793400.0,607.510010,607.849915,606.750000,606.760010,12175990.000000,1750797000.0
1750858200.0,607.909973,608.609985,607.340027,607.690002,13588724.000000,1750861800.0
1750861800.0,607.700012,608.409973,606.859985,607.179993,8334837.000000,1750865400.0
1750865400.0,607.039978,607.270020,606.640015,606.974976,6027020.000000,1750869000.0
1750869000.0,606.979980,607.140015,606.260010,607.020020,5397529.000000,1750872600.0
1750872600.0,607.015015,607.080017,605.539978,606.379883,8154106.000000,1750876200.0
1750876200.0,606.380005,607.369995,606.059998,606.994812,5456964.000000,1750879800.0
1750879800.0,606.989990,607.200012,606.369995,607.080017,9705497.000000,1750883400.0
1750944600.0,608.989990,609.979980,608.369995,609.945007,15432350.000000,1750948200.0
1750948200.0,609.929993,610.864990,609.919983,610.090027,8261383.000000,1750951800.0
1750951800.0,610.070007,611.128296,609.830017,610.880005,6549698.000000,1750955400.0
1750955400.0,610.900024,611.280029,610.640015,611.190002,6565293.000000,1750959000.0
1750959000.0,611.200012,612.119995,611.150024,611.719971,9265463.000000,1750962600.0
1750962600.0,611.729980,611.914978,611.094971,611.640015,8019970.000000,1750966200.0
1750966200.0,611.630005,612.309998,611.229980,611.880005,15250890.000000,1750969800.0
1751031000.0,612.880005,615.500000,612.700012,614.905029,12936118.000000,1751034600.0
1751034600.0,614.909973,615.549988,614.599976,615.340027,8663080.000000,1751038200.0
1751038200.0,615.340027,616.349976,615.300110,616.315002,8271641.000000,1751041800.0
1751041800.0,616.315002,616.390015,615.260010,615.390015,5308807.000000,1751045400.0
1751045400.0,615.400024,615.580017,612.330017,612.330017,11506024.000000,1751049000.0
1751049000.0,612.340027,612.710022,610.830017,612.385010,16683605.000000,1751052600.0
1751052600.0,612.380005,615.140015,612.380005,614.849976,16225741.000000,1751056200.0
1751290200.0,617.380005,617.489990,615.929993,616.700012,13320297.000000,1751293800.0
1751293800.0,616.700012,616.775024,615.687988,616.205017,9673361.000000,1751297400.0
1751297400.0,616.210022,616.919983,616.099976,616.255127,5551534.000000,1751301000.0
1751301000.0,616.239990,617.130005,616.195007,616.515015,6222938.000000,1751304600.0
1751304600.0,616.515015,616.640015,615.039978,616.044983,9444840.000000,1751308200.0
1751308200.0,615.929993,618.250000,615.320007,617.900024,13571883.000000,1751311800.0
1751311800.0,617.900024,619.219971,617.400024,617.900024,21415473.000000,1751315400.0
1751376600.0,616.359985,618.065002,616.255005,617.119995,12323158.000000,1751380200.0
1751380200.0,617.099976,617.609985,615.520020,617.280029,11591729.000000,1751383800.0
1751383800.0,617.270020,618.099976,616.080017,617.320007,7723008.000000,1751387400.0
1751387400.0,617.320007,618.210022,617.000000,618.075012,6132062.000000,1751391000.0
1751391000.0,618.080017,618.830017,617.760010,618.010010,6367716.000000,1751394600.0
1751394600.0,618.010010,618.510010,616.700012,618.364990,9843151.000000,1751398200.0
1751398200.0,618.364990,618.719971,617.429993,617.559998,10313522.000000,1751401800.0
1751463000.0,617.239990,618.719971,616.609985,618.599976,11824245.000000,1751466600.0
1751466600.0,618.599976,619.164978,618.200012,618.789978,8718458.000000,1751470200.0
1751470200.0,618.789978,619.455017,618.739990,619.155029,5896295.000000,1751473800.0
1751473800.0,619.159973,619.674988,619.000000,619.479980,7640261.000000,1751477400.0
1751477400.0,619.469971,619.719971,619.229980,619.590027,6646497.000000,1751481000.0
1751481000.0,619.580017,620.169983,619.575012,619.760010,7702106.000000,1751484600.0
1751484600.0,619.750000,620.479980,619.609985,620.369995,10199323.000000,1751488200.0
1751549400.0,622.450012,625.109985,622.429993,625.000000,16305435.000000,1751553000.0
1751553000.0,625.000000,625.784973,624.789978,625.419983,9078995.000000,1751556600.0
1751556600.0,625.534973,626.080017,625.359985,625.734985,9030686.000000,1751560200.0
1751895000.0,623.359985,624.030029,622.530029,623.039978,9405919.000000,1751898600.0
1751898600.0,622.859985,623.104980,621.559998,622.070007,6848812.000000,1751902200.0
1751902200.0,622.059998,622.289978,619.241028,620.575012,11523043.000000,1751905800.0
1751905800.0,620.729980,621.234985,619.479980,620.190002,7769168.000000,1751909400.0
1751909400.0,620.159973,621.409973,617.880005,617.989990,10860567.000000,1751913000.0
1751913000.0,617.989990,620.390015,617.869995,619.460022,9725327.000000,1751916600.0
1751916600.0,619.469971,621.000000,619.390015,620.780029,12109392.000000,1751920200.0
1751981400.0,621.080017,621.664978,619.642029,620.010010,9714780.000000,1751985000.0
1751985000.0,620.025024,621.494995,619.520020,619.963989,9045204.000000,1751988600.0
1751988600.0,619.979980,622.109985,619.979980,621.875000,7132153.000000,1751992200.0
1751992200.0,621.890015,622.049988,619.840027,620.835022,8696528.000000,1751995800.0
1751995800.0,620.830017,621.309998,620.200012,620.650024,5414201.000000,1751999400.0
1751999400.0,620.659973,620.924988,620.090027,620.510010,6119689.000000,1752003000.0
1752003000.0,620.510010,620.809998,620.039978,620.309998,9674035.000000,1752006600.0
1752067800.0,622.770020,624.719971,622.650024,623.369995,11507049.000000,1752071400.0
1752071400.0,623.380005,623.380005,620.910522,622.104980,12238638.000000,1752075000.0
1752075000.0,622.099976,622.539978,621.549988,621.789978,6843515.000000,1752078600.0
1752078600.0,621.799988,622.674988,621.619995,622.322021,5325341.000000,1752082200.0
1752082200.0,622.320007,623.309021,622.059998,622.849976,6764656.000000,1752085800.0
1752085800.0,622.909973,623.770020,622.820007,623.599976,7703630.000000,1752089400.0
1752089400.0,623.590027,624.210022,623.409973,623.989990,9243138.000000,1752093000.0
1752154200.0,624.260010,624.280029,623.010010,623.734802,12432517.000000,1752157800.0
1752157800.0,623.770020,625.575012,623.744812,625.520020,8535858.000000,1752161400.0
1752161400.0,625.520020,625.784973,625.025024,625.570007,5226207.000000,1752165000.0
1752165000.0,625.570007,626.229980,625.239990,626.099976,4585228.000000,1752168600.0
1752168600.0,626.090027,626.870117,626.080017,626.590027,5790984.000000,1752172200.0
1752172200.0,626.590027,626.669983,626.090027,626.205017,6646470.000000,1752175800.0
1752175800.0,626.200012,626.674988,625.210022,625.830017,9553611.000000,1752179400.0
1752240600.0,622.739990,624.260010,621.530029,624.005005,11912865.000000,1752244200.0
1752244200.0,624.000000,624.369995,622.710022,623.390015,7390720.000000,1752247800.0
1752247800.0,623.400024,624.640015,623.150024,623.945007,8419054.000000,1752251400.0
1752251400.0,623.950012,624.580017,623.559998,624.450012,5136029.000000,1752255000.0
1752255000.0,624.450012,624.700012,623.750000,624.265015,6143243.000000,1752258600.0
1752258600.0,624.275024,624.859985,623.130005,624.445007,9627611.000000,1752262200.0
1752262200.0,624.450012,624.580017,623.469971,623.609985,10303202.000000,1752265800.0
1752499800.0,622.940002,623.710022,621.799927,622.691528,12127867.000000,1752503400.0
1752503400.0,622.679993,624.140015,622.369995,624.130005,7416000.000000,1752507000.0
1752507000.0,624.130005,624.390015,623.770020,623.885010,5156203.000000,1752510600.0
1752510600.0,623.869995,624.969971,623.630005,624.700012,4813082.000000,1752514200.0
1752514200.0,624.710022,625.000000,624.424988,624.950012,4168700.000000,1752517800.0
1752517800.0,624.960022,625.158081,624.460022,624.729980,6118559.000000,1752521400.0
1752521400.0,624.729980,624.989990,624.299988,624.719971,8076747.000000,1752525000.0
1752586200.0,627.520020,627.859985,625.260010,625.479980,13736533.000000,1752589800.0
1752589800.0,625.489990,625.580017,623.799988,625.100708,11730373.000000,1752593400.0
1752593400.0,625.119995,625.390015,624.010010,624.274780,6900639.000000,1752597000.0
1752597000.0,624.270020,624.575012,622.950012,623.859985,8131280.000000,1752600600.0
1752600600.0,623.849976,624.869995,623.849976,624.599976,6158806.000000,1752604200.0
1752604200.0,624.599976,624.830017,623.015015,623.289978,10091716.000000,1752607800.0
1752607800.0,623.309998,623.799988,622.080017,622.109985,11156036.000000,1752611400.0
1752672600.0,623.739990,624.119995,621.679993,622.489990,11966558.000000,1752676200.0
1752676200.0,622.489990,623.369995,619.460022,621.315002,22967144.000000,1752679800.0
1752679800.0,621.349976,622.539978,618.049988,621.669983,22578860.000000,1752683400.0
1752683400.0,621.674988,623.789978,621.140015,623.099976,6693618.000000,1752687000.0
1752687000.0,623.099976,623.460083,622.719971,623.349976,4760317.000000,1752690600.0
1752690600.0,623.344971,624.520020,623.344971,624.140076,7135465.000000,1752694200.0
1752694200.0,624.140015,624.729980,623.885010,624.179993,8101270.000000,1752697800.0
1752759000.0,624.400024,626.229980,624.179993,625.460022,11472330.000000,1752762600.0
1752762600.0,625.460022,626.719971,625.010010,626.669983,8427546.000000,1752766200.0
1752766200.0,626.671204,627.510010,626.559998,626.849976,6685673.000000,1752769800.0
1752769800.0,626.840027,627.098022,626.525024,627.025024,6103443.000000,1752773400.0
1752773400.0,627.065002,627.880005,627.000000,627.832214,6810284.000000,1752777000.0
1752777000.0,627.893494,628.404785,627.645020,627.979980,7216990.000000,1752780600.0
1752780600.0,627.969971,628.320007,627.650024,627.979980,14598908.000000,1752784200.0
1752845400.0,629.299988,629.469971,627.239990,627.369995,14355767.000000,1752849000.0
1752849000.0,627.349976,627.909973,626.909973,627.604980,11133429.000000,1752852600.0
1752852600.0,627.619995,628.169983,626.539978,626.960022,7045686.000000,1752856200.0
1752856200.0,626.979980,627.385010,626.460022,626.940002,5704897.000000,1752859800.0
1752859800.0,626.940002,627.530029,626.659973,627.114990,4183073.000000,1752863400.0
1752863400.0,627.109985,627.599976,627.020020,627.390015,5054812.000000,1752867000.0
1752867000.0,627.375000,627.760010,627.010010,627.590027,7725900.000000,1752870600.0
1753104600.0,628.770020,631.330017,628.679993,631.250000,11940189.000000,1753108200.0
1753108200.0,631.250000,631.390015,630.640015,631.268799,6696004.000000,1753111800.0
1753111800.0,631.270020,631.539978,630.534973,630.770020,5926978.000000,1753115400.0
1753115400.0,630.775208,631.489990,630.724976,631.395020,4180603.000000,1753119000.0
1753119000.0,631.390015,631.520020,631.039978,631.191772,4545996.000000,1753122600.0
1753122600.0,631.200012,631.200012,629.109985,629.450012,10841234.000000,1753126200.0
1753126200.0,629.450012,629.679993,628.340027,628.729980,12654906.000000,1753129800.0
1753191000.0,629.099976,629.190002,626.190002,627.090027,14434422.000000,1753194600.0
1753194600.0,627.080017,628.114990,626.972107,627.640015,6721517.000000,1753198200.0
1753198200.0,627.640015,628.125000,627.039978,627.239990,5933245.000000,1753201800.0
1753201800.0,627.250000,629.219971,627.070007,629.049988,5321387.000000,1753205400.0
1753205400.0,629.049988,629.179993,627.520020,628.424988,6421876.000000,1753209000.0
1753209000.0,628.419983,629.530029,628.369995,629.200012,7458920.000000,1753212600.0
1753212600.0,629.190002,629.729980,628.750000,628.830017,8957431.000000,1753216200.0
1753277400.0,630.994995,631.465027,629.729980,630.738770,11930032.000000,1753281000.0
1753281000.0,630.735229,630.924988,630.090027,630.825012,6193455.000000,1753284600.0
1753284600.0,630.820007,632.789978,630.469971,631.690002,9429235.000000,1753288200.0
1753288200.0,631.679993,632.195007,631.349487,632.099976,8404152.000000,1753291800.0
1753291800.0,632.109985,633.650024,631.789978,633.234985,9748596.000000,1753295400.0
1753295400.0,633.234985,633.479980,632.955017,633.359985,7431353.000000,1753299000.0
1753299000.0,633.359985,634.159973,632.940002,634.159973,10283392.000000,1753302600.0
1753363800.0,634.599976,635.390015,633.989990,634.820007,12862862.000000,1753367400.0
1753367400.0,634.820007,635.890015,634.729980,635.525024,7091351.000000,1753371000.0
1753371000.0,635.525024,635.729980,634.280029,634.565002,6659179.000000,1753374600.0
1753374600.0,634.570007,635.979980,634.450012,635.380005,6391273.000000,1753378200.0
1753378200.0,635.380005,636.150024,635.125000,635.780029,8024878.000000,1753381800.0
1753381800.0,635.784973,635.929993,634.690002,635.471802,8969049.000000,1753385400.0
1753385400.0,635.474976,635.575012,634.250000,634.450012,15010238.000000,1753389000.0
1753450200.0,635.090027,635.609985,634.840027,635.469971,9407069.000000,1753453800.0
1753453800.0,635.469971,636.130005,635.289978,636.020020,5993959.000000,1753457400.0
1753457400.0,636.020020,636.929993,635.609985,636.760010,6686141.000000,1753461000.0
1753461000.0,636.760010,637.130005,636.599976,637.045227,6436824.000000,1753464600.0
1753464600.0,637.049988,637.530029,636.969971,637.330017,5122697.000000,1753468200.0
1753468200.0,637.330017,637.579895,637.174988,637.340027,5294461.000000,1753471800.0
1753471800.0,637.330017,637.489990,636.625000,637.030029,11606754.000000,1753475400.0
1753709400.0,637.479980,638.039978,637.080017,637.734985,12608320.000000,1753713000.0
1753713000.0,637.739990,637.899902,636.330017,637.070007,7029218.000000,1753716600.0
1753716600.0,637.070007,637.650024,636.979980,637.400024,3958235.000000,1753720200.0
1753720200.0,637.395020,637.409973,636.159973,636.320007,4788861.000000,1753723800.0
1753723800.0,636.309998,636.760010,635.539978,636.030029,6173527.000000,1753727400.0
1753727400.0,636.039978,636.289978,635.690002,636.039978,6089625.000000,1753731000.0
1753731000.0,636.049988,637.020020,635.820007,636.890015,9077255.000000,1753734600.0
1753795800.0,638.349976,638.669983,637.239990,637.760010,10175675.000000,1753799400.0
1753799400.0,637.760010,637.859985,635.179993,635.289978,8973013.000000,1753803000.0
1753803000.0,635.289978,636.210022,634.690002,635.659973,7394149.000000,1753806600.0
1753806600.0,635.661987,636.559998,635.099976,636.179993,5465489.000000,1753810200.0
1753810200.0,636.174988,636.390015,634.940002,635.320007,6248279.000000,1753813800.0
1753813800.0,635.315002,635.859985,635.030029,635.059998,6204643.000000,1753817400.0
1753817400.0,635.070007,635.400024,634.335022,635.219971,11693522.000000,1753821000.0
1753882200.0,635.919983,636.664978,635.289978,636.330017,9553683.000000,1753885800.0
1753885800.0,636.320007,636.820007,635.000000,635.315002,6908666.000000,1753889400.0
1753889400.0,635.320007,636.719971,635.090027,636.570007,5028064.000000,1753893000.0
1753893000.0,636.580017,636.659973,636.145020,636.210022,3361418.000000,1753896600.0
1753896600.0,636.219971,637.109985,636.010010,636.770020,6602865.000000,1753900200.0
1753900200.0,636.770020,637.679993,631.539978,632.089294,23765491.000000,1753903800.0
1753903800.0,632.090027,634.635010,631.609985,634.500000,14767858.000000,1753907400.0
1753968600.0,639.455017,639.849976,637.690002,638.820007,18845004.000000,1753972200.0
1753972200.0,638.809998,639.140015,635.059998,636.190002,11944043.000000,1753975800.0
1753975800.0,636.190002,638.229980,636.109985,638.080017,6674444.000000,1753979400.0
1753979400.0,638.085205,638.309998,634.409973,634.840027,8104819.000000,1753983000.0
1753983000.0,634.859985,635.655029,631.429993,634.210022,14674708.000000,1753986600.0
1753986600.0,634.200012,635.125000,632.619995,632.780029,10842862.000000,1753990200.0
1753990200.0,632.794983,633.679993,630.765015,631.969971,19680307.000000,1753993800.0
1754055000.0,626.299988,626.340027,619.650024,623.200012,30644019.000000,1754058600.0
1754058600.0,623.429993,624.070007,621.390015,621.510010,17357341.000000,1754062200.0
1754062200.0,621.510010,624.965027,621.380005,624.210022,13619112.000000,1754065800.0
1754065800.0,624.210022,624.460022,620.335022,620.570007,16693904.000000,1754069400.0
1754069400.0,620.570007,621.809998,619.289978,621.624817,14851233.000000,1754073000.0
1754073000.0,621.630005,623.109985,620.950012,621.789978,18461979.000000,1754076600.0
1754076600.0,621.780029,623.299988,620.840027,621.710022,18083927.000000,1754080200.0
1754314200.0,625.669983,629.530029,625.580017,629.400024,16466923.000000,1754317800.0
1754317800.0,629.409973,629.700012,628.460022,629.000000,9646390.000000,1754321400.0
1754321400.0,628.989990,630.169983,628.590027,629.719971,7217114.000000,1754325000.0
1754325000.0,629.710022,630.520020,629.679993,630.289978,5339004.000000,1754328600.0
1754328600.0,630.299988,630.489990,629.390015,629.989990,8154850.000000,1754332200.0
1754332200.0,629.989990,630.750000,629.739990,630.265015,7614826.000000,1754335800.0
1754335800.0,630.265015,631.215027,629.920898,631.059998,10505323.000000,1754339400.0
1754400600.0,631.789978,632.605225,629.190002,629.859009,14016837.000000,1754404200.0
1754404200.0,629.864990,629.864990,627.039978,628.010010,13408969.000000,1754407800.0
1754407800.0,627.979980,629.185120,627.159973,629.049988,7261146.000000,1754411400.0
1754411400.0,629.030029,629.825012,627.799988,629.695007,5970871.000000,1754415000.0
1754415000.0,629.704773,630.320007,628.599976,628.710022,7485879.000000,1754418600.0
1754418600.0,628.710022,629.109985,627.869995,628.979919,7193278.000000,1754422200.0
1754422200.0,628.979980,629.039978,627.809998,628.020020,7915493.000000,1754425800.0
1754487000.0,628.609985,630.609985,628.130005,628.794983,12728488.000000,1754490600.0
1754490600.0,628.794983,632.049988,628.380005,631.927002,9151768.000000,1754494200.0
1754494200.0,631.909973,632.910400,631.159973,632.369995,8711655.000000,1754497800.0
1754497800.0,632.389893,632.979919,631.849976,632.289978,5420591.000000,1754501400.0
1754501400.0,632.309998,633.109985,632.000000,632.919983,6427914.000000,1754505000.0
1754505000.0,632.919983,633.190002,632.489990,633.020020,5869995.000000,1754508600.0
1754508600.0,633.010010,633.440002,632.390015,632.669983,10341224.000000,1754512200.0
1754573400.0,636.239990,636.979980,633.119995,633.820007,16380397.000000,1754577000.0
1754577000.0,633.809998,634.234985,631.760010,631.969910,10818281.000000,1754580600.0
1754580600.0,631.969971,632.599976,631.131592,632.244995,7663849.000000,1754584200.0
1754584200.0,632.250000,632.609985,630.000000,630.030029,8937240.000000,1754587800.0
1754587800.0,630.000000,631.080017,629.109985,629.919983,8176633.000000,1754591400.0
1754591400.0,629.919983,630.869995,629.460022,630.270020,7002249.000000,1754595000.0
1754595000.0,630.280029,632.359985,630.260010,632.289978,9156545.000000,1754598600.0
1754659800.0,634.059998,636.780029,633.739990,636.440002,13589880.000000,1754663400.0
1754663400.0,636.429993,637.039978,635.570007,636.010010,8356893.000000,1754667000.0
1754667000.0,636.000000,637.359985,634.859985,636.875000,6940639.000000,1754670600.0
1754670600.0,636.880005,637.119995,636.125000,636.395020,5454296.000000,1754674200.0
1754674200.0,636.391296,637.645020,636.380005,637.219971,4767395.000000,1754677800.0
1754677800.0,637.219971,637.625000,637.039978,637.260010,6916473.000000,1754681400.0
1754681400.0,637.250000,637.270020,636.049988,637.119995,10353519.000000,1754685000.0
1754919000.0,637.460022,637.969971,636.880981,637.250122,10010287.000000,1754922600.0
1754922600.0,637.241882,637.429993,636.530029,637.090027,6845811.000000,1754926200.0
1754926200.0,637.094971,638.950012,636.789917,638.549988,6962281.000000,1754929800.0
1754929800.0,638.539978,638.609985,636.909973,637.184998,5191797.000000,1754933400.0
1754933400.0,637.179993,637.419983,636.280029,636.489990,6799051.000000,1754937000.0
1754937000.0,636.500000,636.879883,635.559998,636.262024,5281810.000000,1754940600.0
1754940600.0,636.250000,636.380005,634.659973,635.820007,12886949.000000,1754944200.0
1755005400.0,638.289978,639.870117,636.789978,639.289978,19075690.000000,1755009000.0
1755009000.0,639.289978,641.030029,638.859985,640.479980,9176908.000000,1755012600.0
1755012600.0,640.469971,641.500000,640.309998,641.379272,5834719.000000,1755016200.0
1755016200.0,641.390015,641.989990,641.369995,641.539978,4914317.000000,1755019800.0
1755019800.0,641.539978,642.614990,641.424988,642.219971,4664604.000000,1755023400.0
1755023400.0,642.229980,642.429993,641.974976,642.320007,5331434.000000,1755027000.0
1755027000.0,642.315002,642.849976,641.979980,642.630005,9756619.000000,1755030600.0
1755091800.0,644.909973,646.190002,643.989990,644.239990,13378184.000000,1755095400.0
1755095400.0,644.244995,644.405029,643.070007,643.669983,9260044.000000,1755099000.0
1755099000.0,643.669983,644.255005,643.229980,643.270020,7026688.000000,1755102600.0
1755102600.0,643.260010,643.700012,642.679993,643.640808,5106260.000000,1755106200.0
1755106200.0,643.640015,644.200012,642.775024,643.890015,4590614.000000,1755109800.0
1755109800.0,643.909973,644.729980,643.239990,644.289978,6159836.000000,1755113400.0
1755113400.0,644.294983,645.099976,643.909973,644.880005,9296664.000000,1755117000.0
1755178200.0,642.580017,644.614990,642.340027,644.239990,13825627.000000,1755181800.0
1755181800.0,644.250000,645.544983,642.960022,643.335022,7503723.000000,1755185400.0
1755185400.0,643.340027,644.219971,642.664978,643.090027,5881748.000000,1755189000.0
1755189000.0,643.090027,645.049988,642.984985,645.000671,4114991.000000,1755192600.0
1755192600.0,645.010010,645.059998,643.909973,644.085022,5216067.000000,1755196200.0
1755196200.0,644.070007,645.489990,643.950012,645.030029,7742378.000000,1755199800.0
1755199800.0,645.030029,645.619995,644.840027,644.940002,8472709.000000,1755203400.0
1755264600.0,645.989990,646.090027,643.210022,644.210022,12162781.000000,1755268200.0
1755268200.0,644.200012,644.330017,643.260010,643.478027,9248270.000000,1755271800.0
1755271800.0,643.469971,644.140015,642.520020,643.289978,7747193.000000,1755275400.0
1755275400.0,643.294983,644.295715,643.294983,644.165405,4942524.000000,1755279000.0
1755279000.0,644.159973,644.880005,643.979980,644.530029,8862040.000000,1755282600.0
1755282600.0,644.520020,644.640015,643.320007,643.799988,8106691.000000,1755286200.0
1755286200.0,643.799988,644.130005,643.130005,643.460022,8532061.000000,1755289800.0
1755523800.0,642.859985,643.934998,642.530029,643.000000,9848536.000000,1755527400.0
1755527400.0,642.989990,643.440002,642.299988,642.729980,5856330.000000,1755531000.0
1755531000.0,642.729980,643.280029,642.500000,643.119995,3443159.000000,1755534600.0
1755534600.0,643.123474,643.359985,642.179993,643.169006,3400901.000000,1755538200.0
1755538200.0,643.164978,643.815002,642.440002,642.760071,4506136.000000,1755541800.0
1755541800.0,642.784973,643.559998,642.780029,643.255005,5589096.000000,1755545400.0
1755545400.0,643.250000,644.000000,643.145020,643.280029,8151214.000000,1755549000.0
1755610200.0,642.989990,644.104980,642.030029,643.030029,12478851.000000,1755613800.0
1755613800.0,643.039978,643.539978,640.469971,641.609985,10924405.000000,1755617400.0
1755617400.0,641.609985,641.909973,640.169983,640.349976,6187042.000000,1755621000.0
1755621000.0,640.359985,640.625000,638.804993,639.719971,7507554.000000,1755624600.0
1755624600.0,639.710022,640.109985,638.820007,639.094971,5519143.000000,1755628200.0
1755628200.0,639.094971,639.280029,638.479980,639.205017,7754379.000000,1755631800.0
1755631800.0,639.210022,639.909973,638.715027,639.750000,10468558.000000,1755635400.0
1755696600.0,639.000000,639.119995,633.669983,633.919983,24685560.000000,1755700200.0
1755700200.0,633.940002,636.429993,632.950012,636.375000,12562982.000000,1755703800.0
1755703800.0,636.349976,637.475830,634.719971,637.420715,8669208.000000,1755707400.0
1755707400.0,637.424988,637.450012,635.929993,636.559998,5940364.000000,1755711000.0
1755711000.0,636.559998,637.960022,635.210022,635.830017,7667251.000000,1755714600.0
1755714600.0,635.831604,638.869873,635.750000,638.330017,9126921.000000,1755718200.0
1755718200.0,638.315002,639.059998,637.804993,638.039978,9710612.000000,1755721800.0
1755783000.0,636.280029,637.969971,634.309998,637.890015,12416961.000000,1755786600.0
1755786600.0,637.890015,637.900024,635.299988,636.690002,5577717.000000,1755790200.0
1755790200.0,636.700012,637.590027,634.960022,635.250000,5937020.000000,1755793800.0
1755793800.0,635.250000,636.000000,633.809998,634.434998,5224065.000000,1755797400.0
1755797400.0,634.429993,636.200012,634.339905,635.500000,5364166.000000,1755801000.0
1755801000.0,635.510010,636.520020,635.090027,635.940002,5218516.000000,1755804600.0
1755804600.0,635.950012,635.979980,635.080017,635.590027,8004140.000000,1755808200.0
1755869400.0,637.760010,645.549988,637.250000,644.109985,25591899.000000,1755873000.0
1755873000.0,644.133789,646.270020,644.130005,646.000000,12117378.000000,1755876600.0
1755876600.0,646.010010,646.500000,644.695007,644.780029,7643159.000000,1755880200.0
1755880200.0,644.780029,646.260010,644.294983,646.150024,5628178.000000,1755883800.0
1755883800.0,646.150024,646.400024,645.284973,645.385010,5609252.000000,1755887400.0
1755887400.0,645.440002,645.859985,645.052002,645.080017,7527169.000000,1755891000.0
1755891000.0,645.070007,645.455017,644.294983,645.239990,13845518.000000,1755894600.0
1756128600.0,644.020020,644.669983,643.409973,644.150024,11937754.000000,1756132200.0
1756132200.0,644.150024,645.049988,643.739990,644.909973,5727479.000000,1756135800.0
1756135800.0,644.909973,645.145020,644.505005,644.940002,4212366.000000,1756139400.0
1756139400.0,644.940002,645.289978,644.409973,644.669983,3794881.000000,1756143000.0
1756143000.0,644.659973,644.820007,643.940002,644.169983,4950572.000000,1756146600.0
1756146600.0,644.164978,644.280029,643.619995,643.690002,7546538.000000,1756150200.0
1756150200.0,643.690002,643.840027,642.349976,642.489990,8471951.000000,1756153800.0
1756215000.0,642.200012,643.270020,641.570007,643.080017,9832377.000000,1756218600.0
1756218600.0,643.065002,643.179993,642.294983,642.440002,4709146.000000,1756222200.0
1756222200.0,642.409973,643.549988,642.291382,643.330017,4191091.000000,1756225800.0
1756225800.0,643.330017,643.590027,642.890015,643.510010,2955455.000000,1756229400.0
1756229400.0,643.500000,643.580994,642.434998,643.510010,5431256.000000,1756233000.0
1756233000.0,643.520020,644.710083,643.510010,644.559998,8137023.000000,1756236600.0
1756236600.0,644.549988,645.510010,643.919983,645.130005,10252303.000000,1756240200.0
1756301400.0,644.489990,646.340027,644.419983,646.117126,9908632.000000,1756305000.0
1756305000.0,646.109985,646.539978,645.750000,646.299988,4474725.000000,1756308600.0
1756308600.0,646.299988,646.690002,645.479980,645.960022,4510996.000000,1756312200.0
1756312200.0,645.960022,646.549988,645.380005,646.445007,4911037.000000,1756315800.0
1756315800.0,646.450012,647.354980,646.440002,647.260010,4281351.000000,1756319400.0
1756319400.0,647.250000,647.309998,645.820007,646.655029,5967107.000000,1756323000.0
1756323000.0,646.650024,647.369995,646.599976,646.599976,6828910.000000,1756326600.0
1756387800.0,647.239990,648.090027,645.340027,645.955017,15334704.000000,1756391400.0
1756391400.0,645.979980,647.655823,645.940002,646.250000,7218273.000000,1756395000.0
1756395000.0,646.275024,648.419983,646.239990,648.150024,5870785.000000,1756398600.0
1756398600.0,648.150024,648.364990,647.450012,648.125000,4583085.000000,1756402200.0
1756402200.0,648.130005,648.679993,648.075012,648.645020,5164886.000000,1756405800.0
1756405800.0,648.650024,649.250000,648.630005,648.960022,6567008.000000,1756409400.0
1756409400.0,648.950012,649.479980,648.729980,648.859985,11559349.000000,1756413000.0
1756474200.0,647.489990,647.758118,643.630005,644.668823,18056576.000000,1756477800.0
1756477800.0,644.669983,645.109985,643.140015,644.409973,8072315.000000,1756481400.0
1756481400.0,644.159973,644.760010,643.710022,644.169983,4995959.000000,1756485000.0
1756485000.0,644.179993,645.039917,643.460022,644.000000,5000969.000000,1756488600.0
1756488600.0,644.000000,645.014221,643.840027,644.265015,5645077.000000,1756492200.0
1756492200.0,644.265015,644.989990,644.172119,644.580017,6544206.000000,1756495800.0
1756495800.0,644.580017,645.140015,643.760010,644.989990,16478161.000000,1756499400.0
1756819800.0,637.500000,640.140015,636.049988,639.469971,19841239.000000,1756823400.0
1756823400.0,639.450012,639.630005,636.169983,636.559998,8713902.000000,1756827000.0
1756827000.0,636.549988,636.567993,634.919983,635.609985,8002126.000000,1756830600.0
1756830600.0,635.609985,637.849976,635.609985,637.640015,6081795.000000,1756834200.0
1756834200.0,637.630005,639.034973,637.630005,637.726501,6123570.000000,1756837800.0
1756837800.0,637.719971,639.309998,637.320007,639.140015,6789582.000000,1756841400.0
1756841400.0,639.130005,640.489990,639.039978,640.330017,13815065.000000,1756845000.0
1756906200.0,642.609985,643.229980,641.590027,642.361206,15509152.000000,1756909800.0
1756909800.0,642.359985,644.210022,642.289978,642.429993,8968128.000000,1756913400.0
1756913400.0,642.460022,643.125000,641.994995,642.429993,6244990.000000,1756917000.0
1756917000.0,642.440002,642.849976,641.429993,642.270020,6400908.000000,1756920600.0
1756920600.0,642.260010,642.429993,640.539978,641.130005,7115928.000000,1756924200.0
1756924200.0,641.109985,641.280029,640.460022,641.020020,6094783.000000,1756927800.0
1756927800.0,641.039978,643.729980,641.010010,643.640015,13684347.000000,1756931400.0
1756992600.0,644.419983,645.299988,643.510010,644.880005,13047742.000000,1756996200.0
1756996200.0,644.869995,646.434998,644.840027,646.210815,8492829.000000,1756999800.0
1756999800.0,646.219971,646.590027,645.820007,645.950012,5301109.000000,1757003400.0
1757003400.0,645.940002,646.969971,645.809998,646.859314,4754315.000000,1757007000.0
1757007000.0,646.840027,647.609985,646.590027,647.229980,5264094.000000,1757010600.0
1757010600.0,647.229980,648.250000,647.080017,647.914978,6397166.000000,1757014200.0
1757014200.0,647.909973,649.150024,647.809998,648.989990,12484167.000000,1757017800.0
1757079000.0,651.609985,652.210022,646.049988,646.559998,22495703.000000,1757082600.0
1757082600.0,646.520020,646.659973,643.330017,646.205017,15432029.000000,1757086200.0
1757086200.0,646.210022,646.900024,645.289978,645.724976,9218240.000000,1757089800.0
1757089800.0,645.739990,646.549988,645.330017,645.849976,6516124.000000,1757093400.0
1757093400.0,645.869995,646.059998,644.609985,645.709900,6841807.000000,1757097000.0
1757097000.0,645.690002,647.409973,645.690002,647.109985,7957841.000000,1757100600.0
1757100600.0,647.119995,647.270020,646.150024,647.219971,10760405.000000,1757104200.0
1757338200.0,648.619995,649.059998,647.750000,648.770020,13481096.000000,1757341800.0
1757341800.0,648.755005,649.809998,648.659973,649.799988,7135597.000000,1757345400.0
1757345400.0,649.789978,649.840027,648.380005,648.630005,6038479.000000,1757349000.0
1757349000.0,648.630005,648.804993,647.780029,648.479980,4756519.000000,1757352600.0
1757352600.0,648.489929,648.679993,647.229980,648.395020,5100378.000000,1757356200.0
1757356200.0,648.390015,648.580017,647.335022,647.580017,6386745.000000,1757359800.0
1757359800.0,647.580017,648.880005,647.469971,648.799988,13039200.000000,1757363400.0
1757424600.0,648.950012,649.729980,648.429993,648.755005,11801878.000000,1757428200.0
1757428200.0,648.739990,648.835022,647.219971,648.770020,8956271.000000,1757431800.0
1757431800.0,648.760010,649.059998,648.039978,648.859985,5762849.000000,1757435400.0
1757435400.0,648.854980,649.799988,648.765015,649.565002,5588037.000000,1757439000.0
1757439000.0,649.565002,649.989990,649.479980,649.830017,5078696.000000,1757442600.0
1757442600.0,649.840027,650.140015,649.549988,650.065002,5862620.000000,1757446200.0
1757446200.0,650.065002,650.859985,649.695007,650.320007,8924328.000000,1757449800.0
1757511000.0,653.619995,654.549988,652.679993,653.940002,16823094.000000,1757514600.0
1757514600.0,653.909973,654.030029,652.460022,652.820007,13613736.000000,1757518200.0
1757518200.0,652.830017,653.630005,652.340088,652.635010,6593820.000000,1757521800.0
1757521800.0,652.640015,653.460022,652.109985,652.289978,5272581.000000,1757525400.0
1757525400.0,652.289978,652.719971,651.400024,651.690002,7186079.000000,1757529000.0
1757529000.0,651.690002,652.139893,650.630005,650.840027,8818529.000000,1757532600.0
1757532600.0,650.929993,652.700012,650.690002,652.224976,10906819.000000,1757536200.0
1757597400.0,654.219971,656.250000,653.590027,655.960022,16171940.000000,1757601000.0
1757601000.0,655.955017,657.590027,655.854980,657.419983,9213273.000000,1757604600.0
1757604600.0,657.419983,657.799988,656.640015,657.349976,7414883.000000,1757608200.0
1757608200.0,657.359985,657.554993,656.854980,657.119995,4417784.000000,1757611800.0
1757611800.0,657.114990,657.659973,657.010010,657.330017,6687601.000000,1757615400.0
1757615400.0,657.330017,657.830017,657.159973,657.760010,7191749.000000,1757619000.0
1757619000.0,657.750000,658.330017,657.465027,657.590027,11803102.000000,1757622600.0
1757683800.0,657.599976,658.200012,657.145020,657.969971,12826070.000000,1757687400.0
1757687400.0,657.960022,658.479980,657.619995,657.640015,6657943.000000,1757691000.0
1757691000.0,657.640015,658.059998,657.210022,658.049988,5222339.000000,1757694600.0
1757694600.0,658.049988,658.280029,657.650024,658.099976,4933029.000000,1757698200.0
1757698200.0,658.099976,658.565002,657.900024,658.505005,5524799.000000,1757701800.0
1757701800.0,658.505005,659.109985,658.070007,658.169983,10941027.000000,1757705400.0
1757705400.0,658.169983,658.330017,656.900024,657.400024,17151968.000000,1757709000.0
1757943000.0,659.640015,660.734985,659.479980,660.679993,13649223.000000,1757946600.0
1757946600.0,660.659973,661.039978,660.229980,660.359497,8066227.000000,1757950200.0
1757950200.0,660.349976,660.890076,660.239990,660.601990,5842420.000000,1757953800.0
1757953800.0,660.604980,660.879883,659.530029,659.750000,6631436.000000,1757957400.0
1757957400.0,659.739990,660.659973,659.700012,659.900024,6130503.000000,1757961000.0
1757961000.0,659.900024,660.159973,659.340027,660.070007,7749230.000000,1757964600.0
1757964600.0,660.070007,660.909973,659.760010,660.849976,10465177.000000,1757968200.0
1758029400.0,661.469971,661.780029,659.630005,659.945007,15146686.000000,1758033000.0
1758033000.0,659.940002,660.299988,659.390015,659.630005,7296988.000000,1758036600.0
1758036600.0,659.619995,659.960022,659.210022,659.905029,5532832.000000,1758040200.0
1758040200.0,659.900024,660.440002,659.479980,660.260010,4755497.000000,1758043800.0
1758043800.0,660.270020,660.405029,659.926697,660.190002,6623488.000000,1758047400.0
1758047400.0,660.200012,660.739990,660.030029,660.145020,5749803.000000,1758051000.0
1758051000.0,660.140015,660.659973,659.679993,659.929993,10301559.000000,1758054600.0
1758115800.0,660.010010,660.655029,659.090027,659.159973,12506869.000000,1758119400.0
1758119400.0,659.169983,659.669983,658.864990,658.940002,5950179.000000,1758123000.0
1758123000.0,658.945007,659.340027,658.729980,658.929993,4063655.000000,1758126600.0
1758126600.0,658.929993,658.984985,658.130005,658.645020,4722269.000000,1758130200.0
1758130200.0,658.650024,661.719971,657.130005,660.349976,15840689.000000,1758133800.0
1758133800.0,660.359985,660.679993,654.299988,660.184998,27740819.000000,1758137400.0
1758137400.0,660.200012,660.570007,658.500000,659.179993,12745726.000000,1758141000.0
1758202200.0,661.890015,664.489990,660.270020,664.400024,24244720.000000,1758205800.0
1758205800.0,664.380005,664.890015,662.599976,663.325012,12625429.000000,1758209400.0
1758209400.0,663.309998,663.940002,662.175110,663.460022,7237612.000000,1758213000.0
1758213000.0,663.460022,664.229980,663.265015,663.320007,8317397.000000,1758216600.0
1758216600.0,663.320007,663.450012,662.520020,662.775024,6144700.000000,1758220200.0
1758220200.0,662.780029,663.510010,662.340027,662.710022,10496656.000000,1758223800.0
1758223800.0,662.700012,663.039978,661.955017,662.289978,14777202.000000,1758227400.0
1758288600.0,662.330017,662.700012,661.320007,661.919983,17300683.000000,1758292200.0
1758292200.0,661.900024,662.210022,660.630005,660.760010,17767234.000000,1758295800.0
1758295800.0,660.739990,662.679993,660.369995,662.489990,7518824.000000,1758299400.0
1758299400.0,662.479980,662.760010,662.130005,662.479980,4839739.000000,1758303000.0
1758303000.0,662.479980,662.890015,662.325012,662.530029,6925276.000000,1758306600.0
1758306600.0,662.520020,664.049927,662.419983,663.799988,12608861.000000,1758310200.0
1758310200.0,663.789978,664.549988,663.385010,663.619995,14869578.000000,1758313800.0
1758547800.0,662.200012,664.140015,662.169983,664.080017,13884703.000000,1758551400.0
1758551400.0,664.070007,665.320007,663.895020,664.940002,8130257.000000,1758555000.0
1758555000.0,664.940002,665.929993,664.479980,665.844971,9505466.000000,1758558600.0
1758558600.0,665.844971,666.530029,665.789978,666.510010,6543543.000000,1758562200.0
1758562200.0,666.505005,666.780029,666.030029,666.565002,6971116.000000,1758565800.0
1758565800.0,666.570007,667.239990,666.460022,667.142029,5743352.000000,1758569400.0
1758569400.0,667.140015,667.289978,666.710022,666.780029,11300614.000000,1758573000.0
1758634200.0,666.719971,667.340027,666.359985,666.619995,13063179.000000,1758637800.0
1758637800.0,666.630005,666.760010,666.020020,666.150024,6214358.000000,1758641400.0
1758641400.0,666.150024,666.239990,664.969971,665.239990,9082129.000000,1758645000.0
1758645000.0,665.234985,665.840027,663.690002,663.708008,8996590.000000,1758648600.0
1758648600.0,663.700073,663.849976,662.034973,662.674988,12461158.000000,1758652200.0
1758652200.0,662.650024,663.319885,661.979980,662.369873,8850450.000000,1758655800.0
1758655800.0,662.369995,663.539978,662.289978,663.250000,11972191.000000,1758659400.0
1758720600.0,664.510010,664.609985,662.419983,663.210022,13639550.000000,1758724200.0
1758724200.0,663.190002,663.655029,662.400024,662.659973,6498506.000000,1758727800.0
1758727800.0,662.650024,662.684998,659.669983,660.909973,12123896.000000,1758731400.0
1758731400.0,660.919983,661.679993,660.400024,661.369995,5690222.000000,1758735000.0
1758735000.0,661.380005,661.799988,659.960022,660.385010,7757971.000000,1758738600.0
1758738600.0,660.390015,661.150024,660.260010,660.794983,5940362.000000,1758742200.0
1758742200.0,660.809998,661.380005,660.484985,661.030029,9069454.000000,1758745800.0
1758807000.0,657.940002,659.150024,655.080017,658.479980,23644624.000000,1758810600.0
1758810600.0,658.479980,659.099976,657.190002,657.460022,9814871.000000,1758814200.0
1758814200.0,657.460022,659.405579,657.460022,658.010010,8274490.000000,1758817800.0
1758817800.0,658.030029,658.979980,656.570007,657.294983,10272939.000000,1758821400.0
1758821400.0,657.280029,657.465027,654.405029,656.989990,12371948.000000,1758825000.0
1758825000.0,656.979980,658.155029,656.659973,657.450012,8568172.000000,1758828600.0
1758828600.0,657.450012,658.260010,657.039978,657.950012,8707290.000000,1758832200.0
1758893400.0,659.510010,662.369995,657.880005,658.781006,20562031.000000,1758897000.0
1758897000.0,658.789978,659.960022,658.049988,659.929993,7551046.000000,1758900600.0
1758900600.0,659.914978,660.760010,658.500000,660.453430,6363666.000000,1758904200.0
1758904200.0,660.449890,661.739990,660.070007,661.625000,5508795.000000,1758907800.0
1758907800.0,661.630005,662.020020,660.760010,661.724976,6617197.000000,1758911400.0
1758911400.0,661.739990,662.140015,661.299988,661.599976,5979841.000000,1758915000.0
1758915000.0,661.601990,661.950012,661.150024,661.729980,7834233.000000,1758918600.0
1759152600.0,664.359985,665.280029,663.724976,664.760010,15104673.000000,1759156200.0
1759156200.0,664.760010,665.169983,663.210022,663.530029,8385751.000000,1759159800.0
1759159800.0,663.539978,663.799988,662.840027,663.469971,8758148.000000,1759163400.0
1759163400.0,663.479980,663.700012,662.400024,662.559998,6030863.000000,1759167000.0
1759167000.0,662.570007,663.594971,662.190002,663.460022,6650786.000000,1759170600.0
1759170600.0,663.469971,663.580017,661.859985,662.645020,10539508.000000,1759174200.0
1759174200.0,662.640015,663.760010,662.609985,663.599976,11788604.000000,1759177800.0
1759239000.0,662.929993,663.551208,661.969299,662.857117,13066169.000000,1759242600.0
1759242600.0,662.849976,663.630005,661.609985,662.229980,8070430.000000,1759246200.0
1759246200.0,662.224976,664.052673,661.890015,663.405029,6960740.000000,1759249800.0
1759249800.0,663.409973,663.664978,661.780029,662.130005,5151325.000000,1759253400.0
1759253400.0,662.119995,664.030029,661.812012,663.880005,7590620.000000,1759257000.0
1759257000.0,663.869995,665.510010,663.599976,665.369995,9881494.000000,1759260600.0
1759260600.0,665.380005,666.650024,664.849976,666.090027,18846226.000000,1759264200.0
1759325400.0,663.169983,665.710022,663.059998,665.530029,18154671.000000,1759329000.0
1759329000.0,665.530029,666.440002,665.260010,666.309998,8646721.000000,1759332600.0
1759332600.0,666.309998,667.179993,666.309998,666.919983,7262678.000000,1759336200.0
1759336200.0,666.919983,668.090027,666.429993,667.969971,6252656.000000,1759339800.0
1759339800.0,667.979980,668.934998,667.604980,668.770020,6268760.000000,1759343400.0
1759343400.0,668.775024,669.369995,668.724976,669.125000,6834344.000000,1759347000.0
1759347000.0,669.119995,669.260010,668.489990,668.500000,10307010.000000,1759350600.0
1759411800.0,670.450012,670.565002,668.289978,668.711304,13815065.000000,1759415400.0
1759415400.0,668.719971,669.020020,667.020020,667.669983,7791031.000000,1759419000.0
1759419000.0,667.648804,668.419983,666.780029,668.138916,4921293.000000,1759422600.0
1759422600.0,668.130005,668.710022,667.549988,668.509888,4611526.000000,1759426200.0
1759426200.0,668.510010,669.669983,668.331909,669.580017,5242120.000000,1759429800.0
1759429800.0,669.580017,669.729980,669.219971,669.474976,5449532.000000,1759433400.0
1759433400.0,669.479980,669.489990,668.820007,669.150024,10026555.000000,1759437000.0
1759498200.0,669.989990,671.570007,669.929993,671.383179,11865676.000000,1759501800.0
1759501800.0,671.395020,672.280029,671.320007,671.771301,6954102.000000,1759505400.0
1759505400.0,671.770020,672.674988,671.349976,672.460022,5755756.000000,1759509000.0
1759509000.0,672.450012,672.544983,670.320007,670.330017,8819600.000000,1759512600.0
1759512600.0,670.330017,670.950012,668.159973,670.520020,14522789.000000,1759516200.0
1759516200.0,670.536987,670.684998,669.280029,669.619995,7959881.000000,1759519800.0
1759519800.0,669.609985,670.239990,668.780029,669.200012,8300782.000000,1759523400.0
1759757400.0,671.619995,671.650024,669.455017,670.515015,15655077.000000,1759761000.0
1759761000.0,670.515015,671.375000,670.145020,671.150024,6383341.000000,1759764600.0
1759764600.0,671.150024,671.924988,671.044983,671.820679,5241048.000000,1759768200.0
1759768200.0,671.830017,672.320007,671.330017,672.059998,4672135.000000,1759771800.0
1759771800.0,672.080017,672.469971,671.789978,672.239990,5141450.000000,1759775400.0
1759775400.0,672.248413,672.510010,671.650024,671.755005,5150909.000000,1759779000.0
1759779000.0,671.750000,672.090027,671.539978,671.580017,7648168.000000,1759782600.0
1759843800.0,672.539978,672.989990,671.260010,671.270020,11873049.000000,1759847400.0
1759847400.0,671.275024,671.690002,668.809998,669.289978,16047849.000000,1759851000.0
1759851000.0,669.280029,669.400024,667.669983,668.400024,14096923.000000,1759854600.0
1759854600.0,668.400024,669.539978,668.130005,668.989990,6479381.000000,1759858200.0
1759858200.0,668.919983,669.190002,667.809998,668.629578,5017731.000000,1759861800.0
1759861800.0,668.625000,669.140015,668.530029,668.570007,4651374.000000,1759865400.0
1759865400.0,668.570007,669.400024,668.549988,669.130005,7511055.000000,1759869000.0
1759930200.0,670.250000,671.960022,669.419983,671.890015,14327924.000000,1759933800.0
1759933800.0,671.885010,672.729980,671.340027,672.544983,8297307.000000,1759937400.0
1759937400.0,672.539978,673.098511,672.359985,672.640015,5306939.000000,1759941000.0
1759941000.0,672.640015,673.030029,672.229980,672.895020,3676009.000000,1759944600.0
1759944600.0,672.895020,673.140015,672.469971,672.799988,6051176.000000,1759948200.0
1759948200.0,672.809998,673.010010,672.150024,672.895020,6435076.000000,1759951800.0
1759951800.0,672.890015,673.205627,672.659973,673.039978,8920441.000000,1759955400.0
1760016600.0,673.530029,673.940002,671.119995,671.224976,15147011.000000,1760020200.0
1760020200.0,671.229980,671.851013,669.969971,670.750000,9564888.000000,1760023800.0
1760023800.0,670.750000,671.580017,669.989990,670.965027,5923568.000000,1760027400.0
1760027400.0,670.969971,671.125000,669.340027,669.468811,6897227.000000,1760031000.0
1760031000.0,669.460022,670.380005,669.210022,669.820007,5446757.000000,1760034600.0
1760034600.0,669.809998,670.669983,669.518494,670.510010,6268770.000000,1760038200.0
1760038200.0,670.510010,671.260010,670.440002,671.190002,10149816.000000,1760041800.0
1760103000.0,672.130005,673.950012,671.799988,672.570007,13260158.000000,1760106600.0
1760106600.0,672.590027,673.065002,661.929993,662.440002,36483123.000000,1760110200.0
1760110200.0,662.440002,664.090027,659.469971,661.570007,29203197.000000,1760113800.0
1760113800.0,661.580017,662.755615,657.739990,659.780029,14381583.000000,1760117400.0
1760117400.0,659.770020,660.929993,658.640015,659.099976,10836324.000000,1760121000.0
1760121000.0,659.099976,659.510010,655.510010,655.989990,15751204.000000,1760124600.0
1760124600.0,656.010010,656.809998,652.840027,653.109985,21676584.000000,1760128200.0
1760362200.0,660.650024,663.229980,659.799988,660.849976,24424144.000000,1760365800.0
1760365800.0,660.880005,662.849976,659.767883,662.719971,10043849.000000,1760369400.0
1760369400.0,662.719971,665.130005,662.229980,663.489990,8366147.000000,1760373000.0
1760373000.0,663.484985,664.609985,662.914978,663.119995,6822830.000000,1760376600.0
1760376600.0,663.130005,664.049988,662.369995,663.940002,4946834.000000,1760380200.0
1760380200.0,663.934998,664.270020,661.679993,662.819275,8823369.000000,1760383800.0
1760383800.0,662.799988,663.650024,662.630005,663.049988,9545246.000000,1760387400.0
1760448600.0,657.169983,659.909973,653.169983,659.789978,23138635.000000,1760452200.0
1760452200.0,659.780029,661.109985,659.040771,659.674988,9588837.000000,1760455800.0
1760455800.0,659.679993,663.960022,659.640015,663.635010,9877089.000000,1760459400.0
1760459400.0,663.640015,665.640015,663.570007,665.349976,8813731.000000,1760463000.0
1760463000.0,665.340027,665.830017,664.390015,665.119995,5560954.000000,1760466600.0
1760466600.0,665.109985,665.359985,664.452026,664.789978,5388867.000000,1760470200.0
1760470200.0,664.789978,664.799988,660.280029,662.200012,19606185.000000,1760473800.0
1760535000.0,666.820007,670.229980,666.049988,669.609985,17433368.000000,1760538600.0
1760538600.0,669.630005,669.895020,667.650024,667.710022,5999554.000000,1760542200.0
1760542200.0,667.690002,667.840027,663.914978,665.590027,11444331.000000,1760545800.0
1760545800.0,665.580017,665.760010,658.929993,660.859985,12909879.000000,1760549400.0
1760549400.0,660.890015,664.909973,660.700012,664.310974,7507498.000000,1760553000.0
1760553000.0,664.320007,665.836487,664.190002,665.359985,6421466.000000,1760556600.0
1760556600.0,665.369995,665.460022,663.250000,665.080017,13960458.000000,1760560200.0
1760621400.0,666.820007,668.080017,665.419983,666.929993,16329797.000000,1760625000.0
1760625000.0,666.950012,668.710022,665.469971,665.815002,10033189.000000,1760628600.0
1760628600.0,665.809998,666.780029,662.289978,662.469971,12944749.000000,1760632200.0
1760632200.0,662.479980,664.260010,659.330017,663.504028,19064371.000000,1760635800.0
1760635800.0,663.510010,664.000000,657.450012,658.385010,13512845.000000,1760639400.0
1760639400.0,658.390015,660.929871,657.109985,658.909973,14584616.000000,1760643000.0
1760643000.0,658.919983,661.250000,658.140015,660.669983,14019337.000000,1760646600.0
1760707800.0,659.500000,663.715027,658.229980,662.309998,25472776.000000,1760711400.0
1760711400.0,662.309998,662.400024,658.510010,659.419983,14665976.000000,1760715000.0
1760715000.0,659.440002,663.359985,658.140015,663.109985,10154976.000000,1760718600.0
1760718600.0,663.130005,663.635010,660.549988,661.190002,6951317.000000,1760722200.0
1760722200.0,661.159973,665.039978,660.710022,664.630005,8819016.000000,1760725800.0
1760725800.0,664.650024,665.755005,664.030029,665.130005,8491669.000000,1760729400.0
1760729400.0,665.130005,665.130005,664.030029,664.320007,10296849.000000,1760733000.0
1760967000.0,667.320007,670.390015,667.270020,670.265015,13682235.000000,1760970600.0
1760970600.0,670.260010,671.460022,669.809998,670.919983,8249861.000000,1760974200.0
1760974200.0,670.929993,671.309998,670.159973,670.809998,7691863.000000,1760977800.0
1760977800.0,670.804993,672.010010,670.299988,671.609924,4774133.000000,1760981400.0
1760981400.0,671.609985,672.210022,671.544983,671.841370,4078188.000000,1760985000.0
1760985000.0,671.849976,672.030029,671.174988,671.710022,5444832.000000,1760988600.0
1760988600.0,671.719971,672.099976,671.200012,671.260010,8971962.000000,1760992200.0
1761053400.0,671.440002,671.900024,669.981018,670.599976,11806908.000000,1761057000.0
1761057000.0,670.590027,672.731323,670.260010,671.900024,9463513.000000,1761060600.0
1761060600.0,671.900024,672.690002,671.400024,672.630005,5766149.000000,1761064200.0
1761064200.0,672.650024,672.989990,670.760010,671.609985,7703827.000000,1761067800.0
1761067800.0,671.625000,672.520020,671.250000,672.280029,4486077.000000,1761071400.0
1761071400.0,672.280029,672.429993,671.690002,671.905029,4864153.000000,1761075000.0
1761075000.0,671.900024,672.400024,671.159973,671.250000,6694212.000000,1761078600.0
1761139800.0,672.000000,672.000000,669.325012,669.429993,10333100.000000,1761143400.0
1761143400.0,669.450012,670.409973,667.599976,667.849976,11308219.000000,1761147000.0
1761147000.0,667.859985,669.765015,667.150024,667.619995,6656966.000000,1761150600.0
1761150600.0,667.590027,668.219971,664.010010,665.419983,15215927.000000,1761154200.0
1761154200.0,665.409973,666.200012,663.299988,665.673096,9837181.000000,1761157800.0
1761157800.0,665.659973,667.640015,665.049988,667.429993,10281771.000000,1761161400.0
1761161400.0,667.420105,668.359985,667.299988,667.809998,10558184.000000,1761165000.0
1761226200.0,668.119995,670.739990,667.799988,669.400024,13386251.000000,1761229800.0
1761229800.0,669.400024,670.390015,668.989990,670.039978,6176978.000000,1761233400.0
1761233400.0,670.030029,671.080017,668.729980,670.539978,5485990.000000,1761237000.0
1761237000.0,670.539978,671.650024,670.400024,671.010010,6176660.000000,1761240600.0
1761240600.0,671.015015,672.549988,670.990295,672.489990,6679689.000000,1761244200.0
1761244200.0,672.484985,672.710083,672.270020,672.450989,7558689.000000,1761247800.0
1761247800.0,672.450012,672.450012,671.299988,671.609985,11964817.000000,1761251400.0
1761312600.0,676.460022,677.940002,675.650024,676.780029,15088350.000000,1761316200.0
1761316200.0,676.760010,678.380005,675.909973,678.150024,9123041.000000,1761319800.0
1761319800.0,678.190002,678.460022,677.469971,677.885010,6316492.000000,1761323400.0
1761323400.0,677.890015,678.245178,677.210022,678.059998,4618665.000000,1761327000.0
1761327000.0,678.052002,678.429993,677.869995,678.169983,3849094.000000,1761330600.0
1761330600.0,678.159973,678.469971,677.750000,678.242004,5141529.000000,1761334200.0
1761334200.0,678.239990,678.270020,676.765015,677.109985,14980081.000000,1761337800.0
1761571800.0,682.729980,683.609985,682.114990,683.030029,14388923.000000,1761575400.0
1761575400.0,683.030029,683.369995,682.549988,683.359985,6305695.000000,1761579000.0
1761579000.0,683.359985,683.780029,683.200012,683.500000,5122235.000000,1761582600.0
1761582600.0,683.510010,683.880005,683.169983,683.439880,4548864.000000,1761586200.0
1761586200.0,683.440002,683.989990,683.315002,683.849976,5052167.000000,1761589800.0
1761589800.0,683.854980,684.289978,683.854980,684.229980,6131972.000000,1761593400.0
1761593400.0,684.229980,685.539978,684.184998,685.190002,13299437.000000,1761597000.0
1761658200.0,687.049988,687.224976,685.119995,686.130005,11751742.000000,1761661800.0
1761661800.0,686.119995,686.369995,685.369995,685.530029,6552327.000000,1761665400.0
1761665400.0,685.520020,686.224487,684.830017,686.182007,4795708.000000,1761669000.0
1761669000.0,686.179993,688.320007,686.059998,687.010010,6949015.000000,1761672600.0
1761672600.0,687.020020,688.400024,686.875000,688.051025,5511839.000000,1761676200.0
1761676200.0,688.054993,688.905029,687.780029,688.690002,7446727.000000,1761679800.0
1761679800.0,688.700012,688.710022,686.905029,686.979980,11437551.000000,1761683400.0
1761744600.0,688.719971,689.700012,688.150024,688.979980,13854605.000000,1761748200.0
1761748200.0,688.979980,689.110107,687.809998,688.309998,11165854.000000,1761751800.0
1761751800.0,688.320007,688.530029,687.590027,688.469971,7199840.000000,1761755400.0
1761755400.0,688.469971,688.809998,687.739990,687.929993,3626569.000000,1761759000.0
1761759000.0,687.890015,688.940002,687.330017,688.010010,6768542.000000,1761762600.0
1761762600.0,688.000000,688.719971,682.869995,685.429993,23454876.000000,1761766200.0
1761766200.0,685.390015,687.359985,684.049988,687.299988,11501712.000000,1761769800.0
1761831000.0,683.900024,685.940002,681.390015,683.469971,18837297.000000,1761834600.0
1761834600.0,683.460022,685.719971,683.409973,684.799988,6813187.000000,1761838200.0
1761838200.0,684.799988,685.150024,683.010010,684.929993,6261673.000000,1761841800.0
1761841800.0,684.950012,684.950012,683.070007,684.400024,5035455.000000,1761845400.0
1761845400.0,684.400024,684.640015,682.539978,682.940002,6153682.000000,1761849000.0
1761849000.0,682.929993,683.489990,680.340027,681.280029,9536437.000000,1761852600.0
1761852600.0,681.289978,681.984985,679.859985,679.969971,13490572.000000,1761856200.0
1761917400.0,685.039978,685.080017,682.210022,683.250000,14350210.000000,1761921000.0
1761921000.0,683.239990,684.750000,683.090027,683.739990,6749024.000000,1761924600.0
1761924600.0,683.750000,684.179993,680.510010,681.770020,11407525.000000,1761928200.0
1761928200.0,681.760010,682.450012,679.239990,679.789978,7940723.000000,1761931800.0
1761931800.0,679.799988,682.440002,679.429993,682.309998,7245133.000000,1761935400.0
1761935400.0,682.320007,684.280029,681.729980,684.109985,8229578.000000,1761939000.0
1761939000.0,684.090027,684.799988,681.929993,681.974976,19675444.000000,1761942600.0
1762180200.0,685.669983,685.799988,680.239990,680.460022,15033447.000000,1762183800.0
1762183800.0,680.450012,682.859985,679.940002,682.050110,6734250.000000,1762187400.0
1762187400.0,682.059998,683.900024,681.950012,682.747986,4962814.000000,1762191000.0
1762191000.0,682.750000,684.210022,682.729980,683.630005,3456101.000000,1762194600.0
1762194600.0,683.640015,684.229980,683.080017,683.260010,4071677.000000,1762198200.0
1762198200.0,683.250000,683.655029,682.580017,683.130005,6422260.000000,1762201800.0
1762201800.0,683.140015,683.380005,682.450012,683.349976,9788794.000000,1762205400.0
1762266600.0,676.109985,679.645020,674.669983,679.320007,17674626.000000,1762270200.0
1762270200.0,679.320007,679.960022,677.559998,678.200012,7140950.000000,1762273800.0
1762273800.0,678.210022,678.630005,675.679993,676.929993,7361680.000000,1762277400.0
1762277400.0,676.929993,677.250000,674.979980,675.250000,6018757.000000,1762281000.0
1762281000.0,675.250000,676.679993,674.710022,676.294983,8127022.000000,1762284600.0
1762284600.0,676.289978,676.375000,674.580017,675.960022,9265368.000000,1762288200.0
1762288200.0,675.969971,676.534973,674.614990,675.340027,14041781.000000,1762291800.0
1762353000.0,674.979980,678.090027,674.169983,677.440002,16529139.000000,1762356600.0
1762356600.0,677.434998,678.398499,676.760010,678.289978,7754225.000000,1762360200.0
1762360200.0,678.270020,680.099976,678.085022,680.045898,6475145.000000,1762363800.0
1762363800.0,680.049988,680.859924,679.940002,680.409973,6079943.000000,1762367400.0
1762367400.0,680.400024,680.859985,679.739990,680.210022,4969954.000000,1762371000.0
1762371000.0,680.210022,680.520020,679.669983,679.760010,6145774.000000,1762374600.0
1762374600.0,679.760010,679.864990,677.400024,677.500000,13994312.000000,1762378200.0
1762439400.0,676.469971,677.380005,672.520020,674.539917,16428944.000000,1762443000.0
1762443000.0,674.539978,674.669983,670.219971,671.409973,13018591.000000,1762446600.0
1762446600.0,671.409973,671.409973,668.719971,669.585022,8873590.000000,1762450200.0
1762450200.0,669.580017,671.580017,669.130005,670.960022,7639737.000000,1762453800.0
1762453800.0,670.940002,673.525024,670.909973,673.400024,6920127.000000,1762457400.0
1762457400.0,673.390015,673.700012,672.030029,672.320007,7663822.000000,1762461000.0
1762461000.0,672.309998,672.719971,669.530029,670.239990,14641776.000000,1762464600.0
1762525800.0,667.909973,667.979980,663.969971,665.929993,21982631.000000,1762529400.0
1762529400.0,665.914978,666.309998,662.250000,662.825012,14548847.000000,1762533000.0
1762533000.0,662.820007,664.275024,661.205017,663.575012,10693271.000000,1762536600.0
1762536600.0,663.520020,665.575012,662.010010,665.309998,7717916.000000,1762540200.0
1762540200.0,665.299988,666.679993,664.219971,666.450012,8683895.000000,1762543800.0
1762543800.0,666.479980,670.030029,666.479980,668.664978,16350929.000000,1762547400.0
1762547400.0,668.659973,671.080017,668.659973,670.919983,11413721.000000,1762551000.0
1762785000.0,677.234985,679.219971,677.030029,678.859985,17208872.000000,1762788600.0
1762788600.0,678.869995,678.989990,675.239990,675.554993,10399188.000000,1762792200.0
1762792200.0,675.549988,677.849976,675.030029,677.465027,6587134.000000,1762795800.0
1762795800.0,677.465027,680.049988,677.465027,679.474976,6811816.000000,1762799400.0
1762799400.0,679.500000,680.955505,679.494995,680.781494,5329387.000000,1762803000.0
1762803000.0,680.780029,682.080017,680.539978,681.309998,8583825.000000,1762806600.0
1762806600.0,681.299988,682.179993,681.030029,681.320007,11349351.000000,1762810200.0
1762871400.0,679.950012,680.844971,678.820007,679.455017,9949914.000000,1762875000.0
1762875000.0,679.450012,680.739990,678.729980,679.320007,5909568.000000,1762878600.0
1762878600.0,679.359985,681.390015,678.760010,681.030579,5143141.000000,1762882200.0
1762882200.0,681.049988,683.239990,680.950012,682.909973,5550886.000000,1762885800.0
1762885800.0,682.909973,683.320007,682.159973,683.130005,6015353.000000,1762889400.0
1762889400.0,683.140015,683.549988,682.710022,682.900024,8298060.000000,1762893000.0
1762893000.0,682.900024,683.570007,682.294983,682.869995,10392745.000000,1762896600.0
1762957800.0,684.789978,684.960022,682.809998,683.195007,12108358.000000,1762961400.0
1762961400.0,683.200012,683.259888,681.140015,682.409973,7131687.000000,1762965000.0
1762965000.0,682.400024,683.010010,680.945007,682.469971,6594287.000000,1762968600.0
1762968600.0,682.469971,683.929993,682.380005,683.494995,5314215.000000,1762972200.0
1762972200.0,683.500000,684.149902,682.479980,682.729980,5227355.000000,1762975800.0
1762975800.0,682.739990,683.409912,682.091980,683.340027,7436572.000000,1762979400.0
1762979400.0,683.340027,684.070007,682.661621,683.284973,10875825.000000,1762983000.0
1763044200.0,680.500000,680.859985,677.530029,678.940002,15197774.000000,1763047800.0
1763047800.0,678.950012,679.030029,674.960022,675.729980,13069959.000000,1763051400.0
1763051400.0,675.719971,676.619995,674.219971,675.919983,10409918.000000,1763055000.0
1763055000.0,675.900024,676.500000,672.594971,672.830017,9175823.000000,1763058600.0
1763058600.0,672.820007,673.549988,671.520020,673.539978,12030527.000000,1763062200.0
1763062200.0,673.510010,673.630005,670.520020,671.630005,12889539.000000,1763065800.0
1763065800.0,671.619995,673.020020,670.760010,672.049988,15287085.000000,1763069400.0
1763130600.0,665.380005,669.960022,663.265015,669.789978,25943449.000000,1763134200.0
1763134200.0,669.780029,674.869995,669.159973,674.395020,16892603.000000,1763137800.0
1763137800.0,674.400024,675.640015,672.760010,675.049988,8106653.000000,1763141400.0
1763141400.0,675.054993,675.659973,672.140015,673.130005,9745100.000000,1763145000.0
1763145000.0,673.109985,674.440002,671.489990,674.019897,9663134.000000,1763148600.0
1763148600.0,674.020020,675.119995,672.210022,672.645020,9331407.000000,1763152200.0
1763152200.0,672.640015,673.109985,671.169983,671.950012,10575754.000000,1763155800.0
1763389800.0,669.000000,673.710022,668.950012,672.059998,14885512.000000,1763393400.0
1763393400.0,672.039978,672.369995,667.770020,670.474976,11859278.000000,1763397000.0
1763397000.0,670.479980,673.000000,670.372009,672.310120,6729432.000000,1763400600.0
1763400600.0,672.330017,672.590027,668.219971,668.710022,7123778.000000,1763404200.0
1763404200.0,668.700012,669.909973,664.969971,665.839478,10600848.000000,1763407800.0
1763407800.0,665.830017,666.141479,662.169983,663.739990,15165730.000000,1763411400.0
1763411400.0,663.760010,665.780029,663.094971,665.690002,14471246.000000,1763415000.0
1763476200.0,662.094971,664.260010,656.799988,659.085022,30082907.000000,1763479800.0
1763479800.0,659.080017,661.869995,655.859985,661.575012,17955093.000000,1763483400.0
1763483400.0,661.559998,662.369995,658.559998,658.619995,10239073.000000,1763487000.0
1763487000.0,658.609985,664.460022,657.909973,663.330017,11883583.000000,1763490600.0
1763490600.0,663.349976,665.119995,662.570007,662.929993,9178711.000000,1763494200.0
1763494200.0,662.929993,664.960022,661.500000,662.419983,11299181.000000,1763497800.0
1763497800.0,662.419983,662.780029,660.000000,660.140015,16397145.000000,1763501400.0
1763562600.0,660.780029,667.340027,660.109985,666.250000,18990342.000000,1763566200.0
1763566200.0,666.270020,666.554504,661.280029,662.010010,12743869.000000,1763569800.0
1763569800.0,662.020020,662.979980,660.229980,661.169983,9632018.000000,1763573400.0
1763573400.0,661.179993,662.619995,658.744995,661.020081,11136653.000000,1763577000.0
1763577000.0,661.010010,663.330017,659.479980,659.799988,9746101.000000,1763580600.0
1763580600.0,659.789978,664.400024,659.330017,663.500000,10552435.000000,1763584200.0
1763584200.0,663.500000,664.760010,661.739990,662.650024,10568754.000000,1763587800.0
1763649000.0,672.909973,675.409973,672.469971,674.830017,22654072.000000,1763652600.0
1763652600.0,674.830017,675.559998,667.419983,667.900024,18452670.000000,1763656200.0
1763656200.0,667.890015,668.169983,656.599976,658.570007,35358991.000000,1763659800.0
1763659800.0,658.549988,661.969971,655.450012,659.580017,23036996.000000,1763663400.0
1763663400.0,659.549988,660.000000,653.859985,657.010010,15966030.000000,1763667000.0
1763667000.0,656.979980,658.250000,655.210022,656.200012,16777503.000000,1763670600.0
1763670600.0,656.200012,656.559998,651.890015,652.530029,20340933.000000,1763674200.0
1763735400.0,655.049988,656.469971,652.340027,653.080017,27153970.000000,1763739000.0
1763739000.0,653.090027,655.969971,650.849976,655.929993,15869531.000000,1763742600.0
1763742600.0,655.929993,661.190002,655.219971,660.380005,17590697.000000,1763746200.0
1763746200.0,660.382507,661.511780,656.880005,658.359985,10519402.000000,1763749800.0
1763749800.0,658.349976,664.549988,658.000000,664.229980,13617205.000000,1763753400.0
1763753400.0,664.210022,664.520020,659.619995,659.630005,13077513.000000,1763757000.0
1763757000.0,659.599976,661.250000,658.229980,659.059998,15592909.000000,1763760600.0
1763994600.0,662.690002,665.780029,661.590027,665.544983,16982668.000000,1763998200.0
1763998200.0,665.510010,668.390015,664.950012,667.969971,9552325.000000,1764001800.0
1764001800.0,667.960022,668.489685,666.900024,668.185608,5776808.000000,1764005400.0
1764005400.0,668.179993,669.750000,667.940002,669.190002,5577341.000000,1764009000.0
1764009000.0,669.179993,669.809998,668.690002,668.899902,4862184.000000,1764012600.0
1764012600.0,668.900024,669.489990,667.869995,668.940002,7710472.000000,1764016200.0
1764016200.0,668.929993,670.059998,668.609985,668.809998,14162369.000000,1764019800.0
1764081000.0,668.630005,669.979980,664.479980,668.580017,19859510.000000,1764084600.0
1764084600.0,668.539978,671.070007,668.440002,670.419983,10317324.000000,1764088200.0
1764088200.0,670.409973,673.880005,670.219971,673.320007,8602231.000000,1764091800.0
1764091800.0,673.309998,674.375000,673.150024,674.025024,8248616.000000,1764095400.0
1764095400.0,674.030029,674.400024,672.700012,673.320007,6288333.000000,1764099000.0
1764099000.0,673.320007,674.789978,672.440002,674.500000,8435426.000000,1764102600.0
1764102600.0,674.510010,676.210022,674.455017,675.000000,10722148.000000,1764106200.0
1764167400.0,677.630005,679.479980,676.719971,678.130005,14605661.000000,1764171000.0
1764171000.0,678.150024,680.869995,678.060608,680.530029,7740362.000000,1764174600.0
1764174600.0,680.530029,681.690002,680.289978,680.940002,6971969.000000,1764178200.0
1764178200.0,680.940002,681.700012,679.750000,681.109985,6534291.000000,1764181800.0
1764181800.0,681.114990,681.289978,679.590027,681.239990,7179405.000000,1764185400.0
1764185400.0,681.250000,681.590027,680.489990,681.200012,8892712.000000,1764189000.0
1764189000.0,681.200012,681.400024,679.619995,679.630005,12247255.000000,1764192600.0
1764340200.0,680.859985,682.320007,680.500000,681.690002,9771492.000000,1764343800.0
1764343800.0,681.690002,682.940002,681.609985,682.150024,8375543.000000,1764347400.0
1764347400.0,682.159973,683.000000,681.799988,682.315002,9614422.000000,1764351000.0
1764599400.0,678.809998,681.859985,678.739990,679.830017,13905746.000000,1764603000.0
1764603000.0,679.840027,681.830017,678.840027,681.079895,6028113.000000,1764606600.0
1764606600.0,681.080017,682.510010,681.070007,682.010010,3969382.000000,1764610200.0
1764610200.0,682.000000,682.789978,681.729980,682.479980,3158793.000000,1764613800.0
1764613800.0,682.500000,682.989990,680.479980,680.599976,6003075.000000,1764617400.0
1764617400.0,680.604980,681.094971,679.820007,680.729980,6447261.000000,1764621000.0
1764621000.0,680.719971,681.070007,679.375000,680.270020,15182014.000000,1764624600.0
1764685800.0,681.919983,683.280029,681.419983,681.580017,10356591.000000,1764689400.0
1764689400.0,681.590027,683.820007,679.669983,680.010010,10830478.000000,1764693000.0
1764693000.0,679.969971,682.650024,679.327515,682.440002,6538218.000000,1764696600.0
1764696600.0,682.440002,682.840027,679.929993,681.039978,5105694.000000,1764700200.0
1764700200.0,681.030029,681.940002,680.219971,681.390015,5297198.000000,1764703800.0
1764703800.0,681.369995,682.700012,681.299988,682.505005,7600401.000000,1764707400.0
1764707400.0,682.500000,682.880005,681.369995,681.479980,9477732.000000,1764711000.0
1764772200.0,680.570007,682.340027,679.690002,681.679993,12869639.000000,1764775800.0
1764775800.0,681.650024,682.989990,681.329895,682.385010,6854134.000000,1764779400.0
1764779400.0,682.385010,683.700012,681.609985,683.559998,5419356.000000,1764783000.0
1764783000.0,683.549988,684.184998,683.250000,683.909973,6141586.000000,1764786600.0
1764786600.0,683.929993,684.500000,683.786621,684.330017,3990140.000000,1764790200.0
1764790200.0,684.330017,684.909973,684.164978,684.522705,5891735.000000,1764793800.0
1764793800.0,684.525024,684.619995,683.549988,683.809998,10644210.000000,1764797400.0
1764858600.0,685.299988,685.349976,682.169983,683.594971,11590647.000000,1764862200.0
1764862200.0,683.590027,684.559998,682.210022,683.351318,8154207.000000,1764865800.0
1764865800.0,683.309998,684.580017,682.859985,684.020020,7353310.000000,1764869400.0
1764869400.0,684.030029,684.770020,683.465027,684.677429,4336100.000000,1764873000.0
1764873000.0,684.669983,684.750000,681.340027,682.179993,8069626.000000,1764876600.0
1764876600.0,682.190002,683.960022,681.989990,682.750122,8650057.000000,1764880200.0
1764880200.0,682.760010,684.580017,682.700012,684.400024,8206285.000000,1764883800.0
1764945000.0,685.469971,688.299988,685.320007,687.885010,13837995.000000,1764948600.0
1764948600.0,687.880005,688.390015,685.700012,685.956177,8794470.000000,1764952200.0
1764952200.0,685.950012,686.640015,685.020020,685.390015,6340974.000000,1764955800.0
1764955800.0,685.409973,686.705017,684.580017,686.549988,5634666.000000,1764959400.0
1764959400.0,686.559998,686.969971,685.639893,685.929993,4635876.000000,1764963000.0
1764963000.0,685.940002,686.380005,685.570007,686.005005,6056846.000000,1764966600.0
1764966600.0,686.000000,686.030029,684.599976,685.650024,10465385.000000,1764970200.0
1765204200.0,686.590027,686.640015,683.872375,684.554993,10541207.000000,1765207800.0
1765207800.0,684.539978,685.049988,682.909973,684.090027,6963326.000000,1765211400.0
1765211400.0,684.080017,684.119995,682.190002,682.690002,4548960.000000,1765215000.0
1765215000.0,682.690002,684.400024,682.599976,682.830017,5260514.000000,1765218600.0
1765218600.0,682.830017,683.145020,681.570007,682.244995,6499904.000000,1765222200.0
1765222200.0,682.229980,682.820007,682.150024,682.640015,5556456.000000,1765225800.0
1765225800.0,682.640015,683.760010,682.059998,683.650024,9644429.000000,1765229400.0
1765290600.0,683.150024,684.940002,682.820007,684.215027,10831407.000000,1765294200.0
1765294200.0,684.200012,685.340027,683.585022,684.809998,5885774.000000,1765297800.0
1765297800.0,684.809998,685.385010,684.270020,684.650024,5114825.000000,1765301400.0
1765301400.0,684.650024,684.859924,683.619995,684.239990,5488085.000000,1765305000.0
1765305000.0,684.239990,684.344971,683.349976,683.729980,4540893.000000,1765308600.0
1765308600.0,683.729980,683.852600,683.200012,683.325012,5717928.000000,1765312200.0
1765312200.0,683.320007,683.609985,682.590027,683.049988,10786428.000000,1765315800.0
1765377000.0,682.559998,683.460022,681.309998,682.989990,11127344.000000,1765380600.0
1765380600.0,682.989990,683.869995,681.450012,683.719971,7777586.000000,1765384200.0
1765384200.0,683.719971,683.840027,682.950012,683.140015,4298104.000000,1765387800.0
1765387800.0,683.119995,684.219971,682.700012,682.890015,4107732.000000,1765391400.0
1765391400.0,682.880005,685.739990,682.445007,684.210022,11729116.000000,1765395000.0
1765395000.0,684.210022,688.830017,683.359985,688.119995,21784541.000000,1765398600.0
1765398600.0,688.099976,688.969971,687.219971,687.460022,13911490.000000,1765402200.0
1765463400.0,685.140015,686.799500,682.164978,686.260010,19263281.000000,1765467000.0
1765467000.0,686.270020,686.450012,684.070007,684.604980,8977768.000000,1765470600.0
1765470600.0,684.609985,687.909973,684.539978,687.354980,9752576.000000,1765474200.0
1765474200.0,687.349976,688.190002,686.979980,687.625000,6497988.000000,1765477800.0
1765477800.0,687.619995,688.789978,687.299988,688.679993,6957164.000000,1765481400.0
1765481400.0,688.679993,689.250000,688.409973,688.434998,8089376.000000,1765485000.0
1765485000.0,688.440002,689.179993,687.989990,689.150024,12663361.000000,1765488600.0
1765549800.0,688.169983,688.880005,683.630005,683.750000,19275633.000000,1765553400.0
1765553400.0,683.750000,685.609985,679.700012,681.270020,22746495.000000,1765557000.0
1765557000.0,681.270020,683.020020,679.174377,681.460022,11918381.000000,1765560600.0
1765560600.0,681.440002,684.340027,680.945007,683.880005,8285257.000000,1765564200.0
1765564200.0,683.880005,683.900024,681.210022,681.474976,9756825.000000,1765567800.0
1765567800.0,681.489990,682.515015,681.099976,681.359985,10408461.000000,1765571400.0
1765571400.0,681.369873,681.869995,680.070007,681.729980,15730297.000000,1765575000.0
1765809000.0,685.739990,685.760010,679.250000,679.820007,22304440.000000,1765812600.0
1765812600.0,679.820007,683.059998,679.590027,682.789978,12484020.000000,1765816200.0
1765816200.0,682.789978,682.919983,680.140015,680.650024,10154049.000000,1765819800.0
1765819800.0,680.650024,681.450012,679.419983,679.979980,7961392.000000,1765823400.0
1765823400.0,679.979980,681.549683,679.619995,680.835510,7210052.000000,1765827000.0
1765827000.0,680.835022,681.780029,680.440002,681.070007,9337382.000000,1765830600.0
1765830600.0,681.090027,681.599976,680.549988,680.710022,13514049.000000,1765834200.0
1765895400.0,679.229980,681.080017,676.440002,677.690002,19976735.000000,1765899000.0
1765899000.0,677.710022,679.414978,676.809998,677.135010,11523369.000000,1765902600.0
1765902600.0,677.140015,678.940002,676.609985,677.380005,7290923.000000,1765906200.0
1765906200.0,677.374817,678.280029,674.979980,675.590027,9623314.000000,1765909800.0
1765909800.0,675.590027,678.609985,675.559998,677.049988,12513356.000000,1765913400.0
1765913400.0,677.039978,679.260010,676.929993,679.200012,12746516.000000,1765917000.0
1765917000.0,679.195007,680.559998,678.820007,678.859985,17100812.000000,1765920600.0
1765981800.0,679.890015,680.434998,677.599976,678.929993,16424565.000000,1765985400.0
1765985400.0,678.919983,679.169983,673.429993,674.635010,16945959.000000,1765989000.0
1765989000.0,674.630005,675.049988,673.070007,674.150024,10352006.000000,1765992600.0
1765992600.0,674.159973,675.070007,673.000000,673.369995,7383565.000000,1765996200.0
1765996200.0,673.359985,673.619995,672.054993,672.469971,12013119.000000,1765999800.0
1765999800.0,672.460022,673.320007,672.219971,672.520020,11349722.000000,1766003400.0
1766003400.0,672.530029,673.000000,671.195007,671.299988,17338523.000000,1766007000.0
1766068200.0,677.599976,679.109985,675.690002,679.010010,21870852.000000,1766071800.0
1766071800.0,679.010010,680.739990,678.679993,679.744995,11747647.000000,1766075400.0
1766075400.0,679.739990,680.710022,674.900024,675.780029,15704315.000000,1766079000.0
1766079000.0,675.789978,679.090027,675.479980,678.825012,10765981.000000,1766082600.0
1766082600.0,678.830017,679.700012,676.590027,677.150024,10761217.000000,1766086200.0
1766086200.0,677.159973,677.849976,675.320007,677.630005,12943641.000000,1766089800.0
1766089800.0,677.619995,678.549988,676.409973,676.479980,15842550.000000,1766093400.0
1766154600.0,677.000000,680.520020,677.000000,679.190002,22687233.000000,1766158200.0
1766158200.0,679.190002,680.275024,678.559998,680.169983,16047353.000000,1766161800.0
1766161800.0,680.190002,680.835022,679.340027,680.679993,7874450.000000,1766165400.0
1766165400.0,680.690002,681.090027,680.309998,680.750000,5717215.000000,1766169000.0
1766169000.0,680.770020,680.859985,680.169983,680.640015,5548129.000000,1766172600.0
1766172600.0,680.640015,681.000000,680.340027,680.484985,8902108.000000,1766176200.0
1766176200.0,680.489990,680.719971,679.609985,680.590027,19060706.000000,1766179800.0
1766413800.0,683.940002,684.530029,682.890015,683.770020,13029845.000000,1766417400.0
1766417400.0,683.770020,684.974976,682.679993,684.669983,8262077.000000,1766421000.0
1766421000.0,684.669983,685.080017,684.359985,684.650024,5587126.000000,1766424600.0
1766424600.0,684.650024,685.359985,684.349976,684.715027,5624705.000000,1766428200.0
1766428200.0,684.710022,684.909973,684.205017,684.719971,4674469.000000,1766431800.0
1766431800.0,684.729980,685.039978,684.664978,684.924988,7868605.000000,1766435400.0
1766435400.0,684.924988,685.149902,684.609985,684.789978,10787606.000000,1766439000.0
1766500200.0,683.919983,686.250000,683.869995,685.239990,12187789.000000,1766503800.0
1766503800.0,685.239990,686.739990,685.230286,686.492004,7944935.000000,1766507400.0
1766507400.0,686.494995,687.219971,686.359985,687.070007,6122132.000000,1766511000.0
1766511000.0,687.059998,687.729919,686.789978,687.544983,7740008.000000,1766514600.0
1766514600.0,687.549988,687.919983,687.494995,687.875000,5558688.000000,1766518200.0
1766518200.0,687.869995,688.030029,687.710022,687.849976,6907632.000000,1766521800.0
1766521800.0,687.840027,688.200012,687.640015,687.909973,9723868.000000,1766525400.0
1766586600.0,687.969971,689.215027,687.890015,689.164978,8677272.000000,1766590200.0
1766590200.0,689.159973,689.979980,689.012512,689.965027,8460311.000000,1766593800.0
1766593800.0,689.965027,690.640015,689.889221,690.534973,9221080.000000,1766597400.0
1766759400.0,690.640015,691.659973,689.650024,690.734985,10246012.000000,1766763000.0
1766763000.0,690.729980,691.000122,689.800415,690.264099,4972002.000000,1766766600.0
1766766600.0,690.270020,690.330017,689.390015,690.140015,4563206.000000,1766770200.0
1766770200.0,690.130005,690.200012,689.270020,689.697083,3437156.000000,1766773800.0
1766773800.0,689.690002,690.460022,689.650024,690.041809,3251625.000000,1766777400.0
1766777400.0,690.039978,690.340027,690.037476,690.200012,3663077.000000,1766781000.0
1766781000.0,690.200012,690.500000,690.005005,690.244995,7795770.000000,1766784600.0
1767018600.0,687.539978,689.200012,686.820007,687.950012,12114641.000000,1767022200.0
1767022200.0,687.940002,688.400024,686.890015,687.169922,6092188.000000,1767025800.0
1767025800.0,687.159973,687.489990,686.070007,686.270020,4581457.000000,1767029400.0
1767029400.0,686.270020,687.544983,686.179993,687.330017,4433719.000000,1767033000.0
1767033000.0,687.330017,687.890015,686.869995,687.460022,6619852.000000,1767036600.0
1767036600.0,687.450012,688.619995,687.429993,688.179993,8718647.000000,1767040200.0
1767040200.0,688.179993,688.405029,687.400024,687.840027,10933805.000000,1767043800.0
1767105000.0,687.445007,688.530029,686.750000,686.940002,8605653.000000,1767108600.0
1767108600.0,686.940002,688.554993,686.580017,688.247192,5508735.000000,1767112200.0
1767112200.0,688.239990,688.270020,686.869995,687.380005,4807723.000000,1767115800.0
1767115800.0,687.380005,687.789978,687.195007,687.769226,3040908.000000,1767119400.0
1767119400.0,687.760010,687.929993,687.419983,687.809998,3828776.000000,1767123000.0
1767123000.0,687.809998,687.940002,687.039978,687.510010,5273226.000000,1767126600.0
1767126600.0,687.510010,687.815002,686.700012,686.940002,9624890.000000,1767130200.0
1767191400.0,687.140015,687.359985,684.914978,685.549988,12803603.000000,1767195000.0
1767195000.0,685.539978,685.655029,684.179993,685.119995,8652906.000000,1767198600.0
1767198600.0,685.125000,685.429993,684.609985,685.000000,4271595.000000,1767202200.0
1767202200.0,684.989990,685.390015,684.650024,685.369812,3510160.000000,1767205800.0
1767205800.0,685.368774,686.239990,685.010010,685.034973,5504462.000000,1767209400.0
1767209400.0,685.039978,685.140015,682.544983,682.719971,11346649.000000,1767213000.0
1767213000.0,682.719971,683.719971,681.710022,681.840027,15154711.000000,1767216600.0
1767364200.0,685.710022,686.869995,681.580017,682.450012,22024812.000000,1767367800.0
1767367800.0,682.450012,684.590027,680.419983,681.809998,15081293.000000,1767371400.0
1767371400.0,681.809998,682.650024,680.280029,682.450012,9496215.000000,1767375000.0
1767375000.0,682.450012,682.800903,680.640015,680.979980,5768502.000000,1767378600.0
1767378600.0,680.979980,683.119995,679.820007,682.950012,8908894.000000,1767382200.0
1767382200.0,682.940002,683.950012,682.849976,683.239990,10091724.000000,1767385800.0
1767385800.0,683.239990,683.419983,682.070007,683.169983,10922434.000000,1767389400.0
1767623400.0,686.539978,688.609985,686.375000,688.525574,17690747.000000,1767627000.0
1767627000.0,688.520020,688.869995,687.960022,688.640015,8881663.000000,1767630600.0
1767630600.0,688.630005,689.429993,688.210022,688.349976,9198931.000000,1767634200.0
1767634200.0,688.359924,688.789978,687.650024,688.380005,5357998.000000,1767637800.0
1767637800.0,688.359985,688.775024,688.130005,688.184998,4605157.000000,1767641400.0
1767641400.0,688.190002,688.299927,687.289978,687.966003,7410427.000000,1767645000.0
1767645000.0,687.965027,688.119995,687.159973,687.729980,11627152.000000,1767648600.0
1767709800.0,688.400024,690.799927,687.780029,690.534973,15428086.000000,1767713400.0
1767713400.0,690.554993,690.554993,688.429993,689.044983,11035064.000000,1767717000.0
1767717000.0,689.049988,690.570007,688.736694,690.469971,7558938.000000,1767720600.0
1767720600.0,690.630005,691.200012,690.539978,690.870178,6040112.000000,1767724200.0
1767724200.0,690.880005,692.119995,690.677185,691.940002,6055939.000000,1767727800.0
1767727800.0,691.947998,692.239990,691.820007,692.020020,6275086.000000,1767731400.0
1767731400.0,691.950012,692.315002,691.945007,692.049988,6950872.000000,1767735000.0
1767796200.0,692.190002,693.090027,691.099976,691.671997,13653189.000000,1767799800.0
1767799800.0,691.669983,692.825012,690.960022,692.250000,8989617.000000,1767803400.0
1767803400.0,692.250000,693.960022,692.168274,693.659607,7032465.000000,1767807000.0
1767807000.0,693.659973,693.789978,692.039978,692.130005,7415072.000000,1767810600.0
1767810600.0,692.130005,693.145020,691.450012,691.679993,8556842.000000,1767814200.0
1767814200.0,691.679993,692.159973,690.117493,690.359985,11097844.000000,1767817800.0
1767817800.0,690.359985,690.369995,689.320007,689.590027,13656213.000000,1767821400.0
1767882600.0,688.609985,690.020020,687.489990,689.630005,17217806.000000,1767886200.0
1767886200.0,689.650024,689.974976,688.510010,689.080017,9738248.000000,1767889800.0
1767889800.0,689.080017,690.085022,688.440002,689.349976,6230622.000000,1767893400.0
1767893400.0,689.349976,690.614990,688.789978,689.500000,6161020.000000,1767897000.0
1767897000.0,689.500000,689.804993,688.280029,688.919983,5132226.000000,1767900600.0
1767900600.0,688.929993,689.650024,688.570007,689.575012,5882136.000000,1767904200.0
1767904200.0,689.570007,690.054993,689.255005,689.440002,8616130.000000,1767907800.0
1767969000.0,690.630005,693.340027,689.179993,693.125000,19427672.000000,1767972600.0
1767972600.0,693.130005,693.650024,691.280029,692.859924,11466967.000000,1767976200.0
1767976200.0,692.849976,694.380005,692.544983,694.219971,6532700.000000,1767979800.0
1767979800.0,694.229980,694.500000,693.359985,693.869995,5096515.000000,1767983400.0
1767983400.0,693.869995,694.889893,693.854980,694.809998,5156678.000000,1767987000.0
1767987000.0,694.804993,695.309998,694.710022,695.025024,6801736.000000,1767990600.0
1767990600.0,695.020020,695.119995,693.900024,693.989990,11622656.000000,1767994200.0
1768228200.0,690.679993,693.900024,690.630005,693.570007,16933046.000000,1768231800.0
1768231800.0,693.565002,694.679993,692.960022,694.229980,8829257.000000,1768235400.0
1768235400.0,694.239990,694.859985,694.070007,694.534973,5580694.000000,1768239000.0
1768239000.0,694.530029,695.200012,694.169983,695.125000,4640824.000000,1768242600.0
1768242600.0,695.125000,695.460022,694.929993,695.320007,5526132.000000,1768246200.0
1768246200.0,695.320007,696.090027,695.179993,695.320007,8009495.000000,1768249800.0
1768249800.0,695.320007,695.739990,695.140015,695.159973,9235078.000000,1768253400.0
1768314600.0,695.489990,696.090027,692.090027,692.729980,18683093.000000,1768318200.0
1768318200.0,692.719971,694.280090,692.409973,693.500000,8468025.000000,1768321800.0
1768321800.0,693.480103,695.200012,693.250000,694.559998,7317037.000000,1768325400.0
1768325400.0,694.549988,694.715027,692.419983,692.919983,7905172.000000,1768329000.0
1768329000.0,692.909973,693.650024,692.229980,693.010010,6934521.000000,1768332600.0
1768332600.0,693.005005,693.205017,691.940002,692.000000,8109469.000000,1768336200.0
1768336200.0,692.000000,693.960022,691.349976,693.750000,13007191.000000,1768339800.0
1768401000.0,691.000000,691.719971,687.679993,688.760010,20382132.000000,1768404600.0
1768404600.0,688.750000,689.330017,686.510010,689.150024,11915345.000000,1768408200.0
1768408200.0,689.159973,689.469971,686.039978,687.099915,9202634.000000,1768411800.0
1768411800.0,687.090027,687.650024,686.190002,687.599976,6027883.000000,1768415400.0
1768415400.0,687.590027,688.315002,686.260010,688.125000,7396495.000000,1768419000.0
1768419000.0,688.130005,689.690002,687.320007,689.150024,12640312.000000,1768422600.0
1768422600.0,689.150024,690.640015,688.619995,690.440002,17846095.000000,1768426200.0
1768487400.0,694.570007,694.719971,693.179993,693.940002,16604969.000000,1768491000.0
1768491000.0,693.940002,695.159973,692.989990,694.815002,11678206.000000,1768494600.0
1768494600.0,694.809998,695.450012,694.390015,694.450012,5724898.000000,1768498200.0
1768498200.0,694.450012,695.019897,693.880005,694.885010,5880426.000000,1768501800.0
1768501800.0,694.880005,695.250000,693.520020,693.609985,5756852.000000,1768505400.0
1768505400.0,693.609985,693.737610,691.290710,691.830017,11933094.000000,1768509000.0
1768509000.0,691.835022,692.250000,691.250000,692.169983,11896527.000000,1768512600.0
1768573800.0,693.659973,694.250000,691.500000,691.650024,16270008.000000,1768577400.0
1768577400.0,691.650024,692.820007,690.099976,692.715027,17699419.000000,1768581000.0
1768581000.0,692.719971,693.469971,692.130005,692.520020,6174487.000000,1768584600.0
1768584600.0,692.520020,693.200012,691.820007,693.000000,4286971.000000,1768588200.0
1768588200.0,693.000000,693.710022,691.960022,692.039978,6259041.000000,1768591800.0
1768591800.0,692.049988,693.000000,692.010010,692.155029,6434439.000000,1768595400.0
1768595400.0,692.150024,692.488525,691.469971,691.580017,11404537.000000,1768599000.0
1768919400.0,681.489990,684.010010,680.909973,683.878784,28889272.000000,1768923000.0
1768923000.0,683.849976,684.559998,682.580017,683.840027,13556006.000000,1768926600.0
1768926600.0,683.830017,684.344971,682.119995,682.395020,8575558.000000,1768930200.0
1768930200.0,682.390015,682.390015,680.224976,680.289978,8949295.000000,1768933800.0
1768933800.0,680.280029,680.419983,677.690002,678.039978,11395012.000000,1768937400.0
1768937400.0,678.039978,678.479980,676.929993,677.390015,13591563.000000,1768941000.0
1768941000.0,677.400024,677.739990,676.570007,677.609985,17216868.000000,1768944600.0
1769005800.0,679.650024,683.419983,678.969971,683.020020,24100585.000000,1769009400.0
1769009400.0,683.020020,685.130005,682.940002,684.229980,10931682.000000,1769013000.0
1769013000.0,684.250000,684.299988,678.130005,679.849976,17657036.000000,1769016600.0
1769016600.0,679.864990,680.969971,678.630005,679.599915,9215598.000000,1769020200.0
1769020200.0,680.780029,685.020020,679.719971,684.409973,12041018.000000,1769023800.0
1769023800.0,684.409973,688.734985,684.330017,685.354980,26279102.000000,1769027400.0
1769027400.0,685.349976,686.159973,684.630005,685.330017,16023085.000000,1769031000.0
1769092200.0,689.830017,690.669983,686.919983,688.440002,20543983.000000,1769095800.0
1769095800.0,688.460022,690.046875,688.049988,689.799988,7734971.000000,1769099400.0
1769099400.0,689.799988,690.557983,689.405029,690.229980,5491471.000000,1769103000.0
1769103000.0,690.239990,691.125000,690.239990,690.450012,4945048.000000,1769106600.0
1769106600.0,690.440002,690.960022,689.830017,690.659973,6287961.000000,1769110200.0
1769110200.0,690.659973,690.734985,688.130005,688.159973,10201841.000000,1769113800.0
1769113800.0,688.159973,689.044983,687.594971,688.929993,10384480.000000,1769117400.0
1769178600.0,688.150024,689.850098,687.159973,689.325012,13731061.000000,1769182200.0
1769182200.0,689.320007,690.960022,689.210022,690.070007,7187182.000000,1769185800.0
1769185800.0,690.059998,690.614990,689.349976,690.190002,5777942.000000,1769189400.0
1769189400.0,690.197998,690.280029,687.729980,688.919983,7547017.000000,1769193000.0
1769193000.0,688.940002,690.199524,688.369995,689.547913,5739657.000000,1769196600.0
1769196600.0,689.549988,689.859985,688.510010,688.844971,7065877.000000,1769200200.0
1769200200.0,688.840027,689.609985,688.549988,689.179993,8774460.000000,1769203800.0
1769437800.0,690.489990,693.400024,689.919983,692.549988,14084682.000000,1769441400.0
1769441400.0,692.539978,693.338806,692.229980,693.109985,6812668.000000,1769445000.0
1769445000.0,693.109985,693.709900,692.775024,693.506836,4272281.000000,1769448600.0
1769448600.0,693.500000,693.869995,692.900024,693.789978,4213354.000000,1769452200.0
1769452200.0,693.780029,694.130005,693.330017,693.820007,4543032.000000,1769455800.0
1769455800.0,693.825012,694.000000,693.419983,693.570007,6435837.000000,1769459400.0
1769459400.0,693.575012,693.869995,692.619995,692.710022,12200951.000000,1769463000.0
1769524200.0,694.179993,695.479980,693.570007,694.780029,11203436.000000,1769527800.0
1769527800.0,694.770020,696.479980,694.715027,696.190002,6980211.000000,1769531400.0
1769531400.0,696.190002,696.530029,695.380005,695.973206,6581409.000000,1769535000.0
1769535000.0,695.984985,696.080017,694.909973,695.794983,4603971.000000,1769538600.0
1769538600.0,695.799988,696.210022,695.710022,696.169983,3684240.000000,1769542200.0
1769542200.0,696.169983,696.400024,695.940002,695.999878,4962000.000000,1769545800.0
1769545800.0,695.989990,696.179993,695.400024,695.539978,8812154.000000,1769549400.0
1769610600.0,697.049988,697.840027,696.030029,696.513916,13475520.000000,1769614200.0
1769614200.0,696.520020,696.789978,695.450012,696.124207,5688315.000000,1769617800.0
1769617800.0,696.119995,696.119995,694.494995,694.854980,6106672.000000,1769621400.0
1769621400.0,694.835022,695.434998,694.520020,695.150024,3896462.000000,1769625000.0
1769625000.0,695.159973,695.649902,694.046021,694.179993,5280997.000000,1769628600.0
1769628600.0,694.179993,696.284973,693.940002,695.450012,9796888.000000,1769632200.0
1769632200.0,695.440002,696.135010,694.750000,695.429993,10699648.000000,1769635800.0
1769697000.0,696.390015,697.059998,688.859985,688.969971,22893046.000000,1769700600.0
1769700600.0,688.969971,689.309998,684.830017,687.909973,19319526.000000,1769704200.0
1769704200.0,687.909973,691.359985,687.820007,691.030090,9854698.000000,1769707800.0
1769707800.0,691.020020,691.674988,688.710022,690.969971,8639779.000000,1769711400.0
1769711400.0,690.979980,692.210022,690.190002,692.070007,8207290.000000,1769715000.0
1769715000.0,692.070007,692.224976,691.044983,691.570007,7986423.000000,1769718600.0
1769718600.0,691.580017,694.789978,691.390015,693.969971,13376707.000000,1769722200.0
1769783400.0,691.789978,694.049988,691.221985,693.450012,13695706.000000,1769787000.0
1770057000.0,696.539978,696.880005,696.359985,696.789978,33356180.000000,1770060600.0
1770060600.0,696.784973,696.789978,695.010315,695.808594,12164060.000000,1770064200.0
1770064200.0,695.809998,695.960022,695.080017,695.460022,13121586.000000,1770067800.0
1770129000.0,696.210022,696.960022,690.799988,692.205017,22706244.000000,1770132600.0
1770132600.0,692.190002,693.429993,690.669983,690.799988,11004974.000000,1770136200.0
1770136200.0,690.809998,691.449890,688.609985,688.830017,12025865.000000,1770139800.0
1770139800.0,688.820007,688.940002,686.239990,686.359985,12570237.000000,1770143400.0
1770143400.0,686.364990,687.219971,684.030029,686.213501,14153552.000000,1770147000.0
1770147000.0,686.210022,687.804993,685.130005,687.530029,12507175.000000,1770150600.0
1770150600.0,687.530029,689.750000,687.489990,689.460022,12789390.000000,1770154200.0
1770215400.0,690.349976,691.450012,686.510010,689.900024,20676503.000000,1770219000.0
1770219000.0,689.900024,690.270020,686.390015,688.349915,15328331.000000,1770222600.0
1770222600.0,688.349976,688.479980,683.219971,683.700012,12211098.000000,1770226200.0
1770226200.0,683.700012,685.010010,681.760010,684.799988,14609400.000000,1770229800.0
1770229800.0,684.809998,685.510010,683.109985,685.340027,10448412.000000,1770233400.0
1770233400.0,685.340027,688.489990,685.299988,687.539978,13360783.000000,1770237000.0
1770237000.0,687.530029,688.440002,685.640991,686.119995,10951574.000000,1770240600.0
1770301800.0,680.940002,683.690002,676.174988,676.640015,27401090.000000,1770305400.0
1770305400.0,676.650024,679.789978,675.789978,679.659973,17670806.000000,1770309000.0
1770309000.0,679.659973,681.940002,678.950012,681.500000,11900080.000000,1770312600.0
1770312600.0,681.520020,682.614990,678.849976,679.150024,7798767.000000,1770316200.0
1770316200.0,679.159973,681.469971,677.684998,680.244995,10370563.000000,1770319800.0
1770319800.0,680.239990,680.895020,677.640015,677.770020,11271477.000000,1770323400.0
1770323400.0,677.789978,678.349915,676.185486,677.440002,14065824.000000,1770327000.0
1770388200.0,681.090027,686.510010,680.849976,685.469971,25257973.000000,1770391800.0
1770391800.0,686.229980,687.719971,684.969971,687.104980,13620107.000000,1770395400.0
1770395400.0,687.104980,688.510010,686.940002,688.479980,7490712.000000,1770399000.0
1770399000.0,688.500000,689.539978,687.852417,688.945007,6863898.000000,1770402600.0
1770402600.0,688.950012,689.659973,688.739990,689.478027,5748120.000000,1770406200.0
1770406200.0,689.479980,690.140015,688.929993,689.775024,7713732.000000,1770409800.0
1770409800.0,689.770020,692.309998,689.599976,690.599976,14828433.000000,1770413400.0
1770647400.0,689.419983,692.929993,688.340027,691.940002,18050055.000000,1770651000.0
1770651000.0,691.960022,694.760010,691.938721,694.689697,10279739.000000,1770654600.0
1770654600.0,694.679993,695.659973,694.270020,695.140015,6352525.000000,1770658200.0
1770658200.0,695.150024,695.510010,693.549988,694.229980,5765657.000000,1770661800.0
1770661800.0,694.229980,695.869995,694.000000,695.739990,5804165.000000,1770665400.0
1770665400.0,695.739990,695.849976,694.330017,694.575012,7071771.000000,1770669000.0
1770669000.0,694.570007,695.020020,693.880005,693.909973,11568140.000000,1770672600.0
1770733800.0,694.950012,696.434998,693.455017,695.919983,15051695.000000,1770737400.0
1770737400.0,695.905029,696.539978,694.090027,694.780029,7253368.000000,1770741000.0
1770741000.0,694.770020,695.670105,694.200012,695.250000,5719106.000000,1770744600.0
1770744600.0,695.250000,695.799988,693.369995,693.440002,4954429.000000,1770748200.0
1770748200.0,693.429993,693.905029,692.849976,693.869995,7091282.000000,1770751800.0
1770751800.0,693.869995,694.130005,693.109985,693.297485,5482566.000000,1770755400.0
1770755400.0,693.299988,693.539978,691.659973,692.090027,13770362.000000,1770759000.0
1770820200.0,696.390015,697.130005,689.179993,689.719971,21414691.000000,1770823800.0
1770823800.0,689.719971,693.450012,689.559998,691.840027,11511710.000000,1770827400.0
1770827400.0,691.820007,693.840027,691.390015,693.596985,7979524.000000,1770831000.0
1770831000.0,693.599976,693.989990,691.409973,692.789978,6455586.000000,1770834600.0
1770834600.0,692.789673,693.955017,692.030029,693.739990,6825416.000000,1770838200.0
1770838200.0,693.750000,693.859985,692.229980,692.255005,8320582.000000,1770841800.0
1770841800.0,692.250000,692.989990,691.770020,691.919983,9384677.000000,1770845400.0
1770906600.0,694.239990,695.349976,692.159973,693.065002,15645729.000000,1770910200.0
1770910200.0,693.080017,693.479980,683.575012,683.599976,22863606.000000,1770913800.0
1770913800.0,683.594971,685.840027,683.380005,684.119995,16958570.000000,1770917400.0
1770917400.0,684.099976,685.575012,682.219971,683.169983,10426266.000000,1770921000.0
1770921000.0,683.164978,685.419983,682.799988,684.150024,10704524.000000,1770924600.0
1770924600.0,684.130005,685.965027,683.109985,683.219971,11771990.000000,1770928200.0
1770928200.0,683.200012,683.400024,680.369995,681.219971,19241913.000000,1770931800.0
1770993000.0,681.719971,683.369995,677.520020,682.940002,24768855.000000,1770996600.0
1770996600.0,682.940002,684.570007,680.789978,683.820007,12236042.000000,1771000200.0
1771000200.0,683.809998,686.049988,682.869995,685.364990,8299958.000000,1771003800.0
1771003800.0,685.380005,686.280029,684.090027,685.390015,7946751.000000,1771007400.0
1771007400.0,685.390015,686.059998,684.099976,684.340027,7013351.000000,1771011000.0
1771011000.0,684.349976,684.929993,680.340027,680.630005,10363860.000000,1771014600.0
1771014600.0,680.640015,681.840027,679.809998,681.599976,13671717.000000,1771018200.0
1771338600.0,680.140015,682.799988,676.270020,677.340027,20908871.000000,1771342200.0
1771342200.0,677.330017,683.239990,675.780029,681.599976,15279531.000000,1771345800.0
1771345800.0,681.575012,683.030029,680.431274,682.200012,8223944.000000,1771349400.0
1771349400.0,682.210022,682.539978,679.150024,682.390015,7052521.000000,1771353000.0
1771353000.0,682.400024,684.715027,682.030029,683.989990,7434404.000000,1771356600.0
1771356600.0,683.969971,684.940002,682.669983,682.869995,6973847.000000,1771360200.0
1771360200.0,682.880005,683.289978,681.929993,682.750000,9895361.000000,1771363800.0
1771425000.0,684.020020,688.465027,682.830017,687.840027,18453305.000000,1771428600.0
1771428600.0,687.840027,688.960022,687.289978,688.219971,6691883.000000,1771432200.0
1771432200.0,688.219971,688.890015,687.380005,688.200012,5400275.000000,1771435800.0
1771435800.0,688.190002,689.150024,687.474976,687.804993,4391499.000000,1771439400.0
1771439400.0,687.809998,688.020020,686.039978,686.419983,8388821.000000,1771443000.0
1771443000.0,686.429993,686.630005,683.919983,684.210022,10136265.000000,1771446600.0
1771446600.0,684.210022,687.179993,684.119995,686.190002,13217594.000000,1771450200.0
1771511400.0,683.840027,686.179993,682.469971,683.900024,15294343.000000,1771515000.0
1771515000.0,683.890015,685.859985,683.710022,684.145020,5914609.000000,1771518600.0
1771518600.0,684.150024,685.270020,682.700012,683.929993,6601246.000000,1771522200.0
1771522200.0,683.914978,684.260010,681.547485,682.400024,6134654.000000,1771525800.0
1771525800.0,682.340027,684.059875,682.010010,683.275024,5199633.000000,1771529400.0
1771529400.0,683.250000,683.565002,681.880005,682.900024,7894247.000000,1771533000.0
1771533000.0,682.890015,684.590027,682.800110,684.510010,7648304.000000,1771536600.0
1771597800.0,682.320007,689.400024,681.739990,686.799988,20480094.000000,1771601400.0
1771601400.0,686.799988,689.239990,685.510010,686.149597,16947753.000000,1771605000.0
1771605000.0,686.130005,689.150024,684.080017,685.229187,12244330.000000,1771608600.0
1771608600.0,685.234985,687.799988,684.970093,686.559998,9145890.000000,1771612200.0
1771612200.0,686.539978,690.059998,685.760010,688.580017,13196896.000000,1771615800.0
1771615800.0,688.580017,689.320007,687.809998,688.359985,8027018.000000,1771619400.0
1771619400.0,688.359985,689.500000,688.270020,689.349976,10691604.000000,1771623000.0
1771857000.0,687.830017,690.000000,684.279907,684.510010,20052422.000000,1771860600.0
1771860600.0,684.500000,685.005005,680.370972,682.869995,15403510.000000,1771864200.0
1771864200.0,682.880005,683.085022,681.590027,681.690002,7082700.000000,1771867800.0
1771867800.0,681.700012,683.950012,680.590027,683.809875,7674168.000000,1771871400.0
1771871400.0,683.809998,683.909973,681.169983,681.270020,7488180.000000,1771875000.0
1771875000.0,681.255005,681.659973,680.539978,681.349976,8354274.000000,1771878600.0
1771878600.0,681.340027,682.469971,680.900024,682.409973,15739631.000000,1771882200.0
1771943400.0,681.900024,686.390015,680.000000,686.335022,19215932.000000,1771947000.0
1771947000.0,686.320007,686.869995,685.179993,686.090027,8915432.000000,1771950600.0
1771950600.0,686.099976,687.799988,685.150024,687.530090,6769913.000000,1771954200.0
1771954200.0,687.530029,688.099976,686.940002,687.030029,4420143.000000,1771957800.0
1771957800.0,687.039978,687.875000,686.650024,686.890015,6247419.000000,1771961400.0
1771961400.0,686.890015,687.690002,686.460022,686.539978,6142765.000000,1771965000.0
1771965000.0,686.530029,688.349976,686.510071,687.375000,12579342.000000,1771968600.0
1772029800.0,690.969971,691.989990,690.250000,691.150024,11847751.000000,1772033400.0
1772033400.0,691.145020,691.580017,690.170105,691.469971,5193274.000000,1772037000.0
1772037000.0,691.479980,692.390015,691.400024,691.969971,5478125.000000,1772040600.0
1772040600.0,691.969971,692.690002,691.840027,692.309998,4913647.000000,1772044200.0
1772044200.0,692.309998,693.080017,692.210022,692.869995,5214228.000000,1772047800.0
1772047800.0,692.859985,693.330017,692.809998,692.919983,6560771.000000,1772051400.0
1772051400.0,692.919983,693.679993,692.739990,693.099976,10495870.000000,1772055000.0
1772116200.0,693.280029,693.299988,684.739990,685.690002,19859314.000000,1772119800.0
1772119800.0,685.669983,689.099976,684.349976,688.739990,11175598.000000,1772123400.0
1772123400.0,688.739990,688.919983,686.030029,686.284973,6518707.000000,1772127000.0
1772127000.0,686.250000,687.090027,684.739990,685.669983,5516506.000000,1772130600.0
1772130600.0,685.659973,689.320007,685.409973,688.609985,8415967.000000,1772134200.0
1772134200.0,688.619995,689.809998,688.469971,688.664978,7050938.000000,1772137800.0
1772137800.0,688.664978,689.516724,688.619995,689.320007,8572144.000000,1772141400.0
1772202600.0,683.090027,685.489990,681.640015,684.529419,17772433.000000,1772206200.0
1772206200.0,684.510010,686.049988,683.739990,685.385010,7040899.000000,1772209800.0
1772209800.0,685.390015,686.289917,683.289978,684.140015,7500648.000000,1772213400.0
1772213400.0,684.130005,685.119995,683.059998,683.799988,7414482.000000,1772217000.0
1772217000.0,683.799988,684.979980,683.299988,683.599976,5673987.000000,1772220600.0
1772220600.0,683.599976,686.099976,682.989990,685.590088,10090599.000000,1772224200.0
1772224200.0,685.580017,686.849976,684.489990,686.280029,15978632.000000,1772227800.0
1772461800.0,678.700012,685.359985,678.020020,683.429993,22117273.000000,1772465400.0
1772465400.0,683.419983,685.669983,682.419983,683.219971,10823943.000000,1772469000.0
1772469000.0,683.219971,687.190002,682.919983,686.483704,8833887.000000,1772472600.0
1772472600.0,686.479980,687.419983,686.080017,686.719971,4549090.000000,1772476200.0
1772476200.0,686.750000,688.280029,685.190002,688.200012,7030502.000000,1772479800.0
1772479800.0,688.210022,688.619995,684.890015,685.349976,13163361.000000,1772483400.0
1772483400.0,685.349976,687.309998,685.200012,686.369995,12691271.000000,1772487000.0
1772548200.0,675.059998,677.099976,669.659973,669.849976,33122931.000000,1772551800.0
1772551800.0,669.849976,676.580017,669.780029,676.020020,17224450.000000,1772555400.0
1772555400.0,676.000000,678.489990,674.659973,678.320007,10581256.000000,1772559000.0
1772559000.0,678.320007,680.429993,676.080017,679.820007,7605785.000000,1772562600.0
1772562600.0,679.820007,681.909973,679.664978,680.500000,9358641.000000,1772566200.0
1772566200.0,680.500000,682.609985,679.275024,681.049988,11491316.000000,1772569800.0
1772569800.0,681.039978,681.510010,679.210022,680.280029,9232895.000000,1772573400.0
1772634600.0,681.630005,686.270020,679.619995,686.140015,17092226.000000,1772638200.0
1772638200.0,686.150024,686.640015,683.880005,685.190002,12741399.000000,1772641800.0
1772641800.0,685.179993,686.400024,684.849976,685.325012,7706769.000000,1772645400.0
1772645400.0,685.349976,686.489990,684.580017,686.104980,6915063.000000,1772649000.0
1772649000.0,686.109985,686.960022,686.099976,686.599976,5152602.000000,1772652600.0
1772652600.0,686.609985,687.090027,685.474976,686.229980,6913501.000000,1772656200.0
1772656200.0,686.239990,686.630005,685.159973,685.159973,11184082.000000,1772659800.0
1772721000.0,682.080017,685.530029,680.330017,680.820007,19715347.000000,1772724600.0
1772724600.0,680.830017,682.580017,679.010010,679.534973,16013402.000000,1772728200.0
1772728200.0,679.530029,682.419983,678.489990,678.510010,10963199.000000,1772731800.0
1772731800.0,678.510010,678.804993,675.900024,676.299988,12809378.000000,1772735400.0
1772735400.0,676.280029,677.960022,675.820007,676.669983,8129423.000000,1772739000.0
1772739000.0,676.669983,680.460022,675.609985,679.460022,12703497.000000,1772742600.0
1772742600.0,679.469971,681.750000,679.169983,681.440002,17275805.000000,1772746200.0
1772807400.0,673.409973,674.359985,669.760010,674.169983,26046349.000000,1772811000.0
1772811000.0,674.130005,676.010010,672.460022,674.419983,12054888.000000,1772814600.0
1772814600.0,674.429993,676.000000,673.349976,673.809998,7864935.000000,1772818200.0
1772818200.0,673.799988,676.109985,672.030029,674.640015,9387540.000000,1772821800.0
1772821800.0,674.669983,675.429993,673.690002,674.919983,7620924.000000,1772825400.0
1772825400.0,674.909973,675.969971,671.979980,672.229980,12122952.000000,1772829000.0
1772829000.0,672.229980,673.400024,671.140015,672.474976,16549298.000000,1772832600.0
1773063000.0,666.390015,667.630005,662.390015,664.059998,21505293.000000,1773066600.0
1773066600.0,664.030029,669.919983,663.979980,669.770020,11546091.000000,1773070200.0
1773070200.0,669.770020,671.599976,668.369995,670.869995,8868302.000000,1773073800.0
1773073800.0,670.869995,672.250000,668.710022,668.844971,8907547.000000,1773077400.0
1773077400.0,668.840027,670.869995,668.090027,670.059998,8192624.000000,1773081000.0
1773081000.0,670.059998,677.515015,669.900024,677.390015,16903174.000000,1773084600.0
1773084600.0,677.369995,679.919983,675.880005,678.315979,16099780.000000,1773088200.0
1773149400.0,677.719971,678.784973,674.760010,677.619995,14084370.000000,1773153000.0
1773153000.0,677.640015,681.684998,677.630005,681.109985,9403537.000000,1773156600.0
1773156600.0,681.099976,681.949890,679.679993,680.599976,7262968.000000,1773160200.0
1773160200.0,680.609985,683.359985,680.609985,683.265015,9090930.000000,1773163800.0
1773163800.0,683.250000,683.250000,677.380005,679.349976,15209801.000000,1773167400.0
1773167400.0,679.315002,680.369995,677.409973,677.409973,9507897.000000,1773171000.0
1773171000.0,677.419983,678.320007,676.229980,677.049988,10409992.000000,1773174600.0
1773235800.0,677.580017,680.080017,675.195007,676.150024,14729721.000000,1773239400.0
1773239400.0,676.140015,678.640015,674.590027,674.669983,8480186.000000,1773243000.0
1773243000.0,674.679993,675.289978,673.510010,674.705017,7579835.000000,1773246600.0
1773246600.0,674.700012,676.770020,674.650024,676.460022,5597839.000000,1773250200.0
1773250200.0,676.469971,676.639893,673.340027,675.270020,8581233.000000,1773253800.0
1773253800.0,675.270020,675.789978,674.320007,674.974976,8042124.000000,1773257400.0
1773257400.0,674.989990,676.599976,674.750000,676.330017,7671647.000000,1773261000.0
1773322200.0,671.159973,671.650024,668.049988,668.059998,20460497.000000,1773325800.0
1773325800.0,668.059998,670.549988,666.919983,668.169983,13622450.000000,1773329400.0
1773329400.0,668.169983,671.309998,667.239990,668.840027,14853739.000000,1773333000.0
1773333000.0,668.770020,670.309875,667.989990,668.559998,8622337.000000,1773336600.0
1773336600.0,668.559998,669.750000,667.270081,668.190002,9816196.000000,1773340200.0
1773340200.0,668.179993,668.479980,666.869995,667.979980,13026038.000000,1773343800.0
1773343800.0,667.989990,668.650024,665.905029,666.039978,12771977.000000,1773347400.0
1773408600.0,670.094971,672.335022,667.729980,668.840088,18217959.000000,1773412200.0
1773412200.0,668.869995,670.229980,664.429993,664.590027,13817201.000000,1773415800.0
1773415800.0,664.570007,665.330017,663.099976,664.330017,10913129.000000,1773419400.0
1773419400.0,664.320007,665.229980,663.130005,664.369995,8757536.000000,1773423000.0
1773423000.0,664.349976,664.520020,662.080017,663.340027,9439940.000000,1773426600.0
1773426600.0,663.330017,664.809998,662.159973,662.369995,9503155.000000,1773430200.0
1773430200.0,662.369995,663.000000,661.359985,662.299988,11375885.000000,1773433800.0
1773667800.0,668.380005,671.400024,667.700012,670.270020,17734385.000000,1773671400.0
1773671400.0,670.270020,670.349976,667.575012,670.059998,10466731.000000,1773675000.0
1773675000.0,670.039978,670.640015,667.150024,667.450012,11521957.000000,1773678600.0
1773678600.0,667.419983,669.750000,667.119995,669.200012,6033547.000000,1773682200.0
1773682200.0,669.200012,670.080017,667.979980,669.799988,8459797.000000,1773685800.0
1773685800.0,669.799988,672.070007,668.690002,669.270020,11603066.000000,1773689400.0
1773689400.0,669.270020,669.429993,668.419983,668.960022,10497369.000000,1773693000.0
1773754200.0,672.390015,674.429993,671.559998,672.559998,15290363.000000,1773757800.0
1773757800.0,672.570007,673.469971,671.599976,671.635010,7855289.000000,1773761400.0
1773761400.0,671.630005,672.190002,669.700012,671.210022,9865005.000000,1773765000.0
1773765000.0,671.200012,671.940002,670.719971,671.530029,5135082.000000,1773768600.0
1773768600.0,671.530029,672.299988,670.859985,670.900024,8245727.000000,1773772200.0
1773772200.0,670.900024,671.604980,670.590027,671.039978,8331594.000000,1773775800.0
1773775800.0,671.039978,671.280029,670.469971,670.729980,10144142.000000,1773779400.0
1773840600.0,668.359985,669.719971,665.719971,665.960022,16416985.000000,1773844200.0
1773844200.0,665.969971,668.000000,665.659973,666.934204,7674368.000000,1773847800.0
1773847800.0,666.909973,667.619995,666.491821,667.070007,4712970.000000,1773851400.0
1773851400.0,667.070007,667.296021,665.429993,665.840027,5482247.000000,1773855000.0
1773855000.0,665.840027,667.440002,665.289978,666.119995,7202639.000000,1773858600.0
1773858600.0,666.109985,666.299988,662.679993,662.909973,14723450.000000,1773862200.0
1773862200.0,662.900024,663.219177,661.190002,661.570007,14238601.000000,1773865800.0
1773927000.0,656.969971,659.469971,655.169983,656.330017,23610365.000000,1773930600.0
1773930600.0,656.340027,659.710022,656.260010,657.719971,12175917.000000,1773934200.0
1773934200.0,657.719971,659.039978,656.179993,657.950012,11880224.000000,1773937800.0
1773937800.0,657.979980,658.710022,655.609985,657.119995,9393933.000000,1773941400.0
1773941400.0,657.099976,658.619995,656.159973,657.174988,9141237.000000,1773945000.0
1773945000.0,657.179993,662.979980,656.320007,660.250000,21924565.000000,1773948600.0
1773948600.0,660.239990,660.739990,658.979980,659.719971,11501098.000000,1773952200.0
1774013400.0,656.510010,656.690002,651.479980,651.859985,21713873.000000,1774017000.0
1774017000.0,651.859985,654.159973,651.200012,651.919983,24293455.000000,1774020600.0
1774020600.0,651.940002,653.989990,651.729980,653.099976,15357499.000000,1774024200.0
1774024200.0,653.099976,653.400024,651.750000,652.159973,9184604.000000,1774027800.0
1774027800.0,652.190002,652.369995,648.659973,649.429993,15136238.000000,1774031400.0
1774031400.0,649.429993,649.655029,646.780029,647.119995,21363532.000000,1774035000.0
1774035000.0,647.130005,648.520020,644.719971,648.510010,27843185.000000,1774038600.0
1774272600.0,658.070007,662.270020,656.070007,660.989990,38763106.000000,1774276200.0
1774276200.0,660.979980,662.614990,659.950012,660.890015,12821509.000000,1774279800.0
1774279800.0,660.900024,661.330017,653.940002,654.090027,19720491.000000,1774283400.0
1774283400.0,654.108826,656.739990,653.989990,655.280029,9105169.000000,1774287000.0
1774287000.0,655.280029,658.309998,655.260010,657.390015,10860723.000000,1774290600.0
1774290600.0,657.409973,659.650024,657.030029,657.330017,11685736.000000,1774294200.0
1774294200.0,657.320007,658.349976,655.369995,655.369995,13898637.000000,1774297800.0
1774359000.0,651.320007,653.585693,649.880005,652.489990,17157140.000000,1774362600.0
1774362600.0,652.510010,656.830017,651.219971,656.039978,16069386.000000,1774366200.0
1774366200.0,656.059998,657.030029,654.299988,655.960022,8078359.000000,1774369800.0
1774369800.0,655.969971,656.119995,652.549988,653.405029,8311009.000000,1774373400.0
1774373400.0,653.400024,654.979980,652.380005,654.590027,10047322.000000,1774377000.0
1774377000.0,654.590027,656.590027,654.280029,654.450012,9961652.000000,1774380600.0
1774380600.0,654.450012,654.775024,652.559998,653.200012,10043583.000000,1774384200.0
1774445400.0,658.669983,660.890015,655.669983,658.140015,22876212.000000,1774449000.0
1774449000.0,658.159973,659.250000,654.239990,657.840027,14577535.000000,1774452600.0
1774452600.0,657.849976,658.239990,656.010010,657.500000,9552650.000000,1774456200.0
1774456200.0,657.460022,658.320007,656.914978,658.020020,8735929.000000,1774459800.0
1774459800.0,658.039978,659.380005,657.330017,657.515015,8862246.000000,1774463400.0
1774463400.0,657.510010,657.809998,655.580017,656.510010,11503640.000000,1774467000.0
1774467000.0,656.510010,657.059998,655.755005,656.739990,9045207.000000,1774470600.0
1774531800.0,652.059998,654.840027,650.729980,653.619995,19212415.000000,1774535400.0
1774535400.0,653.619995,654.849976,650.820007,651.710022,14863677.000000,1774539000.0
1774539000.0,651.710022,652.349976,649.289978,649.469971,9677804.000000,1774542600.0
1774542600.0,649.491272,650.099976,647.979980,648.619995,7002375.000000,1774546200.0
1774546200.0,648.619995,649.059998,646.440002,646.599976,10319756.000000,1774549800.0
1774549800.0,646.609985,647.650024,645.849976,646.210022,12002274.000000,1774553400.0
1774553400.0,646.210022,646.270020,644.820007,645.104980,13326642.000000,1774557000.0
1774618200.0,642.500000,642.659973,638.593994,639.099976,19514414.000000,1774621800.0
1774621800.0,639.099976,641.489990,638.299988,640.960022,11109483.000000,1774625400.0
1774625400.0,640.960022,642.140015,638.580017,638.890015,9032070.000000,1774629000.0
1774629000.0,638.880005,639.929993,636.590027,636.619995,10693459.000000,1774632600.0
1774632600.0,636.619995,637.250000,635.130005,635.770020,10641379.000000,1774636200.0
1774636200.0,635.765015,636.724976,634.520020,634.859009,13489943.000000,1774639800.0
1774639800.0,634.859985,635.349976,633.104980,634.080017,16949297.000000,1774643400.0
1774877400.0,640.109985,640.369995,634.679993,635.859985,19019082.000000,1774881000.0
1774881000.0,635.849976,638.799988,634.729980,636.460022,14707830.000000,1774884600.0
1774884600.0,636.450012,638.474976,635.164978,635.260010,8520361.000000,1774888200.0
1774888200.0,635.270020,636.010010,633.239990,633.400024,8684535.000000,1774891800.0
1774891800.0,633.400024,634.630005,632.260010,632.280029,11276966.000000,1774895400.0
1774895400.0,632.289978,633.169983,629.280029,629.580017,15080335.000000,1774899000.0
1774899000.0,629.585022,632.640198,629.349976,632.000000,14017529.000000,1774902600.0
1774963800.0,638.940002,642.950012,638.309998,642.500000,23437177.000000,1774967400.0
1774967400.0,642.479980,642.650024,637.979980,640.679993,18510738.000000,1774971000.0
1774971000.0,640.679993,642.630005,639.520020,642.119995,9782227.000000,1774974600.0
1774974600.0,642.109985,649.460022,641.650024,647.000000,25329736.000000,1774978200.0
1774978200.0,647.030029,648.409973,646.140015,647.705017,13700937.000000,1774981800.0
1774981800.0,647.700012,649.909973,647.200012,649.401978,14280568.000000,1774985400.0
1774985400.0,649.419983,651.539978,649.320007,650.239990,24947292.000000,1774989000.0
1775050200.0,653.900024,656.049988,653.000000,655.030029,24697054.000000,1775053800.0
1775053800.0,655.030029,657.070007,653.580017,656.330017,12040039.000000,1775057400.0
1775057400.0,656.330017,658.094971,655.929993,657.174988,8304190.000000,1775061000.0
1775061000.0,657.184998,658.520020,656.840027,658.299988,6730728.000000,1775064600.0
1775064600.0,658.309998,658.440002,653.830017,654.229980,11314270.000000,1775068200.0
1775068200.0,654.224976,656.340088,653.666992,656.099976,12258144.000000,1775071800.0
1775071800.0,656.099976,656.750000,654.719971,655.179993,13412288.000000,1775075400.0
1775136600.0,646.419983,651.099976,645.109985,650.340027,16496040.000000,1775140200.0
1775140200.0,650.349976,658.200012,650.099976,655.289978,14908705.000000,1775143800.0
1775143800.0,655.320007,655.889404,652.169983,652.719971,6207493.000000,1775147400.0
1775147400.0,652.710022,655.039978,652.520020,654.630005,4452903.000000,1775151000.0
1775151000.0,654.650024,654.750000,652.549988,653.510010,4432041.000000,1775154600.0
1775154600.0,653.500000,655.270020,653.390015,654.379883,7421724.000000,1775158200.0
1775158200.0,654.369995,656.099976,654.090027,655.880005,7964160.000000,1775161800.0
1775482200.0,655.859985,659.719971,655.520020,658.369995,9310316.000000,1775485800.0
1775485800.0,658.429993,659.059998,656.619995,656.924988,4867271.000000,1775489400.0
1775489400.0,656.929993,658.039978,656.340027,657.793213,2702785.000000,1775493000.0
1775493000.0,657.780029,658.510010,655.520020,657.390076,4071149.000000,1775496600.0
1775496600.0,657.409973,658.650024,656.219971,658.239990,4910662.000000,1775500200.0
1775500200.0,658.229980,658.522400,657.729980,657.880127,3529235.000000,1775503800.0
1775503800.0,657.880005,658.919983,657.809998,658.869995,5262864.000000,1775507400.0
1775568600.0,656.650024,657.580017,651.919983,654.400024,12903016.000000,1775572200.0
1775572200.0,654.450012,655.340027,651.059998,653.255005,9263074.000000,1775575800.0
1775575800.0,653.260010,657.000000,652.570007,655.919983,7056077.000000,1775579400.0
1775579400.0,655.890015,656.880005,655.340027,655.820007,3161446.000000,1775583000.0
1775583000.0,655.830017,658.359985,655.570007,656.150024,4696504.000000,1775586600.0
1775586600.0,656.130005,658.169983,653.412170,656.659973,9777607.000000,1775590200.0
1775590200.0,656.650024,659.599976,655.890015,659.260010,11768017.000000,1775593800.0
1775655000.0,676.390015,677.080017,673.969971,674.130005,24535784.000000,1775658600.0
1775658600.0,674.130005,674.349976,671.460022,673.030029,11175952.000000,1775662200.0
1775662200.0,673.090027,675.674988,673.005005,675.020020,6915347.000000,1775665800.0
1775665800.0,675.030029,676.434998,674.770020,675.010010,5331894.000000,1775669400.0
1775669400.0,675.010071,676.604980,674.340027,674.880005,10193057.000000,1775673000.0
1775673000.0,674.900024,675.320007,672.780029,673.539978,12163131.000000,1775676600.0
1775676600.0,673.539978,676.049988,673.489990,675.880005,14811289.000000,1775680200.0
1775741400.0,674.840027,675.789917,673.929993,674.294983,10163311.000000,1775745000.0
1775745000.0,674.289978,676.549988,673.770020,675.929993,8389172.000000,1775748600.0
1775748600.0,675.919983,680.750000,675.729980,679.900024,9318282.000000,1775752200.0
1775752200.0,679.919983,681.015991,678.969971,680.290100,5844054.000000,1775755800.0
1775755800.0,680.299927,681.159973,678.580017,678.849976,5611614.000000,1775759400.0
1775759400.0,678.859985,680.239990,678.440002,679.919983,4999397.000000,1775763000.0
1775763000.0,679.909973,680.669983,679.830017,679.869995,6981221.000000,1775766600.0
1775827800.0,681.320007,681.929993,680.028015,681.520020,8575459.000000,1775831400.0
1775831400.0,681.539978,682.030029,680.419983,681.239990,4957079.000000,1775835000.0
1775835000.0,681.229980,681.450012,679.109985,679.520020,5196622.000000,1775838600.0
1775838600.0,679.520020,679.710022,678.500000,678.670105,3541906.000000,1775842200.0
1775842200.0,678.650024,679.700012,678.450012,679.400024,3537143.000000,1775845800.0
1775845800.0,679.414978,679.989990,678.869995,679.640076,4555722.000000,1775849400.0
1775849400.0,679.650024,679.650024,678.659973,679.340027,6623264.000000,1775853000.0
1776087000.0,677.409973,680.020020,676.580017,679.568787,10735839.000000,1776090600.0
1776090600.0,679.570007,680.659973,679.309998,679.510010,4289558.000000,1776094200.0
1776094200.0,679.530029,681.619995,679.015015,681.390015,3779252.000000,1776097800.0
1776097800.0,681.380005,682.830017,680.700012,682.479980,5670548.000000,1776101400.0
1776101400.0,682.489990,682.700012,681.869995,682.375000,3428545.000000,1776105000.0
1776105000.0,682.369995,683.840027,682.270020,683.804993,5019951.000000,1776108600.0
1776108600.0,683.799988,686.299988,683.659973,686.010010,11623331.000000,1776112200.0
1776173400.0,687.690002,691.049988,687.659973,690.979980,12938663.000000,1776177000.0
1776177000.0,690.989990,692.469971,690.609985,692.250000,7755017.000000,1776180600.0
1776180600.0,692.250000,693.719971,692.239990,693.594971,7040757.000000,1776184200.0
1776184200.0,693.590027,694.059998,692.830017,693.739990,6253879.000000,1776187800.0
1776187800.0,693.739990,694.099976,692.130005,692.599976,7021335.000000,1776191400.0
1776191400.0,692.599976,694.269897,692.320007,694.239990,6928111.000000,1776195000.0
1776195000.0,694.229980,694.580017,693.409973,694.395020,6538533.000000,1776198600.0
1776259800.0,695.260010,696.940002,694.200012,696.919983,10267598.000000,1776263400.0
1776263400.0,696.919983,697.559998,695.929993,697.369995,7405563.000000,1776267000.0
1776267000.0,697.369995,697.799988,696.799988,697.359924,5371261.000000,1776270600.0
1776270600.0,697.359985,697.619995,695.700012,697.419983,5207902.000000,1776274200.0
1776274200.0,697.419983,698.650024,697.190002,698.500000,5867040.000000,1776277800.0
1776277800.0,698.489990,700.030029,698.479980,700.000000,8407944.000000,1776281400.0
1776281400.0,699.994995,700.280029,699.260010,699.840027,8213240.000000,1776285000.0
1776346200.0,700.859985,701.140015,698.530029,699.140015,9928184.000000,1776349800.0
1776349800.0,699.149902,702.030029,698.869995,700.780029,6196195.000000,1776353400.0
1776353400.0,700.770020,702.780029,700.659973,702.010010,5434817.000000,1776357000.0
1776357000.0,702.015015,702.069885,699.830017,700.700012,7356865.000000,1776360600.0
1776360600.0,700.719971,701.530029,699.473694,699.789978,4006740.000000,1776364200.0
1776364200.0,699.799988,701.195007,699.775024,700.910095,4238107.000000,1776367800.0
1776367800.0,700.909973,701.940002,700.830017,701.549988,6272569.000000,1776371400.0
1776432600.0,706.140015,709.460022,705.760010,709.224976,15058646.000000,1776436200.0
1776436200.0,709.239990,711.335022,709.229980,710.619995,9776320.000000,1776439800.0
1776439800.0,710.630005,711.640015,710.419312,711.510010,11165135.000000,1776443400.0
1776443400.0,711.515015,712.390015,709.030029,709.880005,6981774.000000,1776447000.0
1776447000.0,709.880005,710.700012,709.140015,709.809998,6282793.000000,1776450600.0
1776450600.0,709.809998,710.390015,708.989990,709.260010,5720487.000000,1776454200.0
1776454200.0,709.270020,710.400024,709.260010,710.049988,7560000.000000,1776457800.0
1776691800.0,708.780029,709.909973,708.229980,708.950012,8835720.000000,1776695400.0
1776695400.0,708.929993,709.000000,706.140015,708.330017,7945202.000000,1776699000.0
1776699000.0,708.309998,708.309998,707.020020,707.650024,3081050.000000,1776702600.0
1776702600.0,707.659973,708.390015,707.260010,707.979980,3286946.000000,1776706200.0
1776706200.0,707.988220,708.609985,707.481018,708.320007,3162016.000000,1776709800.0
1776709800.0,708.320007,708.609985,707.859985,708.020020,4138072.000000,1776713400.0
1776713400.0,708.020020,708.799988,707.599976,708.690002,7039976.000000,1776717000.0
1776778200.0,709.549988,711.275024,708.750000,710.570007,7105727.000000,1776781800.0
1776781800.0,710.559998,710.780029,706.150024,706.690002,7342275.000000,1776785400.0
1776785400.0,706.659973,707.885010,706.039978,706.359985,4336562.000000,1776789000.0
1776789000.0,706.331421,707.140015,703.840027,704.690002,6331182.000000,1776792600.0
1776792600.0,704.679993,707.409973,704.640015,705.098999,6881048.000000,1776796200.0
1776796200.0,705.094971,707.780029,705.020325,707.724976,6468209.000000,1776799800.0
1776799800.0,707.719971,707.869995,702.640015,704.140015,12123097.000000,1776803400.0
1776864600.0,709.150024,710.700012,708.219971,710.520020,8006905.000000,1776868200.0
1776868200.0,710.510010,710.650024,709.290100,710.200012,4452727.000000,1776871800.0
1776871800.0,710.190002,710.440002,709.080017,709.155029,3253829.000000,1776875400.0
1776875400.0,709.150024,710.419983,708.799988,710.039978,3451202.000000,1776879000.0
1776879000.0,710.049988,710.419983,709.200012,709.450012,3567461.000000,1776882600.0
1776882600.0,709.460022,710.580017,709.190002,710.450012,4604734.000000,1776886200.0
1776886200.0,710.455017,711.450012,710.130005,711.210022,6989198.000000,1776889800.0
1776951000.0,709.500000,711.284973,709.130005,710.530029,8865824.000000,1776954600.0
1776954600.0,710.510010,712.280029,710.400024,711.989990,4277457.000000,1776958200.0
1776958200.0,711.989990,712.359802,710.304993,710.729980,3884471.000000,1776961800.0
1776961800.0,710.748901,711.270020,705.880005,706.049988,8053760.000000,1776965400.0
1776965400.0,706.040588,708.590027,702.280273,708.510071,14427074.000000,1776969000.0
1776969000.0,708.510010,709.479980,706.739990,708.405029,5210950.000000,1776972600.0
1776972600.0,708.419983,708.909973,706.469971,708.440002,6291893.000000,1776976200.0
1777037400.0,710.750000,711.159973,709.010010,709.859985,9143812.000000,1777041000.0
1777041000.0,709.890015,712.150024,709.450012,711.849976,5226833.000000,1777044600.0
1777044600.0,711.869995,714.140015,711.539978,713.301208,5867584.000000,1777048200.0
1777048200.0,713.320984,713.891296,712.719971,713.020020,3705121.000000,1777051800.0
1777051800.0,713.000000,714.460022,712.729980,713.020020,3968273.000000,1777055400.0
1777055400.0,713.030029,714.469971,713.000000,713.739990,3926316.000000,1777059000.0
1777059000.0,713.750000,714.429993,713.440002,713.979980,7238972.000000,1777062600.0
1777296600.0,713.169983,714.409302,712.599976,713.445007,7962185.000000,1777300200.0
1777300200.0,713.459229,714.450012,712.294983,713.000000,3815390.000000,1777303800.0
1777303800.0,712.989990,714.119995,712.760010,713.859985,2819606.000000,1777307400.0
1777307400.0,713.869995,714.755005,713.859985,714.599976,3364308.000000,1777311000.0
1777311000.0,714.599976,715.239990,714.580017,715.099976,3255714.000000,1777314600.0
1777314600.0,715.090027,715.219971,714.710022,715.140015,2918625.000000,1777318200.0
1777318200.0,715.130005,715.630005,714.880005,715.159973,5875867.000000,1777321800.0
1777383000.0,711.815002,712.880005,710.789978,711.250000,9095112.000000,1777386600.0
1777386600.0,711.260010,711.580017,709.250000,709.900024,5121982.000000,1777390200.0
1777390200.0,709.905029,710.590027,709.380005,710.320007,2911373.000000,1777393800.0
1777393800.0,710.320129,710.440002,709.359985,710.119995,2694169.000000,1777397400.0
1777397400.0,710.119995,711.650024,710.114990,711.349976,4779246.000000,1777401000.0
1777401000.0,711.359985,712.190002,710.830017,711.590027,3513295.000000,1777404600.0
1777404600.0,711.590027,711.989990,711.200012,711.679993,8209178.000000,1777408200.0
1777469400.0,711.000000,711.650024,709.659973,711.479980,6719706.000000,1777473000.0
1777473000.0,711.479980,712.109985,710.104980,710.867004,3524212.000000,1777476600.0
1777476600.0,710.880005,711.099976,709.219971,709.750000,3710077.000000,1777480200.0
1777480200.0,709.744995,710.190002,708.909973,709.909973,3450053.000000,1777483800.0
1777483800.0,709.919983,710.739990,708.460022,709.219971,4645427.000000,1777487400.0
1777487400.0,709.229980,711.500000,708.369995,710.869995,5559520.000000,1777491000.0
1777491000.0,710.859985,711.619995,710.080017,711.580017,6668850.000000,1777494600.0
1777555800.0,714.630005,714.729980,710.445007,712.010010,11913605.000000,1777559400.0
1777559400.0,712.010010,714.590027,711.179993,714.429993,5945326.000000,1777563000.0
1777563000.0,714.409973,715.390015,713.469971,715.179993,3889701.000000,1777566600.0
1777566600.0,715.179993,715.890015,713.900024,715.809998,3036045.000000,1777570200.0
1777570200.0,715.820007,718.109985,715.820007,717.880005,5140135.000000,1777573800.0
1777573800.0,718.099976,719.429993,717.869995,719.119995,9397872.000000,1777577400.0
1777577400.0,719.109985,719.789978,718.349976,718.390015,14690801.000000,1777581000.0
1777642200.0,721.250000,724.869995,720.739990,724.258789,8946599.000000,1777645800.0
1777645800.0,724.270020,724.270020,722.039978,723.289978,4763258.000000,1777649400.0
1777649400.0,723.340027,724.380005,721.869995,722.140015,5460013.000000,1777653000.0
1777653000.0,722.120117,722.979980,721.489990,722.979980,3849822.000000,1777656600.0
1777656600.0,722.960022,723.219971,721.500000,722.179993,3544604.000000,1777660200.0
1777660200.0,722.140015,722.590027,720.780029,722.419983,4367001.000000,1777663800.0
1777663800.0,722.429993,722.500000,720.469971,720.669983,5673742.000000,1777667400.0
1777901400.0,719.719971,721.718994,719.250000,721.239990,8887426.000000,1777905000.0
1777905000.0,721.219971,722.119995,717.450012,718.440002,8566235.000000,1777908600.0
1777908600.0,718.450012,718.739990,715.000000,717.000000,9000465.000000,1777912200.0
1777912200.0,716.989990,718.640015,716.299988,718.570007,3799740.000000,1777915800.0
1777915800.0,718.559998,718.994995,717.169983,717.760010,3700911.000000,1777919400.0
1777919400.0,717.760010,718.219971,716.830017,717.739990,5888031.000000,1777923000.0
1777923000.0,717.750000,718.260010,717.349976,718.070007,7103245.000000,1777926600.0
1777987800.0,721.770020,723.669983,721.494995,723.289978,8255148.000000,1777991400.0
1777991400.0,723.297974,723.650024,722.380005,723.479980,4765199.000000,1777995000.0
1777995000.0,723.479980,723.869995,722.909973,723.580017,2317269.000000,1777998600.0
1777998600.0,723.559998,723.859985,723.119995,723.854980,2082805.000000,1778002200.0
1778002200.0,723.859985,724.700012,723.719971,724.474976,2991133.000000,1778005800.0
1778005800.0,724.474976,725.039978,724.099976,724.719971,3368327.000000,1778009400.0
1778009400.0,724.719971,724.869995,723.270020,723.739990,6966437.000000,1778013000.0
1778074200.0,728.159973,730.679993,727.820007,730.020020,9452082.000000,1778077800.0
1778077800.0,730.039978,732.559998,730.010010,732.059998,5578291.000000,1778081400.0
1778081400.0,732.054993,732.141479,730.940002,731.770020,3343304.000000,1778085000.0
1778085000.0,731.770081,731.840027,730.528870,731.679993,2929425.000000,1778088600.0
1778088600.0,731.679993,733.179993,731.544983,733.044983,3719450.000000,1778092200.0
1778092200.0,733.039978,733.989990,732.719971,733.859985,8118340.000000,1778095800.0
1778095800.0,733.849976,734.590027,733.549988,733.770020,9450549.000000,1778099400.0
1778160600.0,735.049988,735.119995,733.549988,734.549988,7732691.000000,1778164200.0
1778164200.0,734.630005,736.130005,734.299988,734.908813,6731542.000000,1778167800.0
1778167800.0,734.909973,735.619995,731.729980,733.364990,6027202.000000,1778171400.0
1778171400.0,733.359985,733.820007,729.760010,730.625000,5346205.000000,1778175000.0
1778175000.0,730.630005,732.200012,730.150024,731.289978,5155011.000000,1778178600.0
1778178600.0,731.289978,731.940002,729.750000,730.500000,5360993.000000,1778182200.0
1778182200.0,730.500000,731.900024,730.400024,731.559998,7366651.000000,1778185800.0
1778247000.0,734.929993,737.549805,734.580017,736.799988,8523810.000000,1778250600.0
1778250600.0,736.819885,737.450012,736.049072,736.909973,4231288.000000,1778254200.0
1778254200.0,736.890015,737.750000,736.309998,737.549988,4070549.000000,1778257800.0
1778257800.0,737.559998,737.830017,736.809998,737.690002,4316548.000000,1778261400.0
1778261400.0,737.679993,738.080017,737.070007,737.729980,3669810.000000,1778265000.0
1778265000.0,737.729980,737.950012,736.104980,736.640015,5369253.000000,1778268600.0
1778268600.0,736.640015,737.590027,736.520020,737.530029,9587509.000000,1778272200.0
1778506200.0,736.450012,739.590027,736.450012,738.467407,8311324.000000,1778509800.0
1778509800.0,738.460022,740.107300,737.590027,740.070679,5916531.000000,1778513400.0
1778513400.0,740.075012,740.439209,739.669983,740.335022,3950528.000000,1778517000.0
1778517000.0,740.320007,740.429993,738.840027,739.809998,4659912.000000,1778520600.0
1778520600.0,739.789978,740.789978,739.780029,740.340027,4230292.000000,1778524200.0
1778524200.0,740.340027,740.349976,738.159973,738.489990,6104298.000000,1778527800.0
1778527800.0,738.484985,739.210022,738.130005,739.200012,6297987.000000,1778531400.0
1778592600.0,736.890015,737.219971,734.570007,734.919983,8151275.000000,1778596200.0
1778596200.0,734.299988,735.190002,731.840027,732.320007,7755683.000000,1778599800.0
1778599800.0,732.340027,733.729980,732.109985,732.739990,5303685.000000,1778603400.0
1778603400.0,732.729980,735.010010,731.830017,734.349976,5773385.000000,1778607000.0
1778607000.0,734.440002,736.479980,734.130005,736.184998,5685811.000000,1778610600.0
1778610600.0,736.190002,737.419983,735.770020,737.080017,4642846.000000,1778614200.0
1778614200.0,737.080017,738.840027,737.070007,738.200012,8122982.000000,1778617800.0
1778679000.0,738.469971,738.750000,735.469971,738.304993,7457160.000000,1778682600.0
1778682600.0,738.299988,739.380005,737.770020,739.289978,4636052.000000,1778686200.0
1778686200.0,739.270020,741.979980,738.940002,741.724976,4231974.000000,1778689800.0
1778689800.0,741.729980,742.895020,741.369995,742.619995,3988610.000000,1778693400.0
1778693400.0,742.619995,743.909973,742.091003,743.530029,3508934.000000,1778697000.0
1778697000.0,743.539978,743.710022,742.549988,743.489990,4994471.000000,1778700600.0
1778700600.0,743.489990,743.609985,742.219971,742.304993,8682212.000000,1778704200.0
1778765400.0,743.650024,746.369995,743.559998,745.960022,7467056.000000,1778769000.0
1778769000.0,745.950012,748.809998,745.760010,748.510498,4420568.000000,1778772600.0
1778772600.0,748.510010,749.530029,747.849976,748.000000,4206931.000000,1778776200.0
1778776200.0,748.010010,748.340027,746.307007,746.909973,4812089.000000,1778779800.0
1778779800.0,746.919983,748.299988,746.650024,747.559998,5597829.000000,1778783400.0
1778783400.0,747.549988,748.690002,747.359985,748.085022,4493950.000000,1778787000.0
1778787000.0,748.080017,748.679993,747.780029,748.080017,6826597.000000,1778790600.0
1778851800.0,741.789978,742.679993,737.960022,741.130005,13207054.000000,1778855400.0
1778855400.0,741.150024,742.280029,740.140015,741.219971,5213246.000000,1778859000.0
1778859000.0,741.260010,741.950012,739.109985,741.309998,7998569.000000,1778862600.0
1778862600.0,741.320007,742.950012,740.265015,742.522827,2925798.000000,1778866200.0
1778866200.0,742.539978,743.460022,741.510010,741.710022,4383676.000000,1778869800.0
1778869800.0,741.719971,741.869995,740.059998,740.159973,6195185.000000,1778873400.0
1778873400.0,740.140015,740.820007,738.539978,739.080017,10738993.000000,1778877000.0
1779111000.0,739.830017,741.414978,737.559998,739.500000,8463842.000000,1779114600.0
1779114600.0,739.489990,739.840027,735.520020,735.619995,5901422.000000,1779118200.0
1779118200.0,735.619995,737.929993,734.469971,734.830017,3791456.000000,1779121800.0
1779121800.0,734.820007,737.419983,734.224976,737.359985,3841538.000000,1779125400.0
1779125400.0,737.349976,737.419983,733.710022,734.710022,4612177.000000,1779129000.0
1779129000.0,734.734985,738.020020,733.390015,735.520020,7900625.000000,1779132600.0
1779132600.0,735.530029,738.750000,735.280029,738.559998,6420788.000000,1779136200.0
1779197400.0,734.780029,736.299988,731.739990,732.419983,10927043.000000,1779201000.0
1779201000.0,732.419983,733.960022,731.530029,732.229980,5406052.000000,1779204600.0
1779204600.0,732.224976,734.739990,732.039978,734.489990,3793405.000000,1779208200.0
1779208200.0,734.494995,737.650024,734.348206,736.979980,5452140.000000,1779211800.0
1779211800.0,736.969971,737.570007,735.820007,735.880005,5546621.000000,1779215400.0
1779215400.0,735.890015,736.369995,733.900024,734.770020,5380138.000000,1779219000.0
1779219000.0,734.789978,735.010010,732.575012,733.789978,11357265.000000,1779222600.0
1779283800.0,735.710022,738.539978,733.890015,737.890015,9509663.000000,1779287400.0
1779287400.0,737.900024,741.869995,737.440002,739.294983,7312742.000000,1779291000.0
1779291000.0,739.294983,740.919983,738.549988,738.929993,3617964.000000,1779294600.0
1779294600.0,738.950012,740.349976,738.511230,740.155029,3744166.000000,1779298200.0
1779298200.0,740.159973,740.719971,739.299988,740.080017,3736704.000000,1779301800.0
1779301800.0,740.130005,740.960022,739.679993,740.820007,4012145.000000,1779305400.0
1779305400.0,740.830017,741.609985,740.549988,741.250000,6699649.000000,1779309000.0
1779370200.0,738.640015,740.614990,737.414673,738.505005,8507271.000000,1779373800.0
1779373800.0,738.500000,739.369995,737.030029,738.799988,4102790.000000,1779377400.0
1779377400.0,738.809998,739.960022,737.820007,738.799988,3279493.000000,1779381000.0
1779381000.0,738.809998,743.049988,738.090027,742.150024,5732492.000000,1779384600.0
1779384600.0,742.159973,744.869995,741.969971,743.340027,5607523.000000,1779388200.0
1779388200.0,743.349976,743.719971,740.080017,742.679993,5845897.000000,1779391800.0
1779391800.0,742.659973,743.159973,741.919983,742.750000,6120549.000000,1779395400.0
1779456600.0,746.239990,748.159973,744.479980,745.690002,7387453.000000,1779460200.0
1779460200.0,745.700012,747.880005,745.460022,747.880005,2817223.000000,1779463800.0
1779463800.0,747.890015,748.039978,746.849976,747.380005,2711868.000000,1779467400.0
1779467400.0,747.380005,748.770020,746.630005,748.734985,3141071.000000,1779471000.0
1779471000.0,748.780029,748.940002,746.830017,747.309998,4062455.000000,1779474600.0
1779474600.0,747.299988,747.469971,745.500000,745.580017,4164830.000000,1779478200.0
1779478200.0,745.575012,746.210022,744.955017,745.590027,6896388.000000,1779481800.0
1779802200.0,750.010010,751.869080,749.130981,751.539978,7110809.000000,1779805800.0
1779805800.0,751.544983,752.130005,749.729980,749.849976,4771058.000000,1779809400.0
1779809400.0,749.849976,750.000000,748.369995,749.739990,5365721.000000,1779813000.0
1779813000.0,749.739990,750.030029,748.520020,748.650024,3364825.000000,1779816600.0
1779816600.0,748.650024,750.000000,748.500000,749.655029,3738968.000000,1779820200.0
1779820200.0,749.640015,750.000000,748.849976,749.510010,4750425.000000,1779823800.0
1779823800.0,749.500000,750.869995,749.494995,750.469971,6870630.000000,1779827400.0
1779888600.0,750.880005,751.380005,749.229980,750.044983,9861834.000000,1779892200.0
1779892200.0,750.039978,751.020020,748.909973,749.525024,3621351.000000,1779895800.0
1779895800.0,749.539978,750.200012,748.369995,749.670105,4242523.000000,1779899400.0
1779899400.0,749.650024,750.614990,748.219971,749.159973,3314126.000000,1779903000.0
1779903000.0,749.159973,750.809998,749.145020,750.719971,3124839.000000,1779906600.0
1779906600.0,750.710022,751.130005,750.309998,750.560120,3432745.000000,1779910200.0
1779910200.0,750.559998,750.880005,750.099976,750.469971,7409462.000000,1779913800.0
1779975000.0,750.250000,754.070007,749.229980,752.719971,9157032.000000,1779978600.0
1779978600.0,752.739990,754.140015,751.729980,753.940002,5081954.000000,1779982200.0
1779982200.0,753.950012,754.850098,753.690002,754.380005,2807963.000000,1779985800.0
1779985800.0,754.399902,754.869995,754.070007,754.265015,2434928.000000,1779989400.0
1779989400.0,754.270020,754.929993,754.099976,754.780029,4398507.000000,1779993000.0
1779993000.0,754.760010,754.780029,754.109985,754.760010,4777629.000000,1779996600.0
1779996600.0,754.760010,755.150024,754.450012,754.640015,6683809.000000,1780000200.0
1780061400.0,755.900024,758.080017,755.500000,756.599976,9997949.000000,1780065000.0
1780065000.0,756.599976,757.419983,754.690002,756.780029,7046757.000000,1780068600.0
1780068600.0,756.809998,757.465027,756.299988,756.750000,3106974.000000,1780072200.0
1780072200.0,756.760010,757.820007,756.219971,756.609985,3024110.000000,1780075800.0
1780075800.0,756.599976,756.679993,755.130005,756.289978,4179205.000000,1780079400.0
1780079400.0,756.289978,756.880005,755.359985,756.859985,5158451.000000,1780083000.0
1780083000.0,756.859985,757.630005,756.169983,756.400024,10239410.000000,1780086600.0
1780320600.0,755.359985,756.770020,754.690002,755.854980,9846467.000000,1780324200.0
1780324200.0,755.840027,756.405029,755.280029,756.159973,4485379.000000,1780327800.0
1780327800.0,756.140015,757.419983,755.870972,756.780029,4751368.000000,1780331400.0
1780331400.0,756.780029,758.549988,756.780029,758.510010,3945292.000000,1780335000.0
1780335000.0,758.539978,760.270020,757.729980,759.820496,5777300.000000,1780338600.0
1780338600.0,759.820007,759.869995,759.369995,759.679993,3333036.000000,1780342200.0
1780342200.0,759.669983,759.679199,758.039978,758.440002,6294748.000000,1780345800.0
1780407000.0,757.030029,758.469971,756.750000,757.734985,6399062.000000,1780410600.0
1780410600.0,757.739990,760.400024,757.719971,759.890015,4629833.000000,1780414200.0
1780414200.0,759.869995,760.039978,759.229980,759.349976,2292200.000000,1780417800.0
1780417800.0,759.359009,759.969971,758.924988,759.025024,2326195.000000,1780421400.0
1780421400.0,759.011230,759.349976,758.780029,758.956421,2590862.000000,1780425000.0
1780425000.0,758.955322,759.575012,758.625000,759.330017,4064345.000000,1780428600.0
1780428600.0,759.330017,759.690002,759.119995,759.469971,4631392.000000,1780432200.0
1780493400.0,758.150024,758.799988,754.739990,756.809998,8761155.000000,1780497000.0
1780497000.0,756.799988,757.010010,755.330017,756.119995,3495290.000000,1780500600.0
1780500600.0,756.125000,756.289978,753.880005,754.309998,3796249.000000,1780504200.0
1780504200.0,754.309998,755.179993,753.570007,754.632507,4522733.000000,1780507800.0
1780507800.0,754.632507,756.039978,754.200012,755.979980,4086294.000000,1780511400.0
1780511400.0,755.979980,756.049988,754.609985,754.830017,6175427.000000,1780515000.0
1780515000.0,754.830017,755.479980,753.900024,754.190002,11697075.000000,1780518600.0
1780579800.0,752.099976,754.289978,751.469971,754.020020,9226817.000000,1780583400.0
1780583400.0,754.020020,755.969971,753.380005,755.864990,6914754.000000,1780587000.0
1780587000.0,755.859985,756.669983,754.799988,756.500000,4126933.000000,1780590600.0
1780590600.0,756.520020,757.179993,756.049988,757.109985,3334279.000000,1780594200.0
1780594200.0,757.109985,757.929993,757.020020,757.809998,4265241.000000,1780597800.0
1780597800.0,757.799988,758.299988,757.500000,758.289978,5269760.000000,1780601400.0
1780601400.0,758.289978,758.309998,756.799988,757.049988,10503046.000000,1780605000.0
1780666200.0,752.309998,752.820007,748.224976,749.219971,12324478.000000,1780669800.0
1780669800.0,749.210022,750.739929,747.539978,748.148010,5219735.000000,1780673400.0
1780673400.0,748.109985,748.419983,744.619995,744.740112,7222216.000000,1780677000.0
1780677000.0,744.739990,744.809998,742.460022,744.030029,10431221.000000,1780680600.0
1780680600.0,744.020020,745.294983,740.500000,740.900024,10285858.000000,1780684200.0
1780684200.0,740.900024,741.140015,735.525024,738.450012,16033105.000000,1780687800.0
1780687800.0,738.450012,739.799988,736.960022,737.400024,14934583.000000,1780691400.0
1780925400.0,743.359985,744.510010,740.599976,742.479980,11167759.000000,1780929000.0
1780929000.0,742.440002,745.340027,741.969971,743.229980,5679999.000000,1780932600.0
1780932600.0,743.250000,744.349976,741.869995,742.140015,4298546.000000,1780936200.0
1780936200.0,742.159973,742.969971,740.080017,742.030029,4943512.000000,1780939800.0
1780939800.0,742.010010,742.390015,740.400024,741.960022,4297783.000000,1780943400.0
1780943400.0,741.969971,742.450012,738.190002,739.200012,5547239.000000,1780947000.0
1780947000.0,739.210022,740.179993,738.770020,739.309998,5881438.000000,1780950600.0
1781011800.0,743.630005,746.900024,739.419983,741.210022,11226356.000000,1781015400.0
1781015400.0,741.169983,741.710022,730.770020,731.000000,10019337.000000,1781019000.0
1781019000.0,731.000000,732.750000,725.299988,727.359985,12808370.000000,1781022600.0
1781022600.0,727.340027,731.280029,722.590027,730.760010,14021041.000000,1781026200.0
1781026200.0,730.780029,735.179993,730.210022,735.099976,7955274.000000,1781029800.0
1781029800.0,735.119995,737.690002,733.200012,734.599976,7763086.000000,1781033400.0
1781033400.0,734.580017,737.469971,732.530029,737.059998,10798149.000000,1781037000.0
1781098200.0,733.390015,738.380005,731.500000,737.250000,11650589.000000,1781101800.0
1781101800.0,737.219971,737.950012,729.510010,731.429993,6846653.000000,1781105400.0
1781105400.0,731.489990,732.770020,728.489990,730.679993,5780521.000000,1781109000.0
1781109000.0,730.679993,732.309998,728.669983,729.590027,3889305.000000,1781112600.0
1781112600.0,729.590027,731.770020,727.859985,729.549988,4778001.000000,1781116200.0
1781116200.0,729.575012,729.580078,725.479980,725.989990,8266393.000000,1781119800.0
1781119800.0,725.989990,727.890015,725.330017,725.429993,10533472.000000,1781123400.0
1781184600.0,728.760010,731.575012,726.349976,728.815002,13356726.000000,1781188200.0
1781188200.0,728.844971,730.070007,724.405029,727.179993,6811564.000000,1781191800.0
1781191800.0,727.179993,730.309998,726.729980,727.880005,5809538.000000,1781195400.0
1781195400.0,727.880005,732.679993,725.260010,732.520020,8766795.000000,1781199000.0
1781199000.0,732.539978,736.619995,732.224976,734.520020,13607043.000000,1781202600.0
1781202600.0,734.549988,738.239990,734.049988,737.919983,8609578.000000,1781206200.0
1781206200.0,737.929993,740.000000,737.320007,737.640015,16282891.000000,1781209800.0
1781271000.0,740.710022,741.114990,735.030029,739.590027,11180276.000000,1781274600.0
1781274600.0,739.590027,744.440002,737.169983,744.150024,6714507.000000,1781278200.0
1781278200.0,744.159973,744.190002,738.169983,740.609985,8575107.000000,1781281800.0
1781281800.0,740.619995,743.000000,740.260010,742.090027,3739079.000000,1781285400.0
1781285400.0,742.119995,742.239990,740.419983,741.260010,4506230.000000,1781289000.0
1781289000.0,741.250000,742.335022,740.950012,741.419983,5456681.000000,1781292600.0
1781292600.0,741.409973,742.000000,740.070007,741.659973,6401646.000000,1781296200.0
1781530200.0,751.849976,754.090027,751.760010,753.650024,9503307.000000,1781533800.0
1781533800.0,753.650024,755.229980,752.950012,755.140015,4760946.000000,1781537400.0
1781537400.0,755.119995,756.679993,754.500000,756.500000,4867047.000000,1781541000.0
1781541000.0,756.479980,756.619995,755.090027,756.130005,3993748.000000,1781544600.0
1781544600.0,756.119995,756.299988,754.650024,754.719971,3578888.000000,1781548200.0
1781548200.0,754.719971,755.469971,754.359985,754.369995,6693824.000000,1781551800.0
1781551800.0,754.369995,754.940002,753.400024,754.659973,11698649.000000,1781555400.0
1781616600.0,754.549988,755.440002,753.059998,753.059998,6980002.000000,1781620200.0
1781620200.0,753.065002,753.960022,752.270020,752.649902,5567027.000000,1781623800.0
1781623800.0,752.659973,753.969971,751.710022,753.359985,6496244.000000,1781627400.0
1781627400.0,753.349976,753.419983,751.890015,752.190002,4392504.000000,1781631000.0
1781631000.0,752.179993,752.679993,751.450012,752.135010,4079127.000000,1781634600.0
1781634600.0,752.140015,752.250000,750.080017,751.219971,6586043.000000,1781638200.0
1781638200.0,751.219971,751.320007,749.880005,750.349976,11860081.000000,1781641800.0
1781703000.0,751.289978,752.150024,749.609985,751.690002,8522283.000000,1781706600.0
1781706600.0,751.688782,751.729980,747.869995,750.000000,7106751.000000,1781710200.0
1781710200.0,750.010010,751.030029,749.760010,750.760010,3035787.000000,1781713800.0
1781713800.0,750.760010,750.861023,748.419983,749.659973,3810026.000000,1781717400.0
1781717400.0,749.659973,750.909973,743.466187,746.224976,10111770.000000,1781721000.0
1781721000.0,746.210022,750.340027,741.780029,742.059998,17837778.000000,1781724600.0
1781724600.0,742.059998,742.359985,739.229980,740.929993,19088162.000000,1781728200.0
1781789400.0,747.760010,748.200012,743.859985,745.369995,14763380.000000,1781793000.0
1781793000.0,745.330017,747.309998,744.429993,745.380005,4894836.000000,1781796600.0
1781796600.0,745.380005,746.880005,744.330994,746.650024,20896046.000000,1781800200.0
1781800200.0,746.650024,748.130005,746.210022,747.549988,5414417.000000,1781803800.0
1781803800.0,747.570007,747.960022,746.419983,746.500000,5209733.000000,1781807400.0
1781807400.0,746.510010,746.969971,745.200012,746.010010,5147450.000000,1781811000.0
1781811000.0,746.010010,748.229980,745.609985,746.590027,11540450.000000,1781814600.0
1782135000.0,747.700012,750.179993,746.440002,746.510010,7659258.000000,1782138600.0
1782138600.0,746.510010,746.609985,743.150024,744.390015,5574433.000000,1782142200.0
1782142200.0,744.380005,746.280029,743.590027,744.784973,4421455.000000,1782145800.0
1782145800.0,744.789978,745.309998,743.960022,744.700012,3058874.000000,1782149400.0
1782149400.0,744.729980,745.739990,743.979980,745.129883,4778323.000000,1782153000.0
1782153000.0,745.130005,745.530090,743.280090,743.405029,5919565.000000,1782156600.0
1782156600.0,743.405029,744.869995,743.130005,744.380005,9181588.000000,1782160200.0
1782221400.0,733.809998,739.630005,732.299988,738.900024,12468425.000000,1782225000.0
1782225000.0,738.900024,739.109985,734.260010,734.590027,5074499.000000,1782228600.0
1782228600.0,734.599976,737.669922,734.210022,737.380005,4503403.000000,1782232200.0
1782232200.0,737.380005,738.099976,736.510010,737.530029,3212828.000000,1782235800.0
1782235800.0,737.559998,738.030029,735.219971,735.400024,4109325.000000,1782239400.0
1782239400.0,735.390015,735.599976,733.320007,735.010010,10213893.000000,1782243000.0
1782243000.0,735.020020,735.559998,733.500000,733.669983,15864367.000000,1782246600.0
1782307800.0,735.169983,737.700012,734.109985,736.489990,9730442.000000,1782311400.0
1782311400.0,736.460022,739.945007,736.159973,739.640015,4994675.000000,1782315000.0
1782315000.0,739.630005,739.929993,737.809998,738.080017,2706556.000000,1782318600.0
1782318600.0,738.090027,738.099976,732.059998,732.159973,4762186.000000,1782322200.0
1782322200.0,732.159973,734.659973,731.280029,734.340027,6045603.000000,1782325800.0
1782325800.0,734.351990,734.570007,730.840027,731.979980,7264289.000000,1782329400.0
1782329400.0,731.969971,733.349976,730.929993,733.080017,8698107.000000,1782333000.0
1782394200.0,738.909973,739.369995,729.599976,735.474976,12864340.000000,1782397800.0
1782397800.0,735.440002,737.820007,731.849976,734.289978,6625052.000000,1782401400.0
1782401400.0,734.289978,736.270020,733.669983,734.190002,3730861.000000,1782405000.0
1782405000.0,734.224976,734.250000,731.500000,733.260010,3234443.000000,1782408600.0
1782408600.0,733.270020,736.059998,731.380005,735.840027,5410617.000000,1782412200.0
1782412200.0,735.830017,735.849976,731.869995,732.392395,5843823.000000,1782415800.0
1782415800.0,732.390015,733.380005,731.330017,733.270020,7748399.000000,1782419400.0
1782480600.0,728.945007,734.242493,726.859985,733.489990,9853564.000000,1782484200.0
1782484200.0,733.489990,734.669983,731.600525,734.669983,4997069.000000,1782487800.0
1782487800.0,734.669983,736.530029,732.739990,733.419983,5834572.000000,1782491400.0
1782491400.0,733.400024,735.859985,733.400024,734.719971,4887310.000000,1782495000.0
1782495000.0,734.719971,735.390015,732.739990,732.830017,4669134.000000,1782498600.0
1782498600.0,732.830017,733.669983,731.280029,732.190002,8225074.000000,1782502200.0
1782502200.0,732.200012,733.859985,716.580017,729.080017,11940112.000000,1782505800.0
1782739800.0,736.525024,739.895020,732.090027,736.070007,12165267.000000,1782743400.0
1782743400.0,736.080017,738.320007,735.880005,737.770020,5804066.000000,1782747000.0
1782747000.0,737.760010,739.130005,737.210022,738.330017,5679488.000000,1782750600.0
1782750600.0,738.340027,740.375000,737.969971,740.140015,3772300.000000,1782754200.0
1782754200.0,740.135010,740.820007,739.979980,740.215027,3753772.000000,1782757800.0
1782757800.0,740.215027,741.190002,740.150024,740.869995,6234009.000000,1782761400.0
1782761400.0,740.869995,741.559998,740.229980,740.849976,9675059.000000,1782765000.0
1782826200.0,741.289978,744.575012,740.890015,744.479980,10350814.000000,1782829800.0
1782829800.0,744.469971,745.380005,742.929993,745.260010,4226880.000000,1782833400.0
1782833400.0,745.275024,746.619995,744.794006,746.289978,3672181.000000,1782837000.0
1782837000.0,746.289978,747.140015,746.119995,746.489990,3158981.000000,1782840600.0
1782840600.0,746.510010,747.080017,746.150024,746.799988,3189009.000000,1782844200.0
1782844200.0,746.770020,748.020020,746.559998,747.419983,5917429.000000,1782847800.0
1782847800.0,747.429993,747.859985,746.369995,746.479980,12901546.000000,1782851400.0
1782912600.0,745.000000,747.020020,742.375000,746.820007,10203327.000000,1782916200.0
1782916200.0,746.820007,749.320007,745.690002,749.289978,6121590.000000,1782919800.0
1782919800.0,749.280029,749.434998,748.340027,748.970093,3165300.000000,1782923400.0
1782923400.0,748.979980,749.210022,747.039978,747.929993,3257489.000000,1782927000.0
1782927000.0,747.940002,748.179993,746.710022,747.140015,2875250.000000,1782930600.0
1782930600.0,747.130005,747.690002,746.450012,746.940002,4148716.000000,1782934200.0
1782934200.0,746.940002,747.309998,745.159973,745.700012,8202050.000000,1782937800.0
1782999000.0,747.400024,751.309998,747.099976,747.940002,8848490.000000,1783002600.0
1783002600.0,747.950012,749.380005,744.200012,744.909973,6196242.000000,1783006200.0
1783006200.0,744.880005,746.710022,743.369995,743.539978,3966804.000000,1783009800.0
1783009800.0,743.559998,743.570007,740.369995,741.530029,6493451.000000,1783013400.0
1783013400.0,741.539978,742.900024,740.030029,742.719971,4147807.000000,1783017000.0
1783017000.0,742.710022,743.510010,741.270020,742.309998,4678564.000000,1783020600.0
1783020600.0,742.340027,745.580017,742.169983,744.840027,10800864.000000,1783024200.0
1783344600.0,748.739990,749.979980,747.409973,749.940002,9502673.000000,1783348200.0
1783348200.0,749.929993,750.809998,749.099976,750.760010,5007184.000000,1783351800.0
1783351800.0,750.780029,751.119995,750.349976,750.650024,3857791.000000,1783355400.0
1783355400.0,750.650024,751.530029,750.369995,750.700012,4006847.000000,1783359000.0
1783359000.0,750.700012,751.606384,749.630005,751.330017,3570667.000000,1783362600.0
1783362600.0,751.330017,752.409973,751.010010,752.289978,5760478.000000,1783366200.0
1783366200.0,752.280029,752.289978,750.770020,751.309998,10857183.000000,1783369800.0
1783431000.0,750.219971,750.960022,746.090027,746.700012,8890149.000000,1783434600.0
1783434600.0,746.679993,747.010010,745.210022,746.369019,5436793.000000,1783438200.0
1783438200.0,746.359985,748.989990,745.429993,748.770020,4078018.000000,1783441800.0
1783441800.0,748.765015,749.340027,748.239990,748.840027,3691978.000000,1783445400.0
1783445400.0,748.849976,749.299988,748.650024,748.989990,2974819.000000,1783449000.0
1783449000.0,749.000000,749.070007,746.000000,746.700012,6988089.000000,1783452600.0
1783452600.0,746.669983,747.969971,746.380005,747.700012,7041325.000000,1783456200.0
1783517400.0,743.159973,744.924988,742.640015,743.109985,10234656.000000,1783521000.0
1783521000.0,743.090027,743.690002,739.549988,739.940002,6071240.000000,1783524600.0
1783524600.0,739.960022,743.469971,739.510010,743.099976,4562954.000000,1783528200.0
1783528200.0,743.090027,745.780029,742.450012,745.719971,4222351.000000,1783531800.0
1783531800.0,745.729980,746.090027,743.950012,744.669983,3657543.000000,1783535400.0
1783535400.0,744.669983,745.724976,744.260010,745.190002,3204464.000000,1783539000.0
1783539000.0,745.200012,746.150024,744.409973,745.289978,5785310.000000,1783542600.0
1783603800.0,747.349976,749.229980,745.590027,747.879883,10117150.000000,1783607400.0
1783607400.0,747.859985,749.979980,747.099976,749.799988,3400546.000000,1783611000.0
1783611000.0,749.780029,750.820007,749.484985,750.640015,3846118.000000,1783614600.0
1783614600.0,750.640015,751.789978,750.239990,751.755005,3163238.000000,1783618200.0
1783618200.0,751.760010,751.969971,751.179993,751.450500,3195501.000000,1783621800.0
1783621800.0,751.450012,751.589478,750.660095,751.099976,4391438.000000,1783625400.0
1783625400.0,751.090027,751.669983,750.830017,751.650024,6207463.000000,1783629000.0
1783690200.0,752.049988,753.349976,751.799988,752.586182,5555228.000000,1783693800.0
1783693800.0,752.585876,753.419983,748.099976,753.250000,6378487.000000,1783697400.0
1783697400.0,753.250000,753.690002,751.380005,753.210022,3179216.000000,1783701000.0
1783701000.0,753.210022,754.140015,753.030029,754.010010,4675829.000000,1783704600.0
1783704600.0,754.020020,754.719971,753.875000,754.429993,3163801.000000,1783708200.0
1783708200.0,754.419983,755.179993,754.309998,754.960022,4724208.000000,1783711800.0
1783711800.0,754.960022,755.419983,754.570007,754.900024,7855821.000000,1783715400.0
1783949400.0,752.469971,753.910522,750.299988,753.090027,8606011.000000,1783953000.0
1783953000.0,753.090027,753.299988,751.000000,752.380005,3363761.000000,1783956600.0
1783956600.0,752.390015,752.525024,749.929993,750.289978,3266766.000000,1783960200.0
1783960200.0,750.270020,750.659973,748.929993,749.809998,4296059.000000,1783963800.0
1783963800.0,749.809998,750.260010,749.039978,749.239990,3602167.000000,1783967400.0
1783967400.0,749.239990,750.070007,748.169983,748.380005,6714464.000000,1783971000.0
1783971000.0,748.390015,749.609985,748.000000,749.099976,9398292.000000,1783974600.0
1784035800.0,750.909973,751.789978,748.659973,750.710022,8234196.000000,1784039400.0
1784039400.0,750.710022,753.309998,750.469971,752.659973,4855728.000000,1784043000.0
1784043000.0,752.640015,752.900024,750.000000,750.780029,3827217.000000,1784046600.0
1784046600.0,750.780029,752.609985,750.619995,752.299988,2404455.000000,1784050200.0
1784050200.0,752.320007,752.770020,751.760010,752.500000,2000351.000000,1784053800.0
1784053800.0,752.484985,752.599976,751.659973,752.150024,4908551.000000,1784057400.0
1784057400.0,752.159973,752.520020,751.710022,751.869995,5518752.000000,1784061000.0
1784122200.0,754.239990,755.580017,753.179993,754.619995,8400817.000000,1784125800.0
1784125800.0,754.640015,754.869995,752.200012,753.604980,4580268.000000,1784129400.0
1784129400.0,753.599976,753.840027,750.440002,750.830017,4030525.000000,1784133000.0
1784133000.0,750.809998,752.849976,750.200012,752.809998,4393950.000000,1784136600.0
1784136600.0,752.809998,754.840027,752.809998,754.635010,4361663.000000,1784140200.0
1784140200.0,754.635010,754.919983,753.049988,753.630005,4333663.000000,1784143800.0
1784143800.0,753.630005,754.799988,753.090027,754.729980,6612755.000000,1784147400.0
1784208600.0,752.760010,754.388000,750.669983,754.349976,7814635.000000,1784212200.0
1784212200.0,754.340027,754.570007,752.979980,753.800110,3992418.000000,1784215800.0
1784215800.0,753.820007,754.405029,751.450012,751.929993,3778459.000000,1784219400.0
1784219400.0,751.940002,752.969971,751.590027,752.705017,3553977.000000,1784223000.0
1784223000.0,752.710022,752.809998,750.460022,750.909973,4317091.000000,1784226600.0
1784226600.0,750.919983,750.929993,748.859985,749.099976,5428755.000000,1784230200.0
1784230200.0,749.080017,751.039978,747.880005,750.760010,11103382.000000,1784233800.0
1784295000.0,742.080017,747.289978,740.799988,746.335022,15570728.000000,1784298600.0
1784298600.0,746.340027,746.789978,743.960022,745.445007,5938755.000000,1784302200.0
1784302200.0,745.440002,747.099976,744.440125,745.940002,7361998.000000,1784305800.0
1784305800.0,745.950012,747.270020,745.539978,746.869995,4656864.000000,1784309400.0
1784309400.0,746.880005,746.989990,743.239990,743.710022,5091949.000000,1784313000.0
1784313000.0,743.690002,744.659973,742.130005,743.140015,5528895.000000,1784316600.0
1784316600.0,743.169983,744.400024,742.599976,743.155029,8770878.000000,1784320200.0
1784554200.0,747.059998,748.729980,744.260010,745.679993,8300157.000000,1784557800.0
1784557800.0,745.690002,745.969971,743.690002,745.869995,4622877.000000,1784561400.0
1784561400.0,745.890015,747.005005,745.099976,746.500000,3747077.000000,1784565000.0
1784565000.0,746.489990,746.780029,743.559998,744.119995,4593274.000000,1784568600.0
1784568600.0,744.140015,745.380005,743.590027,744.469971,3862720.000000,1784572200.0
1784572200.0,744.469971,744.489990,741.510315,742.729980,6658814.000000,1784575800.0
1784575800.0,742.750000,743.340027,741.609985,742.140015,9175383.000000,1784579400.0
1784640600.0,745.750000,746.989990,744.179993,746.869995,6299761.000000,1784644200.0
1784644200.0,746.849976,748.010010,745.770020,748.000000,3471017.000000,1784647800.0
1784647800.0,747.979980,748.750000,747.409973,748.659973,2817933.000000,1784651400.0
1784651400.0,748.640015,749.039978,748.239990,748.359985,3080036.000000,1784655000.0
1784655000.0,748.359985,748.929993,748.065002,748.210022,2756608.000000,1784658600.0
1784658600.0,748.219971,748.640015,747.940002,748.260010,2883218.000000,1784662200.0
1784662200.0,748.250000,748.700012,748.090027,748.330017,5062511.000000,1784665800.0
1784727000.0,746.619995,749.380005,746.369995,747.299988,5913859.000000,1784730600.0
1784730600.0,747.289978,749.679993,746.679993,749.409973,3701126.000000,1784734200.0
1784734200.0,749.419983,750.020020,748.750671,749.849976,2425275.000000,1784737800.0
1784737800.0,749.860107,750.004822,748.950012,749.044495,3201542.000000,1784741400.0
1784741400.0,749.049988,749.409973,748.010010,748.489990,3025282.000000,1784745000.0
1784745000.0,748.489990,748.599976,747.650024,748.000000,2827611.000000,1784748600.0
1784748600.0,747.989990,748.299988,747.294983,747.330017,6408959.000000,1784752200.0
1784813400.0,739.020020,742.559998,738.469971,739.799988,11117515.000000,1784817000.0
1784817000.0,739.739990,740.640015,735.809998,735.929871,7756709.000000,1784820600.0
1784820600.0,735.469971,739.659973,735.210022,739.450012,6386734.000000,1784824200.0
1784824200.0,739.450012,739.719971,737.750000,738.750000,5211824.000000,1784827800.0
1784827800.0,738.739990,738.799988,736.800110,737.419983,3159603.000000,1784831400.0
1784831400.0,737.414978,737.900024,736.469971,737.479980,4477324.000000,1784835000.0
1784835000.0,737.609985,738.640015,735.719971,738.169983,11577395.000000,1784838600.0
1784899800.0,738.510010,739.950012,737.333008,739.179993,7995566.000000,1784903400.0
1784903400.0,739.190002,743.130005,737.429993,742.609985,6333285.000000,1784907000.0
1784907000.0,742.599976,743.719971,742.000000,743.190002,3809137.000000,1784910600.0
1784910600.0,743.169983,743.190002,740.230103,741.710022,3254557.000000,1784914200.0
1784914200.0,741.750000,742.169189,739.000000,739.034973,3260407.000000,1784917800.0
1784917800.0,739.049988,739.159973,737.289978,737.650024,7421103.000000,1784921400.0
1784921400.0,737.719971,739.099976,737.640015,738.859985,8647909.000000,1784925000.0
1785159000.0,744.909973,745.530029,738.200012,738.315002,9238383.000000,1785162600.0
1785162600.0,738.330017,740.309998,736.539978,738.289978,6741479.000000,1785166200.0
1785166200.0,738.270020,739.679993,736.335022,738.719971,3758801.000000,1785169800.0
1785169800.0,738.719971,739.349976,735.869995,736.200012,2630087.000000,1785173400.0
1785173400.0,736.219971,737.969971,736.179993,737.619995,2354986.000000,1785177000.0
1785177000.0,737.299988,739.770020,736.619995,739.650024,4217296.000000,1785180600.0
1785180600.0,739.650024,739.849976,738.500000,739.020020,8369856.000000,1785184200.0
1785245400.0,738.830017,739.479980,735.979980,737.700012,0.000000,1785249000.0
1785249000.0,737.719971,741.900024,737.150024,741.200012,16748113.000000,1785252600.0
1785252600.0,741.169983,742.450012,740.991028,741.210022,3277020.000000,1785256200.0
1785256200.0,741.229980,742.790100,740.919983,741.309998,3094566.000000,1785259800.0
1785259800.0,741.299988,741.919983,740.419983,740.590027,2867599.000000,1785263400.0
1785263400.0,740.590027,741.960022,740.500000,741.700012,5296727.000000,1785267000.0
1785267000.0,741.710022,741.729980,740.429993,740.760010,8721330.000000,1785270600.0
1785331800.0,739.969971,740.390015,734.260010,734.919983,8965662.000000,1785335400.0
1785335400.0,734.909973,735.840027,733.789978,734.440308,4396283.000000,1785339000.0
1785339000.0,734.419983,734.989990,731.729980,733.849976,4102128.000000,1785342600.0
1785342600.0,733.840027,737.239990,732.880005,735.729980,4397152.000000,1785346200.0
1785346200.0,735.750000,739.549988,735.270020,737.309998,6285325.000000,1785349800.0
1785349800.0,737.359985,742.679993,734.280579,735.150024,10605425.000000,1785353400.0
1785353400.0,735.210022,735.739990,729.099976,729.539978,19745974.000000,1785357000.0
1785418200.0,736.049988,739.299988,734.630005,738.579773,13463030.000000,1785421800.0
1785421800.0,738.659973,739.109985,734.590027,734.799988,8040164.000000,1785425400.0
1785425400.0,734.840027,739.219971,734.679993,738.760010,5859727.000000,1785429000.0
1785429000.0,738.770020,740.239990,737.755005,739.760010,4078961.000000,1785432600.0
1785432600.0,739.765015,740.440002,739.190002,740.380005,4210045.000000,1785436200.0
1785436200.0,740.400024,742.450012,740.030029,741.780029,5744626.000000,1785439800.0
1785439800.0,741.770020,742.099976,741.000000,741.729980,12583754.000000,1785443400.0
1785504600.0,744.679993,746.301025,737.679993,740.489990,13848594.000000,1785508200.0
1785508200.0,740.479980,743.099976,740.090027,740.299988,5629468.000000,1785511800.0
1785511800.0,740.260010,744.429993,739.809998,744.419983,4585483.000000,1785515400.0
1785515400.0,744.429993,746.400024,743.989990,746.289978,4072671.000000,1785519000.0
1785519000.0,746.299988,746.500000,745.190002,746.010010,5316223.000000,1785522600.0
1785522600.0,746.219971,747.919983,745.669983,747.489990,7842744.000000,1785526200.0
1785526200.0,747.489990,748.895020,746.340027,746.809998,10315583.000000,1785529800.0
1785763800.0,749.440002,754.780029,749.099976,754.500000,12174130.000000,1785767400.0
1785767400.0,754.500000,755.700012,754.309998,755.109985,7536912.000000,1785771000.0
1785771000.0,755.119995,756.599976,755.075012,756.570007,6550543.000000,1785774600.0
1785774600.0,756.570007,757.155029,755.979980,757.085022,4930786.000000,1785778200.0
1785778200.0,757.083984,758.330017,757.010010,757.570007,6903025.000000,1785781800.0
1785781800.0,757.580017,758.580017,757.340027,758.340027,5423773.000000,1785785400.0
1785785400.0,758.349976,758.510010,757.440002,757.669983,8420290.000000,1785789000.0
1785850200.0,760.630005,765.382812,760.520020,764.489990,10893632.000000,1785853800.0
1785853800.0,764.489990,767.869995,764.099976,767.349976,7753002.000000,1785857400.0
1785857400.0,767.340027,769.340027,767.159973,769.239990,7527408.000000,1785861000.0
1785861000.0,769.219971,771.604980,769.000000,771.280029,6792011.000000,1785864600.0
1785864600.0,771.289978,773.085022,770.965027,772.369995,7058587.000000,1785868200.0
1785868200.0,772.379883,773.119995,771.409973,772.320007,7605202.000000,1785871800.0
1785871800.0,772.309998,773.409973,770.960022,771.280029,11014737.000000,1785875400.0
1785936600.0,775.849976,776.849976,774.390015,774.780884,10088617.000000,1785940200.0
1785940200.0,774.770020,775.020081,771.000000,771.710022,6645150.000000,1785943800.0
1785943800.0,771.700012,772.520020,769.909973,772.099976,5430021.000000,1785947400.0
1785947400.0,772.090027,772.219971,771.010010,771.340027,3694109.000000,1785951000.0
1785951000.0,771.330017,772.250000,771.070007,771.940002,3195580.000000,1785954600.0
1785954600.0,771.520020,771.989014,771.200012,771.799927,4321976.000000,1785958200.0
1785958200.0,771.780029,771.890015,769.510010,769.739990,5981520.000000,1785961800.0
1786023000.0,770.210022,771.820007,769.057617,770.450012,5639187.000000,1786026600.0
1786026600.0,770.450012,771.210022,768.619995,769.239990,4867442.000000,1786030200.0
1786030200.0,769.239990,769.780029,767.460022,768.260010,5594627.000000,1786033800.0
1786033800.0,768.270020,769.179993,767.809998,767.830017,2870057.000000,1786037400.0
1786037400.0,767.830017,769.729980,767.719971,769.429993,3787464.000000,1786041000.0
1786041000.0,769.299988,769.789978,768.515015,768.659973,3870359.000000,1786044600.0
1786044600.0,768.650024,769.000000,767.700012,768.530029,6407328.000000,1786048200.0
1786109400.0,771.020020,773.289978,769.619995,773.190002,8172482.000000,1786113000.0
1786113000.0,773.159973,773.890015,771.710022,773.650024,4737507.000000,1786116600.0
1786116600.0,773.659973,773.914978,771.333984,771.724976,3896661.000000,1786120200.0
1786120200.0,771.734985,772.859985,771.061523,772.090027,4035384.000000,1786123800.0
1786123800.0,772.109985,772.460022,771.450012,771.479980,2849368.000000,1786127400.0
1786127400.0,771.474976,773.450012,770.890015,773.075012,4911310.000000,1786131000.0
1786131000.0,773.080017,773.830017,772.520020,773.119995,6476842.000000,1786134600.0
1786368600.0,772.619995,774.460022,772.500000,774.354980,7385084.000000,1786372200.0
1786372200.0,774.469971,775.049988,773.309998,773.739990,5129386.000000,1786375800.0
1786375800.0,773.760010,774.434998,773.159973,773.369995,2918625.000000,1786379400.0
1786379400.0,773.330017,773.487976,771.619995,773.109497,3738808.000000,1786383000.0
1786383000.0,773.109985,773.260010,772.489990,772.530029,2938133.000000,1786386600.0
1786386600.0,772.520020,773.440002,772.320007,772.929993,4277589.000000,1786390200.0
1786390200.0,772.880005,773.289978,772.315002,773.070007,5564997.000000,1786393800.0
1786455000.0,774.530029,774.539978,772.580017,773.869995,5282688.000000,1786458600.0
1786458600.0,773.880005,774.034973,772.200012,772.401001,3830283.000000,1786462200.0
1786462200.0,772.409973,772.559998,771.380005,771.818970,4880946.000000,1786465800.0
1786465800.0,771.817505,772.010010,770.260010,770.849976,3393060.000000,1786469400.0
1786469400.0,770.849976,771.354980,769.200012,769.500000,2782360.000000,1786473000.0
1786473000.0,769.520020,770.690002,769.515015,770.630005,3974168.000000,1786476600.0
1786476600.0,770.690002,771.094971,769.789978,770.479980,5268913.000000,1786480200.0
1786541400.0,774.710022,774.900024,771.880005,772.794983,7495206.000000,1786545000.0
1786545000.0,772.789978,773.200012,771.289978,772.369995,3987082.000000,1786548600.0
1786548600.0,772.400024,772.669983,771.559998,772.450012,2831092.000000,1786552200.0
1786552200.0,772.450012,773.289978,772.179993,772.780029,2563103.000000,1786555800.0
1786555800.0,772.830017,773.309998,772.641418,773.090027,2417715.000000,1786559400.0
1786559400.0,773.090027,773.630005,772.799988,772.979980,3292306.000000,1786563000.0
1786563000.0,772.900024,773.020020,772.000000,772.520020,3814325.000000,1786566600.0
1786627800.0,774.869995,779.250000,774.119995,779.190002,6564966.000000,1786631400.0
1786631400.0,779.190002,779.369995,775.919983,776.169983,5091661.000000,1786635000.0
1786635000.0,776.179993,776.520020,775.380005,776.520020,3764610.000000,1786638600.0
1786638600.0,776.525024,777.479980,776.205017,777.109985,2006579.000000,1786642200.0
1786642200.0,777.099976,777.239990,776.619995,776.979980,2391787.000000,1786645800.0
1786645800.0,776.989990,778.429993,776.989990,778.030090,3430441.000000,1786649400.0
1786649400.0,778.030029,778.239990,777.349976,777.780029,7004942.000000,1786653000.0
1786714200.0,778.539978,778.799988,777.130005,777.409973,4960423.000000,1786717800.0
1786717800.0,777.400024,777.479980,775.859985,776.299988,3552973.000000,1786721400.0
1786721400.0,776.289978,776.820007,775.809998,776.710022,3796855.000000,1786725000.0
1786725000.0,776.700012,776.734985,775.630005,775.770020,2305780.000000,1786728600.0
1786728600.0,775.780029,776.330017,775.430115,775.924988,2784576.000000,1786732200.0
1786732200.0,775.929993,776.491882,775.820007,776.155029,3082814.000000,1786735800.0
1786735800.0,776.155029,776.419983,775.919983,776.299988,3780375.000000,1786739400.0
